OBJECTID,FBndID,Shape_Length,Shape_Area,opAcres,DirectCost,meanPIdx,OpportunityCost,bioYield,energyPot,CO2red,N2Ored,SUM_cropAcres,SUM_pctWScropAcres,MEAN_Nrate,MEAN_NO3conc,SUM_cpNO3load,SUM_cpNO3LoadReduced,SUM_cpWSNO3LoadPct,SUM_cpSEDload,SUM_cpSEDloadlbs,SUM_cpSEDLoadReduced,SUM_cpWSSEDLoadPct,TotalCost,DCredNO3,TCredNO3,DCredSED,TCredSED,MLRA,HUC12,radial
1,F070600060901_101,2137.768343,18605.03834,4.595444679,795.0119019,40,599.2459717,15.53260326,181.0605164,4.503535748,1.286724567,10.3313328,0.001168362,159.3362579,14.16419792,307,280,0.001533661,47.66392851,95328,45.28073311,0.000172835,1394.257813,2.839328289,4.979492188,17.55739975,30.79141426,105,070600060901,32
2,F070600060901_11,6595.563645,57431.68522,14.18562603,2454.113281,41,1896.050781,47.9474144,558.9136353,13.90191364,3.971975327,44.42568351,0.005024064,131.0013428,11.79872227,1102,1003,0.005493792,32.59554219,65191,30.96576552,0.000118195,4350.164063,2.446773052,4.337152481,79.25246429,140.483017,105,070600060901,32
3,F070600060901_12,1900.370503,16332.42136,4.034108162,697.9006958,32,420.8382263,13.63528538,158.9438629,3.953425884,1.129550338,17.03692055,0.001926691,131.0014496,11.7987299,422,384,0.002103306,60.47105598,120942,57.44750214,0.000219275,1118.738892,1.817449689,2.91338253,12.14849472,19.47410774,105,070600060901,32
4,F070600060901_13,2874.916046,24974.334,6.168660641,1067.178345,39,784.2834473,20.85007286,243.0452271,6.045287609,1.727224946,24.08245099,0.002723464,131.0007935,11.79868317,598,544,0.002979684,76.04601431,152092,72.24371529,0.000275751,1851.461792,1.961724877,3.403422356,14.77191925,25.62799835,105,070600060901,32
5,F070600060901_336,7161.545729,62599.95031,15.46218777,2674.958496,46,2318.709717,52.26219559,609.2102051,15.15294361,4.32941246,46.60464531,0.00527048,130.9986877,11.79853535,1156,1051,0.005756705,34.34382672,68688,32.6266362,0.000124534,4993.667969,2.545155525,4.751348972,81.98695374,153.0549469,105,070600060901,32
6,F070600060901_37,7610.401724,66709.6033,16.47727203,2850.568115,38,2041.204468,55.69318008,649.2045288,16.14772606,4.613636017,49.31730366,0.005577253,142.3322754,12.65258884,1312,1194,0.006539967,42.07613963,84153,39.97233188,0.000152573,4891.772461,2.387410402,4.096961975,71.31352997,122.3789597,105,070600060901,32
7,F070600060901_38,4241.73238,37471.56806,9.255476952,1601.19751,39,1176.741455,31.28351212,364.665802,9.070367813,2.591533661,21.94467163,0.002481705,139.5002747,12.428545,573,521,0.002853704,84.84662628,169693,80.60429382,0.000307663,2777.938965,3.073315859,5.331936359,19.86491585,34.46390915,105,070600060901,32
8,F070600060901_39,5036.51368,43910.91276,10.8459959,1876.3573,43,1520.391602,36.65946579,427.3322449,10.629076,3.036878824,32.30644512,0.003653509,151.4006958,13.42159176,913,832,0.004557163,135.5050926,271010,128.7298374,0.000491356,3396.749023,2.255237103,4.082631111,14.57593155,26.38664818,105,070600060901,32
9,F070600060901_53,1080.77835,9356.169586,2.310973883,399.7984924,73,549.9655762,7.8110919,91.05236816,2.264754295,0.647072673,7.088815808,0.000801668,131.0002136,11.79864216,176,160,0.000876378,10.81215012,21625,10.27154255,3.9206E-05,949.7640381,2.498740673,5.936025143,38.92292786,92.46556854,105,070600060901,32
10,F070600060901_54,2553.858536,22302.38563,5.508689404,953.0032959,30,538.7498169,18.61936951,217.0423584,5.398515701,1.542433023,14.60359262,0.001651508,131.0034943,11.7988739,362,330,0.001807529,42.73097038,85462,40.59442014,0.000154947,1491.753174,2.88788867,4.520463943,23.47621346,36.74773788,105,070600060901,32
11,F070600060901_56,3832.734819,33735.53456,8.332676888,1441.553101,35,950.7584229,28.16444778,328.3074646,8.166023254,2.333149433,21.95159379,0.002482487,159.3314972,14.16373158,654,595,0.003259029,92.44234552,184885,87.82022884,0.000335206,2392.311523,2.422778368,4.020691872,16.41481781,27.24100685,105,070600060901,32
12,F070600060901_57,3320.818558,29050.92246,7.175577641,1241.374878,35,818.7334595,24.2534523,282.7177734,7.032065868,2.009161711,17.67373514,0.001998708,159.3332062,14.16389847,527,480,0.002629133,56.20916939,112418,53.39871025,0.000203821,2060.108398,2.586197615,4.291892529,23.24728203,38.57974243,105,070600060901,32
13,F070600060901_58,2993.828349,26406.07966,6.522301674,1128.358154,39,829.2454224,22.04537964,256.9786987,6.391855717,1.826244473,21.77439031,0.002462448,159.3337555,14.16395283,648,590,0.003231642,91.29206443,182585,86.7274648,0.000331035,1957.603516,1.912471414,3.317971945,13.01039028,22.57189751,105,070600060901,32
14,F070600060901_61,5225.714989,45419.38164,11.21858692,1940.815552,34,1243.468262,37.91882324,442.0123291,10.99421501,3.141204357,31.11360101,0.003518611,159.3327332,14.16385269,927,844,0.004622891,126.2995538,252599,119.9845728,0.000457976,3184.283691,2.299544573,3.772847891,16.17554283,26.53911018,105,070600060901,32
15,F070600060901_718,5856.831306,51895.29919,12.81813908,2217.538086,40,1671.485352,43.32530975,505.034668,12.56177616,3.589078903,36.14287311,0.004087367,130.9987946,11.79854298,896,815,0.004464048,147.5083346,295017,140.1329248,0.000534881,3889.023438,2.720905542,4.771807671,15.82453251,27.75238991,105,070600060901,32
16,F070600060901_745,4626.519404,41515.17029,10.25424671,1773.984741,40,1337.153931,34.65935516,404.017334,10.04916191,2.871189117,23.09147835,0.002611396,139.498703,12.42842293,603,549,0.00300707,16.9777832,33956,16.12889481,6.15633E-05,3111.138672,3.231301785,5.666919231,109.9879913,192.8922424,105,070600060901,32
17,F070600060901_746,837.1504209,7128.303715,1.760691047,304.5995483,37,212.3745575,5.951135635,69.37122345,1.725477219,0.492993504,4.48932457,0.000507694,139.4930878,12.42798615,117,106,0.0005806,8.937083244,17874,8.490228653,3.24068E-05,516.9741211,2.873580694,4.877114296,35.87648392,60.89048386,105,070600060901,32
18,F070600060901_9,3599.332815,31600.50046,7.805323601,1350.320923,36,916.0327148,26.38199425,307.5297546,7.649217129,2.185490608,21.73189867,0.002457642,148.0012665,13.12380219,600,547,0.002996116,72.96162748,145924,69.31354856,0.000264567,2266.353516,2.468594074,4.143242359,19.48134232,32.69712067,105,070600060901,32
19,F070600061002_102,7467.092719,66425.42328,16.4070797,2838.424805,41,2192.970215,55.4559288,646.4389648,16.07893753,4.59398222,41.66393942,0.00471174,139.4986267,12.42841721,1088,989,0.005417109,180.8479474,361696,171.8055472,0.000655774,5031.39502,2.86999464,5.087356091,16.52114677,29.28540421,105,070600061002,32
20,F070600061002_111,4251.457612,37074.26428,9.157342911,1584.220337,60,1791.17627,30.95181847,360.7993164,8.974196434,2.56405592,25.73045389,0.002909836,131.0032959,11.7988596,639,582,0.003187823,98.60030454,197201,93.67028941,0.000357536,3375.396484,2.722028017,5.799650192,16.91273117,36.03486633,105,070600061002,32
21,F070600061002_112,3561.159005,31252.10139,7.719269276,1335.433594,42,1056.922241,26.0911293,304.1392212,7.564883709,2.161395311,24.40831539,0.002760316,131.0007629,11.79868126,605,550,0.003012548,18.01437967,36027,17.11366106,6.53221E-05,2392.355957,2.428061008,4.349738121,78.0331955,139.7921753,105,070600061002,32
22,F070600061002_113,3517.207165,30061.7275,7.425246716,1284.567627,52,1258.727783,25.09733391,292.554718,7.276741982,2.079069138,20.41630991,0.002308863,131.000946,11.79869461,507,463,0.002536017,83.91457461,167830,79.71884743,0.000304283,2543.29541,2.774444103,5.493078709,16.11372566,31.90331459,105,070600061002,32
23,F070600061002_117,2217.095702,19488.54673,4.813671112,832.7650757,39,612.0101318,16.27020836,189.6586456,4.71739769,1.347827911,13.4507409,0.001521133,130.9975433,11.79845428,333,303,0.00165964,37.99672427,75993,36.09688958,0.00013778,1444.775146,2.748399496,4.76823473,23.07027245,40.02492142,105,070600061002,32
24,F070600061002_118,3085.598931,27163.99323,6.709506512,1160.744629,55,1203.014526,22.6781311,264.3545532,6.575316429,1.878661871,24.17915374,0.0027344,131.0032806,11.79885864,600,547,0.002996116,54.64820552,109297,51.91579437,0.00019816,2363.759277,2.122019529,4.321314812,22.35821724,45.53063965,105,070600061002,32
25,F070600061002_120,3089.811079,27505.95401,6.793970585,1175.356934,35,775.1920166,22.96362114,267.6824341,6.658091068,1.902311802,17.01516533,0.001924231,130.9980621,11.79849052,422,384,0.002103306,63.5699234,127140,60.39142609,0.000230511,1950.54895,3.060825348,5.079554558,19.46231461,32.29844284,105,070600061002,32
26,F070600061002_170,4007.209472,34410.34401,8.499355316,1470.388428,49,1613.292969,28.72782135,334.8746033,8.329368591,2.379819393,29.29468804,0.003312912,131.0003967,11.79865551,727,661,0.003620535,51.90313306,103807,49.30797603,0.000188206,3083.681396,2.224490881,4.665175915,29.82049942,62.53919983,105,070600061002,32
27,F070600061002_172,3510.601546,30564.45192,7.549419403,1306.049561,33,812.1665649,25.51703835,297.447113,7.398430824,2.113837481,19.50184283,0.002205447,130.9999237,11.79862213,484,441,0.002415516,83.70475668,167410,79.5195176,0.000303523,2118.216064,2.961563587,4.803211212,16.42426491,26.63768768,105,070600061002,32
28,F070600061002_182,6938.704432,60402.66915,14.91945934,2581.066406,33,1605.0354,50.42777252,587.8267212,14.62106991,4.17744875,38.48533964,0.004352275,130.999649,11.79860306,954,868,0.004754348,34.64703894,69294,32.91468763,0.000125634,4186.101563,2.973578691,4.822697639,78.41685486,127.1803513,105,070600061002,32
29,F070600061002_262,1992.392133,17428.79773,4.304913044,744.749939,60,842.0410156,14.55060577,169.6135712,4.21881485,1.205375671,18.02821946,0.002038796,130.9982147,11.79850197,447,407,0.002229285,63.63160896,127263,60.45002842,0.000230735,1586.791016,1.829852462,3.898749352,12.3200922,26.24963188,105,070600061002,32
30,F070600061002_70,1529.190703,13194.96045,3.259155273,563.8338623,71,754.3641357,11.01594448,128.4107208,3.193972111,0.912563503,11.5099175,0.001301647,131.0001221,11.79863644,286,260,0.001424113,6.114006996,12228,5.808306694,2.21701E-05,1318.197998,2.168591738,5.069992065,97.07370758,226.9504852,105,070801030402,32
31,F070801010301_1,5669.625071,48863.04369,12.06917191,2087.966797,80,3147.640137,40.79380035,475.5253601,11.82778835,3.379368067,38.5896337,0.00436407,130.9988251,11.79854488,958,871,0.00477078,62.35935533,124719,59.24138832,0.000226122,5235.606934,2.397206545,6.01102972,35.2450676,88.3775177,108,070801010301,24
32,F070801010301_100,4174.674368,36025.98559,8.898418427,1539.426392,71,2059.62793,30.07665443,350.5976868,8.720450401,2.491557121,31.92889114,0.003610812,131.0016785,11.79874611,793,722,0.003954654,47.26084991,94521,44.89780742,0.000171373,3599.054199,2.132169485,4.984839439,34.28733826,80.161026,108,070801010301,24
33,F070801010301_108,2259.529451,19609.18673,4.843469143,837.920166,51,805.2752075,16.3709259,190.8326874,4.746599674,1.35617137,16.95685135,0.001917636,158.1997223,14.05360126,501,456,0.002497676,8.537154801,17075,8.110297013,3.09567E-05,1643.195313,1.837544203,3.603498459,103.3155975,202.6060638,108,070801010301,24
34,F070801010301_109,2365.469188,21104.07073,5.212705612,901.7980957,71,1206.532715,17.61894417,205.3806,5.108451366,1.459557533,16.51886165,0.001868104,158.202713,14.05389023,489,445,0.002437425,8.0671224,16134,7.663766444,2.92523E-05,2108.330811,2.026512623,4.737822056,117.6703491,275.1037292,108,070801010301,24
35,F070801010301_110,3762.535502,33358.84172,8.23963356,1425.456665,62,1665.394775,27.84996223,324.641571,8.074840546,2.307097435,22.00695419,0.002488748,158.1990662,14.05353832,650,592,0.003242597,9.815893173,19632,9.325098038,3.55935E-05,3090.851563,2.407866001,5.221033096,152.862381,331.4551392,108,070801010301,24
36,F070801010301_112,5247.199092,45214.12967,11.1678896,1932.044922,88,3203.844238,37.74746704,440.0148621,10.94453144,3.127009153,28.23600328,0.003193186,139.4995422,12.42848873,738,671,0.003675308,56.87337565,113747,54.02970791,0.000206229,5135.88916,2.879351616,7.654082298,35.75893784,95.0567627,108,070801010301,24
37,F070801010301_114,4036.237878,34303.31548,8.47291851,1465.814941,74,2044.006836,28.63846397,333.8329773,8.303460121,2.372417212,24.98005849,0.002824974,131.0016327,11.79874229,620,565,0.003094708,11.8687669,23738,11.27532846,4.30374E-05,3509.821777,2.594362736,6.212073803,130.0019684,311.2833252,108,070801010301,24
38,F070801010301_128,2572.241877,21695.39905,5.358763695,927.0661011,88,1537.322021,18.11262131,211.1352844,5.251588345,1.50045383,15.76208992,0.001782522,159.3331604,14.16389465,469,427,0.002338833,18.90294049,37805,17.95779365,6.85441E-05,2464.388184,2.171114922,5.771400928,51.62472153,137.2322388,108,070801010301,24
39,F070801010301_129,3955.458506,34590.73943,8.543912888,1478.096924,55,1531.923584,28.8784256,336.6301575,8.373034477,2.392295599,24.56866542,0.00277845,159.3329773,14.16387653,732,666,0.003647921,47.96445662,95929,45.56623226,0.000173924,3010.020508,2.219364643,4.519550323,32.43842697,66.05813599,108,070801010301,24
40,F070801010301_135,1968.24193,16684.74679,4.121132374,712.9558716,51,685.1794434,13.92942715,162.3726196,4.038709641,1.153917074,10.44925451,0.001181697,131.0027161,11.79881954,259,235,0.001287179,4.472757697,8946,4.249119639,1.62187E-05,1398.135254,3.033854723,5.949511528,167.7890778,329.0411682,108,070801010301,24
41,F070801010301_136,6203.518522,53568.42534,13.23140144,2289.032471,64,2760.599609,44.72213745,521.3171997,12.96677303,3.7047925,42.90591839,0.004852195,131.0013275,11.79872131,1064,968,0.005302084,20.73385192,41469,19.69715922,7.51832E-05,5049.631836,2.36470294,5.216561794,116.2112961,256.3634644,108,070801010301,24
42,F070801010301_148,3764.168007,32581.21483,8.047559738,1392.227783,58,1521.632813,27.20075226,317.0738525,7.886608601,2.253316641,21.92898297,0.00247993,131.0000763,11.79863262,544,496,0.00271677,45.47482705,90948,43.20108676,0.000164897,2913.860596,2.806910753,5.874719143,32.22668457,67.44877625,108,070801010301,24
43,F070801010301_156,2760.337633,23668.21211,5.846048355,1011.366394,74,1410.300659,19.75964355,230.3343048,5.729127407,1.636893511,18.70348549,0.002115162,131.0017853,11.79875374,464,422,0.002311446,33.71560669,67431,32.02982712,0.000122256,2421.666992,2.396602869,5.738547325,31.57576752,75.60662079,108,070801010301,24
44,F070801010301_169,1835.067395,15727.28305,3.884639025,672.0425415,74,937.130249,13.13008022,153.0547791,3.806946278,1.087698936,15.29915869,0.001730169,130.9964905,11.7983799,380,346,0.001895166,35.20131683,70403,33.44125128,0.000127644,1609.172852,1.942319512,4.650788784,20.09621429,48.11939621,108,070801010301,24
45,F070801010301_171,6758.000321,58375.32369,14.41870499,2494.436035,74,3478.368408,48.73522186,568.0969849,14.13033104,4.037237167,37.85395028,0.004280872,159.3325195,14.16383171,1127,1025,0.005614294,45.6073923,91216,43.32702345,0.000165377,5972.804688,2.433596134,5.827126503,57.57229233,137.8540344,108,070801010301,24
46,F070801010301_179,2131.007895,18697.8832,4.618377209,798.979248,61,918.4104614,15.61011505,181.9640656,4.52600956,1.293145657,15.36135149,0.001737202,130.9903412,11.79794693,381,347,0.001900644,8.732863665,17466,8.296220303,3.16663E-05,1717.389648,2.302533865,4.949249744,96.30641937,207.0086823,108,070801010301,24
47,F070801010301_193,1977.475631,17300.31482,4.273177624,739.2597046,60,835.8335571,14.4433403,168.363205,4.1877141,1.196489692,12.57438397,0.001422027,158.202713,14.05389023,372,338,0.001851348,21.92884314,43857,20.83240175,7.95164E-05,1575.093262,2.187158823,4.660039425,35.48605347,75.60785675,108,070801010301,24
48,F070801010301_194,2910.918579,25566.10573,6.314827919,1092.46521,66,1358.698242,21.34411812,248.8042145,6.188531399,1.76815176,21.44409209,0.002425094,158.2017517,14.05379772,634,577,0.003160436,31.83400857,63668,30.24230852,0.000115434,2451.163574,1.893353939,4.24811697,36.12373734,81.05081177,108,070801010301,24
49,F070801010301_199,3420.01975,29959.77879,7.400065422,1280.211304,70,1688.694946,25.01222038,291.5625916,7.252064228,2.072018385,16.31820381,0.001845412,131.0033417,11.79886341,405,369,0.002021146,8.147946134,16297,7.740548819,2.95453E-05,2968.90625,3.46940732,8.045816422,165.3902435,383.5524292,108,070801010301,24
50,F070801010301_206,3336.659059,29457.93055,7.276108742,1258.766846,63,1494.367188,24.59324837,286.6786804,7.130586624,2.037310362,21.25374603,0.002403568,159.3316345,14.16374493,633,576,0.003154959,30.44092751,60882,28.91888046,0.000110382,2753.134033,2.185359001,4.779746532,43.52750778,95.2019577,108,070801010301,24
51,F070801010301_208,3924.129757,33787.97361,8.345629692,1443.793945,71,1931.679443,28.20822906,328.8178101,8.17871666,2.336776257,32.53910965,0.003679821,159.3342285,14.1639986,969,882,0.004831031,49.46767946,98935,46.99429509,0.000179375,3375.473389,1.636954546,3.827067375,30.72274971,71.82730103,108,070801010301,24
52,F070801010301_209,1844.157447,15811.31951,3.905395985,675.6334839,92,1171.306274,13.20023823,153.8726044,3.827288151,1.093510866,18.73000461,0.002118161,131.0040283,11.79891205,465,424,0.0023224,17.95468598,35909,17.05695126,6.51057E-05,1846.939697,1.593475223,4.355989933,39.61044693,108.2807617,108,070801010301,24
53,F070801010301_216,2194.387984,19015.57458,4.696846962,812.5545044,70,1071.820313,15.87534237,185.0557709,4.602910042,1.315117121,12.45273588,0.00140827,130.9970398,11.798419,309,281,0.001539138,5.807575253,11616,5.51719647,2.10589E-05,1884.374756,2.891653061,6.705959797,147.2767029,341.5457153,108,070801010301,24
54,F070801010301_217,2280.279325,19789.17336,4.887925625,845.611145,67,1067.620728,16.52118874,192.5842743,4.790167332,1.368619204,18.89305241,0.0021366,131.0004425,11.79865837,469,427,0.002338833,8.952215001,17905,8.504604444,3.24617E-05,1913.231934,1.980353951,4.480637074,99.42980194,224.9642487,108,070801010301,24
55,F070801010301_225,5951.520498,51814.10005,12.79808235,2214.068359,53,2211.252686,43.25751877,504.2444458,12.54212093,3.583462954,35.75681915,0.004043709,147.9995728,13.12365627,987,898,0.004918669,64.6036109,129207,61.373431,0.00023426,4425.321289,2.465554953,4.927974701,36.07535553,72.10483551,108,070801010301,24
56,F070801010301_232,2465.409582,21228.47657,5.243433475,907.1140137,68,1162.36438,17.72280502,206.5912781,5.138564587,1.468161345,14.5086484,0.001640771,130.9980316,11.79848862,359,326,0.001785619,20.57504201,41150,19.54628992,7.46074E-05,2069.478516,2.782558441,6.34809351,46.40850067,105.8757706,108,070801010301,24
57,F070801010301_246,1712.665713,14875.88237,3.674342871,635.6613159,75,898.3768921,12.4192791,144.769104,3.600856066,1.028815985,12.48098338,0.001411464,130.997818,11.79847336,310,282,0.001544615,22.67046905,45341,21.53694487,8.22056E-05,1534.038208,2.254118204,5.439851761,29.514925,71.22821808,108,070801010301,24
58,F070801010301_248,3424.904368,29746.25695,7.347325325,1271.08728,82,1964.087036,24.83395958,289.4846191,7.200378895,2.057250977,16.74801885,0.001894019,130.9972534,11.79843426,417,379,0.002075919,8.653327218,17306,8.220660801,3.13779E-05,3235.174316,3.353792191,8.53608036,154.6210632,393.5418701,108,070801010301,24
59,F070801010301_259,1694.257454,14721.81474,3.636288166,629.0778809,87,1031.324097,12.29065418,143.2697601,3.563562393,1.018160701,10.94339129,0.001237579,131.0032959,11.7988596,271,246,0.00134743,22.95966494,45920,21.81168127,8.32543E-05,1660.401978,2.557227135,6.749601364,28.84132957,76.12443542,108,070801010301,24
60,F070801010301_260,9456.042804,81740.69431,20.18995094,3492.861572,82,5397.177734,68.24203491,795.4840698,19.78615189,5.653186321,71.23752132,0.008056192,158.2000885,14.05363655,2106,1918,0.010505576,102.1724752,204344,97.06385044,0.000370489,8890.039063,1.821095705,4.635056973,35.98519516,91.58959961,108,070801010301,24
61,F070801010301_264,3394.251289,29198.31624,7.211984158,1247.673218,77,1810.352295,24.37650681,284.1521606,7.067744255,2.019355536,24.32474883,0.002750866,131.0030975,11.79884624,603,549,0.00300707,37.37207863,74744,35.50347482,0.000135515,3058.025391,2.272628784,5.57017374,35.14228439,86.13313293,108,070801010301,24
62,F070801010301_265,7204.328476,62993.75631,15.55945778,2691.786133,69,3499.94458,52.59096909,613.0426636,15.24826908,4.356647968,50.59028249,0.005721213,130.9990692,11.79856205,1255,1142,0.006255145,104.6163199,209232,99.38550317,0.00037935,6191.730469,2.357080698,5.421830654,27.08429337,62.30013657,108,070801010301,24
63,F070801010301_267,2157.048771,18674.95507,4.612713814,797.9995117,66,992.4714966,15.5909729,181.740921,4.520459652,1.291559815,12.52451992,0.001416388,131.0009766,11.79869652,311,283,0.001550093,24.81506228,49630,23.57431006,8.99821E-05,1790.470947,2.81978631,6.326752663,33.85038757,75.9500885,108,070801010301,24
64,F070801010301_289,989.4643264,8521.444321,2.104796648,364.1298218,74,507.7611389,7.114212513,82.9289856,2.062700748,0.589343071,6.970752716,0.000788317,131.0001526,11.79863834,173,157,0.000859945,2.815315843,5630,2.674550116,1.02086E-05,871.8909912,2.319298267,5.553445816,136.1461945,325.9953918,108,070801010301,24
65,F070801010301_308,1447.210074,12182.11403,3.008982182,520.553894,70,686.6497192,10.17035961,118.5539017,2.948802471,0.842514992,8.614386857,0.000974194,147.9984436,13.123559,238,216,0.00118311,22.79519081,45591,21.65543211,8.26579E-05,1207.203613,2.409971714,5.588905811,24.03802872,55.74599457,108,070801010301,32
66,F070801010301_329,3284.21268,28454.89307,7.028358459,1215.906006,70,1603.87146,23.75585175,276.9173279,6.887791157,1.967940331,20.99656534,0.002374484,131.0005035,11.79866314,521,475,0.002601746,9.965038061,19931,9.466786146,3.61343E-05,2819.777344,2.559802055,5.936373234,128.4391479,297.8600464,108,070801010301,24
67,F070801010301_356,2631.715151,23522.26527,5.809999466,1005.129883,90,1704.653809,19.63779831,228.9139862,5.693799496,1.626799822,19.97963911,0.002259481,130.9968109,11.79840279,495,451,0.002470289,39.87632728,79753,37.88251245,0.000144596,2709.783691,2.228669405,6.008389473,26.53281975,71.53125763,108,070801010301,24
68,F070801010301_357,3266.297865,28288.77569,6.987327576,1208.807617,70,1594.508179,23.61716652,275.3007202,6.84758091,1.956451774,22.73696945,0.002571305,131.0003052,11.79864883,564,514,0.002815363,50.68852683,101377,48.15410125,0.000183802,2803.315918,2.351765871,5.453921795,25.10290146,58.21551895,108,070801010301,24
69,F070801010301_360,2764.635077,23701.58724,5.854291916,1012.79248,89,1698.564453,19.7875061,230.6591034,5.737205982,1.63920176,15.07932591,0.001705308,130.9987335,11.79853821,375,342,0.001873257,18.63978815,37280,17.70779896,6.75899E-05,2711.356934,2.961381435,7.927944183,57.19471359,153.1165466,108,070801010301,24
70,F070801010301_376,2610.244346,22815.61018,5.635455608,974.9338379,80,1469.726807,19.04784012,222.0369568,5.522746563,1.577927589,20.26855445,0.002292154,131.0033264,11.79886246,503,458,0.002508631,8.941707134,17883,8.494621992,3.24236E-05,2444.660645,2.128676414,5.337687016,114.7707138,287.7892151,108,070801010301,24
71,F070801010301_389,2594.236902,22668.61867,5.59914875,968.65271,83,1515.0177,18.92512321,220.6064606,5.487165928,1.56776166,19.54624486,0.002210469,130.9983826,11.79851341,485,441,0.002415516,8.440081775,16881,8.018077731,3.06047E-05,2483.67041,2.19649148,5.631905556,120.8085938,309.7588196,108,070801010301,24
72,F070801010301_393,1891.373115,16243.3851,4.012115955,694.0960693,79,1033.280396,13.56095219,158.0773621,3.93187356,1.123392463,11.59932949,0.001311759,148.0024872,13.12390709,320,292,0.001599389,20.92786945,41855,19.88147613,7.58867E-05,1727.376465,2.37704134,5.915672779,34.91169739,86.88371277,108,070801010301,24
73,F070801010301_395,1856.711592,16187.94981,3.998423576,691.7272949,87,1134.032837,13.51467133,157.5378876,3.918455124,1.119558573,16.85342622,0.00190594,139.5030365,12.42876053,440,400,0.002190944,28.34399843,56688,26.92679787,0.000102778,1825.760132,1.729318261,4.564400196,25.68917847,67.80457306,108,070801010301,24
74,F070801010301_404,4842.400292,42699.34964,10.54673958,1824.585938,73,2509.91333,35.64797974,415.5415344,10.33580494,2.953087091,31.06119586,0.003512685,159.334137,14.16399002,925,842,0.004611937,32.587988,65176,30.95858821,0.000118168,4334.499023,2.166966677,5.147861004,58.93634033,140.0095825,108,070801010301,24
75,F070801010301_41,6287.680841,55296.03069,13.6581192,2362.854736,70,3116.782959,46.16444397,538.1298828,13.38495636,3.824273348,38.0172596,0.00429934,130.9996185,11.79860115,943,858,0.004699574,84.56978226,169139,80.34129333,0.000306659,5479.637695,2.753910065,6.3865242,29.41021538,68.20449829,108,070801010301,24
76,F070801010301_419,4026.162983,34711.34882,8.573702812,1483.25061,49,1369.563232,28.97911644,337.803894,8.402228355,2.400636673,31.18420458,0.003526596,158.2011108,14.05373573,921,839,0.004595505,14.19303346,28386,13.48338175,5.14655E-05,2852.813965,1.767879128,3.400254965,110.0058289,211.5800018,108,070801010301,24
77,F070801010301_42,1935.898885,16658.675,4.114692688,711.8418579,77,1032.870117,13.90766144,162.1188965,4.032398701,1.152113914,14.92155159,0.001687466,131.0021057,11.79877567,370,337,0.00184587,30.6905597,61381,29.15603212,0.000111287,1744.711914,2.112290382,5.177186489,24.41490936,59.84051132,108,070801010301,24
78,F070801010301_421,9349.924217,82049.41824,20.26620674,3506.053711,74,4889.019531,68.49977875,798.4885254,19.86088181,5.674537659,60.14767003,0.00680205,151.4004669,13.42157078,1698,1546,0.008467998,39.98953002,79980,37.99005444,0.000145006,8395.073242,2.267822504,5.43018961,92.28872681,220.9808197,108,070801010301,24
79,F070801010301_424,4893.241094,42643.48334,10.53293991,1822.198608,74,2540.966553,35.60133743,414.9978333,10.32228088,2.94922328,35.94463801,0.004064949,130.9988861,11.7985487,892,811,0.004442139,23.11404747,46229,21.95834523,8.38141E-05,4363.165039,2.246854067,5.379981518,82.98432922,198.7019043,108,070801010301,24
80,F070801010301_442,2198.36487,19032.56122,4.701042652,813.2803955,77,1180.055786,15.88952446,185.2210846,4.607021809,1.316291928,13.18921614,0.001491557,139.5025177,12.42871952,345,314,0.001719891,45.55540848,91110,43.27763844,0.000165189,1993.336182,2.590065002,6.348204613,18.79216194,46.05926514,108,070801010301,24
81,F070801010301_443,3679.002464,31819.37357,7.85938549,1359.673706,75,1921.619629,26.56472206,309.65979,7.702197552,2.200628042,19.98033011,0.002259559,139.5005951,12.42856979,521,474,0.002596268,66.46899152,132939,63.14554191,0.000241024,3281.293457,2.868510008,6.922560215,21.53237915,51.96397781,108,070801010301,24
82,F070801010301_455,1880.449972,16468.58962,4.067741871,703.7193604,77,1021.084595,13.74896717,160.2690277,3.986387014,1.138967752,12.52543736,0.001416491,131.0013733,11.79872417,311,283,0.001550093,6.538599491,13077,6.211669445,2.37097E-05,1724.803955,2.48664093,6.094713688,113.2898941,277.6715698,108,070801010301,24
83,F070801010301_456,3401.068615,29286.90058,7.233864307,1251.458496,81,1910.174194,24.45046043,285.0142517,7.089187145,2.025481939,22.93898323,0.00259415,131.0021515,11.79877949,569,518,0.002837272,60.26782024,120536,57.25442994,0.000218538,3161.632813,2.415943146,6.103538036,21.85784531,55.22075272,108,070801010301,24
84,F070801010301_458,1609.264632,13926.70089,3.439895153,595.1018677,75,841.0543823,11.62684536,135.5318756,3.371097326,0.963170648,10.45456755,0.001182298,131.0046082,11.7989521,259,236,0.001292657,25.2732842,50547,24.00962055,9.16437E-05,1436.15625,2.521618128,6.085407734,24.78597641,59.81586456,108,070801010301,24
85,F070801010301_462,1814.864947,15545.45496,3.839727402,664.2728271,65,813.6382446,12.97827816,151.2852631,3.762932777,1.075123668,10.83688831,0.001225535,151.3966522,13.42123032,306,278,0.001522706,36.05395889,72108,34.25126266,0.000130736,1477.911133,2.389470577,5.316226959,19.39411163,43.14909744,108,070801010301,24
86,F070801010301_464,2690.976023,23558.42686,5.81893158,1006.675171,58,1100.24353,19.66798782,229.2658997,5.702552795,1.629300833,14.95152855,0.001690856,139.4987946,12.42843056,391,356,0.00194994,52.46648026,104933,49.84315491,0.000190249,2106.918701,2.827739239,5.918311119,20.19685936,42.27097321,108,070801010301,24
87,F070801010301_465,1955.312251,16565.36747,4.091645718,707.8547363,63,840.3422241,13.82976246,161.2108459,4.009812832,1.145660758,12.22114277,0.001382079,139.4985352,12.42840958,319,290,0.001588434,32.14691544,64294,30.53956985,0.000116568,1548.197021,2.440878391,5.338610649,23.17828178,50.69478989,108,070801010301,24
88,F070801010301_466,1023.565386,8608.965303,2.126414537,367.8697205,69,478.3156433,7.187281132,83.7807312,2.083886147,0.595396042,4.354275584,0.000492421,151.3955688,13.421134,123,112,0.000613464,11.5530448,23106,10.97539234,4.18926E-05,846.1853638,3.284551144,7.555226326,33.51768112,77.09841919,108,070801010301,24
89,F070801010301_467,2141.957848,18017.54702,4.450334072,769.9077759,64,928.5177002,15.04212952,175.3431549,4.361327171,1.246093512,12.15739441,0.00137487,148.0013733,13.12381077,335,305,0.001670595,35.65915298,71318,33.876194,0.000129304,1698.425537,2.524287701,5.568608284,22.72710419,50.13625717,108,070801010301,24
90,F070801010301_48,2539.62172,21645.69934,5.346487522,924.9423218,70,1220.068481,18.07112694,210.6516113,5.239557743,1.497016549,23.16019029,0.002619167,131.0003204,11.79864979,574,522,0.002859182,39.6849865,79368,37.70073709,0.000143902,2145.010742,1.771920204,4.109216213,24.53380013,56.89572525,108,070801010301,24
91,F070801010301_50,5215.708536,45564.21425,11.25436115,1947.004517,66,2421.488281,38.03974152,443.4218445,11.02927399,3.151221037,32.91533567,0.003722368,130.9984283,11.79851723,817,744,0.004075156,83.18571617,166371,79.02643114,0.000301641,4368.492676,2.616941452,5.871629715,24.63738441,55.27888107,108,070801010301,24
92,F070801010301_51,2317.586951,20410.00746,5.041271687,872.1400146,60,986.0727539,17.03949738,198.6260986,4.940446377,1.411556125,16.99700499,0.001922177,130.9964142,11.79837513,421,383,0.002097829,33.53981042,67079,31.86281943,0.000121619,1858.212769,2.277127981,4.851730347,27.37171555,58.31915665,108,070801010301,24
93,F070801010301_510,3503.013214,30189.81171,7.45688343,1290.040894,73,1774.589111,25.20426559,293.8012085,7.307745934,2.087927341,21.68462396,0.002452296,148.0005188,13.12373734,599,545,0.002985161,35.72556114,71451,33.93928242,0.000129545,3064.629883,2.367047548,5.623174191,38.01025772,90.29742432,108,070801010301,24
94,F070801010301_52,2491.04365,22000.0062,5.434001446,940.0822754,63,1116.035156,18.36692429,214.0996552,5.325321198,1.521520376,19.26327324,0.002178468,130.9970093,11.79841709,478,435,0.002382651,46.72302246,93446,44.38687134,0.000169423,2056.117432,2.161108732,4.726706505,21.17928696,46.32264709,108,070801010301,24
95,F070801010301_529,3417.351925,30730.85293,7.590520859,1313.160156,57,1410.470459,25.65596008,299.0665283,7.438710213,2.125345945,25.1348381,0.002842478,139.500946,12.42859745,657,598,0.003275461,77.32225037,154644,73.45613861,0.000280379,2723.630615,2.195919991,4.554566383,17.87679291,37.07832718,108,070801010301,24
96,F070801010301_530,5234.341833,46485.48996,11.48191643,1986.371582,78,2919.621826,38.80887604,452.3875122,11.25227833,3.214936495,39.64733487,0.004483684,139.4986115,12.42841625,1035,942,0.005159673,110.797659,221596,105.2577746,0.000401764,4905.993164,2.108674765,5.208060741,18.87149429,46.60931778,108,070801010301,24
97,F070801010301_533,936.4745678,8037.53212,1.985270381,343.4517822,62,401.2628479,6.710213661,78.21965027,1.945564985,0.555875719,5.97132142,0.000675292,130.9967651,11.79839993,148,135,0.000739444,3.203931336,6408,3.043734853,1.16178E-05,744.7145996,2.544087172,5.516404629,112.8389282,244.6713104,108,070801010301,24
98,F070801010301_534,1146.359515,9956.028177,2.45913887,425.4310303,41,328.6885071,8.311889648,96.89006805,2.409955978,0.688558877,5.99246788,0.000677683,130.9973602,11.79844189,149,136,0.000744921,3.041169167,6082,2.889110804,1.10276E-05,754.1195068,3.128169298,5.544996262,147.2532806,261.0213318,108,070801010301,24
99,F070801010301_93,1539.76588,13290.26126,3.282694578,567.906189,89,952.4411011,11.09550762,129.3381653,3.217040777,0.919154465,9.136285067,0.001033215,131.0039368,11.79890537,227,206,0.001128336,3.665302634,7331,3.482037365,1.32908E-05,1520.34729,2.756826162,7.380326748,163.0959473,436.6257935,108,070801010301,24
100,F070801010301_97,3361.830649,29163.21555,7.203314304,1246.17334,92,2160.417969,24.3472023,283.8105774,7.059247971,2.016927958,21.2715699,0.002405584,131.0010834,11.79870415,527,480,0.002629133,24.09804582,48195,22.8931431,8.73822E-05,3406.591309,2.596194506,7.097065449,54.43434906,148.8040009,108,070801010301,24
101,F070801010301_99,5007.635426,43500.7483,10.74468517,1858.830566,86,3012.379883,36.31703568,423.3406067,10.52979183,3.008511782,24.01942253,0.002716336,131.0014343,11.79872894,595,541,0.002963252,33.11474597,66230,31.45900869,0.000120078,4871.210449,3.435915947,9.004085541,59.08738708,154.8430939,108,070801010301,24
102,F070801010302_127,6894.956096,60191.90663,14.86740112,2572.060303,74,3586.611816,50.2518158,585.7756348,14.5700531,4.162872314,44.92034626,0.005080005,131.0005493,11.798666,1115,1015,0.00555952,106.0066638,212014,100.7063293,0.000384392,6158.671875,2.534049511,6.067656994,25.540205,61.15476608,108,070801010302,32
103,F070801010302_26,5478.310698,47229.17497,11.6656065,2018.149902,81,3080.420166,39.42974854,459.6249084,11.43229485,3.26636982,39.14438438,0.004426806,130.9993744,11.79858303,970,884,0.004841986,63.07782936,126156,59.92393589,0.000228727,5098.570313,2.282974958,5.767613411,33.67852783,85.08403778,108,070801010302,32
104,F070801010302_42,6836.375603,60144.38116,14.85566235,2570.029541,74,3583.780029,50.21213913,585.3131104,14.55854893,4.159585476,51.69925594,0.005846626,130.9999847,11.7986269,1282,1167,0.006392079,83.23977232,166479,79.07778406,0.000301837,6153.80957,2.202253342,5.27318716,32.50001907,77.81970215,108,070801010302,32
105,F070801010302_84,5566.829698,48802.13883,12.05412865,2085.364258,82,3222.30957,40.74295425,474.9326782,11.81304646,3.375155926,38.06878281,0.004305167,130.9984131,11.79851532,944,859,0.004705052,19.99957108,39999,18.99959242,7.25206E-05,5307.673828,2.427664995,6.178898335,109.7583694,279.3572388,108,070801010302,32
106,F070801010403_16,19906.1363,173886.6339,42.94999695,7430.349609,85,11901.44531,145.17099,1692.229858,42.09099579,12.02599907,139.3503377,0.015759014,151.4001923,13.42154694,3932,3578,0.019597992,255.0460243,510092,242.2937196,0.000924825,19331.79492,2.076676846,5.402961254,30.66670418,79.78661346,108,070801010403,32
107,F070801010403_170,3735.307285,33116.53962,8.179785728,1415.102905,84,2239.952637,27.64767647,322.2835693,8.016189575,2.290339947,30.01204339,0.003394037,130.9972076,11.79843044,745,678,0.00371365,35.3239696,70647,33.55777162,0.000128089,3655.055664,2.087172508,5.390937328,42.16915512,108.9183044,108,070801010403,32
108,F070801010403_185,3729.291954,32524.93888,8.033659935,1389.82312,61,1597.573608,27.15377045,316.5262146,7.872986794,2.249424696,19.74480554,0.002232924,159.3338013,14.16395664,588,535,0.002930387,65.31953299,130639,62.05355692,0.000236856,2987.396729,2.597800255,5.583919048,22.39715385,48.14223099,108,070801010403,32
109,F070801010403_20,3621.370048,31797.95943,7.854095936,1358.758545,73,1869.117798,26.54684448,309.4513855,7.697013855,2.199146748,25.86435235,0.002924978,159.3329468,14.16387367,770,701,0.003839629,31.39919376,62798,29.82923341,0.000113857,3227.876465,1.938314557,4.604673862,45.55123901,108.2118454,108,070801010403,32
110,F070801010403_212,2567.651803,21904.01819,5.410292625,935.9806519,57,1005.340576,18.28678894,213.1655273,5.30208683,1.514881968,17.06308031,0.00192965,131.0033569,11.79886436,424,386,0.002114261,9.450290717,18901,8.977776423,3.42678E-05,1941.321289,2.424820423,5.029329777,104.2552872,216.2363129,108,070801010403,32
111,F070801010403_23,9835.896299,86257.33862,21.30556297,3685.862305,75,5209.209961,72.01280212,839.439209,20.87945175,5.965557575,64.01945485,0.007239907,151.4003601,13.42156124,1806,1644,0.009004779,117.5104351,235021,111.6349134,0.000426106,8895.072266,2.242008686,5.410627842,33.01710892,79.68002319,108,070801010403,32
112,F070801010403_233,5116.512329,45210.10641,11.16689587,1931.872925,79,2875.922363,37.74410629,439.975708,10.94355774,3.126730919,36.50439933,0.004128252,147.9996338,13.12366199,1008,917,0.005022739,49.09701791,98195,46.64216679,0.000178031,4807.79541,2.106731653,5.242961407,41.41902161,103.0783005,108,070801010403,32
113,F070801010403_235,1817.73434,15311.35958,3.78190589,654.2697144,82,1010.979004,12.78284168,149.0070953,3.706267834,1.058933616,11.6754346,0.001320365,147.9981079,13.12353039,322,292,0.001599389,14.00138854,28003,13.30131918,5.07706E-05,1665.248779,2.2406497,5.702906609,49.1883316,125.1942596,108,070801010403,32
114,F070801010403_26,7251.364176,63912.81531,15.78646564,2731.058594,84,4322.96582,53.35825348,621.9867554,15.4707365,4.420210361,61.30622471,0.00693307,131.0001678,11.7986393,1519,1383,0.007575188,77.12267658,154246,73.26654279,0.000279655,7054.024414,1.974735022,5.100523949,37.27565765,96.27893066,108,070801010403,32
115,F070801010403_3,4830.959862,41812.81787,10.32776642,1786.703613,80,2693.481445,34.90785217,406.9140015,10.12121105,2.891774654,35.15600127,0.003975763,159.3329468,14.16387367,1046,953,0.005219924,34.87541484,69751,33.13164395,0.000126462,4480.185059,1.874820113,4.701138496,53.92740631,135.2237549,108,070801010403,32
116,F070801010403_36,1957.160598,16879.28934,4.169184685,721.2689209,62,842.6755981,14.09184456,164.2658691,4.085801125,1.16737175,13.94489209,0.001577016,158.1984253,14.05347633,411,373,0.002043055,22.34378898,44688,21.22659946,8.1021E-05,1563.94458,1.933696866,4.192881107,33.97948456,73.67852783,108,070801010403,32
117,F070801010403_43,3971.669063,35529.98444,8.775906563,1518.231812,64,1831.005005,29.66256332,345.7707214,8.600388527,2.457253933,24.31947386,0.002750269,148.0011444,13.12379169,671,610,0.003341189,12.48558992,24971,11.86131001,4.52741E-05,3349.236816,2.488904715,5.490551949,127.9986649,282.3665161,108,070801010403,32
118,F070801010403_46,4677.970285,40940.71362,10.11235619,1749.437622,64,2109.842041,34.17976379,398.4268188,9.91010952,2.831459761,43.72756255,0.004945114,151.401123,13.42162991,1233,1122,0.006145597,124.3657651,248731,118.1474748,0.000450964,3859.279785,1.559213519,3.439643383,14.80723667,32.66493607,108,070801010403,32
119,F070801010405_110,2250.556115,19795.81516,4.889566422,845.8950195,80,1275.198975,16.52673531,192.6489105,4.791775227,1.369078636,10.3602221,0.001171629,139.4956055,12.42818165,271,247,0.001352908,19.86735725,39735,18.87398887,7.20412E-05,2121.093994,3.42467618,8.587425232,44.81803131,112.3818588,108,070801010405,32
120,F070801010405_114,3188.211527,27325.59593,6.749422073,1167.650024,77,1694.239868,22.81304741,265.9272156,6.614433765,1.889838219,22.84321844,0.002583321,130.9976807,11.79846382,567,515,0.00282084,32.87222266,65745,31.22861184,0.000119198,2861.889893,2.267281532,5.557067871,37.3903923,91.64319611,108,070801010405,32
121,F070801010405_115,2347.227348,20409.90296,5.041245937,872.1355591,82,1347.625977,17.03941154,198.6250916,4.940421104,1.411548853,14.9199117,0.00168728,130.9960632,11.79835033,370,336,0.001840393,21.80285003,43607,20.71270787,7.90595E-05,2219.761475,2.595641613,6.606432915,42.10630417,107.1690598,108,070801010405,32
122,F070801010405_160,1365.773466,11444.57813,2.826810837,489.038269,61,562.1395874,9.554620743,111.3763504,2.770274639,0.791507006,8.763085842,0.00099101,142.3305664,12.65245152,233,212,0.0011612,4.996887684,9994,4.747043133,1.81193E-05,1051.177856,2.306784391,4.958385944,103.0195541,221.438446,108,070801010405,32
123,F070801010405_161,3889.696405,32952.29842,8.139217377,1408.084595,88,2334.97876,27.51055527,320.6851501,7.9764328,2.27898097,27.38106922,0.003096502,142.3327942,12.65263081,727,662,0.003626012,12.55897389,25117,11.93102526,4.55402E-05,3743.063477,2.127016068,5.654174328,118.0187454,313.7252197,108,070801010405,32
124,F070801010405_180,2716.463284,23527.9304,5.811398983,1005.372009,73,1382.996704,19.64252853,228.9691162,5.695170879,1.627191663,17.93498147,0.002028252,142.3299713,12.65240383,477,434,0.002377174,9.374528885,18749,8.905802429,3.39931E-05,2388.368652,2.316525459,5.503153801,112.8895493,268.1811829,108,070801010405,32
125,F070801010405_182,1464.089911,12597.94234,3.111691713,538.3226929,84,852.1056519,10.51751804,122.6006546,3.049457788,0.871273696,12.45868338,0.001408942,142.3289948,12.65232563,331,301,0.001648685,5.8406169,11681,5.54858603,2.11787E-05,1390.428345,1.788447499,4.619363308,97.01979828,250.5914764,108,070801010405,32
126,F070801010405_183,4182.193088,36101.44393,8.917057037,1542.650879,77,2238.359619,30.13965225,351.3320618,8.738716125,2.496775866,32.19246525,0.003640619,151.3992157,13.4214592,908,827,0.004529776,64.75277345,129506,61.515135,0.000234801,3781.010498,1.865357757,4.571959496,25.07758331,61.46471786,108,070801010405,32
127,F070801010405_185,1119.966488,9456.30686,2.335707903,404.0774536,77,586.3093872,7.894692898,92.02689362,2.288993835,0.653998196,10.07346751,0.0011392,151.4029999,13.42179775,284,259,0.001418636,15.12390245,30247,14.36770704,5.48409E-05,990.3868408,1.560144663,3.823887348,28.12400436,68.93144989,108,070801010405,32
128,F070801010405_203,3765.040327,32350.29889,7.990523815,1382.360596,76,1979.732178,27.00797081,314.8266296,7.830713272,2.237346649,36.58693513,0.004137586,131.001358,11.79872322,909,827,0.004529776,15.97182625,31944,15.1732351,5.79156E-05,3362.092773,1.671536446,4.06540823,91.10520172,221.5804901,108,070801010405,32
129,F070801010405_234,3252.750726,27903.12011,6.89207077,1192.328247,72,1617.706909,23.29519844,271.5475769,6.754229546,1.929779768,23.54626369,0.002662827,142.3336639,12.65270042,627,571,0.003127572,28.86443806,57729,27.42121601,0.000104666,2810.035156,2.088140488,4.921252251,43.4819603,102.4766769,108,070801010405,32
130,F070801010405_239,6692.567356,57474.91761,14.19630432,2455.960693,83,3841.236328,47.98350906,559.3344116,13.91237831,3.974965096,42.32878768,0.004786927,159.3335419,14.16393185,1261,1148,0.006288009,39.66345626,79328,37.68028331,0.000143824,6297.197266,2.139338493,5.485363483,65.17893219,167.1218109,108,070801010405,32
131,F070801010405_25,1181.601985,10279.32251,2.538992643,439.2457275,64,529.7354126,8.581794739,100.0363083,2.488212824,0.71091795,6.242808104,0.000705994,151.4036407,13.42185497,176,160,0.000876378,8.606997013,17214,8.176647186,3.12099E-05,968.9811401,2.745285749,6.056132317,53.71953964,118.505928,108,070801010405,32
132,F070801010405_255,1742.946606,15119.52401,3.734522343,646.0723877,86,1047.010498,12.62268543,147.1401825,3.659832001,1.045666218,8.827678032,0.000998315,130.9998932,11.79862022,219,200,0.001095472,14.06145791,28123,13.35838543,5.09884E-05,1693.082886,3.230361938,8.465414047,48.36455536,126.7430801,108,070801010405,32
133,F070801010405_258,2303.654498,19451.46898,4.804512978,831.1807251,80,1253.016968,16.239254,189.2978058,4.708422661,1.3452636,16.34621399,0.00184858,139.4994659,12.42848206,428,389,0.002130693,20.69052382,41382,19.65599753,7.50261E-05,2084.197754,2.136711359,5.357834816,42.28636551,106.0336838,108,070801010405,32
134,F070801010405_26,1029.589481,8887.930161,2.195318699,379.7901306,86,615.4794922,7.420176983,86.49555969,2.151412249,0.614689231,4.896641374,0.000553757,151.4019012,13.42169952,138,125,0.00068467,2.443841696,4887,2.321649551,8.86164E-06,995.2696533,3.038321018,7.962157249,163.5863342,428.6907349,108,070801010405,32
135,F070801010405_264,3623.201167,32077.28107,7.923088551,1370.694336,81,2092.170654,26.78003883,312.1696777,7.76462698,2.218464851,20.82095337,0.002354624,131.0019073,11.79876232,517,470,0.002574359,24.75348806,49507,23.51581383,8.97589E-05,3462.86499,2.916370869,7.367797852,58.28819656,147.2568665,108,070801010405,32
136,F070801010405_265,1410.885507,11848.04463,2.926466942,506.2787781,84,801.383728,9.891458511,115.3027954,2.867937565,0.819410741,10.58726388,0.001197305,130.9988251,11.79854488,262,237,0.001298134,17.20844352,34417,16.34802139,6.23997E-05,1307.662476,2.136197329,5.517563343,30.96881104,79.98903656,108,070801010405,32
137,F070801010405_27,2742.898234,24295.88422,6.001083374,1038.187378,78,1525.955444,20.28366089,236.442688,5.881061554,1.680303335,20.71376038,0.002342502,151.4009552,13.42161465,585,533,0.002919433,33.90218163,67804,32.20707321,0.000122933,2564.142822,1.947818756,4.810774326,32.2347641,79.61427307,108,070801010405,32
138,F070801010405_271,4881.114884,41587.33589,10.27207184,1777.068481,85,2846.391113,34.71960449,404.719635,10.06663036,2.876180172,34.29350525,0.003878224,158.1999054,14.05361938,1014,923,0.005055603,31.4237245,62846,29.8525385,0.000113946,4623.459473,1.925318003,5.009165287,59.52822113,154.8765869,108,070801010405,32
139,F070801010405_28,5090.344717,44966.88576,11.10682106,1921.480103,79,2860.450439,37.54105377,437.6087646,10.88468456,3.109910011,34.01757884,0.00384702,130.9979858,11.79848576,843,768,0.004206612,14.88022184,29761,14.1362108,5.39573E-05,4781.930664,2.501927137,6.226472378,135.9261017,338.2752686,108,070801010405,32
140,F070801010405_29,2210.67027,18901.52104,4.6686759,807.6809082,83,1263.250244,15.78012466,183.9458313,4.575302601,1.30722928,15.86287153,0.001793919,130.9975891,11.79845715,394,359,0.001966372,6.492699862,12985,6.168064833,2.35432E-05,2070.931152,2.249807596,5.768610477,130.9455872,335.7505493,108,070801010405,32
141,F070801010405_37,1909.475287,17196.86955,4.247626781,734.8394165,70,969.3084106,14.35697842,167.3564911,4.162674427,1.189335465,10.85858631,0.001227988,151.3942719,13.42101765,306,278,0.001522706,23.38373756,46767,22.21455002,8.4792E-05,1704.147827,2.643307209,6.130028248,33.07919312,76.71313477,108,070801010405,32
142,F070801010405_77,1494.862918,12618.43844,3.116754293,539.1984863,75,762.0463867,10.53462982,122.8001175,3.054419279,0.872691214,10.08212936,0.00114018,130.9986115,11.79852962,250,228,0.001248838,23.72159338,47443,22.53551388,8.60171E-05,1301.244873,2.364905596,5.707214355,23.92661095,57.74196625,108,070801010405,32
143,F070801010405_78,847.0259403,7218.520042,1.782974482,308.4545898,67,389.4372864,6.026453972,70.24919128,1.747315049,0.499232858,5.397363726,0.000610383,139.5066528,12.42904186,141,128,0.000701102,8.595138863,17190,8.165382396,3.11669E-05,697.8918457,2.409801483,5.452280045,37.77589035,85.4695816,108,070801010405,32
144,F070801010405_79,3895.784981,33781.16425,8.343947411,1443.50293,68,1849.686279,28.20254135,328.7515259,8.17706871,2.33630538,33.15695625,0.003749693,158.2006226,14.053689,980,893,0.004891282,64.89451308,129789,61.64978743,0.000235315,3293.189209,1.616464615,3.687781811,23.41456413,53.41769028,108,070801010405,32
145,F070801010405_84,3836.016753,33499.35072,8.274339676,1431.460815,81,2184.922119,27.96726799,326.0089722,8.10885334,2.316815138,36.21498582,0.004095523,151.4008942,13.42160892,1023,931,0.005099422,38.28882875,76578,36.37438709,0.000138839,3616.382813,1.53755188,3.884406805,39.35353851,99.42113495,108,070801010405,32
146,F070801010405_88,4052.878094,35226.21434,8.700875282,1505.251465,81,2297.553223,29.40895844,342.8144836,8.526857376,2.436244965,22.56733203,0.002552121,139.4989777,12.42844391,590,536,0.002935865,43.68918824,87378,41.5047276,0.000158422,3802.804688,2.808305025,7.094784737,36.26698685,91.62341309,108,070801010405,32
147,F070801010405_93,2094.656862,18104.96032,4.471925259,773.6430664,81,1180.856567,15.11510754,176.1938477,4.38248682,1.252139091,14.34110236,0.001621823,131.0046234,11.79895401,356,324,0.001774664,6.693845272,13387,6.359152794,2.42726E-05,1954.499634,2.387787342,6.03240633,121.6581955,307.3522034,108,070801010405,32
148,F070801010405_99,4199.141105,37095.72734,9.162644386,1585.137451,72,2150.656006,30.96973801,361.0081787,8.979391098,2.565540314,23.72508128,0.00268305,131.0011902,11.79871178,588,535,0.002930387,39.96044793,79921,37.96242596,0.000144901,3735.793457,2.962873697,6.982791424,41.75543213,98.40766144,108,070801010405,32
149,F070801010601_198,1736.809682,14868.15464,3.672434092,635.3311157,48,574.6624756,12.41282749,144.6939087,3.598985434,1.028281569,8.22260797,0.000929888,130.999588,11.79859829,203,185,0.001013312,22.56993079,45139,21.44143391,8.1841E-05,1209.993652,3.434222221,6.540506363,29.63099861,56.43249512,115,070801010601,32
150,F070801010601_200,1428.496672,12012.62104,2.96711731,513.3112793,35,338.5480957,10.02885628,116.9044189,2.907774925,0.830792844,13.59931374,0.001537935,130.9908295,11.79798126,337,307,0.001681549,,,,,851.859375,1.672023654,2.774786234,,,115,070801010601,32
151,F070801010601_23,4777.995443,40631.36093,10.03594589,1736.218628,54,1766.727905,33.92149734,395.4162598,9.835227013,2.810064793,29.13936708,0.003295347,130.9992828,11.79857731,723,659,0.00360958,115.5897889,231179,109.8102992,0.000419141,3502.946533,2.63462615,5.31554842,15.81107235,31.89998245,108,070801010601,32
152,F070801010601_385,3063.754403,26446.7239,6.532341003,1130.094971,71,1511.975586,22.07931328,257.3742371,6.401694298,1.829055429,18.40853852,0.002081806,131.000412,11.79865646,457,415,0.002273104,41.34966195,82699,39.28217816,0.000149938,2642.070557,2.723120451,6.366435051,28.76864243,67.25875854,108,070801010601,24
153,F070801010601_386,877.0367974,7673.713172,1.8954072,327.9054565,73,451.0690308,6.406476498,74.67904663,1.857499003,0.530714035,5.773086071,0.000652873,159.3288422,14.16347122,172,157,0.000859945,7.851850033,15704,7.459257603,2.84717E-05,778.9744873,2.08856988,4.961620808,43.95952988,104.4305649,108,070801010601,24
154,F070801010601_407,1615.963248,13730.81121,3.391510487,586.7313232,51,563.8725586,11.46330547,133.6255188,3.323680162,0.949622929,9.412754059,0.001064481,131.0027161,11.79881954,234,213,0.001166678,33.44438553,66889,31.77216721,0.000121273,1150.603882,2.754607201,5.401896,18.46683311,36.2142067,115,070801010601,32
155,F070801010601_408,3587.636291,30704.57053,7.584028721,1312.036987,60,1483.436157,25.63401794,298.81073,7.432348251,2.123528004,19.20930576,0.002172364,130.9967194,11.79839611,476,433,0.002371697,73.95601654,147912,70.25821495,0.000268173,2795.473145,3.030108452,6.456058025,18.67449951,39.78855896,115,070801010601,32
156,F070801010601_416,2202.608574,18828.27666,4.650584221,804.5510864,41,621.5971069,15.71897507,183.233017,4.557572365,1.302163601,12.03898287,0.001361479,131.0003967,11.79865551,299,272,0.001489842,52.2362175,104473,49.62440681,0.000189414,1426.148193,2.957908392,5.243191719,16.21281052,28.73884583,108,070801010601,32
157,F070801010601_425,1331.374794,11385.34844,2.812180996,486.5073242,28,256.6958923,9.505171776,110.7999344,2.755937338,0.787410676,7.091873765,0.000802014,130.9938965,11.79819679,176,161,0.000881855,36.57309008,73146,34.74443579,0.000132618,743.2032471,3.021784544,4.616169453,14.00245285,21.39056969,115,070801010601,32
158,F070801010601_428,1726.541095,14751.78091,3.643689871,630.3583374,61,724.5841675,12.31567192,143.5613861,3.57081604,1.020233154,11.99485921,0.001356489,131.0025787,11.79880905,298,271,0.001484364,35.77445491,71549,33.98573288,0.000129722,1354.942505,2.326045513,4.999787807,18.54773331,39.86798096,108,070801010601,32
159,F070801010601_433,2910.240729,24942.67825,6.160841465,1065.825562,64,1285.397949,20.82364464,242.7371521,6.037624836,1.725035667,20.49586666,0.00231786,131.0003815,11.79865456,508,463,0.002536017,78.26515388,156530,74.3518939,0.000283798,2351.223633,2.301999092,5.07823658,14.33488083,31.62291527,108,070801010601,32
160,F070801010601_459,2870.737252,24936.83643,6.159398556,1065.575928,81,1626.450806,20.81876755,242.6802979,6.036210537,1.724631548,21.60667787,0.002443481,130.997818,11.79847336,537,489,0.002678429,39.5644702,79129,37.58624509,0.000143465,2692.026855,2.17909193,5.505167484,28.35015678,71.62265778,108,070801010601,32
161,F070801010601_46,1369.689678,11735.45077,2.898656368,501.4675598,60,566.9771118,9.797458649,114.2070618,2.840683222,0.811623812,9.057704926,0.001024328,156.4977722,13.89068794,264,240,0.001314566,,,,,1068.444702,2.089448214,4.451852798,,,108,070801010601,32
162,F070801010601_65,1809.891994,15767.57262,3.894590378,673.7641602,71,901.4418945,13.16371536,153.4468536,3.816698551,1.090485334,11.87979507,0.001343476,131.0005341,11.79866505,295,268,0.001467932,46.6074028,93215,44.27703094,0.000169004,1575.206055,2.514045477,5.877634525,15.21701336,35.57614517,108,070801010601,32
163,F070801010601_73,3943.602101,33703.39563,8.324738503,1440.17981,77,2089.675781,28.1376152,327.9946899,8.158244133,2.330926895,26.21505213,0.002964638,130.9980774,11.79849243,650,592,0.003242597,47.49377275,94988,45.11908412,0.000172218,3529.855469,2.432736158,5.962593555,31.91952705,78.23419952,108,070801010601,32
164,F070801010601_80,1161.78611,10097.77541,2.494150639,431.4880676,65,528.510498,8.430229187,98.26953888,2.444267511,0.698362172,10.87680721,0.001230049,130.9983368,11.79851055,270,246,0.00134743,19.6560955,39312,18.67329025,7.12752E-05,959.9985352,1.754016519,3.902433157,23.10723305,51.41025162,115,070801010601,32
165,F070801010602_10,7196.964913,61074.04394,15.085289,2609.754883,61,2999.860596,50.98827744,594.3604126,14.78358364,4.223880768,47.173352,0.005334795,131.0007324,11.79867935,1171,1066,0.005838865,83.91599137,167832,79.72019124,0.000304289,5609.615234,2.44817543,5.262303352,32.73643494,70.36630249,108,070801010602,24
166,F070801010602_11,1144.253799,9674.475124,2.38959527,413.3999939,65,506.3552246,8.076831818,94.15005493,2.341803312,0.669086695,9.917983551,0.001121616,130.9996033,11.79859924,245,223,0.001221451,15.15625598,30312,14.39844316,5.49582E-05,919.755249,1.853811622,4.124463081,28.71143723,63.87879944,108,070801010602,24
167,F070801010602_118,4030.690341,34437.05594,8.505952835,1471.529785,67,1857.870239,28.75012016,335.134552,8.335833549,2.381666899,27.18197894,0.003073987,130.999939,11.79862309,675,614,0.003363099,59.13325429,118266,56.17659211,0.000214424,3329.399902,2.39662838,5.422475338,26.19471359,59.26667786,108,070801010602,24
168,F070801010602_122,4344.196016,37149.6284,9.175958633,1587.440796,57,1705.07666,31.01473999,361.5327759,8.99243927,2.569268465,36.02580165,0.004074128,139.5009308,12.4285965,941,857,0.004694097,65.72355182,131448,62.43737393,0.000238321,3292.517578,1.852322936,3.841910839,25.42452812,52.73311996,108,070801010602,24
169,F070801010602_123,1045.901623,9038.107761,2.232412577,386.2073669,65,473.0482178,7.545554638,87.95705414,2.187764406,0.625075519,6.912195325,0.000781694,131.0011749,11.79871082,171,155,0.000848991,13.24541163,26491,12.58314085,4.80293E-05,859.2556152,2.491660357,5.543584824,30.69244576,68.28626251,108,070801010602,24
170,F070801010602_126,2723.284283,23521.78015,5.80987978,1005.109192,74,1401.575439,19.63739395,228.909256,5.693682194,1.626766324,18.37380409,0.002077878,142.3313904,12.65251827,489,445,0.002437425,31.61312294,63227,30.03246617,0.000114633,2406.68457,2.258672237,5.408279896,33.46742249,80.13609314,108,070801010602,24
171,F070801010602_127,1627.782157,14097.05884,3.481973648,602.3814697,60,681.0740356,11.76907063,137.1897583,3.412334204,0.974952638,7.76551799,0.000878196,148.0017548,13.12384415,214,196,0.001073562,16.13198585,32264,15.32538691,5.84963E-05,1283.455566,3.073374748,6.548242569,39.30611801,83.74702454,108,070801010602,24
172,F070801010602_155,2400.633884,21236.37597,5.245384693,907.4515381,59,1008.897278,17.72940063,206.6681519,5.14047718,1.468707681,13.03235912,0.001473819,130.997345,11.79843998,323,294,0.001610344,8.164560318,16329,7.756332397,2.96056E-05,1916.348877,3.086569786,6.518193245,116.9949265,247.0689545,108,070801010602,24
173,F070801010602_215,3294.108384,28279.37196,6.985004902,1208.405884,77,1753.375977,23.60931587,275.209198,6.845304966,1.955801368,22.49778032,0.002544255,130.9995117,11.79859352,559,509,0.002787976,26.1290408,52258,24.82258849,9.47468E-05,2961.781738,2.374078274,5.818824768,48.68170166,119.3180084,108,070801010602,24
174,F070801010602_224,1413.675197,11879.68509,2.934282303,507.6308289,73,698.3004761,9.917874336,115.6107254,2.875596762,0.821599066,8.353243828,0.000944661,100.5121765,9.987893105,175,159,0.0008709,,,,,1205.931274,3.192646742,7.58447361,,,108,070801010602,24
175,F070801010602_225,1520.99069,12857.36807,3.175769806,549.4082031,63,652.239624,10.73410225,125.1253281,3.112254381,0.889215529,9.34831214,0.001057193,139.5051422,12.42892361,244,222,0.001215974,23.27652359,46553,22.1126976,8.44032E-05,1201.647827,2.474811792,5.412827969,24.8458252,54.3419838,108,070801010602,24
176,F070801010602_229,1702.725631,14517.91291,3.585924387,620.3649292,61,713.0969238,12.12042427,141.2854156,3.514205933,1.004058838,9.170204401,0.001037051,131.0029755,11.79883766,227,207,0.001133813,13.53482342,27070,12.85808229,4.90788E-05,1333.461914,2.99693203,6.44184494,48.24708176,103.7061234,108,070801010602,24
177,F070801010602_244,1553.633194,13156.28134,3.249601603,562.1810913,73,773.34021,10.98365307,128.0343018,3.184609652,0.909888446,9.320497751,0.001054047,131.0040588,11.79891396,232,212,0.0011612,23.80461216,47609,22.61438084,8.63181E-05,1335.52124,2.651797533,6.299628258,24.85945129,59.05628204,108,070801010602,24
178,F070801010602_262,2899.970282,24942.35474,6.160761833,1065.811768,75,1506.306152,20.8233757,242.7340088,6.037546635,1.725013256,18.88830972,0.002136063,130.9967346,11.79839706,468,426,0.002333355,32.40767813,64815,30.78729486,0.000117514,2572.11792,2.501905441,6.037835598,34.61855698,83.54478455,108,070801010602,24
179,F070801010602_273,3041.478883,26306.81481,6.497783184,1124.116455,66,1398.06311,21.96250725,256.0126648,6.367827415,1.81937933,16.11230814,0.001822127,131.0004578,11.79866028,399,363,0.001988282,39.67950571,79358,37.69553018,0.000143882,2522.179688,3.096739531,6.948153496,29.82094765,66.90924835,108,070801010602,24
180,F070801010602_279,1157.451816,10058.70234,2.484499454,429.8184204,55,445.4707642,8.397607803,97.88928223,2.434809446,0.695659876,6.475781441,0.000732341,130.9742737,11.79681396,161,147,0.000805172,,,,,875.2891846,2.923934937,5.954348087,,,108,070801010602,24
181,F070801010602_280,3334.976314,28135.29843,6.949418545,1202.24939,64,1449.926758,23.48903465,273.8070984,6.81043005,1.94583714,22.37865567,0.002530784,130.9993134,11.79857922,555,505,0.002766067,36.43514204,72871,34.61338496,0.000132118,2652.17627,2.380691767,5.251834393,34.73365402,76.62284851,108,070801010602,24
182,F070801010602_281,2623.141958,22407.07141,5.534546852,957.4766235,57,1028.429443,18.70676804,218.061142,5.423855782,1.54967308,16.19532514,0.001831516,131.0001678,11.7986393,402,366,0.002004714,8.10857445,16216,7.703145683,2.94026E-05,1985.906006,2.616056442,5.425972462,124.2968369,257.8045349,108,070801010602,24
183,F070801010602_295,2763.612714,23431.19739,5.787505627,1001.238464,57,1075.434326,19.56176949,228.0277252,5.671755314,1.620501518,15.42359471,0.001744241,130.9997253,11.79860783,383,349,0.001911598,6.583973289,13168,6.25477457,2.38742E-05,2076.672852,2.868878126,5.950352192,160.0758667,332.0140076,108,070801010602,24
184,F070801010602_307,1328.215355,11133.46355,2.749965429,475.7440186,82,735.1207886,9.294882774,108.3486404,2.694966078,0.769990325,9.10817492,0.001030036,142.3397827,12.65319252,243,221,0.001210496,17.48047996,34961,16.6064558,6.33861E-05,1210.864746,2.152687788,5.479025841,28.64813614,72.91530609,108,070801010602,24
185,F070801010602_308,1904.000843,16366.85191,4.042612553,699.3719482,70,922.5240479,13.66403008,159.2789307,3.961760283,1.131931543,13.48232007,0.001524704,142.3351593,12.65282059,358,326,0.001785619,22.99622965,45993,21.84641838,8.33868E-05,1621.895996,2.145312786,4.975141048,32.01311874,74.24082184,108,070801010602,24
186,F070801010602_317,1599.319877,13841.10304,3.418752432,591.4441528,53,590.6920166,11.55538368,134.6988525,3.350377321,0.957250655,14.24330688,0.001610764,159.3317261,14.16375351,424,387,0.002119738,28.6265831,57253,27.19525433,0.000103803,1182.13623,1.528279424,3.054615498,21.74806404,43.46847534,108,070801010602,24
187,F070801010602_342,2858.092436,24818.32494,6.130126476,1060.511841,59,1179.068481,20.71982765,241.5269775,6.007524014,1.716435432,19.00076866,0.002148781,147.9995422,13.12365341,524,477,0.002612701,10.08045387,20161,9.576431274,3.65528E-05,2239.580322,2.223295212,4.695137024,110.7418594,233.8637695,108,070801010602,24
188,F070801010602_343,4564.549524,38846.76208,9.595149994,1659.960938,62,1939.371704,32.43160629,378.0489197,9.40324688,2.686641932,30.83514309,0.003487121,151.3990326,13.42144299,870,792,0.004338069,62.70236111,125405,59.56724262,0.000227366,3599.33252,2.095910311,4.544611931,27.86701012,60.42469406,108,070801010602,24
189,F070801010602_401,3164.366795,27355.98797,6.756928921,1168.94873,58,1277.60022,22.83841896,266.2229919,6.621790409,1.891940117,27.01926041,0.003055586,131.0072784,11.79914093,671,611,0.003346667,,,,,2446.548828,1.913173079,4.004171371,,,108,070801010602,32
190,F070801010602_418,3416.219706,29450.62051,7.274303436,1258.454468,45,1067.140259,24.58714485,286.6075439,7.128817558,2.036804914,22.411082,0.002534451,139.5009155,12.42859554,586,533,0.002919433,78.95311907,157905,75.00546457,0.000286293,2325.594727,2.361077785,4.363217354,16.77816963,31.00567055,108,070801010602,24
191,F070801010602_422,3450.137456,29981.91449,7.405532837,1281.157227,47,1134.675781,25.03070068,291.7779846,7.25742197,2.073549271,21.53280067,0.002435126,131.004364,11.79893494,534,486,0.002661997,75.96195221,151924,72.16385651,0.000275446,2415.833008,2.636126041,4.970849991,17.75344658,33.47705078,108,070801010602,24
192,F070801010602_435,1843.607307,15807.75056,3.904514313,675.480957,40,509.1486511,13.197258,153.8378601,3.826424122,1.093263984,13.79937589,0.00156056,130.9983368,11.79851055,343,312,0.001708936,13.02773535,26056,12.37634838,4.724E-05,1184.629639,2.165003061,3.796889782,54.57837296,95.71721649,108,070801010602,24
193,F070801010602_436,3097.928042,26486.19844,6.542090893,1131.781738,46,981.0519409,22.11226654,257.7583923,6.411249161,1.83178544,25.05818953,0.00283381,131,11.79862785,622,566,0.003100186,33.01211829,66024,31.36151179,0.000119706,2112.83374,1.999614358,3.732921839,36.08823776,67.3702774,108,070801010602,24
194,F070801010602_438,2623.61191,22682.39937,5.602552414,969.2415771,62,1132.387939,18.93662643,220.7405701,5.490501404,1.568714619,15.13182735,0.001711246,131.0032501,11.79885674,376,342,0.001873257,31.59086323,63182,30.01132011,0.000114552,2101.629395,2.834039688,6.145115376,32.29586792,70.02788544,108,070801010602,24
195,F070801010602_439,2028.839744,17499.58926,4.322398663,747.7749634,64,901.8251343,14.60970783,170.3025055,4.23595047,1.210271597,9.242876086,0.001045269,130.9985809,11.79852772,229,208,0.001139291,22.67732885,45355,21.54346183,8.22305E-05,1649.600098,3.595072031,7.93076992,34.71006393,76.57080078,108,070801010602,24
196,F070801010602_446,1908.965654,16404.09478,4.051811218,700.9633179,77,1017.085754,13.69512177,159.6413574,3.970774889,1.134507179,12.84788942,0.001452957,131.0030518,11.79884243,319,290,0.001588434,23.20927334,46418,22.04880905,8.41594E-05,1718.049072,2.417114973,5.924307346,31.79143715,77.9202652,108,070801010602,24
197,F070801010602_451,8573.30972,73920.90724,18.25846481,3158.714355,70,4166.611328,61.7136116,719.3834839,17.89329529,5.112370014,57.16345112,0.006464567,139.4996643,12.42849731,1494,1360,0.007449209,114.2432293,228487,108.5310673,0.000414258,7325.325684,2.322584152,5.386269093,29.10424042,67.49519348,108,070801010602,24
198,F070801010602_453,1911.412268,16426.16424,4.057262421,701.9063721,60,793.6005249,13.71354675,159.8561401,3.976117134,1.136033535,15.10563193,0.001708283,139.4969482,12.42828655,395,360,0.001971849,26.98887654,53978,25.63943176,9.78646E-05,1495.506836,1.949739933,4.154185772,27.37605095,58.32839203,108,070801010602,24
199,F070801010602_454,1794.224692,15306.28731,3.780653,654.0529785,68,838.0950928,12.77860737,148.9577332,3.705039978,1.058582783,11.87263923,0.001342667,130.9954681,11.79830837,295,269,0.00147341,5.731344216,11463,5.444776878,2.07825E-05,1492.148071,2.431423664,5.547019005,120.1248474,274.0512695,108,070801010602,24
200,F070801010602_461,2618.197021,22891.65536,5.654238701,978.1832886,64,1179.700439,19.11132622,222.7770081,5.541153908,1.583186865,19.25845582,0.002177923,139.4989166,12.42843914,503,458,0.002508631,41.49466981,82990,39.41993608,0.000150464,2157.883789,2.135771275,4.711536884,24.81443024,54.74092484,108,070801010602,24
201,F070801010602_462,2661.636277,22781.81231,5.62710762,973.489624,72,1320.794556,19.0196228,221.7080383,5.514565468,1.575590134,13.00221437,0.00147041,130.9998474,11.79861641,323,294,0.001610344,27.99267578,55985,26.59304142,0.000101505,2294.28418,3.311189175,7.803687572,36.60692978,86.27385712,108,070801010602,24
202,F070801010602_512,1240.596168,10555.79064,2.607280254,451.0594788,57,484.4848022,8.812606812,102.7268448,2.555134535,0.730038464,6.541667752,0.000739792,131.0024719,11.79880142,162,147,0.000805172,14.73233443,29465,13.99571718,5.34211E-05,935.5443115,3.068431854,6.364246845,32.22839355,66.84503937,108,070801010602,24
203,F070801010602_517,2045.992766,17659.72959,4.361953259,754.6179199,84,1194.477295,14.74340248,171.8609619,4.274713993,1.221346855,10.31171179,0.001166143,131.006958,11.79911804,256,233,0.001276225,23.40976048,46820,22.23927307,8.48864E-05,1949.095215,3.238703489,8.365215302,33.93177032,87.64203644,108,070801010602,24
204,F070801010602_518,1595.741894,13802.66405,3.409258127,589.8016357,79,878.0202637,11.52329254,134.3247681,3.341073036,0.954592288,11.11754799,0.001257274,130.9994965,11.79859161,276,251,0.001374817,19.51939774,39039,18.54342842,7.07795E-05,1467.821899,2.349807262,5.847896099,31.8065052,79.15590668,108,070801010602,24
205,F070801010602_537,1445.985147,12434.99915,3.07144475,531.3599243,58,580.7486572,10.38148308,121.0149231,3.010015965,0.860004544,6.774085992,0.000766076,130.9947052,11.79825401,168,153,0.000838036,5.130865514,10262,4.87432237,1.86051E-05,1112.108643,3.472940683,7.26868391,109.0120621,228.1565704,108,070801010602,24
206,F070801010602_538,1999.885725,16919.73217,4.179173946,722.9970703,59,803.8223877,14.12560749,164.6594543,4.095590591,1.170168757,9.165995657,0.001036575,131.0015717,11.79873848,228,207,0.001133813,7.081845939,14164,6.727753818,2.56795E-05,1526.819458,3.492739439,7.375939369,107.4648514,226.9434204,108,070801010602,24
207,F070801010602_559,1559.948637,13475.6146,3.328476906,575.8264771,53,575.0942383,11.25025177,131.141983,3.261907339,0.931973517,8.618337154,0.000974641,131.0019531,11.79876518,214,195,0.001068085,22.98306179,45966,21.83390903,8.33391E-05,1150.920654,2.9529562,5.902157307,26.37303543,52.71253204,108,070801010602,24
208,F070801010602_630,1523.164973,13146.91427,3.24728775,561.7807617,52,550.4802246,10.97583294,127.9431381,3.182342052,0.909240544,8.275641587,0.000935885,130.9951019,11.79828262,206,188,0.001029744,28.85136983,57703,27.40880015,0.000104618,1112.260986,2.988195658,5.9162817,20.49636459,40.58043289,108,070801010602,24
209,F070801010602_633,2728.220853,23632.20741,5.837155342,1009.827881,66,1255.922363,19.72958565,229.9839172,5.720412254,1.634403467,20.08190584,0.002271046,142.3325806,12.65261364,534,486,0.002661997,49.32797718,98657,46.86157703,0.000178869,2265.750244,2.077835083,4.662037373,21.54916573,48.3498497,108,070801010602,24
210,F070801010602_634,2190.499623,18451.93535,4.557628155,788.4696655,79,1173.771484,15.40478325,179.5705566,4.466475487,1.276135921,14.52519819,0.001642643,139.5005646,12.42856789,380,346,0.001895166,24.90457688,49808,23.6593481,9.03067E-05,1962.241211,2.278814077,5.671217442,33.32592392,82.93724823,108,070801010602,24
211,F070801010602_635,2911.653731,24979.64388,6.169971943,1067.405151,74,1488.444092,20.85450554,243.0968933,6.046572685,1.727592111,20.74738044,0.002346304,131.0023041,11.79878998,516,470,0.002574359,32.6492545,65298,31.01679105,0.00011839,2555.849121,2.271074772,5.437976837,34.41378403,82.40211487,108,070801010602,24
212,F070801010602_642,3816.010185,32788.63532,8.09879303,1401.091187,72,1900.948486,27.37392044,319.0924377,7.936817169,2.267662048,23.69243145,0.002679357,131.001297,11.79871941,588,535,0.002930387,34.31707573,68634,32.60122204,0.000124437,3302.039551,2.618861914,6.172036648,42.97664642,101.285759,108,070801010602,24
213,F070801010602_646,2975.327683,25896.69289,6.396482944,1106.591553,62,1292.857178,21.62011147,252.0214233,6.268553257,1.791015267,17.1149281,0.001935513,139.5032196,12.42877483,447,406,0.002223808,40.80922594,81619,38.76876533,0.000147979,2399.44873,2.725594997,5.909972191,28.54337883,61.89128494,108,070801010602,24
214,F070801010602_647,3006.326373,25599.12779,6.322984695,1093.876343,69,1422.292236,21.37168884,249.1255951,6.196525097,1.770435691,18.52561432,0.002095046,131.0014038,11.79872608,459,418,0.002289536,35.03056848,70061,33.27903938,0.000127025,2516.168457,2.616929054,6.01954174,32.86983109,75.6082077,108,070801010602,24
215,F070801010602_668,1439.013146,12134.27625,2.997166157,518.5097656,85,830.5147705,10.13042164,118.0883484,2.937222719,0.839206517,7.501168728,0.000848301,131.0016785,11.79874611,185,168,0.000920196,18.12156916,36243,17.21549129,6.57108E-05,1349.024536,3.086367607,8.02990818,30.11878967,78.36108398,108,070801010602,24
216,F070801010602_686,1114.050089,9398.164824,2.32134676,401.5929871,60,454.0553894,7.846151829,91.46105957,2.274919748,0.649977088,5.577146292,0.000630715,130.9969635,11.79841328,138,125,0.00068467,,,,,855.6483765,3.212743998,6.845187187,,,108,070801010602,32
217,F070801010602_693,3438.249017,30127.23092,7.4414258,1287.366699,63,1528.320068,25.1520195,293.1921692,7.292597294,2.083599329,21.57560222,0.002439967,130.9975739,11.79845619,536,488,0.002672951,48.22936614,96458,45.81789929,0.000174885,2815.686768,2.638046503,5.769849777,28.0974617,61.45386124,108,070801010602,24
218,F070801010602_720,2209.460652,19151.99842,4.730543613,818.3840332,52,801.9217529,15.98923779,186.3834229,4.635932922,1.324552178,13.1277256,0.001484604,120.4927826,11.10111332,306,278,0.001522706,,,,,1620.305786,2.943827391,5.828438282,,,108,070801010602,24
219,F070801010602_725,2754.592272,23799.42111,5.878457069,1016.973083,65,1245.64502,19.86918449,231.6112061,5.7608881,1.64596796,15.90580463,0.001798774,130.996048,11.79834938,395,359,0.001966372,61.97151947,123943,58.87294388,0.000224716,2262.618164,2.832794189,6.302557468,17.27403069,38.43222427,108,070801010602,24
220,F070801010602_736,1426.239852,12009.59666,2.966370344,513.1820679,64,618.9035645,10.0263319,116.8749924,2.90704298,0.830583692,6.829145432,0.000772302,131.0016022,11.79874039,170,155,0.000848991,3.122641057,6245,2.966508985,1.1323E-05,1132.085693,3.310852051,7.303778648,172.9919128,381.6221924,108,070801010602,24
221,F070801010602_764,10468.0725,89410.80283,22.08446884,3820.613037,70,5039.675293,74.64550781,870.1280518,21.6427803,6.183651447,68.02995753,0.007693451,130.9992676,11.79857635,1687,1535,0.008407747,157.8128243,315626,149.9221844,0.000572247,8860.288086,2.488998652,5.772174835,25.48397446,59.09924698,108,070801010602,24
222,F070801010603_168,1585.398612,13529.13826,3.341697216,578.1136475,77,838.8327637,11.29493618,131.6628723,3.274863243,0.935675204,7.217033982,0.000816168,131.0005188,11.79866409,180,164,0.000898287,3.354115188,6708,3.186409414,1.21624E-05,1416.946411,3.525083303,8.639917374,181.4310608,444.6843567,108,070801010603,24
223,F070801010603_195,1636.802282,13914.54823,3.436893463,594.5825806,57,638.6435547,11.61670017,135.4136047,3.368155479,0.962330163,10.79711103,0.001221036,130.9924927,11.79809856,268,244,0.001336476,45.66023827,91321,43.37722588,0.000165569,1233.226074,2.436813831,5.054205418,13.7072525,28.43026543,115,070801010603,32
224,F070801010603_221,2078.262415,17927.78532,4.428163052,766.0722046,65,938.3277588,14.96719074,174.4696198,4.339599609,1.239885688,11.02138042,0.001246399,131.0021667,11.79878044,274,249,0.001363863,20.19863629,40397,19.18870473,7.32425E-05,1704.399902,3.076595306,6.844979763,39.92308044,88.82308197,108,070801010603,32
225,F070801010603_237,1179.581288,9735.616375,2.40469718,416.0126038,65,509.5552673,8.127876282,94.74507141,2.356603146,0.673315227,9.975724409,0.001128146,130.9955139,11.79831123,248,226,0.001237883,18.16862514,36338,17.26019427,6.58814E-05,925.5678711,1.840763688,4.095433235,24.10242844,53.62441635,115,070801010603,32
226,F070801010603_240,2263.192812,19133.39247,4.725947857,817.5889893,58,893.5822144,15.97370338,186.2023468,4.631428719,1.323265433,14.02040255,0.001585556,130.9978027,11.7984724,348,316,0.001730846,42.66916013,85338,40.53570127,0.000154723,1711.171143,2.587306976,5.415098667,20.16960335,42.21392822,115,070801010603,32
227,F070801010603_244,1693.797805,14435.39843,3.565543413,616.8389893,48,557.9362183,12.05153656,140.4824066,3.494232655,0.99835217,9.881227493,0.00111746,130.9963989,11.79837322,245,223,0.001221451,,,,,1174.775146,2.766094208,5.268050194,,,108,070801010603,32
228,F070801010603_245,2254.535542,19838.14625,4.90002203,847.7037964,45,718.833252,16.56207466,193.0608673,4.802021503,1.372006178,12.48882782,0.001412351,131.0040894,11.79891586,310,282,0.001544615,49.84967442,99699,47.35719199,0.00018076,1566.537109,3.006041765,5.555096149,17.90021324,33.07918167,108,070801010603,32
229,F070801010603_281,2541.708316,22189.48611,5.480803013,948.178894,48,857.6361084,18.52511406,215.943634,5.371186733,1.534624815,15.59623909,0.001763766,131.0033264,11.79886246,387,352,0.001928031,10.53730106,21075,10.01043606,3.82094E-05,1805.814941,2.693690062,5.13015604,94.71903992,180.3932343,115,070801010603,32
230,F070801010603_289,1273.647271,10858.01179,2.681928873,463.9736938,58,507.0991211,9.064919472,105.6679993,2.628290176,0.750940084,7.035593033,0.000795649,130.9931335,11.79814339,175,159,0.0008709,,,,,971.0728149,2.918073654,6.107376099,,,108,070801010603,32
231,F070801010603_298,1558.555014,13463.41913,3.325464487,575.3053589,40,433.640564,11.24007034,131.0233002,3.25895524,0.931130052,8.1531744,0.000922036,131.0026703,11.79881573,202,184,0.001007834,,,,,1008.945923,3.126659632,5.483401775,,,115,070801010603,32
232,F070801010603_318,3032.645586,26151.68652,6.459466457,1117.487671,60,1263.47168,21.83299637,254.5029755,6.330276966,1.808650613,19.53932524,0.002209686,131.0032196,11.79885483,484,441,0.002415516,,,,,2380.959473,2.533985615,5.399001122,,,115,070801010603,32
233,F070801010603_32,2262.222859,19408.9805,4.794018269,829.3651733,58,906.4530029,16.20378113,188.8843231,4.69813776,1.342325091,14.67264986,0.001659318,130.9968567,11.79840565,365,332,0.001818483,8.956304789,17913,8.508489609,3.24765E-05,1735.818115,2.498087883,5.228367805,97.47501373,204.0101318,108,070801010603,32
234,F070801010603_92,2994.755044,26075.83821,6.440732002,1114.246582,57,1196.816895,21.7696743,253.7648468,6.311917305,1.803404927,20.12143385,0.002275516,131.0004883,11.79866219,499,454,0.002486721,53.04158636,106082,50.3895072,0.000192335,2311.063477,2.454287529,5.09044838,22.1126709,45.86398315,108,070801010603,32
235,F070801010604_11,876.6130413,7489.985117,1.850026369,320.0545654,79,476.4557495,6.253088951,72.89103699,1.813025832,0.518007398,10.17098808,0.001150229,130.9910278,11.79799461,252,229,0.001254315,13.32786942,26656,12.66147614,4.83283E-05,796.5103149,1.397618175,3.478210926,25.2778244,62.90817261,108,070801010604,32
236,F070801010604_122,1005.982086,8936.220141,2.207246304,381.8536072,39,280.629303,7.460492611,86.96550751,2.163101435,0.618028939,7.422473192,0.000839401,130.997406,11.79844475,184,168,0.000920196,16.12372065,32247,15.31753492,5.84664E-05,662.4829102,2.272938251,3.943350554,24.92918205,43.24996948,108,070801010604,32
237,F070801010604_127,1258.053562,10953.28421,2.705461264,468.0447998,80,705.5842896,9.144458771,106.5951767,2.651351929,0.75752914,6.07017229,0.000686471,130.9990997,11.79856396,151,137,0.000750398,11.28246089,22565,10.7183379,4.09114E-05,1173.62915,3.416385412,8.566636086,43.66766739,109.4973068,108,070801010604,32
238,F070801010604_132,2227.928976,19319.91853,4.772019863,825.5594482,71,1104.531738,16.12942696,188.0175781,4.676579475,1.336165547,13.22851205,0.001496001,130.9950104,11.79827595,328,299,0.001637731,26.18954706,52379,24.88006926,9.49662E-05,1930.091187,2.761068344,6.455154419,33.1815567,77.57579803,108,070801010604,32
239,F070801010604_144,2112.928148,17744.99357,4.383013248,758.2612915,77,1100.223999,14.81458473,172.6907196,4.295352936,1.227243662,12.13903022,0.001372793,139.5033112,12.42878151,318,290,0.001588434,28.70760918,57415,27.27222967,0.000104097,1858.485352,2.614694118,6.40857029,27.80342102,68.14570618,108,070801010604,32
240,F070801010604_149,4437.467222,37421.82098,9.243189812,1599.071777,67,2018.897339,31.24198151,364.1816711,9.058325768,2.588093042,21.42880511,0.002423366,130.9966431,11.79839134,532,483,0.002645565,9.463593483,18926,8.990413517,3.4316E-05,3617.969238,3.310707569,7.490619659,177.86409,402.4252319,108,070801010604,32
241,F070801010604_190,1082.316227,9370.17057,2.314432144,400.396759,75,565.8786621,7.822780609,91.18862915,2.268143415,0.64804101,5.042925358,0.0005703,,,,,,,,,,966.2753906,,,,,108,070801010604,32
242,F070801010604_202,2439.080391,21138.98471,5.221329212,903.289978,76,1293.636597,17.64809227,205.7203674,5.116902828,1.461972237,11.62353992,0.001314496,115.7516708,10.81315899,264,239,0.001309089,16.75037253,33501,15.91285348,6.07387E-05,2196.926514,3.7794559,9.19216156,56.76480103,138.0598755,108,070801010604,32
243,F070801010604_242,1311.266688,11468.32183,2.832675457,490.0528564,54,498.6642761,9.574442863,111.6074142,2.776021957,0.793149114,5.212219238,0.000589446,131.0073853,11.79914856,129,117,0.000640851,2.059078693,4118,1.956124783,7.46644E-06,988.7171631,4.188486099,8.450573921,250.5222931,505.4468689,108,070801010604,32
244,F070801010604_268,1937.264298,16913.64006,4.177669048,722.7367554,45,612.8640747,14.12052155,164.6001587,4.094115734,1.169747353,13.5578146,0.001533242,131.0021973,11.79878235,336,306,0.001676072,7.032288909,14065,6.680674314,2.54998E-05,1335.60083,2.361884832,4.364708424,108.1832047,199.9200592,108,070801010604,32
245,F070801010604_31,2163.654231,18734.98169,4.627540588,800.5645142,52,784.4606934,15.64108753,182.3251038,4.534989834,1.295711398,14.68831468,0.001661089,130.9971466,11.79842663,364,332,0.001818483,30.40745783,60815,28.88708591,0.000110261,1585.025146,2.411338806,4.774172306,27.71357727,54.8696785,108,070801010604,32
246,F070801010604_32,1217.362197,10492.938,2.591755629,448.3737183,83,701.2772217,8.760133743,102.1151733,2.539920568,0.725691557,7.075067997,0.000800114,130.9960327,11.79834747,176,160,0.000876378,10.34497738,20690,9.827728271,3.7512E-05,1149.650879,2.802335739,7.185317993,45.62333298,116.9803314,108,070801010604,32
247,F070801010604_49,6018.110227,51743.25571,12.78058434,2211.041016,65,2708.205811,43.1983757,503.5550232,12.52497292,3.57856369,40.62498713,0.004594246,130.9993744,11.79858303,1007,916,0.005017261,87.64585161,175291,83.263556,0.000317813,4919.24707,2.41380024,5.370357037,26.55472755,59.08043289,108,070801010604,32
248,F070801010604_60,6272.361132,54323.02613,13.41778755,2321.277344,54,2362.067383,45.35212326,528.6608276,13.14943218,3.756980419,46.22258786,0.005227274,130.9987946,11.79854298,1147,1044,0.005718363,39.33813858,78677,37.3712323,0.000142644,4683.344727,2.223445654,4.485962391,62.11401749,125.319519,108,070801010604,32
249,F070801010604_78,3705.400184,31519.84795,7.785402298,1346.874634,51,1294.401123,26.31465912,306.7448425,7.629694462,2.179912567,24.47339094,0.002767675,151.4013214,13.42164707,690,628,0.003439782,44.85646263,89714,42.61363974,0.000162654,2641.275879,2.144704819,4.205853462,31.60665512,61.98193741,108,070801010604,32
250,F070801010604_86,2436.146402,21179.20901,5.231264591,905.0087891,69,1176.720703,17.68167496,206.1118317,5.126639366,1.464754105,16.49680328,0.00186561,131.0021362,11.79877853,409,372,0.002037578,37.33358002,74667,35.46689987,0.000135376,2081.729492,2.432819366,5.596046925,25.51699638,58.69499588,108,070801010604,32
251,F070801010605_102,2087.720178,17819.48651,4.401412964,761.444458,50,717.4304199,14.87677574,173.4156647,4.313384533,1.232395649,12.52307044,0.001416224,130.9967804,11.79840088,312,284,0.00155557,8.866125844,17732,8.422819544,3.21495E-05,1478.874878,2.681142569,5.207305908,90.40255737,175.5795441,108,070801010605,32
252,F070801010605_103,2738.6036,23239.49158,5.740154266,993.0466919,43,804.6548462,19.40172195,226.1620789,5.625350952,1.60724318,16.72956634,0.001891933,131.0002747,11.79864693,416,378,0.002070442,10.73497081,21470,10.19822228,3.89262E-05,1797.701538,2.62710762,4.755824089,97.37448883,176.2759705,108,070801010605,32
253,F070801010605_104,2288.263363,21082.05567,5.207267761,900.8572998,55,933.6630859,17.60056496,205.1663513,5.103122234,1.458034992,13.50659728,0.00152745,130.9983521,11.79851151,335,305,0.001670595,8.180087745,16360,7.771083504,2.96619E-05,1834.520386,2.953630447,6.014821053,115.9242859,236.0700836,108,070801010605,32
254,F070801010605_114,2737.091961,23484.31333,5.800625324,1003.508179,46,869.8617554,19.60611343,228.544632,5.684612751,1.624175072,18.54736936,0.002097507,131.0046844,11.79895782,461,420,0.002300491,10.65594804,21312,10.12315071,3.86396E-05,1873.369873,2.389305115,4.460404396,99.13002777,185.0579834,108,070801010605,32
255,F070801010605_123,1222.244235,10396.4397,2.567920685,444.2502747,63,527.3995361,8.679572105,101.1760712,2.516562223,0.719017804,9.613853216,0.001087223,130.9960175,11.79834652,239,218,0.001194064,23.43101597,46862,22.25946522,8.49634E-05,971.6497803,2.037845373,4.457108974,19.95781517,43.6510849,108,070801010605,32
256,F070801010605_125,1596.872535,14059.18169,3.472617865,600.7628784,58,656.6025391,11.73744869,136.8211365,3.403165579,0.972333014,10.93326783,0.001236434,131.0013428,11.79872227,271,247,0.001352908,31.65293741,63306,30.07029009,0.000114777,1257.365479,2.43223834,5.090548515,19.97861862,41.8142128,108,070801010605,32
257,F070801010605_127,3237.746432,28296.69993,6.989284992,1209.146362,59,1344.319092,23.62378311,275.3778381,6.849499226,1.956999779,25.19203901,0.002848947,131.0027008,11.79881763,625,568,0.00311114,,,,,2553.465332,2.128778696,4.495537758,,,108,070801010605,32
258,F070801010605_129,3117.379144,26937.01404,6.653442383,1151.045532,51,1106.201294,22.48863602,262.1456299,6.520373344,1.862963915,17.79149342,0.002012025,130.9955902,11.79831696,442,402,0.002201899,10.87704754,21754,10.33319521,3.94414E-05,2257.246826,2.863297462,5.615041733,111.3929901,218.446167,108,070801010605,32
259,F070801010605_142,1638.753156,14185.77393,3.503886223,606.1723022,50,571.1334839,11.84313583,138.0531158,3.433808565,0.981088161,12.13211441,0.001372011,158.2030945,14.05392742,359,327,0.001791097,35.34498215,70690,33.57773209,0.000128165,1177.305786,1.85373795,3.600323439,18.05280685,35.06209946,115,070801010605,32
260,F070801010605_148,1948.432982,16766.54595,4.141336918,716.4512939,50,675.0379028,13.99771881,163.1686707,4.058510303,1.159574389,11.297719,0.00127765,158.2038116,14.05399704,334,304,0.001665117,35.42531204,70851,33.6540451,0.000128456,1391.489258,2.356747627,4.57726717,21.28871346,41.34686661,108,070801010605,32
261,F070801010605_161,1345.676928,11515.94855,2.844439268,492.0879822,61,565.6452026,9.614204407,112.0709076,2.787550449,0.796442986,7.581449509,0.00085738,131.0015259,11.79873562,188,171,0.000936628,3.216244221,6432,3.055432081,1.16625E-05,1057.733154,2.877707481,6.185574055,161.0534821,346.1812134,108,070801010605,32
262,F070801010605_163,1186.962982,10064.6207,2.485961199,430.0712891,79,640.2344971,8.40254879,97.9468689,2.436241865,0.696069121,5.678328514,0.000642157,131.002121,11.79877758,141,128,0.000701102,5.237892389,10476,4.975997686,1.89932E-05,1070.305786,3.359931946,8.361763954,86.42916107,215.0937042,108,070801010605,32
263,F070801010605_166,2997.904582,25853.3133,6.385768414,1104.737915,57,1186.603516,21.58389664,251.5992737,6.258052826,1.788015127,18.94808221,0.002142823,130.9971771,11.79842854,470,428,0.00234431,45.63062286,91261,43.34909201,0.000165462,2291.341309,2.581163406,5.353600979,25.48468399,52.85788345,108,070801010605,32
264,F070801010605_171,2140.538354,18601.28175,4.594516754,794.8513794,60,898.6875,15.52946663,181.0239563,4.502626419,1.286464691,11.63248301,0.001315508,131.0031128,11.7988472,289,263,0.001440546,24.68820381,49377,23.45379353,8.95221E-05,1693.538818,3.022248507,6.439311028,33.89009857,72.2074585,108,070801010605,32
265,F070801010605_179,2842.091819,24551.7483,6.06428194,1049.120728,55,1087.325806,20.49727249,238.9327087,5.942996502,1.697999001,20.52798271,0.002321492,130.9971619,11.79842758,509,463,0.002536017,13.08980942,26180,12.43531895,4.74651E-05,2136.446533,2.265919447,4.614355564,84.36621094,171.804718,108,070801010605,32
266,F070801010605_195,899.262656,7696.778113,1.901104212,328.8910217,67,415.2391968,6.425732136,74.90350342,1.86308217,0.532309175,8.639950752,0.000977085,130.9939728,11.79820251,214,195,0.001068085,3.819699287,7639,3.628714323,1.38506E-05,744.130249,1.686620593,3.816052675,90.63568878,205.0671844,108,070801010605,32
267,F070801010605_206,1322.581567,11328.52687,2.798146248,484.0793152,69,629.414978,9.457734108,110.2469635,2.742183208,0.783480942,13.44099221,0.001520031,130.9984131,11.79851532,333,303,0.00165964,,,,,1113.494263,1.59762156,3.674898624,,,108,070801010605,32
268,F070801010605_210,1899.417855,16590.5111,4.097856045,708.9290771,63,841.6176758,13.85075378,161.4555206,4.015898705,1.147399664,13.95799732,0.001578498,131.0007019,11.79867744,346,315,0.001725368,8.020328522,16041,7.619312286,2.90826E-05,1550.546753,2.25056839,4.922370434,93.0437088,203.5021973,108,070801010605,32
269,F070801010605_212,1588.10852,13998.19927,3.457555294,598.1570435,64,721.3842163,11.68653679,136.2276764,3.388404131,0.968115509,11.27333996,0.001274893,153.6692352,13.62694931,323,293,0.001604866,,,,,1319.54126,2.041491508,4.503553867,,,108,070801010605,32
270,F070801010605_221,1795.007997,15624.27272,3.859195471,667.6408081,48,603.8868408,13.04408073,152.0523071,3.782011509,1.080574751,12.68510628,0.001434548,142.3271637,12.65217781,337,307,0.001681549,8.387089729,16774,7.967735291,3.04125E-05,1271.527588,2.174725771,4.141783714,83.79304504,159.5845642,108,070801010605,32
271,F070801010605_231,1805.087457,15456.74469,3.817816019,660.4821777,76,945.9020386,12.90421772,150.4219513,3.741459608,1.068988442,13.14015782,0.001486009,130.996933,11.79841137,326,296,0.001621298,31.6270504,63254,30.04569745,0.000114683,1606.384277,2.231358767,5.42697382,21.98258781,53.46470261,108,070801010605,32
272,F070801010605_239,2683.884726,22873.97088,5.649870872,977.4276733,57,1049.859131,19.09656334,222.6049194,5.536873341,1.581963897,15.18108475,0.001716816,131.0011444,11.79870796,377,344,0.001884212,8.32167685,16644,7.905592859,3.01753E-05,2027.286865,2.841359615,5.893275738,123.6374893,256.4370422,115,070801010605,32
273,F070801010605_245,1863.291421,15985.4794,3.948413372,683.0755005,57,733.6941528,13.34563732,155.5674896,3.869445086,1.105555773,16.96576118,0.001918644,131.0038757,11.7989006,421,383,0.002097829,34.39244461,68785,32.67282104,0.000124711,1416.769653,1.783486962,3.699137449,20.9065361,43.36233139,108,070801010605,32
274,F070801010605_288,1943.380846,16686.95375,4.121677399,713.0501709,52,698.7068481,13.93126965,162.3940887,4.039243698,1.154069662,13.95451187,0.001578104,139.4998169,12.42850971,365,332,0.001818483,26.48284122,52966,25.15869913,9.60297E-05,1411.75708,2.147741556,4.252280235,28.34209251,56.11407471,108,070801010605,32
275,F070801010605_294,1232.226662,10485.65661,2.589957237,448.0625916,73,616.3580322,8.754055023,102.0443115,2.538158178,0.725188017,6.566100717,0.000742555,130.9994049,11.79858589,163,149,0.000816127,10.10378289,20208,9.598593354,3.66374E-05,1064.420654,3.007131577,7.143762589,46.68002701,110.8934021,108,070801010605,32
276,F070801010605_33,4971.892396,42835.32211,10.58032417,1830.396118,62,2138.495361,35.7614975,416.8647766,10.36871815,2.962490797,29.71280275,0.003360196,151.4006958,13.42159176,838,763,0.004179225,62.15980734,124320,59.05181637,0.000225398,3968.891602,2.398946524,5.201692581,30.99644089,67.21031952,108,070801010605,32
277,F070801010605_342,2414.642221,20510.6619,5.066133499,876.4411011,61,1007.451233,17.12353134,199.6056671,4.964810848,1.418517351,15.15298926,0.001713639,130.999115,11.79856491,377,344,0.001884212,47.26382017,94527,44.90062987,0.000171384,1883.892334,2.547793865,5.47643137,19.51957321,41.95692444,108,070801010605,32
278,F070801010605_345,1886.853869,15949.0889,3.939424992,681.5205078,69,886.1342773,13.31525612,155.2133484,3.860636473,1.103039026,9.305158377,0.001052313,130.9968414,11.79840469,231,210,0.001150246,,,,,1567.654785,3.245335817,7.465022564,,,108,070801010605,32
279,F070801010605_348,5399.875673,46228.80036,11.4185133,1975.402832,58,2159.012451,38.59457397,449.8894348,11.19014263,3.197183609,36.55698633,0.004134199,131.0012054,11.79871273,907,826,0.004524299,108.5726352,217145,103.1440058,0.000393696,4134.415039,2.391528845,5.005344868,19.15189171,40.08390808,108,070801010605,32
280,F070801010605_376,1165.452581,9866.949749,2.43713665,421.6246338,65,516.4292603,8.237522125,96.02318573,2.388393879,0.68239826,7.781967878,0.000880056,130.9963226,11.79836845,193,176,0.000964015,10.46527624,20931,9.94201231,3.79482E-05,938.053894,2.395594597,5.329851627,42.4083786,94.35251617,108,070801010605,32
281,F070801010605_410,2300.22397,19653.54028,4.854424477,839.8154297,63,1023.624451,16.40795517,191.264328,4.75733614,1.359238863,19.03818059,0.002153012,142.3325043,12.65260696,506,461,0.002525063,47.93270546,95865,45.53607169,0.000173809,1863.439941,1.821725488,4.042169094,18.44286156,40.92228317,108,070801010605,32
282,F070801010605_50,1164.554856,10097.57123,2.494100094,431.4793091,66,536.6305542,8.430058479,98.26753998,2.444218159,0.698348045,6.709080338,0.000758724,131.0204926,11.80007267,166,150,0.000821604,,,,,968.1098633,2.87652874,6.4540658,,,108,070801010605,24
283,F070801010605_72,1980.065046,17053.61206,4.212242126,728.7178955,52,714.0592651,14.23737812,165.9623413,4.127997398,1.179427743,12.80393124,0.001447986,130.9981689,11.79849815,317,289,0.001582957,7.287332892,14575,6.922966003,2.64247E-05,1442.7771,2.521515131,4.99230814,105.2609406,208.40448,108,070801010605,24
284,F070801010605_83,1097.148866,9528.564847,2.353555441,407.1651001,70,537.0814209,7.955017567,92.73008728,2.306484222,0.658995509,4.60705936,0.000521009,130.9977264,11.79846764,114,104,0.000569645,,,,,944.246521,3.915049076,9.079293251,,,108,070801010605,32
285,F070801030202_12,2126.846144,18397.67503,4.544225693,786.151062,50,740.7088623,15.35948277,179.0424957,4.453341007,1.272383213,11.215361,0.001268336,130.9948425,11.79826355,279,254,0.001391249,32.97605523,65952,31.32725142,0.000119575,1526.859863,3.095082998,6.011259079,25.09479904,48.73902893,104,070801030202,32
286,F070801030202_17,2926.912033,25592.49721,6.32134676,1093.593018,56,1154.025146,21.36615181,249.0610657,6.194919586,1.769977093,13.66949433,0.001545872,153.6654663,13.62660408,391,356,0.00194994,15.33755469,30676,14.57067686,5.56157E-05,2247.618164,3.071890593,6.31353426,75.05437469,154.2562561,104,070801030202,32
287,F070801030202_212,4890.973837,43317.07911,10.69931889,1850.982178,59,2060.722656,36.16369629,421.5531616,10.48533249,2.995809317,27.09954087,0.003064664,151.4003754,13.42156315,764,696,0.003812242,19.81764984,39635,18.82676788,7.1861E-05,3911.704834,2.659457207,5.620265484,98.31651306,207.7735748,104,070801030202,32
288,F070801030202_215,2589.156398,21833.19371,5.392798901,932.9542236,69,1213.056152,18.22766113,212.4762726,5.284943104,1.509983659,18.81561735,0.002127842,131.0031281,11.79884815,467,425,0.002327878,55.72665557,111454,52.94032202,0.000202071,2146.010254,2.195186377,5.049436092,17.62275314,40.53640366,104,070801030202,32
289,F070801030202_217,7604.459834,66121.38236,16.33198166,2825.432861,71,3780.200439,55.20209885,643.4801025,16.00534248,4.572954655,65.40820284,0.007396959,130.9990387,11.79856014,1623,1477,0.00809006,191.0048192,382010,181.4545793,0.000692604,6605.633301,1.912953854,4.472331047,15.57102013,36.40378571,104,070801030202,32
290,F070801030202_242,9534.88313,82717.39226,20.43119621,3534.596924,57,3796.524902,69.05744171,804.9891357,20.02257156,5.720735073,55.40449905,0.006265649,130.9987335,11.79853821,1375,1251,0.006852177,224.2754364,448551,213.0616684,0.000813247,7331.12207,2.82541728,5.860209465,16.58954811,34.40845108,104,070801030202,32
291,F070801030202_281,3173.878359,27444.65696,6.778830051,1172.737549,47,1038.652344,22.91244507,267.085907,6.643253326,1.898072362,18.9245739,0.002140164,148.0008545,13.1237669,522,475,0.002601746,73.91786194,147836,70.2219696,0.000268034,2211.389893,2.468921185,4.655557632,16.70043564,31.49142456,104,070801030202,32
292,F070801030202_29,1550.401577,13337.3852,3.294334173,569.9197998,71,762.5065918,11.13484955,129.7967682,3.228447437,0.922413588,7.836266801,0.000886197,139.5013428,12.42862797,205,187,0.001024266,12.80444708,25610,12.16422495,4.64303E-05,1332.426392,3.047699451,7.125274658,46.85212708,109.5364838,104,070801030202,32
293,F070801030202_291,1359.711492,11671.01594,2.882740974,498.7142029,71,667.2391968,9.743664742,113.5799942,2.825086117,0.80716747,8.837453723,0.00099942,131.0033417,11.79886341,219,199,0.001089995,,,,,1165.953369,2.506101608,5.859062195,,,104,070801030202,32
294,F070801030202_294,1822.292144,15860.62888,3.917575359,677.7405396,44,561.9370728,13.24140453,154.3524628,3.839223862,1.096921086,11.56711727,0.001308116,110.6653748,10.52135086,256,233,0.001276225,90.93914843,181878,86.3921895,0.000329755,1239.677612,2.908757687,5.320504665,7.844928265,14.34941769,104,070801030202,32
295,F070801030202_31,2417.0461,21510.43221,5.313076973,919.1622925,55,952.6347046,17.95820045,209.3352356,5.206815243,1.4876616,11.73242327,0.00132681,151.4031982,13.42181492,331,301,0.001648685,40.12308018,80246,38.11692531,0.000145491,1871.796997,3.05369544,6.218594551,24.11428261,49.10671616,104,070801030202,32
296,F070801030202_320,7714.099385,66908.66971,16.52644157,2859.074463,41,2208.923828,55.85937119,651.1417847,16.19591331,4.627403736,44.87794493,0.005075209,131.000351,11.79865265,1114,1014,0.005554043,30.78370653,61566,29.24452121,0.000111625,5067.998047,2.819600105,4.998025894,97.76445007,173.297348,104,070801030202,32
297,F070801030202_396,1284.961971,10959.71313,2.707049131,468.3194885,57,503.0239258,9.14982605,106.6577377,2.652908087,0.757973731,10.58777422,0.001197363,130.9938354,11.79819298,262,238,0.001303612,46.95718747,93915,44.60932857,0.000170272,971.3433838,1.967728972,4.081274509,10.49824142,21.77444458,104,070801030202,32
298,F070801030202_40,17569.81261,154206.8838,38.08909988,6589.414063,60,7452.608398,128.7411652,1500.710571,37.32731628,10.66494751,138.9367357,0.01571224,130.9995117,11.79859352,3447,3138,0.017187954,283.0962855,566193,268.9414722,0.001026538,14042.02246,2.099877119,4.474832058,24.50129318,52.21218872,104,070801030202,32
299,F070801030202_413,1911.704453,16429.7857,4.058156967,702.0611572,49,652.93573,13.71657085,159.8913879,3.976993799,1.136283994,11.24633023,0.001271838,153.662323,13.62631607,323,294,0.001610344,33.38190673,66764,31.71281198,0.000121046,1354.996826,2.387963057,4.608832836,22.13809204,42.72711182,104,070801030202,32
300,F070801030202_42,2817.664687,24186.72896,5.974122047,1033.523071,65,1265.916504,20.19253159,235.3804016,5.85463953,1.672754169,16.8771863,0.001908627,131.0026398,11.79881382,419,381,0.002086874,29.20744038,58414,27.74706745,0.000105909,2299.439453,2.712658882,6.035274029,37.24801254,82.87143707,104,070801030202,32
301,F070801030202_44,7442.792054,65176.91048,16.09869766,2785.074707,59,3096.423584,54.41359711,634.2886963,15.77672386,4.507635117,43.61878424,0.004932812,156.4992371,13.89082718,1274,1160,0.006353737,32.0283062,64056,30.42689089,0.000116138,5881.498047,2.40092659,5.07025671,91.53333282,193.2993469,104,070801030202,32
302,F070801030202_50,6516.499356,55879.1554,13.80215168,2387.772217,54,2432.00708,46.65127182,543.8047485,13.52610874,3.864602566,37.96882376,0.004293863,131.0002747,11.79864693,941,855,0.004683142,21.1037187,42208,20.04853312,7.65244E-05,4819.779297,2.792716026,5.637168884,119.0995941,240.4055786,104,070801030202,32
303,F070801030202_52,3703.188414,32020.70702,7.909114838,1368.276855,46,1186.050903,26.73280907,311.6191101,7.750932693,2.214552164,19.33449869,0.002186522,131.0012817,11.7987175,479,436,0.002388129,9.320415897,18640,8.854395018,3.37968E-05,2554.327637,3.138249636,5.858549595,154.5308075,288.4813232,104,070801030202,32
304,F070801030202_53,6256.587943,54639.28477,13.49590302,2334.79126,59,2595.802002,45.61615372,531.7385864,13.22598457,3.77885294,40.25167925,0.004552029,147.9988708,13.12359619,1111,1011,0.005537611,129.7577069,259516,123.2698193,0.000470516,4930.593262,2.309387922,4.876946926,18.94049454,39.99838257,104,070801030202,32
305,F070801030202_60,8358.762574,73529.59157,18.16180992,3141.993164,53,3137.997559,61.38691711,715.5753174,17.79857445,5.085306644,58.27768767,0.006590575,151.399765,13.42150879,1644,1496,0.00819413,231.7464051,463493,220.1590803,0.000840338,6279.990723,2.10026288,4.197854996,14.27146721,28.524786,104,070801030202,32
306,F070801030202_64,14454.73412,125366.8411,30.9656105,5357.050781,52,5249.290039,104.663765,1220.045044,30.34629822,8.670371056,89.63623334,0.010136887,131.0002747,11.79864693,2223,2023,0.011080698,51.38539334,102771,48.81612438,0.000186329,10606.34082,2.648072481,5.242877483,109.7393723,217.2712555,104,070801030202,32
307,F070801030202_81,2347.61575,20150.5919,4.977196217,861.0549316,41,665.2519531,16.82292366,196.101532,4.877652168,1.393614888,12.91973764,0.001461082,122.0060577,11.19640732,304,277,0.001517229,,,,,1526.306885,3.108501673,5.510133266,,,104,070801030202,32
308,F070801030202_83,3050.310841,26753.90088,6.608213425,1143.220947,68,1464.908691,22.33576202,260.3636169,6.476048946,1.850299716,18.62383152,0.002106154,158.2019043,14.05381203,550,500,0.00273868,7.013987574,14028,6.663288217,2.54335E-05,2608.129639,2.286441803,5.21625948,171.5700836,391.4178162,104,070801030202,32
309,F070801030202_84,5988.098902,51337.56495,12.68037891,2193.705566,48,1984.225708,42.85968018,499.6069336,12.42677116,3.550506115,36.16748119,0.00409015,130.9988708,11.79854774,898,818,0.00448048,112.0431395,224087,106.4409841,0.000406281,4177.931152,2.681791544,5.107495308,20.60959435,39.25115204,104,070801030202,32
310,F070801030202_95,3024.384114,26076.0795,6.440791607,1114.256958,55,1157.781494,21.76987648,253.7671967,6.311975956,1.803421617,16.8871414,0.001909753,131.0031891,11.79885292,419,381,0.002086874,67.92280968,135845,64.52666924,0.000246296,2272.038574,2.924558878,5.963356018,17.26816177,35.21084595,104,070801030202,32
311,F070801030203_192,8395.511222,72852.07107,17.99446106,3113.041748,42,2463.801514,60.82127762,708.9817505,17.63457108,5.038449287,51.85440459,0.005864171,148.000412,13.12372875,1430,1301,0.007126045,,,,,5576.843262,2.392806768,4.286581993,,,104,070801030202,32
312,F070801030301_110,6432.368942,55927.24812,13.81403065,2389.827393,83,3737.800293,46.69142532,544.2728271,13.53775024,3.867928505,38.59652501,0.004364849,159.333313,14.16390896,1149,1046,0.005729318,47.46776569,94935,45.09437698,0.000172123,6127.62793,2.284729719,5.858152866,52.99612808,135.8845215,108,070801030301,16
313,F070801030301_139,1882.263036,16422.49554,4.05635643,701.7496338,88,1163.6875,13.7104845,159.8204498,3.975229263,1.135779858,7.629994631,0.00086287,131.0025787,11.79880905,189,172,0.000942106,6.472703338,12945,6.149067998,2.34707E-05,1865.437134,4.079939842,10.84556484,114.1229248,303.3690796,108,070801030301,24
314,F070801030301_185,1555.941044,13964.42603,3.449213266,596.7138672,87,978.2658691,11.65834045,135.8990021,3.380228996,0.965779722,8.845468521,0.001000327,159.3317871,14.16376019,263,239,0.001309089,6.823828697,13648,6.482637405,2.4744E-05,1574.979736,2.496710777,6.589873314,92.04801178,242.9535522,108,070801030301,24
315,F070801030301_200,4866.077757,42916.22142,10.60030651,1833.853027,72,2488.104004,35.82903671,417.6520691,10.38829994,2.968085766,29.42038465,0.003327127,158.1988525,14.05351734,870,792,0.004338069,39.06426954,78128,37.11105633,0.000141651,4321.957031,2.315470934,5.457016468,49.41527557,116.4600906,108,070801030301,24
316,F070801030301_260,3074.607373,26536.00855,6.554394245,1133.910156,79,1688.018555,22.15385246,258.2431335,6.423306465,1.83523035,21.63658965,0.002446864,139.4983368,12.42839432,565,514,0.002815363,32.47126055,64943,30.84769678,0.000117744,2821.928711,2.206050873,5.490133762,36.75834274,91.47940063,108,070801030301,16
317,F070801030301_261,1722.156679,14960.13641,3.695153713,639.2615967,81,975.7424316,12.48961926,145.5890503,3.621250629,1.034643054,9.299978256,0.001051727,130.9994354,11.7985878,231,210,0.001150246,17.62416649,35248,16.74295807,6.39072E-05,1615.004028,3.044102907,7.690495491,38.18092346,96.45870209,108,070801030301,16
318,F070801030301_264,2240.708015,19441.85918,4.802139282,830.7700806,83,1299.362671,16.23123169,189.2042847,4.706096649,1.344599009,15.02188015,0.001698812,131.0002747,11.79864693,373,339,0.001856825,37.18321228,74366,35.3240509,0.00013483,2130.132813,2.450649261,6.283577442,23.51853943,60.30261993,108,070801030301,16
319,F070801030301_31,4625.500954,40979.83244,10.12201881,1751.109253,87,2870.806885,34.21242523,398.8075562,9.919578552,2.834165335,20.44099307,0.002311655,130.9974213,11.7984457,508,462,0.00253054,31.49131712,62983,29.91675073,0.000114191,4621.916016,3.790279865,10.00414753,58.53273392,154.4925842,108,070801030301,16
320,F070801030301_336,1714.590982,15414.98971,3.807502508,658.697937,87,1079.883789,12.86935806,150.0155945,3.731352568,1.066100717,13.12999576,0.00148486,148.0007935,13.12376118,362,330,0.001807529,19.05394826,38107,18.1012503,6.90917E-05,1738.581787,1.996054411,5.268429756,36.38963699,96.04760742,108,070801030301,16
321,F070801030301_337,2518.061798,21716.43374,5.363959312,927.9649658,81,1416.407104,18.13018227,211.3399963,5.256680012,1.50190866,20.36365091,0.002302908,148.0011292,13.12378979,562,512,0.002804408,37.70362853,75407,35.81844721,0.000136717,2344.37207,1.812431574,4.5788517,25.90745926,65.45153046,108,070801030301,16
322,F070801030301_407,3773.062571,32668.73997,8.069178581,1395.967896,89,2341.191406,27.27382278,317.9256287,7.907794952,2.259370089,27.16496837,0.003072064,130.9998627,11.79861832,674,614,0.003363099,6.941555798,13884,6.59447825,2.51708E-05,3737.15918,2.273563385,6.086578369,211.6873932,566.7103882,108,070801030301,16
323,F070801030301_41,4354.844507,37724.18553,9.317873955,1611.992188,89,2703.488037,31.49441338,367.1242371,9.131516457,2.609004736,31.69803333,0.003584704,131.0007629,11.79868126,787,716,0.003921789,43.72389177,87449,41.53769692,0.000158548,4315.480469,2.251385689,6.027207375,38.80793381,103.8931122,108,070801030301,16
324,F070801030301_468,3181.403739,27524.22334,6.798483372,1176.137573,75,1662.229126,22.97887421,267.86026,6.662513733,1.903575301,18.40576506,0.002081493,130.9974365,11.79844666,457,416,0.002278582,,,,,2838.366699,2.827253819,6.822997093,,,108,070801030301,24
325,F070801030301_475,3073.825667,27317.15976,6.747338295,1167.289551,86,1891.683838,22.80600357,265.8451233,6.612391472,1.889254689,16.20777798,0.001832924,130.999527,11.79859447,402,366,0.002004714,12.53122199,25062,11.90466055,4.54396E-05,3058.973389,3.189315796,8.357851028,98.05315399,256.9559631,108,070801030301,16
326,F070801030301_573,3087.997808,26980.84844,6.664269447,1152.918579,82,1781.492676,22.52523041,262.5722046,6.530983925,1.865995407,14.26901674,0.001613671,131.0033264,11.79886246,355,323,0.001769187,5.004581928,10009,4.754352808,1.81472E-05,2934.411133,3.569407463,9.084864616,242.4974823,617.2052002,108,070801030301,24
327,F070801030301_598,7303.079052,62843.79635,15.52241802,2685.378418,74,3744.62793,52.46577454,611.583252,15.21196938,4.346277237,58.35267723,0.006599056,151.3995209,13.42148685,1647,1498,0.008205085,15.99493772,31991,15.19519065,5.79994E-05,6430.006348,1.792642474,4.292394161,176.7255554,423.160614,108,070801030301,16
328,F070801030301_599,11310.82542,98175.96679,24.24946404,4195.157227,78,6166.153809,81.96318817,955.428894,23.76447487,6.789849758,76.77150226,0.008682025,151.400116,13.42154026,2168,1973,0.01080683,92.13895011,184276,87.5320034,0.000334106,10361.31055,2.126283407,5.251551151,47.92712402,118.3716812,108,070801030301,16
329,F070801030301_600,24394.49156,209751.6546,51.8086586,8962.897461,75,12667.2168,175.113266,2041.261108,50.77248383,14.50642395,146.1922603,0.016532761,159.3332214,14.16390038,4354,3965,0.021717731,147.5161555,295033,140.1403482,0.00053491,21630.11328,2.260503769,5.455261707,63.95658112,154.3460846,108,070801030301,16
330,F070801030301_63,1439.054708,12368.8276,3.055100441,528.5323486,89,886.4067993,10.32623959,120.3709564,2.993998528,0.8554281,11.63794941,0.001316126,147.9990082,13.12360764,322,293,0.001604866,15.44940907,30899,14.67693853,5.60212E-05,1414.939209,1.803864717,4.829144001,36.01107788,96.40560913,108,070801030301,16
331,F070801030301_73,6841.730495,58812.3064,14.52663994,2513.108643,85,4025.332031,49.10004425,572.3496094,14.23610687,4.067459106,54.15691441,0.00612456,130.9991608,11.79856873,1344,1223,0.006698811,82.72027768,165440,78.58426361,0.000299953,6538.44043,2.054872036,5.346230984,31.97979546,83.20292664,108,070801030301,16
332,F070801030301_75,2374.385069,20921.45339,5.167599201,893.9946899,79,1330.863647,17.46648598,203.6034088,5.064247131,1.446927786,7.506669508,0.000848923,148.0002747,13.12371635,207,188,0.001029744,9.601558657,19204,9.121480344,3.48163E-05,2224.858398,4.755290985,11.83435345,98.00982666,243.9141846,108,070801030301,16
333,F070801030301_78,1979.946426,17315.60818,4.276955128,739.913208,90,1254.858643,14.45610809,168.5120392,4.191415787,1.197547436,10.12701401,0.001145256,148.0007172,13.1237545,280,254,0.001391249,11.0564135,22113,10.50359282,4.00918E-05,1994.771851,2.913044214,7.853432655,70.44381714,189.9132843,108,070801030301,16
334,F070801030301_79,3056.113855,26629.33741,6.577446461,1137.898193,87,1865.495239,22.23176956,259.1513977,6.445897579,1.841685057,18.90103251,0.002137502,139.4979553,12.42836475,494,450,0.002464812,34.01163583,68023,32.31105426,0.00012333,3003.393555,2.528662682,6.674207687,35.21699524,92.95250702,108,070801030301,16
335,F070801030301_8,2647.443454,23157.61413,5.719930649,989.5479736,91,1696.874512,19.33336639,225.3652649,5.605532169,1.60158062,13.23645663,0.0014969,130.9975739,11.79845619,329,299,0.001637731,26.97060227,53941,25.62207222,9.77984E-05,2686.422363,3.309525013,8.984689713,38.62091827,104.8479767,108,070801030301,8
336,F070801030301_92,2321.313124,19649.78654,4.853497505,839.6550903,70,1107.567993,16.4048214,191.2277985,4.756427765,1.358979344,15.91280801,0.001799566,159.33284,14.16386318,473,432,0.002366219,26.90546566,53811,25.56019275,9.75622E-05,1947.223145,1.943646073,4.507461071,32.8501091,76.18186188,108,070801030301,16
337,F070801030302_101,1303.028025,11412.20432,2.818814516,487.6549072,89,817.8508301,9.527592659,111.0612946,2.762438297,0.789268076,4.218398929,0.000477055,131.0014191,11.79872799,105,96,0.000525827,4.221766472,8444,4.010678291,1.53086E-05,1305.505737,5.079738617,13.5990181,121.5891342,325.5074768,108,070801030302,24
338,F070801030302_12,2853.294686,25301.96796,6.249586105,1081.178345,56,1140.924438,21.12360191,246.2336884,6.124594212,1.749884129,18.31724998,0.002071483,130.9971924,11.79842949,455,414,0.002267627,32.78557729,65571,31.14629919,0.000118884,2222.102783,2.611541986,5.367398262,34.71289825,71.34403992,108,070801030302,24
339,F070801030302_122,1955.649504,16843.70376,4.160394669,719.748291,75,1017.216492,14.06213379,163.9195557,4.077186584,1.164910555,14.59287131,0.001650296,139.4957275,12.42819118,382,348,0.001906121,27.50647986,55013,26.13115597,9.97415E-05,1736.964844,2.068242311,4.991278172,27.54368401,66.47103119,108,070801030302,16
340,F070801030302_127,3975.433046,34250.17146,8.459792137,1463.544067,73,2013.261353,28.59409714,333.3157959,8.290596008,2.368741751,22.07042933,0.002495926,130.9943695,11.79823017,548,499,0.002733202,,,,,3476.80542,2.932954073,6.967545986,,,108,070801030302,16
341,F070801030302_13,4209.768787,36393.15573,8.989109039,1555.115845,55,1611.747192,30.38318825,354.1708984,8.809327126,2.516950607,22.18717384,0.002509129,130.9999084,11.79862118,551,502,0.002749634,39.11726308,78235,37.16139984,0.000141843,3166.863037,3.097840309,6.308492184,41.84761047,85.21915436,108,070801030302,24
342,F070801030302_130,3223.851764,27905.05071,6.892547607,1192.410767,87,1954.86438,23.29681015,271.5663757,6.754696846,1.929913282,18.9477247,0.002142782,131.0037231,11.79889011,469,427,0.002338833,6.362146497,12724,6.04403919,2.30698E-05,3147.275146,2.792531013,7.370667934,197.2870636,520.7238159,108,070801030302,16
343,F070801030302_14,4057.182082,35710.15735,8.820408821,1525.930786,64,1840.290039,29.81298256,347.5241089,8.644001007,2.469714403,22.19920111,0.002510489,130.9983826,11.79851341,551,502,0.002749634,39.8607893,79721,37.86775017,0.00014454,3366.220703,3.039702654,6.705618858,40.29631424,88.89412689,108,070801030302,24
344,F070801030302_144,2751.413911,23734.85316,5.862508774,1014.213989,86,1643.612915,19.81527901,230.9828491,5.745258808,1.6415025,14.99021097,0.00169523,139.5023651,12.42870808,392,357,0.001955417,23.04208231,46083,21.88997787,8.35531E-05,2657.826904,2.840935469,7.44489336,46.33234406,121.4175262,108,070801030302,16
345,F070801030302_152,5106.898993,43552.49983,10.75746727,1861.04187,88,3086.102295,36.36024094,423.8442078,10.54231834,3.012090921,30.06783092,0.003400346,139.5008087,12.42858696,786,716,0.003921789,54.63293004,109265,51.90128374,0.000198105,4947.144043,2.599220514,6.90941906,35.85733795,95.31833649,108,070801030302,16
346,F070801030302_156,6256.773621,53790.20365,13.2861805,2298.509277,82,3551.661865,44.90729141,523.4755249,13.02045727,3.720130444,40.56482339,0.004587442,159.3340454,14.16398048,1209,1099,0.006019618,48.37315583,96746,45.95449793,0.000175406,5850.170898,2.091455221,5.323176384,50.01706696,127.3035507,108,070801030302,16
347,F070801030302_162,2571.700216,22455.80963,5.546585083,959.5592041,82,1482.713135,18.7474575,218.5354462,5.43565321,1.553043842,13.86172915,0.001567611,131.0024109,11.79879761,344,314,0.001719891,19.96207118,39924,18.96396708,7.23847E-05,2442.272461,3.055921078,7.777937889,50.59907532,128.7848969,108,070801030302,24
348,F070801030302_174,2969.678615,25846.22966,6.384018898,1104.435303,85,1769.011475,21.57798386,251.5303497,6.256338596,1.787525296,20.76367592,0.002348147,159.3338776,14.16396427,618,562,0.003078276,41.3170433,82633,39.25119106,0.00014982,2873.446777,1.96518743,5.112894535,28.13762474,73.20661163,108,070801030302,24
349,F070801030302_176,2023.676545,17716.03181,4.375859737,757.0237427,60,855.9181519,14.79040623,172.4088745,4.288342476,1.225240707,12.03083277,0.001360557,156.5035248,13.89123344,351,319,0.001747278,23.62995875,47260,22.44846094,8.56848E-05,1612.941895,2.373115063,5.056244373,33.72274399,71.85089111,108,070801030302,16
350,F070801030302_198,4497.107977,39021.44808,9.638298035,1667.425537,66,2073.775879,32.57744598,379.7489319,9.445531845,2.698723555,32.58025383,0.003684474,147.9985657,13.12356949,900,818,0.00448048,58.80032257,117601,55.86030654,0.000213216,3741.201416,2.038417578,4.573596001,29.84991837,66.97423553,108,070801030302,24
351,F070801030302_199,9623.658077,84580.28186,20.89132881,3614.199951,60,4086.343994,70.61269379,823.1183472,20.47350311,5.849572182,70.08895455,0.007926301,158.2000732,14.0536356,2071,1884,0.010319345,161.1102404,322221,153.0547285,0.000584203,7700.543945,1.918365121,4.087337494,23.61377525,50.31235504,108,070801030302,24
352,F070801030302_213,3683.530705,32629.33288,8.059445381,1394.284058,71,1865.439209,27.24092484,317.5421448,7.898256302,2.256644726,22.67018919,0.002563753,148.0015717,13.12382793,625,569,0.003116618,37.06390698,74128,35.21071044,0.000134398,3259.723145,2.45041132,5.728863239,39.5982933,92.57759857,108,070801030302,16
353,F070801030302_222,6384.482529,54724.29542,13.51690102,2338.423828,62,2732.036133,45.68712616,532.565918,13.24656296,3.784732342,36.45905524,0.004123124,130.9983521,11.79851151,905,823,0.004507867,113.3516729,226705,107.6840918,0.000411026,5070.459961,2.841341257,6.1609478,21.71559143,47.08643341,108,070801030302,16
354,F070801030302_257,2371.346907,20622.25966,5.093698025,881.2097778,66,1095.960083,17.2166996,200.6916962,4.99182415,1.426235437,11.53660187,0.001304665,159.3350983,14.16408443,344,313,0.001714414,24.17532027,48350,22.96655411,8.76624E-05,1977.169922,2.815366745,6.316836834,38.3692627,86.08909607,108,070801030302,24
355,F070801030302_270,6667.571336,57839.18137,14.28627777,2471.526123,58,2701.249512,48.28762054,562.8793335,14.00055218,4.000157833,45.89228207,0.00518992,156.4993591,13.89083862,1340,1219,0.006676901,20.45882765,40918,19.43588646,7.41859E-05,5172.775391,2.027503014,4.243458271,127.1630249,266.1455994,108,070801030302,24
356,F070801030302_28,6120.670309,53600.77316,13.23939133,2290.414795,65,2805.427002,44.74914169,521.632019,12.97460365,3.707029581,42.68596983,0.004827321,130.9998169,11.7986145,1059,964,0.005280175,90.19397402,180388,85.68427372,0.000327053,5095.841797,2.375948906,5.286142826,26.73086548,59.47231293,108,070801030302,24
357,F070801030302_34,6706.40274,58692.98852,14.49716854,2508.010254,70,3308.253906,49.00043106,571.1884155,14.20722485,4.059206963,39.67002869,0.00448625,131.0011292,11.79870701,984,895,0.004902237,56.14150238,112283,53.33442688,0.000203575,5816.26416,2.802246094,6.49861908,47.02422714,109.0527191,108,070801030302,16
358,F070801030302_35,4247.70697,36678.66988,9.059631348,1567.316162,88,2599.0271,30.62155342,356.9494629,8.87843895,2.536696672,30.06294531,0.003399793,131.0010223,11.79869938,746,678,0.00371365,42.57030845,85140,40.44179112,0.000154365,4166.343262,2.311675787,6.145049095,38.75486374,103.0207367,108,070801030302,16
359,F070801030302_6,1065.935471,9220.438566,2.277448416,393.9985657,56,415.7709045,7.697775841,89.7314682,2.2318995,0.637685537,6.798506722,0.000768837,130.9914551,11.79802513,168,153,0.000838036,23.27475548,46549,22.11101684,8.43968E-05,809.7694702,2.575154066,5.292611122,17.81910706,36.62289429,108,070801030302,24
360,F070801030302_63,1910.151161,16683.79061,4.120896339,712.9150391,71,953.8226929,13.92862988,162.3633118,4.038478374,1.153851032,10.55018464,0.001193112,130.9947815,11.79825974,260,236,0.001292657,28.3506254,56702,26.93309426,0.000102802,1666.737793,3.02082634,7.062448502,26.46985245,61.88437653,108,070801030302,24
361,F070801030302_68,3915.522517,34224.16011,8.453367233,1462.432495,58,1598.362671,28.57238197,333.0626831,8.28429985,2.366942883,22.91209555,0.00259111,131.0013885,11.79872513,568,516,0.002826318,42.44875956,84897,40.32632089,0.000153924,3060.795166,2.834171534,5.931773663,36.26496124,75.90068054,108,070801030302,24
362,F070801030302_7,1779.699298,15509.67453,3.830889702,662.7438965,63,786.788147,12.94840717,150.9370575,3.754271984,1.072649121,9.499409914,0.00107428,131.0018158,11.79875565,236,215,0.001177632,26.9517765,53903,25.60418844,9.77301E-05,1449.531982,3.082529783,6.742009163,25.88419914,56.61307907,108,070801030302,24
363,F070801030302_71,3745.989199,32648.88558,8.064274788,1395.119507,74,1945.425659,27.25724792,317.7324219,7.902989388,2.257997036,30.05091476,0.003398433,147.9986115,13.12357426,829,753,0.004124452,56.21682553,112435,53.4059855,0.000203848,3340.545166,1.852748394,4.43631506,26.12290573,62.5500145,108,070801030302,24
364,F070801030302_81,5368.123007,46721.73207,11.54026794,1996.466309,68,2558.246582,39.00610733,454.686554,11.30946255,3.231275082,26.89357318,0.003041372,142.332489,12.65260601,716,650,0.003560284,12.66940242,25341,12.03593215,4.59406E-05,4554.712891,3.071486712,7.007250786,165.8755035,378.4262695,108,070801030302,24
365,F070801030303_100,6371.369449,56421.16546,13.93602753,2410.932861,69,3134.770264,47.10377121,549.0794678,13.65730667,3.902087688,43.58673459,0.004929187,131.0012665,11.79871655,1081,984,0.005389722,24.86658764,49733,23.62325865,9.0169E-05,5545.703125,2.450134993,5.635877132,102.0575943,234.7560577,108,070801030303,8
366,F070801030303_103,1690.4613,14420.46033,3.561853647,616.2006836,64,743.1452026,12.03906536,140.3370361,3.49061656,0.997319043,10.52492142,0.001190255,130.9970245,11.79841805,261,237,0.001298134,36.5002737,73001,34.67525959,0.000132354,1359.345947,2.600002766,5.735636711,17.77061462,39.20218658,108,070801030303,8
367,F070801030303_106,13411.39961,115799.6435,28.60251236,4948.234863,77,7179.802734,96.67649078,1126.938965,28.03046227,8.008703232,80.3878534,0.009090995,131.000824,11.79868603,1994,1815,0.009941408,128.0281252,256055,121.6267213,0.000464244,12128.03711,2.72630024,6.682114124,40.68378067,99.71523285,108,070801030303,8
368,F070801030303_110,4752.788965,41357.14078,10.21521378,1767.231934,71,2364.41333,34.52742386,402.4794312,10.01090908,2.860259771,28.4287729,0.003214986,142.3353119,12.65283298,756,688,0.003768423,62.93227302,125864,59.78565902,0.000228199,4131.645508,2.568650961,6.005298615,29.55946159,69.1076355,108,070801030303,8
369,F070801030303_12,4439.986009,38498.18181,9.509051323,1645.065918,77,2386.962158,32.14059448,374.6566162,9.318870544,2.662534475,30.38933194,0.003436704,131.0001068,11.79863548,754,687,0.003762946,96.86321938,193727,92.02005565,0.000351237,4032.028076,2.394564629,5.869036674,17.87725449,43.81684113,108,070801030303,8
370,F070801030303_124,2995.414055,26337.14727,6.505275249,1125.412598,90,1908.647949,21.98783112,256.3078308,6.375169754,1.821477056,19.13392735,0.00216384,147.9993286,13.12363529,528,480,0.002629133,26.14231217,52285,24.83519685,9.47949E-05,3034.060547,2.344609499,6.320959568,45.31522751,122.1677704,108,070801030303,8
371,F070801030303_136,3436.062624,29342.62114,7.247627258,1253.839478,35,826.9542847,24.49698067,285.5565186,7.102674484,2.029335737,25.02497673,0.002830054,130.9991913,11.79857063,621,565,0.003094708,5.091620982,10183,4.837039977,1.84628E-05,2080.793701,2.219184875,3.682820797,259.2162781,430.1791382,108,070801030303,16
372,F070801030303_145,3451.18485,30314.25696,7.487621307,1295.358521,89,2172.458496,25.30816078,295.0122681,7.33786869,2.096534014,24.14555398,0.002730601,139.4988556,12.42843437,630,573,0.003138527,28.27731261,56555,26.86344668,0.000102537,3467.816895,2.260660648,6.052036285,48.22011566,129.0905457,108,070801030303,8
373,F070801030303_148,4610.202026,39263.41288,9.698062897,1677.764893,87,2750.564697,32.77945328,382.1036682,9.504101753,2.715457678,32.15547395,0.003636436,139.4998627,12.42851353,840,765,0.00419018,43.54028589,87082,41.36327094,0.000157882,4428.32959,2.193156719,5.788666248,40.56170654,107.0594635,108,070801030303,8
374,F070801030303_150,3917.204108,33976.84115,8.392279625,1451.86438,90,2462.294922,28.36590576,330.6558228,8.224433899,2.349838257,30.81344491,0.003484667,131.0003052,11.79864883,765,696,0.003812242,27.00185829,54004,25.65176421,9.79117E-05,3914.15918,2.086012125,5.623791695,56.59900665,152.5883026,108,070801030303,8
375,F070801030303_151,2367.130749,20855.69772,5.151357174,891.1848145,89,1494.614868,17.41158676,202.9634705,5.04832983,1.442379951,17.62089813,0.001992733,131.0006866,11.79867554,437,397,0.002174512,22.51282984,45026,21.38718933,8.1634E-05,2385.799805,2.244797945,6.009571075,41.66909409,111.5527496,108,070801030303,8
376,F070801030303_156,1084.197236,9387.422627,2.318693399,401.1339722,75,566.9204712,7.837183475,91.35652161,2.272319555,0.649234176,5.184726238,0.000586336,130.9960632,11.79835033,129,117,0.000640851,9.371026039,18742,8.902474403,3.39804E-05,968.0544434,3.428495407,8.27396965,45.05870438,108.7399292,108,070801030303,16
377,F070801030303_16,5141.332077,43858.74141,10.8331089,1874.127808,82,2895.906738,36.61590958,426.8244934,10.6164465,3.033270597,37.03273284,0.004188001,115.7494125,10.81302547,841,766,0.004195657,47.93123806,95862,45.53467631,0.000173804,4770.034668,2.44664216,6.227199078,41.15825653,104.7560883,108,070801030303,8
378,F070801030303_165,1954.541831,16561.23902,4.09062624,707.6783447,34,453.4049988,13.82631683,161.1706696,4.008813858,1.145375371,9.404625004,0.001063561,,,,,,42.0331215,84066,39.93146677,0.000152417,1161.083374,,,17.72232246,29.07690239,108,070801030303,8
379,F070801030303_166,7913.701458,68172.55765,16.83862114,2913.081543,72,3952.361084,56.91453934,663.4416504,16.50184822,4.714813709,57.16694621,0.006464962,130.9992065,11.79857159,1419,1294,0.007087703,161.3513756,322704,153.2838119,0.000585078,6865.442383,2.251222134,5.305596828,19.00449562,44.7890892,108,070801030303,8
380,F070801030303_173,818.9001054,6962.811566,1.71981442,297.5278931,56,313.9693298,5.812972546,67.76068878,1.685418129,0.481548041,6.212380409,0.000702553,159.3345184,14.16402721,185,168,0.000920196,24.10941887,48219,22.90394783,8.74234E-05,611.4971924,1.770999312,3.639864206,12.99024487,26.69833183,108,070801030303,8
381,F070801030303_176,2364.838812,20834.36935,5.146089077,890.2734375,63,1056.903931,17.39378166,202.7559052,5.043167114,1.440904975,14.99546528,0.001695825,158.1970215,14.05334091,443,403,0.002207376,52.2718544,104544,49.65826035,0.000189543,1947.177368,2.209115267,4.83170557,17.92800331,39.21155167,108,070801030303,8
382,F070801030303_181,6612.017077,58353.83488,14.41339684,2493.517578,90,4228.890625,48.71728134,567.8878174,14.12512875,4.035751343,58.63556147,0.006631047,139.5007172,12.42857933,1533,1396,0.007646394,67.01452589,134030,63.66380119,0.000243002,6722.408203,1.78618741,4.815478802,39.16696167,105.5923157,108,070801030303,8
383,F070801030303_185,8207.204569,69551.24813,17.17915916,2971.994629,67,3752.271484,58.06555939,676.8588867,16.8355751,4.810164452,54.059256,0.006113516,131.0009003,11.7986908,1342,1221,0.006687856,173.7107369,347421,165.025197,0.000629894,6724.266113,2.434066057,5.50717926,18.00933838,40.74690628,108,070801030303,8
384,F070801030303_186,4207.48006,36385.08956,8.987116814,1554.77124,72,2109.456299,30.37645531,354.0924072,8.807374954,2.516392708,27.32513666,0.003090177,158.2005005,14.05367661,808,736,0.004031337,97.75331497,195506,92.86565113,0.000354464,3664.227539,2.112460852,4.978569984,16.74215698,39.45729828,108,070801030303,8
385,F070801030303_187,1601.144194,13587.66012,3.356152058,580.6143188,65,711.1687012,11.34379387,132.2323914,3.289029121,0.939722598,12.27755307,0.001388458,142.3297272,12.6523838,326,297,0.001626776,35.73162004,71462,33.94503766,0.000129567,1291.782959,1.954930425,4.349437714,17.10454178,38.05513382,108,070801030303,8
386,F070801030303_188,4277.813342,36491.03719,9.013286591,1559.298584,70,2056.832031,30.4649086,355.1235046,8.833021164,2.523720264,22.22981255,0.002513951,139.5013885,12.42863178,581,528,0.002892046,36.39749459,72795,34.5776191,0.000131981,3616.130615,2.95321703,6.848731995,45.09560394,104.5800934,108,070801030303,8
387,F070801030303_189,5420.726036,46939.9554,11.59416866,2005.791138,74,2796.977295,39.18828964,456.8102417,11.36228561,3.246367216,47.21777052,0.005339818,147.9997101,13.12366772,1303,1186,0.006496148,133.6868585,267374,127.0025158,0.000484763,4802.768555,1.691223502,4.049551964,15.79331779,37.81632614,108,070801030303,8
388,F070801030303_20,11904.63917,103053.9636,25.45432854,4403.598633,76,6306.564941,86.03562927,1002.900574,24.94524193,7.127212048,71.58116785,0.008095055,147.1996307,13.05527306,1964,1787,0.009788042,97.63894951,195278,92.75700177,0.00035405,10710.16406,2.464241028,5.993376732,47.47456741,115.4647522,108,070801030303,8
389,F070801030303_201,4741.524033,40537.46657,10.01275444,1732.206543,75,2448.118408,33.84310913,394.502533,9.812499046,2.803571224,29.07766026,0.003288368,130.9997406,11.79860973,721,657,0.003598625,47.45730165,94914,45.08443494,0.000172085,4180.325195,2.636539698,6.362747669,38.42138672,92.72213745,108,070801030303,8
390,F070801030303_204,9114.10598,79488.49926,19.63365936,3396.623047,88,5632.504395,66.36177063,773.5661621,19.24098587,5.497424603,65.78440583,0.007439504,139.4999542,12.4285202,1719,1565,0.008572068,89.33311939,178667,84.86646533,0.000323932,9029.126953,2.170366049,5.769410133,40.02314758,106.3921661,108,070801030303,8
391,F070801030303_206,4997.550708,43593.57801,10.76761341,1862.797119,75,2632.681641,36.39453506,424.2439575,10.55226135,3.014931679,33.50856709,0.003789456,147.9987183,13.12358284,925,842,0.004611937,80.70729733,161415,76.67193222,0.000292653,4495.478516,2.212348223,5.339047909,24.29568481,58.63264847,108,070801030303,8
392,F070801030303_21,1601.151085,14021.52826,3.463317394,599.1539307,79,891.9428101,11.70601273,136.4547119,3.394051075,0.969728887,10.39389511,0.001175437,147.2023773,13.05550671,286,260,0.001424113,22.88599935,45772,21.74170024,8.29871E-05,1491.09668,2.304438114,5.734987259,27.55782318,68.58233643,108,070801030303,8
393,F070801030303_22,2580.413089,22278.67183,5.502831936,951.9899292,79,1417.199463,18.59957123,216.8115845,5.392775536,1.540792942,13.61815614,0.001540066,147.2009277,13.05538368,374,341,0.00186778,24.67870975,49357,23.44477344,8.94877E-05,2369.189453,2.791759253,6.947769642,40.6056366,101.0540543,108,070801030303,8
394,F070801030303_223,2076.45587,17934.93154,4.429928303,766.3776245,90,1299.740845,14.97315788,174.5391693,4.341329575,1.24037993,13.89811277,0.001571726,130.9995422,11.79859543,345,314,0.001719891,18.14216256,36284,17.23505402,6.57855E-05,2066.118408,2.44069314,6.579995155,44.46621704,119.8788452,108,070801030303,8
395,F070801030303_227,2325.790854,20740.81644,5.122981548,886.2758179,89,1486.381958,17.31567764,201.8454742,5.020522118,1.434434891,9.884512901,0.001117831,131.0033112,11.7988615,245,223,0.001221451,11.42861462,22857,10.85718346,4.14414E-05,2372.657715,3.974331141,10.63972092,81.63036346,218.5334473,108,070801030303,8
396,F070801030303_233,2549.644578,22525.53462,5.563807011,962.5386353,84,1523.592896,18.80566788,219.2139893,5.452530861,1.557865977,17.99139076,0.002034631,131.0024719,11.79880142,446,406,0.002223808,28.91396695,57828,27.4682681,0.000104845,2486.131592,2.37078476,6.123476982,35.0418396,90.50922394,108,070801030303,8
397,F070801030303_236,1459.663197,12820.55058,3.166676044,547.8349609,85,877.4858398,10.70336533,124.7670364,3.103342533,0.886669278,9.517658748,0.001076344,142.3292084,12.6523428,253,231,0.00126527,10.7579729,21516,10.22007448,3.90096E-05,1425.320801,2.371579885,6.170219898,53.60381317,139.4628601,108,070801030303,8
398,F070801030303_239,3980.810789,34208.19126,8.449422836,1461.750122,86,2368.880127,28.55904961,332.9072571,8.280434608,2.365838289,25.62750483,0.002898193,131.0000458,11.79863071,635,578,0.003165914,25.69463134,51388,24.409899,9.31715E-05,3830.630371,2.52897954,6.627388,59.88349915,156.9293823,108,070801030303,8
399,F070801030303_242,3131.967171,27059.16548,6.683613777,1156.265137,90,1960.972168,22.59061432,263.3343811,6.54994154,1.8714118,18.4428983,0.002085692,151.3998413,13.42151546,520,473,0.002590791,23.55543812,47111,22.37766622,8.54146E-05,3117.237305,2.444535255,6.590353489,51.67049789,139.3012695,108,070801030303,8
400,F070801030303_244,5500.632315,47678.17291,11.77650833,2037.335938,89,3416.836426,39.80459976,463.9944153,11.54097843,3.297422409,41.66971701,0.004712394,151.4000702,13.42153549,1176,1071,0.005866252,41.21652776,82433,39.15570176,0.000149456,5454.172363,1.902274489,5.092597961,52.03165436,139.2944641,108,070801030303,16
401,F070801030303_271,1820.145366,15856.41132,3.916533709,677.5603027,86,1098.039307,13.23788357,154.3114319,3.838202953,1.096629381,10.78120542,0.001219238,159.3301849,14.16360283,321,292,0.001599389,16.24072027,32481,15.42868471,5.88906E-05,1775.599609,2.320411921,6.08082056,43.91562271,115.0843124,108,070801030303,16
402,F070801030303_283,6419.102178,56327.45116,13.9128809,2406.928467,84,3809.90332,47.02553558,548.1674805,13.63462353,3.895606756,51.05507135,0.005773775,151.4005737,13.42158031,1441,1312,0.007186296,79.11745596,158235,75.16158438,0.000286889,6216.832031,1.834549189,4.738439083,32.02338791,82.71289063,108,070801030303,16
403,F070801030303_292,3989.5189,34375.76874,8.490815163,1468.911011,74,2048.324219,28.69895554,334.5381165,8.320999146,2.377428293,33.57235599,0.00379667,131.0014191,11.79872799,833,758,0.004151839,84.67022133,169339,80.4367094,0.000307023,3517.235352,1.937877297,4.640151978,18.26169968,43.72674179,108,070801030303,8
404,F070801030303_293,3276.936826,28927.01165,7.144971848,1236.080078,75,1746.945557,24.15000534,281.5119019,7.002072334,2.000592232,19.10444705,0.002160506,100.5041275,9.987494469,401,365,0.001999236,44.94185066,89884,42.69475967,0.000162964,2983.025635,3.386520863,8.172673225,28.95156479,69.86865997,108,070801030303,8
405,F070801030303_33,5969.080112,52475.84124,12.96153259,2242.345215,77,3253.604004,43.80997849,510.6843872,12.70230198,3.629229069,33.6802774,0.003808874,159.333374,14.16391468,1003,912,0.004995352,48.83128905,97662,46.38972474,0.000177068,5495.949219,2.458711863,6.026259899,48.33710861,118.4734192,108,070801030303,8
406,F070801030303_340,949.1939256,8152.793287,2.013739824,348.3769836,62,407.0170898,6.80644083,79.34134674,1.973465085,0.563847125,5.628777981,0.000636554,131.0047913,11.79896545,140,127,0.000695625,13.55977726,27120,12.88178825,4.91692E-05,755.394043,2.743125916,5.947984695,27.04414749,58.64046478,108,070801030303,16
407,F070801030303_344,1581.903376,13416.86005,3.313964367,573.3158569,60,648.2114868,11.20119953,130.5701904,3.247685194,0.92791003,7.854867458,0.0008883,139.5058289,12.42897797,205,187,0.001024266,4.718289852,9437,4.482375145,1.7109E-05,1221.527344,3.065860271,6.532231808,127.90448,272.5178833,108,070801030303,16
408,F070801030303_362,2758.867646,23385.84662,5.776304245,999.3006592,78,1468.798584,19.52390862,227.58638,5.660778046,1.617365241,17.00610071,0.001923206,158.2002411,14.05365181,503,457,0.002503153,29.55245352,59105,28.07483149,0.00010716,2468.099121,2.186653614,5.400654316,35.59418106,87.91144562,108,070801030303,8
409,F070801030303_363,1335.330735,11632.90267,2.873327017,497.0855713,93,871.1351929,9.711845398,113.2090836,2.81586051,0.804531574,11.04948705,0.001249577,158.2005005,14.05367661,327,298,0.001632253,10.33915854,20678,9.822200745,3.74909E-05,1368.220703,1.668072343,4.591344833,50.60837173,139.2987976,108,070801030303,8
410,F070801030303_37,3207.060411,27747.19532,6.85355711,1185.665405,75,1675.694702,23.1650238,270.0301514,6.716485977,1.918995976,21.16020203,0.00239299,130.9969177,11.79841042,525,477,0.002612701,36.20680022,72414,34.39646029,0.00013129,2861.360107,2.485671759,5.998658657,34.4705658,83.1876297,108,070801030303,8
411,F070801030303_370,2427.523745,21409.56691,5.288163185,914.8522339,90,1551.547119,17.87399101,208.3536224,5.18239975,1.480685711,15.84087721,0.001791432,130.9985046,11.798522,393,358,0.001960895,23.31453988,46629,22.14881268,8.45411E-05,2466.399414,2.555453062,6.889383793,41.30479813,111.3558273,108,070801030303,8
412,F070801030303_371,1166.829411,10142.82943,2.505278826,433.4132385,92,751.3832397,8.467842102,98.70798492,2.455173254,0.701478064,9.490990177,0.001073328,130.9981995,11.79850101,236,215,0.001177632,10.75987215,21520,10.22187817,3.90165E-05,1184.796509,2.015875578,5.510681629,42.40054703,115.9079056,108,070801030303,8
413,F070801030303_376,4219.686769,36775.99494,9.083670616,1571.474976,72,2132.119141,30.70280647,357.896637,8.901997566,2.543427706,27.76298425,0.003139693,159.3340302,14.16397953,827,752,0.004118974,38.45746383,76915,36.53459045,0.000139451,3703.594238,2.089727402,4.924992561,43.01334763,101.3722687,108,070801030303,8
414,F070801030303_377,2034.75382,17553.26763,4.33565712,750.0686646,78,1102.470947,14.65452099,170.8248901,4.248943806,1.213984013,15.53990382,0.001757395,130.9952087,11.7982893,386,350,0.001917076,5.752562553,11505,5.464934394,2.08594E-05,1852.539551,2.143053293,5.292970181,137.2511749,338.9866028,108,070801030303,8
415,F070801030303_399,3690.787991,31643.39783,7.815919399,1352.154053,84,2140.311279,26.41780663,307.9472351,7.659601212,2.188457489,28.0844172,0.003176043,142.3334656,12.65268517,747,679,0.003719127,34.3423944,68685,32.62527502,0.000124529,3492.465332,1.991390347,5.14354229,41.44498444,107.0478439,108,070801030303,8
416,F070801030303_400,2191.428773,18674.33291,4.612560272,797.9729004,89,1338.288208,15.5904541,181.7348785,4.520308971,1.2915169,10.63477755,0.001202678,131.0004578,11.79866028,263,238,0.001303612,14.31576872,28632,13.59997988,5.19105E-05,2136.26123,3.352827311,8.975887299,58.67456436,157.0782623,108,070801030303,8
417,F070801030303_406,8385.272221,72733.81617,17.96525192,3107.988525,72,4216.804199,60.72255325,707.8309326,17.60594749,5.030270576,56.36386869,0.006374143,131.0006256,11.79867172,1398,1272,0.006967201,68.13484239,136270,64.72810056,0.000247064,7324.792969,2.44338727,5.75848484,48.01606369,113.1624908,108,070801030303,8
418,F070801030303_407,2768.004199,24259.66448,5.992136955,1036.639648,84,1640.886841,20.25342369,236.0901947,5.872294426,1.67779839,15.3768581,0.001738956,110.663147,10.52122688,341,311,0.001703459,12.07995201,24160,11.47595467,4.38032E-05,2677.526367,3.333246469,8.609409332,90.33145142,233.3162231,108,070801030303,8
419,F070801030303_414,3007.848411,26377.07372,6.515137196,1127.118774,87,1847.82312,22.02116394,256.6964111,6.38483429,1.82423842,24.32897288,0.002751343,110.6673279,10.52145958,539,490,0.002683906,18.23795947,36476,17.32606123,6.61328E-05,2974.941895,2.300242424,6.071310043,65.05337524,171.7032928,108,070801030303,8
420,F070801030303_418,2871.054919,25687.37578,6.344781876,1097.647217,82,1696.087036,21.44536209,249.9844055,6.217886448,1.776538968,16.32994485,0.00184674,142.3328552,12.65263557,434,395,0.002163557,34.46871328,68937,32.74527788,0.000124987,2793.734375,2.778853655,7.072745323,33.52077866,85.31716919,108,070801030303,16
421,F070801030303_419,7846.418713,67994.73084,16.79469872,2905.48291,63,3449.295166,56.76608276,661.7111206,16.45880508,4.702515602,49.34841845,0.005580772,142.3342133,12.65274525,1314,1196,0.006550922,183.1482092,366296,173.9907988,0.000664115,6354.77832,2.429333448,5.313359737,16.69906044,36.52364731,108,070801030303,8
422,F070801030303_425,2511.34925,21386.03661,5.282351017,913.8467407,76,1308.755249,17.85434723,208.1246338,5.17670393,1.479058266,15.78318,0.001784907,130.9965973,11.79838753,391,356,0.00194994,21.83759904,43675,20.74571991,7.91855E-05,2222.602051,2.56698513,6.243264198,44.04989243,107.1354523,108,070801030303,8
423,F070801030303_463,4270.678943,37211.95121,9.191351891,1590.103882,68,2037.53894,31.06676865,362.1392517,9.00752449,2.573578596,26.75551172,0.003025759,130.9981689,11.79849815,664,604,0.003308325,14.60720481,29214,13.87684466,5.29673E-05,3627.642822,2.632622242,6.006031036,114.5868454,261.4169922,108,070801030303,8
424,F070801030303_465,3319.515493,29266.26217,7.228766918,1250.57666,67,1578.907227,24.43323135,284.8134155,7.084191799,2.024054766,22.59424144,0.002555164,131.0027771,11.79882336,560,510,0.002793453,57.33891773,114677,54.47197092,0.000207917,2829.483887,2.452111006,5.548007488,22.95816803,51.94385147,108,070801030303,8
425,F070801030303_470,2244.590149,19998.5419,4.939640045,854.5577393,75,1207.741821,16.69598389,194.6218109,4.840847015,1.383099198,15.17708111,0.001716363,131.0043945,11.7989378,377,343,0.001878734,19.02851105,38057,18.07708549,6.89995E-05,2062.299561,2.491421938,6.012535095,47.27298355,114.0836334,108,070801030303,16
426,F070801030303_478,1567.102397,13539.74781,3.344317675,578.5669556,86,937.612915,11.30379391,131.7661133,3.27743125,0.936408937,9.962436199,0.001126644,151.3983612,13.4213829,281,256,0.001402204,10.46370292,20928,9.940517902,3.79425E-05,1516.179932,2.26002717,5.922577858,58.20289993,152.525238,108,070801030303,8
427,F070801030303_48,7788.376889,68853.54509,17.0068264,2942.180908,87,4823.475586,57.48307419,670.0689697,16.66669083,4.761911392,60.45297036,0.006836576,131.0008698,11.79868889,1500,1365,0.007476596,82.82531589,165652,78.68405015,0.000300334,7765.65625,2.155443907,5.689125538,37.39234161,98.69416046,108,070801030303,8
428,F070801030303_488,2717.426522,23858.30971,5.89300251,1019.489441,57,1095.03772,19.91834831,232.1842957,5.77514267,1.650040746,15.43275946,0.001745278,147.9992676,13.12363052,426,388,0.002125216,4.987404734,9975,4.738034725,1.80849E-05,2114.5271,2.627550125,5.449811935,215.1713715,446.2878113,108,070801030303,16
429,F070801030303_490,1246.928507,10895.09552,2.691088676,465.5583496,84,736.9277344,9.095879555,106.0288925,2.637266874,0.753504813,7.738588028,0.00087515,153.6626434,13.62634468,222,202,0.001106427,8.339910153,16680,7.922914665,3.02414E-05,1202.486084,2.304744244,5.952901363,58.76099396,151.7731934,108,070801030303,16
430,F070801030303_50,1381.403192,11843.14848,2.925257683,506.0695801,87,829.6615601,9.887371063,115.2551498,2.866752625,0.819072127,10.18776989,0.001152126,159.335434,14.16411686,304,276,0.001511751,3.45116061,6902,3.278602481,1.25143E-05,1335.731201,1.833585382,4.839605808,154.3552704,407.4087219,108,070801030303,8
431,F070801030303_540,3151.954134,27246.63615,6.729918957,1164.276001,80,1755.162842,22.74712563,265.1588135,6.595320702,1.88437736,26.69217038,0.003018595,131.0010071,11.79869843,662,603,0.003302848,42.62078977,85241,40.48975062,0.000154548,2919.438965,1.930805922,4.841524124,28.75483322,72.10315704,108,070801030303,16
432,F070801030303_548,3137.910261,26601.1298,6.570478916,1136.692871,67,1435.124023,22.20821953,258.8768616,6.439069271,1.839734077,16.29672681,0.001842983,130.999115,11.79856491,404,367,0.002010191,8.918573898,17837,8.472645106,3.23397E-05,2571.816895,3.097255707,7.007675648,134.1603241,303.5435791,108,070801030303,8
433,F070801030303_552,4830.00655,42065.43921,10.39016342,1797.498291,78,2642.010742,35.11875153,409.3724365,10.1823597,2.909245729,31.9100914,0.003608686,131.0009003,11.7986908,792,721,0.003949176,10.4561398,20912,9.93333292,3.79151E-05,4439.508789,2.493062735,6.157432556,180.9562073,446.9304199,108,070801030303,8
434,F070801030303_553,728.7013448,6400.493142,1.580921769,273.4994812,91,468.9962769,5.343515396,62.28831863,1.549303293,0.442658097,7.338462498,0.000829901,158.1940765,14.05305576,217,198,0.001084517,11.80382287,23607,11.21363197,4.2802E-05,742.4957275,1.381310463,3.749978304,24.38990974,66.21366882,108,070801030303,8
435,F070801030303_554,1946.970158,17014.56664,4.202598095,727.0494995,81,1109.738037,14.20478153,165.5823669,4.118546009,1.176727414,13.88187632,0.00156989,139.4976044,12.4283371,363,331,0.001813006,28.90754355,57816,27.4621659,0.000104822,1836.787598,2.196524143,5.549207211,26.47458649,66.8842926,108,070801030303,8
436,F070801030303_555,1346.209419,11519.92334,2.845421076,492.257843,72,667.8772583,9.617523193,112.1095886,2.788512707,0.796717882,6.906868815,0.000781092,131.0104218,11.79936218,171,156,0.000854468,15.93190907,31864,15.13531369,5.77708E-05,1160.135132,3.155498981,7.436763763,32.52379608,76.65087891,108,070801030303,8
437,F070801030303_567,5551.30503,48130.19231,11.88815784,2056.651367,89,3449.230225,40.1819725,468.3934326,11.65039444,3.328684092,47.06330719,0.00532235,158.1993866,14.05356884,1390,1265,0.00692886,56.91433741,113827,54.06862029,0.000206378,5505.881836,1.625811338,4.352475643,38.03779984,101.8313751,108,070801030303,8
438,F070801030303_580,2334.207686,20033.66699,4.94831562,856.0585938,57,919.4960938,16.72530746,194.9636383,4.849349499,1.385528326,12.91948175,0.001461053,130.9963989,11.79837322,321,292,0.001599389,54.43220901,108864,51.71059799,0.000197377,1775.554688,2.931707621,6.080666542,16.55480003,34.33638,108,070801030303,8
439,F070801030303_581,2991.960116,25520.72875,6.303619862,1090.526245,70,1438.486084,21.30623436,248.3626251,6.177547455,1.765013576,17.69688165,0.002001326,130.9994202,11.79858685,440,400,0.002190944,73.273983,146547,69.61028528,0.000265699,2529.012207,2.726315498,6.322530746,15.66616535,36.33101273,108,070801030303,8
440,F070801030303_607,5901.806954,50549.81792,12.48580456,2160.044189,85,3459.81665,42.20201874,491.9407043,12.23608875,3.496025324,47.97434848,0.005425379,139.499115,12.42845535,1253,1139,0.006238713,58.22542201,116452,55.31414976,0.000211132,5619.86084,1.896439195,4.934030533,39.05047989,101.5989761,108,070801030303,8
441,F070801030303_608,2406.270515,20687.80957,5.10988903,884.0108032,82,1365.975708,17.27142525,201.3296204,5.007691383,1.430768967,15.30297537,0.001730601,151.4010315,13.42162132,432,393,0.002152602,31.38787384,62776,29.81848025,0.000113816,2249.986572,2.249391317,5.725156784,29.64640617,75.45610809,108,070801030303,8
442,F070801030303_61,2730.864198,23396.85815,5.779024124,999.7711792,81,1526.009033,19.53310204,227.6935577,5.663443565,1.61812675,21.47767523,0.002428892,131.0007019,11.79867744,532,484,0.002651042,45.45151085,90902,43.17893723,0.000164812,2525.780273,2.065642834,5.218554497,23.15414047,58.49565506,108,070801030303,8
443,F070801030303_638,4868.427379,43201.22994,10.67070389,1846.031738,89,3095.998047,36.06697845,420.4257202,10.4572897,2.987797022,31.89297104,0.00360675,159.3340149,14.16397762,950,864,0.004732439,42.07757187,84155,39.97369385,0.000152578,4942.029785,2.136610746,5.719942093,46.18116379,123.6320496,108,070801030303,8
444,F070801030303_639,3218.690623,28115.5862,6.944549561,1201.407104,85,1924.334839,23.47257805,273.6152649,6.80565834,1.944473863,22.04639834,0.002493209,131.0015106,11.79873371,547,498,0.002727725,28.51889461,57039,27.09294897,0.000103413,3125.741943,2.412464142,6.276590347,44.34390259,115.371048,108,070801030303,8
445,F070801030303_663,4939.552359,43008.29398,10.62304878,1837.787476,88,3047.540283,35.90590668,418.5481262,10.41058826,2.974453688,34.5820595,0.003910856,151.3991394,13.42145252,976,889,0.004869373,41.21336389,82427,39.15269661,0.000149444,4885.327637,2.067252398,5.495306492,46.93897629,124.7762756,108,070801030303,8
446,F070801030303_667,1848.745931,16621.77529,4.105578423,710.2650757,90,1204.57666,13.8768549,161.7597961,4.023467064,1.149562001,15.16217962,0.001714678,151.3951416,13.42109585,428,390,0.00213617,21.71583374,43432,20.63004243,7.8744E-05,1914.841797,1.821192503,4.909850597,34.42867661,92.81812286,108,070801030303,8
447,F070801030303_669,5280.83051,45131.12204,11.1473875,1928.498047,89,3234.302734,37.67816925,439.2070618,10.92443943,3.121268511,34.24244535,0.00387245,131.0005188,11.79866409,849,772,0.004228522,8.903333634,17807,8.458167136,3.22845E-05,5162.800781,2.498054504,6.687565804,228.0042419,610.392395,108,070801030303,8
448,F070801030303_671,1397.820103,12001.85459,2.964457989,512.8512573,76,734.4741821,10.0198679,116.7996445,2.905168772,0.830048263,7.922991529,0.000896005,131.0054932,11.79901505,196,179,0.000980447,12.88994129,25779,12.24544407,4.67403E-05,1247.325439,2.865090847,6.968298435,41.88098526,101.8603668,108,070801030303,8
449,F070801030303_672,4718.634103,41304.10766,10.20211506,1764.965942,88,2926.782715,34.48315048,401.9633484,9.998072624,2.856592178,27.43224198,0.003102289,130.9988708,11.79854774,682,620,0.003395963,34.47198403,68945,32.74838388,0.000124999,4691.748535,2.846719265,7.567336559,53.89474869,143.266571,108,070801030303,8
450,F070801030303_700,9509.501435,82749.11149,20.43902969,3535.952148,84,5604.677246,69.08392334,805.2977905,20.03024864,5.722928524,67.45799284,0.007628768,130.9998779,11.79861927,1673,1522,0.008336541,87.55128476,175102,83.17372242,0.000317471,9140.628906,2.323227406,6.005669594,42.51285172,109.8980408,108,070801030303,8
451,F070801030303_730,1863.269893,15985.24292,3.948354959,683.0654297,87,1119.83252,13.34543991,155.5651855,3.869387865,1.105539441,13.68542099,0.001547673,148.0015411,13.12382507,377,343,0.001878734,15.80502272,31610,15.01477194,5.73107E-05,1802.897949,1.991444349,5.256262302,45.49289322,120.0749435,108,070801030303,8
452,F070801030303_731,9993.561207,86395.91022,21.33979034,3691.783691,82,5704.552734,72.12849426,840.7877197,20.91299438,5.975141525,71.89366864,0.008130395,130.999939,11.79862309,1784,1624,0.008895232,112.3939881,224787,106.7742883,0.000407553,9396.335938,2.273265839,5.785921097,34.57558823,88.00186157,108,070801030303,8
453,F070801030303_741,18348.27034,159576.7724,39.41546249,6818.875,73,9380.091797,133.2242584,1552.969238,38.62715149,11.03632927,118.8846788,0.013444569,151.3997345,13.42150593,3353,3049,0.016700469,225.7173528,451433,214.4314874,0.000818476,16198.9668,2.23642993,5.312878609,31.79978371,75.5437851,108,070801030303,8
454,F070801030303_742,5311.783003,46465.48327,11.47697449,1985.516602,79,2955.779785,38.79217529,452.1928101,11.24743462,3.213552952,40.88272548,0.004623393,147.9986725,13.12357903,1129,1027,0.005625248,66.91003817,133822,63.5645355,0.000242623,4941.296387,1.933317065,4.811388969,31.23623276,77.73668671,108,070801030303,8
455,F070801030303_745,4967.295989,42725.70445,10.55324936,1825.712158,77,2649.076416,35.66998291,415.7980347,10.34218407,2.954909801,34.61063443,0.003914088,130.9985809,11.79852772,858,782,0.004283295,50.344916,100690,47.82766948,0.000182556,4474.788574,2.334670305,5.722236156,38.17271805,93.56066895,108,070801030303,8
456,F070801030303_748,4050.75606,35207.49933,8.696251869,1504.451538,77,2182.933105,29.39333153,342.6323242,8.522326469,2.43495059,31.7909677,0.003595214,130.9980011,11.79848671,789,717,0.003927267,9.567170799,19135,9.088812381,3.46916E-05,3687.384766,2.098258734,5.14279604,165.5278473,405.7059021,108,070801030303,8
457,F070801030303_770,7033.874301,61423.61848,15.17163372,2624.692627,77,3808.383545,51.28012085,597.7623901,14.86820126,4.248057365,43.96980596,0.004972509,131.000061,11.79863167,1091,992,0.005433541,71.34250212,142685,67.7753787,0.000258696,6433.076172,2.64585948,6.484955788,38.72634506,94.91759491,108,070801030303,8
458,F070801030303_82,5611.687026,48421.88009,11.96020412,2069.115234,76,2963.260254,40.42549133,471.2320557,11.72099972,3.348857164,42.44730389,0.00480033,130.9953613,11.79830074,1055,959,0.005252788,123.1499789,246298,116.99248,0.000446555,5032.375488,2.157575846,5.247523785,17.68588257,43.01452255,108,070801030303,8
459,F070801030303_92,5484.101106,48037.16265,11.86517906,2052.676025,73,2823.675293,40.10430527,467.4880676,11.62787533,3.322250128,38.47498361,0.004351104,151.3987122,13.42141438,1087,990,0.005422586,124.8226101,249645,118.5814797,0.00045262,4876.351563,2.073410034,4.925607681,17.31025887,41.12237167,108,070801030303,8
460,F070801030303_98,5066.998113,43442.19606,10.7302227,1856.328491,74,2588.558838,36.26815414,422.7707825,10.51561832,3.004462242,28.33650052,0.003204551,131.0004883,11.79866219,703,639,0.003500033,10.44427994,20890,9.922065828,3.78721E-05,4444.887207,2.905052423,6.956005096,187.0909271,447.980011,108,070801030303,8
461,F070801030401_234,2006.494569,17558.36515,4.33691597,750.286438,79,1116.929443,14.65877628,170.8744965,4.25017786,1.214336514,9.909183025,0.001120621,147.9981537,13.1235342,273,248,0.001358385,14.93872523,29878,14.19178915,5.41695E-05,1867.21582,3.025348425,7.529096127,52.86764145,131.5701447,104,070801030401,32
462,F070801030401_353,2088.441289,18573.94102,4.587763309,793.6830444,58,867.4544067,15.50664043,180.7578735,4.496007919,1.284573674,11.1026768,0.001255592,142.3327026,12.65262318,295,269,0.00147341,5.237480422,10475,4.975606299,1.89917E-05,1661.137451,2.950494528,6.175231934,159.5148468,333.8562927,104,070801030401,32
463,F070801030401_392,3405.48333,29300.38178,7.237194538,1252.034668,65,1533.561401,24.46171761,285.1454773,7.092450619,2.026414394,18.15972936,0.002053669,142.3306274,12.65245628,483,439,0.002404561,7.145019218,14290,6.787768327,2.59086E-05,2785.596191,2.852015257,6.345321655,184.4545441,410.3846741,104,070801030401,24
464,F070801030401_457,3742.03073,32812.86458,8.104777336,1402.126465,52,1373.936523,27.39414787,319.3282166,7.942681789,2.269337654,23.07223844,0.00260922,131.0012054,11.79871273,573,521,0.002853704,35.35654011,70713,33.58871366,0.000128207,2776.062988,2.691221714,5.328335762,41.74397659,82.64868164,104,070801030401,32
465,F070801030401_46,8342.683208,73457.93365,18.14410973,3138.930908,54,3194.089111,61.32709122,714.8779297,17.78122711,5.080350876,55.84020342,0.006314922,131.0002899,11.79864788,1385,1260,0.006901473,96.54418136,193089,91.71697268,0.00035008,6333.02002,2.491214991,5.026206493,34.22410202,69.04959869,104,070801030401,32
466,F070801030401_461,9638.613575,84742.78572,20.93146896,3621.144043,62,4230.668457,70.74836731,824.6998901,20.51284027,5.860811234,70.61917576,0.007986264,130.9999237,11.79862213,1753,1595,0.008736388,36.84689023,73695,35.00454654,0.000133611,7851.8125,2.270309687,4.922766685,103.4478226,224.3083649,104,070801030401,32
467,F070801030401_468,22050.71754,192874.8427,47.64008713,8241.735352,63,9791.526367,161.0234985,1877.019409,46.68728638,13.33922482,149.2740343,0.016881276,131.0001678,11.7986393,3703,3370,0.018458702,53.69027175,107381,51.00575716,0.000194687,18033.26172,2.445618868,5.35111618,161.5844116,353.5534668,104,070801030401,32
468,F070801030401_471,6273.576901,54476.94625,13.45580578,2327.854492,54,2368.76001,45.48062515,530.1587524,13.18668938,3.76762557,27.82704233,0.003146937,147.9990082,13.12360764,768,698,0.003823197,82.16824186,164336,78.05982793,0.000297951,4696.614258,3.335035086,6.728673935,29.82141495,60.16685486,104,070801030401,24
469,F070801030401_48,5899.268643,49747.36305,12.28759861,2125.754639,63,2523.626953,41.5320816,484.1313782,12.04184628,3.440527678,36.69262381,0.004149538,131.0011597,11.79870892,909,827,0.004529776,39.91482369,79829,37.91908238,0.000144736,4649.381836,2.570441008,5.621985435,56.06028748,122.6132507,104,070801030401,32
470,F070801030401_491,3960.023958,34894.06483,8.618833542,1491.058228,87,2444.473877,29.13165665,339.5820313,8.446456909,2.413273335,16.95576811,0.001917514,131.0014038,11.79872608,421,383,0.002097829,13.86573547,27731,13.17244893,5.02787E-05,3935.532227,3.893102407,10.27554131,113.1952209,298.769989,104,070801030401,32
471,F070801030401_492,4639.451173,40582.95671,10.02399063,1734.150391,83,2712.291504,33.88108826,394.9452209,9.823511124,2.806717396,29.49500727,0.003335566,142.3345795,12.65277386,785,714,0.003910835,11.55618762,23113,10.97837853,4.1904E-05,4446.441895,2.428781986,6.227509499,157.9605255,405.0180969,104,070801030406,24
472,F070801030401_493,4472.673842,38758.55955,9.573364258,1656.192017,61,1903.759155,32.35797119,377.1905518,9.381896973,2.680541992,34.40319061,0.003890628,130.9972839,11.79843616,853,776,0.004250431,107.8390427,215678,102.4470901,0.000391036,3559.951172,2.134268045,4.587565899,16.16631508,34.7491684,104,070801030401,32
473,F070801030401_495,4670.938658,41356.42494,10.21503735,1767.201416,84,2797.285889,34.52682495,402.4724731,10.01073647,2.860210419,26.79646301,0.00303039,139.5009308,12.4285965,700,637,0.003489078,35.72228622,71445,33.93617249,0.000129533,4564.487305,2.774256468,7.1656003,52.07426834,134.502121,104,070801030401,32
474,F070801030401_496,1719.105595,14667.33097,3.622830868,626.7497559,55,649.5735474,12.24516869,142.7395325,3.550374269,1.014392614,11.84619793,0.001339677,131.0051422,11.79899025,294,268,0.001467932,48.58389425,97167,46.15470126,0.000176171,1276.323242,2.338618517,4.76240015,13.57932663,27.65315819,104,070801030401,32
475,F070801030401_501,10829.10195,93769.72454,23.16112137,4006.874023,57,4303.799805,78.28459167,912.5481567,22.69789886,6.485114098,69.58135212,0.007868897,159.3329926,14.16387749,2071,1884,0.010319345,257.3510941,514702,244.4835355,0.000933183,8310.673828,2.126791,4.411185741,16.38913727,33.99277496,104,070801030401,32
476,F070801030401_502,6705.246341,58524.2546,14.45549107,2500.800049,58,2733.244141,48.85955811,569.5463257,14.16638088,4.047537327,37.88199703,0.004284043,158.199234,14.05355453,1118,1017,0.005570475,68.65871998,137317,65.22578417,0.000248964,5234.043945,2.458997011,5.146552563,38.34066772,80.24501038,104,070801030401,32
477,F070801030401_503,11922.58673,106073.5557,26.20016861,4532.629395,53,4526.864746,88.55657196,1032.286621,25.67616463,7.336047173,81.05877884,0.00916687,142.3340454,12.65273094,2157,1963,0.010752057,45.21319504,90426,42.95253424,0.000163948,9059.494141,2.309031725,4.615127087,105.526474,210.9187317,104,070801030401,32
478,F070801030401_507,6172.362176,53286.40988,13.16174316,2276.981445,59,2531.529785,44.48669052,518.5726929,12.89850807,3.685288191,40.80327874,0.004614409,130.9988098,11.79854393,1012,921,0.005044648,11.85114241,23702,11.25858524,4.29735E-05,4808.51123,2.472292662,5.22096777,202.2440186,427.09729,104,070801030401,32
479,F070801030401_514,4890.481294,42351.88468,10.46091557,1809.738403,80,2728.206787,35.3578949,412.1600647,10.25169754,2.929056406,31.04169226,0.003510479,131.0001526,11.79863834,770,701,0.003839629,6.723131001,13446,6.386974722,2.43788E-05,4537.945313,2.581652403,6.473531246,283.3482971,710.499939,104,070801030401,32
480,F070801030401_519,11983.87823,103530.3726,25.57200241,4423.956543,74,6168.989746,86.43336487,1007.536865,25.06056213,7.160160542,67.63951608,0.007649296,130.9996033,11.79859924,1677,1525,0.008352973,75.53900462,151078,71.76205431,0.000273913,10592.94629,2.9009552,6.946194172,61.64757538,147.6120758,104,070801030401,24
481,F070801030401_520,4074.195177,35412.38827,8.74685955,1513.206665,69,1967.518799,29.56438446,344.6262512,8.571922302,2.44912076,31.84997335,0.003601887,139.4986115,12.42841625,832,758,0.004151839,82.63207555,165264,78.50047052,0.000299633,3480.725586,1.996314883,4.591986179,19.27640343,44.34018707,104,070801030401,24
482,F070801030401_532,1751.626293,15490.67674,3.826197147,661.9321289,56,698.5105591,12.93254662,150.7521667,3.749673128,1.071335196,10.91002403,0.001233806,130.9997559,11.79861069,270,246,0.00134743,12.66716544,25335,12.03380693,4.59325E-05,1360.442627,2.690781116,5.530254364,55.0060463,113.0517273,104,070801030401,32
483,F070801030401_543,6052.706107,52452.57291,12.95578575,2241.35083,67,2829.802734,43.79055405,510.4579468,12.69666958,3.627619982,40.92155097,0.004627784,131.0011292,11.79870701,1015,924,0.00506108,62.26488223,124531,59.15163647,0.000225779,5071.15332,2.425704479,5.488261223,37.89161301,85.73141479,104,070801030401,32
484,F070801030401_545,2359.27704,20783.65807,5.133563519,888.1065063,50,836.770874,17.35144424,202.2624054,5.030892372,1.437397838,18.69764939,0.002114502,151.3995972,13.42149353,528,480,0.002629133,75.09204107,150183,71.33744205,0.000272292,1724.877441,1.850221872,3.593494654,12.4493742,24.17913246,104,070801030401,32
485,F070801030401_555,9544.413039,83356.57987,20.58907509,3561.909912,54,3624.500732,69.59107208,811.2095337,20.17729378,5.764941216,51.44725421,0.005818127,148.0025177,13.123909,1421,1293,0.007082226,207.3376794,414676,196.970791,0.000751829,7186.410645,2.75476408,5.557935715,18.08344269,36.48464966,104,070801030202,32
486,F070801030401_556,2504.193384,22071.18804,5.451583385,943.1239014,56,995.2410889,18.42635155,214.7923889,5.342551708,1.526443362,12.28390767,0.001389177,147.9985962,13.12357235,339,309,0.001692504,60.43098474,120862,57.40943426,0.000219129,1938.36499,3.052181005,6.27302599,16.42803001,33.76387405,104,070801030401,32
487,F070801030401_588,4608.93411,39774.56135,9.824316978,1699.606812,55,1761.5,33.20619202,387.0780945,9.627830505,2.750808716,32.10070998,0.003630243,131.0011597,11.79870892,796,724,0.003965608,116.206234,232413,110.3959207,0.000421377,3461.106934,2.347523212,4.780534267,15.39555836,31.35176468,104,070801030401,24
488,F070801030401_590,7048.917868,60985.02115,15.06330013,2605.950928,52,2553.530518,50.91395569,593.4940186,14.76203442,4.217723846,41.27389144,0.00466763,142.3336945,12.65270329,1098,999,0.005471882,29.75587262,59512,28.26807884,0.000107898,5159.481445,2.60855937,5.164646149,92.1870575,182.5196991,104,070801030401,32
489,F070801030401_606,3634.835458,31703.35605,7.830729008,1354.716064,51,1301.937012,26.46786499,308.5307312,7.674114227,2.192604065,23.91977525,0.002705067,131.0002136,11.79864216,594,540,0.002957774,5.939197302,11878,5.642237306,2.15362E-05,2656.653076,2.508733511,4.919727802,240.1026459,470.8510132,104,070801030401,24
490,F070801030401_633,1574.490848,13608.72258,3.361354589,581.5143433,23,252.0343475,11.36137867,132.4373779,3.294127464,0.941179276,9.518614896,0.001076452,131.0093689,11.7992878,236,214,0.001172155,2.302750267,4606,2.187612648,8.35002E-06,833.5487061,2.717356682,3.895087481,265.8214417,381.0312195,104,070801030401,32
491,F070801030401_77,2764.896061,23975.11064,5.921852112,1024.480469,44,849.430542,20.0158596,233.3209686,5.803415298,1.658118606,21.86191785,0.002472346,147.9975128,13.12347984,603,548,0.003001593,13.12490863,26250,12.4686631,4.75924E-05,1873.911011,1.869489908,3.41954565,82.16442108,150.2896423,104,070801030401,32
492,F070801030402_122,8143.818725,72357.78576,17.87237358,3091.920654,64,3728.89209,60.40862274,704.1715088,17.51492691,5.004264832,64.71680202,0.007318769,130.9993439,11.79858112,1606,1462,0.0080079,154.481009,308962,146.7569587,0.000560165,6820.8125,2.11485672,4.665398598,21.06830788,46.47692871,105,070801030402,32
493,F070801030402_123,1411.954992,12385.39072,3.059191465,529.2401123,60,598.3778687,10.34006691,120.5321426,2.998007536,0.856573582,7.384180546,0.000835071,122.0080032,11.19653034,174,158,0.000865423,,,,,1127.61792,3.349621058,7.136822224,,,105,070801030402,32
494,F070801030402_131,7087.266504,62437.88745,15.42215824,2668.033447,80,4022.098633,52.1268959,607.6330566,15.11371517,4.318204403,49.80887747,0.005632844,151.3995056,13.42148495,1406,1280,0.00701102,21.00929157,42019,19.95882694,7.6182E-05,6690.131836,2.084401131,5.226665497,133.6768646,335.1966553,105,070801030402,32
495,F070801030402_132,8138.393534,71779.02568,17.72941971,3067.189697,75,4334.843262,59.92543793,698.5391235,17.37483215,4.96423769,56.22398959,0.006358324,151.3995819,13.42149258,1588,1446,0.007920262,28.98793073,57976,27.53853468,0.000105113,7402.033203,2.121154785,5.118971825,111.3780975,268.788208,105,070801030402,32
496,F070801030402_137,2566.27516,22149.78318,5.47099638,946.4823608,65,1159.304077,18.49196815,215.557251,5.361576557,1.531878948,19.74537486,0.002232988,130.9986877,11.79853535,490,446,0.002442902,57.70248884,115405,54.81736495,0.000209236,2105.786377,2.122157812,4.721494198,17.26610374,38.41458511,105,070801030402,32
497,F070801030402_138,3280.511181,27893.17915,6.889615059,1191.903442,59,1325.148682,23.28689957,271.4508362,6.751822948,1.929092169,19.19289446,0.002170508,130.9999542,11.79862404,476,433,0.002371697,41.38093472,82762,39.31188869,0.000150052,2517.052246,2.752663851,5.813053608,30.31916046,64.02776337,105,070801030402,32
498,F070801030402_139,2931.306528,26014.83783,6.425664902,1111.640015,61,1277.807739,21.71874809,253.1712036,6.297151566,1.79918623,25.05621596,0.002833587,130.9978333,11.79847527,622,567,0.003105663,56.61598095,113232,53.78518328,0.000205296,2389.447754,1.960564375,4.214193344,20.66814613,44.42576218,105,070801030402,32
499,F070801030402_141,3610.544792,30383.60732,7.504751205,1298.321899,80,1957.239014,25.36605835,295.6871948,7.354656219,2.10133028,18.10829355,0.002047852,142.3294525,12.65236187,482,439,0.002404561,6.316296607,12634,6.000481818,2.29036E-05,3255.561035,2.957453012,7.415856361,216.3696136,542.5499268,105,070801030402,32
500,F070801030402_146,2336.145296,20046.34709,4.951447964,856.6005249,88,1420.471313,16.73589325,195.0870514,4.8524189,1.386405468,14.05661798,0.001589651,130.9998016,11.79861355,348,316,0.001730846,26.16161895,52323,24.85353804,9.48649E-05,2277.071777,2.71076107,7.205923557,34.46593857,91.61962128,104,070801030402,32
501,F070801030402_154,8687.492001,76613.45258,18.92352295,3273.769531,78,4811.873535,63.96150589,745.586792,18.54505157,5.298586369,56.88288391,0.006432838,130.9997253,11.79860783,1411,1284,0.00703293,23.07539406,46151,21.92162409,8.36739E-05,8085.643066,2.549664736,6.297229767,149.3397369,368.8432617,105,070801030402,32
502,F070801030402_159,5494.271106,48134.78635,11.88929176,2056.847412,63,2441.822754,40.18580627,468.4381104,11.65150547,3.329001665,23.1137222,0.002613912,131.0001221,11.79863644,575,525,0.002875614,61.99499274,123991,58.89524263,0.000224801,4498.669922,3.91780448,8.56889534,34.92382813,76.38426971,105,070801030402,32
503,F070801030402_160,4870.311025,42693.73399,10.54535198,1824.345947,62,2131.426514,35.64329147,415.4868774,10.334445,2.952698469,32.1162712,0.003632002,131.0033722,11.79886532,798,726,0.003976563,117.2789874,234558,111.4150391,0.000425266,3955.772461,2.512873173,5.448722363,16.3743248,35.50483322,105,070801030402,32
504,F070801030402_161,7514.434581,65291.14051,16.12691116,2789.955566,66,3469.866211,54.50896072,635.4003296,15.80437279,4.515535355,39.99480447,0.004522979,151.3993683,13.4214735,1129,1027,0.005625248,11.64284578,23285,11.06070369,4.22182E-05,6259.821777,2.716607094,6.09525013,252.2403259,565.9514771,105,070801030402,32
505,F070801030402_170,1806.518762,15728.97525,3.885056973,672.1148682,88,1114.545166,13.13149261,153.0712433,3.807355881,1.087816,8.309957045,0.000939766,130.9985352,11.7985239,206,187,0.001024266,24.61595043,49232,23.38515377,8.92601E-05,1786.660034,3.594197273,9.554331779,28.74109268,76.40146637,105,070801030402,32
506,F070801030402_172,1585.619056,13709.17076,3.386165142,585.8065796,87,960.3841553,11.44523811,133.4149017,3.318441868,0.948126256,6.417197619,0.000725716,151.4033508,13.42182922,181,165,0.000903764,1.904785308,3810,1.809546057,6.90696E-06,1546.190674,3.550342798,9.37085247,323.7312317,854.4633179,105,070801030402,32
507,F070801030402_200,3433.468402,29818.95337,7.365281582,1274.193726,58,1392.627441,24.89465141,290.1921082,7.217976093,2.062278748,18.77456856,0.0021232,131.006073,11.79905605,466,424,0.0023224,,,,,2666.821289,3.005173922,6.289672852,,,104,070801030402,32
508,F070801030402_226,4687.157159,41691.14911,10.29771423,1781.504517,62,2081.374023,34.80627441,405.72995,10.09175968,2.883359909,33.97300547,0.003841979,131.0018158,11.79875565,844,770,0.004217567,80.06781387,160137,76.06442241,0.000290335,3862.878418,2.313642263,5.016725063,23.42099571,50.78429794,105,070801030402,32
509,F070801030402_229,7076.540593,62451.89059,15.42561722,2668.631836,48,2413.800537,52.13858795,607.7693481,15.11710453,4.319172859,46.51486776,0.005260328,131.0019989,11.798769,1154,1050,0.005751228,164.0655529,328131,155.8622799,0.00059492,5082.432617,2.541554213,4.84041214,17.1217289,32.60848236,105,070801030402,32
510,F070801030402_231,1538.936656,13545.6298,3.345770597,578.8182983,86,938.0203247,11.30870438,131.8233643,3.278855085,0.936815739,14.26328826,0.001613023,148.0018463,13.12385178,393,357,0.001955417,7.112802148,14226,6.757162094,2.57918E-05,1516.838623,1.621339798,4.248847485,85.65997314,224.478653,104,070801030402,32
511,F070801030402_245,1187.284839,10329.82315,2.551466227,441.403656,92,765.2358398,8.623955727,100.527771,2.500436783,0.714410543,6.90348397,0.000780709,130.9986572,11.79853249,172,157,0.000859945,11.48897165,22978,10.91452268,4.16603E-05,1206.639526,2.811488152,7.685602188,40.44186401,110.5535736,105,070801030402,32
512,F070801030402_256,3004.954802,26178.87263,6.466181755,1118.649414,75,1580.981323,21.85569382,254.7675629,6.336858273,1.810530901,19.03243542,0.002152362,139.4996338,12.42849541,497,452,0.002475767,45.29426384,90588,43.02955151,0.000164242,2699.630859,2.474888086,5.972634792,25.99723625,62.7389946,105,070801030402,32
513,F070801030402_257,4188.882179,37236.23338,9.197349548,1591.141479,74,2218.768555,31.08704185,362.3755798,9.013402939,2.575257778,29.65376367,0.003353519,147.9975586,13.12348366,819,745,0.004080633,85.29651723,170593,81.0316897,0.000309295,3809.910156,2.135760307,5.113973141,19.63603973,47.01753235,105,070801030402,32
514,F070801030402_267,3851.839665,33644.85648,8.310279846,1437.678467,79,2140.229492,28.08874512,327.4250183,8.14407444,2.326878309,26.14150119,0.002956321,131.0029449,11.7988348,648,591,0.003237119,11.34713219,22695,10.77977568,4.11459E-05,3577.907959,2.432620049,6.053989887,133.3681183,331.9093018,105,070801030402,32
515,F070801030402_268,1947.304461,17016.42383,4.203056812,727.1288452,73,1000.243591,14.20633221,165.6004333,4.118995667,1.176855922,11.74742723,0.001328507,131.0008698,11.79868889,291,265,0.0014515,31.08417386,62169,29.52996525,0.000112715,1727.372437,2.743882418,6.518386364,24.62342453,58.49557877,105,070801030402,32
516,F070801030402_270,4114.862958,36047.87461,8.903824806,1540.361694,84,2438.223389,30.09492874,350.8106995,8.725748062,2.493070841,24.64532924,0.00278712,130.9975433,11.79845428,611,555,0.003039935,8.708212107,17417,8.27280122,3.15769E-05,3978.584961,2.775426388,7.16862154,186.1959076,480.9235535,105,070801030402,32
517,F070801030402_276,1946.761053,17012.02797,4.201971054,726.940979,66,904.0960693,14.20266247,165.557663,4.117931843,1.176551938,14.87342486,0.001682023,131.0019379,11.79876423,370,337,0.00184587,5.745490553,11491,5.458215881,2.08338E-05,1631.037109,2.157094955,4.839872837,133.1828918,298.8223877,104,070801030402,32
518,F070801030402_281,2138.663967,18765.93183,4.635185242,801.8870239,25,377.7676086,15.66692638,182.626297,4.542481422,1.29785192,14.24645424,0.00161112,130.9951477,11.79828548,353,321,0.001758232,,,,,1179.654663,2.498090506,3.674936533,,,104,070801030403,32
519,F070801030402_291,3027.865133,25844.67365,6.383634567,1104.368774,89,1852.147705,21.57668495,251.5151978,6.255961895,1.78741765,18.77633381,0.0021234,148.0015259,13.12382412,518,471,0.002579836,6.273120403,12547,5.959464431,2.2747E-05,2956.516602,2.344732046,6.277105331,185.3134308,496.1044006,104,070801030402,32
520,F070801030402_292,2357.589836,20506.5872,5.065126896,876.2669678,90,1486.108276,17.12012863,199.5659943,4.963824272,1.41823554,16.43828997,0.001858993,147.9956512,13.12331963,454,413,0.002262149,8.548494503,17097,8.121069685,3.09978E-05,2362.375244,2.121711731,5.720036983,107.9004364,290.8945923,105,070801030402,32
521,F070801030402_302,3472.057996,29907.01127,7.387031555,1277.956421,62,1493.066895,24.96816635,291.0490417,7.239290714,2.068368912,19.65527336,0.002222798,148.0026093,13.12391758,542,494,0.002705816,34.33914442,68678,32.62218714,0.000124517,2771.023438,2.586956263,5.609359264,39.17445374,84.94290924,105,070801030402,32
522,F070801030402_309,4310.295823,37833.58739,9.344896317,1616.667114,87,2650.399414,31.58574867,368.1889038,9.157998085,2.61657095,26.87369132,0.003039123,131.0000305,11.79862976,667,607,0.003324757,8.958040319,17917,8.510138735,3.24828E-05,4267.066406,2.663372517,7.029763222,189.9695435,501.409729,105,070801030402,32
523,F070801030402_312,2162.605604,18721.9267,4.624315739,800.0066528,54,814.0645142,15.63018703,182.1980438,4.531829357,1.294808388,9.156163916,0.001035463,139.5048218,12.42889881,239,218,0.001194064,25.32148324,50644,24.05540898,9.18185E-05,1614.071167,3.66975522,7.403995991,33.25683212,67.09805298,105,070801030402,32
524,F070801030402_316,9725.003411,84719.63589,20.92575073,3620.154785,58,3956.640625,70.72903442,824.4746094,20.50723648,5.859210014,72.26689745,0.008172603,131.0004425,11.79865837,1792,1631,0.008933573,181.6901324,363380,172.6056252,0.000658828,7576.79541,2.219592094,4.645490646,20.97356224,43.89657211,105,070801030402,32
525,F070801030402_321,8179.416679,71416.51814,17.63987923,3051.699219,90,5175.540527,59.62279129,695.0112305,17.28708076,4.939166069,44.51409739,0.005034062,130.9992371,11.79857349,1102,1003,0.005493792,84.01359343,168028,79.81291389,0.000304642,8227.240234,3.042571545,8.20263195,38.23565674,103.0815659,104,070801030402,32
526,F070801030402_323,11287.75251,100712.3678,24.87595558,4303.540527,77,6244.362305,84.08072662,980.1126709,24.37843704,6.965267658,78.37194562,0.008863018,130.9995728,11.79859734,1944,1770,0.009694926,39.74383664,79488,37.75664574,0.000144116,10547.90234,2.431378841,5.959266663,113.9810104,279.365448,105,070801030402,32
527,F070801030402_324,2181.596656,19422.06164,4.797249317,829.9241333,79,1235.483643,16.21470261,189.0116272,4.701304436,1.343229771,10.64714206,0.001204076,131.0007629,11.79868126,264,240,0.001314566,23.17378754,46348,22.01509778,8.40307E-05,2065.407715,3.458017111,8.605865479,37.69795227,93.81778717,105,070801030402,32
528,F070801030402_326,6171.514615,55114.56524,13.61329746,2355.100342,49,2174.588135,46.01294708,536.3638916,13.34103107,3.811723232,27.72180775,0.003135036,131.0019836,11.79876709,688,626,0.003428827,81.66977954,163340,77.58629364,0.000296144,4529.688477,3.762141228,7.235924244,30.35459328,58.38258743,105,070801030402,32
529,F070801030402_381,4894.866365,41615.01231,10.27890778,1778.251099,45,1507.915771,34.74271011,404.9889526,10.07332993,2.878094196,24.19833615,0.00273657,100.503334,9.987455368,509,464,0.002541495,,,,,3286.166992,3.832437754,7.082256317,,,105,070801030402,32
530,F070801030402_383,1311.708211,11204.94179,2.767620564,478.7983704,44,396.9874878,9.354557037,109.0442505,2.712268114,0.774933755,7.164941832,0.000810277,139.4983368,12.42839432,187,171,0.000936628,30.54704437,61094,29.01969202,0.000110767,875.7858887,2.799990416,5.121554852,16.49908447,30.17901993,105,070801030402,32
531,F070801030402_386,2203.390417,19126.10819,4.72414875,817.27771,54,831.6391602,15.96762276,186.1314545,4.629665852,1.322761655,12.79819003,0.001447337,130.998703,11.7985363,317,288,0.00157748,36.80352595,73607,34.96334979,0.000133454,1648.91687,2.837769747,5.725405693,23.37526894,47.16129684,104,070801030402,32
532,F070801030402_4,4575.361271,40901.85829,10.10275936,1747.777344,66,3554.306152,34.14732742,398.0487061,9.900704384,2.828772545,25.56210729,0.002890797,131.0028687,11.79883003,635,577,0.003160436,10.14741539,20295,9.640044682,3.67956E-05,5302.083496,3.029076815,9.189052582,181.3038635,550.0061035,105,070801030402,32
533,F070801030402_41,1732.944562,15051.81817,3.717799187,643.1792603,6,72.72015381,12.56616116,146.4812927,3.643443108,1.040983796,7.720115185,0.000873061,120.4918213,11.10105324,180,164,0.000898287,,,,,715.8994141,3.921824694,4.365240097,,,104,070801030402,32
534,F070801030402_429,2470.746788,21961.03392,5.424375534,938.4169922,73,1290.892944,18.33438873,213.7203979,5.315887928,1.518825173,15.15230763,0.001713562,147.9963226,13.12337685,418,380,0.002081397,33.81874537,67638,32.12780821,0.00012263,2229.310059,2.469518423,5.866605282,29.20886993,69.38880157,105,070801030402,32
535,F070801030402_446,1489.393689,12565.98639,3.103798628,536.9571533,87,880.2993774,10.490839,122.2896652,3.041722775,0.869063616,7.318056285,0.000827593,142.3406372,12.65326118,195,178,0.00097497,17.62327479,35246,16.74211124,6.39039E-05,1417.256592,3.016613245,7.962115765,32.07225037,84.65219879,105,070801030402,32
536,F070801030402_447,1549.809819,13409.4862,3.312143087,573.0007324,91,982.5803833,11.19504356,130.4984436,3.245900154,0.927400053,14.15231123,0.001600473,142.3360291,12.65289116,377,343,0.001878734,35.94356314,71888,34.14638611,0.000130335,1555.581055,1.670556068,4.535221577,16.78071404,45.5562439,105,070801030402,32
537,F070801030402_45,4277.283951,38323.33241,9.465863228,1637.59436,91,2808.143066,31.99461746,372.9550171,9.276545525,2.650441647,22.13695457,0.00250345,132.4015808,11.89826393,554,504,0.002760589,87.12949784,174259,82.7730231,0.000315941,4445.737305,3.249195099,8.820907593,19.78415489,53.70998001,105,070801030402,32
538,F070801030402_452,1373.807753,11509.73967,2.84290576,491.8226929,92,852.6442871,9.609021187,112.0104904,2.786047697,0.796013594,11.12012149,0.001257565,131.0051117,11.79898834,276,251,0.001374817,16.36205412,32724,15.54395179,5.93306E-05,1344.467041,1.959452987,5.356442451,31.64077568,86.49454498,105,070801030402,32
539,F070801030402_462,1742.624395,14882.44438,3.675963879,635.9417725,83,994.642334,12.42475796,144.8329773,3.602444649,1.029269934,9.390382335,0.001061951,110.6603699,10.52107239,208,189,0.001035221,,,,,1630.584106,3.364771366,8.627429008,,,105,070801030402,32
540,F070801030402_473,1914.474177,16715.89543,4.128826141,714.2869263,87,1171.017578,13.95543194,162.6757507,4.04624939,1.156071305,9.714561045,0.001098612,151.4003296,13.42155933,274,250,0.00136934,17.39416781,34789,16.52445951,6.30732E-05,1885.304443,2.857147694,7.541217804,43.22603989,114.0917435,104,070801030402,32
541,F070801030402_476,929.7795271,7987.246098,1.972849727,341.303009,72,463.0673218,6.668231964,77.73027802,1.933392763,0.552397907,4.270902634,0.000482993,131.008194,11.79920578,106,96,0.000525827,0.733555138,1467,0.69687736,2.65995E-06,804.3703613,3.555239677,8.378857613,489.760498,1154.249512,104,070801030402,32
542,F070801030402_515,3249.584129,27872.5917,6.884530067,1191.023682,71,1593.493286,23.26971245,271.2504883,6.746839523,1.927668452,28.37268806,0.003208644,139.5010986,12.42860985,742,676,0.003702695,70.87414217,141749,67.33043432,0.000256997,2784.51709,1.761869311,4.1191082,17.68923187,41.35599518,104,070801030402,32
543,F070801030402_535,2551.613992,22206.78286,5.485075474,948.9180298,21,375.5082703,18.5395546,216.111969,5.37537384,1.53582108,10.01768231,0.001132891,131.0011749,11.79871082,248,225,0.001232406,-1.673987925,-3347,-1.59028855,-6.07006E-06,1324.42627,4.217413425,5.886339188,-596.6954956,-832.8213501,104,070801030402,32
544,F070801030402_539,5961.690327,52924.0944,13.07225132,2261.499512,85,3622.321045,44.18420792,515.0466919,12.81080627,3.660230398,47.58463933,0.005381307,130.9986877,11.79853535,1181,1075,0.005888162,19.51171494,39023,18.53612925,7.07516E-05,5883.820313,2.103720427,5.473321438,122.0049515,317.4244385,105,070801030402,32
545,F070801030402_68,8024.971418,71210.44957,17.58898163,3042.893799,55,3153.704102,59.45075607,693.0058594,17.23720169,4.924914837,48.79333878,0.005517998,148.0004272,13.12372971,1346,1225,0.006709765,27.49679375,54994,26.12195396,9.97064E-05,6196.597656,2.483994961,5.058446884,116.4879837,237.2180023,105,070801030402,32
546,F070801030402_69,2548.521531,21987.61465,5.430940628,939.5527344,63,1115.406616,18.35657883,213.9790649,5.322321892,1.520663381,29.17089046,0.003298912,131.0004272,11.79865742,723,657,0.003598625,102.9405381,205881,97.79351055,0.000373274,2054.959473,1.430065036,3.12779212,9.607516289,21.01325035,105,070801030403,32
547,F070801030402_72,4115.632495,36319.142,8.970828056,1551.953247,65,1900.918701,30.32139969,353.4506226,8.7914114,2.51183176,28.62117198,0.003236744,131.0028534,11.79882908,709,645,0.003532897,92.97519606,185951,88.32643813,0.000337138,3452.87207,2.406129122,5.353290081,17.57065392,39.09217072,105,070801030402,32
548,F070801030402_79,2258.530961,19335.4385,4.775853157,826.2225952,71,1105.418945,16.14238358,188.1686096,4.680335999,1.337238908,10.97179496,0.001240791,130.9943848,11.79823208,272,248,0.001358385,,,,,1931.641602,3.33154273,7.788877487,,,104,070801030402,32
549,F070801030403_115,2123.81643,18104.18796,4.471734524,773.6100464,52,758.0484619,15.11446285,176.1863403,4.3822999,1.252085686,13.29255521,0.001503244,139.5025787,12.42872429,348,316,0.001730846,7.913843334,15828,7.518150926,2.86965E-05,1531.658447,2.448132992,4.847020626,102.8989792,203.7280731,104,070801030403,24
550,F070801030403_126,4529.26402,39048.66771,9.645020485,1668.588501,61,1918.008911,32.60017014,380.0137939,9.452119827,2.700605631,31.60621357,0.00357432,148.0011597,13.12379265,871,792,0.004338069,50.92043829,101840,48.37441635,0.000184643,3586.597412,2.106803656,4.528532028,34.49320221,74.1424408,104,070801030403,24
551,F070801030403_132,7809.38643,67463.29476,16.66343307,2882.773926,70,3802.595459,56.32240295,656.5392456,16.33016396,4.665761471,40.32733145,0.004560584,139.5000458,12.42852783,1056,962,0.00526922,52.2025744,104406,49.59244598,0.000189292,6685.369141,2.996646404,6.949448109,58.12929535,134.8061981,104,070801030403,24
552,F070801030403_137,8764.927922,76675.34861,18.93881035,3276.414307,84,5186.203613,64.01317596,746.1891479,18.5600338,5.302866936,51.35493359,0.005807687,151.3995209,13.42148685,1449,1319,0.007224637,54.23670741,108473,51.52487171,0.000196668,8462.618164,2.484013796,6.41593504,63.58898544,164.2433624,104,070801030403,24
553,F070801030403_182,9309.224773,82114.78118,20.28235054,3508.84668,69,4562.312012,68.55434418,799.1246338,19.87670326,5.679058075,67.5169454,0.007635435,148.0004272,13.12372971,1863,1695,0.009284124,164.4310132,328863,156.2094674,0.000596245,8071.158691,2.070116043,4.761745453,22.46244621,51.66881943,105,070801030403,32
554,F070801030403_184,6469.675482,57022.36844,14.08452511,2436.622803,70,3214.088623,47.60569382,554.9302979,13.80283451,3.943666935,32.83662719,0.003713467,130.9983368,11.79851055,814,741,0.004058723,110.2944549,220589,104.7797283,0.00039994,5650.711426,3.288289785,7.62579155,23.25471497,53.92943573,104,070801030403,32
555,F070801030403_198,4272.721684,37229.52744,9.195693016,1590.854858,57,1708.743896,31.08144188,362.3103027,9.011778831,2.574794054,24.20767158,0.002737625,142.3363342,12.652915,645,588,0.003220687,16.35130855,32703,15.53374264,5.92916E-05,3299.598633,2.705535412,5.611562252,102.4128494,212.414917,104,070801030403,32
556,F070801030403_199,3137.874466,27115.37415,6.697497368,1158.666992,58,1266.362915,22.63754082,263.8814087,6.563547611,1.875299215,19.26660609,0.002178844,142.338089,12.65305614,513,467,0.002557927,13.44652909,26893,12.7742027,4.87586E-05,2425.029785,2.481085539,5.192783356,90.70366669,189.8380585,104,070801030403,32
557,F070801030403_205,1553.699609,13427.08612,3.316490173,573.7528076,36,389.2232971,11.20973682,130.6697083,3.250160456,0.928617239,7.734680653,0.000874709,159.3314667,14.16372871,230,209,0.001144768,23.17393303,46348,22.0152359,8.40312E-05,962.9760742,2.745228767,4.607541084,26.06162453,43.74134827,104,070801030403,32
558,F070801030403_211,4922.214124,43693.69381,10.79234219,1867.075195,55,1935.066895,36.47811508,425.2182922,10.57649517,3.021855831,28.71026906,0.00324682,139.4991455,12.42845726,751,683,0.003741037,92.45694411,184914,87.83409691,0.000335259,3802.14209,2.733638763,5.566825867,21.25683784,43.28776932,104,070801030403,24
559,F070801030403_213,1977.00316,17028.73602,4.206097603,727.6549072,32,438.7801514,14.21660995,165.7202454,4.121975422,1.177707314,10.53386545,0.001191266,139.5027924,12.42874146,275,249,0.001363863,22.08138418,44163,20.97731495,8.00695E-05,1166.435059,2.922308922,4.684478283,34.68770599,55.60459137,104,070801030403,24
560,F070801030403_224,1709.552152,15105.86313,3.731148243,645.4886475,19,231.1072998,12.61128139,147.0072479,3.656525373,1.044721484,7.50028038,0.0008482,131.0015869,11.79873943,186,169,0.000925674,,,,,876.5959473,3.819459438,5.186958313,,,104,070801030403,32
561,F070801030403_227,3305.83448,29175.55931,7.206363201,1246.700806,55,1292.10083,24.35750771,283.9307251,7.062235832,2.017781734,27.95910788,0.003161872,139.500824,12.42858791,730,664,0.003636967,63.22278643,126446,60.06164742,0.000229253,2538.801758,1.87756145,3.82349658,20.75701904,42.26993179,104,070801030403,32
562,F070801030403_228,16775.69796,149450.1466,36.91418457,6386.153809,63,7581.435059,124.7699432,1454.418823,36.17589951,10.33597183,91.08591905,0.010300831,148.0003967,13.12372684,2514,2289,0.012537676,141.3606616,282721,134.2926272,0.000512589,13967.58887,2.789931774,6.102048397,47.55401611,104.008606,104,070801030403,32
563,F070801030403_236,2832.129771,25107.87195,6.201644421,1072.884521,78,1576.953979,20.96155739,244.3447876,6.077611446,1.736460447,15.51076923,0.0017541,139.5029602,12.42875385,406,370,0.002026623,35.42882349,70858,33.65738231,0.000128469,2649.838379,2.899688005,7.161725521,31.87664795,78.7297821,104,070801030403,32
564,F070801030403_238,1210.571375,10542.89052,2.604094028,450.5082703,62,526.3394165,8.801837921,102.6013031,2.552012205,0.729146302,11.01029313,0.001245145,139.4942017,12.42807293,288,263,0.001440546,30.78191233,61564,29.24281597,0.000111619,976.8476563,1.71295917,3.714249611,15.40577602,33.40470505,104,070801030403,32
565,F070801030403_247,1433.733429,12058.2558,2.978389263,515.2613525,42,407.8010254,10.06695557,117.3485336,2.918821573,0.83394897,8.337486699,0.000942879,139.5019989,12.42867947,217,198,0.001084517,34.44479185,68889,32.7225529,0.000124901,923.0623779,2.602329969,4.661931038,15.74636745,28.20875168,105,070801030403,32
566,F070801030403_260,3347.018832,29025.33033,7.169256687,1240.281372,77,1799.626831,24.23208809,282.4687195,7.025871754,2.00739193,16.68422788,0.001886805,147.9983368,13.12355042,461,420,0.002300491,26.29930806,52599,24.98434222,9.53642E-05,3039.908203,2.953050852,7.237876892,49.64234543,121.6725311,104,070801030403,24
567,F070801030403_261,4402.97319,38418.27634,9.489314079,1641.651367,48,1484.888062,32.07388306,373.8789673,9.299528122,2.657007933,38.58755684,0.004363835,142.3360138,12.65288925,1027,934,0.005115854,22.35550213,44711,21.23772717,8.10635E-05,3126.539551,1.757656693,3.347472668,77.29882813,147.2162933,104,070801030403,24
568,F070801030403_262,9191.376958,81786.04628,20.2011528,3494.799316,50,3292.78833,68.2798996,795.925415,19.79713058,5.656322956,48.06183449,0.005435273,142.3349915,12.65280724,1279,1164,0.006375647,24.92530558,49850,23.67903981,9.03819E-05,6787.587891,3.002404928,5.831261158,147.5904083,286.6496277,104,070801030403,24
569,F070801030403_265,4035.004653,35053.00147,8.658091545,1497.849854,92,2596.734863,29.26434898,341.1288147,8.484930038,2.424265623,38.55359149,0.004359994,130.9990845,11.798563,957,871,0.00477078,36.95421505,73908,35.10650444,0.000134,4094.584717,1.719689846,4.701015949,42.6658783,116.6332245,104,070801030403,24
570,F070801030403_289,6542.696973,57984.45269,14.32215977,2477.733643,54,2521.273193,48.40890121,564.2930908,14.03571701,4.010204792,45.54683447,0.005150854,131.0000458,11.79863071,1130,1028,0.005630726,22.89209759,45784,21.74749267,8.30093E-05,4999.006836,2.410246849,4.862847328,113.9319229,229.8658905,104,070801030403,32
571,F070801030403_293,4333.149608,37523.66472,9.268344879,1603.423706,65,1963.96228,31.32700539,365.1727905,9.082978249,2.595136642,25.74482664,0.002911461,130.9993439,11.79858112,638,581,0.003182346,18.69900689,37394,17.76405609,6.78046E-05,3567.385986,2.759765387,6.140079021,90.26225281,200.8204651,104,070801030403,32
572,F070801030403_295,1361.422849,11659.17873,2.879817247,498.208374,91,854.3265381,9.733782768,113.464798,2.822220802,0.806348801,6.801389031,0.000769163,130.998764,11.79854012,169,154,0.000843513,7.233580241,14467,6.87190111,2.62298E-05,1352.534912,3.235119343,8.782693863,72.4993515,196.8210602,104,070801030403,32
573,F070801030403_297,2345.11531,20127.85157,4.971579552,860.083252,61,988.6483154,16.80393982,195.8802338,4.872148037,1.392042279,14.44661543,0.001633756,131.0033569,11.79886436,358,325,0.001780142,57.1122601,114225,54.25664753,0.000207095,1848.731567,2.646409988,5.688405037,15.85212708,34.07382584,104,070801030403,32
574,F070801030403_298,3711.460115,32886.2302,8.122899055,1405.261597,63,1668.281372,27.45539856,320.0422363,7.960441113,2.274411678,16.19214249,0.001831156,131.0019073,11.79876232,402,366,0.002004714,6.405639172,12811,6.085357189,2.32275E-05,3073.542969,3.839512587,8.397658348,230.9250793,505.0718994,104,070801030403,32
575,F070801030403_308,3054.453951,26892.58265,6.642467976,1149.146973,47,1017.758972,22.4515419,261.7132263,6.509618759,1.859891057,18.6569024,0.002109894,139.503418,12.42879009,487,443,0.00242647,56.48415112,112968,53.65994459,0.000204818,2166.906006,2.594011307,4.891435623,21.4153595,40.38218689,104,070801030403,32
576,F070801030403_310,1256.276705,10963.55352,2.707997799,468.4836121,37,326.6387024,9.153032303,106.6951141,2.653837919,0.758239388,7.536308207,0.000852275,139.4994965,12.42848492,197,179,0.000980447,28.54956895,57099,27.122091,0.000103524,795.1223145,2.617226839,4.442024231,17.27313805,29.31640816,105,070801030403,32
577,F070801030403_399,5693.488924,49697.08995,12.27518082,2123.606201,78,3121.333252,41.4901123,483.6421204,12.02967739,3.437050581,30.3966735,0.003437534,139.4994812,12.42848396,794,723,0.003960131,55.65488012,111310,52.8721359,0.000201811,5244.939453,2.937214613,7.254411221,40.16493988,99.20044708,104,070801030406,24
578,F070801030403_40,6563.261016,57477.38604,14.19691467,2456.066162,52,2406.660889,47.98557281,559.3584595,13.91297626,3.975136042,39.39095665,0.00445469,147.9998627,13.12368107,1087,988,0.005411631,18.47986713,36960,17.55587394,6.701E-05,4862.727051,2.485896826,4.921788692,139.8999634,276.9857483,104,070801030403,32
579,F070801030403_44,12744.52693,111557.8335,27.55478477,4766.977539,56,5030.401367,93.13516998,1085.658569,27.00368881,7.715339661,78.65940523,0.008895527,130.9996948,11.79860592,1952,1776,0.009727791,197.1007272,394202,187.2456919,0.000714709,9797.378906,2.684108973,5.516541958,25.45841026,52.32365417,105,070801030403,32
580,F070801030403_55,14734.62929,131328.4169,32.43811798,5611.794434,46,4864.42041,109.6408386,1278.06189,31.78935623,9.082673073,103.3664066,0.011689621,139.5005798,12.42856884,2702,2460,0.013474305,346.5867984,693173,329.2574529,0.001256762,10476.21484,2.281217337,4.258624077,17.04378891,31.81769943,105,070801030403,32
581,F070801030403_56,2267.871826,19678.47989,4.860584736,840.8811646,39,617.9746704,16.42877579,191.5070343,4.763372898,1.360963702,18.23332836,0.002061992,148.002182,13.12388039,503,458,0.002508631,9.094708852,18189,8.639973149,3.29784E-05,1458.855835,1.835985065,3.185274839,97.32450867,168.8495789,105,070801030403,32
582,F070801030403_57,2383.754855,20555.16519,5.077126026,878.3427734,52,860.6743774,17.16068649,200.0387726,4.975583553,1.421595335,14.25846168,0.001612478,148.0014343,13.12381649,392,357,0.001955417,45.4853863,90972,43.21111721,0.000164935,1739.01709,2.460343838,4.87119627,20.32677841,40.24466705,105,070801030403,32
583,F070801030403_58,2726.82476,23357.70192,5.769352436,998.0979614,52,978.0206299,19.50041199,227.3124847,5.653965473,1.615418673,17.05512174,0.001928749,139.5018311,12.42866611,446,405,0.002218331,49.3625098,98726,46.89438316,0.000178994,1976.118652,2.464439392,4.879305363,21.28395462,42.13977432,105,070801030403,32
584,F070801030403_59,1714.962029,15156.43705,3.743639946,647.6497192,52,634.6218262,12.65350342,147.4994202,3.668767214,1.048219204,18.15515366,0.002053151,147.999939,13.12368774,501,455,0.002492199,53.38455544,106769,50.71532668,0.000193578,1282.271484,1.423406005,2.818179131,12.7702961,25.28370667,105,070801030403,32
585,F070801030403_64,2298.464583,19965.68216,4.931523323,853.1535645,81,1302.218018,16.66854858,194.3020172,4.832892895,1.380826473,16.88773553,0.00190982,139.5018463,12.42866802,441,401,0.002196421,31.75088653,63503,30.16334251,0.000115132,2155.371582,2.127564907,5.374991417,28.28445053,71.45665741,104,070801030403,32
586,F070801030403_67,6787.639592,59901.03142,14.79555511,2559.631104,63,3038.710938,50.00897598,582.9448853,14.49964428,4.142755508,41.45275126,0.004687857,159.3332977,14.163908,1235,1124,0.006156552,137.1484062,274297,130.2909861,0.000497315,5598.341797,2.277251959,4.98073101,19.64549637,42.96799088,104,070801030403,32
587,F070801030403_69,3250.038852,28665.57307,7.080396652,1224.908569,43,992.5300293,23.93173981,278.9676208,6.938788891,1.982511044,18.82412338,0.002128804,151.397644,13.42131901,531,483,0.002645565,72.95692444,145914,69.30908203,0.00026455,2217.438477,2.53604269,4.590970039,17.67313194,31.99347687,104,070801030403,32
588,F070801030403_81,1284.257077,10953.4222,2.705495358,468.0506897,35,308.6970215,9.144574165,106.5965195,2.651385546,0.757538676,5.69362092,0.000643887,131.0001373,11.79863739,141,128,0.000701102,,,,,776.7476807,3.656646013,6.068341255,,,104,070801030403,32
589,F070801030403_84,3442.601163,29899.96639,7.385291576,1277.655396,26,625.9772949,24.962286,290.9804993,7.237585545,2.067881584,24.070158,0.002722074,130.9980469,11.79848957,597,543,0.002974206,4.254881859,8510,4.042137623,1.54287E-05,1903.63269,2.352956533,3.505769253,316.0840759,470.9470215,104,070801030403,32
590,F070801030404_46,2347.052013,20637.27637,5.097407341,881.8514404,25,415.4386902,17.2292366,200.8378448,4.99545908,1.427274108,12.60623932,0.001425629,131.0011292,11.79870701,313,285,0.001561047,6.939938068,13880,6.592941284,2.5165E-05,1297.290161,3.094215631,4.551895142,133.7569122,196.7695618,104,070801030404,24
591,F070801030405_107,2750.305566,24489.76961,6.048973083,1046.47229,87,1715.609741,20.44552994,238.3295441,5.927993774,1.693712473,10.8581419,0.001227938,131.0014648,11.79873085,269,245,0.001341953,33.32082367,66642,31.65478325,0.000120825,2762.082031,4.271315575,11.27380466,33.05889893,87.2563858,105,070801030405,32
592,F070801030405_108,3450.337121,31023.16638,7.662722111,1325.650879,87,2173.30127,25.90000153,301.9112549,7.509467602,2.145562172,29.81317429,0.003371547,131.0001831,11.79864025,740,674,0.00369174,14.48214667,28964,13.75803968,5.25139E-05,3498.952148,1.966841102,5.191323757,96.35463715,254.3205414,105,070801030405,32
593,F070801030405_109,4427.029892,38824.60253,9.589676857,1659.014038,83,2594.774658,32.41310883,377.8332825,9.397883415,2.685109615,33.43219832,0.003780819,130.9998169,11.7986145,830,756,0.004140884,76.39498046,152790,72.5752323,0.000277017,4253.788574,2.194463015,5.626704693,22.85923195,58.6121254,105,070801030405,32
594,F070801030405_122,6079.938245,53488.39368,13.21163368,2285.612549,88,3790.153564,44.65532303,520.5383911,12.94740105,3.699257374,39.53262457,0.004470712,130.9991913,11.79857063,980,893,0.004891282,72.40587743,144811,68.78558221,0.000262552,6075.766113,2.559476614,6.803769588,33.22807693,88.32906342,105,070801030405,32
595,F070801030405_14,1977.805559,17916.06072,4.42526722,765.571228,12,173.1164551,14.95740318,174.3555298,4.336761951,1.239074826,7.591457248,0.000858512,131.0059204,11.79904461,188,171,0.000936628,7.147559822,14295,6.790181696,2.59178E-05,938.6876831,4.477024555,5.489401817,112.7467957,138.2419128,104,070801030405,24
596,F070801030405_19,11329.55796,97825.80356,24.1629734,4180.194336,50,3938.564697,81.67085266,952.0211792,23.6797142,6.765632629,70.90467659,0.008018551,158.2000732,14.0536356,2096,1907,0.010445325,43.75258282,87504,41.5649539,0.000158652,8118.758789,2.192026377,4.257346153,100.5701675,195.3270264,105,070801030405,32
597,F070801030405_203,7102.069409,61790.37814,15.26222324,2640.364502,57,2836.026367,51.58631516,601.331604,14.9569788,4.273422718,45.14050177,0.005104902,131.0002441,11.79864502,1120,1019,0.005581429,27.10905394,54218,25.75360146,9.83004E-05,5476.390625,2.591132879,5.374279499,102.524086,212.6456299,105,070801030405,32
598,F070801030405_204,5530.767863,49262.2281,12.16777039,2105.02417,47,1864.345581,41.12706375,479.4101563,11.92441463,3.406975746,29.33976173,0.003318009,131.0012054,11.79871273,728,662,0.003626012,118.9410782,237882,112.9940262,0.000431293,3969.369629,3.179794788,5.996026516,18.6295166,35.12902069,105,070801030405,32
599,F070801030405_206,3716.54903,31653.57177,7.818432331,1352.588745,43,1095.987793,26.42630196,308.0462341,7.662063599,2.189161062,24.32311249,0.002750681,131.0005035,11.79866314,603,549,0.00300707,90.20845795,180417,85.69803619,0.000327106,2448.57666,2.463731766,4.460066795,15.78319454,28.57214355,105,070801030405,32
600,F070801030405_209,3151.743788,26978.05734,6.663579941,1152.799316,52,1129.610107,22.52289963,262.5450439,6.530308247,1.865802407,19.54921722,0.002210805,130.999939,11.79862309,485,442,0.002420993,11.57194138,23143,10.99334431,4.19611E-05,2282.409424,2.60814333,5.163822174,104.8633881,207.6173859,105,070801030405,32
601,F070801030405_217,3558.494226,31485.92595,7.777023792,1345.425171,64,1622.598267,26.28634071,306.4147339,7.621483326,2.177566767,22.49375299,0.0025438,142.3312683,12.65250778,598,544,0.002979684,11.96114644,23922,11.36308919,4.33724E-05,2968.023438,2.473207951,5.455925465,118.4031143,261.1986389,104,070801030405,32
602,F070801030405_218,5436.919278,47637.17296,11.76638126,2035.583984,73,2800.16333,39.77037048,463.5954285,11.53105354,3.294586658,37.74969643,0.004269082,131.0005493,11.798666,936,853,0.004672188,19.48607314,38973,18.51176992,7.06586E-05,4835.74707,2.386382103,5.66910553,109.9616089,261.2255249,104,070801030405,32
603,F070801030405_220,6130.927721,52903.6912,13.0672121,2260.627686,77,3280.131592,44.16717529,514.8481445,12.80586815,3.658819437,39.93716311,0.00451646,148.000946,13.12377453,1103,1004,0.005499269,80.58556619,161172,76.55628485,0.000292212,5540.759277,2.251621246,5.518684387,29.52896309,72.37497711,104,070801030405,32
604,F070801030405_221,2417.936212,20786.06767,5.134158611,888.2094116,81,1355.725952,17.3534565,202.2858429,5.031475544,1.437564373,24.04331911,0.002719039,148.0009918,13.12377834,664,604,0.003308325,69.02617359,138053,65.57486629,0.000250296,2243.935303,1.470545411,3.715124607,13.54496765,34.21944046,104,070801030405,32
605,F070801030405_222,13469.43977,118085.2039,29.16704559,5045.898926,54,5134.566406,98.58461761,1149.181641,28.58370399,8.166772842,89.12513698,0.010079087,130.9999695,11.79862499,2211,2012,0.011020447,55.86160374,111722,53.06852457,0.00020256,10180.46484,2.507902145,5.059873104,95.08270264,191.8362122,104,070801030405,32
606,F070801030405_226,3617.438786,31762.22624,7.84526968,1357.231689,76,1943.744019,26.51701164,309.1036377,7.688364506,2.196675539,18.5618248,0.002099141,130.9976349,11.79846096,461,419,0.002295014,50.24191952,100483,47.72982502,0.000182183,3300.975586,3.239216328,7.878223419,28.43571472,69.1595993,104,070801030405,32
607,F070801030405_228,3221.67651,28407.40276,7.016628265,1213.876709,57,1303.829956,23.71620369,276.4551392,6.876295567,1.964655876,23.91651365,0.002704699,131.0037994,11.79889584,593,540,0.002957774,15.46841946,30936,14.69499856,5.60902E-05,2517.706543,2.247919798,4.662419319,82.60475159,171.3308411,104,070801030405,32
608,F070801030405_230,5788.630286,49365.45414,12.19326687,2109.435059,73,2901.753662,41.21324158,480.4147034,11.94940186,3.414114714,35.56762156,0.004022313,131.0012512,11.79871559,882,801,0.004387365,15.49305318,30987,14.71840065,5.61795E-05,5011.188477,2.633502007,6.256165504,143.3195801,340.4709778,104,070801030405,32
609,F070801030405_233,9014.18628,78488.19358,19.38658333,3353.878906,90,5688.023438,65.52664948,763.8313599,18.99885178,5.42824316,52.80276984,0.005971421,131.0008698,11.79868889,1309,1190,0.006518058,54.85471201,109708,52.11197811,0.000198909,9041.902344,2.818385601,7.598237038,64.35907745,173.5090942,104,070801030405,32
610,F070801030405_270,2728.676125,23112.96582,5.708902359,987.6401367,80,1488.881714,19.29608917,224.9307556,5.594724178,1.598492622,17.23000717,0.001948527,130.9973145,11.79843807,427,389,0.002130693,8.887336731,17775,8.442970276,3.22265E-05,2476.521973,2.538920641,6.366380215,116.9778061,293.3235474,105,070801030405,32
611,F070801030405_271,3448.75377,30747.35521,7.594596863,1313.865234,53,1312.194336,25.66973686,299.2271118,7.442705154,2.126487017,22.15143394,0.002505087,130.9990387,11.79856014,550,500,0.00273868,12.12834644,24257,11.52192879,4.39787E-05,2626.05957,2.62773037,5.252119064,114.0317078,227.918396,105,070801030405,32
612,F070801030405_274,2808.588958,24367.71113,6.018824577,1041.256592,39,765.2333374,20.34362793,237.1416931,5.89844799,1.685270905,16.6002822,0.001877312,148.0014191,13.12381458,459,418,0.002289536,8.947218925,17895,8.499858074,3.24436E-05,1806.48999,2.491044521,4.321746349,122.5028229,212.5317841,105,070801030405,32
613,F070801030405_276,5946.858441,51746.43803,12.78137016,2211.177002,71,2958.375977,43.20103073,503.5859985,12.52574253,3.578783751,36.061547,0.00407817,130.9988556,11.79854679,894,813,0.004453093,87.16695572,174332,82.80860686,0.000316077,5169.552734,2.719774961,6.358613491,26.70226097,62.42772293,105,070801030405,32
614,F070801030405_277,1285.621869,11229.1972,2.773611784,479.8348389,90,813.7776489,9.374807358,109.280304,2.718139648,0.776611328,6.10055685,0.000689907,131.0026245,11.79881287,151,137,0.000750398,10.88021755,21760,10.33620644,3.94529E-05,1293.612549,3.502444029,9.442427635,46.42272186,125.153511,105,070801030405,32
615,F070801030405_278,2961.067984,26154.46764,6.46015358,1117.606567,69,1453.146973,21.83531952,254.5300446,6.330950737,1.808843017,20.94160748,0.002368269,130.9957581,11.7983284,520,473,0.002590791,65.50651264,131013,62.23118782,0.000237534,2570.753418,2.362804651,5.434996605,17.95894623,41.30972672,105,070801030405,32
616,F070801030405_279,2825.267684,24519.99896,6.056439877,1047.764038,57,1125.407715,20.47076607,238.6237335,5.935311317,1.695803165,17.85131836,0.002018791,130.996994,11.79841518,443,403,0.002207376,55.31998062,110640,52.55398178,0.000200596,2173.171875,2.599910736,5.392486095,19.93691063,41.35123062,105,070801030405,32
617,F070801030405_306,4721.411283,41922.87826,10.3549509,1791.406494,48,1620.342773,34.99973297,407.9850769,10.14785194,2.899386168,30.49817026,0.003449013,130.9981384,11.79849625,757,689,0.003773901,95.88551736,191771,91.09123921,0.000347691,3411.749268,2.600009441,4.951740742,19.66606712,37.45419693,105,070801030405,32
618,F070801030405_325,5696.422403,48673.611,12.02238178,2079.87207,75,2939.472412,40.63565063,473.6818542,11.78193378,3.366266966,30.0561823,0.003399029,151.3986053,13.42140484,848,772,0.004228522,70.0349199,140070,66.53317419,0.000253954,5019.344727,2.694134712,6.501741886,31.26067734,75.44123077,105,070801030405,32
619,F070801030405_343,5661.385969,50178.47997,12.39408493,2144.176758,76,3070.758789,41.89200592,488.3269348,12.14620304,3.470343828,44.0379954,0.00498022,131.0004883,11.79866219,1092,993,0.005439018,26.06370439,52127,24.76051959,9.45098E-05,5214.935547,2.159291744,5.25169754,86.59659576,210.6149445,105,070801030405,32
620,F070801030405_399,7716.088118,66659.16522,16.46481323,2848.412598,41,2200.687012,55.65106964,648.713623,16.13551712,4.610147476,46.31711376,0.005237964,131.0005188,11.79866409,1150,1047,0.005734795,30.70587146,61412,29.1705777,0.000111343,5049.099609,2.720546961,4.822444916,97.64676666,173.0887756,105,070801030405,32
621,F070801030405_401,3696.752102,32767.74012,8.093631744,1400.198242,46,1213.721069,27.35647583,318.8890991,7.931758881,2.266216993,21.50378227,0.002431845,139.5014801,12.42863941,562,511,0.002798931,83.81529236,167631,79.62452698,0.000303923,2613.919434,2.740113974,5.115302086,17.58501244,32.82806778,105,070801030405,32
622,F070801030405_424,27918.26667,244432.7308,60.37488556,10444.85547,44,8660.173828,204.0671082,2378.770508,59.16738892,16.90496826,183.4985742,0.020751701,139.4997864,12.42850685,4797,4364,0.023903197,614.0702744,1228142,583.3667418,0.002226686,19105.0293,2.393413305,4.377871037,17.90444183,32.74960327,105,070801030405,32
623,F070801030405_433,2194.292368,19276.0265,4.761178493,823.6838989,30,465.6433105,16.09278297,187.5904388,4.665955067,1.333130002,13.46257591,0.001522471,124.249649,11.34080505,321,292,0.001599389,,,,,1289.327148,2.820835352,4.415503979,,,105,070801030405,32
624,F070801030405_437,9527.85958,84058.94101,20.76255798,3591.922607,88,5956.36377,70.17744446,818.0447998,20.34730721,5.81351614,69.15291355,0.007820445,131.0003357,11.7986517,1715,1560,0.008544681,69.05037368,138101,65.59785452,0.000250384,9548.286133,2.302514553,6.120696068,54.75671005,145.5579071,104,070801030405,32
625,F070801030405_439,2591.776192,23172.64798,5.723644257,990.1904297,72,1343.453735,19.34591675,225.5115814,5.609171391,1.602620363,15.39410877,0.001740907,130.9958038,11.79833126,382,348,0.001906121,37.15943909,74319,35.3014679,0.000134744,2333.644043,2.845374823,6.705873489,28.04955482,66.10614777,105,070801030405,32
626,F070801030405_441,1164.774359,10124.5031,2.500752211,432.630127,45,366.860321,8.452542305,98.5296402,2.450737238,0.700210631,7.751737118,0.000876637,131.0010834,11.79870415,192,175,0.000958538,20.62537575,41251,19.59410667,7.47899E-05,799.4904785,2.47217226,4.568517208,22.0796051,40.80260086,105,070801030405,32
627,F070801030405_442,9102.037444,80337.83678,19.84344482,3432.916016,50,3234.481445,67.07084656,781.8317261,19.44657516,5.556164742,55.38978372,0.006263984,130.9997253,11.79860783,1374,1250,0.006846699,193.86044,387720,184.1674186,0.000702959,6667.397461,2.746332884,5.333918095,18.64019203,36.20291519,105,070801030405,32
628,F070801030405_456,2732.997682,24001.77056,5.928437233,1025.619629,63,1217.58252,20.03811836,233.5804291,5.809868336,1.659962416,25.69612843,0.002905954,139.500946,12.42859745,673,613,0.003357621,101.2338886,202469,96.172194,0.000367085,2243.202148,1.673115253,3.659383535,10.66440964,23.32485199,105,070801030402,32
629,F070801030405_459,2691.03196,23308.00471,5.757077217,995.9743652,49,919.635437,19.45892143,226.8288422,5.641935825,1.61198163,17.39129204,0.001966767,130.9963379,11.79836941,432,393,0.002152602,10.47286651,20947,9.94922334,3.79758E-05,1915.609863,2.534286022,4.874325275,100.1057434,192.5386353,105,070801030405,32
630,F070801030405_462,1150.324166,10257.0632,2.533494711,438.2945862,65,536.8475342,8.563212395,99.81969452,2.482824802,0.709378541,8.579909205,0.000970295,139.5059052,12.42898369,224,204,0.001117381,37.21402454,74429,35.35332298,0.000134942,975.1420898,2.148502827,4.780108452,12.39754963,27.58275604,105,070801030402,32
631,F070801030405_464,3136.513585,27103.52402,6.694570541,1158.160645,47,1025.742065,22.62764931,263.7660828,6.560678959,1.874479771,19.16166764,0.002166977,130.9970856,11.79842186,475,432,0.002366219,45.3956196,90791,43.12583767,0.000164609,2183.902832,2.680927515,5.055330753,26.8553772,50.64023972,105,070801030405,32
632,F070801030405_467,1482.501767,12766.32654,3.153282642,545.5178833,60,616.7821045,10.65809536,124.2393341,3.090216875,0.882919133,9.531439781,0.001077903,131.0051575,11.7989912,237,216,0.00118311,23.90264702,47805,22.70751476,8.66736E-05,1162.300049,2.525545835,5.381018639,24.0236721,51.18569946,105,070801030405,32
633,F070801030405_470,2188.382153,19222.02025,4.747838974,821.3761597,58,897.7213745,16.04769516,187.0648499,4.652882099,1.329394937,12.43233967,0.001405963,151.4046783,13.42194748,351,319,0.001747278,35.3255806,70651,33.55930328,0.000128094,1719.097534,2.574846983,5.389020443,24.47536469,51.22566223,105,070801030405,32
634,F070801030405_474,5889.869835,52546.48642,12.97898197,2245.36377,62,2623.311768,43.86895752,511.3718872,12.71940231,3.634114981,44.80656505,0.005067137,131.0005493,11.798666,1112,1012,0.005543088,120.391047,240782,114.3714929,0.000436551,4868.675781,2.218738794,4.810944557,19.63219833,42.5689621,105,070801030405,32
635,F070801030405_478,4422.151653,38651.82508,9.547000885,1651.631104,58,1805.146729,32.26886368,376.151825,9.356060982,2.673160315,25.41875768,0.002874586,130.9976044,11.79845905,631,574,0.003144004,11.96020138,23920,11.3621915,4.3369E-05,3456.777832,2.87740612,6.022261143,145.3620148,304.2351379,105,070801030405,32
636,F070801030405_48,2497.204587,21519.91757,5.315419674,919.567627,47,814.4285889,17.96611786,209.427536,5.209111214,1.48831749,14.89106761,0.001684018,148.0036469,13.12400627,411,374,0.002048532,10.44431999,20889,9.922103852,3.78722E-05,1733.996216,2.458736897,4.636353493,92.67869568,174.7609406,105,070801030405,32
637,F070801030405_488,2404.62995,21199.58162,5.236296654,905.8793335,45,768.1647339,17.69868279,206.3100891,5.131570816,1.466163039,23.39341676,0.002645542,130.9980927,11.79849339,581,528,0.002892046,81.25780251,162515,77.19491228,0.00029465,1674.044067,1.715680599,3.170537949,11.73496151,21.68593788,105,070801030405,32
638,F070801030405_489,2032.067385,17530.75949,4.330097675,749.1068726,53,748.1542969,14.63572979,170.6058502,4.243495941,1.212427378,6.6553545,0.000752648,131.0032196,11.79885483,165,151,0.000827081,15.16203213,30324,14.40393019,5.49792E-05,1497.26123,4.960972786,9.915637016,52.00711441,103.9481049,105,070801030405,32
639,F070801030405_49,2110.883809,18249.25152,4.507565022,779.8087769,86,1263.740967,15.23556995,177.5980682,4.417413712,1.26211822,15.57672405,0.001761559,131.004425,11.7989397,387,352,0.001928031,35.16045713,70321,33.4024334,0.000127496,2043.549805,2.215365887,5.805539131,23.34586716,61.17966843,105,070801030405,32
640,F070801030405_50,6144.106402,53033.26779,13.09921741,2266.164551,42,1793.5448,44.27535629,516.1091919,12.83723259,3.667780876,36.44939241,0.004122031,130.9983978,11.79851437,902,822,0.00450239,21.69351315,43387,20.60883748,7.86631E-05,4059.709473,2.756891251,4.938819408,109.9608154,196.9887695,105,070801030405,32
641,F070801030405_51,14332.02677,126894.8928,31.34303856,5422.345703,62,6335.055176,105.9394684,1234.915771,30.71617699,8.776050568,92.87096585,0.0105027,130.9999237,11.79862213,2302,2095,0.011475068,311.1062118,622213,295.550915,0.001128105,11757.40039,2.588231802,5.612124443,18.34657097,39.78130341,105,070801030405,32
642,F070801030405_520,1928.640895,16846.62067,4.16111517,719.8729248,59,800.348999,14.06456947,163.947937,4.07789278,1.165112257,11.45938449,0.001295932,131.0079498,11.79918861,284,259,0.001418636,26.90749625,53815,25.56212067,9.75695E-05,1520.221924,2.779432058,5.869582653,28.16170502,59.47166824,104,070801030405,32
643,F070801030405_525,4327.09562,37873.2752,9.354699135,1618.362915,72,2195.734863,31.61888313,368.5751343,9.1676054,2.619315863,25.60136889,0.002895237,131.000824,11.79868603,635,578,0.003165914,13.67582946,27351,12.99203761,4.95901E-05,3814.097656,2.799935818,6.598784924,124.5657501,293.5719299,105,070801030405,32
644,F070801030405_531,1956.361001,16843.79692,4.160418034,719.7523193,43,583.2073975,14.06221294,163.9204712,4.077209473,1.164916992,12.4041736,0.001402778,130.9971313,11.79842567,308,280,0.001533661,39.71604705,79432,37.73024464,0.000144015,1302.959717,2.570544004,4.653427601,19.07626915,34.53356171,105,070801030405,32
645,F070801030405_534,6218.317117,54555.90729,13.47530937,2331.228516,46,2020.757446,45.54654694,530.9271851,13.20580292,3.773086548,30.54210764,0.003453981,131.0001526,11.79863834,757,688,0.003768423,127.0735866,254148,120.7199094,0.000460783,4351.98584,3.388413429,6.325561047,19.31105232,36.0502739,105,070801030405,32
646,F070801030405_535,1562.266208,14236.6456,3.516451359,608.3460693,65,745.1360474,11.88560581,138.5481873,3.446122408,0.984606385,12.7442019,0.001441231,131.0004883,11.79866219,316,287,0.001572002,30.62625885,61253,29.09494591,0.000111054,1353.482178,2.119672775,4.715965748,20.90899467,46.5194931,105,070801030405,32
647,F070801030405_538,1998.307452,17220.99836,4.253586769,735.8704834,52,721.0680542,14.37712288,167.5913239,4.168515205,1.191004276,12.27685311,0.001388379,147.9989929,13.12360668,338,307,0.001681549,8.807203911,17614,8.366843745,3.19359E-05,1456.938477,2.396972179,4.745728016,87.95078278,174.1323853,105,070801030405,32
648,F070801030405_559,4577.912918,40019.3699,9.884784698,1710.067749,61,1965.688232,33.41057205,389.4605103,9.687088966,2.767739773,36.92231929,0.004175514,130.9983063,11.79850769,917,835,0.004573595,89.68121243,179363,85.19715261,0.000325194,3675.755859,2.047985315,4.402102947,20.07188797,43.14411545,104,070801030405,32
649,F070801030405_563,1850.952056,15978.89289,3.946786642,682.7940674,56,720.5253906,13.34013844,155.5033875,3.867851019,1.105100274,10.02041483,0.0011332,131.0076141,11.79916477,249,226,0.001237883,4.833094597,9667,4.591439724,1.75253E-05,1403.319458,3.021212578,6.209378242,148.7102356,305.6382141,105,070801030405,32
650,F070801030405_565,1720.002036,15201.09139,3.754669666,649.5578613,88,1077.139526,12.6907835,147.9339905,3.679576159,1.051307559,10.39215851,0.001175241,159.3305817,14.16364193,309,281,0.001539138,8.480407715,16961,8.056386948,3.07509E-05,1726.697388,2.311593771,6.144830704,80.62644958,214.3265228,104,070801030405,32
651,F070801030405_574,2866.444553,25488.43267,6.295642853,1089.14624,66,1354.570679,21.27927208,248.0483246,6.169730186,1.762779951,21.85195398,0.002471219,131.0010376,11.79870033,543,494,0.002705816,12.19623005,24393,11.58641839,4.42249E-05,2443.716797,2.204749584,4.946794987,94.00197601,210.9121857,105,070801030405,32
652,F070801030405_624,1088.586073,9437.269329,2.331005573,403.2639771,9,68.39170074,7.878798962,91.8416214,2.284385443,0.652681589,5.570360661,0.000629947,148.0093689,13.12449741,154,140,0.00076683,,,,,471.6556702,2.880456924,3.368968964,,,104,070801030405,24
653,F070801030405_671,1707.918633,15094.33184,3.728299856,644.9958496,74,899.414978,12.6016531,146.8950195,3.653733969,1.043923974,17.58687038,0.001988885,130.9999237,11.79862213,436,397,0.002174512,10.1064406,20213,9.601118716,3.66471E-05,1544.410889,1.624674678,3.890203714,67.17923737,160.8573914,105,070801030405,32
654,F070801030405_678,880.8911839,7529.151376,1.859700441,321.7281799,85,515.322937,6.285787582,73.27219391,1.822506428,0.520716131,5.243528366,0.000592986,142.324646,12.65197563,139,126,0.000690147,1.716582537,3433,1.630753398,6.22452E-06,837.0511475,2.553398371,6.643262863,197.2880707,513.2910767,104,070801030405,32
655,F070801030405_686,2846.637318,24472.62398,6.044738293,1045.739746,56,1103.527344,20.43121529,238.1626892,5.923843384,1.692526698,17.92325747,0.002026926,131.0000916,11.79863358,445,405,0.002218331,40.61235616,81224,38.58173835,0.000147265,2149.26709,2.58207345,5.306832314,27.10452652,55.70684814,104,070801030405,32
656,F070801030405_705,2069.524767,18134.85703,4.479309559,774.9205322,51,744.7299805,15.14006615,176.4848022,4.389723301,1.254206657,16.01422501,0.001811035,130.9942169,11.79821968,397,361,0.001977327,20.22567558,40451,19.21439171,7.33405E-05,1519.650513,2.146594286,4.20955801,40.33021545,79.08917999,104,070801030405,32
657,F070801030405_71,1923.869943,16804.00002,4.150588036,718.0517578,54,730.6694946,14.02898788,163.5331726,4.067576408,1.162164688,11.46369028,0.001296419,131.0005951,11.79866982,285,259,0.001418636,8.269245863,16539,7.855783701,2.99852E-05,1448.721191,2.772400618,5.593518257,91.40422058,184.4145966,105,070801030405,32
658,F070801030405_75,7683.668535,67530.65613,16.68007278,2885.652588,63,3425.75293,56.37864685,657.1948853,16.34647179,4.67042017,48.43924892,0.005477954,130.9989166,11.79855156,1201,1093,0.005986754,88.41925251,176839,83.99828863,0.000320618,6311.405273,2.640121222,5.77438736,34.35370636,75.13730621,104,070801030405,32
659,F070801030405_76,2211.34462,19177.84395,4.736927509,819.4884644,76,1173.621338,16.01081467,186.6349487,4.642189026,1.326339722,9.959367543,0.001126297,131.006134,11.79905987,247,225,0.001232406,29.45021275,58901,27.97770154,0.00010679,1993.109863,3.642170906,8.858265877,29.29077148,71.23922729,104,070801030405,32
660,F070801030405_77,5554.261981,48423.4237,11.96058559,2069.181396,58,2261.507568,40.4267807,471.2470703,11.72137356,3.348963976,38.52791032,0.004357089,131.0016479,11.7987442,956,871,0.00477078,121.2252957,242451,115.1640322,0.000439576,4330.688965,2.375638723,4.972088337,17.96725464,37.60452652,104,070801030405,32
661,F070801030405_78,3696.98948,32491.27132,8.025343895,1388.384521,46,1203.480591,27.12566185,316.1985474,7.86483717,2.2470963,22.43958989,0.002537675,131.0027313,11.7988205,557,507,0.002777021,86.86943352,173739,82.52596223,0.000314998,2591.865234,2.738430977,5.112160206,16.8236084,31.40666389,105,070801030405,32
662,F070801030405_80,3814.662884,34159.45562,8.437385559,1459.667725,43,1182.752686,28.51836395,332.4329834,8.268637657,2.362468004,16.43423009,0.001858533,130.9964142,11.79837513,407,371,0.0020321,7.985334925,15971,7.586068251,2.89557E-05,2642.42041,3.934414387,7.122426987,192.4142609,348.3254089,105,070801030405,32
663,F070801030405_81,11429.28193,102561.832,25.33277321,4382.569824,58,4789.920898,85.62477112,998.1112671,24.82611847,7.093176365,75.54858065,0.008543726,148.000885,13.12376881,2085,1898,0.010396028,42.19396889,84388,40.08426905,0.000153,9172.490234,2.309046268,4.832713604,109.3339081,228.8301697,105,070801030405,32
664,F070801030405_82,4689.792559,41569.22723,10.26759911,1776.294678,55,1840.980713,34.70448685,404.543396,10.06224728,2.874927759,35.65313959,0.004031984,139.5015411,12.42864418,932,848,0.004644801,103.0632391,206126,97.91007328,0.000373719,3617.275391,2.094687223,4.265655041,18.1421032,36.94487381,105,070801030405,32
665,F070801030405_85,4905.437136,44005.55525,10.86937237,1880.401367,70,2480.390869,36.73847961,428.2532654,10.65198517,3.043424368,28.883347,0.003266394,139.5013275,12.42862701,755,687,0.003762946,11.43906651,22878,10.86711363,4.14793E-05,4360.791992,2.737119913,6.347586632,173.0359497,401.2833862,105,070801030405,32
666,F070801030405_86,1546.31932,13613.18567,3.362456799,581.7050171,34,372.6947021,11.36510372,132.4808044,3.295207739,0.941487908,5.87523824,0.000664426,142.3287659,12.65230656,156,142,0.000777785,10.94123992,21883,10.39417779,3.96741E-05,954.3997192,4.096514225,6.721124649,55.96450424,91.82061005,105,070801030405,32
667,F070801030405_87,7726.621716,67664.05012,16.71302032,2891.352539,42,2288.34668,56.49000931,658.492981,16.37875938,4.679645538,60.00717096,0.006786161,130.9989777,11.79855537,1489,1355,0.007421822,208.8122398,417624,198.3716257,0.000757176,5179.699219,2.133839607,3.822656155,14.57543373,26.11108971,105,070801030405,32
668,F070801030405_88,4245.075562,37248.83344,9.200461388,1591.67981,68,2039.558472,31.09755898,362.4981689,9.016451836,2.576129198,30.1241293,0.003406713,131.0013275,11.79872131,747,680,0.003724604,67.43706322,134875,64.06521034,0.000244534,3631.238281,2.340705633,5.340056419,24.84468269,56.68034744,105,070801030405,32
669,F070801030405_90,6283.903364,55620.75782,13.73832703,2376.730469,66,2955.938477,46.43554688,541.2901001,13.4635601,3.846731663,35.37883483,0.004000963,148.0011597,13.12379265,977,888,0.004863895,18.18522396,36370,17.27596262,6.59416E-05,5332.668945,2.676498175,6.005257607,137.5744171,308.6756592,105,070801030405,32
670,F070801030405_91,2694.941382,23772.1087,5.871710777,1015.805969,88,1684.476196,19.84638214,231.3453979,5.754276752,1.64407897,13.9771034,0.001580659,131.0047455,11.79896259,347,316,0.001730846,15.44745296,30894,14.67507993,5.60142E-05,2700.282227,3.214575768,8.545196533,69.2197876,184.0046082,104,070801030405,32
671,F070801030406_1,5204.786581,45319.07603,11.19381142,1936.529419,57,2080.033936,37.83508301,441.0361633,10.96993542,3.134267092,30.14849581,0.003409468,130.998764,11.79854012,749,683,0.003741037,64.13523801,128271,60.92847479,0.000232561,4016.563477,2.835328579,5.880766392,31.78365135,65.92259979,104,070801030406,24
672,F070801030406_100,5530.479509,47418.50481,11.71237087,2026.240112,34,1298.199097,39.58781433,461.4674072,11.47812366,3.279463768,32.62683564,0.003689742,158.1999664,14.05362511,965,879,0.004814599,140.057242,280115,133.0543798,0.000507863,3324.439209,2.305165052,3.782069683,15.22866154,24.98556709,108,070801030406,16
673,F070801030406_112,2619.556544,22663.22045,5.597815514,968.4220581,71,1295.67041,18.92061615,220.5539246,5.485859394,1.567388296,11.7944572,0.001333825,159.3347626,14.16405106,351,320,0.001752755,17.05772686,34116,16.20484006,6.18532E-05,2264.092529,3.026319027,7.075289249,59.76128387,139.7170563,108,070801030406,16
674,F070801030406_119,1609.771166,13929.93596,3.440694094,595.2400513,40,448.6668091,11.62954617,135.5633545,3.371880293,0.963394344,15.31375617,0.00173182,151.4020844,13.42171574,432,393,0.002152602,13.86908701,27738,13.17563233,5.02908E-05,1043.90686,1.514605761,2.656251669,45.17734146,79.2301178,104,070801030406,24
675,F070801030406_121,4461.339523,38201.32737,9.435728073,1632.380981,64,1968.887939,31.89276123,371.7677002,9.247013092,2.642003775,22.78422659,0.002576649,148.0015869,13.12382984,629,573,0.003138527,40.84376054,81688,38.80157106,0.000148104,3601.269043,2.848832369,6.284937382,42.06997299,92.81245422,108,070801030406,16
676,F070801030406_122,5714.750638,49733.17412,12.28409386,2125.148193,49,1962.261353,41.52023697,483.9932861,12.03841209,3.439546347,33.63527144,0.003803785,159.3337097,14.16394806,1002,912,0.004995352,87.14200792,174284,82.78490442,0.000315986,4087.409668,2.330206394,4.481808662,25.67072105,49.37385178,108,070801030406,16
677,F070801030406_129,5863.716879,50726.02434,12.52932835,2167.57373,61,2491.582275,42.34912872,493.6555481,12.27874184,3.508211851,28.8072857,0.003257792,151.3988495,13.42142677,814,741,0.004058723,82.46373205,164928,78.34054601,0.000299023,4659.15625,2.925200701,6.287660122,27.6686058,59.47311401,108,070801030406,16
678,F070801030406_13,2574.439575,22487.43387,5.554396152,960.9105225,67,1213.191162,18.77385902,218.8432159,5.443308353,1.555230975,20.13442379,0.002276985,130.9959717,11.79834366,500,455,0.002492199,43.30457359,86609,41.13934537,0.000157027,2174.101563,2.11189127,4.778244972,23.35745811,52.84725571,104,070801030406,24
679,F070801030406_130,7558.055477,65908.37397,16.27936745,2816.330566,53,2812.749512,55.02426147,641.4071045,15.95378017,4.558222771,45.07772362,0.005097802,148,13.12369347,1244,1132,0.006200371,102.3281167,204657,97.21171224,0.000371053,5629.080078,2.487924576,4.972685814,28.97110367,57.9053688,104,070801030406,24
680,F070801030406_133,5854.16844,51591.46093,12.74309063,2204.554688,55,2284.836182,43.07164764,502.0777588,12.4882288,3.568065405,40.00215106,0.00452381,151.401413,13.42165565,1129,1027,0.005625248,107.3773863,214755,102.0085134,0.000389362,4489.390625,2.14659667,4.37136364,21.6114769,44.00996017,104,070801030406,24
681,F070801030406_134,9589.016615,82986.25773,20.49760628,3546.085938,47,3140.643311,69.28190613,807.6057129,20.08765411,5.739329815,48.4244678,0.005476283,158.1999359,14.05362225,1431,1302,0.007131522,37.32450628,74650,35.45828107,0.000135343,6686.729492,2.723568201,5.135736942,100.0072708,188.5802002,108,070801030406,16
682,F070801030406_136,7094.523298,62795.08152,15.51038551,2683.296631,62,3134.958984,52.42510223,611.1091919,15.20017815,4.342907906,55.58683276,0.006286269,159.333847,14.16396141,1655,1506,0.008248903,123.6534371,247307,117.4707689,0.000448381,5818.255859,1.781737447,3.86338377,22.84224892,49.52939224,108,070801030406,16
683,F070801030406_139,5673.776416,49103.41118,12.1285429,2098.238037,58,2293.264893,40.99447632,477.8645935,11.88597202,3.395992041,35.65517107,0.004032214,131.0002441,11.79864502,885,805,0.004409274,93.2736508,186547,88.6099692,0.00033822,4391.50293,2.606506824,5.455283165,23.6794796,49.55992126,108,070801030406,16
684,F070801030406_140,5192.771419,45061.63641,11.13022423,1925.528809,44,1596.519409,37.62015915,438.5308228,10.90761948,3.116462708,32.87111154,0.003717367,139.5017548,12.42866039,859,782,0.004283295,95.23861885,190477,90.47668588,0.000345346,3522.04834,2.462312937,4.503898144,21.28204346,38.9276886,108,070801030406,16
685,F070801030406_142,4198.451697,36287.88619,8.963108063,1550.617676,55,1609.674316,30.29530525,353.1464539,8.783845901,2.509670258,24.61741018,0.002783962,130.99823,11.79850292,610,556,0.003045412,55.31585647,110632,52.55006276,0.000200581,3160.291992,2.788880825,5.683978558,29.50743675,60.13869095,108,070801030406,16
686,F070801030406_150,4378.185176,37929.95785,9.368700027,1620.785156,45,1374.410034,31.66620636,369.12677,9.181325912,2.623235941,31.80705427,0.003597033,123.9992065,11.32449913,758,690,0.003779378,29.85438827,59709,28.36166939,0.000108255,2995.195313,2.348963976,4.340862751,57.14702988,105.6071548,104,070801030406,24
687,F070801030406_155,2911.602278,25571.58477,6.31618166,1092.699463,72,1482.53418,21.34869385,248.8575592,6.18985796,1.768530846,19.60247636,0.002216828,148.0033569,13.12398148,541,492,0.002694861,10.28533822,20571,9.771071732,3.72958E-05,2575.233643,2.220933914,5.234214783,111.8300552,263.5569153,108,070801030406,16
688,F070801030406_161,11263.3408,99310.11251,24.52959824,4243.620605,66,5277.788086,82.91004181,966.4661865,24.03900719,6.868287563,80.08807373,0.009057093,151.4001007,13.42153835,2260,2057,0.011266929,198.1208801,396242,188.2148438,0.000718408,9521.408203,2.063014507,4.628783703,22.54668427,50.58797836,104,070801030406,24
689,F070801030406_162,8316.470489,72889.57594,18.00372505,3114.644531,57,3345.452148,60.85259247,709.3467407,17.64365005,5.041042805,66.8912718,0.007564678,151.3998718,13.42151833,1886,1717,0.009404626,125.0498754,250101,118.7973825,0.000453445,6460.09668,1.814003825,3.762432575,26.21812439,54.37911606,104,070801030406,24
690,F070801030406_166,5468.65406,48052.36342,11.86893368,2053.325439,68,2631.105225,40.11699677,467.6359863,11.6315546,3.323301315,36.84341802,0.004166591,131.0011597,11.79870892,915,833,0.004562641,60.0204821,120041,57.01945828,0.000217641,4684.430664,2.464976549,5.623566151,36.01095963,82.15494537,104,070801030406,24
691,F070801030406_17,12966.86535,113486.1879,28.03108788,4849.378418,57,5208.736816,94.74507904,1104.424805,27.47046661,7.848704815,88.90255643,0.010053916,159.3330994,14.16388798,2646,2410,0.013200437,159.3885525,318779,151.4191252,0.00057796,10058.11523,2.012190104,4.173491955,32.02619553,66.42565918,104,070801030406,24
692,F070801030406_171,9655.489954,84366.83009,20.83860779,3605.079102,53,3600.494385,70.43449402,821.0411377,20.42183495,5.834810257,57.56754519,0.006510266,131.0005188,11.79866409,1429,1300,0.007120567,17.19481198,34390,16.33507177,6.23503E-05,7205.573242,2.773137808,5.542748451,220.6956329,441.1105957,104,070801030406,24
693,F070801030406_172,6029.57137,53030.02009,13.09841537,2266.025879,55,2348.545654,44.27264404,516.0775757,12.83644676,3.667556286,33.49737155,0.00378819,151.4004822,13.42157269,945,860,0.004710529,55.53669202,111073,52.75985843,0.000201382,4614.571289,2.634913921,5.365780354,42.94981003,87.46367645,104,070801030406,24
694,F070801030406_173,5588.257295,48734.04724,12.03730965,2082.45459,47,1844.356689,40.68610764,474.269989,11.79656315,3.370446682,25.76223969,0.00291343,151.4009247,13.42161179,727,662,0.003626012,17.99703443,35994,17.09718335,6.52592E-05,3926.811279,3.145701885,5.93173933,121.801033,229.6759186,104,070801030406,24
695,F070801030406_18,12006.45901,106139.4538,26.21644592,4535.445313,63,5384.333496,88.61158752,1032.927979,25.69211769,7.340604782,76.7216031,0.008676382,131.0005646,11.79866695,1904,1733,0.009492264,24.70774843,49416,23.47236149,8.9593E-05,9919.779297,2.617106438,5.724050522,193.2249298,422.6152954,104,070801030406,24
696,F070801030406_197,16092.58669,143006.9231,35.32270813,6110.828613,42,4836.385254,119.3907547,1391.714722,34.6162529,9.890357971,102.9704498,0.011644842,139.5003815,12.42855358,2691,2450,0.013419531,299.9033336,599807,284.9081548,0.001087482,10947.21387,2.494215727,4.468250751,21.44841576,38.42366028,104,070801030406,24
697,F070801030406_199,2001.658469,17778.43576,4.391273499,759.6903076,57,815.9864502,14.8425045,173.0161743,4.3034482,1.229556561,10.07936585,0.001139867,153.6642914,13.62649632,289,263,0.001440546,1.446052954,2892,1.373750284,5.24355E-06,1575.676758,2.888556242,5.991166592,553.0046387,1146.989258,104,070801030406,24
698,F070801030406_202,2279.297189,20070.809,4.957489967,857.645752,47,759.5866089,16.75631523,195.3251038,4.858340263,1.388097167,13.5595677,0.00153344,139.498642,12.42841816,354,323,0.001769187,15.1777678,30356,14.41887896,5.50362E-05,1617.232422,2.655250072,5.006911755,59.48075104,112.160759,104,070801030406,24
699,F070801030406_204,1764.580837,15578.81646,3.847967625,665.6984253,40,501.7749634,13.00613022,151.6099243,3.771008253,1.077430964,9.382273674,0.001061034,151.4039307,13.42188072,265,241,0.001320044,12.87516212,25750,12.2314043,4.66867E-05,1167.473389,2.762234211,4.844287872,54.42534637,95.44884491,104,070801030406,24
700,F070801030406_242,4255.37189,36283.03945,8.961911201,1550.410645,51,1490.007324,30.29125977,353.0993042,8.782672882,2.509335041,22.62227091,0.002558334,100.4955444,9.98706913,476,432,0.002366219,,,,,3040.417969,3.588913441,7.038004398,,,108,070801030406,16
701,F070801030406_243,2010.503159,17594.19579,4.345766544,751.817627,38,538.3535767,14.68869114,171.2232056,4.258851051,1.216814637,12.04792958,0.00136249,130.9962463,11.79836273,299,272,0.001489842,34.69932079,69399,32.96435589,0.000125824,1290.171143,2.764035463,4.743276119,22.80698586,39.13837051,108,070801030406,16
702,F070801030406_251,5108.959274,44349.75514,10.95438957,1895.109375,55,1964.12207,37.02583694,431.6029358,10.73530197,3.067229033,32.60719696,0.003687521,131.0002594,11.79864597,809,737,0.004036814,20.04564009,40091,19.04335857,7.26877E-05,3859.231445,2.571383238,5.236406326,99.51550293,202.6549835,108,070801030406,16
703,F070801030406_254,6666.348903,59574.43535,14.71488571,2545.675293,50,2398.526367,49.73631287,579.7664795,14.42058754,4.120168209,37.90091047,0.004286182,151.4006653,13.4215889,1069,973,0.005329471,136.2161791,272433,129.4053668,0.000493935,4944.20166,2.616315842,5.081399441,19.67210007,38.20708466,108,070801030406,16
704,F070801030406_255,2562.878399,22188.83564,5.480642319,948.151123,52,929.0785522,18.52457047,215.9373016,5.371029377,1.534579873,11.33040351,0.001281346,130.998764,11.79854012,281,256,0.001402204,7.937825382,15876,7.540934265,2.87834E-05,1877.229736,3.703715324,7.332928658,125.7339096,248.9386139,108,070801030406,16
705,F070801030406_264,1265.060978,10779.661,2.662576199,460.6256714,46,399.2799377,8.999507904,104.9055023,2.609324694,0.745521307,3.869470775,0.000437595,131.0048676,11.79897118,96,88,0.000482008,14.07091701,28142,13.36737144,5.10227E-05,859.9056396,5.234382629,9.771655083,34.45895767,64.3286972,108,070801030406,16
706,F070801030406_272,3672.16992,31795.36462,7.853455067,1358.647705,51,1305.715454,26.54467773,309.4261169,7.69638586,2.198967457,16.69326425,0.001887827,151.4015503,13.42166805,471,429,0.002349787,30.18163002,60363,28.67254889,0.000109442,2664.363281,3.167011023,6.210637093,47.38496399,92.92383575,108,070801030406,16
707,F070801030406_305,3076.955733,26821.01966,6.624791622,1146.088989,49,1058.244263,22.39179611,261.0167847,6.492295742,1.854941607,21.12922807,0.002389487,139.501358,12.42862988,552,502,0.002749634,64.26212344,128524,61.049018,0.000233021,2204.333252,2.283045769,4.391102314,18.77325821,36.10759735,108,070801030406,16
708,F070801030406_32,4023.005766,34582.69163,8.541924477,1477.75293,57,1587.26062,28.8717041,336.5518188,8.371086121,2.391738892,30.62781327,0.003463674,159.3333435,14.16391182,912,830,0.004546208,69.51984248,139039,66.04385069,0.000252087,3065.013672,1.780425191,3.692787647,22.37532997,46.4087677,108,070801030406,16
709,F070801030406_338,3640.81526,31188.22861,7.703492641,1332.704224,56,1406.349731,26.03780556,303.5176086,7.549422741,2.156977892,21.60015169,0.002442743,131.0012817,11.7987175,536,489,0.002678429,72.81913877,145638,69.17818284,0.00026405,2739.053955,2.725366592,5.601337433,19.26480484,39.59418869,108,070801030406,16
710,F070801030406_341,2430.168573,21202.60758,5.237043858,906.008606,60,1024.365845,17.70120811,206.3395233,5.132302761,1.466372252,12.14303577,0.001373246,151.3973083,13.42128944,343,312,0.001708936,54.15666485,108313,51.44883204,0.000196378,1930.374512,2.903873682,6.187098026,17.60989571,37.52027893,108,070801030406,24
711,F070801030406_345,5325.838812,45019.05426,11.11970615,1923.709106,54,1957.513062,37.58460617,438.1164246,10.89731216,3.113517761,29.71848488,0.003360839,131.0015717,11.79873848,737,670,0.003669831,119.4765339,238953,113.5027089,0.000433235,3881.222168,2.871207714,5.792869091,16.94857407,34.19497299,108,070801030406,24
712,F070801030406_348,4729.113285,40884.15776,10.09838676,1747.020874,52,1711.87854,34.13254547,397.8764343,9.896418571,2.827548265,30.45605334,0.00344425,131.0014648,11.79873085,755,687,0.003762946,17.74092988,35482,16.85388353,6.43306E-05,3458.899414,2.542970657,5.034788132,103.6568756,205.2286224,108,070801030406,24
713,F070801030406_35,14628.0928,128694.606,31.78756714,5499.249023,66,6839.413086,107.4419785,1252.430176,31.15181541,8.900518417,116.8928638,0.013219317,147.9997864,13.12367439,3226,2936,0.016081528,352.0546262,704110,334.4519014,0.001276589,12338.66211,1.873041272,4.202541828,16.44256973,36.89218521,108,070801030406,16
714,F070801030406_362,4146.512023,36624.13185,9.046160698,1564.98584,87,2565.672119,30.5760231,356.4187317,8.865237236,2.532924891,29.63428199,0.003351316,148.0000153,13.12369442,817,743,0.004069678,8.101119936,16202,7.696063697,2.93755E-05,4130.658203,2.106306553,5.559432507,203.3488617,536.7235107,108,070801030406,24
715,F070801030406_366,2848.013541,24728.58081,6.10795927,1056.677002,88,1752.251343,20.64490318,240.653595,5.985800266,1.710228562,15.31305158,0.00173174,130.9993439,11.79858112,379,344,0.001884212,16.45532107,32911,15.63255507,5.96688E-05,2808.928223,3.071735382,8.165489197,67.59464264,179.6845245,104,070801030406,32
716,F070801030406_374,3751.484658,32723.82345,8.082784653,1398.321777,87,2292.439453,27.31981277,318.4617004,7.92112875,2.263179779,22.5351119,0.002548477,142.3353729,12.65283775,600,545,0.002985161,16.72152328,33443,15.88544703,6.06341E-05,3690.76123,2.565727949,6.772038937,88.02533722,232.3359985,104,070801030406,32
717,F070801030406_38,2978.409053,26182.3292,6.467035294,1118.797119,51,1075.209229,21.85857964,254.8011932,6.337694645,1.810769916,18.00663185,0.002036355,139.501358,12.42862988,471,429,0.002349787,78.53825378,157077,74.61134338,0.000284788,2194.006348,2.607918739,5.114233971,14.99499989,29.40580177,108,070801030406,16
718,F070801030406_385,7494.799023,65371.63511,16.14679337,2793.395264,89,4684.830566,54.57616043,636.1836548,15.82385731,4.521101952,62.12062669,0.00702517,139.5000916,12.42853069,1622,1476,0.008084583,87.80658054,175612,83.41624999,0.000318396,7478.225586,1.89254427,5.066548347,33.48742294,89.64950562,108,070801030406,24
719,F070801030406_386,3963.730675,34598.35255,8.545793533,1478.422241,75,2089.446533,28.88478279,336.7042542,8.37487793,2.392822266,25.45106643,0.00287824,148.000061,13.12369823,703,640,0.00350551,56.39783061,112796,53.5779385,0.000204505,3567.868652,2.310034752,5.574794769,27.59386253,66.59212494,108,070801030406,24
720,F070801030406_388,4564.328537,40159.06847,9.919289589,1716.037109,74,2392.929688,33.52719879,390.8200073,9.720903397,2.77740097,29.99267408,0.003391847,131.0005951,11.79866982,743,676,0.003702695,37.72100884,75442,35.83495843,0.000136781,4108.966797,2.538516521,6.078353405,47.88723755,114.6636429,108,070801030406,32
721,F070801030406_392,7268.45226,63575.37962,15.70311832,2716.639404,73,3737.02832,53.07653809,618.7028809,15.38905621,4.396872997,56.95392529,0.006440872,148.0000305,13.12369537,1572,1430,0.007832624,135.9542654,271909,129.1565528,0.000492985,6453.667969,1.899747849,4.513054371,21.03369331,49.96779251,108,070801030406,24
722,F070801030406_393,4973.883954,43640.03662,10.77908897,1864.782349,66,2319.22876,36.43331909,424.696106,10.56350708,3.018144846,37.68106507,0.00426132,147.9981689,13.12353611,1040,947,0.005187059,17.78460214,35570,16.89537186,6.44889E-05,4184.01123,1.969147205,4.418174267,110.3723755,247.6424408,108,070801030406,24
723,F070801030406_395,5657.051398,49894.89044,12.32403755,2132.058594,67,2691.816162,41.65524673,485.5670776,12.07755661,3.450730562,30.87484121,0.00349161,139.498764,12.4284277,807,734,0.004020382,85.38643742,170773,81.11711693,0.000309621,4823.875,2.904711962,6.572036743,26.28370857,59.46802902,108,070801030406,24
724,F070801030406_397,14421.41894,124522.0515,30.75694656,5320.95166,77,7720.608887,103.9584808,1211.82373,30.14180756,8.611945152,101.136697,0.011437465,131.0004883,11.79866219,2511,2284,0.012510289,145.1740609,290348,137.9153589,0.000526417,13041.56055,2.329663515,5.709965229,38.58128357,94.5620575,108,070801030406,24
725,F070801030406_399,6083.00708,53520.20883,13.21949196,2286.972168,72,3102.879395,44.68188095,520.8479614,12.95510197,3.701457739,37.89742687,0.004285788,159.3343658,14.16401196,1129,1028,0.005630726,104.1904383,208380,98.98091919,0.000377806,5389.851563,2.224681139,5.243046284,23.10518265,54.45344162,108,070801030406,24
726,F070801030406_40,3469.088188,29626.52213,7.317750931,1265.970947,42,1001.946472,24.73399734,288.319397,7.171395779,2.048970222,22.52806002,0.00254768,130.9987793,11.79854107,558,507,0.002777021,74.23731014,148475,70.52544472,0.000269193,2267.91748,2.496984005,4.473209858,17.9505558,32.15743637,108,070801030406,16
727,F070801030406_405,6257.879282,54593.33489,13.48455334,2332.827637,81,3560.731445,45.57778931,531.2913818,13.21486187,3.77567482,42.51811993,0.004808339,139.4996338,12.42849541,1112,1013,0.005548565,80.05422282,160109,76.05151224,0.000290285,5893.559082,2.302890062,5.81792593,30.67430878,77.49430847,104,070801030406,32
728,F070801030406_406,3896.901696,33466.47027,8.266218185,1430.055786,89,2398.360596,27.93981743,325.6889954,8.100893974,2.314541101,28.97275179,0.003276504,131.0019073,11.79876232,718,652,0.003571238,32.31696178,64634,30.70111351,0.000117185,3828.416504,2.193337202,5.871804237,46.57993317,124.6996002,104,070801030406,32
729,F070801030406_408,2114.907033,18290.35334,4.517717361,781.5651245,88,1296.042725,15.26988506,177.9980621,4.427362919,1.264960885,19.18032514,0.002169087,130.9990845,11.798563,476,432,0.002366219,13.91160122,27823,13.21602139,5.0445E-05,2077.60791,1.809178472,4.809277534,59.13770294,157.2037354,104,070801030406,32
730,F070801030406_41,5767.146561,50105.84264,12.37614346,2141.072754,64,2582.158447,41.83136368,487.6200562,12.12862015,3.46532011,36.07772815,0.00408,159.3334961,14.16392708,1075,978,0.005356858,93.28284997,186565,88.61870754,0.000338254,4723.231445,2.189235926,4.829480171,24.16050529,53.2983551,108,070801030406,16
731,F070801030406_42,7585.440301,65154.6966,16.09321022,2784.125488,64,3357.6875,54.39505005,634.0725098,15.77134609,4.506098747,50.50141329,0.005711163,151.3991852,13.42145634,1424,1296,0.007098658,75.23575734,150470,71.47396959,0.000272813,6141.812988,2.148244858,4.739053249,38.95299911,85.93076324,104,070801030406,24
732,F070801030406_421,12380.39058,107482.5253,26.54818344,4592.835938,83,7183.407715,89.73285675,1045.998413,26.01721954,7.43349123,72.15919794,0.008160424,156.5003815,13.89093494,2108,1919,0.010511053,115.6401351,231281,109.8581264,0.000419324,11776.24414,2.393348694,6.136656761,41.80697632,107.1950226,104,070801030406,24
733,F070801030406_425,9236.179571,81074.79489,20.02547455,3464.406982,71,4635.096191,67.68610382,789.0037231,19.62496567,5.607132912,74.96108031,0.008477286,131.0006256,11.79867172,1859,1693,0.00927317,36.56907856,73139,34.74062455,0.000132603,8099.50293,2.046312571,4.78411293,99.72206879,233.1421204,108,070801030406,24
734,F070801030406_428,5323.459683,46576.18379,11.50431728,1990.246948,65,2437.764893,38.88459396,453.2701111,11.27423096,3.221208811,30.80575498,0.003483797,130.9972992,11.79843712,764,695,0.003806765,79.3786165,158758,75.40968771,0.000287836,4428.011719,2.863664627,6.371239662,26.39245796,58.71940231,108,070801030406,24
735,F070801030406_430,3043.066958,25987.29485,6.418861866,1110.463135,84,1757.741089,21.6957531,252.9031525,6.290484428,1.797281265,23.90068854,0.002702909,156.5009918,13.89099312,697,634,0.003472646,23.0112672,46022,21.8607033,8.34414E-05,2868.204102,1.751519084,4.523981094,50.79722977,131.2036591,108,070801030406,24
736,F070801030406_431,4720.545884,41161.26456,10.16683197,1758.861938,62,2054.920166,34.3638916,400.5731812,9.963495255,2.846713066,33.43852822,0.003781535,139.5001373,12.42853451,874,795,0.004354501,102.2621724,204524,97.14906165,0.000370814,3813.782227,2.212404966,4.797210217,18.10477448,39.25701523,108,070801030406,24
737,F070801030406_433,8687.453633,75262.42211,18.58981895,3216.038574,56,3393.757324,62.83358765,732.4388428,18.2180233,5.205149174,54.15366703,0.006124193,147.9992218,13.12362671,1494,1360,0.007449209,212.2079412,424415,201.5975412,0.000769489,6609.795898,2.364734173,4.860144138,15.95276642,32.78708649,108,070801030406,24
738,F070801030406_437,2907.792451,25389.26328,6.271148205,1084.908691,74,1512.851807,21.1964817,247.0832367,6.14572525,1.755921483,20.68491719,0.00233924,131.0014801,11.7987318,512,467,0.002557927,14.37915339,28757,13.66019552,5.21404E-05,2597.760498,2.323144913,5.562656403,79.42116547,190.1700745,108,070801030406,24
739,F070801030406_438,2964.539956,26057.28779,6.436150074,1113.453979,64,1342.838379,21.75418663,253.5843201,6.307426929,1.802121997,17.7192328,0.002003853,139.4982147,12.42838478,464,423,0.002316923,56.726026,113452,53.88972375,0.000205695,2456.29248,2.632278919,5.806838036,20.66171265,45.57997894,108,070801030406,24
740,F070801030406_440,4210.840746,36407.78663,8.992723465,1555.741211,78,2286.669678,30.39540482,354.3132935,8.812869072,2.517962456,28.55666804,0.00322945,130.9982605,11.79850483,709,645,0.003532897,41.53618622,83073,39.45937753,0.000150615,3842.410889,2.412001848,5.957226276,39.42639923,97.37636566,108,070801030407,24
741,F070801030406_441,3007.755025,26451.96518,6.533635616,1130.31897,63,1341.87793,22.08368874,257.4252319,6.402962685,1.829417944,18.49544525,0.002091634,139.496521,12.42825317,483,440,0.002410038,62.46611404,124932,59.34280777,0.000226509,2472.196777,2.568906784,5.618628979,19.04727745,41.65958405,108,070801030406,24
742,F070801030406_443,2240.935664,19441.59053,4.802073002,830.758606,65,1017.559265,16.23100662,189.2016754,4.706031322,1.344580412,13.84348965,0.001565549,142.3293152,12.65235138,368,335,0.001834915,46.61326218,93227,44.2826004,0.000169025,1848.317871,2.479876518,5.517366886,18.76038361,41.73914337,108,070801030406,24
743,F070801030406_45,2408.583081,20975.02066,5.180830002,896.2835693,78,1317.381592,17.51120567,204.1246948,5.077213287,1.450632453,15.89673603,0.001797749,130.9997406,11.79860973,394,359,0.001966372,25.69280053,51385,24.40816033,9.31649E-05,2213.665039,2.496611595,6.166197777,36.72065353,90.69364166,108,070801030406,16
744,F070801030406_453,6395.095257,54788.439,13.53274441,2341.164795,47,2073.487305,45.74067688,533.1901245,13.26208973,3.789168358,31.69156528,0.003583973,130.9998016,11.79861355,786,715,0.003916312,22.46553072,44931,21.34225428,8.14625E-05,4414.652344,3.274356365,6.174338818,109.696228,206.8503265,108,070801030406,16
745,F070801030406_455,11841.45329,103970.3667,25.68068123,4442.757813,86,7199.835938,86.80070496,1011.818848,25.16706848,7.190590858,70.79492892,0.008006139,148.0000305,13.12369537,1953,1777,0.009733268,97.92283365,195845,93.02669406,0.000355079,11642.59375,2.500145197,6.551825523,47.75788116,125.1532593,104,070801030406,24
746,F070801030406_458,17088.17564,150092.4552,37.07283783,6413.601074,83,10031.16895,125.3061905,1460.6698,36.33138275,10.38039494,109.7849147,0.012415484,131.0005341,11.79866505,2723,2477,0.01356742,31.87357141,63746,30.27989287,0.000115577,16444.76953,2.589261532,6.638986588,211.8105621,543.092041,104,070801030406,24
747,F070801030406_459,9150.216773,80065.53816,19.7761879,3421.280518,71,4577.396484,66.84351349,779.1818237,19.38066483,5.537332535,69.33009243,0.007840482,147.9993744,13.12363911,1912,1740,0.009530606,29.86405411,59728,28.37085176,0.00010829,7998.676758,1.966253161,4.596940517,120.5913925,281.9329224,104,070801030406,24
748,F070801030406_460,9172.720439,79934.12119,19.74372864,3415.665039,64,4119.331055,66.7338028,777.9028931,19.34885406,5.528244019,72.56847135,0.008206708,130.9998474,11.79861641,1800,1637,0.008966438,40.92297873,81847,38.87683057,0.000148391,7534.996094,2.086539507,4.602929592,87.85862732,193.8171387,104,070801030406,24
749,F070801030406_461,5079.297389,44629.36651,11.02345371,1907.057495,84,3018.662598,37.25927353,434.3240662,10.80298424,3.086566925,27.75908277,0.003139252,130.9989777,11.79855537,688,627,0.003434304,25.38261752,50766,24.11348663,9.20402E-05,4925.720215,3.041558981,7.856013298,79.08676147,204.2724152,104,070801030406,24
750,F070801030406_467,3924.287821,34297.20192,8.471408844,1465.553711,84,2319.810547,28.63336182,333.7734985,8.301980972,2.371994495,26.44193532,0.002990296,159.3312836,14.16371059,787,715,0.003916312,61.1740118,122348,58.11531113,0.000221824,3785.364258,2.049725533,5.294215679,25.21803093,65.13540649,108,070801030406,24
751,F070801030406_468,6759.703657,59276.52441,14.64130116,2532.945068,46,2195.609619,49.48759842,576.8672485,14.34847546,4.099564552,43.26729584,0.004893062,131.0005798,11.79866886,1073,976,0.005345903,150.4967499,300994,142.9719086,0.000545718,4728.554688,2.595230579,4.844830513,17.71638298,33.07331467,108,070801030406,24
752,F070801030406_473,5002.237204,43374.9011,10.71360016,1853.452881,70,2444.843506,36.21196747,422.1158447,10.49932861,2.999808073,32.34676255,0.003658068,131.0010529,11.79870224,803,731,0.00400395,55.05910955,110120,52.30615517,0.00019965,4298.296387,2.535503149,5.880022526,35.43470001,82.17572784,108,070801030406,24
753,F070801030406_479,4949.469669,42911.39156,10.59911346,1833.646606,40,1382.12439,35.82500458,417.605072,10.38713074,2.967751741,31.4072969,0.003551825,139.5019684,12.42867756,822,747,0.004091588,23.2560761,46513,22.09327197,8.43291E-05,3215.770996,2.45468092,4.304914474,82.99570465,145.554306,108,070801030406,24
754,F070801030406_48,1323.313637,11313.13998,2.794345617,483.4217834,64,583.0122681,9.444888115,110.0972137,2.738458633,0.782416761,8.434883118,0.000953894,151.3997345,13.42150593,238,217,0.001188587,33.32550049,66651,31.65922546,0.000120842,1066.434082,2.227750063,4.914442539,15.26953888,33.68478012,108,070801030406,16
755,F070801030406_482,4847.223841,41695.83077,10.29887009,1781.704468,52,1745.864502,34.81018066,405.7754822,10.09289265,2.883683681,31.59166135,0.003572675,130.9998779,11.79861927,784,714,0.003910835,22.1904483,44381,21.08092568,8.0465E-05,3527.568848,2.495384455,4.940572739,84.51737213,167.3346252,108,070801030406,16
756,F070801030406_484,5413.848887,47342.219,11.69352818,2022.980347,57,2178.57959,39.52412415,460.7250061,11.45965767,3.274187803,32.73301786,0.00370175,139.5001831,12.42853832,856,780,0.00427234,114.7861364,229572,109.0468267,0.000416227,4201.560059,2.59356451,5.386615276,18.55148315,38.52986908,108,070801030406,24
757,F070801030406_486,8111.55816,72406.92839,17.88451195,3094.020508,81,4722.583984,60.44964981,704.6497803,17.52682114,5.00766325,40.96887209,0.004633136,130.9989319,11.79855251,1016,925,0.005066558,53.57240987,107145,50.8937896,0.000194259,7816.604492,3.344887018,8.450383186,60.79367447,153.5866089,104,070801030406,24
758,F070801030406_488,6610.142842,57537.76551,14.21182823,2458.64624,80,3706.444824,48.03598022,559.9460449,13.92759132,3.979311943,41.51543654,0.004694946,158.2011261,14.05373764,1226,1116,0.006112733,13.28875737,26577,12.62431932,4.81865E-05,6165.09082,2.203088045,5.524274826,194.7547607,488.3503418,104,070801030406,24
759,F070801030406_49,2209.93432,19155.11453,4.731313229,818.5172119,43,663.2355347,15.99183846,186.4137421,4.636686802,1.324767709,10.9859345,0.00124239,139.5007935,12.42858601,287,261,0.001429591,41.78217918,83565,39.69307083,0.000151507,1481.752686,3.136081219,5.677213192,20.62116051,37.33026123,108,070801030406,16
760,F070801030406_492,10700.29226,94660.07983,23.38104057,4044.919922,72,5489.699707,79.02791595,921.2130127,22.91341972,6.546691418,60.52879399,0.006845151,139.4996948,12.42850018,1582,1440,0.007887398,71.66709457,143334,68.08373798,0.000259873,9534.619141,2.80897212,6.621263504,59.41095352,140.0425262,104,070801030406,24
761,F070801030406_493,1647.480321,14537.97225,3.590879202,621.2221069,87,1018.445068,12.13717175,141.4806366,3.519061565,1.005446196,10.03048897,0.00113434,142.3301544,12.65241814,267,243,0.001330998,7.452847481,14906,7.080204964,2.70248E-05,1639.667236,2.556469679,6.747601986,87.74069214,231.5847168,104,070801030406,24
762,F070801030406_498,5765.602738,50142.13791,12.38510799,2142.623779,50,2018.772583,41.86166382,487.9732666,12.1374054,3.467830181,35.63448068,0.004029874,130.9980469,11.79848957,885,805,0.004409274,122.3666032,244733,116.2482715,0.000443715,4161.396484,2.661644459,5.169436455,18.43144608,35.79749298,108,070801030406,16
763,F070801030406_50,1712.473253,14608.4399,3.608284712,624.2332764,54,635.2024536,12.19600201,142.1664124,3.536118984,1.01031971,9.451075509,0.001068814,147.9969177,13.12342834,261,237,0.001298134,3.951520488,7904,3.753944438,1.43286E-05,1259.435791,2.633895636,5.314074993,166.2872925,335.4966431,108,070801030406,16
764,F070801030406_501,2733.842429,23685.577,5.850337505,1012.108398,45,858.2445679,19.77414131,230.5032959,5.733330727,1.638094544,16.06830379,0.001817151,130.9979858,11.79848576,398,362,0.001982804,42.00101502,84003,39.9009635,0.0001523,1870.353027,2.795879602,5.166720867,25.36551285,46.87488556,108,070801030406,16
765,F070801030406_520,6318.508187,55148.3161,13.62163448,2356.542725,61,2708.79834,46.04112625,536.6923828,13.34920216,3.814057589,31.61966729,0.003575842,148.0008545,13.1237669,872,793,0.004343546,88.27280235,176545,83.85916162,0.000320087,5065.34082,2.971680641,6.387567043,28.10119629,60.40295029,108,070801030406,24
766,F070801030406_521,6970.797735,60837.65644,15.02690125,2599.653809,63,3086.225098,50.79092789,592.0599365,14.72636318,4.207532406,44.08585944,0.004985633,139.4993134,12.42847061,1152,1049,0.00574575,155.9140798,311829,148.118377,0.000565362,5685.878906,2.47822094,5.420284748,17.55118942,38.38739777,108,070801030406,24
767,F070801030406_524,3143.201523,27682.51115,6.837580204,1182.901367,50,1116.650269,23.11102104,269.4006653,6.700828552,1.914522409,20.08820793,0.002271759,131.0029449,11.7988348,498,453,0.002481244,12.53014089,25061,11.90363393,4.54357E-05,2299.551758,2.611261368,5.076272964,99.3731308,193.1806488,108,070801030406,24
768,F070801030406_530,8697.136963,75913.69399,18.75068283,3243.868164,72,4401.160156,63.37730789,738.7769165,18.37566948,5.250191212,70.25467254,0.007945042,148.0005188,13.12373734,1939,1764,0.009662062,181.3621458,362724,172.2940331,0.000657639,7645.02832,1.838927507,4.333916187,18.82751274,44.37198639,104,070801030406,24
769,F070801030406_533,7568.160807,65582.23135,16.19881058,2802.394287,79,4171.842285,54.75197983,638.2331543,15.87483406,4.535666943,49.33080841,0.00557878,130.9985657,11.79852676,1224,1113,0.006096301,91.09051689,182181,86.53599227,0.000330304,6974.236328,2.517874479,6.266160011,32.38414764,80.59347534,104,070801030406,24
770,F070801030406_535,6483.914213,56396.65797,13.92997456,2409.885498,58,2633.879639,47.08331299,548.8410034,13.65137482,3.900392771,43.16860082,0.004881901,148.0006866,13.12375164,1191,1084,0.005937458,83.86919112,167738,79.67573146,0.000304119,5043.765137,2.22314167,4.652919769,30.24616814,63.30365753,104,070801030406,24
771,F070801030406_537,3284.70259,28456.20396,7.028682232,1215.962036,50,1145.675171,23.75694656,276.9300842,6.88810873,1.968031049,17.40537191,0.001968359,130.9994965,11.79859161,432,393,0.002152602,39.76719068,79534,37.77883065,0.0001442,2361.637207,3.094050884,6.009254932,32.1863327,62.51218414,104,070801030406,24
772,F070801030406_54,2986.099125,25735.05626,6.3565588,1099.684692,72,1492.011475,21.48516846,250.44841,6.229427814,1.779836416,14.4226056,0.00163104,147.9980621,13.12352657,398,362,0.001982804,20.24635938,40493,19.23404126,7.34155E-05,2591.696289,3.037802935,7.159381866,57.17387772,134.745285,108,070801030406,16
773,F070801030406_540,11170.43169,96644.91046,23.87129211,4129.733398,50,3891.36084,80.68496704,940.5289307,23.39386559,6.683961868,65.6334168,0.007422428,159.3332214,14.16390038,1955,1779,0.009744223,201.812616,403626,191.7219802,0.000731795,8021.094238,2.321379185,4.508765697,21.54021835,41.83711243,108,070801030406,16
774,F070801030406_541,10276.57762,88454.74127,21.84832191,3779.759766,56,3988.629395,73.84732819,860.8239136,21.41135597,6.117530346,58.71335018,0.006639844,131.001236,11.79871464,1456,1326,0.007262979,38.51785367,77036,36.5919599,0.00013967,7768.38916,2.850497484,5.858513832,103.2948151,212.297699,104,070801030406,24
775,F070801030406_543,4915.964206,43114.7152,10.64933491,1842.334961,43,1492.82373,35.99475098,419.5838013,10.43634796,2.981813669,34.56280231,0.003908678,159.3331146,14.16388988,1029,937,0.005132286,148.7321072,297464,141.2954996,0.000539319,3335.158691,1.966205955,3.559401035,13.03887939,23.60413933,108,070801030406,16
776,F070801030406_545,2566.355659,21890.56766,5.406970024,935.4058228,46,810.8292236,18.27555847,213.0346222,5.298830509,1.513951659,13.81415382,0.001562231,147.9975586,13.12348366,381,347,0.001900644,7.842243742,15684,7.450131398,2.84368E-05,1746.235107,2.69569397,5.03237772,125.5556107,234.3898468,108,070801030406,16
777,F070801030406_548,1329.472904,11407.8523,2.817739487,487.4689331,53,486.8490295,9.52395916,111.0189362,2.761384726,0.788967073,6.930252552,0.000783736,142.3391876,12.65314484,184,167,0.000914719,5.360535622,10721,5.092508793,1.94379E-05,974.3179932,2.918975592,5.834239483,95.7227478,191.3237762,108,070801030406,24
778,F070801030406_55,8028.394647,70785.08339,17.48391533,3024.717285,35,1994.914795,59.09563446,688.866272,17.13423729,4.895496368,66.50922832,0.007521473,151.3993988,13.42147541,1877,1709,0.009360807,83.45268267,166905,79.28005247,0.000302609,5019.631836,1.769875526,2.937174797,38.15231323,63.31519318,104,070801030406,24
779,F070801030406_560,8099.709033,70387.36998,17.38568115,3007.7229,61,3457.316162,58.76360321,684.9958496,17.03796768,4.867990494,48.86889365,0.005526542,151.3992004,13.42145824,1379,1256,0.006879564,180.4439201,360889,171.4217241,0.000654309,6465.039063,2.394683838,5.147324085,17.54575157,37.7142334,108,070801030406,24
780,F070801030406_561,4460.312939,38896.45146,9.607423782,1662.084351,56,1755.495483,32.47309113,378.5325012,9.415275574,2.690078735,43.64001561,0.004935213,147.9989166,13.12360001,1204,1095,0.005997709,123.8372954,247674,117.6454281,0.000449048,3417.579834,1.517885208,3.121077538,14.12791252,29.04983139,108,070801030406,24
781,F070801030406_562,8460.896028,72882.47393,18.00197029,3114.34082,73,4284.108887,60.84666061,709.2776489,17.64193153,5.040551662,43.38935637,0.004906866,130.9987793,11.79854107,1076,978,0.005356858,74.29586005,148591,70.58106756,0.000269405,7398.449707,3.184397459,7.564877033,44.12430954,104.8220139,104,070801030406,24
782,F070801030406_563,13269.70189,116427.7004,28.75764275,4975.072266,75,7031.243164,97.20083618,1133.051147,28.1824894,8.052140236,83.57489341,0.009451415,131.0000763,11.79863262,2074,1887,0.010335777,145.4044486,290809,138.1342262,0.000527252,12006.31543,2.636498213,6.362647057,36.01621628,86.9177475,104,070801030406,24
783,F070801030406_566,1267.053435,11059.48297,2.731692314,472.5827637,89,792.5731812,9.233119965,107.6286774,2.677058458,0.764873862,6.118263721,0.000691909,139.5024109,12.42871189,160,145,0.000794217,4.307076573,8615,4.091722727,1.56179E-05,1265.156006,3.259191513,8.725214005,115.497261,309.1988525,104,070801030406,24
784,F070801030406_57,8438.609853,74044.04253,18.28887939,3163.976074,74,4412.008789,61.81641388,720.5818481,17.92310143,5.120886326,57.20374489,0.006469124,147.999649,13.12366295,1579,1437,0.007870966,90.41773796,180835,85.89684868,0.000327865,7575.984863,2.201792717,5.272084236,36.83459854,88.19863892,104,070801030406,24
785,F070801030406_571,3071.266456,26507.73349,6.547410011,1132.701904,66,1408.740723,22.13024521,257.9679565,6.416461945,1.833274841,25.86171048,0.002924679,130.9989929,11.79855633,642,585,0.003204255,62.18706411,124374,59.07770933,0.000225497,2541.442627,1.93624258,4.344346523,19.17308426,43.01863861,108,070801030406,24
786,F070801030406_572,10464.69767,92151.74722,22.76148224,3937.736328,82,6084.599609,76.93380737,896.8024292,22.30625343,6.373215199,69.92626476,0.007907903,131.0010223,11.79869938,1734,1577,0.008637796,22.37254035,44744,21.25391316,8.11253E-05,10022.33594,2.496979237,6.355317593,185.2711182,471.5524902,104,070801030406,32
787,F070801030406_573,3508.167136,31165.40134,7.697854042,1331.72876,88,2208.360352,26.01874733,303.2954407,7.543897152,2.155399084,23.10767806,0.002613228,130.9987335,11.79853821,573,520,0.002848227,36.90587616,73813,35.06058332,0.000133825,3540.089111,2.561016798,6.807863712,37.98364639,100.9706268,108,070801030406,24
788,F070801030406_575,2440.239015,21525.44384,5.316784859,919.803772,65,1126.626587,17.97073364,209.4813232,5.210449219,1.488699794,14.02380657,0.001585941,130.9974823,11.79845047,348,317,0.001736323,54.68838501,109377,51.95396423,0.000198306,2046.43042,2.901589155,6.455616474,17.70420837,39.3893013,108,070801030406,24
789,F070801030406_580,11691.99135,101365.4581,25.03726768,4331.447266,48,3917.831543,84.6259613,986.4683228,24.53652191,7.010435104,74.812599,0.008460494,148.0005035,13.12373638,2065,1880,0.010297436,309.5923584,619186,294.1127367,0.001122616,8249.279297,2.303961277,4.387914658,14.72716618,28.0480175,108,070801030406,16
790,F070801030406_581,9781.228715,85759.91449,21.1826992,3664.606934,68,4695.785645,71.59752655,834.5983276,20.75904465,5.931155682,68.26547459,0.007720086,139.4994659,12.42848206,1785,1624,0.008895232,157.2961563,314592,149.4313459,0.000570373,8360.392578,2.256531477,5.148025036,24.52368355,55.94805145,108,070801030406,24
791,F070801030406_582,1494.859148,12641.25268,3.122389317,540.1733398,42,427.5175781,10.55367565,123.0221405,3.05994153,0.874269009,6.066561818,0.000686062,148.0050507,13.12412643,166,151,0.000827081,5.289091319,10578,5.024636596,1.91788E-05,967.690918,3.577306986,6.408549309,107.5049591,192.5892334,108,070801030406,24
792,F070801030406_589,10772.56607,94497.80844,23.34095955,4037.986084,72,5478.589844,78.8924408,919.6337891,22.87413979,6.535468578,71.54677649,0.008091165,131.0010071,11.79869843,1775,1615,0.008845936,120.6096882,241219,114.5792077,0.000437344,9516.576172,2.500300884,5.892616749,35.24187469,83.05674744,104,070801030406,24
793,F070801030406_590,6949.874363,61443.881,15.1766386,2625.558594,62,3067.502197,51.29703903,597.9595337,14.873106,4.24945879,36.744322,0.004155385,142.3341522,12.65273952,977,889,0.004869373,19.26144776,38523,18.29837549,6.98441E-05,5693.060547,2.953384161,6.403892517,143.4858856,311.1238098,104,070801030406,24
794,F070801030406_591,3548.364651,31139.06669,7.691349506,1330.603516,62,1554.575562,25.99676132,303.0391846,7.537522316,2.153577805,24.09241867,0.002724592,130.9964752,11.79837894,598,544,0.002979684,76.87525558,153750,73.03149414,0.000278758,2885.179199,2.445962429,5.303638458,18.21958542,39.50595856,108,070801030406,24
795,F070801030406_597,5955.245444,53226.04367,13.14683247,2274.4021,57,2442.944336,44.43629456,517.9852295,12.88389587,3.681113005,33.45266946,0.003783134,151.4004669,13.42157078,945,860,0.004710529,25.42498463,50852,24.15373489,9.21938E-05,4717.34668,2.644653559,5.485286713,94.16357422,195.305069,108,070801030406,24
796,F070801030406_598,3817.213605,33085.71181,8.172170639,1413.785522,81,2157.943359,27.6219368,321.9835205,8.008727074,2.288207769,24.43001376,0.00276277,156.5018921,13.891078,713,648,0.003549329,9.341429878,18683,8.874358279,3.3873E-05,3571.729004,2.181767702,5.511927605,159.3112946,402.4774475,108,070801030406,24
797,F070801030406_60,6381.577922,56797.36505,14.02894878,2427.008057,57,2606.859375,47.41784668,552.7406006,13.74837017,3.928105593,37.89944556,0.004286017,151.3992462,13.42146206,1070,974,0.005334948,89.57248411,179145,85.0938598,0.0003248,5033.867188,2.491794825,5.168241501,28.5215416,59.15664291,104,070801030406,24
798,F070801030406_607,11703.74168,102389.362,25.29017258,4375.199707,71,5856.580078,85.48078156,996.4328003,24.78436852,7.081248283,77.2034478,0.008730874,159.3331604,14.16389465,2299,2093,0.011464114,117.7984397,235595,111.9085185,0.00042715,10231.7793,2.090396404,4.888571262,39.09621811,91.42985535,104,070801030406,24
799,F070801030406_608,7262.937312,62735.37898,15.49563885,2680.745605,50,2525.9375,52.3752594,610.5281982,15.18572617,4.338778973,42.7015706,0.004829085,159.3331299,14.16389084,1272,1157,0.006337305,105.5850745,211169,100.305824,0.000382863,5206.683105,2.316979885,4.50015831,26.72572327,51.90808487,108,070801030406,16
800,F070801030406_611,4118.39172,36021.74557,8.897371292,1539.245239,58,1682.558228,30.0731144,350.556427,8.719424248,2.491263866,33.91094548,0.003834961,139.499176,12.42846012,886,806,0.004414752,130.1062705,260213,123.6009579,0.00047178,3221.803467,1.909733534,3.997274876,12.45334435,26.06616974,108,070801030406,16
801,F070801030406_633,9659.648919,83053.83831,20.51429749,3548.973389,63,4213.226563,69.3383255,808.2633057,20.10401154,5.744003296,55.21840094,0.006244603,159.3336945,14.16394615,1644,1495,0.008188653,186.5939868,373188,177.2642922,0.00067661,7762.200195,2.373895168,5.192107201,20.02080345,43.78885269,108,070801030406,24
802,F070801030406_648,2237.707754,19411.73025,4.794697285,829.482605,57,890.9507446,16.20607758,188.9110718,4.698803425,1.34251523,15.64908469,0.001769742,131.0053558,11.79900551,388,353,0.001933508,63.289783,126579,60.12529421,0.000229496,1720.43335,2.34980917,4.873748779,13.7959013,28.61413574,104,070801030406,24
803,F070801030406_672,2638.876128,22612.88669,5.585382938,966.2712402,70,1274.584351,18.87859344,220.0640869,5.473675251,1.563907266,16.3406145,0.001847946,125.7497406,11.43946838,393,358,0.001960895,44.03846648,88077,41.83654258,0.000159688,2240.855469,2.699081659,6.259372711,23.0963459,53.56215668,104,070801030406,24
804,F070801030406_678,2817.705302,24449.98437,6.039145947,1044.772217,75,1476.571289,20.41231346,237.9423523,5.918363094,1.690960884,16.41471612,0.001856327,147.9976959,13.1234951,452,412,0.002256672,34.28120467,68562,32.56714395,0.000124307,2521.343506,2.535854816,6.119765759,32.08055878,77.41985321,108,070801030406,24
805,F070801030406_680,6715.180409,59641.4197,14.73143101,2548.537598,82,3938.005859,49.79223633,580.418396,14.43680191,4.124800682,35.59062862,0.004024915,130.9987946,11.79854298,884,805,0.004409274,54.17863703,108358,51.46970367,0.000196458,6486.543457,3.16588521,8.057818413,49.51529694,126.0264359,108,070801030406,24
806,F070801030406_687,4738.679526,41862.88787,10.34013367,1788.84314,78,2629.289307,34.94965363,407.4012756,10.1333313,2.895237446,31.41859317,0.003553103,131.0020599,11.79877281,779,710,0.003888925,15.11813843,30235,14.36223125,5.482E-05,4418.132324,2.519497395,6.222721577,124.5518951,307.621582,108,070801030406,24
807,F070801030406_7,7966.078854,69687.0388,17.21269798,2977.796631,42,2356.762695,58.17892075,678.1802979,16.86844444,4.819555283,53.16722733,0.006012637,139.4995117,12.42848587,1390,1265,0.00692886,115.7189909,231438,109.9330399,0.00041961,5334.55957,2.353989363,4.217042923,27.08736801,48.52553558,104,070801030406,24
808,F070801030406_706,8186.508692,72877.12825,18.00065041,3114.112549,59,3462.245117,60.84219742,709.225647,17.64063644,5.040182114,41.71710014,0.004717752,131.0011139,11.79870605,1034,942,0.005159673,24.11958265,48240,22.91360378,8.74602E-05,6576.357422,3.305851936,6.981271267,135.9067078,287.0066833,108,070801030406,24
809,F070801030406_71,7109.546238,62876.56275,15.5305109,2686.77832,74,3746.580566,52.49312592,611.9020996,15.21990108,4.348543167,55.64075818,0.006292367,151.3992615,13.42146397,1570,1429,0.007827147,134.7832708,269567,128.0441072,0.000488739,6433.358887,1.880180717,4.502000809,20.98322487,50.24330139,104,070801030406,24
810,F070801030406_717,1074.723809,9102.459944,2.248307705,388.9572449,82,601.0176392,7.599279881,88.58332062,2.203341484,0.629526138,6.386146061,0.000722204,151.3984375,13.42138958,180,164,0.000898287,14.72773611,29456,13.99134922,5.34044E-05,989.9748535,2.371690512,6.036432266,27.79983902,70.75621033,108,070801030406,24
811,F070801030406_719,2754.497558,24139.14014,5.962367535,1031.489624,53,1030.177856,20.15280151,234.9172821,5.843120098,1.669462919,16.65588617,0.0018836,122.0040054,11.19627666,392,356,0.00194994,,,,,2061.66748,2.897442818,5.791200638,,,108,070801030406,24
812,F070801030406_721,2734.597509,23701.70014,5.854320049,1012.797363,72,1374.125854,19.78760147,230.6602173,5.737233639,1.639209628,21.3704018,0.002416761,139.5015717,12.42864609,558,508,0.002782499,65.57902229,131158,62.30007267,0.000237797,2386.92334,1.993695617,4.698668003,16.25675964,38.3133316,108,070801030406,24
813,F070801030406_731,4262.215404,36613.601,9.043559074,1564.535767,54,1592.02832,30.56723022,356.3162231,8.862688065,2.532196522,24.66637259,0.0027895,147.9993744,13.12363911,680,619,0.003390486,17.45364414,34907,16.58096163,6.32888E-05,3156.563965,2.527521372,5.099457264,94.35736084,190.3727875,108,070801030406,24
814,F070801030406_738,1865.614796,16008.25787,3.954039812,684.0488892,66,850.7510986,13.36465454,155.7891693,3.874958992,1.107131124,15.00934082,0.001697394,130.9994202,11.79858685,372,338,0.001851348,7.74898354,15497,7.361534357,2.80987E-05,1534.800049,2.023813248,4.540828705,92.92205048,208.489151,104,070801030406,24
815,F070801030406_739,1264.986539,10778.67109,2.66233182,460.5834045,59,512.072876,8.998682022,104.895874,2.609085083,0.745452881,8.703129619,0.00098423,130.9946899,11.79825306,216,196,0.001073562,6.850359023,13700,6.507840812,2.48402E-05,972.65625,2.349915266,4.962532043,70.77361298,149.459137,104,070801030406,24
816,F070801030406_742,1467.242298,12663.29648,3.12783432,541.1153564,85,866.7230225,10.57207966,123.2366714,3.065277576,0.875793636,12.18615814,0.001378122,,,,,,,,,,1407.838379,,,,,104,070801030406,24
817,F070801030406_776,4486.741971,38668.03885,9.551005363,1652.323975,47,1463.405029,32.28239822,376.3096008,9.359985352,2.674281597,25.22388237,0.002852548,151.4007416,13.42159557,711,647,0.003543852,100.4855816,200970,95.46130332,0.000364372,3115.729004,2.553823709,4.815655231,17.30883598,32.63866043,108,070801030406,24
818,F070801030406_780,1754.261345,14726.60423,3.637471199,629.2825317,55,652.1986084,12.29465294,143.3163605,3.564721823,1.018491983,13.32765102,0.001507213,147.999115,13.12361717,367,335,0.001834915,10.24042563,20482,9.728404454,3.71329E-05,1281.481201,1.878455281,3.825316906,64.68507385,131.7257385,108,070801030406,16
819,F070801030406_781,5463.390541,46440.78744,11.47087479,1984.461304,45,1682.777344,38.77155685,451.9524536,11.24145699,3.211844921,31.52615323,0.003565266,131.0005798,11.79866886,782,711,0.003894403,119.3104113,238621,113.3448882,0.000432633,3667.23877,2.791084766,5.157860279,17.50816727,32.35469055,108,070801030406,24
820,F070801030406_782,7878.787707,67847.78639,16.75840378,2899.203857,49,2676.987305,56.64340591,660.2811279,16.42323494,4.692353249,45.02551056,0.005091897,159.332901,14.1638689,1340,1218,0.006671424,170.4868894,340973,161.9625472,0.000618204,5576.191406,2.380298615,4.578154087,17.90045929,34.42889404,108,070801030406,24
821,F070801030406_787,872.6756033,7455.055314,1.841398716,318.5619812,60,360.1775513,6.223927498,72.55110931,1.804570794,0.515591621,2.873093307,0.000324916,131.0021973,11.79878235,72,65,0.000356028,13.50661039,27013,12.83128023,4.89764E-05,678.739502,4.90095377,10.4421463,24.8269825,52.89725494,108,070801030406,16
822,F070801030406_788,1800.523004,15411.79521,3.806713343,658.5614014,47,583.2646484,12.86669064,149.9845123,3.730579138,1.065879703,8.037402898,0.000908943,131.0063477,11.79907513,199,181,0.000991402,30.41708064,60834,28.89622593,0.000110296,1241.82605,3.638460875,6.860917568,22.7905674,42.97537231,108,070801030406,24
823,F070801030406_79,2086.244693,17760.65559,4.386881828,758.930542,77,1101.195068,14.82766056,172.8431396,4.299144268,1.228326917,12.66344586,0.001432099,151.3973846,13.42129612,358,326,0.001785619,18.82443937,37649,17.88321745,6.82595E-05,1860.12561,2.328007698,5.705906868,42.43814468,104.015152,104,070801030406,24
824,F070801030406_798,2682.31263,22952.45898,5.669257164,980.7814941,57,1053.461426,19.16208839,223.3687286,5.555871964,1.587391973,14.18472838,0.001604139,159.3310852,14.16369057,422,383,0.002097829,,,,,2034.24292,2.560787201,5.311339378,,,108,070801030406,24
825,F070801030406_8,3294.659269,28815.02582,7.117311478,1231.294922,91,2111.421631,24.05651283,280.4220581,6.974965096,1.992847204,19.51916349,0.002207406,130.9989929,11.79855633,484,440,0.002410038,22.2199378,44440,21.10894081,8.05719E-05,3342.716553,2.798397541,7.597083092,58.33049393,158.355484,104,070801030406,24
826,F070801030406_80,5547.208636,48221.93292,11.91081715,2060.571289,75,2912.194824,40.25856018,469.2861938,11.67260075,3.335028887,52.98079979,0.005991554,151.3999634,13.42152596,1495,1361,0.007454686,113.2398229,226480,107.5778286,0.00041062,4972.766113,1.514012694,3.653759003,19.15423775,46.224823,104,070801030406,24
827,F070801030406_803,2745.354516,23524.76421,5.81061697,1005.236755,61,1155.499146,19.63988495,228.9383087,5.694404602,1.626972795,17.29941714,0.001956377,130.9964447,11.79837704,428,389,0.002130693,55.19006895,110381,52.43056569,0.000200125,2160.73584,2.584156275,5.554590702,19.17272377,41.21137619,108,070801030406,16
828,F070801030406_820,7056.343537,61894.45614,15.28793049,2644.812012,51,2545.703613,51.67320633,602.3444824,14.98217201,4.280620575,41.43133975,0.004685436,159.3336792,14.1639452,1234,1123,0.006151075,111.9731152,223945,106.3744569,0.000406027,5190.515625,2.355130911,4.622008801,24.86322403,48.79475403,108,070801030406,16
829,F070801030406_835,3522.104088,31153.23162,7.694848061,1331.20874,87,2182.412598,26.00858688,303.177002,7.540951252,2.154557467,33.76077288,0.003817978,131.0021973,11.79878235,837,761,0.004168271,34.43469405,68869,32.71295893,0.000124864,3513.621338,1.749288797,4.617110729,40.69361877,107.4076309,108,070801030406,24
830,F070801030406_836,2711.546696,23742.36382,5.86436367,1014.534912,83,1586.779541,19.82154846,231.0559235,5.747076511,1.642021775,25.62265922,0.002897645,130.9992218,11.79857254,636,579,0.003171391,46.75532195,93511,44.41755401,0.00016954,2601.314453,1.7522192,4.492771149,22.84085464,58.56501007,108,070801030406,32
831,F070801030406_844,1968.803087,17277.62153,4.267572403,738.2900391,78,1085.158325,14.42439461,168.1423492,4.182220936,1.194920301,12.49902678,0.001413505,142.3363495,12.65291691,333,303,0.00165964,21.77472448,43549,20.68598795,7.89575E-05,1823.448364,2.436600685,6.017981529,35.69034576,88.14896393,108,070801030406,24
832,F070801030406_851,2620.591404,22919.57228,5.661134243,979.3762207,49,904.3096313,19.13463402,223.0486908,5.547911644,1.585117579,19.15794361,0.002166556,130.9984131,11.79851532,476,434,0.002377174,15.0634445,30127,14.31027186,5.46217E-05,1883.685791,2.256627321,4.34029007,68.43869019,131.6317291,108,070801030406,24
833,F070801030406_856,2458.337823,21430.98388,5.293453217,915.767395,57,983.6293945,17.89187241,208.5620575,5.187583923,1.482166886,15.42052712,0.001743895,147.9999695,13.12369061,425,387,0.002119738,8.949746281,17900,8.502259068,3.24528E-05,1899.396729,2.366323948,4.9080019,107.7087173,223.3990631,108,070801030406,24
834,F070801030406_857,2170.079635,18807.42972,4.645435333,803.6603394,45,681.4853516,15.70157146,183.0301514,4.552526474,1.300721884,9.291106313,0.001050723,153.6645966,13.62652397,267,243,0.001330998,,,,,1485.145752,3.307244301,6.111711025,,,108,070801030406,24
835,F070801030406_867,4013.18186,35132.77179,8.677794456,1501.258423,60,1697.376587,29.33094597,341.9050903,8.504238129,2.429782391,25.18670136,0.002848343,151.4016876,13.42168045,711,647,0.003543852,93.9187521,187838,89.22281259,0.00034056,3198.63501,2.320337534,4.94379425,16.82594872,35.84996796,108,070801030406,24
836,F070801030406_868,2366.735617,20852.84328,5.150652409,891.0628662,81,1360.081177,17.40920448,202.9356995,5.04763937,1.44218266,18.02075266,0.002037952,130.9971771,11.79842854,447,407,0.002229285,26.42902735,52858,25.10757622,9.58345E-05,2251.144043,2.189343691,5.531066418,35.4897995,89.65995026,108,070801030406,24
837,F070801030406_869,1677.56702,14813.88091,3.65902853,633.0119629,83,990.0599976,12.36751652,144.1657257,3.585847855,1.024528027,10.0633896,0.00113806,142.339859,12.6531992,267,243,0.001330998,1.443760902,2887,1.371572807,5.23523E-06,1623.072021,2.604987383,6.679308891,461.5226746,1183.365601,108,070801030406,24
838,F070801030406_87,8779.503459,77384.02249,19.11385345,3306.696533,67,4174.847656,64.60482788,753.0858154,18.73157692,5.35187912,53.2644335,0.00602363,147.9992218,13.12362671,1470,1338,0.007328707,20.99706277,41994,19.94720912,7.61376E-05,7481.543945,2.471372604,5.591587543,165.7723846,375.0671997,104,070801030406,24
839,F070801030406_90,3550.381675,30885.61766,7.628747463,1319.773315,72,1790.619629,25.78516579,300.5726624,7.476172447,2.136049271,19.05740501,0.002155186,130.9998169,11.7986145,473,431,0.002360742,25.58295217,51166,24.3038049,9.27666E-05,3110.393066,3.062119007,7.21668911,54.30315781,127.9796753,104,070801030406,16
840,F070801030407_1,4926.102486,42941.95031,10.6066618,1834.952515,79,2731.693359,35.85051727,417.9024658,10.39452839,2.969865322,31.97978198,0.003616567,131.0009613,11.79869556,794,723,0.003960131,65.21207312,130423,61.95147177,0.000236466,4566.645996,2.537970304,6.316246033,29.61919212,73.71327972,108,070801030407,16
841,F070801030407_103,1298.264188,11344.99515,2.802213907,484.78302,75,685.1412354,9.471483231,110.4072266,2.746169567,0.784619868,11.90806746,0.001346673,131.0013428,11.79872227,295,269,0.00147341,6.751039743,13503,6.413487673,2.448E-05,1169.924316,1.802167416,4.349161148,75.58805084,182.4162445,108,070801030407,8
842,F070801030407_11,4257.898652,37096.33409,9.162794113,1585.16333,61,1822.11853,30.97024345,361.0140991,8.979537964,2.565582275,23.98326907,0.002712248,130.9970703,11.79842091,595,542,0.002968729,56.77293041,113545,53.93428536,0.000205865,3407.281738,2.924655676,6.286497593,29.39064217,63.17469025,108,070801030407,8
843,F070801030407_110,13673.54235,118715.3729,29.32269669,5072.82666,75,7169.682129,99.11071777,1155.314209,28.73624229,8.210354805,109.7607259,0.012412749,151.3996735,13.42150021,3097,2816,0.015424245,309.8649183,619728,294.3716663,0.001123604,12242.50879,1.801429868,4.347481728,17.23272705,41.5886116,108,070801030407,8
844,F070801030407_12,2576.767467,22246.92121,5.494989395,950.6331787,62,1110.647217,18.5730648,216.5025787,5.385089397,1.538596988,13.18374753,0.001490939,131.0054626,11.79901314,327,297,0.001626776,45.56765175,91136,43.28926754,0.000165233,2061.280273,3.20078516,6.940337658,21.96002007,47.61642838,108,070801030407,8
845,F070801030407_126,7116.661316,61397.30271,15.16513348,2623.568115,50,2480.604248,51.25815201,597.5062866,14.86183071,4.246237278,37.19081368,0.004205878,131.0011292,11.79870701,923,841,0.004606459,32.56855761,65137,30.94012896,0.000118097,5104.172363,3.119581699,6.069170475,84.79499817,164.9693298,108,070801030407,16
846,F070801030407_127,3099.543699,26764.5275,6.610838413,1143.675049,63,1357.734009,22.3446331,260.467041,6.478621483,1.85103476,25.90781388,0.002929893,130.9980011,11.79848671,643,585,0.003204255,71.04075479,142082,67.48871711,0.000257602,2501.40918,1.955000043,4.275913239,16.94616699,37.0641098,108,070801030407,16
847,F070801030407_13,1330.125049,11373.65134,2.80929184,486.0074768,60,549.4974365,9.495406151,110.6860962,2.753106117,0.786601722,10.88003218,0.001230414,130.9989471,11.79855347,270,246,0.00134743,35.50565358,71010,33.73037104,0.000128747,1035.504883,1.975640178,4.209369659,14.40860176,30.69948006,108,070801030407,8
848,F070801030407_131,2555.229736,22048.83889,5.446063042,942.1688843,81,1438.087402,18.40769386,214.5748901,5.337141991,1.524897695,23.53050423,0.002661045,151.3981323,13.42136288,664,604,0.003308325,42.71447659,85429,40.57875252,0.000154887,2380.256348,1.559882283,3.940821886,23.21828079,58.65769958,108,070801030407,16
849,F070801030407_132,1715.120625,15156.83622,3.743738651,647.6668091,64,781.1081543,12.65383625,147.5032959,3.668863773,1.048246861,4.644959586,0.000525295,151.3961029,13.42118168,130,118,0.000646328,7.151233568,14302,6.793671809,2.59312E-05,1428.774902,5.48870182,12.10826206,95.33383942,210.3096771,108,070801030407,16
850,F070801030407_134,10010.7964,87322.1295,21.56856537,3731.361816,76,6446.666016,72.90174866,849.8014526,21.13719368,6.039198399,64.65788489,0.007312106,151.4003296,13.42155933,1823,1657,0.009075985,119.8211459,239646,113.8300922,0.000434485,10178.02734,2.251878023,6.142442703,32.78010178,89.41420746,108,070801030407,16
851,F070801030407_142,4211.408107,36410.516,8.993397713,1555.857788,59,1730.542603,30.3976841,354.3398743,8.813529968,2.518151283,28.16585503,0.003185253,159.3339386,14.16396999,838,764,0.004184703,58.00044696,116000,55.10042367,0.000210316,3286.400391,2.036463022,4.301571369,28.23676682,59.64383316,108,070801030407,16
852,F070801030407_150,5045.944681,44035.26889,10.87671185,1881.671143,70,2482.065674,36.76328659,428.54245,10.65917778,3.045479298,31.38795559,0.003549638,148.0005493,13.1237402,867,790,0.004327114,67.46940804,134939,64.09593964,0.000244651,4363.736816,2.381862164,5.523717403,29.35710335,68.08132935,108,070801030407,16
853,F070801030407_153,4319.385277,37130.33221,9.171192169,1586.616211,90,2690.827881,30.99862862,361.3449707,8.987768173,2.567933798,26.44057202,0.002990142,130.9983978,11.79851437,657,597,0.003269984,6.162662387,12325,5.854529202,2.23465E-05,4277.444336,2.657648563,7.164898396,271.0066223,730.6213989,108,070801030407,24
854,F070801030407_161,6754.980778,58098.97797,14.35044765,2482.627441,68,3181.207031,48.50451279,565.4076538,14.06343842,4.018125534,44.20333815,0.004998919,131.0008087,11.79868412,1097,999,0.005471882,107.9882491,215978,102.5888371,0.000391577,5663.834473,2.485112667,5.669504166,24.19978142,55.20907211,108,070801030407,16
855,F070801030407_17,2166.163866,18236.42984,4.504398346,779.2609253,66,977.6739502,15.22486687,177.4732971,4.414310455,1.261231542,19.67913217,0.002225497,131.0002289,11.79864407,490,447,0.00244838,38.37482748,76749,36.45608563,0.000139151,1756.934814,1.743313074,3.930502892,21.37533188,48.1931839,108,070801030407,8
856,F070801030407_183,4020.034083,35428.44126,8.750824928,1513.8927,80,2282.215088,29.5777874,344.7825012,8.575808525,2.450231075,27.1867609,0.003074528,130.999527,11.79859447,674,613,0.003357621,41.37086296,82742,39.30231953,0.000150015,3796.10791,2.4696455,6.192671776,38.51916885,96.58737946,108,070801030407,24
857,F070801030407_187,4675.129907,40644.47277,10.03918457,1736.778931,89,2912.769043,33.93244553,395.5438843,9.838400841,2.810971737,34.62130035,0.003915294,131.0003815,11.79865456,859,781,0.004277818,41.07170314,82144,39.01811701,0.00014893,4649.547852,2.223788738,5.953326225,44.51211548,119.1638184,108,070801030407,24
858,F070801030407_189,5874.325943,51872.96932,12.81262302,2216.58374,86,3592.146973,43.30666733,504.8173523,12.55637074,3.587534428,43.83048463,0.004956753,130.9998474,11.79861641,1087,989,0.005417109,57.88306224,115767,54.98890781,0.00020989,5808.730469,2.241237402,5.873337269,40.30965042,105.6345825,108,070801030407,24
859,F070801030407_196,3054.325631,26088.66532,6.443900108,1114.794678,79,1659.562134,21.78038216,253.8896637,6.315021992,1.804292083,23.75415634,0.002686338,130.9999695,11.79862499,588,536,0.002935865,32.73866694,65478,31.10173382,0.000118714,2774.356934,2.079840899,5.176039219,35.8434906,89.20264435,108,070801030407,24
860,F070801030407_197,3712.977765,32376.06702,7.996888638,1383.461792,85,2215.937744,27.0294838,315.0774231,7.836950779,2.239128828,25.38379592,0.002870632,130.9997559,11.79861069,631,575,0.003149482,36.65846574,73317,34.82554275,0.000132928,3599.399414,2.406020403,6.25982523,39.72549057,103.3551559,108,070801030407,24
861,F070801030407_199,3617.085259,31232.56365,7.714443207,1334.598633,86,2162.821533,26.07481766,303.9490662,7.560154438,2.160044193,25.30863015,0.002862132,130.9983215,11.7985096,628,572,0.00313305,32.54099706,65081,30.9139474,0.000117997,3497.420166,2.333214283,6.114370823,43.17140961,113.1340561,108,070801030407,24
862,F070801030407_205,1141.05934,9644.557015,2.382205486,412.1215515,89,691.1730957,8.051854134,93.85889435,2.334561348,0.667017519,9.513769805,0.001075904,131.0066071,11.79909325,236,215,0.001177632,11.01166266,22023,10.46107936,3.99295E-05,1103.294678,1.916844368,5.131603241,39.39570236,105.4666214,108,070801030407,24
863,F070801030407_206,1151.814309,10007.57819,2.471871853,427.6338196,89,717.1888428,8.354927063,97.39175415,2.42243433,0.692124128,6.358234436,0.000719047,131.0012512,11.79871559,158,143,0.000783262,9.513307383,19027,9.037642062,3.44963E-05,1144.822632,2.990446329,8.005752563,47.31696701,126.6727142,108,070801030407,24
864,F070801030407_213,2080.843347,17974.46976,4.439693928,768.0670776,71,1027.611572,15.0061655,174.9239349,4.350900173,1.243114352,14.84246361,0.001678522,131.0010986,11.7987051,369,335,0.001834915,23.72909364,47459,22.54263926,8.60443E-05,1795.678711,2.292737484,5.360234737,34.07174683,79.65699005,108,070801030407,24
865,F070801030407_218,4213.486672,36528.89378,9.022636414,1560.916138,62,1823.655273,30.49651146,355.4918823,8.842184067,2.5263381,26.23834372,0.002967272,151.4006805,13.42158985,741,675,0.003697218,51.28603578,102572,48.72173381,0.000185969,3384.571289,2.31246829,5.014179707,32.03736877,69.46738434,108,070801030407,24
866,F070801030407_235,3026.933545,26106.13113,6.448214531,1115.541138,87,1828.842651,21.79496574,254.0596466,6.319250107,1.805500031,18.38900602,0.002079597,130.9977417,11.79846859,456,415,0.002273104,4.831299335,9663,4.589734346,1.75188E-05,2944.383789,2.688050985,7.094900608,243.0513458,641.5150757,108,070801030407,24
867,F070801030407_246,5426.414322,48043.09428,11.86664391,2052.929443,86,3326.932373,40.10925674,467.5457764,11.62931061,3.322660208,36.85175705,0.004167534,130.9980621,11.79849052,914,832,0.004557163,56.54342651,113087,53.71625519,0.000205033,5379.861816,2.467463255,6.466179848,38.21802902,100.1533279,108,070801030407,24
868,F070801030407_248,5667.962776,49369.06599,12.19415951,2109.5896,79,3140.483887,41.216259,480.4498901,11.95027637,3.414364576,43.2835871,0.004894905,131.0006409,11.79867268,1074,977,0.00535138,70.31609988,140632,66.80029655,0.000254974,5250.073242,2.159252405,5.373667717,31.58054161,78.59355927,108,070801030407,16
869,F070801030407_249,1431.971356,12305.55332,3.039471626,525.8286133,44,435.981842,10.27341366,119.7551804,2.97868228,0.851052046,6.935610384,0.000784342,130.9929199,11.79812813,172,157,0.000859945,21.9790515,43958,20.88009846,7.96984E-05,961.8104248,3.349226952,6.126181126,25.18324471,46.06349945,108,070801030407,16
870,F070801030407_257,4949.252516,42368.40118,10.46499538,1810.444214,74,2524.575439,35.37168503,412.3208313,10.25569534,2.930198669,28.63155778,0.003237919,130.9999237,11.79862213,710,647,0.003543852,21.38797288,42776,20.3185748,7.75551E-05,4335.019531,2.79821372,6.700184822,89.1029129,213.3525391,108,070801030407,16
871,F070801030407_26,6387.571651,55301.06915,13.65936375,2363.069824,75,3339.722168,46.16864777,538.1789551,13.38617611,3.824621916,41.2547415,0.004665464,131.0019226,11.79876328,1023,931,0.005099422,81.85787968,163716,77.76498244,0.000296826,5702.791992,2.5382061,6.12544775,30.38732529,73.3336792,108,070801030407,16
872,F070801030407_260,8166.762375,71764.82783,17.72591209,3066.582764,66,3813.907227,59.91358185,698.4009399,17.3713932,4.963255405,60.24570751,0.006813137,130.999939,11.79862309,1494,1360,0.007449209,179.0386662,358077,170.0867345,0.000649214,6880.490234,2.254840374,5.059184074,18.02952385,40.45283127,108,070801030407,16
873,F070801030407_265,2177.465359,19124.25581,4.723690987,817.1985474,57,877.7803345,15.9660759,186.1134186,4.629217148,1.322633505,20.53738236,0.002322555,131.0044556,11.79894161,509,463,0.002536017,58.1328672,116266,55.22622396,0.000210796,1694.978882,1.765007615,3.660861492,14.79729176,30.69155884,108,070801030407,16
874,F070801030407_267,5240.462352,45555.79326,11.25228119,1946.644653,90,3301.419678,38.03271103,443.3398743,11.02723598,3.150638819,36.00876474,0.004072201,142.3345795,12.65277386,958,872,0.004776258,32.14102221,64283,30.53397036,0.000116547,5248.064453,2.232390642,6.018422604,63.75340652,171.8762512,108,070801030407,16
875,F070801030407_277,4422.394713,38278.21697,9.454719543,1635.666504,73,2250.03418,31.95695114,372.5159607,9.265625,2.647321463,29.13904953,0.003295311,130.9985657,11.79852676,723,657,0.003598625,10.36403298,20728,9.845831275,3.75811E-05,3885.700684,2.489598989,5.914308548,166.1278229,394.6544189,108,070801030407,16
876,F070801030407_278,2919.877461,25647.88404,6.335027218,1095.959717,74,1528.261963,21.41239166,249.6000671,6.208326817,1.773807645,21.05888529,0.002381532,130.9988251,11.79854488,523,477,0.002612701,55.72453022,111449,52.93830362,0.000202063,2624.22168,2.297609568,5.501513004,20.70258522,49.57132339,108,070801030407,16
877,F070801030407_28,3075.800893,26817.2066,6.623849869,1145.926025,79,1705.90625,22.38861275,260.9796753,6.491373062,1.854677916,23.21977788,0.002625905,142.3356628,12.6528616,618,564,0.003089231,11.34527479,22691,10.77801111,4.11392E-05,2851.832275,2.031783819,5.056440353,106.3207321,264.5972595,108,070801030407,8
878,F070801030407_281,5133.419755,44837.21867,11.07479286,1915.939209,82,2960.513916,37.43280029,436.3468323,10.85329723,3.100941896,47.13101616,0.005330007,131.0012512,11.79871559,1169,1063,0.005822433,77.295395,154591,73.43062493,0.000280282,4876.453125,1.802388668,4.587444305,26.09182739,66.40898132,108,070801030407,16
879,F070801030407_282,5628.312067,49819.24862,12.30535412,2128.826172,85,3409.813965,41.59209824,484.8309631,12.05924702,3.445499182,32.05879655,0.003625503,130.999527,11.79859447,795,723,0.003960131,50.79539466,101591,48.25562593,0.00018419,5538.640137,2.944434643,7.660636425,44.1156044,114.7770844,108,070801030407,16
880,F070801030407_285,7446.1031,65197.28123,16.10372925,2785.945068,61,3202.433105,54.43060303,634.4869385,15.78165436,4.50904417,47.32771312,0.005352252,130.9984131,11.79851532,1174,1069,0.005855297,27.78948751,55579,26.40001386,0.000100768,5988.37793,2.606122494,5.601850033,105.5281677,226.8323822,108,070801030407,16
881,F070801030407_287,4294.410204,37165.39149,9.179851532,1588.114258,60,1795.578979,31.02789879,361.6861572,8.996254921,2.570358515,29.6182144,0.003349499,130.9997406,11.79860973,735,670,0.003669831,72.43309379,144866,68.81144099,0.00026265,3383.693359,2.370319843,5.050288677,23.07921791,49.17341232,108,070801030407,16
882,F070801030407_289,1196.334162,10415.52379,2.572634459,445.0657654,74,620.6223145,8.695504189,101.3618011,2.521181822,0.720337629,10.90714216,0.00123348,130.9946289,11.79824924,271,246,0.00134743,20.24612188,40493,19.23381567,7.34147E-05,1065.68811,1.80921042,4.332065582,23.13975334,55.40700531,108,070801030407,16
883,F070801030407_290,3709.166084,32602.74854,8.052879333,1393.148071,78,2047.686157,27.21873283,317.2834473,7.891821861,2.25480628,27.60851657,0.003122224,131.0028839,11.79883099,685,624,0.003417872,15.24951434,30499,14.48703855,5.52964E-05,3440.834229,2.232609034,5.514157295,96.16513824,237.5112152,108,070801030407,16
884,F070801030407_291,1033.486871,8923.592213,2.204127312,381.3140259,88,632.3200684,7.449950218,86.84261322,2.16004467,0.617155671,5.881747723,0.000665162,130.9953613,11.79830074,146,133,0.000728489,5.821488857,11643,5.530414581,2.11094E-05,1013.634094,2.867022753,7.621308804,68.94853973,183.2835693,108,070801030407,16
885,F070801030407_294,2420.061611,21080.45072,5.20687151,900.7887573,74,1256.105713,17.599226,205.1507416,5.102734089,1.457924008,20.99185163,0.002373951,130.9959869,11.79834461,520,473,0.002590791,9.591820136,19183,9.112229079,3.4781E-05,2156.894531,1.904415965,4.560030937,98.85492706,236.7032776,108,070801030407,16
886,F070801030407_295,3575.896176,30859.96104,7.622410297,1318.677002,70,1739.434082,25.76374626,300.3229675,7.46996212,2.13427496,26.51145452,0.002998158,130.997879,11.79847813,658,598,0.003275461,105.1860081,210372,99.92670679,0.000381416,3058.111084,2.205145597,5.113898277,13.19644165,30.60354042,108,070801030407,16
887,F070801030407_299,2791.882616,23689.47615,5.851300716,1012.275024,68,1297.116333,19.77739716,230.5412445,5.734274864,1.638364196,14.47132369,0.00163655,130.9994659,11.79858971,359,326,0.001785619,49.18011492,98360,46.72110899,0.000178332,2309.391357,3.105138063,7.084022522,21.66633034,49.42929077,108,070801030407,16
888,F070801030407_300,1956.537371,16579.84986,4.09522295,708.4735718,78,1041.333374,13.84185314,161.3517914,4.013318539,1.146662474,12.83195349,0.001451155,131.0005341,11.79866505,318,289,0.001582957,34.69737704,69395,32.96250874,0.000125816,1749.806885,2.451465607,6.054695129,21.49331474,53.08475876,108,070801030407,16
889,F070801030407_302,2282.796696,19822.50927,4.896159649,847.0356445,59,941.727356,16.54901886,192.9086914,4.79823637,1.370924711,11.87028646,0.001342401,131.001236,11.79871464,295,269,0.00147341,23.67246199,47344,22.48883915,8.58389E-05,1788.762939,3.148831367,6.649676323,37.664711,79.54003143,108,070801030407,16
890,F070801030407_312,1698.90618,14745.36318,3.642104626,630.0841064,90,1068.593628,12.31031322,143.4989166,3.569262505,1.019789338,12.72601601,0.001439175,156.4973907,13.8906517,372,338,0.001851348,15.46836546,30937,14.69494721,5.609E-05,1698.677734,1.86415422,5.025673866,42.87760162,115.5960388,108,070801030407,16
891,F070801030407_315,7674.065102,67020.65148,16.55410004,2863.859375,58,3130.049561,55.95285797,652.2315674,16.22301865,4.635148048,42.5269655,0.004809339,131.0007172,11.7986784,1054,959,0.005252788,36.5132885,73026,34.68762362,0.000132401,5993.90918,2.986297607,6.250165939,82.56141663,172.7967682,108,070801030407,16
892,F070801030407_316,4773.756362,41806.18384,10.32612705,1786.419922,62,2087.116699,34.90230942,406.8493958,10.11960411,2.89131546,35.16236962,0.003976483,131.000946,11.79869461,872,793,0.004343546,93.77523393,187551,89.08647187,0.000340039,3873.536621,2.25273633,4.884661674,20.05265045,43.4806366,108,070801030407,16
893,F070801030407_318,4960.514931,42731.00285,10.5545578,1825.938477,62,2133.287109,35.67440414,415.8495789,10.34346676,2.955276251,29.86590791,0.003377511,131.0002594,11.79864597,741,675,0.003697218,15.5991565,31198,14.81919867,5.65642E-05,3959.225586,2.705094099,5.865519524,123.214386,267.1686707,108,070801030407,16
894,F070801030407_32,3698.013957,32241.12774,7.963558674,1377.695679,79,2050.934814,26.91682816,313.7642212,7.804287434,2.22979641,23.7635754,0.002687403,142.334137,12.65273857,632,575,0.003149482,56.71408262,113427,53.87837774,0.000205651,3428.630371,2.395992517,5.962835312,25.57047462,63.63648224,108,070801030407,8
895,F070801030407_322,5062.274502,43608.96104,10.7714138,1863.45459,83,2914.528809,36.40737915,424.3937073,10.55598545,3.015995979,33.66349079,0.003806976,131.0006104,11.79867077,836,761,0.004168271,12.93855497,25877,12.29162739,4.69166E-05,4777.983398,2.448692083,6.278559208,151.6035767,388.7185364,108,070801030407,16
896,F070801030407_328,2487.088513,21164.61006,5.227658749,904.3849487,88,1499.710571,17.669487,205.9697571,5.123105526,1.463744402,16.61262524,0.001878708,148.0002594,13.1237154,459,418,0.002289536,20.63874769,41279,19.60681045,7.48384E-05,2404.095459,2.163600445,5.751424313,46.12606049,122.6153259,108,070801030407,16
897,F070801030407_33,4297.851875,36978.62939,9.133721352,1580.133789,67,1994.987427,30.87197876,359.8686218,8.951046944,2.55744195,35.5867783,0.004024479,130.9977417,11.79846859,882,802,0.004392842,95.27722344,190554,90.51336005,0.000345486,3575.121094,1.970241666,4.457756996,17.45746422,39.49826813,108,070801030407,16
898,F070801030407_335,5984.26925,51931.58314,12.82710075,2219.088379,46,1923.552002,43.35560226,505.3877563,12.57055855,3.591588259,31.31012404,0.003540836,131.0002594,11.79864597,777,707,0.003872493,24.38348174,48767,23.164307,8.84172E-05,4142.640625,3.138738871,5.859463215,95.79774475,178.8372345,108,070801030407,16
899,F070801030407_337,1786.362463,15429.28559,3.811033487,659.3087769,37,459.9194031,12.8812933,150.1547241,3.734812737,1.067089319,13.17324928,0.001489752,139.496994,12.42829037,344,313,0.001714414,55.07262939,110144,52.31899714,0.000199699,1119.228149,2.106417894,3.575808764,12.60170937,21.39238548,108,070801030407,16
900,F070801030407_344,1863.352286,15993.93284,3.950501442,683.4367676,82,1056.047974,13.35269451,155.6497498,3.871491432,1.106140375,17.247917,0.001950553,130.9991913,11.79857063,429,390,0.00213617,5.486721497,10974,5.2123854,1.98955E-05,1739.484741,1.752401948,4.460217476,131.1178436,333.7214355,108,070801030407,16
901,F070801030407_345,4986.345805,42968.73514,10.61327744,1836.097046,68,2352.751221,35.87287903,418.1631165,10.40101147,2.971717596,38.14324489,0.004313588,130.9983521,11.79851151,947,863,0.004726961,103.9354307,207871,98.73866096,0.000376881,4188.848145,2.127574682,4.853821754,18.59552383,42.4235878,108,070801030407,16
902,F070801030407_36,5885.64514,51739.27058,12.77960014,2210.87085,74,3082.950684,43.19504929,503.5162354,12.5240078,3.578288078,40.50847399,0.00458107,130.9988861,11.7985487,1005,915,0.005011784,94.84600942,189692,90.10370858,0.000343922,5293.821289,2.416252375,5.785596848,24.53695679,58.75253677,108,070801030407,8
903,F070801030407_364,1715.60007,14903.05479,3.681054592,636.8224487,55,660.0130615,12.44196415,145.0335541,3.607433558,1.030695319,17.31334162,0.001957951,131.0037689,11.79889297,430,392,0.002147125,45.7955083,91591,43.50573318,0.00016606,1296.835449,1.624547005,3.308253765,14.63766766,29.80838013,108,070801030407,16
904,F070801030407_37,2912.585265,25053.7447,6.18827486,1070.571533,68,1374.29126,20.91636848,243.8180237,6.064509392,1.732716918,19.88194475,0.002248433,142.3357239,12.65286636,529,481,0.00263461,11.25013084,22500,10.68762386,4.07942E-05,2444.862793,2.225720406,5.082874775,100.1692734,228.7564392,108,070801030407,16
905,F070801030407_370,6944.585443,60364.51667,14.91003609,2579.436279,55,2673.369385,50.39592361,587.4554443,14.61183548,4.174809933,47.6880125,0.005392998,130.9991302,11.79856586,1183,1078,0.005904594,88.39233381,176784,83.97271928,0.00032052,5252.805664,2.392797947,4.872732639,30.71755028,62.55371475,108,070801030407,16
906,F070801030407_381,4064.667339,34804.01567,8.596591949,1487.210449,86,2410.140625,29.05648041,338.705719,8.424659729,2.407045841,27.74566913,0.003137735,131.0007172,11.7986784,688,626,0.003428827,9.392047882,18785,8.922445327,3.40566E-05,3897.351074,2.375735521,6.225800514,166.6819305,436.803009,108,070801030407,16
907,F070801030407_382,3965.614108,34869.12758,8.612674713,1489.992676,78,2190.031006,29.11083984,339.339386,8.440421104,2.411548853,29.79103676,0.003369044,131.0005951,11.79866982,738,672,0.003680786,65.1389744,130278,61.88202363,0.000236201,3680.023682,2.217251062,5.476225853,24.07795715,59.46837997,108,070801030407,16
908,F070801030407_384,2084.603272,18449.12569,4.55693388,788.3495483,65,965.6143188,15.40243626,179.5431976,4.46579504,1.275941491,13.70032942,0.001549359,130.9947662,11.79825878,340,310,0.001697981,6.648511702,13297,6.316086136,2.41082E-05,1753.963867,2.543063164,5.657948017,124.8161469,277.6979065,108,070801030407,16
909,F070801030407_386,1478.73836,13258.86066,3.274938583,566.5643921,53,565.843811,11.06929207,129.0325775,3.209439754,0.91698283,7.327435464,0.000828654,131.0016022,11.79874039,182,166,0.000909242,3.552816808,7105,3.375176027,1.28829E-05,1132.408203,3.413038492,6.821736336,167.8621826,335.5108643,108,070801030407,16
910,F070801030407_396,2599.269552,22453.43644,5.545998573,959.4577637,75,1355.996826,18.74547577,218.5123444,5.435078621,1.552879572,16.06520665,0.001816801,131.0016479,11.7987442,399,363,0.001988282,37.72638726,75453,35.84006858,0.0001368,2315.45459,2.643134356,6.378662586,26.77053452,64.60519409,108,070801030407,8
911,F070801030407_398,4574.096981,40308.75373,9.956262589,1722.433472,63,2044.817017,33.65216827,392.2767334,9.757137299,2.787753582,29.45497322,0.003331038,130.9972687,11.79843521,731,665,0.003642444,16.05335426,32107,15.25068665,5.82112E-05,3767.250488,2.590125561,5.665038109,112.9413681,247.021698,108,070801030407,16
912,F070801030407_4,1290.141367,11271.37262,2.784029007,481.6370239,68,617.1635742,9.410017967,109.6907425,2.728348494,0.779528141,9.530991077,0.001077852,134.2509308,12.03223419,241,220,0.001205019,36.41435623,72829,34.59363842,0.000132042,1098.800537,2.189259291,4.994547844,13.9227047,31.7630806,108,070801030407,8
913,F070801030407_403,3725.47402,32751.16065,8.089536667,1399.489868,58,1529.56958,27.3426342,318.7277527,7.927745819,2.2650702,26.02103949,0.002942698,130.999176,11.79856968,645,587,0.00321521,86.17281246,172346,81.86416912,0.000312472,2929.05957,2.384139538,4.989880085,17.09526825,35.77950668,108,070801030407,16
914,F070801030407_411,2168.719775,19304.77975,4.768280506,824.9125366,67,1041.487793,16.11678886,187.8702545,4.672914982,1.335118532,13.9301405,0.001575348,131.0002136,11.79864216,346,315,0.001725368,5.35325861,10707,5.085595608,1.94115E-05,1866.400391,2.618769884,5.925080776,162.2056885,366.997406,108,070801030407,8
915,F070801030407_412,1778.976737,15477.04563,3.8228302,661.3496094,64,797.5952759,12.92116642,150.6195068,3.746373653,1.070392489,11.54400529,0.001305502,131.0006409,11.79867268,287,262,0.001435068,5.646294463,11292,5.363979561,2.04741E-05,1458.944824,2.524235249,5.568491459,123.2945786,271.9892578,108,070801030407,8
916,F070801030407_42,3944.553289,34234.59094,8.455944061,1462.878296,44,1212.920654,28.58109093,333.1641846,8.28682518,2.367664337,21.62110138,0.002445112,139.5014954,12.42864037,565,514,0.002815363,82.09904861,164198,77.99409485,0.0002977,2675.798828,2.846066713,5.205834389,18.75626945,34.30770874,108,070801030407,16
917,F070801030407_422,1572.02924,13326.07438,3.291540384,569.4364624,73,783.3208008,11.12540627,129.6866913,3.225709677,0.921631336,11.2505793,0.001272319,130.9996338,11.7986021,279,255,0.001396727,5.588567411,11177,5.309138952,2.02648E-05,1352.757324,2.233084202,5.304930687,107.2558975,254.7978821,108,070801030407,16
918,F070801030407_428,4716.30736,40230.44117,9.936919212,1719.087036,91,2947.886475,33.58678818,391.5146179,9.738181114,2.782337427,29.78118008,0.003367929,130.999649,11.79860306,738,672,0.003680786,38.28461162,76569,36.37038179,0.000138824,4666.973633,2.558165312,6.944901466,47.26612473,128.3179779,108,070801030407,16
919,F070801030407_432,3988.965799,34652.93804,8.559275627,1480.754639,91,2539.194824,28.93035126,337.2354736,8.388090134,2.396597147,30.89233625,0.003493589,139.4985657,12.42841244,806,734,0.004020382,47.55498815,95109,45.17723918,0.00017244,4019.949463,2.0173769,5.476770401,32.77656174,88.98174286,108,070801030407,16
920,F070801030407_445,1149.706579,9986.597012,2.466689348,426.7372437,75,603.1055298,8.337409973,97.18756104,2.417355537,0.690672994,9.188507974,0.001039121,130.9946747,11.79825211,228,206,0.001128336,25.21015429,50420,23.94964671,9.14148E-05,1029.842773,2.071540117,4.999236584,17.81810188,43.00033188,108,070801030407,8
921,F070801030407_46,1115.253357,9671.433261,2.388844013,413.2700195,72,560.7094727,8.074293137,94.12045288,2.341067076,0.66887635,4.19852376,0.000474808,139.4981384,12.42837906,110,100,0.000547736,14.35282564,28706,13.63518381,5.20449E-05,973.9794922,4.132699966,9.739794731,30.30908966,71.43134308,108,070801030407,16
922,F070801030407_464,1958.17618,16853.3585,4.162779331,720.1608276,67,909.234375,14.07019424,164.013504,4.079523563,1.165578246,15.33805919,0.001734568,130.9998322,11.79861546,381,346,0.001895166,6.972972751,13946,6.624324083,2.52848E-05,1629.395264,2.081389666,4.709234715,108.7146149,245.9715576,108,070801030407,8
923,F070801030407_478,6288.42528,54566.37979,13.47789574,2331.676025,83,3646.849121,45.55528641,531.0291138,13.20833778,3.773810863,43.22737134,0.004888547,131.0004425,11.79865837,1072,975,0.005340426,80.55777168,161115,76.52988267,0.000292111,5978.525391,2.391462564,6.131820679,30.46752357,78.12014008,108,070801030407,16
924,F070801030407_48,2792.607621,24309.77581,6.004514694,1038.781006,77,1507.253296,20.29525948,236.5778809,5.88442421,1.681264162,17.87714137,0.002021711,130.9981842,11.79849911,444,404,0.002212853,37.85215427,75704,35.95954747,0.000137256,2546.03418,2.571240187,6.302064896,28.88748741,70.80273438,108,070801030407,16
925,F070801030407_481,3099.300587,27025.10641,6.675201416,1154.809814,89,1936.742798,22.56218147,263.0029297,6.541697502,1.869056344,16.81997347,0.001902157,130.9967499,11.79839802,417,380,0.002081397,22.01653862,44033,20.9157114,7.98344E-05,3091.552734,3.038973093,8.13566494,55.21255112,147.8100739,108,070801030407,16
926,F070801030407_482,13745.93476,120392.0495,29.73683548,5144.472656,68,6592.061523,100.5105057,1171.631348,29.14209938,8.326313972,89.85941184,0.010162126,148.000473,13.12373352,2480,2257,0.012362401,193.8352633,387671,184.1434991,0.000702868,11736.53418,2.279340982,5.200059414,27.93730354,63.73580551,108,070801030407,16
927,F070801030407_485,2029.179838,17501.78365,4.32294035,747.8686523,76,1071.05188,14.61153793,170.3238525,4.236481667,1.21042335,11.20886374,0.001267601,130.9997559,11.79861069,278,253,0.001385772,3.554532886,7109,3.3768062,1.28891E-05,1818.920532,2.956002474,7.189409256,221.4721832,538.651123,108,070801030407,24
928,F070801030407_494,1656.504824,13862.37858,3.424007416,592.3532715,59,658.5736084,11.57314491,134.905899,3.355527163,0.958722055,6.398851441,0.000723641,130.9963226,11.79836845,159,145,0.000794217,14.475808,28952,13.75201748,5.24909E-05,1250.92688,4.085195065,8.627081871,43.07391739,90.96315002,108,070801030407,16
929,F070801030407_495,6154.559953,53401.93745,13.19027901,2281.918213,54,2322.016602,44.58314133,519.6970215,12.92647362,3.693278074,37.79304114,0.004273984,131.0011139,11.79870605,937,853,0.004672188,124.2727961,248546,118.0591555,0.000450627,4603.93457,2.675167799,5.397344112,19.32859993,38.99684525,108,070801030407,16
930,F070801030407_5,3227.619471,27672.78698,6.835178375,1182.48584,67,1492.939697,23.10290337,269.3060303,6.698474884,1.91384995,22.861171,0.002585351,134.2520294,12.03231525,578,527,0.002886568,92.45602148,184912,87.83322287,0.000335256,2675.425537,2.243806124,5.076708794,13.46285343,30.46029091,108,070801030407,8
931,F070801030407_504,4973.969472,42326.75752,10.45470905,1808.664673,42,1431.45874,35.33691788,411.9155273,10.24561501,2.927318573,25.39361894,0.002871743,131.002243,11.79878616,630,574,0.003144004,20.11618233,40231,19.11037344,7.29435E-05,3240.123535,3.15098381,5.644814491,94.64308167,169.5478973,108,070801030407,16
932,F070801030407_507,5978.096785,53083.075,13.11151981,2268.292969,81,3462.228027,44.31693649,516.5938721,12.84928894,3.671225548,42.96051488,0.004858369,131.000885,11.79868984,1067,971,0.005318516,82.66149657,165322,78.52842204,0.00029974,5730.520996,2.336038113,5.901669502,28.88499451,72.97384644,108,070801030407,16
933,F070801030407_511,2012.234155,17348.93482,4.285186768,741.3372803,73,1019.788757,14.48393154,168.8363647,4.199482918,1.199852347,8.127950191,0.000919183,139.5028687,12.42874718,213,194,0.001062608,17.50204515,35004,16.62694311,6.34643E-05,1761.125977,3.821326256,9.077968597,44.58650589,105.9200134,108,070801030407,24
934,F070801030407_52,15908.08385,139151.2758,34.37036514,5946.073242,74,8301.083008,116.1718369,1354.192383,33.6829567,9.623702049,101.5778174,0.011487351,142.333786,12.65271091,2704,2460,0.013474305,80.03532214,160071,76.03355526,0.000290217,14247.15625,2.417103052,5.791526794,78.20327759,187.3798523,108,070801030407,8
935,F070801030407_529,1628.236978,14100.29072,3.482771873,602.5195313,89,1010.491455,11.77176857,137.2212067,3.413116455,0.975176096,10.18895066,0.00115226,139.4963226,12.42823792,267,243,0.001330998,11.88524079,23771,11.29097903,4.30972E-05,1613.010986,2.479504347,6.637905121,53.36291122,142.8583832,108,070801030407,24
936,F070801030407_536,1190.676492,10512.34995,2.596550465,449.2032166,77,652.0291748,8.776340485,102.3040848,2.54461956,0.727034152,7.506492658,0.000848903,159.3312378,14.16370583,223,203,0.001111904,17.91523756,35831,17.01947558,6.49626E-05,1101.232422,2.212823629,5.424790382,26.39348221,64.70425415,108,070801030407,8
937,F070801030407_537,5195.36672,45105.38219,11.14102936,1927.398071,74,2687.661865,37.65668106,438.956543,10.91820908,3.119488239,32.28205189,0.00365075,159.3328552,14.16386414,962,876,0.004798167,29.91404304,59828,28.41834092,0.000108472,4615.060059,2.200226068,5.268333435,67.82232666,162.3972321,108,070801030407,16
938,F070801030407_55,6534.586811,56600.74009,13.98038292,2418.606201,65,2963.819824,47.25369263,550.8270874,13.70077515,3.914507151,44.52023314,0.005034756,159.3326569,14.16384506,1326,1206,0.006605696,116.3542934,232709,110.5365753,0.000421913,5382.425781,2.005477667,4.463039398,21.88059616,48.69361877,108,070801030407,8
939,F070801030407_551,2594.782734,22300.09638,5.508123875,952.9054565,50,897.8242188,18.61745834,217.0200806,5.397961617,1.542274714,12.30106694,0.001391117,130.9995117,11.79859352,305,277,0.001517229,32.90698409,65814,31.26163435,0.000119324,1850.729736,3.440091848,6.681334972,30.48162651,59.2013092,108,070801030407,16
940,F070801030407_552,1690.389522,14406.80361,3.558480501,615.6171265,40,464.0258484,12.02766418,140.2041321,3.487310886,0.996374547,9.545730591,0.001079519,130.9986572,11.79853249,237,216,0.00118311,34.04794598,68096,32.34554863,0.000123462,1079.642944,2.850079298,4.998346806,19.03251457,33.37841034,108,070801030407,16
941,F070801030407_557,2242.425338,19452.76055,4.804831982,831.2359619,48,753.3279419,16.24033165,189.310379,4.708735466,1.345353007,14.62090061,0.001653465,130.9985962,11.79852867,362,330,0.001807529,9.279867894,18560,8.815874822,3.36498E-05,1584.563965,2.518896818,4.801709175,94.28853607,179.7398376,108,070801030407,16
942,F070801030407_56,3000.255754,26127.92655,6.453598022,1116.472412,65,1367.517334,21.81316185,254.271759,6.324525833,1.807007432,14.62133368,0.001653514,130.9973602,11.79844189,363,330,0.001807529,54.3320864,108664,51.61548108,0.000197014,2483.989746,3.38324976,7.527241707,21.63057327,48.124897,108,070801030407,8
943,F070801030407_564,3342.833269,28476.05852,7.033586502,1216.810425,39,894.2502441,23.77352142,277.1233215,6.892914772,1.969404221,18.16631088,0.002054413,156.5004272,13.89093971,531,483,0.002645565,15.70340747,31407,14.91823714,5.69423E-05,2111.060547,2.519276142,4.370725632,81.56529236,141.5087128,108,070801030407,16
944,F070801030407_566,2728.905285,23099.33359,5.705535412,987.0576172,30,558.0013428,19.28470993,224.7980957,5.591424942,1.597549915,14.45820689,0.001635067,130.9977875,11.79847145,360,328,0.001796574,48.81135178,97622,46.37078381,0.000176995,1545.05896,3.009321928,4.71054554,21.28619576,33.319664,108,070801030407,16
945,F070801030407_573,2888.292275,24837.49927,6.134862423,1061.331177,39,779.9863892,20.73583412,241.7135773,6.01216507,1.717761517,15.1363306,0.001711755,151.3991089,13.42144966,427,389,0.002130693,55.92444611,111849,53.12822342,0.000202788,1841.317627,2.728357792,4.733464241,19.97678566,34.65799332,108,070801030407,16
946,F070801030407_583,1480.480276,12490.58747,3.085175037,533.7352905,23,231.3264313,10.42789173,121.5558929,3.023471594,0.863848984,8.065955162,0.000912172,130.9969025,11.79840946,200,182,0.000996879,6.522825241,13046,6.196683884,2.36525E-05,765.0617065,2.932611465,4.203635693,86.13240814,123.4630814,108,070801030407,16
947,F070801030407_589,3429.883277,29522.30425,7.292009354,1261.517578,63,1497.632813,24.64699173,287.3051758,7.146169186,2.04176259,19.45941798,0.002200649,159.3330383,14.16388226,580,528,0.002892046,43.26330313,86526,41.10013816,0.000156877,2759.150391,2.389237881,5.225663662,30.6937561,67.13238525,108,070801030407,16
948,F070801030407_597,6447.527069,56209.29985,13.88369751,2401.879639,28,1267.303833,46.92689896,547.0177002,13.60602379,3.887435198,39.50949383,0.004468096,159.3334656,14.16392422,1177,1071,0.005866252,144.8996229,289799,137.6546373,0.000525422,3669.183594,2.242651463,3.425941706,17.44859314,26.65499496,108,070801030407,16
949,F070801030407_6,1971.87268,16983.72266,4.194979668,725.7315063,83,1135.077759,14.17903137,165.282196,4.11108017,1.174594283,13.8991851,0.001571847,156.5009155,13.89098549,407,371,0.0020321,9.154859573,18310,8.697116408,3.31965E-05,1860.809326,1.956149578,5.015658379,83.44507599,213.9570465,108,070801030407,8
950,F070801030407_605,5343.176976,47012.24264,11.61202431,2008.880249,45,1703.483887,39.24864197,457.5137634,11.37978363,3.251366854,36.36149597,0.004112091,159.3330078,14.16387939,1083,986,0.005400677,157.4397888,314880,149.5677948,0.000570894,3712.364258,2.037403822,3.765075207,13.43123531,24.82061195,108,070801030407,16
951,F070801030407_609,5809.436459,51082.36795,12.61734486,2182.800781,55,2262.290039,42.64662552,497.1233826,12.36499786,3.532856464,39.03318715,0.004414231,131.0015717,11.79873848,969,882,0.004831031,83.68328142,167366,79.49911427,0.000303445,4445.09082,2.474830866,5.039785385,27.45691872,55.91371536,108,070801030407,16
952,F070801030407_611,7850.68902,68890.39169,17.01592636,2943.755371,52,2884.539795,57.51383209,670.4274902,16.67560768,4.76445961,53.76104976,0.006079792,131.0016479,11.7987442,1333,1213,0.006644037,160.3991366,320798,152.3791813,0.000581625,5828.294922,2.426838636,4.804859638,19.31861877,38.24863052,108,070801030407,16
953,F070801030407_612,8092.061929,69540.73696,17.17656136,2971.545166,38,2127.83252,58.05677795,676.7565308,16.8330307,4.809437275,41.97779042,0.004747233,148.0005493,13.1237402,1158,1054,0.005773137,32.60755515,65214,30.97717677,0.000118239,5099.37793,2.819302797,4.838119507,95.92691803,164.6172638,108,070801030407,16
954,F070801030407_616,3813.182527,32316.03283,7.982059956,1380.896362,36,936.7745361,26.97936249,314.4931641,7.82241869,2.234976768,15.33894337,0.001734668,147.999527,13.12365246,424,387,0.002119738,13.02990727,26060,12.37841222,4.72479E-05,2317.670898,3.568207741,5.988813877,111.5568237,187.2349091,108,070801030407,16
955,F070801030407_621,2781.551192,24120.03693,5.957649231,1030.67334,32,621.5019531,20.13685417,234.7313843,5.838496208,1.668141842,13.01139015,0.001471447,130.9998779,11.79861927,323,294,0.001610344,9.775767028,19552,9.286978841,3.5448E-05,1652.175293,3.505691528,5.619643688,110.9804764,177.9023438,108,070801030407,16
956,F070801030407_63,1291.501451,11282.95043,2.786888838,482.1317749,81,735.9058228,9.41968441,109.803421,2.731151104,0.78032887,9.327035904,0.001054787,151.3971252,13.42127228,263,239,0.001309089,13.94224453,27884,13.24513245,5.05561E-05,1218.037598,2.017287731,5.096391678,36.40067673,91.96115112,108,070801030407,16
957,F070801030407_636,2829.594178,24640.71868,6.086257458,1052.922485,47,932.536377,20.57155037,239.7985382,5.964532375,1.704152107,18.0467332,0.00204089,147.9971924,13.12345219,498,453,0.002481244,56.39477738,112789,53.57503975,0.000204494,1985.458862,2.324332237,4.382911205,19.65322876,37.05940247,108,070801030407,16
958,F070801030407_637,928.3689965,8226.086052,2.031843185,351.5088806,25,165.5952148,6.867630005,80.05461884,1.991206288,0.568916082,6.387158394,0.000722318,130.9915466,11.79803181,158,144,0.00078874,22.37634277,44753,21.2575264,8.11391E-05,517.104126,2.44103384,3.591000795,16.53573799,24.32569695,108,070801030407,16
959,F070801030407_648,4469.708854,39033.36358,9.641241074,1667.934692,38,1194.356812,32.58739471,379.8648987,9.44841671,2.699547529,26.44275953,0.00299039,139.4981537,12.42838001,691,629,0.003445259,118.3721073,236745,112.4535025,0.00042923,2862.291504,2.651724577,4.550542831,14.83221626,25.45311165,108,070801030407,16
960,F070801030407_650,5863.694788,50399.44799,12.44866371,2153.618896,35,1420.392456,42.07648468,490.477356,12.19969082,3.485625744,23.51447392,0.002659232,156.5007935,13.89097404,686,624,0.003417872,37.20890737,74417,35.34846187,0.000134924,3574.01123,3.451312304,5.727581978,60.92539215,101.1079712,108,070801030407,16
961,F070801030407_651,3878.890922,33369.79386,8.242339134,1425.924683,40,1074.801025,27.85910606,324.7481689,8.077492714,2.307854891,28.34341573,0.003205333,131.0008545,11.79868793,703,640,0.00350551,129.0441535,258089,122.5919465,0.000467928,2500.725586,2.228007317,3.90738368,11.63147068,20.3987751,108,070801030407,16
962,F070801030407_66,1757.625532,15282.7594,3.774841547,653.0476074,39,479.9333496,12.75896454,148.7287598,3.699344635,1.056955576,11.04928493,0.001249554,139.4971619,12.42830276,289,263,0.001440546,28.26301575,56526,26.84986496,0.000102485,1132.980957,2.48307085,4.30791235,24.32219315,42.1968956,108,070801030407,16
963,F070801030407_660,7055.878609,60816.96679,15.0217905,2598.769775,26,1273.24707,50.77365112,591.8585205,14.72135448,4.206101418,36.33439369,0.004109026,159.3332214,14.16390038,1081,984,0.005389722,97.94415078,195889,93.04694309,0.000355156,3872.016846,2.641026258,3.934976578,27.9296627,41.61358643,108,070801030407,16
964,F070801030407_661,2816.648317,23685.65779,5.850357533,1012.111877,36,686.5979614,19.77420807,230.5040894,5.733350277,1.638100147,14.02356355,0.001585913,159.3322601,14.16380596,418,382,0.002092351,53.61463864,107230,50.93390656,0.000194413,1698.709839,2.649507523,4.446884632,19.87108231,33.35125732,108,070801030407,16
965,F070801030407_662,2434.40594,21256.42964,5.250338078,908.3084717,47,804.4567871,17.74614334,206.863327,5.145331383,1.470094681,12.32701085,0.001394051,159.3310852,14.16369057,367,334,0.001829438,41.52763991,83055,39.45125735,0.000150584,1712.765259,2.719486475,5.128039837,23.02356148,43.41471863,108,070801030407,16
966,F070801030407_663,1437.861673,12097.45941,2.988072395,516.9365234,24,233.7867889,10.09968472,117.7300491,2.928310871,0.836660266,7.776535034,0.000879442,159.3360748,14.1641798,232,211,0.001155723,17.71210623,35424,16.82650089,6.4226E-05,750.7233276,2.449936152,3.55793047,30.72156906,44.61553574,108,070801030407,16
967,F070801030407_664,3304.526985,28375.26492,7.008690357,1212.503418,65,1485.141479,23.68937302,276.142395,6.868516445,1.962433338,18.38468218,0.002079108,130.9976654,11.79846287,455,415,0.002273104,7.146910131,14294,6.789564431,2.59155E-05,2697.64502,2.921694994,6.500349522,178.5833893,397.3222656,108,070801030407,16
968,F070801030407_665,9096.376222,79018.32954,19.51752663,3376.532227,41,2608.712646,65.96923828,768.9905396,19.12717628,5.464907646,56.92950101,0.00643811,151.3997345,13.42150593,1606,1462,0.0080079,177.7245517,355449,168.8383206,0.000644449,5985.245117,2.309529543,4.093874931,19.99861336,35.44956589,108,070801030407,16
969,F070801030407_681,8174.492352,71877.47675,17.7537365,3071.396484,52,3009.613525,60.00762939,699.4971924,17.39866257,4.971046448,49.29213202,0.005574406,158.2000885,14.05363655,1456,1325,0.007257501,32.9457038,65892,31.29841807,0.000119465,6081.009766,2.318035126,4.589441299,98.13264465,194.291275,108,070801030407,16
970,F070801030407_685,4189.20294,36495.56974,9.014405251,1559.492065,37,1087.317505,30.46868896,355.167572,8.834116936,2.524033546,24.3083626,0.002749012,159.3337402,14.16395092,724,659,0.00360958,88.75007558,177501,84.31257057,0.000321817,2646.80957,2.366452217,4.016403198,18.49655533,31.39282227,108,070801030407,16
971,F070801030407_7,6683.792516,57757.63186,14.26613522,2468.041504,61,2836.963623,48.21953583,562.0857544,13.98081207,3.994517803,41.1782444,0.004656813,131.0004272,11.79865742,1021,929,0.005088467,97.20613162,194414,92.34582492,0.00035248,5305.004883,2.65666461,5.710446358,26.72607613,57.447155,108,070801030407,8
972,F070801030407_72,1540.849196,13300.11317,3.285127878,568.3271484,72,771.0852661,11.10373211,129.4340363,3.219425201,0.919835806,11.92722589,0.00134884,139.4965363,12.42825413,312,284,0.00155557,32.62776313,65256,30.99637521,0.000118312,1339.412354,2.001152039,4.716240883,18.33527756,43.21190262,108,070801030407,8
973,F070801030407_73,2228.754026,19283.89826,4.763123035,824.0202637,64,993.7780151,16.0993557,187.6670532,4.667860508,1.333674431,13.75150681,0.001555146,139.4992523,12.42846584,359,327,0.001791097,54.66516495,109330,51.93190765,0.000198222,1817.79834,2.519939661,5.559016228,15.86732101,35.00349808,108,070801030407,8
974,F070801030407_75,4328.808931,37740.88841,9.32199955,1612.705933,68,2066.500977,31.508358,367.2867737,9.135559082,2.610159874,29.66030431,0.003354259,139.5002747,12.428545,775,705,0.003861538,83.7185936,167437,79.53266239,0.000303573,3679.207031,2.287526131,5.218733311,20.2772789,46.26032639,108,070801030407,8
975,F070801030407_79,5802.311244,50154.05234,12.38805103,2143.132813,52,2101.817627,41.87161255,488.0892029,12.14029026,3.468654394,31.02475308,0.003508563,131.0010986,11.7987051,769,700,0.003834152,138.9762931,277952,132.0274767,0.000503943,4244.950195,3.061618328,6.064214706,16.23247528,32.1520195,108,070801030407,16
976,F070801030407_86,2951.388206,25651.69554,6.335968971,1096.122681,83,1730.063232,21.41557503,249.6371765,6.209249496,1.774071336,19.4796067,0.002202932,151.4000397,13.42153263,550,501,0.002744157,40.68280116,81365,38.64866195,0.00014752,2826.186035,2.187869549,5.641089916,28.36120605,73.12506866,108,070801030407,16
977,F070801030407_88,10002.0563,87517.02592,21.61670494,3739.689941,79,5567.166016,73.06446075,851.6981812,21.18437004,6.052677155,68.73696054,0.007773406,131.0010986,11.7987051,1705,1551,0.008495385,176.133561,352268,167.3268855,0.00063868,9306.855469,2.411147594,6.000551701,22.34960556,55.62080002,108,070801030407,8
978,F070801030407_89,5975.405781,52009.16445,12.84626389,2222.403564,76,3182.790283,43.42037201,506.1427917,12.5893383,3.596953869,41.33084548,0.004674071,130.9996338,11.7986021,1025,933,0.005110376,120.3046398,240609,114.2894087,0.000436238,5405.193848,2.381997347,5.793348312,19.44540215,47.29391861,108,070801030407,8
979,F070801030407_90,2214.338904,19196.38492,4.741507053,820.2807007,87,1344.786255,16.02629471,186.8153839,4.646677017,1.327621937,12.80711627,0.001448346,142.3292999,12.65234947,341,310,0.001697981,16.7113778,33423,15.87580863,6.05973E-05,2165.066895,2.646066666,6.98408699,51.66859436,136.3752136,108,070801030407,16
980,F070801030408_1,5288.632816,46540.75549,11.49556637,1988.733032,84,3147.945801,38.8550148,452.9253235,11.26565552,3.218758583,39.4767203,0.004464389,139.498703,12.42842293,1031,938,0.005137763,96.91954089,193838,92.07356461,0.000351441,5136.678711,2.120184422,5.476203442,21.59939194,55.78885651,108,070801030408,8
981,F070801030408_10,5867.99026,51557.26496,12.73464489,2203.093506,62,2573.92627,43.04309845,501.7449951,12.47995186,3.565700531,40.53074683,0.004583588,148.002655,13.12392139,1119,1018,0.005575952,146.5657276,293133,139.2374419,0.000531463,4777.019531,2.164139032,4.69255352,15.82256508,34.30844116,108,070801030408,8
982,F070801030408_101,2360.123212,20540.87169,5.073595524,877.7320557,57,942.7754517,17.14875221,199.8996582,4.972123623,1.420606732,17.23308372,0.001948875,159.3346252,14.1640377,513,467,0.002557927,47.38226318,94765,45.01314926,0.000171813,1820.507568,1.879511952,3.898303032,19.49945831,40.44390488,108,070801030408,8
983,F070801030408_103,2316.618732,20456.30896,5.052708149,874.1185303,62,1021.253357,17.07815361,199.0767059,4.951653957,1.414758325,12.03622723,0.001361167,159.3345795,14.16403294,359,327,0.001791097,48.0339241,96068,45.6322298,0.000174176,1895.371826,2.673145294,5.796244144,19.15572739,41.53581619,108,070801030408,8
984,F070801030408_105,5182.551201,45023.58546,11.12082577,1923.902832,73,2646.533936,37.58839035,438.1605225,10.89840889,3.113831282,40.54408689,0.004585097,131.001236,11.79871464,1005,914,0.005006307,90.97121109,181942,86.42264952,0.000329872,4570.436523,2.104926586,5.000477791,22.26155853,52.8847084,108,070801030408,8
985,F070801030408_108,2431.7193,21182.7917,5.232149601,905.1618652,81,1381.60144,17.68466568,206.146698,5.127506733,1.465001941,20.94997363,0.002369215,139.5003662,12.42855263,548,499,0.002733202,23.86069869,47721,22.66766472,8.65215E-05,2286.763184,1.813951612,4.582691669,39.93185425,100.8821716,108,070801030409,16
986,F070801030408_11,4902.712896,42745.809,10.55821514,1826.571167,53,1824.248413,35.68676758,415.9936829,10.34705067,2.956300259,34.42509258,0.003893105,131.002243,11.79878616,854,776,0.004250431,102.3509262,204703,97.23338044,0.000371136,3650.81958,2.353828907,4.70466423,18.78543282,37.546978,108,070801030408,8
987,F070801030408_112,3734.102853,33092.43209,8.173830986,1414.072754,84,2238.321533,27.62754822,322.0489502,8.010354042,2.288672686,17.47324753,0.001976035,130.99823,11.79850292,433,394,0.00215808,22.94567871,45891,21.79839516,8.32035E-05,3652.394287,3.589017153,9.270036697,64.87049866,167.55336,108,070801030408,16
988,F070801030408_117,11582.24611,102228.0992,25.25034142,4368.309082,77,6338.340332,85.34615326,994.8634644,24.74533463,7.070095539,73.07431185,0.008263913,151.400528,13.4215765,2061,1877,0.010281004,151.0745747,302151,143.5208471,0.000547813,10706.64941,2.327282429,5.704128742,30.43675613,74.59996033,108,070801030408,8
989,F070801030408_119,2524.493861,21506.40733,5.312082767,918.9902954,73,1264.169434,17.95483971,209.2960663,5.205841064,1.487383127,14.62917965,0.001654402,148.0009308,13.12377262,404,368,0.002015668,25.40108676,50801,24.13103248,9.21071E-05,2183.159668,2.497256279,5.932498932,38.08333969,90.47104645,108,070801030408,16
990,F070801030408_122,10650.99028,92372.47698,22.81600189,3947.168213,81,6024.793457,77.11808777,898.9505005,22.35968208,6.388480663,80.54270577,0.009108507,148.0003815,13.12372589,2222,2022,0.011075221,183.355034,366709,174.1872819,0.000664865,9971.961914,1.952110887,4.931731701,22.66048431,57.24850845,108,070801030408,8
991,F070801030408_123,2380.50031,21269.08115,5.253463268,908.8491211,76,1301.598022,17.75670624,206.9864502,5.148394108,1.470969677,13.34323978,0.001508976,131.0086823,11.79924011,331,301,0.001648685,,,,,2210.447266,3.019432306,7.343678474,,,108,070801030408,8
992,F070801030408_125,4548.452082,39751.43702,9.818604469,1698.61853,83,2656.718018,33.18688202,386.8530273,9.622232437,2.749209166,37.20791514,0.004207812,148.0015564,13.12382698,1027,935,0.005121331,60.91007957,121820,57.86457536,0.000220867,4355.336426,1.816704273,4.658113956,29.35506821,75.2677536,108,070801030408,8
993,F070801030408_126,7915.194626,69220.86462,17.09755325,2957.876709,63,3511.545166,57.78973007,673.6436157,16.75560188,4.787314892,45.71613326,0.005169999,151.3995361,13.42148781,1291,1176,0.006441375,93.79870513,187596,89.10876948,0.000340124,6469.421875,2.51520133,5.501209259,33.19400406,72.60140228,108,070801030408,8
994,F070801030408_127,2240.589742,19434.62138,4.80035162,830.4608154,75,1173.685913,16.22518921,189.1338501,4.704344749,1.344098449,17.30591333,0.001957111,158.1991577,14.05354691,512,466,0.00255245,33.88600849,67773,32.19170737,0.000122874,2004.146729,1.782104731,4.300744057,25.79735184,62.25661469,108,070801030408,8
995,F070801030408_128,2095.588146,17847.44553,4.408318996,762.6391602,85,1221.545166,14.90011787,173.6877747,4.32015276,1.234329343,18.88035202,0.002135163,151.399765,13.42150879,533,485,0.002656519,39.71680212,79433,37.73096275,0.000144017,1984.184326,1.57245183,4.091101646,20.21255493,52.58769226,108,070801030408,8
996,F070801030408_13,9113.902348,79325.33757,19.59335899,3389.651123,54,3449.214844,66.22555542,771.9783325,19.20149231,5.486140728,63.62125492,0.007194875,130.9992065,11.79857159,1578,1436,0.007865488,209.8482666,419696,199.355854,0.000760933,6838.866211,2.360481262,4.762441635,17.00301743,34.3048172,108,070801030408,8
997,F070801030408_131,6834.572179,59081.61473,14.59315872,2524.616455,49,2331.111328,49.32487488,574.970459,14.30129528,4.086084366,34.54720545,0.003906915,142.3327179,12.65262413,918,836,0.004579073,158.7291965,317459,150.7927384,0.000575569,4855.727539,3.019876242,5.808286667,16.74229431,32.20133591,108,070801030408,8
998,F070801030408_134,5100.479554,44278.77834,10.93685818,1892.076416,58,2067.941162,36.96657944,430.9122009,10.71812057,3.062320232,29.15913122,0.003297582,148.0009766,13.12377739,804,732,0.004009427,18.97735499,37955,18.02848754,6.8814E-05,3960.017578,2.58480382,5.409860134,104.9492569,219.6533508,108,070801030408,8
999,F070801030408_136,1066.807504,8996.626983,2.222166777,384.434845,62,449.1444092,7.510923862,87.55336761,2.177723408,0.622206688,5.95111537,0.000673007,148.0042419,13.12405777,164,149,0.000816127,3.47142899,6942,3.297857523,1.25878E-05,833.5792236,2.580099583,5.594491482,116.5710907,252.7638702,108,070801030408,8
1000,F070801030408_140,7081.723557,60310.63972,14.89672756,2577.133789,61,2962.363281,50.3509407,586.9310913,14.59879303,4.171083927,42.07939184,0.004758723,130.999176,11.79856968,1044,950,0.005203492,142.7010885,285402,135.5660324,0.00051745,5539.49707,2.712772369,5.831049442,19.0101738,40.86198425,108,070801030408,8
1001,F070801030408_144,2724.059729,24386.9105,6.023566723,1042.077026,66,1296.030762,20.35965538,237.3285217,5.903095245,1.686598659,18.86294746,0.002133195,139.5018463,12.42866802,493,449,0.002459334,63.62493515,127250,60.44368744,0.000230711,2338.10791,2.320884228,5.20736742,17.24046135,38.68241501,108,070801030408,8
1002,F070801030408_160,5746.078335,48862.22113,12.06896877,2087.931641,58,2282.000732,40.79311371,475.5173645,11.82758904,3.379311323,37.53609084,0.004244925,130.9998474,11.79861641,931,847,0.004639324,22.60671104,45213,21.47637557,8.19744E-05,4369.932617,2.465090513,5.159306526,97.21992493,203.4762573,108,070801030408,8
1003,F070801030408_162,7804.244059,67686.08337,16.71846199,2892.293945,59,3215.628906,56.50839996,658.7073975,16.38409233,4.68116951,52.80274585,0.005971419,142.3328857,12.65263844,1405,1279,0.007005543,35.32187641,70644,33.55578286,0.000128081,6107.922852,2.261371374,4.775545597,86.19360352,182.0229645,108,070801030408,8
1004,F070801030408_163,8816.216596,76796.99617,18.96885872,3281.612549,65,4019.501221,64.11474609,747.3730469,18.58948135,5.311280251,58.31336623,0.00659461,131.000412,11.79865646,1447,1316,0.007208205,33.04487506,66091,31.39263111,0.000119824,7301.11377,2.493626595,5.547958851,104.5344849,232.5741272,108,070801030408,8
1005,F070801030408_170,1136.832358,9609.837363,2.373629808,410.63797,71,549.4003296,8.02286911,93.52101135,2.326157093,0.664616346,7.940599918,0.000897996,124.2511597,11.34090328,189,172,0.000942106,18.9820137,37964,18.03291321,6.88309E-05,960.0383301,2.387429953,5.581618309,22.77158165,53.23811722,108,070801030408,16
1006,F070801030408_173,6675.246345,58150.54281,14.36318398,2484.830811,82,3839.566406,48.54756165,565.9094238,14.0759201,4.021691322,42.10617463,0.004761752,130.9999847,11.7986269,1044,951,0.005208969,69.50956465,139019,66.0340865,0.000252049,6324.397461,2.612860918,6.650260448,37.6295166,95.77474213,108,070801030408,16
1007,F070801030408_175,4631.038157,40240.37526,9.939373016,1719.511475,70,2268.165039,33.59508133,391.6112976,9.740585327,2.783024549,33.48598766,0.003786902,139.5012817,12.4286232,876,797,0.004365456,51.76623058,103532,49.17791891,0.00018771,3987.676514,2.157480001,5.003358364,34.96511078,81.08673096,108,070801030408,8
1008,F070801030408_176,3035.320914,26439.78543,6.530626774,1129.798462,78,1660.60791,22.07351875,257.3067017,6.4000144,1.828575492,18.42122662,0.002083241,139.4983673,12.42839718,481,438,0.002399083,42.43309409,84867,40.31144083,0.000153867,2790.40625,2.579448462,6.370790482,28.02674484,69.22119904,108,070801030408,8
1009,F070801030408_181,12649.84879,111464.9374,27.53183937,4763.008301,60,5385.227539,93.05761719,1084.754517,26.98120308,7.708915234,90.51771158,0.010236573,148.0001221,13.12370396,2498,2274,0.012455516,204.9386025,409878,194.6916795,0.00074313,10148.23633,2.09455061,4.462724686,24.46436501,52.12465286,108,070801030408,8
1010,F070801030408_182,2898.315503,25188.0229,6.221441746,1076.309448,79,1602.270142,21.0284729,245.1248016,6.097012997,1.742003679,22.71343273,0.002568643,148.0020905,13.12387276,628,572,0.00313305,44.5584954,89117,42.33056951,0.000161574,2678.57959,1.881659865,4.682831287,25.42629242,63.27766418,108,070801030408,8
1011,F070801030408_185,3325.223416,28827.70147,7.12044239,1231.836548,73,1694.522827,24.0670948,280.5454407,6.978033543,1.993723869,22.0774256,0.002496718,131.0011444,11.79870796,548,500,0.00273868,13.77101088,27541,13.08246034,4.99352E-05,2926.359375,2.463673115,5.85271883,94.15939331,223.6856995,108,070801030408,8
1012,F070801030408_187,1423.831216,11966.91148,2.955827236,511.3581238,79,761.2438354,9.990695953,116.4595947,2.896710634,0.827631652,9.223765463,0.001043108,131.0032349,11.79885578,228,208,0.001139291,2.97811842,5956,2.82921252,1.0799E-05,1272.601929,2.458452463,6.118278503,180.7422028,449.8078308,108,070801030408,8
1013,F070801030408_188,3908.173075,33106.56674,8.177322388,1414.676758,79,2105.987305,27.63934898,322.1864929,8.013775826,2.289650202,31.32636943,0.003542673,130.9991913,11.79857063,777,708,0.003877971,54.96151827,109923,52.21344152,0.000199296,3520.664063,1.998131037,4.972689152,27.09411049,67.42830658,108,070801030408,8
1014,F070801030408_189,13111.07557,114063.4498,28.17367172,4874.04541,69,6337.385742,95.22701263,1110.042725,27.61019897,7.888628006,107.3276668,0.012137596,142.3336487,12.65269947,2855,2600,0.014241135,46.77215821,93543,44.43355047,0.000169601,11211.43164,1.874632835,4.312088966,109.6929092,252.3190613,108,070801030408,8
1015,F070801030408_195,1931.693546,16611.61268,4.103068352,709.8308105,61,815.9361572,13.86837101,161.6608887,4.021007061,1.148859143,11.41662182,0.001291096,130.9947815,11.79825974,283,258,0.001413159,7.470609717,14941,7.097079223,2.70892E-05,1525.766968,2.751282215,5.913825512,100.0173187,214.985199,108,070801030408,8
1016,F070801030408_197,8156.985879,70382.17728,17.38439751,3007.500732,78,4420.504395,58.75926208,684.9452515,17.03670883,4.867631435,75.63450327,0.008553443,139.4992218,12.42846298,1977,1799,0.00985377,119.222422,238445,113.261306,0.000432314,7428.004883,1.671762466,4.12896347,26.55364609,65.582901,108,070801030408,8
1017,F070801030408_199,3233.942643,28519.04615,7.044204235,1218.647339,65,1492.66687,23.8094101,277.5416565,6.903320313,1.972377181,21.69741347,0.002453742,131.0010986,11.7987051,538,490,0.002683906,12.33708017,24673,11.72022636,4.47356E-05,2711.314209,2.487035275,5.533294201,103.9781418,231.3363342,108,070801030408,8
1018,F070801030408_202,4107.546637,34411.29351,8.49958992,1470.429077,64,1773.354492,28.72861481,334.8838501,8.329598427,2.379885197,24.20708048,0.002737559,131.0020599,11.79877281,600,546,0.002990638,112.945168,225891,107.2979126,0.000409552,3243.783691,2.693093538,5.940995693,13.70417213,30.23156357,108,070801030408,8
1019,F070801030408_204,4338.301367,37043.61202,9.149772644,1582.910645,64,1909.008423,30.92623138,360.5010376,8.966776848,2.561936378,21.06500005,0.002382223,130.9996948,11.79860592,523,475,0.002601746,56.11259714,112225,53.30696552,0.00020347,3491.918945,3.332443476,7.351408482,29.69425583,65.505867,108,070801030408,8
1020,F070801030408_208,2204.735892,19109.14757,4.719959259,816.5529785,72,1107.868896,15.9534626,185.9664001,4.625560284,1.321588635,12.04581797,0.001362252,131.0009918,11.79869747,298,272,0.001489842,28.14753604,56295,26.74015927,0.000102066,1924.421875,3.002032995,7.075080395,30.53657913,71.96748352,108,070801030408,8
1021,F070801030408_219,2042.044794,17614.67126,4.350823879,752.6925049,51,723.4330444,14.7057848,171.4224548,4.263807297,1.218230724,8.40443217,0.00095045,158.2000427,14.05363274,248,225,0.001232406,4.225672931,8452,4.014389371,1.53228E-05,1476.125488,3.345299959,6.560557842,187.4986267,367.7085876,108,070801030408,8
1022,F070801030408_22,3366.926301,28946.164,7.149702549,1236.89856,75,1748.102173,24.16599464,281.6982727,7.006708622,2.001916647,15.28427757,0.001728486,131.0018311,11.7987566,379,346,0.001895166,25.35323813,50706,24.08557566,9.19336E-05,2985.000732,3.574851274,8.627169609,51.35432816,123.9331284,108,070801030408,8
1023,F070801030408_220,8029.072981,70263.89554,17.35518265,3002.446533,78,4413.229492,58.66051865,683.7941895,17.00807953,4.859451294,49.36991202,0.005583202,131.0019989,11.798769,1223,1113,0.006096301,28.85737065,57715,27.41450202,0.00010464,7415.675781,2.697615862,6.662781239,109.5203781,270.5019226,108,070801030408,8
1024,F070801030408_221,6982.829204,61221.88302,15.12180519,2616.072266,82,4042.50293,51.11170197,595.7991333,14.81936932,4.234105587,45.9096095,0.005191879,130.9998627,11.79861832,1140,1038,0.005685499,87.80233409,175605,83.41221763,0.000318381,6658.575195,2.520300865,6.414812565,31.36317825,79.82733917,108,070801030408,8
1025,F070801030408_23,1460.250194,12562.7692,3.103003979,536.8197021,89,900.3056641,10.48815346,122.2583542,3.040943861,0.868841112,8.447399245,0.000955309,130.9978485,11.79847622,209,190,0.001040698,12.70766089,25416,12.07227746,4.60794E-05,1437.125366,2.825366735,7.563817501,44.46714401,119.0434341,108,070801030408,8
1026,F070801030408_25,1982.533212,16812.72433,4.152742863,718.4244995,77,1042.421631,14.0362711,163.6180725,4.069687843,1.162768006,15.22419093,0.001721691,131.0046387,11.79895496,377,343,0.001878734,25.93537802,51870,24.6386093,9.40445E-05,1760.846191,2.094532013,5.133662224,29.15848351,71.46694946,108,070801030408,8
1027,F070801030408_26,2615.444193,23126.94476,5.712355137,988.2374268,78,1452.53772,19.30776024,225.0667877,5.598107815,1.59945941,19.49779689,0.00220499,130.9972687,11.79843521,483,439,0.002404561,28.95539379,57910,27.50762475,0.000104995,2440.775146,2.251110315,5.559852123,35.92594528,88.73085785,108,070801030408,8
1028,F070801030408_32,2044.84735,17908.84025,4.423483372,765.2626343,71,1023.859436,14.95137405,174.2852478,4.335013866,1.238575339,11.87910827,0.001343398,139.5019989,12.42867947,309,282,0.001544615,24.36518562,48730,23.14692608,8.83508E-05,1789.12207,2.713697195,6.344404697,33.06109238,77.29415131,108,070801030408,8
1029,F070801030408_35,2095.015799,18367.82693,4.536853313,784.8756104,54,798.6676636,15.33456421,178.7520142,4.446116447,1.270318985,13.89680515,0.001571578,131.0025482,11.79880714,345,314,0.001719891,7.256000771,14513,6.893200816,2.63111E-05,1583.543213,2.499603748,5.043131351,113.8622894,229.7253876,108,070801030408,8
1030,F070801030408_37,2516.295192,21961.4086,5.42446804,938.4329834,73,1292.354248,18.33470154,213.7240448,5.315978527,1.518851042,13.84570503,0.001565799,159.3349915,14.16407394,413,376,0.002059487,9.977596041,19956,9.478716001,3.61799E-05,2230.787109,2.495832443,5.932944298,99.00422668,235.3469696,108,070801030408,8
1031,F070801030408_5,2995.562957,26602.27228,6.570761204,1136.741699,76,1627.971802,22.2091732,258.8880005,6.439345837,1.839813113,25.59029,0.002893985,131.0002594,11.79864597,635,579,0.003171391,68.10113984,136202,64.69608104,0.000246942,2764.713379,1.963284492,4.774980068,17.57048798,42.73386002,108,070801030408,8
1032,F070801030408_51,9627.973387,83689.22627,20.67123795,3576.124268,51,3436.800049,69.86878204,814.4467773,20.2578125,5.787946701,69.93736959,0.007909159,131.0002899,11.79864788,1735,1579,0.008648751,41.46394145,82928,39.39074588,0.000150353,7012.924316,2.264803171,4.441370487,90.7858963,178.0348206,108,070801030408,8
1033,F070801030408_55,2217.202134,18960.09929,4.683144569,810.184021,54,824.4207764,15.82902908,184.5158997,4.589481831,1.311280489,9.962805152,0.001126685,142.3376617,12.65302181,265,241,0.001320044,8.047235548,16094,7.644873857,2.91802E-05,1634.604736,3.361759424,6.782592297,105.9774246,213.8170929,108,070801030408,8
1034,F070801030408_86,7273.891433,63091.38768,15.58357239,2695.958008,64,3251.356689,52.67247391,613.9927368,15.27190113,4.363400459,39.47764233,0.004464494,158.20047,14.05367374,1167,1063,0.005822433,60.09395424,120189,57.08925623,0.000217907,5947.314453,2.536178827,5.594839573,47.22356033,104.1757202,108,070801030408,8
1035,F070801030408_87,7824.583834,67875.91663,16.76535225,2900.406006,69,3771.197998,56.66688919,660.5548706,16.43004608,4.694298744,58.68182169,0.006636278,151.3994293,13.42147827,1656,1508,0.008259858,25.41191278,50824,24.14131675,9.21464E-05,6671.604004,1.923346162,4.424140453,120.1428223,276.3562622,108,070801030408,8
1036,F070801030408_89,1802.507998,15166.57871,3.74614501,648.0830688,55,671.6837769,12.66197014,147.598114,3.67122221,1.048920631,7.352809303,0.000831523,147.9989319,13.12360096,203,185,0.001013312,5.685289424,11371,5.401024751,2.06155E-05,1319.766846,3.503151655,7.133874893,119.9926147,244.3549042,108,070801030408,8
1037,F070801030408_91,3838.581935,33174.36211,8.194067001,1417.573608,61,1629.472168,27.69594574,322.8462524,8.030185699,2.294338703,22.72313404,0.00256974,131,11.79862785,564,513,0.002809885,7.950886786,15901,7.55334264,2.88308E-05,3047.045898,2.763301373,5.939660549,187.6750031,403.4036255,108,070801030408,16
1038,F070801030408_98,11680.84121,102046.9394,25.20559311,4360.567383,65,5341.06543,85.19490814,993.1003418,24.70148087,7.057566166,74.99746799,0.008481401,139.5002289,12.42854214,1960,1783,0.009766132,233.7112103,467422,222.0256557,0.000847462,9701.632813,2.44563508,5.441184998,19.639925,43.69599915,108,070801030408,8
1039,F070801030409_15,1904.300852,16363.82247,4.041863918,699.2424316,68,896.0004883,13.66149998,159.2494354,3.961026669,1.131721854,9.331498072,0.001055291,130.9977112,11.79846573,231,210,0.001150246,42.82957256,85660,40.68809378,0.000155305,1595.24292,3.329725981,7.596395016,17.18543053,39.20662689,108,070801030409,16
1040,F070801030409_165,3932.230694,33474.25051,8.268139839,1430.388184,41,1105.119629,27.94631195,325.7647095,8.102777481,2.315079212,23.42813003,0.002649468,159.3334503,14.16392231,698,634,0.003472646,41.06814575,82136,39.01473904,0.000148918,2535.507813,2.256132841,3.999223709,36.6627655,64.98845673,108,070801030409,16
1041,F070801030409_166,1354.358947,11595.26795,2.864031076,495.4773865,28,261.428772,9.68042469,112.8428268,2.806750536,0.801928699,7.765929572,0.000878243,159.3309937,14.16368198,231,210,0.001150246,33.95777126,67916,32.25988367,0.000123135,756.9061279,2.359416008,3.604314804,15.3589325,23.46276665,108,070801030409,16
1042,F070801030409_167,2153.9429,18643.24102,4.604880333,796.6442871,33,495.3930359,15.56449509,181.4322815,4.512782574,1.289366484,11.08644952,0.001253757,159.3343811,14.16401386,330,301,0.001648685,41.89827288,83796,39.80335945,0.000151928,1292.037354,2.646658659,4.292482853,20.01449966,32.46051025,108,070801030409,16
1043,F070801030409_169,2593.36349,22136.47293,5.467708588,945.9135742,44,784.288147,18.48085594,215.4277191,5.358354568,1.530958414,13.76000022,0.001556107,159.3344574,14.16402149,410,374,0.002048532,65.118873,130238,61.8629275,0.000236128,1730.20166,2.529180765,4.626207829,15.29047585,27.96831131,108,070801030409,16
1044,F070801030409_173,3010.117812,25660.98184,6.338262558,1096.519409,31,640.5447998,21.4233284,249.7275391,6.211497307,1.774713516,18.22881517,0.002061482,130.9981689,11.79849815,452,411,0.002251195,14.74192526,29483,14.00482863,5.34558E-05,1737.064209,2.667930365,4.226433754,78.29580688,124.0332336,108,070801030409,16
1045,F070801030409_18,2743.9958,23775.34194,5.87250948,1015.944153,68,1301.817871,19.84908295,231.3768768,5.755059242,1.644302607,22.14632893,0.00250451,131.0033875,11.79886627,549,499,0.002733202,7.271316886,14542,6.907751083,2.63666E-05,2317.761963,2.035960197,4.644813538,147.0730743,335.5306091,108,070801030409,16
1046,F070801030409_180,2344.859176,20485.52764,5.059925556,875.3671265,43,709.300293,17.1025486,199.3610687,4.958726883,1.41677916,11.73917648,0.001327574,131.0061951,11.79906464,291,265,0.0014515,6.172267735,12344,5.863654569,2.23813E-05,1584.66748,3.303272247,5.979877472,149.2869568,270.252533,108,070801030409,16
1047,F070801030409_184,1544.2944,13067.81069,3.227749348,558.4006348,31,326.1963501,10.9097929,127.1733246,3.163194418,0.903769791,6.264814854,0.000708483,139.50177,12.42866135,164,149,0.000816127,10.08842659,20177,9.584005356,3.65817E-05,884.5969849,3.747655153,5.936892509,58.26380539,92.29930115,108,070801030409,16
1048,F070801030409_190,4882.305111,42078.93588,10.39349747,1798.075073,25,847.0700684,35.13002014,409.5038147,10.18562794,2.910179377,23.62124842,0.002671307,131.0007019,11.79867744,586,533,0.002919433,17.16250408,34325,16.30437875,6.22331E-05,2645.14502,3.373499155,4.962748528,110.2817307,162.23526,108,070801030409,16
1049,F070801030409_191,6083.719709,51444.32958,12.70674896,2198.267578,37,1532.688232,42.94881058,500.6459045,12.45261383,3.5578897,32.54454613,0.003680436,130.9994049,11.79858589,807,734,0.004020382,126.4749302,252950,120.1511847,0.000458612,3730.955811,2.994915009,5.083045959,18.29584694,31.05217743,108,070801030409,16
1050,F070801030409_24,2898.762899,25454.65118,6.287298679,1087.702637,60,1229.795654,21.25107002,247.719574,6.161552906,1.760443687,15.65574394,0.001770495,130.9983521,11.79851151,388,354,0.001938985,8.85985937,17719,8.416866638,3.21268E-05,2317.498291,3.072606325,6.54660511,129.2289276,275.3397827,108,070801030409,16
1051,F070801030409_26,1029.97879,8628.971242,2.131356001,368.7245789,69,479.4271545,7.203983307,83.97542572,2.088728905,0.596779704,4.932706833,0.000557836,131.0068512,11.79911041,122,111,0.000607987,1.828272104,3657,1.736858487,6.62951E-06,848.1517334,3.321843147,7.64100647,212.2939606,488.3251648,108,070801030409,16
1052,F070801030409_27,1934.932027,16640.89993,4.110302448,711.0823364,49,656.5797119,13.89282227,161.9459229,4.028096199,1.150884628,7.917647839,0.0008954,131.0040131,11.79891014,196,178,0.00097497,6.393569469,12787,6.073891163,2.31838E-05,1367.662109,3.994844675,7.683495045,117.0719604,225.1706696,108,070801030409,16
1053,F070801030409_29,2226.506978,18782.57759,4.639296532,802.5983276,65,983.0669556,15.68082237,182.7882843,4.546510696,1.299003005,15.81983095,0.001789051,142.3318176,12.6525526,421,383,0.002097829,11.21831362,22436,10.65739799,4.06788E-05,1785.665283,2.095556974,4.662311554,75.30902863,167.551712,108,070801030409,16
1054,F070801030409_317,3811.391542,33273.9885,8.218675613,1421.830933,40,1071.715332,27.77912331,323.8158264,8.054302216,2.301229239,26.89144802,0.003041131,131.0013275,11.79872131,667,607,0.003324757,84.33753395,168675,80.12065697,0.000305817,2493.546387,2.342390299,4.107984066,17.74612236,31.12239075,108,070801030409,16
1055,F070801030409_326,2843.935954,24182.17432,5.972997189,1033.328491,54,1051.486328,20.18873024,235.3360901,5.853537083,1.672439218,14.34718425,0.001622511,148.0003662,13.12372494,397,362,0.001982804,29.53883094,59076,28.06188947,0.000107111,2084.814941,2.854498625,5.759157181,36.82319641,74.29346466,108,070801030409,16
1056,F070801030409_354,2354.156941,20473.50809,5.056956291,874.8534546,42,692.3984375,17.09251213,199.2440796,4.955817223,1.415947795,13.34440808,0.001509108,131.0002441,11.79864502,331,302,0.001654163,51.79500765,103590,49.20525879,0.000187814,1567.251953,2.896865845,5.189576149,17.77967453,31.85131073,108,070801030409,16
1057,F070801030409_355,831.3913676,7076.923046,1.748000026,302.4039917,55,313.4163818,5.908240318,68.87120056,1.713039994,0.489439994,6.388090611,0.000722424,142.3264008,12.65211678,170,155,0.000848991,8.747046471,17494,8.30969429,3.17177E-05,615.8203735,1.950993538,3.97303462,36.39171219,74.10866547,108,070801030409,16
1058,F070801030409_390,4451.325247,38227.87562,9.442285538,1633.515381,37,1138.928467,31.91492462,372.026062,9.253439903,2.643839836,30.68457317,0.003470093,130.9979401,11.79848194,762,693,0.00379581,111.1573372,222314,105.599472,0.000403069,2772.443848,2.357165098,4.000640392,15.46897316,26.2543335,108,070801030409,16
1059,F070801030409_391,3682.202662,31566.38081,7.796895981,1348.863037,40,1016.715271,26.353508,307.1976929,7.640957832,2.18313098,23.41775968,0.002648295,130.9988403,11.79854584,581,530,0.002903001,15.61287084,31225,14.83222761,5.6614E-05,2365.578369,2.545024633,4.463355541,90.9413681,159.4890747,108,070801030409,16
1060,F070801030409_42,3281.811453,28693.24096,7.087230682,1226.090942,90,2079.393555,23.95483971,279.2368774,6.945486069,1.984424591,11.42084694,0.001291574,151.398819,13.42142391,323,294,0.001610344,15.14923525,30299,14.3917737,5.49328E-05,3305.484375,4.170377254,11.24314404,85.19387054,229.6787415,108,070801030409,16
1061,F070801030409_5,1825.813705,16078.35606,3.971354008,687.0442505,67,867.4231567,13.42317677,156.471344,3.891927004,1.111979127,12.42186853,0.001404779,131.0028687,11.79883003,308,280,0.001533661,7.922200638,15844,7.526090567,2.87268E-05,1554.467407,2.453729391,5.551669121,91.28833008,206.543808,108,070801030409,16
1062,F070801030409_500,2619.959528,22383.54845,5.528736591,956.4714355,36,648.8525391,18.68712997,217.8322144,5.418161869,1.548046231,11.47259951,0.001297427,131.0035553,11.79887867,284,258,0.001413159,44.95423889,89908,42.70652676,0.000163009,1605.323975,3.707253695,6.222186089,22.39637566,37.58966446,108,070801030409,16
1063,F070801030409_56,5253.854338,45153.0242,11.15279675,1929.433838,64,2326.919678,37.69645309,439.4201965,10.92974091,3.122783184,37.07383316,0.004192649,131.0000153,11.79862881,920,837,0.00458455,20.1525093,40304,19.14488385,7.30752E-05,4256.353516,2.305177927,5.085248947,100.7806473,222.323288,108,070801030409,16
1064,F070801030409_57,3733.586299,31776.59017,7.848817825,1357.845459,55,1407.336426,26.52900505,309.2434082,7.691841602,2.197669029,18.87909898,0.002135022,130.9985504,11.79852581,469,427,0.002338833,87.16484549,174329,82.80660294,0.000316069,2765.181885,3.179965973,6.4758358,16.39779282,33.39325333,108,070801030409,16
1065,F070801030409_79,2317.699201,20141.25111,4.974888802,860.6557617,67,1086.615234,16.81512451,196.0106201,4.875391006,1.392968893,16.09037563,0.001819647,151.4004364,13.42156887,454,413,0.002262149,60.52601039,121052,57.4997108,0.000219474,1947.270996,2.083912373,4.714941978,14.96800137,33.86575317,108,070801030409,16
1066,F070801030601_102,3833.450885,33474.98573,8.268321037,1430.419556,52,1401.645752,27.94692421,325.7718506,8.102954865,2.315129995,29.93554044,0.003385385,131.0010681,11.79870319,743,677,0.003708172,92.22135949,184443,87.61029243,0.000334405,2832.06543,2.112879753,4.18325758,16.32707214,32.32571411,104,070801030601,32
1067,F070801030601_104,7622.632805,67043.29325,16.55969429,2864.827148,82,4426.736816,55.97176743,652.4519653,16.22850037,4.636714458,49.78050661,0.005629636,130.9991913,11.79857063,1235,1125,0.006162029,9.399722815,18800,8.929736465,3.40844E-05,7291.563965,2.546513081,6.481389999,320.8187866,816.548645,104,070801030601,32
1068,F070801030601_117,2390.936315,20547.45828,5.075222015,878.0134277,59,976.1682129,17.1542511,199.9637451,4.97371769,1.421062112,13.91085407,0.001573167,130.9988251,11.79854488,344,313,0.001714414,22.91069394,45822,21.76515973,8.30767E-05,1854.181641,2.8051548,5.923902988,40.34031677,85.19035339,104,070801030601,32
1069,F070801030601_118,2248.700088,19511.86945,4.819431782,833.7617188,36,565.6085205,16.28967857,189.8856049,4.723042965,1.349440932,18.29315703,0.002068758,131.00383,11.79889774,453,413,0.002262149,13.6054213,27210,12.92515044,4.93347E-05,1399.370239,2.018793583,3.388305664,64.50692749,108.2672272,104,070801030601,32
1070,F070801030601_128,5972.069761,51981.5273,12.83943748,2221.222656,30,1255.697021,43.39729691,505.8738403,12.58264828,3.595042467,33.30683386,0.003766642,139.500412,12.42855549,871,793,0.004343546,146.1474948,292296,138.8401189,0.000529947,3476.919678,2.801037312,4.384514332,15.99842072,25.04261589,104,070801030601,32
1071,F070801030601_134,3050.385004,27103.47356,6.694558144,1158.158569,56,1222.158569,22.62760735,263.7655945,6.560667038,1.874476314,28.4817462,0.003220977,131.0016022,11.79874039,706,642,0.003516465,14.75898957,29518,14.02104044,5.35177E-05,2380.317139,1.803985357,3.707659006,82.60147095,169.7675171,105,070801030601,32
1072,F070801030601_140,1395.101835,11970.34663,2.956675529,511.5048523,26,250.6078339,9.993563652,116.4930191,2.897542,0.827869177,8.615428127,0.000974312,142.3250275,12.65200615,229,209,0.001144768,37.21467716,74429,35.35394388,0.000134944,762.1126709,2.447391748,3.646472216,14.46811295,21.55665207,105,070801030601,32
1073,F070801030601_147,3907.91079,33891.88233,8.371294975,1448.234009,62,1692.006104,28.29497719,329.82901,8.203868866,2.343962669,27.90411639,0.003155653,147.9981995,13.12353802,770,700,0.003834152,12.4564453,24912,11.83362313,4.51684E-05,3140.240234,2.06890583,4.486057281,122.3829727,265.3659058,104,070801030601,32
1074,F070801030601_185,6723.540196,58082.18891,14.34630108,2481.910156,31,1449.837158,48.49049759,565.2442627,14.05937481,4.016964436,40.46636602,0.004576308,130.9993286,11.79858017,1004,914,0.005006307,29.30526135,58610,27.83999899,0.000106264,3931.747314,2.715437889,4.301692963,89.14907837,141.2265625,105,070801030601,32
1075,F070801030601_19,6550.784581,57606.48071,14.22880077,2461.58252,63,2922.310791,48.09334564,560.6147461,13.94422436,3.984064102,43.40847349,0.004909028,147.9995117,13.1236515,1199,1092,0.005981277,108.7954224,217591,103.3556542,0.000394504,5383.893555,2.254196405,4.930305481,23.81662178,52.09094238,104,070801030601,32
1076,F070801030601_192,5260.317158,46265.12314,11.42748547,1976.954956,43,1601.904785,38.62490082,450.2429199,11.19893551,3.199695826,53.34871712,0.006033162,147.9987335,13.12358475,1472,1339,0.007334184,34.14998826,68299,32.4424883,0.000123832,3578.859863,1.476441383,2.672785521,60.93721771,110.3139725,105,070801030601,32
1077,F070801030601_193,7496.74467,65732.35854,16.23589325,2808.80957,25,1323.225342,54.87731934,639.6942139,15.91117573,4.546050072,49.54777336,0.005603316,139.4995575,12.42848969,1295,1178,0.00645233,204.5301156,409060,194.3036084,0.000741649,4132.035156,2.384388447,3.507669926,14.45577621,21.26586914,105,070801030601,32
1078,F070801030601_194,2748.143996,23551.74311,5.817280769,1006.389587,48,910.2880859,19.66240883,229.2008667,5.700935364,1.628838658,15.45708466,0.001748029,148.0027771,13.12393188,427,389,0.002130693,11.17339325,22347,10.61472321,4.05159E-05,1916.677734,2.587119818,4.927192211,94.81072235,180.5678558,105,070801030601,32
1079,F070801030601_195,2034.821122,17290.74457,4.270813942,738.8508301,41,570.8369751,14.43535137,168.2700653,4.185397625,1.195827961,11.38705454,0.001287753,148.0013123,13.123806,314,286,0.001566525,8.375969019,16752,7.957170568,3.03722E-05,1309.687744,2.583394527,4.579327583,92.85346222,164.5921478,105,070801030601,32
1080,F070801030601_196,7434.505135,65789.90975,16.25010681,2811.268555,39,2066.038818,54.92536163,640.2542114,15.92510509,4.550029755,45.42730954,0.005137337,148.0004578,13.12373257,1255,1143,0.006260622,180.6537493,361308,171.6210554,0.00065507,4877.307617,2.459552526,4.267110825,16.38067436,28.41905212,104,070801030601,32
1081,F070801030601_198,10464.79795,93135.42698,23.00444984,3979.769775,59,4424.675781,77.75504303,906.3753052,22.54436111,6.441246033,58.82982469,0.006653016,130.9994812,11.79859066,1460,1328,0.007273933,152.4389321,304879,144.8169879,0.00055276,8404.445313,2.996814489,6.328648567,27.48137474,58.03494263,104,070801030601,32
1082,F070801030601_199,9971.463944,87760.7637,21.67690849,3750.105225,64,4522.67041,73.26795197,854.0701904,21.24337006,6.069534302,67.46310833,0.007629347,130.999527,11.79859447,1674,1524,0.008347496,130.3547584,260710,123.8370216,0.000472681,8272.775391,2.460699081,5.428330421,30.28258514,66.80373383,104,070801030601,32
1083,F070801030601_205,3224.507369,29721.32729,7.341167927,1270.022095,73,1747.051147,24.8131485,289.2420044,7.194344521,2.055526972,20.60474238,0.002330173,130.9997406,11.79860973,511,465,0.002546972,37.21052861,74421,35.35000175,0.000134929,3017.073242,2.731230259,6.488329411,35.92707443,85.34860229,104,070801030601,32
1084,F070801030601_206,3100.269509,27036.9289,6.678121567,1155.315063,47,1023.221802,22.57205009,263.117981,6.544559002,1.869874001,20.17361832,0.002281418,131.0113525,11.79942799,501,456,0.002497676,,,,,2178.536865,2.533585548,4.777493,,,105,070801030601,32
1085,F070801030601_229,6022.647962,51662.2511,12.76057625,2207.57959,56,2329.570801,43.13074875,502.7666931,12.50536442,3.57296133,49.64396399,0.005614194,159.3323975,14.16381931,1479,1346,0.007372526,110.3033743,220607,104.7882044,0.000399972,4537.150391,1.640103698,3.370839834,21.06706238,43.29829407,104,070801030601,32
1086,F070801030601_235,9336.068829,81690.89447,20.17765045,3490.733643,81,5328.110352,68.20045471,794.9994507,19.77409744,5.649742126,61.4735565,0.006951993,130.9994202,11.79858685,1526,1388,0.007602575,22.6924224,45385,21.55780127,8.22852E-05,8818.84375,2.514937878,6.353633881,161.9243774,409.07901,104,070801030601,32
1087,F070801030601_238,4234.915788,36624.91989,9.046355247,1565.019409,49,1445.064819,30.57668114,356.4263916,8.865427971,2.532979488,27.62269866,0.003123828,130.9985504,11.79852581,685,624,0.003417872,20.05377948,40107,19.0510906,7.27172E-05,3010.084229,2.508044004,4.823853016,82.14854431,158.0006256,104,070801030601,32
1088,F070801030601_246,4022.942369,34682.0563,8.566468239,1481.999023,49,1368.407593,28.95466232,337.5188599,8.395138741,2.398611069,29.6994828,0.00335869,131.0004425,11.79865837,736,669,0.003664354,18.78704047,37574,17.84768802,6.81239E-05,2850.406738,2.215245247,4.260697842,83.03591156,159.7073364,105,070801030601,32
1089,F070801030601_262,6765.867099,59779.03132,14.76542091,2554.417725,44,2117.951904,49.90712357,581.7575684,14.4701128,4.134317875,33.06730628,0.003739554,131.0024261,11.79879856,821,747,0.004091588,126.3096123,252619,119.9941349,0.000458012,4672.369629,3.419568539,6.254845619,21.28785515,38.93831635,104,070801030601,32
1090,F070801030601_275,1748.752063,15508.13275,3.830508709,662.6779785,56,699.2977905,12.94711971,150.9220428,3.753898621,1.072542429,10.67234898,0.001206927,131.0006104,11.79867077,265,241,0.001320044,7.836043358,15672,7.444241047,2.84144E-05,1361.97583,2.749701262,5.651351929,89.01887512,182.9569702,104,070801030601,32
1091,F070801030601_281,4175.786668,36868.05319,9.106409073,1575.408813,63,1870.274048,30.77966309,358.792511,8.92428112,2.549794436,29.64591002,0.003352631,130.9993134,11.79857922,735,669,0.003664354,16.23851252,32477,15.42658737,5.88826E-05,3445.682861,2.354871273,5.150497437,102.122963,223.3600159,104,070801030601,32
1092,F070801030601_283,8498.465908,74822.0236,18.48103905,3197.219727,54,3253.4021,62.46591187,728.1529541,18.11141777,5.174690723,56.80155784,0.006423641,130.9997406,11.79860973,1409,1282,0.007021975,33.7011326,67402,32.01607579,0.000122204,6450.62207,2.493931055,5.031686306,99.86294556,201.4807281,105,070801030601,32
1093,F070801030601_294,3617.840298,31987.91373,7.901014805,1366.87561,55,1416.6521,26.70543098,311.2999878,7.742994308,2.212284088,34.99290973,0.003957319,130.9992981,11.79857826,869,792,0.004338069,124.614459,249228,118.3837392,0.000451866,2783.527832,1.725853086,3.514555454,11.54614353,23.51275444,105,070801030601,32
1094,F070801030601_295,1467.753706,12631.43746,3.119965076,539.7539673,65,661.1206665,10.54548168,122.9266205,3.057565689,0.873590231,8.966506958,0.001014015,131.0037537,11.79889202,222,202,0.001106427,28.68248558,57365,27.24836159,0.000104006,1200.874634,2.672049284,5.944923878,19.80867577,44.07144547,104,070801030601,32
1095,F070801030601_296,3842.210469,33556.39732,8.288430214,1433.898438,55,1486.115479,28.01489449,326.5641479,8.122661591,2.320760489,34.25314689,0.00387366,131.0029297,11.79883385,850,774,0.004239476,108.7662878,217533,103.3279765,0.000394398,2920.013916,1.852581978,3.772627831,13.87715626,28.25966454,104,070801030601,32
1096,F070801030601_297,2413.278844,20489.58452,5.060927391,875.5404663,47,775.4353027,17.10593414,199.4005432,4.959708691,1.41705966,9.926710382,0.001122603,131.0056458,11.79902554,247,225,0.001232406,25.32388642,50648,24.05769223,9.18272E-05,1650.97583,3.891290903,7.337670326,36.39336777,68.62569427,104,070801030601,32
1097,F070801030601_3,4727.718157,41537.52022,10.25976753,1774.939819,34,1137.192627,34.67801285,404.2348328,10.05457211,2.872735023,27.72334775,0.00313521,131.0005798,11.79866886,687,625,0.00342335,110.2065349,220413,104.6962058,0.000399621,2912.132324,2.839903593,4.659411907,16.95323944,27.81507111,105,070801030601,32
1098,F070801030601_36,1662.589437,14413.55053,3.560147047,615.9054565,83,963.3045654,12.03329659,140.2697906,3.488944054,0.996841192,10.68698603,0.001208582,151.4023285,13.42173767,302,275,0.001506274,9.912768483,19826,9.417130172,3.59448E-05,1579.209961,2.23965621,5.742581844,65.40267181,167.6954651,104,070801030601,32
1099,F070801030601_362,1901.842525,16337.98087,4.035481453,698.1383057,67,881.4297485,13.63992691,158.9979706,3.954771757,1.129934788,12.4409039,0.001406931,148.0076141,13.12434673,343,312,0.001708936,7.440688491,14882,7.06865418,2.69808E-05,1579.568115,2.237622738,5.062718391,98.76538086,223.4609375,104,070801030601,32
1100,F070801030601_364,1738.040652,15470.52549,3.821219683,661.0709839,59,734.9734497,12.91572285,150.5560608,3.744795322,1.069941521,11.53213584,0.00130416,131.0053406,11.79900455,286,260,0.001424113,35.1567266,70313,33.39888978,0.000127482,1396.044434,2.542580605,5.369401455,19.79320145,41.79912567,104,070801030601,32
1101,F070801030601_370,2022.293066,17967.18007,4.437893391,767.7555542,85,1229.740234,15.00008011,174.8529968,4.349135399,1.242610097,16.40522861,0.001855254,121.9988403,11.1959486,386,352,0.001928031,,,,,1997.49585,2.181123734,5.674704075,,,104,070801030601,32
1102,F070801030601_386,6380.619169,56515.11956,13.95923424,2414.94751,83,3777.0896,47.18221283,549.9938354,13.6800499,3.908585548,37.72952271,0.0042668,131.0001678,11.7986393,936,852,0.00466671,61.48604107,122972,58.4117403,0.000222955,6192.037109,2.834445477,7.267649174,41.34352875,106.0067215,104,070801030601,32
1103,F070801030601_39,3968.360905,35426.7499,8.750407219,1513.820435,87,2481.790527,29.57637596,344.7660522,8.575399399,2.450114012,19.07165337,0.002156797,147.9991302,13.12361813,526,479,0.002623655,5.372127533,10744,5.103521347,1.94799E-05,3995.61084,3.160376787,8.341567039,296.6227417,782.9125366,104,070801030601,32
1104,F070801030601_390,1990.665414,16624.57686,4.106270313,710.3847656,67,896.8915405,13.87919331,161.7870483,4.024145126,1.149755716,8.262964893,0.000934452,139.4981232,12.42837811,216,197,0.00107904,13.38930473,26778,12.71983966,4.85511E-05,1607.276367,3.606014013,8.158762932,55.84856415,126.3597946,104,070801030601,32
1105,F070801030601_394,4680.443399,42012.80932,10.37716389,1795.24939,87,2943.171143,35.07481384,408.86026,10.16962051,2.905605793,22.00828188,0.002488898,151.4010773,13.42162609,621,565,0.003094708,33.3578102,66715,31.68991911,0.000120959,4738.42041,3.177432537,8.386585236,56.65048981,149.5245361,104,070801030601,32
1106,F070801030601_40,2965.485599,25540.84113,6.308587551,1091.38562,45,925.4697876,21.32302666,248.5583496,6.182415962,1.76640451,16.2609872,0.001838941,139.4967194,12.42826843,425,388,0.002125216,45.03756724,90074,42.78568778,0.000163311,2016.855469,2.812849522,5.198081017,25.50819397,47.13855362,104,070801030601,32
1107,F070801030601_401,4765.25068,42524.29177,10.50349998,1817.105469,44,1506.62207,35.50183105,413.8378906,10.29343033,2.940979958,32.72488785,0.00370083,131.0027008,11.79881763,812,739,0.004047769,19.51380157,39028,18.53811073,7.07592E-05,3323.727539,2.458870649,4.497601509,98.01998901,179.2915955,105,070801030601,32
1108,F070801030601_41,4936.805081,43563.53181,10.76019192,1861.513184,60,2104.693604,36.36944962,423.9515686,10.54498768,3.012853622,35.28941214,0.00399085,147.9978943,13.12351227,973,885,0.004847463,97.32309151,194646,92.45693636,0.000352904,3966.206787,2.10340476,4.481589794,20.13384056,42.89788055,104,070801030601,32
1109,F070801030601_43,3673.59518,31999.21045,7.903804779,1367.358276,89,2293.209961,26.71486092,311.4099121,7.745728493,2.213065386,20.58011267,0.002327388,148.0016785,13.12383747,567,516,0.002826318,19.14236009,38285,18.18524182,6.94123E-05,3660.568359,2.649919033,7.094124794,75.19054413,201.2933502,104,070801030601,32
1110,F070801030601_431,2629.857006,22733.16934,5.615092754,971.4110718,64,1171.532959,18.97901344,221.2346497,5.502790928,1.572225928,15.95258623,0.001804065,131.0012207,11.79871368,396,360,0.001971849,40.80348134,81607,38.76330757,0.000147958,2142.944092,2.698364019,5.952622414,25.06006622,55.28279877,104,070801030601,32
1111,F070801030601_434,3137.610135,28164.01213,6.956511021,1203.47644,63,1428.728149,23.51300812,274.0865479,6.817380905,1.947823048,11.78295619,0.001332525,130.9996948,11.79860592,291,265,0.0014515,39.51664415,79033,37.54081175,0.000143292,2632.20459,4.54142046,9.932847977,32.05781555,70.11581421,105,070801030601,32
1112,F070801030601_436,1107.232908,9335.433701,2.305852175,398.9124146,44,330.7514343,7.793780327,90.85057831,2.259735107,0.645638585,5.916850567,0.000669132,139.5025482,12.42872238,155,141,0.000772308,28.5956974,57191,27.16591263,0.000103691,729.6638184,2.829166174,5.174920559,14.68430042,26.85953712,104,070801030601,32
1113,F070801030601_454,1508.787534,13434.58171,3.318341732,574.0731201,41,443.5295105,11.21599483,130.7426605,3.251974821,0.92913568,8.134174347,0.000919887,148.0043945,13.12407017,224,204,0.001117381,5.248820305,10498,4.986379147,1.90328E-05,1017.602661,2.814083815,4.988248348,115.1282501,204.0764771,105,070801030601,32
1114,F070801030601_457,5506.513342,47452.37317,11.7207365,2027.687378,38,1451.964844,39.61608887,461.7970276,11.48632145,3.281806231,28.87422232,0.003265362,139.5001678,12.42853737,754,687,0.003762946,107.3911488,214782,102.0215912,0.000389412,3479.652344,2.951509953,5.064996243,19.87508011,34.10701752,105,070801030601,32
1115,F070801030601_485,4573.812685,41278.06407,10.19568157,1763.852905,34,1130.089355,34.46140289,401.7098389,9.991767883,2.854790926,25.57035065,0.00289173,130.9990387,11.79856014,634,577,0.003160436,21.14196396,42284,20.08486557,7.66631E-05,2893.942383,3.056937456,5.015498161,87.81999969,144.0857239,104,070801030601,32
1116,F070801030601_494,1562.425828,13760.319,3.398798704,587.9921875,84,930.7269287,11.48793983,133.912674,3.330822706,0.951663613,12.55726218,0.00142009,147.9993591,13.12363815,347,316,0.001730846,3.875623465,7752,3.681842208,1.40534E-05,1518.719116,1.86073482,4.806073189,159.7005463,412.4889221,104,070801030601,32
1117,F070801030601_62,1970.989058,17251.88082,4.261214733,737.1901245,59,819.6020508,14.40290546,167.891861,4.175990582,1.193140149,17.79219484,0.002012104,130.9968719,11.7984066,441,401,0.002196421,9.908888578,19818,9.413444042,3.59307E-05,1556.792236,1.838379383,3.882274866,78.31247711,165.3796692,105,070801030601,32
1118,F070801030601_68,2659.100823,22820.04304,5.636550426,975.12323,32,588.0050049,19.05154037,222.0800934,5.523819447,1.578234076,16.82132339,0.001902309,159.3345947,14.16403484,501,456,0.002497676,43.55327988,87107,41.37561417,0.000157929,1563.128174,2.138428211,3.427912712,23.56758308,37.77897263,105,070801030601,32
1119,F070801030601_73,8469.729277,74674.0572,18.44449234,3190.897217,46,2765.936035,62.34238434,726.7130127,18.07560158,5.164457798,50.11512618,0.005667478,130.9989777,11.79855537,1244,1132,0.006200371,28.73510574,57471,27.29835051,0.000104197,5956.833008,2.818813801,5.262219906,116.8897476,218.2121887,105,070801030601,32
1120,F070801030601_80,2391.430064,20816.84159,5.141759872,889.5244751,61,1022.490356,17.37914848,202.5853424,5.038924694,1.439692736,19.2028768,0.002171637,131.0026093,11.79881191,477,434,0.002377174,51.7869221,103575,49.19757774,0.000187785,1912.014893,2.049595594,4.405564308,18.08065605,38.86400604,104,070801030601,32
1121,F070801030601_81,5385.256024,46616.35649,11.51424026,1991.963623,57,2139.576172,38.91813278,453.6610718,11.28395557,3.223987341,43.84981192,0.004958939,131.0019531,11.79876518,1087,990,0.005422586,115.9177937,231836,110.1219026,0.000420331,4131.540039,2.012084484,4.17327261,18.0887146,37.51787567,105,070801030601,32
1122,F070801030601_86,5884.656698,52230.38408,12.90090466,2231.856445,39,1640.221191,43.60505676,508.2956543,12.64288616,3.612253189,38.18840408,0.004318695,158.1990356,14.05353546,1128,1026,0.005619771,157.0207214,314041,149.1696777,0.000569374,3872.077637,2.175298691,3.773954868,14.96186447,25.9575386,105,070801030601,32
1123,F070801030601_90,2094.327401,18097.29137,4.470030785,773.3153076,88,1282.362427,15.10870361,176.1192169,4.380630016,1.25160861,14.41863155,0.001630591,142.3306732,12.6524601,384,349,0.001911598,3.311644554,6623,3.146062374,1.20084E-05,2055.677734,2.215803146,5.890193939,245.804184,653.4129028,104,070801030601,32
1124,F070801030601_92,2012.892597,17879.3562,4.416201115,764.0028076,85,1223.72937,14.92675972,173.9983215,4.327877045,1.236536264,11.72813469,0.001326325,131.0033112,11.7988615,291,265,0.0014515,2.582213011,5164,2.453102469,9.36339E-06,1987.732178,2.883029461,7.50087595,311.4434814,810.2931519,104,070801030601,32
1125,F070801030601_93,3194.995492,27376.89431,6.762093067,1169.842041,77,1697.420532,22.85587502,266.4264526,6.626851082,1.893386006,23.49215566,0.002656708,131.0039215,11.79890442,582,530,0.002903001,6.056422323,12113,5.753601131,2.19613E-05,2867.262695,2.207249165,5.409929752,203.3234558,498.3422852,104,070801030601,32
1126,F070801030601_94,4025.65486,35190.23106,8.691987038,1503.713745,88,2493.557129,29.37891579,342.4642944,8.518147469,2.433756351,27.60129905,0.003121408,139.4989014,12.42843819,722,657,0.003598625,28.53801155,57075,27.11111069,0.000103482,3997.270996,2.288757563,6.084126472,55.46485138,147.4403229,104,070801030601,32
1127,F070801030601_98,6063.195183,51982.27899,12.8396225,2221.254639,29,1213.85791,43.39792252,505.881134,12.58283043,3.595094204,31.96175027,0.003614528,130.9996643,11.79860401,793,721,0.003949176,130.8955479,261791,124.350769,0.000474642,3435.112549,3.080796957,4.764372349,17.86281395,27.6243763,105,070801030601,32
1128,F070801030602_103,1548.042564,13630.93802,3.366841793,582.463623,45,493.9156799,11.37992573,132.6535645,3.299504995,0.942715704,7.661133289,0.000866391,131.0038452,11.7988987,190,173,0.000947583,9.748944283,19498,9.261497498,3.53507E-05,1076.379272,3.366841793,6.221845627,62.89086914,116.220871,104,070801030602,32
1129,F070801030602_116,4718.980196,40257.07819,9.943498611,1720.22522,58,1880.116699,33.60902405,391.7738342,9.744628906,2.784179688,29.69857125,0.003358587,131.0010681,11.79870319,738,672,0.003680786,25.09319013,50186,23.83853062,9.09907E-05,3600.341797,2.559859037,5.357651711,72.1615448,151.0303497,104,070801030602,32
1130,F070801030602_237,2763.880411,24609.67264,6.078588963,1051.595947,47,931.3614502,20.54563141,239.4963989,5.957016945,1.70200491,16.08453178,0.001818986,158.1998291,14.05361176,475,432,0.002366219,10.84894657,21698,10.30649948,3.93395E-05,1982.957397,2.434249878,4.590178967,102.0323105,192.3987274,104,070801030602,32
1131,F070801030602_267,1327.818631,11352.2007,2.803993464,485.0908813,67,612.4482422,9.477498055,110.4773407,2.747913599,0.785118163,8.981024219,0.001015657,158.2020416,14.05382538,265,241,0.001320044,1.999362496,3998,1.899394358,7.24991E-06,1097.539063,2.012825251,4.554103851,255.392395,577.8363037,104,070801030602,32
1132,F070801030602_285,1420.823187,12204.87448,3.014604092,521.5264893,48,471.7252808,10.18936157,118.7753983,2.954312086,0.84408915,7.883550644,0.000891544,131.0045166,11.79894638,196,178,0.00097497,23.43401337,46868,22.26231194,8.49743E-05,993.25177,2.929924011,5.580066204,23.42642975,44.61584091,104,070801030602,32
1133,F070801030602_330,2682.200228,23737.65369,5.863200665,1014.33374,47,898.3596191,19.81761742,231.0101013,5.745936871,1.641696215,20.44257282,0.002311834,130.9993896,11.79858494,507,461,0.002525063,48.65814978,97316,46.22524027,0.00017644,1912.693359,2.200290203,4.149009228,21.9432869,41.37768173,104,070801030602,32
1134,F070801030602_35,1192.110561,10110.66817,2.497334957,432.0389404,60,488.4787598,8.440992355,98.39499664,2.447388172,0.699253798,7.308692098,0.000826534,130.9940643,11.79820919,181,165,0.000903764,6.854990363,13709,6.512240767,2.48569E-05,920.5177002,2.61841774,5.578895092,66.34259033,141.3519135,104,070801030602,24
1135,F070801030602_366,2151.10294,18880.14458,4.663395882,806.7675171,72,1094.592163,15.7622776,183.737793,4.570127964,1.305750847,11.64811134,0.001317275,100.4995728,9.987268448,245,223,0.001221451,38.64512253,77290,36.71286774,0.000140131,1901.359619,3.617791653,8.526276588,21.97506142,51.79000473,104,070801030602,32
1136,F070801030602_39,5318.476818,46717.46431,11.53921413,1996.284058,44,1733.084717,39.0025444,454.64505,11.30842972,3.230979919,33.18922168,0.003753341,131.0009003,11.7986908,823,749,0.004102542,7.063721344,14127,6.710535191,2.56138E-05,3729.368652,2.665265799,4.979130268,297.4850769,555.748291,104,070801030602,32
1137,F070801030602_416,1234.384426,10498.25125,2.593068123,448.6007996,68,574.8313599,8.764570236,102.1668854,2.541206837,0.726059079,11.62888908,0.001315101,130.9972839,11.79843616,288,262,0.001435068,39.75656128,79513,37.76873398,0.000144162,1023.432129,1.712216735,3.906229496,11.87757015,27.09733772,104,070801030602,32
1138,F070801030602_468,1034.132002,8670.135755,2.1415236,370.4835815,50,349.0683594,7.238349915,84.37602997,2.098693132,0.599626601,6.753005981,0.000763692,156.5071106,13.89157295,197,179,0.000980447,9.83611393,19672,9.344307899,3.56668E-05,719.5519409,2.069740772,4.019843102,39.6480484,77.00430298,104,070801030602,32
1139,F070801030602_73,3478.52065,29970.39303,7.402687073,1280.664917,47,1134.239746,25.02108192,291.665863,7.254633427,2.072752476,23.25065625,0.002629397,142.3327789,12.65262985,619,563,0.003083753,21.64079237,43282,20.55875301,7.84719E-05,2414.904785,2.274715662,4.289351463,62.29292679,117.4635849,104,070801030602,32
1140,F070801030603_110,4672.732009,40067.67688,9.896716118,1712.131836,87,2806.906738,33.45090103,389.930603,9.698781967,2.771080494,34.74963367,0.003929807,130.9986725,11.79853439,863,785,0.004299727,39.67394876,79348,37.69025099,0.000143862,4519.038574,2.181059599,5.756737232,45.42638397,119.8993988,108,070801030603,24
1141,F070801030603_123,8072.698202,70928.07384,17.5192337,3030.827393,84,4797.466797,59.2150116,690.2578125,17.16884995,4.905385494,44.72773933,0.005058223,131.000946,11.79869461,1109,1009,0.005526656,70.43429756,140868,66.9125843,0.000255402,7828.293945,3.00379324,7.758467674,45.29532623,116.9928513,108,070801030603,24
1142,F070801030603_134,4898.708507,42550.26624,10.50991535,1818.215332,66,2261.313477,35.52351379,414.0906677,10.29971695,2.942776203,32.52673912,0.003678422,131.0006256,11.79867172,806,734,0.004020382,48.02320528,96045,45.62204504,0.000174137,4079.528809,2.477132559,5.55794096,39.85387802,89.42012024,108,070801030603,24
1143,F070801030603_135,1010.109001,8758.439533,2.163334608,374.256897,79,557.1452026,7.312070847,85.23538208,2.120067835,0.605733693,4.615165234,0.000521925,130.9963226,11.79836845,115,105,0.000575123,10.76197815,21524,10.22387934,3.90241E-05,931.4020996,3.56435132,8.870495796,36.6061554,91.1006546,108,070801030603,24
1144,F070801030603_139,2215.29276,19475.7931,4.810521126,832.2201538,76,1191.854736,16.25956154,189.5345306,4.714310646,1.346945882,17.76810031,0.00200938,131.0023956,11.79879665,440,401,0.002196421,35.59707077,71194,33.81721895,0.000129079,2024.074951,2.075361967,5.047568321,24.60936165,59.85338211,108,070801030603,24
1145,F070801030603_142,1548.282669,13370.1988,3.302439213,571.3219604,60,645.9570923,11.1622448,130.1161041,3.236390352,0.924682975,8.99378109,0.001017099,142.3287659,12.65230656,239,217,0.001188587,13.83340263,27667,13.14173222,5.01614E-05,1217.279053,2.632820129,5.609580994,43.47386932,92.62698364,108,070801030603,24
1146,F070801030603_152,4241.047593,36940.36966,9.124271393,1578.498901,64,1903.687744,30.84003639,359.4963074,8.941785812,2.55479598,21.44384564,0.002425067,131.0014954,11.79873276,532,484,0.002651042,30.99648768,61993,29.44666312,0.000112397,3482.186523,3.261361361,7.194600105,53.60535812,118.2540283,108,070801030603,24
1147,F070801030603_201,6076.540977,51987.70394,12.84096241,2221.486572,75,3139.615479,43.40245438,505.9339294,12.58414268,3.595469475,38.59536775,0.004364718,131.0008698,11.79868889,958,870,0.004765303,58.3980008,116796,55.47810095,0.000211758,5361.102051,2.553432941,6.162186146,40.04258347,96.63455963,108,070801030302,24
1148,F070801030603_227,7207.366453,62820.65441,15.5167017,2684.389404,70,3540.911377,52.44645309,611.3580322,15.20636749,4.344676495,43.75368314,0.004948068,130.9994049,11.79858589,1086,988,0.005411631,86.72422666,173449,82.38801543,0.000314472,6225.300781,2.716993332,6.300911903,32.58227921,75.56075287,108,070801030603,24
1149,F070801030603_228,1761.997394,15585.355,3.849582672,665.9777832,69,865.9251709,13.01158905,151.6735535,3.772591114,1.077883124,8.924446374,0.001009258,151.3986359,13.4214077,252,230,0.001259793,24.11419606,48228,22.90848531,8.74407E-05,1531.902954,2.895555496,6.660447598,29.07122803,66.87054443,108,070801030603,24
1150,F070801030603_229,2295.279788,20199.65491,4.989314556,863.1514282,66,1073.500977,16.86388397,196.5789948,4.889528275,1.397008061,18.70319169,0.002115128,130.9976501,11.79846191,464,422,0.002311446,25.65679983,51313,24.37395946,9.30344E-05,1936.652344,2.0453825,4.589223385,35.41285324,79.45579529,108,070801030603,24
1151,F070801030603_243,3714.590408,32226.633,7.95997858,1377.076294,71,1842.416626,26.90472794,313.6231689,7.800778866,2.228794098,26.30775094,0.002975122,159.3331146,14.16388988,783,712,0.00389988,66.70814085,133416,63.37273407,0.000241891,3219.49292,1.93409586,4.52175951,21.72979164,50.80249405,108,070801030603,24
1152,F070801030603_263,2483.942906,21399.91149,5.285778046,914.4395752,56,964.9716187,17.86593056,208.2596588,5.180062294,1.4800179,18.45328616,0.002086867,130.9989929,11.79855633,458,417,0.002284059,42.15348297,84308,40.04580901,0.000152853,1879.411133,2.192900658,4.506980896,22.83483887,46.93153,108,070801030603,24
1153,F070801030603_277,1510.711377,13024.94349,3.21716094,556.5688477,85,891.4753418,10.87400436,126.7561417,3.152817726,0.900805056,8.793397706,0.000994438,130.9996033,11.79859924,218,198,0.001084517,11.05216716,22104,10.49955927,4.00764E-05,1448.044189,2.810953856,7.313354492,53.00878143,137.9147644,108,070801030603,24
1154,F070801030603_278,1274.060376,10860.36533,2.682510138,464.0742493,85,743.3235474,9.066884041,105.6909027,2.628859997,0.751102865,5.606342554,0.000634017,131.0058136,11.79903793,139,127,0.000695625,6.063081026,12126,5.759926796,2.19854E-05,1207.397827,3.654127836,9.507069588,80.56947327,209.6203461,108,070801030603,24
1155,F070801030603_280,1358.409983,11894.80395,2.938016653,508.276886,70,670.4553833,9.930496216,115.7578583,2.879256248,0.822644651,6.105698109,0.000690488,147.9975433,13.12348175,169,154,0.000843513,4.847905755,9695,4.605510473,1.7579E-05,1178.7323,3.300499201,7.654105663,110.3627701,255.9395599,108,070801030603,24
1156,F070801030603_287,9146.935167,79934.1161,19.74372673,3415.664795,70,4505.518555,66.73379517,777.902832,19.34885216,5.528243542,66.64677024,0.007537028,159.333786,14.16395569,1986,1807,0.009897589,164.1786925,328358,155.9697582,0.00059533,7921.183594,1.890240669,4.383610249,21.89953232,50.78666306,108,070801030603,24
1157,F070801030603_293,2663.713214,23080.21947,5.700814247,986.2408447,81,1505.357056,19.26875305,224.6120758,5.586798191,1.596228004,19.04015064,0.002153235,142.3340149,12.65272903,507,461,0.002525063,35.37597919,70751,33.60717893,0.000128277,2491.5979,2.13935113,5.404767513,29.34613609,74.13886261,108,070801030603,24
1158,F070801030603_297,3106.010238,27089.42128,6.691087246,1157.558105,91,1984.977905,22.61587524,263.6288452,6.557265282,1.8735044,20.06819888,0.002269496,148.0002594,13.1237154,553,503,0.002755112,22.68490287,45370,21.55065812,8.22579E-05,3142.536133,2.301308393,6.247586727,53.7133522,145.8208923,108,070801030603,24
1159,F070801030603_307,2343.21789,20637.03917,5.09734869,881.8413086,67,1113.362915,17.22903824,200.8355408,4.995401859,1.427257657,15.62028313,0.001766485,139.4987793,12.42842865,408,371,0.0020321,44.87957764,89759,42.63559723,0.000162738,1995.204224,2.376930714,5.377909184,20.68321609,46.79667664,108,070801030603,24
1160,F070801030603_308,3670.697316,33038.49689,8.160509109,1411.768066,59,1569.592163,27.58252144,321.5240479,7.997298717,2.284942627,24.17094275,0.002733472,139.4986115,12.42841625,631,574,0.003144004,47.59284908,95186,45.21320701,0.000172577,2981.360352,2.4595263,5.194007397,31.22468376,65.94003296,108,070801030603,24
1161,F070801030603_319,4164.892748,36241.15871,8.951565742,1548.62085,88,2568.025391,30.25629234,352.6916809,8.77253437,2.506438494,25.13993114,0.002843054,147.9992065,13.1236248,694,632,0.003461691,24.0574165,48115,22.85454553,8.72348E-05,4116.646484,2.450349331,6.513680935,67.75986481,180.1237488,108,070801030603,24
1162,F070801030603_368,1113.89291,9659.399349,2.385871649,412.7557983,54,420.0088501,8.064246178,94.00334167,2.338154316,0.66804409,4.577461481,0.000517661,131.0108185,11.79939079,114,104,0.000569645,3.91319561,7827,3.717535734,1.41897E-05,832.7646484,3.96880579,8.007352829,111.0294113,224.0098572,108,070801030603,24
1163,F070801030603_377,3936.874504,34690.09711,8.568453789,1482.342529,86,2402.251709,28.96137428,337.5970764,8.39708519,2.399167061,24.22953081,0.002740097,131.000351,11.79865265,601,547,0.002996116,7.601312757,15203,7.221246958,2.75632E-05,3884.594238,2.709949732,7.101634979,205.2751465,537.9395142,108,070801030603,24
1164,F070801030603_39,4138.394709,35884.7173,8.863525391,1533.389893,60,1733.705566,29.95871544,349.2229004,8.686254501,2.481787205,26.26587638,0.002970386,139.4991302,12.42845631,687,625,0.00342335,56.05182268,112104,53.24923247,0.00020325,3267.095459,2.453423738,5.227352619,28.79646873,61.35478973,108,070801030603,24
1165,F070801030603_41,5357.104275,46603.99807,11.51118755,1991.435425,55,2063.955811,38.90781403,453.540802,11.2809639,3.22313261,31.07951164,0.003514756,130.9994507,11.79858875,772,704,0.003856061,70.91326368,141827,67.36760066,0.000257139,4055.391113,2.828743458,5.760498524,29.56072998,60.19794464,108,070801030603,24
1166,F070801030603_42,2166.880341,19026.07343,4.699440002,813.0031128,51,781.3289185,15.88410759,185.1579285,4.605451107,1.315843225,6.9376275,0.000784571,131.0028992,11.79883194,173,158,0.000865423,6.767360674,13535,6.428992543,2.45392E-05,1594.332031,5.145589352,10.09070873,126.4588699,247.9909668,108,070801030603,24
1167,F070801030603_43,818.8636257,7224.496528,1.78445065,308.7099609,52,302.5000916,6.031443119,70.30735779,1.748761654,0.499646187,6.203053474,0.000701498,131.0016937,11.79874706,154,140,0.00076683,13.10889249,26217,12.45344827,4.75343E-05,611.210083,2.205071211,4.365786076,24.78911591,49.07958603,108,070801030603,24
1168,F070801030603_437,6663.227225,58591.15524,14.47201538,2503.658691,48,2264.581055,48.9154129,570.1973877,14.18257523,4.052164078,29.63835593,0.003351777,131.000824,11.79868603,735,669,0.003664354,39.82307184,79646,37.83191887,0.000144403,4768.239746,3.742389679,7.12741375,66.17847443,126.0374832,108,070801030603,16
1169,F070801030603_45,1251.728321,10919.42003,2.697096825,466.5977478,78,685.817749,9.116187096,106.2656174,2.64315486,0.755187094,10.46266473,0.001183214,139.501236,12.42862034,273,249,0.001363863,18.81241567,37625,17.87179471,6.82159E-05,1152.415527,1.873886585,4.628174782,26.1080513,64.48236084,108,070801030603,24
1170,F070801030603_46,1275.416358,10873.34888,2.685717106,464.6290588,65,569.1034546,9.077723503,105.8172531,2.632002831,0.752000809,7.55935523,0.000854881,139.4968414,12.42827797,197,179,0.000980447,10.3997202,20800,9.879734083,3.77105E-05,1033.732544,2.595693111,5.775042057,47.0284996,104.6316147,108,070801030603,24
1171,F070801030603_47,6120.228378,52809.99513,13.04406834,2256.623779,72,3061.703613,44.08895111,513.9362793,12.78318691,3.65233922,33.28492487,0.003764164,139.4996643,12.42849731,868,790,0.004327114,58.44799883,116896,55.52559897,0.000211939,5318.327148,2.856485844,6.732059479,40.6411438,95.78153229,108,070801030603,24
1172,F070801030603_49,1112.694232,9385.202091,2.318144798,401.0390625,68,513.8863525,7.835329533,91.33490753,2.271781921,0.649080515,5.000887252,0.000565546,147.9976654,13.12349224,138,126,0.000690147,10.81982128,21640,10.2788301,3.92339E-05,914.925415,3.182849646,7.261312962,39.01602173,89.01065826,108,070801030603,24
1173,F070801030603_50,2366.86678,20435.47306,5.047561646,873.2281494,72,1184.763794,17.06075859,198.8739319,4.946610451,1.413317204,15.66245991,0.001771255,147.9978638,13.12350941,431,393,0.002152602,24.96628378,49933,23.71796991,9.05305E-05,2057.991943,2.221954584,5.236620903,36.81715393,86.76931,108,070801030603,24
1174,F070801030603_57,7733.419406,68081.77373,16.81619835,2909.202393,73,4001.918945,56.83874893,662.5582275,16.47987366,4.708535671,58.11401486,0.006572065,130.9992218,11.79857254,1441,1313,0.007191773,22.64801949,45297,21.51561839,8.21242E-05,6911.121094,2.21569109,5.26361084,135.2135162,321.2141418,108,070801030603,24
1175,F070801030603_58,9953.878379,86749.69452,21.42717361,3706.901123,65,4540.417969,72.42384338,844.2306519,20.99863052,5.999608517,55.81712941,0.006312313,130.9998779,11.79861927,1385,1260,0.006901473,71.25536114,142511,67.69259425,0.00025838,8247.319336,2.94198513,6.545491695,54.76080704,121.8348846,108,070801030603,24
1176,F070801030603_581,5072.774868,43759.22872,10.80852985,1869.87561,30,1057.074219,36.53282928,425.8560791,10.59235954,3.026388407,26.32070726,0.002976587,142.3323669,12.65259647,700,637,0.003489078,4.832022093,9665,4.590420999,1.75214E-05,2926.949707,2.93544054,4.59489727,407.3429565,637.6212158,104,070801030603,24
1177,F070801030603_63,3086.484487,26385.39218,6.517191887,1127.474243,57,1211.024536,22.0281086,256.7773743,6.386847973,1.824813724,19.59742832,0.002216257,142.3305664,12.65245152,521,474,0.002596268,43.19814825,86396,41.03824043,0.000156641,2338.498779,2.378637552,4.933541775,27.47374725,56.98340607,108,070801030603,24
1178,F070801030603_636,1890.401145,16233.687,4.009720802,693.6817017,41,535.93927,13.55285645,157.9830017,3.929526329,1.122721791,9.760695875,0.001103829,131.0039978,11.79890919,243,221,0.001210496,6.726153016,13452,6.389845312,2.43898E-05,1229.620972,3.138831139,5.563895702,108.5600128,192.433609,104,070801030603,24
1179,F070801030603_662,849.2231418,7239.476639,1.788150787,309.3500977,29,169.0517578,6.043949604,70.45314026,1.752387762,0.500682235,5.186920643,0.000586585,130.989624,11.79789639,129,117,0.000640851,4.02052784,8041,3.8195014,1.45789E-05,478.4018555,2.644017935,4.088904858,80.99227142,125.2524338,108,070801030603,24
1180,F070801030603_73,5519.054691,47339.90392,11.69295597,2022.881348,75,2858.927979,39.52219009,460.7024536,11.45909691,3.274027586,33.65416348,0.003805921,131.002182,11.79878139,835,760,0.004162793,67.37889266,134757,64.00994897,0.000244323,4881.80957,2.661685944,6.423433781,31.60260773,76.26641846,108,070801030603,24
1181,F070801030603_748,1426.700592,12782.46717,3.157269478,546.2076416,38,391.1224976,10.67157078,124.3964157,3.094124079,0.884035468,9.413973808,0.001064618,139.500824,12.42858791,246,224,0.001226929,5.670122147,11340,5.38661623,2.05605E-05,937.3301392,2.438426971,4.184509754,101.4008865,174.0109406,108,070801030603,24
1182,F070801030604_114,2261.882962,19892.86636,4.913537979,850.0420532,45,720.81604,16.60775757,193.593399,4.815267086,1.375790596,13.54116535,0.001531359,142.332428,12.65260124,360,328,0.001796574,16.63855171,33277,15.80662441,6.03332E-05,1570.858154,2.591591597,4.789201736,53.77758408,99.37973785,104,070801030604,32
1183,F070801030604_130,979.4290673,8429.683773,2.082131863,360.2088013,73,495.5057373,7.037605762,82.03599548,2.040489197,0.582996905,5.272503853,0.000596263,130.9956207,11.79831886,131,119,0.000651806,1.671014071,3342,1.587463379,6.05928E-06,855.7145386,3.026964664,7.190878391,226.9084167,539.0452271,104,070801030604,32
1184,F070801030604_60,1046.487232,9042.422377,2.233478308,386.3917542,41,298.5267029,7.549156666,87.99904633,2.18880868,0.6253739,3.751215696,0.000424222,131.0010071,11.79869843,93,85,0.000465576,3.376264095,6753,3.207450867,1.22427E-05,684.918457,4.545785427,8.057864189,120.4669266,213.5398102,104,070801030604,32
1185,F070801030605_102,1731.967862,15574.94565,3.847011566,665.53302,67,840.2642212,13.00289917,151.5722504,3.770071268,1.077163219,10.36325264,0.001171972,131.0053558,11.79900551,257,234,0.001281702,28.97970581,57959,27.53071976,0.000105084,1505.797241,2.844158173,6.435030937,24.17419624,54.69516373,108,070801030605,32
1186,F070801030605_144,1286.532493,10976.38111,2.711166143,469.0317383,68,601.0112305,9.163741112,106.8199463,2.656942844,0.759126544,7.360732549,0.000832419,147.9953003,13.12328911,204,186,0.001018789,11.12860208,22257,10.57217216,4.03535E-05,1070.042969,2.521676064,5.752919197,44.36474609,101.2131653,108,070801030605,32
1187,F070801030605_146,1085.410603,9460.529093,2.336750746,404.2578735,84,639.895874,7.898217678,92.06797791,2.290015697,0.654290199,4.428859711,0.000500856,159.3346252,14.1640377,132,120,0.000657283,7.871267319,15743,7.477704048,2.85421E-05,1044.153809,3.36881566,8.701281548,54.06176376,139.6356201,108,070801030605,32
1188,F070801030605_158,6599.037636,57094.93609,14.10244942,2439.723633,86,3953.762451,47.66627884,555.6365356,13.82040024,3.948685884,41.89539552,0.004737915,151.398819,13.42142391,1181,1075,0.005888162,66.40248823,132806,63.08236313,0.000240783,6393.486328,2.269510269,5.94742918,38.67520905,101.3514099,108,070801030605,32
1189,F070801030605_174,2325.086317,20471.5119,5.056463242,874.7681274,73,1203.337158,17.09084511,199.2246552,4.955334187,1.415809751,19.43800378,0.002198228,130.995575,11.798316,483,439,0.002404561,7.433942437,14868,7.06224525,2.69563E-05,2078.105225,1.992638111,4.733725071,123.8654404,294.2556152,108,070801030605,32
1190,F070801030605_187,5007.163349,43155.8925,10.65950584,1844.094482,81,2814.749023,36.02912903,419.9845276,10.44631577,2.984661579,35.86954504,0.004056457,148.0008545,13.1237669,990,902,0.004940578,59.80460179,119610,56.81437182,0.000216858,4658.84375,2.04445076,5.165015221,32.45824051,82.00115204,108,070801030605,24
1191,F070801030605_19,2067.169478,18138.50222,4.480209827,775.0762939,61,890.9345093,15.14310932,176.5202637,4.39060545,1.254458785,8.589104652,0.000971335,142.3345642,12.6527729,228,207,0.001133813,,,,,1666.010742,3.744329929,8.048360825,,,108,070801030605,32
1192,F070801030605_191,4046.696728,35690.15352,8.815467834,1525.075928,71,2040.428223,29.79628181,347.3294373,8.639158249,2.468331099,26.48974752,0.002995703,131.0022888,11.79878902,657,598,0.003275461,14.20109296,28403,13.49103856,5.14947E-05,3565.50415,2.550294161,5.962381363,113.0436249,264.2868652,108,070801030605,32
1193,F070801030605_195,5291.264326,46554.38425,11.49893284,1989.31543,66,2474.110352,38.86639404,453.0579529,11.26895428,3.21970129,31.19326115,0.00352762,139.5005646,12.42856789,815,742,0.004064201,115.8280334,231656,110.0366364,0.000420005,4463.425781,2.681018114,6.015398502,18.07866478,40.56308746,108,070801030605,32
1194,F070801030605_196,4637.547161,40567.57032,10.02019024,1733.49292,70,2286.607422,33.86824417,394.7955017,9.819786072,2.805653334,36.97112415,0.004181034,139.5001526,12.42853546,966,880,0.004820076,84.78674243,169573,80.5474036,0.000307446,4020.100342,1.969878316,4.568295956,21.52140045,49.90974426,108,070801030605,32
1195,F070801030605_213,5008.904584,43731.46538,10.80167198,1868.689209,49,1725.459106,36.50965118,425.5858765,10.585639,3.024468184,26.47849983,0.002994431,131.0007324,11.79867935,658,598,0.003275461,5.322610036,10645,5.056479633,1.93004E-05,3594.148438,3.124898434,6.010281563,369.5632935,710.8005371,108,070801030605,32
1196,F070801030605_216,4325.490197,37668.11568,9.304024696,1609.596313,63,1910.860596,31.44760323,366.5785828,9.117943764,2.605126858,21.10374093,0.002386604,130.9985199,11.79852295,523,475,0.002601746,33.1976405,66396,31.53775866,0.000120378,3520.457031,3.388623714,7.411488533,51.037117,111.6267319,108,070801030605,32
1197,F070801030605_231,2488.390474,21973.32384,5.427411079,938.9421387,64,1132.375,18.34465027,213.8399963,5.318862915,1.519675136,18.59856725,0.002103296,130.9968414,11.79840469,461,419,0.002295014,54.47766638,108955,51.75378132,0.000197542,2071.317139,2.240911961,4.943477631,18.14248466,40.02252579,108,070801030605,32
1198,F070801030605_253,3107.900304,26858.53419,6.634057999,1147.692017,74,1600.400146,22.42311668,261.381897,6.501376629,1.857536197,17.75240064,0.002007604,130.9994049,11.79858589,440,401,0.002196421,19.63595414,39273,18.65415597,7.12021E-05,2748.092285,2.862074852,6.853097916,61.5247345,147.3179626,108,070801030605,32
1199,F070801030605_260,2033.156752,17283.15279,4.268938541,738.5263672,52,723.6704712,14.4290123,168.1961823,4.183559895,1.195302844,15.15873682,0.001714289,131.0051575,11.7989912,376,342,0.001873257,23.88736808,47775,22.69299984,8.66182E-05,1462.196777,2.159433842,4.275429249,32.54423523,64.43382263,108,070801030605,32
1200,F070801030605_275,992.5281122,8298.529493,2.049736738,354.6044617,50,334.1070862,6.928110123,80.7596283,2.008742094,0.57392627,5.024460614,0.000568212,130.9987946,11.79854298,124,113,0.000618942,16.76510692,33530,15.92685199,6.07921E-05,688.7115479,3.138092518,6.094792366,22.26456642,43.24216461,108,070801030605,32
1201,F070801030605_276,1884.836609,16182.59295,3.997100353,691.4983521,56,729.7106934,13.51019955,157.4857483,3.917158365,1.11918807,8.885700181,0.001004876,131.0063477,11.79907513,221,201,0.001100949,28.79792061,57596,27.35802553,0.000104424,1421.208984,3.440290213,7.070691586,25.27588654,51.94852066,108,070801030605,32
1202,F070801030605_304,914.4014048,7834.748447,1.93518281,334.7866211,45,283.8913269,6.540917873,76.24620056,1.89647913,0.541851163,5.585134506,0.000631618,130.9888916,11.79784393,139,126,0.000690147,2.640072107,5280,2.508068562,9.57319E-06,618.6779785,2.657036781,4.910142899,133.4838409,246.6750641,104,070801030605,32
1203,F070801030605_36,2090.675686,17801.88095,4.397064686,760.6921997,56,802.7280273,14.86207867,173.2443542,4.309123516,1.231178164,11.88705257,0.001344297,110.6644745,10.52130032,263,239,0.001309089,11.04167471,22083,10.48959099,4.00383E-05,1563.420166,3.182812452,6.541506767,72.51876831,149.0449066,108,070801030605,32
1204,F070801030605_37,1245.498026,10599.19457,2.618000984,452.9141846,50,426.7341614,8.848843575,103.1492386,2.565640926,0.733040273,5.424176121,0.000613416,130.9953461,11.79829979,136,124,0.000679193,3.959534438,7919,3.761557853,1.43577E-05,879.6483154,3.65253377,7.093937874,120.4060135,233.8521271,108,070801030605,32
1205,F070801030605_38,1856.471145,15922.46225,3.932848215,680.3827515,64,820.5493774,13.29302692,154.9542236,3.854191303,1.101197481,10.64509821,0.001203845,131.0022278,11.79878426,264,240,0.001314566,12.58103895,25162,11.95198727,4.56202E-05,1500.932129,2.834928036,6.253883839,56.92632675,125.5801315,108,070801030605,32
1206,F070801030605_39,3787.746761,32882.4081,8.121954918,1405.098145,76,2012.295532,27.45220757,320.0050354,7.959516048,2.274147272,19.15370989,0.002166077,130.9982147,11.79850197,475,432,0.002366219,30.61932945,61239,29.08836365,0.000111029,3417.393555,3.252542019,7.910633087,48.30447388,117.4831848,108,070801030605,32
1207,F070801030605_40,1997.486215,17457.18044,4.311923504,745.9627686,48,674.7297974,14.57430172,169.8897858,4.22568512,1.207338572,10.65976715,0.001205504,131.0008545,11.79868793,265,242,0.001325521,28.14887142,56298,26.74142838,0.000102071,1420.692627,3.082490683,5.870630741,27.89539719,53.12702942,108,070801030605,32
1208,F070801030605_41,1967.727336,17204.3866,4.249483585,735.1606445,44,609.5458984,14.36325455,167.429657,4.164494038,1.189855456,13.66509291,0.001545374,148.0061035,13.12421703,377,344,0.001884212,,,,,1344.706543,2.137094975,3.909030676,,,108,070801030605,32
1209,F070801030605_45,9795.988608,84873.88544,20.96385002,3626.746094,74,5057.319336,70.85781097,825.975708,20.54457283,5.869877815,68.87580609,0.007789107,131.0005646,11.79866695,1708,1555,0.008517294,114.685189,229369,108.9509295,0.000415861,8684.06543,2.332312584,5.584608078,33.28788757,79.70620728,108,070801030605,32
1210,F070801030605_47,2354.357975,19950.56711,4.927790165,852.5076904,57,915.6819458,16.65593147,194.1549377,4.829234123,1.379781246,15.75644612,0.001781883,130.9969177,11.79841042,391,355,0.001944463,8.118512511,16237,7.712587118,2.94386E-05,1768.189697,2.40143013,4.980815887,110.5345917,229.2602539,108,070801030605,32
1211,F070801030605_51,9040.561546,78698.27498,19.43847466,3362.856201,76,4816.07666,65.70204163,765.8759155,19.04970551,5.442772865,57.50574529,0.006503277,131.0004578,11.79866028,1426,1297,0.007104135,16.11344063,32227,15.30776837,5.84291E-05,8178.932617,2.592795849,6.306038857,219.6829834,534.2994995,108,070801030605,32
1212,F070801030605_62,984.0023265,9287.218628,2.293942928,396.8521118,73,545.9124756,7.753527164,90.38134766,2.248064041,0.642304003,5.442018747,0.000615433,130.9933319,11.79815769,135,122,0.000668238,12.1520133,24304,11.54441261,4.40645E-05,942.7645874,3.252886057,7.72757864,34.37612152,81.66414642,108,070801030605,24
1213,F070801030605_7,6264.555762,54919.20604,13.56504345,2346.752441,59,2609.100586,45.84984589,534.4627075,13.29374218,3.798212051,50.2131753,0.005678566,130.9989471,11.79855347,1245,1132,0.006200371,26.81044888,53620,25.46992645,9.72176E-05,4955.853027,2.073102951,4.377962112,92.13816833,194.5766449,108,070801030605,32
1214,F070801030605_70,4999.501119,42822.39441,10.57713127,1829.84375,71,2448.182861,35.7507019,416.7389832,10.36558819,2.961596727,38.26745415,0.004327634,158.2008362,14.05370903,1130,1029,0.005636203,78.40727615,156815,74.48691213,0.000284313,4278.026367,1.778273821,4.157460213,24.5659771,57.43326187,108,070801030605,32
1215,F070801030605_71,1781.096582,15519.51575,3.833320379,663.1644287,59,737.3008423,12.95662308,151.0328217,3.756654024,1.073329687,9.927943327,0.001122743,156.4956665,13.89048862,290,264,0.001446023,28.26242593,56524,26.84930468,0.000102483,1400.465332,2.511986494,5.304792881,24.69950104,52.16020966,108,070801030605,24
1216,F070801030605_75,3572.764274,30970.37183,7.649682045,1323.39502,55,1371.587891,25.85592461,301.3974609,7.496688366,2.14191103,19.544594,0.002210282,131.0000153,11.79862881,485,441,0.002415516,55.17572528,110351,52.41693841,0.000200073,2694.98291,3.000895739,6.11107254,25.24746895,51.41435242,108,070801030605,32
1217,F070801030605_76,2616.416768,23137.77803,5.715031147,988.7003784,62,1155.12207,19.31680489,225.172226,5.600730419,1.600208759,16.53448987,0.001869872,142.3351746,12.65282249,440,401,0.002196421,5.063986063,10128,4.810786605,1.83626E-05,2143.82251,2.465586901,5.346190929,205.5174103,445.6282654,108,070801030605,32
1218,F070801030605_79,6914.690981,59815.41735,14.77440834,2555.972656,62,2986.203369,49.9375,582.1116943,14.47891998,4.136834145,47.58444309,0.005381285,148.000473,13.12373352,1313,1195,0.006545445,120.0944791,240189,114.0897548,0.000435476,5542.175781,2.138889313,4.637804031,22.40317345,48.57733154,108,070801030605,32
1219,F070801030605_80,3025.341935,26103.35305,6.447528362,1115.422363,57,1198.07959,21.79264641,254.0326233,6.318577766,1.805307984,18.94402773,0.002142364,142.3335419,12.65269089,504,459,0.002514108,14.3514722,28703,13.63389855,5.204E-05,2313.501953,2.430114031,5.040309429,81.81243134,169.6874847,108,070801030605,32
1220,F070801030605_83,4594.121107,40175.7531,9.923411369,1716.750122,66,2135.121094,33.54113007,390.9824219,9.724943161,2.778555155,31.98130236,0.003616739,139.500946,12.42859745,836,760,0.004162793,80.09954515,160200,76.0945678,0.00029045,3851.871094,2.258881807,5.06825161,22.56074524,50.61952972,108,070801030605,24
1221,F070801030605_88,6011.321785,52065.45969,12.86016846,2224.809082,73,3060.462891,43.46736908,506.6906433,12.60296535,3.600847244,42.76317048,0.004836051,131.0018311,11.7987566,1061,964,0.005280175,110.8415852,221683,105.2995057,0.000401924,5285.271973,2.307893276,5.482647419,21.12839127,50.19275284,108,070801030605,32
1222,F070801030605_90,1325.024786,11590.44498,2.862839937,495.2713013,66,615.9686279,9.676399231,112.7958908,2.805583239,0.801595211,8.081308365,0.000913908,130.9906158,11.797966,200,182,0.000996879,4.527328014,9055,4.300961494,1.64166E-05,1111.23999,2.7212708,6.105714321,115.1536255,258.3701172,108,070801030605,32
1223,F070801030606_13,1694.500393,14968.32187,3.697175503,639.6113892,88,1060.64563,12.49645329,145.6687164,3.623231888,1.035209179,10.14619637,0.001147425,147.9935303,13.12313747,280,255,0.001396727,17.50619125,35012,16.63088226,6.34794E-05,1700.25708,2.508280039,6.667675018,38.45925903,102.2349319,108,070801030606,32
1224,F070801030606_131,1340.630307,11732.28203,2.89787364,501.3321533,61,576.2711792,9.794813156,114.1762238,2.839916229,0.811404645,8.807417631,0.000996024,151.4005127,13.42157555,248,226,0.001237883,21.30400944,42608,20.23880863,7.72507E-05,1077.603271,2.218283892,4.768156052,24.77083397,53.24440384,108,070801030606,32
1225,F070801030606_15,3074.481246,27324.93762,6.749259472,1167.621948,85,1870.219971,22.81249619,265.9208374,6.614274502,1.889792681,23.04619982,0.002606276,130.9986267,11.79853058,571,520,0.002848227,6.42359497,12847,6.102415191,2.32927E-05,3037.841797,2.245426893,5.842003345,191.337677,497.8097534,108,070801030606,32
1226,F070801030606_17,4010.70141,35359.87475,8.733888626,1510.962769,64,1822.23877,29.52054405,344.1152039,8.559210777,2.44548893,29.44748423,0.003330191,151.3992462,13.42146206,831,756,0.004140884,81.78263605,163565,77.69350113,0.000296553,3333.20166,1.99862802,4.408997059,19.44773674,42.90193558,108,070801030606,32
1227,F070801030606_337,3873.089278,33313.39485,8.228408813,1423.514771,78,2092.319824,27.81202126,324.1993103,8.063840866,2.303954363,37.49436931,0.004240207,148.0013733,13.12381077,1035,942,0.005159673,59.93663986,119873,56.93980834,0.000217337,3515.834473,1.511162162,3.732308388,25.00034332,61.74650955,108,070801030606,32
1228,F070801030606_344,4864.529338,42959.59491,10.61102009,1835.706421,78,2698.169922,35.86524963,418.0741882,10.3987999,2.971085548,39.53957645,0.004471498,147.9987946,13.12358952,1091,993,0.005439018,77.58528898,155171,73.70602507,0.000281333,4533.876465,1.848646998,4.565837383,24.90578461,61.51296997,108,070801030606,32
1229,F070801030606_346,1980.0983,17318.50852,4.277671814,740.0372314,75,1045.890625,14.45853043,168.5402679,4.192118168,1.197748065,15.99723506,0.001809114,147.9977417,13.12349892,442,402,0.002201899,32.55577898,65112,30.92799044,0.000118051,1785.927856,1.840888619,4.442606449,23.92774963,57.74470901,108,070801030606,32
1230,F070801030606_347,2254.295183,19784.60481,4.886797428,845.4159546,73,1162.960083,16.51737595,192.5398254,4.789061546,1.368303299,16.5644185,0.001873256,147.9990387,13.1236105,456,415,0.002273104,28.46113879,56921,27.03808209,0.000103203,2008.375977,2.037146807,4.839460373,31.26760101,74.27952576,108,070801030606,32
1231,F070801030606_39,1956.74219,16842.44548,4.160084248,719.6945801,78,1057.826172,14.06108475,163.9073181,4.076882362,1.164823532,10.07229555,0.001139068,130.9927673,11.79811764,250,228,0.001248838,17.66095996,35322,16.7779119,6.40406E-05,1777.520752,3.156555176,7.796143532,42.89535904,105.9440994,108,070801030606,32
1232,F070801030606_40,3088.656882,27189.83574,6.715889454,1161.848877,84,1839.079224,22.69970703,264.6060486,6.581571579,1.880449057,25.03154492,0.002830797,131.0008087,11.79868412,621,565,0.003094708,37.5885675,75177,35.70913911,0.0001363,3000.928223,2.056369781,5.311377525,32.53645706,84.0381012,108,070801030606,32
1233,F070801030606_417,2072.628474,17398.66992,4.297471523,743.4625854,71,994.692749,14.52545357,169.3203735,4.211522102,1.203292012,16.78245467,0.001897914,130.9985809,11.79852772,417,380,0.002081397,5.47613889,10951,5.20233196,1.98571E-05,1738.155273,1.956480503,4.574092865,142.9094849,334.1108093,108,070801030606,32
1234,F070801030606_422,11472.76579,99461.26877,24.56693268,4250.07959,73,5846.438965,83.03623199,967.9371338,24.07559395,6.878741264,86.10570037,0.009737622,159.3332977,14.163908,2566,2336,0.012795112,193.6896451,387379,184.005161,0.00070234,10096.51855,1.819383383,4.32213974,23.09761047,54.87084579,108,070801030606,32
1235,F070801030606_429,1842.041365,15799.61264,3.902504206,675.1332397,84,1068.661865,13.19046402,153.758667,3.824454069,1.092701197,9.576924562,0.001083046,147.9976807,13.12349415,264,240,0.001314566,4.667352855,9335,4.433985174,1.69243E-05,1743.795166,2.813055277,7.265813351,152.2633057,393.2794189,108,070801030606,32
1236,F070801030606_442,2121.982367,18350.51521,4.532577038,784.1358032,73,1078.662842,15.32011032,178.5835419,4.441925526,1.269121528,14.43836284,0.001632822,131.0044098,11.79893875,358,326,0.001785619,23.97200131,47944,22.77340126,8.69251E-05,1862.798584,2.405324459,5.714106083,34.43209076,81.79711914,108,070801030606,32
1237,F070801030606_443,2421.802393,20567.49741,5.080172062,878.869751,80,1324.908813,17.17098236,200.158783,4.978568554,1.422448158,21.06284817,0.00238198,130.9968872,11.79840851,522,476,0.002607223,27.04526083,54090,25.69299766,9.80691E-05,2203.778564,1.846364975,4.629786968,34.20658493,85.77350616,108,070801030606,32
1238,F070801030606_450,4868.535501,42210.20891,10.42592144,1803.684448,67,2277.229736,35.23961258,410.781311,10.21740341,2.919258118,33.02390837,0.003734646,139.5007324,12.42858124,863,784,0.00429425,74.41502545,148829,70.69427252,0.000269837,4080.914063,2.300617933,5.205247402,25.51387024,57.72623444,108,070801030606,32
1239,F070801030606_49,1337.763545,11708.33145,2.89195776,500.3086853,87,820.217041,9.774817467,113.9431381,2.834118605,0.809748173,9.151053429,0.001034885,131.0053864,11.79900742,227,207,0.001133813,9.786046028,19572,9.296743393,3.54853E-05,1320.525757,2.416950226,6.379351616,53.81547928,142.0417633,108,070801030606,32
1240,F070801030606_492,3353.899907,29090.34292,7.185314655,1243.059448,79,1850.505981,24.2863636,283.1014099,7.041608334,2.011888027,20.8197397,0.002354487,130.9976654,11.79846287,517,471,0.002579836,10.18398292,20369,9.674783632,3.69282E-05,3093.56543,2.639192104,6.568079472,128.4844666,319.7555237,108,070801030606,32
1241,F070801030606_499,1698.939233,14745.33665,3.642098188,630.0830078,65,771.7606201,12.31029224,143.4986725,3.569256306,1.01978755,11.52586794,0.001303451,139.5034485,12.428792,301,274,0.001500797,17.14698076,34295,16.28963184,6.21768E-05,1401.843628,2.299572945,5.116217613,38.68000412,86.05741882,108,070801030606,32
1242,F070801030606_50,1249.554032,10676.81557,2.637173414,456.2309875,95,816.732605,8.913645744,103.9046326,2.584429979,0.738408566,5.050369963,0.000571142,130.9919281,11.79805851,126,115,0.000629896,6.3500074,12699,6.032507077,2.30258E-05,1272.963623,3.967226028,11.06924915,75.62875366,211.0173492,108,070801030606,32
1243,F070801030606_57,11171.15356,98230.31087,24.26288605,4197.479492,63,4983.111328,82.00855255,955.9577026,23.77762794,6.793608189,70.45449432,0.00796764,131.0006714,11.79867458,1748,1591,0.008714479,33.8077013,67615,32.11731515,0.00012259,9180.59082,2.638264894,5.770327568,130.6921082,285.84552,108,070801030606,32
1244,F070801030606_6,6662.762175,57807.94459,14.27856255,2470.191406,79,3677.301025,48.26154327,562.5753784,13.99299145,3.997997522,48.15212846,0.005445484,147.9988708,13.12359619,1329,1208,0.00661665,17.02661526,34053,16.17528423,6.17404E-05,6147.492188,2.044860363,5.088983536,152.7139435,380.054657,108,070801030606,32
1245,F070801030606_60,6991.002837,60517.67454,14.94786549,2585.980713,67,3264.912842,50.52378464,588.9459229,14.64890862,4.185402393,54.65445065,0.006180826,130.9993591,11.79858208,1357,1236,0.006770016,26.35719204,52714,25.03933263,9.55741E-05,5850.893555,2.092217445,4.7337327,103.276741,233.6681061,108,070801030606,32
1246,F070801030606_61,6470.02309,56001.84781,13.83245659,2393.014893,71,3201.6604,46.75370407,544.9987793,13.55580711,3.873087883,36.95558193,0.004179276,131.0019989,11.798769,917,835,0.004573595,17.64601653,35292,16.7637155,6.39864E-05,5594.675293,2.865886211,6.700210094,142.7496796,333.7371826,108,070801030606,32
1247,F070801030606_63,1574.460618,13348.36001,3.297044992,570.3887939,53,569.6634521,11.14401245,129.9035797,3.231104136,0.923172593,6.276774764,0.000709835,130.9959717,11.79834366,155,141,0.000772308,3.625820875,7251,3.444529831,1.31476E-05,1140.052246,4.045310497,8.085476875,165.5926361,330.9747009,108,070801030606,32
1248,F070801030606_67,10051.13834,87590.49088,21.63485146,3742.829346,80,5642.369141,73.12580109,852.413147,21.20215416,6.057758331,76.50980853,0.00865243,131.0003052,11.79864883,1899,1727,0.0094594,23.44743322,46894,22.27506156,8.5023E-05,9385.198242,2.167243481,5.434393883,168.0277863,421.3320923,108,070801030606,32
1249,F070801030606_69,5640.297607,49471.59236,12.21948338,2113.970703,78,3107.170166,41.30185318,481.4476318,11.97509384,3.421455383,37.08446115,0.004193851,131.0004578,11.79866028,920,836,0.004579073,14.93091032,29862,14.18436477,5.41411E-05,5221.140625,2.528673172,6.245383739,149.0352783,368.0912476,108,070801030606,32
1250,F070801030606_7,2057.761903,17764.43315,4.387814999,759.09198,88,1258.776367,14.83081436,172.8799133,4.300058842,1.228588223,14.99298561,0.001695544,142.3316345,12.65253735,398,362,0.001982804,21.92939937,43859,20.8329289,7.95184E-05,2017.868408,2.096939087,5.574222088,36.43712234,96.85956573,108,070801030606,32
1251,F070801030606_74,2071.608986,18159.06672,4.485289574,775.9550781,74,1082.03125,15.16027832,176.7204132,4.39558363,1.255881071,14.36844349,0.001624915,131.0048981,11.79897308,356,324,0.001774664,25.42808723,50856,24.15668297,9.2205E-05,1857.986328,2.394922972,5.734525681,32.12175751,76.91397095,108,070801030606,32
1252,F070801030606_83,5386.2327,48200.57318,11.90554142,2059.658691,83,3221.401611,40.24073029,469.0783386,11.66743088,3.333551645,40.09039688,0.00453379,130.9989471,11.79855347,994,905,0.00495701,43.95915937,87918,41.76120138,0.000159401,5281.060547,2.275866032,5.835425854,49.31990814,126.4585419,108,070801030606,32
1253,F070801030606_9,1229.652871,10717.48708,2.647219419,457.9689636,65,560.9458008,8.947601318,104.3004456,2.594274998,0.741221428,7.716810465,0.000872688,142.33992,12.65320396,206,188,0.001029744,3.386180401,6772,3.216871381,1.22787E-05,1018.914795,2.436005116,5.41975975,142.3647156,316.7409058,108,070801030606,32
1254,F070801030607_1,1659.918125,14389.52042,3.554211617,614.8786011,41,475.0559692,12.01323509,140.0359344,3.483127356,0.995179236,5.068652511,0.00057321,139.5036011,12.4288044,132,121,0.000662761,2.299410254,4599,2.184439749,8.33791E-06,1089.93457,5.081641197,9.007723808,281.4811401,498.9538269,108,070801030607,32
1255,F070801030607_101,5041.701267,43967.85264,10.86005974,1878.790283,76,2690.688477,36.70700073,427.8863525,10.64285851,3.040816784,36.67310974,0.004147331,156.5014801,13.89103889,1071,975,0.005340426,22.00028223,44001,20.90026788,7.97754E-05,4569.478516,1.926964402,4.686644554,89.89311981,218.6325378,108,070801030607,32
1256,F070801030607_104,6647.50213,57222.48899,14.133955,2445.174316,67,3087.138428,47.77276611,556.8778076,13.85127544,3.957507372,40.76277871,0.004609829,139.4997406,12.42850399,1065,970,0.005313039,145.2782715,290557,138.0143574,0.000526795,5532.3125,2.520798206,5.703414917,17.71681213,40.08505249,108,070801030607,32
1257,F070801030607_106,3806.516571,32443.53104,8.013551712,1386.344482,70,1828.692505,27.08580399,315.7339478,7.853280544,2.243794441,22.887892,0.002588373,159.3334961,14.16392708,682,621,0.00340144,89.31660461,178634,84.85077515,0.000323872,3215.037109,2.232438803,5.177193642,16.33861923,37.89048767,108,070801030607,32
1258,F070801030607_14,5375.366937,47045.90786,11.62033939,2010.318726,56,2121.40918,39.27674866,457.8413696,11.38793278,3.253695011,32.60057378,0.003686772,151.3991852,13.42145634,920,837,0.00458455,47.94512177,95891,45.54786444,0.000173854,4131.728027,2.401814461,4.936353683,44.13639832,90.71178436,108,070801030607,32
1259,F070801030607_19,11728.65626,104316.9387,25.76628304,4457.566895,66,5543.874023,87.09003448,1015.191528,25.25095749,7.214559078,76.21796547,0.008619426,148.0001678,13.12370777,2103,1913,0.010478189,43.61588849,87232,41.43509487,0.000158156,10001.44141,2.330144644,5.228145123,107.5795059,241.3760986,108,070801030607,32
1260,F070801030607_212,1531.457025,13215.70594,3.264279366,564.7203369,50,532.0775757,11.03326416,128.6126099,3.198993683,0.913998246,8.368976355,0.000946441,130.9974976,11.79845142,208,190,0.001040698,,,,,1096.797852,2.972212315,5.772620201,,,108,070801030607,32
1261,F070801030607_246,2817.209735,24184.1218,5.973478317,1033.411743,83,1616.303711,20.19035721,235.3550415,5.854008675,1.672573924,22.19168925,0.00250964,139.5011749,12.42861557,579,528,0.002892046,44.54519367,89090,42.31793356,0.000161526,2649.715332,1.957219243,5.018400192,24.42018509,62.61447906,108,070801030607,32
1262,F070801030607_285,8785.67133,75873.43341,18.74073792,3242.147705,70,4276.63623,63.34369278,738.3850708,18.36592293,5.247406483,57.10441098,0.00645789,130.9998474,11.79861641,1416,1289,0.007060316,34.3206306,68642,32.60459815,0.00012445,7518.78418,2.515242577,5.833036423,99.43835449,230.6050262,108,070801030607,32
1263,F070801030607_288,5321.268386,46030.90238,11.36963272,1966.946411,43,1593.794922,38.42935944,447.9635315,11.14224052,3.18349719,25.77745581,0.002915151,147.9997406,13.12367058,711,647,0.003543852,99.97504306,199949,94.97629046,0.00036252,3560.741211,3.04010272,5.503464222,20.70986748,37.49084473,108,070801030607,32
1264,F070801030607_308,1477.29455,12457.10642,3.076905251,532.3046265,48,481.4741211,10.39993954,121.2300644,3.015367031,0.861533463,6.684874892,0.000755987,139.4989319,12.42844105,175,160,0.000876378,4.088259578,8176,3.883846521,1.48245E-05,1013.778748,3.32690382,6.336117268,137.0560455,261.0244141,108,070801030607,32
1265,F070801030607_317,2378.448009,21221.88312,5.241805077,906.8322754,64,1093.650269,17.71730042,206.5271149,5.13696909,1.467705369,14.11786747,0.001596578,142.3313446,12.65251446,376,342,0.001873257,37.95711899,75914,36.05926132,0.000137637,2000.482544,2.651556253,5.849364281,25.14838791,55.47763443,108,070801030607,32
1266,F070801030607_333,7176.482009,63220.72792,15.61551952,2701.484863,50,2545.32959,52.78045654,615.2514648,15.3032093,4.372345448,48.22646743,0.005453891,148.0015106,13.12382317,1331,1211,0.006633082,168.2633669,336526,159.850194,0.000610141,5246.814453,2.230788469,4.332629681,16.90010452,32.8233223,108,070801030607,32
1267,F070801030607_334,953.6964539,8194.546133,2.024052858,350.1611328,34,224.3460236,6.84129858,79.74768066,1.983571768,0.566734791,7.394079685,0.00083619,147.9994659,13.12364769,204,186,0.001018789,27.61919212,55238,26.23823166,0.00010015,574.5071411,1.882586718,3.088747978,13.34545517,21.89580345,108,070801030607,32
1268,F070801030607_336,1850.555548,16131.81843,3.984559059,689.3287354,43,558.555481,13.46780968,156.9916229,3.904867887,1.115676522,10.58683705,0.001197257,148.0030518,13.12395477,292,266,0.001456978,42.48328337,84966,40.35912092,0.000154049,1247.884277,2.59146142,4.691294193,17.07987404,30.9195118,108,070801030607,32
1269,F070801030607_346,1024.737859,8582.853558,2.119964838,366.7539063,47,324.8210144,7.165481091,83.52661133,2.077565432,0.59359014,4.992920637,0.000564645,147.9899139,13.12282658,137,124,0.000679193,,,,,691.5749512,2.957692862,5.577217579,,,108,070801030607,32
1270,F070801030607_355,1823.860947,15625.82076,3.859577656,667.7069092,63,792.6800537,13.04537201,152.0673523,3.782386065,1.080681801,9.587811406,0.001084278,130.9971619,11.79842758,238,217,0.001188587,30.26216894,60524,28.7490614,0.000109734,1460.386963,3.076990366,6.729893684,23.22534561,50.79772568,108,070801030607,32
1271,F070801030607_42,4604.193661,40255.97583,9.943225861,1720.178101,64,2074.554932,33.60810471,391.763092,9.744360924,2.784103155,27.5296253,0.003113302,148.0001678,13.12370777,759,691,0.003784855,84.6977706,169396,80.46287966,0.000307123,3794.73291,2.489403963,5.491653919,21.3785305,47.1612854,108,070801030607,32
1272,F070801030607_45,2051.952889,17465.06431,4.313870907,746.2996826,80,1125.057495,14.58088398,169.966507,4.227593422,1.207883835,10.89409781,0.001232004,148.0003052,13.12371922,301,273,0.001495319,24.84857273,49697,23.606143,9.01036E-05,1871.357178,2.733698368,6.854788303,31.61463928,79.27416229,108,070801030607,32
1273,F070801030607_48,2915.025019,25610.77533,6.325861454,1094.374023,76,1567.29541,21.38141251,249.2389374,6.199344158,1.771241188,22.32104874,0.002524269,147.9997406,13.12367058,616,561,0.003072799,10.83360314,21667,10.29192317,3.92838E-05,2661.669434,1.950755835,4.744508743,106.3332901,258.6173096,108,070801030607,32
1274,F070801030607_60,4131.478642,36438.36358,9.000275612,1557.047729,61,1789.7948,30.42093086,354.6108704,8.820270538,2.520077229,29.41811227,0.00332687,131.0010376,11.79870033,730,665,0.003642444,66.22331536,132446,62.91214898,0.000240133,3346.842529,2.34142518,5.032845974,24.74955559,53.19866943,108,070801030607,32
1275,F070801030607_82,1963.75847,16648.70036,4.11222887,711.4155884,64,857.9754028,13.89933395,162.0218201,4.029984474,1.15142405,10.6041379,0.001199213,139.4991302,12.42845631,277,252,0.001380295,27.95702744,55914,26.55917645,0.000101375,1569.390991,2.823077679,6.227742195,26.78605652,59.09034729,108,070801030607,32
1276,F070801030607_83,3707.231051,32321.23392,7.983344555,1381.118652,48,1249.233765,26.98370552,314.5437622,7.82367754,2.235336542,27.03423119,0.003057279,139.5009918,12.42860126,706,642,0.003516465,22.37010956,44740,21.25160408,8.11165E-05,2630.352539,2.151275158,4.097122192,64.98891449,123.7719498,108,070801030607,32
1277,F070801030607_91,1518.035432,13092.82487,3.233927727,559.4694824,81,853.9509277,10.93067551,127.4167557,3.169249058,0.905499756,13.70902544,0.001550342,131.0046844,11.79895782,340,309,0.001692504,18.64972985,37299,17.71724236,6.7626E-05,1413.42041,1.81058085,4.574176311,31.5776844,79.77655029,108,070801030607,32
1278,F070802060301_119,4996.340121,42794.7074,10.57029247,1828.660645,78,2687.814209,35.72758865,416.4695129,10.35888672,2.959681988,35.05115408,0.003963906,139.5002289,12.42854214,917,834,0.004568118,67.28443615,134568,63.9202138,0.000243981,4516.474609,2.192638636,5.415437222,28.60848808,70.65800476,108,070802060301,32
1279,F070802060301_126,6074.084944,53175.54065,13.13435841,2272.243896,87,3725.166992,44.39413071,517.4937134,12.87167168,3.677620411,37.67162955,0.004260253,130.9999847,11.7986269,934,850,0.004655756,47.18565273,94371,44.82637119,0.0001711,5997.411133,2.673228025,7.055778027,50.68989182,133.7920227,108,070802060301,32
1280,F070802060301_129,2407.636635,20720.93202,5.118070126,885.4261475,68,1134.57373,17.29907608,201.6519623,5.015708923,1.433059692,16.92972878,0.001914569,100.495575,9.987071037,355,323,0.001769187,,,,,2019.999878,2.741257429,6.253869534,,,108,070802060301,32
1281,F070802060301_130,3580.155721,30632.1743,7.566146851,1308.943359,92,2269.23877,25.57357597,298.1062012,7.414824009,2.118521214,30.07683783,0.003401365,131.0015411,11.79873657,746,679,0.003719127,38.83496855,77670,36.89322145,0.00014082,3578.182129,1.92775166,5.269782066,35.4792366,96.98751831,108,070802060301,32
1282,F070802060301_131,2722.833179,23319.51626,5.759920597,996.4662476,86,1614.851318,19.46853256,226.9408722,5.644721985,1.61277771,18.6144194,0.002105089,130.9988556,11.79854679,462,421,0.002305968,6.826617271,13653,6.485286504,2.47541E-05,2611.317627,2.366903305,6.202654839,153.6502991,402.6526184,108,070802060301,32
1283,F070802060301_132,1587.660393,13728.41384,3.390918255,586.6288452,75,829.0795898,11.46130371,133.6021729,3.323099852,0.949457109,9.39962887,0.001062996,130.9914551,11.79802513,234,213,0.001166678,4.056421088,8113,3.853600111,1.4709E-05,1415.708496,2.754126072,6.646518707,152.228775,367.3729553,108,070802060301,32
1284,F070802060301_161,6666.01559,58615.99939,14.47815228,2504.720459,70,3303.914063,48.93615341,570.439209,14.1885891,4.053882599,39.96453675,0.004519556,139.5000763,12.42852974,1044,949,0.005198014,118.153503,236307,112.2458277,0.000428438,5808.634766,2.639326096,6.12079525,22.31459808,51.74922562,108,070802060301,32
1285,F070802060301_188,7239.423331,63507.44806,15.68633938,2713.736816,73,3733.035156,53.0198288,618.041748,15.37261295,4.392175198,45.95807685,0.005197361,131.0005951,11.79866982,1141,1039,0.005690977,104.3372115,208675,99.12035225,0.000378338,6446.771973,2.611873627,6.204785347,27.37820053,65.0398407,108,070802060301,32
1286,F070802060301_192,9722.687383,84656.68296,20.91020012,3617.4646,70,4771.70752,70.67647552,823.8618774,20.49199677,5.854856014,64.83003412,0.007331575,139.5001373,12.42853451,1694,1542,0.008446088,176.1770444,352355,167.3681893,0.000638837,8389.171875,2.345956326,5.440448761,21.61381149,50.12405396,108,070802060301,32
1287,F070802060301_202,7521.069887,65794.50736,16.25124359,2811.465088,72,3814.491455,54.92920303,640.2990112,15.92621899,4.550348282,54.0242938,0.006109562,130.9987793,11.79854107,1340,1220,0.006682379,24.1937741,48388,22.98408541,8.77293E-05,6625.956543,2.304479599,5.431111813,122.3222504,288.2845459,108,070802060301,32
1288,F070802060301_225,2357.200541,20238.3047,4.998861313,864.8029785,90,1466.665894,16.89615059,196.9551392,4.898884296,1.399681211,19.23298421,0.002175042,139.5021973,12.42869473,504,458,0.002508631,35.61450106,71228,33.83377526,0.000129142,2331.46875,1.888216138,5.09054327,25.5603447,68.90950775,108,070802060301,32
1289,F070802060301_227,857.3548637,7102.549533,1.754329681,303.4990234,93,531.8776855,5.929634094,69.12059021,1.71924305,0.491212308,4.53520155,0.000512882,,,,,,,,,,835.376709,,,,,108,070802060301,32
1290,F070802060301_346,5133.434315,44572.49477,11.00940609,1904.627197,87,3122.487793,37.21179199,433.7705994,10.78921795,3.082633734,33.20179844,0.003754764,130.9983368,11.79851055,824,750,0.00410802,49.89962482,99799,47.40464211,0.000180941,5027.115234,2.539502859,6.702820301,40.17807388,106.0468979,108,070802060301,32
1291,F070802060301_355,5705.456871,50590.40437,12.49582958,2161.778564,87,3544.067383,42.23590469,492.3356934,12.24591255,3.498832226,43.24080867,0.004890067,130.9987946,11.79854298,1073,976,0.005345903,64.64946898,129299,61.41699551,0.000234426,5705.845703,2.214936972,5.846153259,35.1983757,92.90336609,108,070802060301,32
1292,F070802060301_357,806.2071609,7108.70928,1.75585115,303.7622375,85,486.5463562,5.934776783,69.18053436,1.720734119,0.491638333,6.125689592,0.000692749,131.00177,11.79875278,152,138,0.000755876,2.121186415,4242,2.015126987,7.69165E-06,790.3085938,2.20117569,5.726873875,150.7409973,392.1879883,108,070802060301,32
1293,F070802060301_401,1757.674528,15019.7452,3.709877014,641.8087158,59,713.5578003,12.53938389,146.1691589,3.635679483,1.03876555,8.326407485,0.000941626,153.6703796,13.62705421,238,217,0.001188587,0.661949388,1324,0.628851913,2.4003E-06,1355.366455,2.957643747,6.245928288,1020.603882,2155.302979,108,070802060301,32
1294,F070802060301_91,2590.929846,22618.46979,5.586761951,966.5098267,79,1438.814697,18.883255,220.1184235,5.475026608,1.564293385,22.15773129,0.002505799,131.001709,11.79874802,549,500,0.00273868,57.63343477,115266,54.75176382,0.000208985,2405.324463,1.933019638,4.810648918,17.65257835,43.93144989,108,070802060301,32
1295,F070802060301_94,12911.87982,113075.8954,27.92974663,4831.846191,79,7193.026855,94.40254211,1100.432007,27.37115097,7.820329189,83.84088014,0.009481495,142.3330078,12.65264797,2231,2031,0.011124517,159.3367291,318674,151.3698915,0.000577772,12024.87305,2.379047871,5.920666218,31.92078781,79.44032288,108,070802060301,32
1296,F070802060301_99,2661.366946,23242.48761,5.740894318,993.1747437,70,1310.072144,19.40422249,226.1912384,5.626076221,1.607450366,20.61750031,0.002331616,131.0044098,11.79893875,512,466,0.00255245,,,,,2303.246826,2.131276369,4.94258976,,,108,070802060301,32
1297,F070802060302_103,1866.102944,16062.83653,3.967520714,686.3811035,51,659.6399536,13.41022015,156.3203125,3.888170242,1.110905766,8.445238829,0.000955065,130.9949646,11.79827213,209,191,0.001046176,4.432294846,8865,4.210680127,1.6072E-05,1346.020996,3.593618393,7.047230244,163.009552,319.6683044,108,070802060302,32
1298,F070802060302_129,10225.92292,89710.60831,22.15851974,3833.423828,51,3684.075439,74.89579773,873.0456543,21.7153492,6.204385757,63.61797488,0.007194504,139.4996796,12.42849922,1662,1513,0.008287245,241.9154387,483831,229.8196714,0.000877212,7517.499023,2.533657551,4.968604565,16.68013763,32.71042633,108,070802060302,24
1299,F070802060302_133,1639.686879,14003.6768,3.458908081,598.3911133,53,597.630188,11.69110966,136.2809753,3.389729977,0.968494236,11.15057182,0.001261009,130.9992218,11.79857254,277,252,0.001380295,41.86834335,83737,39.77492523,0.000151819,1196.02124,2.374567986,4.746116161,15.04443073,30.06972885,108,070802060302,24
1300,F070802060302_135,1588.527923,13242.26786,3.270840168,565.8553467,47,501.1581421,11.05543995,128.871109,3.205423355,0.915835261,6.961500645,0.00078727,130.9980774,11.79849243,173,157,0.000859945,15.83530664,31670,15.04354095,5.74206E-05,1067.013428,3.604174137,6.796263695,37.61450577,70.92834473,108,070802060302,32
1301,F070802060302_14,1371.561627,11490.72899,2.838210106,491.0103455,40,370.1026001,9.593150139,111.8254776,2.78144598,0.794698834,8.222161055,0.000929837,139.4960327,12.42821503,215,196,0.001073562,45.07675934,90154,42.82291985,0.000163453,861.112915,2.505154848,4.393433094,11.46606445,20.10869217,108,070802060302,24
1302,F070802060302_15,6700.714002,59192.43867,14.62053204,2529.352051,53,2526.135498,49.41739655,576.0489502,14.32812119,4.093749046,44.96365631,0.005084902,130.9985199,11.79852295,1116,1015,0.00555952,21.1939221,42387,20.13422525,7.68515E-05,5055.487305,2.491972446,4.980775833,125.6245041,251.0892334,108,070802060302,24
1303,F070802060302_160,6264.967854,55194.67055,13.63308334,2358.523438,52,2311.080566,46.07982254,537.1434937,13.36042213,3.817263365,43.43194306,0.004911682,142.3334045,12.65267944,1155,1051,0.005756705,17.53827029,35076,16.66135609,6.35957E-05,4669.604004,2.244075537,4.44301033,141.5565186,280.2655334,108,070802060302,32
1304,F070802060302_163,2797.42297,24299.52291,6.001982212,1038.342896,52,1017.456055,20.2866993,236.4781036,5.881942749,1.680554986,17.76042831,0.002008512,130.9978638,11.79847717,440,401,0.002196421,64.42554855,128852,61.20427036,0.000233614,2055.798828,2.589383841,5.126680374,16.96520424,33.58914185,108,070802060302,24
1305,F070802060302_164,5152.680265,44486.51764,10.98816967,1900.953369,69,2471.679199,37.14001465,432.9338989,10.76840591,3.076687574,36.76864558,0.004158135,130.9990234,11.79855919,911,829,0.004540731,63.75391489,127508,60.56622094,0.000231179,4372.632813,2.293067932,5.274587154,31.38636208,72.19589996,108,070802060803,24
1306,F070802060302_166,3077.293707,26311.22032,6.498871326,1124.304688,46,974.5708008,21.96618462,256.055542,6.3688941,1.819684029,16.88019489,0.001908967,142.3311768,12.65250111,449,408,0.002234763,57.45897545,114917,54.58602571,0.000208353,2098.875488,2.755648851,5.144302845,20.59693336,38.45078278,108,070802060407,32
1307,F070802060302_180,4208.62038,36648.34636,9.05214119,1566.020386,54,1593.53894,30.59623718,356.6543579,8.871098518,2.534599543,31.26298049,0.003535504,131.0021667,11.79878044,775,705,0.003861538,126.9416373,253883,120.594555,0.000460304,3159.559326,2.221305609,4.48164463,12.98583031,26.19985008,108,070802060302,32
1308,F070802060302_183,7852.979959,68137.18031,16.82988358,2911.569824,75,4114.906738,56.88500595,663.0974121,16.49328613,4.712367535,55.79492019,0.006309801,148.0007477,13.12375736,1540,1401,0.007673781,101.602971,203206,96.52282493,0.000368424,7026.476563,2.078208208,5.015329361,30.16457367,72.79601288,108,070802060302,32
1309,F070802060302_190,2117.985956,18840.8174,4.653681755,805.0869141,42,637.1821289,15.7294445,183.3550568,4.56060791,1.303030849,15.19608322,0.001718512,130.996521,11.79838181,377,343,0.001878734,42.33263168,84664,40.21600062,0.000153503,1442.269043,2.347192287,4.204865932,20.01906967,35.86306381,108,070802060302,32
1310,F070802060302_197,4982.163285,43585.93409,10.76572609,1862.470581,83,2912.98999,36.38815308,424.1696167,10.55041122,3.014403343,31.02945304,0.003509095,147.9990692,13.12361336,857,780,0.00427234,46.02034807,92042,43.71933031,0.000166875,4775.460449,2.387782812,6.122385025,42.60062027,109.2299576,108,070802060302,32
1311,F070802060302_200,5385.26864,46611.49477,11.51303959,1991.755859,54,2026.755371,38.91407394,453.6137695,11.28277874,3.223651171,28.60068119,0.003234427,130.9982147,11.79850197,709,645,0.003532897,102.8080835,205616,97.66767693,0.000372793,4018.51123,3.087993622,6.230249882,20.3931942,41.14474106,108,070802060302,32
1312,F070802060302_201,2851.619156,24760.18038,6.115764618,1058.027222,47,937.0574341,20.67128372,240.9611206,5.993449211,1.712414145,21.43529177,0.002424099,130.9964752,11.79837894,532,484,0.002651042,98.16489792,196330,93.25665283,0.000355957,1995.084717,2.186006546,4.122076035,11.34532738,21.39348412,108,070802060302,32
1313,F070802060302_203,1768.23783,15116.78576,3.733846188,645.9553833,58,705.9955444,12.62040043,147.1135406,3.659169197,1.045476913,10.69285677,0.001209246,130.9940491,11.79820824,265,242,0.001325521,,,,,1351.950928,2.669237137,5.586574078,,,108,070802060302,32
1314,F070802060302_21,1995.25156,17642.42739,4.357679367,753.87854,67,951.8043213,14.72895622,171.6925659,4.270525932,1.220150232,9.451325417,0.001068843,130.9980469,11.79848957,234,213,0.001166678,9.987231255,19974,9.487869263,3.62148E-05,1705.682861,3.539335966,8.007901192,79.45709991,179.775116,108,070802060302,32
1315,F070802060302_22,4446.897425,38296.64717,9.459271431,1636.453979,83,2559.489746,31.97233772,372.695282,9.270086288,2.648596048,30.15478867,0.00341018,131.0003967,11.79865551,748,681,0.003730082,55.60815775,111216,52.82774961,0.000201641,4195.943848,2.40301609,6.161444664,30.97716713,79.42688751,108,070802060302,32
1316,F070802060302_224,3120.011862,27212.60061,6.721512318,1162.821655,78,1709.146118,22.71871185,264.8275757,6.587081909,1.882023454,23.36480093,0.002642306,130.9976654,11.79846287,580,528,0.002892046,58.84988022,117700,55.90738773,0.000213396,2871.967773,2.202313662,5.439332962,20.79907036,51.3700943,108,070802060301,32
1317,F070802060302_231,8291.067698,72923.35276,18.01206779,3116.087646,61,3581.879883,60.88079071,709.6754761,17.65182686,5.04337883,78.31152725,0.008856185,131.0003967,11.79865551,1943,1769,0.009689449,34.25110841,68503,32.53855276,0.000124198,6697.967773,1.761496663,3.786301851,95.76602173,205.8471375,108,070802060302,24
1318,F070802060302_247,1115.731203,9413.213345,2.325063705,402.2360229,69,522.9998169,7.858715534,91.60751343,2.278562546,0.651017845,7.334605217,0.000829464,130.9955292,11.79831219,182,166,0.000909242,3.768429756,7537,3.580008268,1.36647E-05,925.2358398,2.423108578,5.573709965,112.3561707,258.4451599,108,070802060302,24
1319,F070802060302_253,9134.350322,79275.54786,19.58106041,3387.523438,66,4226.211426,66.18398285,771.4937744,19.18943977,5.48269701,58.96509733,0.006668314,139.5003967,12.42855453,1540,1401,0.007673781,177.5419615,355084,168.6648675,0.000643787,7613.734863,2.41793251,5.434500217,20.08434486,45.14120102,108,070802060302,24
1320,F070802060302_255,1371.818342,11755.68261,2.903653622,502.3320618,72,681.5455322,9.814349174,114.4039536,2.845580578,0.813023031,8.606826782,0.000973339,100.4849854,9.986546516,181,165,0.000903764,,,,,1183.877563,3.044436693,7.17501545,,,108,070802060302,32
1321,F070802060302_268,3909.12358,33905.80652,8.374733925,1448.828979,76,2074.924072,28.30660057,329.9645081,8.207239151,2.344925404,23.08859902,0.00261107,131.0019226,11.79876328,573,522,0.002859182,39.35665076,78712,37.3888167,0.000142712,3523.75293,2.775534391,6.750484467,38.75032806,94.24617767,108,070802060302,32
1322,F070802060302_270,9201.637179,79677.01584,19.68022346,3404.678711,55,3528.664063,66.51915741,775.4008179,19.28661919,5.510462761,55.10900551,0.006232231,100.5013962,9.987359047,1157,1054,0.005773137,,,,,6933.342773,3.230245352,6.578124046,,,108,070802060302,32
1323,F070802060302_273,3313.309241,29244.54195,7.223402023,1249.64856,51,1200.962769,24.41509819,284.6020508,7.078934193,2.02255249,22.66025352,0.002562629,159.3323212,14.16381168,675,614,0.003363099,36.42620778,72853,34.60489702,0.000132085,2450.611328,2.035258293,3.991223574,36.11190033,70.81689453,108,070802060302,24
1324,F070802060302_29,3856.692187,32898.1888,8.125852585,1405.772461,73,1933.790405,27.46538162,320.1585999,7.963335514,2.275238752,20.83095992,0.002355756,130.9996948,11.79860592,518,471,0.002579836,38.8989867,77799,36.95403814,0.000141052,3339.562988,2.984654903,7.090367317,38.04110718,90.37071991,108,070802060302,32
1325,F070802060302_338,4611.162316,40585.11735,10.02452374,1734.242554,92,3006.554932,33.88288879,394.9662476,9.824033737,2.806866646,43.11905542,0.004876298,130.9983826,11.79851341,1069,973,0.005329471,12.65332799,25307,12.02066126,4.58824E-05,4740.797363,1.782366395,4.872350693,144.2718048,394.3873901,108,070802060302,32
1326,F070802060302_352,4191.003968,36355.4332,8.979791641,1553.503906,87,2546.848389,30.35169601,353.8038025,8.800195694,2.514341593,30.9161911,0.003496286,130.9982605,11.79850483,766,698,0.003823197,35.28094816,70562,33.51689959,0.000127933,4100.352539,2.225650311,5.874430656,46.34986877,122.3368683,108,070802060302,32
1327,F070802060302_36,4452.847731,38139.87723,9.420549393,1629.755005,76,2334.035645,31.84145737,371.1696472,9.232138634,2.637753725,30.87209558,0.0034913,130.9992371,11.79857349,766,697,0.00381772,39.98265743,79965,37.98352528,0.000144981,3963.790527,2.338242531,5.686930656,42.90689087,104.3555222,108,070802060302,32
1328,F070802060302_361,1096.369795,9499.288481,2.346324205,405.914093,88,673.1135864,7.930575848,92.44517517,2.299397707,0.656970799,7.350017905,0.000831207,,,,,,,,,,1079.02771,,,,,108,070802060302,32
1329,F070802060302_367,4072.761606,35663.03642,8.80877018,1523.917236,78,2239.893799,29.77364349,347.0655518,8.632595062,2.466455698,34.67799297,0.003921705,131.0008545,11.79868793,860,782,0.004283295,89.70677733,179414,85.22143942,0.000325287,3763.811035,1.948743224,4.813057423,17.8818531,44.16507339,108,070802060302,32
1330,F070802060302_369,1166.873951,10143.29158,2.505393028,433.4329834,76,620.7362061,8.46822834,98.71248627,2.455285072,0.701510072,7.46894297,0.000844657,139.4996948,12.42850018,195,177,0.000969493,27.57838047,55156,26.19946051,0.000100002,1054.169189,2.448773861,5.955758095,16.54358482,40.23629379,108,070802060302,32
1331,F070802060302_370,5082.910669,44381.18917,10.96215343,1896.452515,77,2751.719727,37.05207825,431.908844,10.74291039,3.069402933,43.57085778,0.004927392,130.997879,11.79847813,1081,984,0.005389722,66.63129224,133263,63.29972856,0.000241612,4648.172363,1.927289128,4.723752499,29.95988464,73.43115997,108,070802060302,32
1332,F070802060302_372,5790.199899,50842.4557,12.5580864,2172.548828,74,3029.512695,42.44633102,494.7886047,12.30692482,3.5162642,39.07736027,0.004419226,131.0000916,11.79863358,969,881,0.004825554,96.99903464,193999,92.14908361,0.000351729,5202.061523,2.46600318,5.904723644,23.57645607,56.45266724,108,070802060302,32
1333,F070802060302_378,5051.762071,43840.12913,10.82851219,1873.332642,63,2223.959717,36.60037231,426.6433716,10.61194229,3.031983376,35.9834476,0.004069338,131.0002747,11.79864693,892,811,0.004442139,17.31072904,34621,16.44519249,6.27706E-05,4097.29248,2.309904575,5.052148342,113.9136963,249.1483459,108,070802060302,32
1334,F070802060302_380,1553.906409,13420.60737,3.314889908,573.4759521,57,615.9728394,11.20432758,130.6066589,3.248592138,0.928169191,9.952066735,0.001125471,148.0048828,13.12411213,274,249,0.001363863,36.83048156,73661,34.98895901,0.000133551,1189.44873,2.303116322,4.776902676,16.39019775,33.99497223,108,070802060302,32
1335,F070802060302_396,4422.186822,38863.95352,9.599396706,1660.695679,64,2002.818115,32.445961,378.216217,9.407408714,2.687831163,32.71140742,0.003699306,131.0000763,11.79863262,812,739,0.004047769,112.4932079,224986,106.8685493,0.000407913,3663.513672,2.247220039,4.957393169,15.53961086,34.28055954,108,070802060302,32
1336,F070802060302_397,1651.526914,14315.11706,3.535833836,611.6992798,57,657.0286865,11.95111847,139.3118591,3.465117216,0.990033448,11.12600386,0.001258231,131.0050964,11.79898739,276,251,0.001374817,5.316846013,10634,5.051003933,1.92795E-05,1268.728027,2.437048912,5.054693222,121.1044922,251.1833344,108,070802060302,32
1337,F070802060302_399,1884.165647,16184.25822,3.997511864,691.5695801,48,625.5306396,13.51159,157.5019684,3.917561531,1.119303346,15.72692204,0.001778545,142.334671,12.65278149,418,380,0.002081397,42.85604095,85712,40.71323776,0.000155401,1317.10022,1.819919944,3.466053247,16.98635674,32.35066223,108,070802060302,32
1338,F070802060302_400,2445.494438,21149.93803,5.224034786,903.7579956,54,919.6390991,17.65723801,205.8269653,5.119554043,1.462729692,17.57148873,0.001987145,130.9996185,11.79860115,436,396,0.002169034,10.22076558,20442,9.709727407,3.70616E-05,1823.397095,2.282217264,4.604537964,93.07758331,187.7907562,108,070802060302,32
1339,F070802060302_407,3100.15586,26768.68242,6.611864567,1143.852539,82,1767.483521,22.34810257,260.5074768,6.479627132,1.851322055,18.27885932,0.002067141,131.0010529,11.79870224,453,412,0.002256672,50.71733094,101434,48.18146592,0.000183907,2911.335938,2.7763412,7.066349506,23.74050903,60.42439651,108,070802060302,32
1340,F070802060302_410,1296.188056,11325.80595,2.797474146,483.9630127,67,611.024292,9.455462456,110.2204819,2.741524696,0.78329277,6.499138355,0.000734982,130.9990845,11.798563,161,147,0.000805172,11.6433773,23287,11.06120872,4.22202E-05,1094.987305,3.292265415,7.44889307,43.75317764,98.99346161,108,070802060302,32
1341,F070802060302_412,1185.293299,9788.021687,2.417641401,418.2519531,50,394.0755005,8.171627998,95.25507355,2.369288683,0.676939607,6.199817546,0.000701132,139.4969482,12.42828655,162,147,0.000805172,21.9292856,43858,20.83282091,7.9518E-05,812.3274536,2.845251322,5.526037216,20.07658768,38.99267578,108,070802060302,32
1342,F070802060302_416,2508.444545,21359.77243,5.275863647,912.7244263,61,1049.158325,17.83241844,207.8690338,5.17034626,1.477241874,14.15496159,0.001600773,130.9974823,11.79845047,351,319,0.001747278,44.2426796,88485,42.03054428,0.000160429,1961.882813,2.861205101,6.150103092,21.71574211,46.67755127,108,070802060302,32
1343,F070802060302_419,5483.249345,47512.70459,11.73563766,2030.265259,49,1874.650635,39.66645432,462.3841248,11.50092506,3.285978556,32.72529507,0.003700876,130.9986267,11.79853058,812,739,0.004047769,107.2531853,214506,101.8905258,0.000388912,3904.916016,2.747314215,5.284054279,19.92594719,38.32462311,108,070802060302,32
1344,F070802060302_425,1354.327774,11858.29915,2.928999901,506.71698,77,735.2375488,9.900019646,115.4025955,2.870419979,0.820119977,8.577273369,0.000969997,131.0050049,11.79898071,213,194,0.001062608,18.95626831,37913,18.00845528,6.87375E-05,1241.95459,2.611943245,6.401827812,28.13772583,68.96508026,108,070802060302,32
1345,F070802060302_44,7731.33443,67275.25024,16.61698723,2874.73877,56,3033.597168,56.16541672,654.7092896,16.28464699,4.652756214,52.85944438,0.00597783,131.0010376,11.79870033,1311,1194,0.006539967,72.4656657,144931,68.84238255,0.000262768,5908.335938,2.407653809,4.948355198,41.75827026,85.82410431,108,070802060302,32
1346,F070802060302_453,3113.509801,27169.11896,6.710772514,1160.963623,81,1772.046509,22.68241119,264.4044495,6.576557159,1.87901628,13.79423118,0.001559978,159.3347015,14.16404533,411,374,0.002048532,20.39946139,40799,19.37948883,7.39707E-05,2933.010254,3.104180813,7.842273235,59.9068222,151.3461151,108,070802060302,32
1347,F070802060302_46,5748.534417,49672.75665,12.26917076,2122.56665,61,2439.847412,41.46979904,483.4053345,12.0237875,3.435367823,35.49947739,0.004014606,142.3330536,12.65265179,944,859,0.004705052,78.86065674,157721,74.91762543,0.000285957,4562.414063,2.470973969,5.311308384,28.33200645,60.89907455,108,070802060302,32
1348,F070802060302_460,1888.091033,16217.99304,4.005844116,693.0110474,52,679.0706787,13.53975296,157.8302612,3.925727129,1.121636391,18.30239172,0.002069802,147.9971466,13.12344837,505,460,0.002519585,34.88832538,69777,33.14390834,0.000126509,1372.081787,1.506545782,2.982786417,20.90915298,41.39770508,108,070802060302,32
1349,F070802060302_50,1138.000102,9618.818365,2.375848055,411.0217285,31,240.1032104,8.030366898,93.6084137,2.328330994,0.665237427,6.147339225,0.000695197,131.0010376,11.79870033,152,138,0.000755876,31.38006258,62760,29.81105995,0.000113788,651.124939,2.97841835,4.718296528,13.78755856,21.8417244,108,070802060302,32
1350,F070802060302_57,1613.4099,14226.36337,3.513911724,607.9067383,74,847.696106,11.87702179,138.4481201,3.443633556,0.983895302,10.18580145,0.001151904,131.0061188,11.79905891,253,230,0.001259793,27.4821478,54964,26.10803945,9.96533E-05,1455.602783,2.643072844,6.328707695,23.28427315,55.75304794,108,070802060302,32
1351,F070802060302_60,3946.787871,34786.23949,8.592201233,1486.450806,58,1624.613403,29.04163933,338.5327148,8.42035675,2.405816317,25.08716583,0.002837087,131.0021515,11.79877949,622,566,0.003100186,74.63938141,149279,70.90740967,0.000270651,3111.064209,2.626238108,5.496579647,20.96326447,43.87502289,108,070802060302,32
1352,F070802060302_69,9424.218427,82164.72786,20.29468727,3510.980957,77,5094.372559,68.59604645,799.6106567,19.88879395,5.682512283,69.45791016,0.007854937,130.9992065,11.79857159,1724,1569,0.008593977,131.5838378,263169,125.0046481,0.000477137,8605.353516,2.237718821,5.484610081,28.08680344,68.840271,108,070802060302,32
1353,F070802060302_73,8477.943755,73575.76894,18.17321587,3143.966309,80,4739.574707,61.42546844,716.0247192,17.80975151,5.0885005,62.7484352,0.007096168,131.0009003,11.7986908,1558,1418,0.007766896,120.4790839,240957,114.4551325,0.00043687,7883.541016,2.21718359,5.559619904,27.4689846,68.87887573,108,070802060302,32
1354,F070802060302_97,5174.463021,45234.69839,11.17297077,1932.92395,58,2112.585205,37.76464081,440.2150574,10.94951153,3.128431797,33.82762329,0.003825538,131.000412,11.79865646,839,764,0.004184703,77.80960384,155619,73.91912523,0.000282146,4045.509277,2.530005217,5.295169353,26.14917183,54.72885895,108,070802060302,32
1355,F070802060406_109,8667.544805,76084.03077,18.79275513,3251.146729,68,4165.978027,63.51951218,740.4345703,18.41690063,5.261971474,62.48731905,0.007066639,131.0007782,11.79868221,1551,1412,0.007734032,29.60755831,59214,28.12717965,0.00010736,7417.125,2.30251193,5.252921581,115.5873718,263.6995544,108,070802060406,32
1356,F070802060406_126,2742.378775,24284.46009,5.998261452,1037.699219,47,919.053772,20.27412415,236.3314972,5.878296375,1.679513216,14.83938681,0.001678174,131.0009308,11.79869366,369,336,0.001840393,23.79598452,47592,22.60618515,8.62868E-05,1956.75293,3.088390589,5.823669434,45.90333176,86.5582962,108,070802060406,32
1357,F070802060406_127,4682.355957,40978.64775,10.12172604,1751.058594,69,2276.780762,34.21143341,398.7960205,9.919291496,2.834083319,30.06627508,0.00340017,130.9993896,11.79858494,746,679,0.003719127,80.8851352,161771,76.84087867,0.000293298,4027.839355,2.578878641,5.93201685,22.78811264,52.41792297,108,070802060406,32
1358,F070802060406_128,5383.049624,46936.07579,11.59321117,2005.625488,60,2267.631836,39.18505478,456.772522,11.3613472,3.246099234,33.78807107,0.003821065,130.999527,11.79859447,838,763,0.004179225,143.142864,286286,135.9857187,0.000519052,4273.257324,2.628604889,5.600599289,14.74879456,31.42430878,108,070802060406,32
1359,F070802060406_130,2840.128935,24668.62348,6.093150139,1054.11499,56,1112.365479,20.59484673,240.0701141,5.971287251,1.706081986,14.55928171,0.001646497,130.9977112,11.79846573,361,329,0.001802051,8.537952602,17076,8.111055076,3.09596E-05,2166.480469,3.203996897,6.585047245,129.9602814,267.1021729,108,070802060406,32
1360,F070802060406_134,5690.422799,48633.52199,12.01247978,2078.158936,53,2075.516357,40.60218048,473.2917175,11.77223015,3.363494396,32.56341781,0.00368257,130.9983978,11.79851437,807,734,0.004020382,19.75795888,39515,18.77006094,7.16445E-05,4153.675293,2.831279278,5.658957958,110.7166824,221.2925873,108,070802060406,32
1361,F070802060406_135,2240.94619,19440.24342,4.80174017,830.7010498,53,829.6446533,16.22988129,189.1885681,4.705705166,1.34448719,15.17410946,0.001716027,130.9943085,11.79822636,376,342,0.001873257,8.425070763,16850,8.003817558,3.05502E-05,1660.345703,2.428950548,4.854812145,103.7881012,207.4442291,108,070802060406,32
1362,F070802060406_154,10171.71254,90052.36259,22.24293327,3848.027344,65,4713.277344,75.1811142,876.371582,21.79807472,6.228021145,65.95201802,0.007458459,147.9992065,13.1236248,1820,1656,0.009070507,26.56026584,53120,25.2322531,9.63104E-05,8561.304688,2.32368803,5.1698699,152.504303,339.3000488,108,070802060407,32
1363,F070802060406_163,5421.021714,46417.02911,11.46500587,1983.446045,57,2130.42749,38.75172043,451.7212219,11.23570538,3.21020174,30.63753692,0.003464774,130.9994965,11.79859161,760,692,0.003790333,129.3567048,258713,122.888867,0.000469062,4113.873535,2.866251469,5.944903851,16.14016151,33.47637177,108,070802060406,32
1364,F070802060406_166,2761.869868,23939.45559,5.913045406,1022.956848,80,1542.122314,19.98609352,232.9739838,5.794784546,1.655652761,17.99361406,0.002034883,142.3363342,12.652915,480,438,0.002399083,35.19403376,70388,33.43433224,0.000127617,2565.079102,2.335517883,5.856345177,30.59600067,76.7199173,108,070802060406,32
1365,F070802060406_170,4057.797389,35526.63137,8.77507782,1518.088501,70,2002.473022,29.65976334,345.7380676,8.599575996,2.457021713,26.39738196,0.002985258,147.9989014,13.12359905,729,663,0.003631489,68.56362462,137127,65.135445,0.000248619,3520.561523,2.289726257,5.310047626,23.30664253,54.04985809,108,070802060406,32
1366,F070802060406_195,10429.65014,91421.97841,22.58122826,3906.55249,83,6110.028809,76.32455444,889.7003784,22.12960434,6.322743893,83.27272569,0.009417243,139.4994049,12.42847729,2177,1980,0.010845172,172.0243537,344048,163.4231339,0.000623779,10016.58105,1.973006368,5.058879375,23.90452576,61.29230881,108,070802060406,32
1367,F070802060406_209,3595.881382,30785.84691,7.604104042,1315.51001,61,1512.152222,25.70187187,299.6016846,7.452022076,2.129149199,19.35404015,0.002188732,131.0002136,11.79864216,480,437,0.002393606,11.2844305,22569,10.72020912,4.09186E-05,2827.662109,3.010320425,6.47062254,122.713089,263.7693176,108,070802060406,32
1368,F070802060406_25,3638.772279,31699.291,7.829724789,1354.542358,59,1505.969238,26.46446991,308.4911499,7.673130512,2.192322969,29.40930679,0.003325874,142.335022,12.6528101,783,713,0.003905357,89.66691446,179335,85.18356781,0.000325142,2860.511719,1.899778962,4.011938095,15.90145111,33.58055878,108,070802060406,32
1369,F070802060406_278,4229.522707,36043.84162,8.90282917,1540.189453,59,1712.369995,30.09156227,350.7714844,8.724772453,2.49279213,29.71371054,0.003360299,130.9975586,11.79845524,736,669,0.003664354,76.47294087,152946,72.64929345,0.000277299,3252.55957,2.302226305,4.861823082,21.20033646,44.77069855,108,070802060406,32
1370,F070802060406_292,2116.172604,18040.56295,4.456018925,770.8912964,57,828.0174561,15.06134415,175.5671387,4.366898537,1.247685313,13.88929436,0.001570729,131.0040283,11.79891205,345,314,0.001719891,57.1716658,114343,54.31308237,0.000207311,1598.908691,2.455067873,5.092065811,14.19347382,29.43873978,108,070802060406,32
1371,F070802060406_306,758.7242272,6675.670798,1.648890734,285.2580872,87,467.6583557,5.573250771,64.96629333,1.615912914,0.461689413,5.851680279,0.000661762,147.9971466,13.12344837,161,147,0.000805172,8.878573418,17757,8.434644699,3.21947E-05,752.9164429,1.940531254,5.121880531,33.81980896,89.26474762,108,070802060406,32
1372,F070802060406_40,8006.787461,70981.58402,17.53245163,3033.114014,60,3429.347168,59.25968552,690.7785645,17.18180275,4.909086227,64.01632583,0.007239553,130.9998627,11.79861832,1588,1445,0.007914785,176.6078763,353215,167.7774858,0.0006404,6462.460938,2.099040747,4.47229147,18.07819366,38.51804733,108,070802060406,32
1373,F070802060406_93,4950.363757,43628.84781,10.77632523,1864.304321,73,2564.549805,36.42398071,424.5872192,10.56079865,3.017371178,32.13570726,0.0036342,131.0016022,11.79874039,797,725,0.003971086,64.06866479,128137,60.86523056,0.00023232,4428.854004,2.571454287,6.108764172,30.63003731,72.7649231,108,070802060406,32
1374,F070802060407_104,2309.243607,19550.26536,4.828915596,835.4024048,55,865.824585,16.32173538,190.2592773,4.732337475,1.352096319,15.09399557,0.001706967,130.9973297,11.79843903,374,340,0.001862302,64.58031464,129161,61.35129833,0.000234175,1701.227051,2.457065821,5.00360918,13.61670303,27.72927475,108,070802060407,32
1375,F070802060407_117,7390.472005,63796.44146,15.75772095,2726.085693,61,3133.580322,53.26109695,620.854187,15.44256687,4.412161827,49.53857458,0.005602276,148.0007629,13.12375832,1367,1244,0.006813835,173.8949742,347790,165.2002239,0.000630562,5859.666016,2.191387177,4.710342407,16.50170708,35.47008514,108,070802060407,32
1376,F070802060407_120,2999.930363,26124.40928,6.452729225,1116.322144,68,1430.44104,21.81022453,254.2375336,6.323674679,1.806764126,16.55115557,0.001871756,131.000824,11.79868603,411,374,0.002048532,45.96348763,91928,43.66531277,0.000166669,2546.763184,2.984818459,6.809527397,25.56542206,58.32463074,108,070802060407,32
1377,F070802060407_121,1194.312597,10131.79955,2.502554417,432.941925,50,407.9163818,8.458634377,98.60064697,2.452503443,0.700715244,5.918888092,0.000669362,69.98439789,8.715161324,108,98,0.000536781,,,,,840.8582764,4.417774677,8.580186844,,,108,070802060407,32
1378,F070802060407_131,5184.451905,43989.43312,10.86538982,1879.712402,63,2231.533691,36.72501755,428.096344,10.64808178,3.042309046,45.91630528,0.005192637,131.0016937,11.79874706,1139,1036,0.005674544,142.6071067,285213,135.4767537,0.000517109,4111.246094,1.814394236,3.968384266,13.87479687,30.34650612,108,070802060407,32
1379,F070802060407_137,1635.50965,13904.78881,3.434482813,594.1655273,73,817.3381958,11.60855198,135.3186188,3.365793228,0.9616552,10.78088951,0.001219202,100.4943771,9.987011909,227,206,0.001128336,,,,,1411.503662,2.884298563,6.851959705,,,108,070802060407,32
1380,F070802060407_142,2017.657519,17136.47412,4.232708931,732.258667,61,841.7163086,14.30655575,166.7687378,4.1480546,1.185158491,11.17784107,0.001264093,100.4952621,9.987055779,234,214,0.001172155,,,,,1573.974976,3.421769381,7.355023384,,,108,070802060407,32
1381,F070802060407_156,2469.011551,20999.39377,5.186850071,897.3250732,44,744.00177,17.53155327,204.3618927,5.083113194,1.452318072,13.64843845,0.001543491,156.5021057,13.89109898,399,363,0.001988282,7.82527113,15651,7.434007645,2.83753E-05,1641.326904,2.471969843,4.521561623,120.7054291,220.7862854,108,070802060407,32
1382,F070802060407_163,1723.476638,14709.32762,3.633203983,628.5443115,45,532.9910278,12.28022957,143.1482391,3.560539961,1.017297149,10.33171558,0.001168405,131.0079956,11.79919147,256,233,0.001276225,6.186202526,12372,5.876892567,2.24318E-05,1161.5354,2.697615147,4.98513031,106.9518127,197.6444855,108,070802060407,32
1383,F070802060407_179,2228.811686,18800.93516,4.643830776,803.3827515,49,741.805542,15.69614792,182.9669342,4.550954342,1.300272584,12.78517962,0.001445865,139.5054016,12.42894459,334,304,0.001665117,71.91178513,143823,68.31619453,0.00026076,1545.188232,2.642706394,5.082856178,11.75977039,22.61818314,108,070802060407,32
1384,F070802060407_184,1988.363135,17149.78712,4.2359972,732.8275146,38,524.7553101,14.31767082,166.8982849,4.151277065,1.186079264,9.313446999,0.00105325,147.9971466,13.12344837,257,234,0.001281702,41.70408249,83408,39.61887741,0.000151224,1257.582764,3.131741524,5.374285221,18.49692726,31.74200821,108,070802060407,32
1385,F070802060407_188,1964.97092,16834.72652,4.158177376,719.3646851,70,948.8961792,14.05463982,163.8321838,4.075013638,1.164289713,8.523194492,0.000963881,130.9867401,11.7976923,211,192,0.001051653,,,,,1668.260864,3.746690989,8.688858986,,,108,070802060407,32
1386,F070802060407_194,3094.12259,26980.25532,6.664123058,1152.893311,69,1499.027832,22.5247364,262.5664368,6.530840397,1.865954399,15.84890699,0.00179234,156.4976501,13.8906765,463,421,0.002305968,8.133167744,16266,7.726509571,2.94918E-05,2651.921143,2.738463879,6.299099922,149.2126923,343.2236938,108,070802060407,32
1387,F070802060407_242,1902.151276,17203.93574,4.249372005,735.1413574,76,1052.824463,14.36287785,167.4252625,4.164384365,1.189824104,9.550813675,0.001080094,100.5088043,9.987726212,201,183,0.001002357,,,,,1787.96582,4.017165661,9.77030468,,,108,070802060407,32
1388,F070802060407_308,2859.560345,24309.33454,6.004405499,1038.762207,57,1115.73877,20.29489136,236.5735779,5.884317398,1.681233525,16.35384369,0.001849443,131.002655,11.79881477,405,369,0.002021146,80.20611763,160412,76.19581413,0.000290836,2154.500977,2.815073729,5.838756084,13.63279915,28.27584457,108,070802060407,32
1389,F070802060407_317,2419.512455,20545.75321,5.074800968,877.9405518,46,761.0171509,17.15282822,199.9471588,4.973304749,1.420944214,12.49953771,0.001413562,120.4961243,11.10132122,292,266,0.001456978,8.053325415,16106,7.650659323,2.92022E-05,1638.957764,3.300528288,6.161495209,114.7535782,214.2243805,108,070802060407,32
1390,F070802060407_318,1424.256389,12498.1335,3.087038994,534.0577393,62,623.9523315,10.4341917,121.6293335,3.025298119,0.864370942,12.19865894,0.001379536,156.5009003,13.89098454,356,324,0.001774664,34.33413929,68669,32.61743233,0.000124499,1158.01001,1.648326397,3.574105024,16.37338448,35.50279617,108,070802060407,32
1391,F070802060407_321,2054.581439,17472.68102,4.315752029,746.6251221,55,773.8144531,14.58724213,170.0406342,4.229436874,1.208410621,8.99203283,0.001016901,156.5031738,13.89120007,262,239,0.001309089,40.44719893,80894,38.42483877,0.000146666,1520.439575,3.123954535,6.361671925,19.43079376,39.56918716,108,070802060407,32
1392,F070802060407_343,1294.880825,11576.97496,2.859512806,494.6957092,53,494.0665894,9.665153503,112.6648026,2.802322626,0.80066359,3.676385403,0.000415759,131.0056915,11.79902935,91,83,0.000454621,11.564098,23128,10.98589301,4.19327E-05,988.7623291,5.960189342,11.91279888,45.03008652,90.0029068,108,070802060407,32
1393,F070802060407_46,9651.558139,84903.75318,20.97122765,3628.022461,65,4443.803223,70.88275146,826.2663574,20.55180359,5.871943951,64.99374926,0.007350089,139.4993286,12.42847157,1699,1546,0.008467998,242.2228479,484446,230.1117115,0.000878327,8071.825684,2.346715689,5.221103191,15.76635265,35.07785797,108,070802060407,32
1394,F070802060407_93,4273.786537,37501.63769,9.262904167,1602.482422,54,1630.641846,31.30861664,364.9584351,9.077646255,2.593613148,26.54066943,0.003001462,131.0003815,11.79865456,659,599,0.003280938,94.86353294,189727,90.12035634,0.000343986,3233.124268,2.67526269,5.397536278,17.78158188,35.87562561,108,070802060407,32
1395,F070802060407_96,4353.013948,37174.81992,9.182180405,1588.517212,76,2274.977295,31.03577042,361.7778931,8.998537064,2.57101059,29.30971276,0.003314611,130.9976654,11.79846287,728,663,0.003631489,71.22828547,142457,67.66687062,0.000258282,3863.494629,2.395953655,5.827291965,23.47555351,57.09580612,108,070802060407,32
1396,F070802060501_103,2609.570415,22545.55639,5.568752289,963.394165,81,1470.484863,18.82238197,219.408844,5.457377434,1.559250593,11.40688908,0.001289996,130.9966278,11.79838943,282,256,0.001402204,29.05172825,58104,27.5991416,0.000105345,2433.878906,3.763258457,9.507339478,34.90666962,88.18675995,108,070802060501,24
1397,F070802060501_111,3092.02509,26204.39568,6.472485542,1119.73999,66,1392.619873,21.87700081,255.0159302,6.343035698,1.812295914,15.32854789,0.001733493,130.9977722,11.7984705,380,345,0.001889689,29.92728714,59855,28.43092182,0.00010852,2512.359863,3.245623112,7.282202721,39.38458252,88.36716461,108,070802060501,16
1398,F070802060501_115,4736.005883,41118.76285,10.15633488,1757.045898,78,2582.552734,34.3284111,400.1596069,9.95320797,2.843773842,30.83839309,0.003487488,147.9993591,13.12363815,851,774,0.004239476,50.65169102,101303,48.11910772,0.000183669,4339.598633,2.270085096,5.606716633,36.51451492,90.18451691,108,070802060501,24
1399,F070802060501_119,2632.911727,22497.45471,5.556871414,961.3387451,74,1340.539673,18.78222466,218.9407349,5.445734024,1.555923939,15.76700544,0.001783078,148.0023193,13.12389183,435,396,0.002169034,24.01166344,48024,22.81108046,8.70689E-05,2301.878418,2.427623034,5.812824249,42.14349747,100.9105377,108,070802060501,16
1400,F070802060501_121,4882.085976,42804.47306,10.57270527,1829.078003,78,2688.427246,35.73574448,416.5645752,10.36125088,2.960357428,32.86569643,0.003716754,147.9994965,13.1236496,907,824,0.004513344,68.65764439,137315,65.22476256,0.00024896,4517.505371,2.219754934,5.482409477,28.04269409,69.2605896,108,070802060501,16
1401,F070802060501_122,2381.110987,20720.76371,5.118028641,885.4189453,81,1351.466797,17.29893684,201.6503296,5.015667915,1.43304801,16.87551594,0.001908438,139.4985352,12.42840958,441,401,0.002196421,37.7848444,75569,35.89560223,0.000137012,2236.885742,2.208027363,5.578268528,24.666502,62.31642914,108,070802060501,24
1402,F070802060501_123,3366.274313,29497.60597,7.285908699,1260.462158,58,1377.619629,24.62637138,287.0647888,7.140190601,2.040054321,22.02206788,0.002490457,139.499588,12.42849159,575,523,0.002864659,71.70252967,143405,68.11740452,0.000260001,2638.081787,2.410061598,5.044133663,18.50425911,38.72845459,108,070802060501,16
1403,F070802060501_125,2913.083478,25847.82085,6.384411812,1104.503296,78,1623.428223,21.57931137,251.5458221,6.256723404,1.787635326,12.2461884,0.001384911,130.9982147,11.79850197,304,276,0.001511751,4.159276545,8318,3.951312602,1.5082E-05,2727.931641,4.001823425,9.883810043,279.5281982,690.3861694,108,070802060501,16
1404,F070802060501_126,2415.067061,21031.99904,5.194903851,898.7183838,76,1287.089233,17.55877495,204.6792145,5.091005802,1.454573035,18.58471179,0.00210173,130.999939,11.79862309,461,419,0.002295014,25.97002006,51940,24.67151928,9.41701E-05,2185.807617,2.14491272,5.216724396,36.42736435,88.59638977,108,070802060501,16
1405,F070802060501_128,3835.552612,33758.53672,8.338358879,1442.536133,79,2147.460938,28.18365288,328.5313416,8.171591759,2.3347404,25.77066997,0.002914384,130.9990387,11.79856014,639,582,0.003187823,7.527065501,15055,7.150712059,2.7294E-05,3589.99707,2.478584528,6.168379784,201.7332153,502.0474854,108,070802060501,16
1406,F070802060501_134,2408.835599,21501.36885,5.310838223,918.7750244,82,1419.693237,17.950634,209.2470245,5.204621315,1.487034678,16.00136328,0.001809581,147.9929962,13.1230917,442,403,0.002207376,35.60555649,71211,33.82527924,0.00012911,2338.468262,2.2798388,5.802650928,27.16237831,69.13374329,108,070802060501,24
1407,F070802060501_136,3373.577729,29798.61662,7.360258102,1273.324707,74,1775.588623,24.8776722,289.9941711,7.21305275,2.060872316,28.3032406,0.00320079,131.0010376,11.79870033,702,639,0.003500033,62.12382293,124248,59.01763058,0.000225268,3048.91333,1.992683411,4.771382332,21.57532692,51.66106033,108,070802060501,24
1408,F070802060501_138,2161.746907,18978.06536,4.687582016,810.9516602,77,1176.67688,15.84402752,184.6907349,4.593830585,1.312523007,16.22940922,0.00183537,131.0033264,11.79886246,403,366,0.002004714,16.77504206,33551,15.93628967,6.08281E-05,1987.62854,2.215714931,5.430678844,50.88710403,124.7234192,108,070802060501,16
1409,F070802060501_182,7128.160732,62550.55003,15.4499855,2672.847412,65,3273.851807,52.22095108,608.7294312,15.14098549,4.325995922,49.97935569,0.005652124,131.0006409,11.79867268,1239,1128,0.006178462,106.1664369,212334,100.8581148,0.000384971,5946.699219,2.36954546,5.271896362,26.5010643,58.9610405,108,070802060501,16
1410,F070802060501_195,1382.145053,12111.66728,2.991581917,517.5437012,90,877.7300415,10.11154652,117.8683243,2.931750298,0.837642908,9.320466042,0.001054044,139.4981537,12.42838001,244,222,0.001215974,12.71991634,25440,12.08392048,4.61238E-05,1395.273682,2.331277847,6.285016537,42.82912064,115.4653168,108,070802060501,16
1411,F070802060501_201,1649.227844,14405.66194,3.558198452,615.5683594,81,939.5778809,12.02671051,140.1930237,3.487034559,0.996295571,12.60571898,0.00142557,147.9993286,13.12363529,348,317,0.001736323,30.40207052,60805,28.88196652,0.000110241,1555.14624,1.941856027,4.905824184,21.31324196,53.84488678,108,070802060501,16
1412,F070802060501_214,5396.71758,46162.7684,11.40220356,1972.581177,63,2341.784668,38.53944778,449.2468262,11.17415905,3.19261694,23.99270167,0.002713315,130.9999542,11.79862404,594,540,0.002957774,27.50610647,55011,26.13080092,9.97402E-05,4314.365723,3.652928114,7.989566326,75.48873901,165.1065216,108,070802060501,24
1413,F070802060501_234,4272.490079,36962.26914,9.129680634,1579.434692,84,2500.071777,30.85832024,359.7094116,8.947087288,2.556310654,26.09307522,0.002950844,139.4995728,12.42849064,681,620,0.003395963,55.04059672,110080,52.28856695,0.000199583,4079.506348,2.547475338,6.579848766,30.20611954,78.01908875,108,070802060501,16
1414,F070802060501_236,5590.991295,47716.61495,11.78600407,2038.97876,81,3114.556152,39.83669281,464.3685608,11.55028439,3.300081253,34.78153399,0.003933415,139.5006104,12.4285717,909,827,0.004529776,72.64750821,145296,69.01513262,0.000263428,5153.535156,2.465512514,6.231602192,29.54393768,74.67253876,108,070802060501,16
1415,F070802060501_241,9745.915223,84539.62237,20.88128662,3612.462646,66,4492.817871,70.57875061,822.7227173,20.46366119,5.846760273,61.8559606,0.006995239,130.9992218,11.79857254,1534,1395,0.007640917,118.9183252,237839,112.9724104,0.000431211,8105.280273,2.589578867,5.810236931,31.97650337,71.74565887,108,070802060501,24
1416,F070802060501_257,2129.47906,17894.75603,4.420004845,764.6608276,75,1080.691162,14.9396162,174.1481934,4.331604958,1.237601399,13.15860897,0.001488096,130.9979401,11.79848194,327,298,0.001632253,23.34360862,46687,22.1764276,8.46465E-05,1845.352051,2.565975904,6.192456722,34.480793,83.21232605,108,070802060501,24
1417,F070802060501_261,4747.526497,41220.11353,10.18136787,1761.376587,74,2456.153076,34.4130249,401.1459045,9.977740288,2.85078311,39.53414071,0.004470883,130.9981842,11.79849911,980,892,0.004885805,83.01358843,166026,78.86290908,0.000301016,4217.529785,1.974637389,4.728172302,22.33466339,53.47925568,108,070802060501,16
1418,F070802060501_264,2626.108578,22960.74421,5.671303749,981.1355591,71,1312.67981,19.16900635,223.4493713,5.557877541,1.587965012,15.26405895,0.0017262,130.9982147,11.79850197,379,344,0.001884212,39.7023735,79404,37.71725416,0.000143965,2293.81543,2.852138281,6.668067932,26.01291084,60.81607819,108,070802060501,16
1419,F070802060501_269,1750.556363,14720.99209,3.636085033,629.0427246,60,711.2182617,12.28996754,143.2617493,3.563363314,1.018103838,16.68482935,0.001886873,130.9989014,11.79854965,414,377,0.002064965,46.30921197,92619,43.99375057,0.000167922,1340.260986,1.668548346,3.55506897,14.29845619,30.4648037,108,070802060501,16
1420,F070802060501_320,7806.732178,67837.5104,16.7558651,2898.764648,93,5080.042969,56.63482285,660.1810913,16.42074776,4.691642284,59.16499257,0.00669092,139.499939,12.42851925,1546,1408,0.007712122,78.87313056,157747,74.92947364,0.000286003,7978.807617,2.058781624,5.666766644,38.68657303,106.4842377,108,070802060501,16
1421,F070802060501_344,836.5542499,7386.656677,1.824504256,315.6392212,82,487.7264709,6.166824341,71.88546753,1.788014174,0.510861218,4.49450922,0.00050828,151.3973083,13.42128944,127,116,0.000635374,6.660347939,13321,6.327330589,2.41512E-05,803.3657227,2.721027851,6.925566673,49.88505173,126.9675598,108,070802060501,16
1422,F070802060501_41,1316.010858,11246.96745,2.77800107,480.5941772,65,588.6583862,9.389643669,109.4532394,2.722440958,0.777840316,6.767530084,0.000765334,151.3950195,13.4210844,192,175,0.000958538,11.13774753,22275,10.58086038,4.03867E-05,1069.252563,2.746252537,6.110014439,45.42108536,101.0553513,108,070802060501,24
1423,F070802060501_44,2293.683364,20244.28081,5.000337124,865.0583496,65,1059.571533,16.90114021,197.0132751,4.900330544,1.40009439,9.48956275,0.001073167,130.9961243,11.79835415,235,214,0.001172155,21.47005701,42940,20.39655459,7.78528E-05,1924.629883,4.042328835,8.993597984,42.41198349,94.3605423,108,070802060501,24
1424,F070802060501_461,5025.942747,44363.21033,10.95771313,1895.684326,70,2500.550049,37.03707123,431.7338867,10.73855877,3.06815958,36.44443512,0.004121471,151.4007721,13.42159843,1029,936,0.005126809,57.87767792,115755,54.98379421,0.000209871,4396.234375,2.025303841,4.696831703,34.47714615,79.95509338,108,070802060501,16
1425,F070802060501_485,947.8493155,8140.583468,2.010724068,347.8552551,83,544.0617065,6.796247482,79.22252655,1.970509529,0.563002765,6.384011745,0.000721963,148.006485,13.12425041,176,160,0.000876378,11.18837452,22377,10.62895584,4.05703E-05,891.9169922,2.174095392,5.57448101,32.7271347,83.91388702,108,070802060501,16
1426,F070802060501_87,3707.52885,32323.10653,7.983807087,1381.198608,80,2082.177002,26.98526764,314.5620117,7.824131012,2.235466003,31.06889677,0.003513556,158.2008972,14.05371475,919,837,0.00458455,20.64726591,41295,19.61490321,7.48692E-05,3463.375488,1.650177598,4.137844086,70.41577148,176.568573,108,070802060501,16
1427,F070802060501_97,1844.92976,15817.17731,3.906842709,675.8837891,71,904.2778931,13.20512867,153.9295959,3.828705788,1.093915939,13.55371284,0.001532778,131.0046234,11.79895401,336,306,0.001676072,30.07938766,60159,28.57541847,0.000109071,1580.161621,2.208770514,5.163927078,23.65262985,55.29793549,108,070802060501,16
1428,F070802060502_104,6058.869672,52189.98508,12.89092636,2230.130371,81,3403.978027,43.57133102,507.9024963,12.63310814,3.6094594,49.2173239,0.005565946,131.0003815,11.79865456,1222,1113,0.006096301,60.80445385,121609,57.76423073,0.000220484,5634.108398,2.003710985,5.062091827,38.60746384,97.5362854,108,070802060502,16
1429,F070802060502_111,1595.82167,13755.44324,3.397594452,587.7838135,63,697.7979736,11.48386955,133.8652191,3.329642534,0.95132643,10.85690153,0.001227798,131.0008087,11.79868412,270,246,0.00134743,5.148605831,10297,4.891175468,1.86694E-05,1285.581787,2.389365196,5.225942135,120.1723022,262.8369751,108,070802060502,16
1430,F070802060502_12,2280.882803,20341.45655,5.024339676,869.2107544,85,1392.244629,16.98226738,197.9589844,4.923852921,1.406815052,17.48814774,0.00197772,142.336319,12.65291405,465,423,0.002316923,27.53533173,55071,26.15856552,9.98461E-05,2261.455322,2.054871798,5.34623003,33.2285347,86.45181274,108,070802060502,16
1431,F070802060502_122,4939.064802,43321.11633,10.70031548,1851.154541,87,3034.823486,36.16706467,421.5924377,10.48630905,2.996088266,33.27301216,0.003762817,131.0011902,11.79871178,825,751,0.004113497,63.23482037,126470,60.07307816,0.000229296,4885.978027,2.464919567,6.505962849,30.8150444,81.33390808,108,070802060502,16
1432,F070802060502_123,2546.780568,21710.18761,5.362416267,927.697998,85,1485.927734,18.12496758,211.2792053,5.255167961,1.501476526,14.59601163,0.001650651,159.3344269,14.16401863,434,395,0.002163557,32.26362133,64527,30.65044117,0.000116991,2413.625732,2.348602533,6.110445023,30.26703644,78.74684906,108,070802060502,16
1433,F070802060502_124,4282.532667,37316.40862,9.217152596,1594.567383,78,2343.737549,31.15397644,363.1558228,9.032809258,2.580802679,30.92604015,0.0034974,159.333847,14.16396141,920,838,0.004590027,30.68757059,61376,29.15319196,0.000111276,3938.304932,1.902824998,4.699647903,54.69615173,135.0900116,108,070802060502,16
1434,F070802060502_130,2343.8927,19858.52203,4.905055046,848.5745239,74,1183.29541,16.5790863,193.2591705,4.806953907,1.37341547,11.054228,0.001250113,147.9974976,13.12347794,304,277,0.001517229,25.74605043,51493,24.45874837,9.3358E-05,2031.869873,3.063446045,7.335270405,34.69411087,83.07334137,108,070802060502,16
1435,F070802060502_131,2053.163608,17438.24575,4.307246685,745.1536865,73,1025.038574,14.55849361,169.7055206,4.221101761,1.206029058,11.36619031,0.001285393,148.0019379,13.12385941,314,285,0.001561047,27.09301853,54187,25.73836756,9.82423E-05,1770.192261,2.614574432,6.211200714,28.95108604,68.77639771,108,070802060502,16
1436,F070802060502_135,2465.075958,21226.16686,5.242863178,907.0153198,76,1298.971802,17.72087669,206.5688019,5.138005733,1.468001723,23.91618521,0.002704661,131.0014648,11.79873085,593,540,0.002957774,7.871606912,15743,7.478026636,2.85433E-05,2205.987061,1.679658055,4.085161209,121.2907333,294.9958801,108,070802060502,16
1437,F070802060502_14,8041.988674,70652.78171,17.45123672,3019.063965,73,4153.04541,58.9851799,687.5787354,17.10221291,4.88634634,48.6006125,0.005496203,139.5002441,12.42854309,1270,1156,0.006331828,128.9153175,257830,122.4695513,0.000467461,7172.109375,2.611647129,6.204246998,24.65154839,58.56238937,108,070802060502,16
1438,F070802060502_152,1328.037262,11617.4972,2.869521856,496.4272766,65,608.0516968,9.698984146,113.0591583,2.812131405,0.803466141,5.275436878,0.000596595,130.9907379,11.79797459,131,119,0.000651806,1.654703081,3309,1.5719679,6.00013E-06,1104.479004,4.171657562,9.281335831,315.7998962,702.6091309,108,070802060502,16
1439,F070802060502_166,4413.005832,37431.79581,9.245653152,1599.498047,82,2471.548096,31.25030708,364.2787476,9.060740471,2.588782787,29.28134538,0.003311403,131.0003967,11.79865551,726,661,0.003620535,55.30943576,110619,52.54396206,0.000200558,4071.046143,2.41981554,6.158919811,30.44113922,77.47885895,108,070802060502,16
1440,F070802060502_172,4599.001045,39948.25261,9.867218018,1707.028687,65,2090.863525,33.35119629,388.7684021,9.669873238,2.762820959,29.94939145,0.003386952,131.0009918,11.79869747,743,675,0.003697218,62.77738476,125555,59.63851601,0.000227638,3797.89209,2.528931379,5.626506805,28.6229229,63.68186951,108,070802060502,16
1441,F070802060502_175,825.9483424,7026.662269,1.73558557,300.2563171,62,350.7965698,5.866279125,68.38207245,1.700873852,0.48596397,4.149642467,0.00046928,130.998764,11.79854012,103,94,0.000514872,13.92614365,27852,13.22983646,5.04977E-05,651.0528564,3.194216251,6.926094055,22.6953907,49.21095276,108,070802060502,16
1442,F070802060502_179,2345.64426,20662.32173,5.103593349,882.9216309,72,1197.915527,17.25014496,201.0815735,5.001521587,1.4290061,13.62092195,0.001540379,130.9917755,11.79804802,337,307,0.001681549,39.12882212,78257,37.17238131,0.000141885,2080.837158,2.875966311,6.777971268,23.75208664,55.9780426,108,070802060502,16
1443,F070802060502_180,3514.270576,30292.37058,7.482215405,1294.423218,67,1634.265381,25.28988838,294.7992859,7.33257103,2.095020294,22.28756815,0.002520483,131.0001373,11.79863739,552,502,0.002749634,58.38744903,116774,55.46807599,0.000211719,2928.688477,2.578532219,5.834040642,23.33636475,52.79953384,108,070802060502,16
1444,F070802060502_181,3667.689936,31987.3401,7.900873184,1366.851074,69,1777.222412,26.70495224,311.2944031,7.742855549,2.212244511,26.12794685,0.002954788,131.0020905,11.79877472,648,590,0.003231642,66.14641571,132293,62.83909607,0.000239854,3144.073486,2.316696644,5.328938007,21.75160217,50.03371429,108,070802060502,16
1445,F070802060502_20,3349.930826,29578.41284,7.305868149,1263.915161,87,2072.090088,24.6938343,287.8511963,7.159750938,2.045643091,15.21344745,0.001720476,158.1989288,14.05352497,449,408,0.002234763,11.49938235,22999,10.92441276,4.1698E-05,3336.005371,3.097831249,8.176484108,115.6963959,305.371582,108,070802060501,16
1446,F070802060502_292,2785.446327,24416.86736,6.030966282,1043.357178,85,1671.180786,20.38466644,237.6200714,5.910346985,1.688670516,16.91818261,0.001913263,130.9953613,11.79830074,419,381,0.002086874,14.48220086,28964,13.7580905,5.2514E-05,2714.538086,2.738470316,7.124772072,75.83589935,197.3048553,108,070802060502,16
1447,F070802060502_314,3154.898018,27271.21775,6.735991001,1165.326416,75,1646.949829,22.7676487,265.3980408,6.601271152,1.886077523,20.20940589,0.002285465,130.9983673,11.79851246,500,455,0.002492199,8.017259229,16034,7.61639613,2.90715E-05,2812.276367,2.561156988,6.180827141,153.0023346,369.2397766,108,070802060502,16
1448,F070802060502_315,1304.312482,11663.45197,2.880872726,498.3909912,73,685.5901489,9.73734951,113.5063858,2.823255301,0.80664438,16.3981629,0.001854455,142.3282013,12.65226173,437,397,0.002174512,7.018767327,14037,6.667828828,2.54508E-05,1183.981201,1.255392909,2.982320309,74.74562073,177.5662231,108,070802060502,16
1449,F070802060502_338,1600.502995,13845.89358,3.419935703,591.6488647,75,836.1742554,11.55938244,134.7454681,3.351536989,0.957581997,9.381042123,0.001060894,130.9936981,11.79818344,233,212,0.0011612,17.6207478,35241,16.73971081,6.38948E-05,1427.82312,2.790796518,6.735014915,35.34403229,85.29557037,108,070802060502,16
1450,F070802060502_340,3888.541906,33715.27877,8.327673912,1440.687622,90,2443.3396,28.14753723,328.1103516,8.161120415,2.331748724,30.98442221,0.003504002,130.998642,11.79853153,768,700,0.003834152,32.61341596,65227,30.98274446,0.00011826,3884.027344,2.058125257,5.548610687,46.49967575,125.3609848,108,070802060502,16
1451,F070802060502_341,4773.216144,41049.20977,10.13915443,1754.07373,84,2776.506104,34.27034378,399.4826965,9.936371803,2.83896327,29.49240625,0.003335272,131.0017395,11.79874992,732,667,0.003653399,63.51445246,127028,60.33873129,0.00023031,4530.580078,2.62979579,6.792473793,29.07044411,75.08576965,108,070802060502,16
1452,F070802060502_344,4251.665748,37563.43331,9.278167725,1605.123047,88,2661.720703,31.3602066,365.5598145,9.092604637,2.597887039,35.3382231,0.00399637,131.0018311,11.7987566,877,798,0.004370933,54.51382893,109028,51.78813869,0.000197673,4266.84375,2.011432409,5.346921921,30.99402809,82.3903656,108,070802060502,16
1453,F070802060502_348,6308.438096,54991.06254,13.58279228,2349.822998,79,3498.112549,45.90983963,535.1619873,13.31113625,3.803181887,36.58646542,0.004137533,148.001358,13.12380981,1010,920,0.005039171,11.85935414,23718,11.26638635,4.30033E-05,5847.935547,2.55415535,6.356451511,208.5693665,519.0604248,108,070802060502,16
1454,F070802060502_349,3714.621755,32284.25618,7.974211216,1379.538574,85,2209.653809,26.95283318,314.1839294,7.81472683,2.232779026,43.47857425,0.004916956,147.9991913,13.12362385,1200,1092,0.005981277,14.53264347,29065,13.80601154,5.2697E-05,3589.192383,1.26331377,3.286806107,99.92303467,259.9731445,108,070802060502,16
1455,F070802060502_356,6854.901983,59057.3306,14.58716106,2523.578857,78,3709.223145,49.30460358,574.7341309,14.29541779,4.084404945,41.73547551,0.00471983,130.9992676,11.79857635,1035,941,0.005154195,88.55242955,177106,84.12480768,0.000321101,6232.801758,2.681805372,6.623593807,29.99803352,74.0899353,108,070802060502,16
1456,F070802060502_39,2632.669748,22232.85153,5.491514206,950.0319824,58,1038.335449,18.56131744,216.3656616,5.381683826,1.537624002,17.05713415,0.001928977,148.0008545,13.1237669,471,429,0.002349787,46.57973862,93160,44.2507515,0.000168903,1988.367432,2.214526653,4.634889126,21.46928406,44.93409348,108,070802060502,16
1457,F070802060502_46,4924.127968,42657.87173,10.53649426,1822.813477,76,2610.521729,35.61334991,415.1378784,10.32576466,2.950218439,31.87584937,0.003604813,131.0018005,11.79875469,790,719,0.003938222,59.10869217,118218,56.15325999,0.000214335,4433.334961,2.535206556,6.165973663,32.46139908,78.95062256,108,070802060502,16
1458,F070802060502_47,6596.614165,58223.58716,14.38122559,2487.952148,80,3750.623535,48.6085434,566.6203003,14.09360123,4.026742935,42.60984515,0.004818712,130.9986267,11.79853058,1057,962,0.00526922,59.39252619,118785,56.42290004,0.000215364,6238.575684,2.586228848,6.485005856,44.09472275,110.5681534,108,070802060502,16
1459,F070802060502_5,2173.948485,18827.11214,4.650296688,804.5013428,69,1046.03772,15.71800327,183.2216949,4.557290554,1.302083015,12.90168524,0.001459041,159.332489,14.16382885,385,350,0.001917076,25.32095242,50642,24.05490494,9.18165E-05,1850.539063,2.298575163,5.287254333,33.4443779,76.92980194,108,070802060502,16
1460,F070802060502_50,4504.927756,38742.23573,9.569332123,1655.494507,58,1809.369263,32.34434128,377.0316772,9.3779459,2.67941308,25.98221366,0.002938307,131.0003967,11.79865551,645,587,0.00321521,27.53571013,55072,26.15892447,9.98475E-05,3464.86377,2.820263147,5.902664185,63.28602982,132.454361,108,070802060502,16
1461,F070802060502_52,2586.774369,22377.8946,5.527339935,956.2297974,61,1099.16687,18.68240929,217.7771912,5.416793346,1.547655225,17.32890099,0.001959711,139.5000916,12.42853069,453,413,0.002262149,41.12008536,82240,39.06408024,0.000149106,2055.396729,2.315326452,4.976747513,24.47849274,52.61602783,108,070802060502,16
1462,F070802060502_534,6377.684876,54623.92641,13.49211025,2334.13501,88,3870.616211,45.60333252,531.5891724,13.2222681,3.777790785,47.03275847,0.005318895,130.9998779,11.79861927,1168,1062,0.005816956,51.21945477,102439,48.65848088,0.000185727,6204.750977,2.197867155,5.842514992,47.96974564,127.5163345,108,070802060502,16
1463,F070802060502_543,1237.758258,10791.9664,2.665615797,461.1515198,89,773.4017944,9.009781837,105.0252609,2.612303495,0.746372402,8.615084171,0.000974273,131.0014801,11.7987318,214,195,0.001068085,11.65116501,23303,11.06860662,4.22484E-05,1234.553345,2.364879608,6.331042767,41.66301346,111.5364761,108,070802060502,8
1464,F070802060502_563,1997.898945,17476.15571,4.316610336,746.7735596,80,1125.772095,14.5901432,170.0744476,4.230278015,1.208650947,20.04261434,0.002266603,130.9923248,11.79808617,499,454,0.002486721,45.54971154,91100,43.27222762,0.000165168,1872.545654,1.644875646,4.124549866,17.25757217,43.27361298,108,070802060502,16
1465,F070802060502_565,3766.61501,32967.97008,8.143088341,1408.754272,77,2044.078003,27.52363777,320.837677,7.980226517,2.280064821,25.36869499,0.002868925,131.0038757,11.7989006,630,574,0.003144004,62.03368815,124067,58.93200245,0.000224941,3452.832275,2.454275846,6.015387058,23.90474129,58.59010696,108,070802060502,16
1466,F070802060502_567,1424.032971,12494.73759,3.086200237,533.9126587,87,875.3081055,10.43135643,121.5962906,3.02447629,0.86413604,10.60286021,0.001199069,131.0024567,11.79880047,263,239,0.001309089,2.154191315,4308,2.046481758,7.81133E-06,1409.220703,2.233944178,5.89632082,260.8929443,688.6065063,108,070802060502,16
1467,F070802060502_575,3054.481317,27142.27385,6.704141617,1159.816528,80,1748.440063,22.65999794,264.1431885,6.570058823,1.877159595,23.73347256,0.002683999,130.9994659,11.79858971,589,536,0.002935865,59.74143422,119483,56.75436139,0.000216629,2908.256592,2.163836718,5.425851822,20.43572426,51.24287415,108,070802060502,16
1468,F070802060502_608,5634.425766,48627.47755,12.01098728,2077.900879,90,3524.023682,40.59713745,473.2329102,11.77076721,3.363076448,29.61604881,0.003349254,131.00177,11.79875278,735,668,0.003658876,6.237723947,12476,5.925837696,2.26187E-05,5601.924805,3.110630035,8.386115074,350.651001,945.3388672,108,070802060502,16
1469,F070802060502_613,5211.687606,45551.55414,11.25123405,1946.463501,78,2860.963867,38.02917099,443.2986145,11.02620983,3.150345564,36.82301706,0.004164284,142.3354797,12.65284634,980,891,0.004880327,82.94028766,165881,78.79327597,0.000300751,4807.427246,2.184582949,5.395541191,24.70342064,61.01316452,108,070802060502,16
1470,F070802060502_618,2140.425176,18264.08373,4.511228561,780.4425659,78,1147.115234,15.24795246,177.7424011,4.421003819,1.263144016,16.13532257,0.00182473,148.0028229,13.1239357,445,405,0.002218331,25.57757187,51155,24.2986927,9.27471E-05,1927.557861,1.927018642,4.759402275,32.11870575,79.32763672,108,070802060502,16
1471,F070802060502_63,3638.669556,31446.25515,7.767224789,1343.729858,81,2051.013428,26.2532196,306.028656,7.611880302,2.174823046,21.68585277,0.002452435,131.0028839,11.79883099,538,490,0.002683906,46.63916349,93279,44.3072052,0.000169119,3394.743164,2.742305756,6.92804718,30.32756996,76.61830902,108,070802060502,16
1472,F070802060502_94,1484.941241,12789.33985,3.158967018,546.5012817,85,875.3497314,10.67730808,124.4633026,3.095787764,0.884510756,13.39568138,0.001514906,131.0046387,11.79895496,332,302,0.001654163,18.60888577,37218,17.67844105,6.74779E-05,1421.851074,1.80960691,4.708116055,30.91343117,80.42853546,108,070802060502,16
1473,F070802060503_252,1001.093426,8890.736922,2.19601202,379.9100647,42,300.678009,7.422520638,86.52287292,2.152091742,0.614883363,9.244070053,0.001045404,130.9925385,11.79810143,229,208,0.001139291,16.90141296,33803,16.05634308,6.12864E-05,680.5880737,1.826490641,3.27205801,23.66105843,42.38748932,108,070802060503,16
1474,F070802060601_103,1001.024082,8364.034844,2.065916538,357.4035645,87,585.9353027,6.9827981,81.39710999,2.024598122,0.57845664,3.696762383,0.000418064,131.0026398,11.79881382,92,84,0.000460098,4.254670233,8510,4.041936755,1.54279E-05,943.3388672,4.254804134,11.23022461,88.42383575,233.3878326,108,070802060601,16
1475,F070802060601_107,8415.606348,72750.97143,17.96949005,3108.72168,89,5213.667969,60.73687744,707.9979248,17.61009979,5.031457424,55.3161134,0.006255653,131.0009766,11.79869652,1372,1248,0.006835745,99.27020078,198540,94.30669057,0.000359965,8322.389648,2.490962982,6.668581486,32.96395874,88.24813843,108,070802060601,16
1476,F070802060601_118,3239.525577,28044.43858,6.926976204,1198.366943,89,2009.792969,23.4131794,272.9228516,6.78843689,1.93955338,27.446944,0.003103952,131.000824,11.79868603,681,620,0.003395963,45.8276782,91655,43.53629255,0.000166176,3208.159912,1.932849884,5.174451351,27.52569962,73.68932343,108,070802060601,16
1477,F070802060601_120,7198.449911,63198.55815,15.61004353,2700.537598,83,4223.765625,52.76194763,615.0357056,15.29784298,4.370812416,53.41640234,0.006040816,131.0007935,11.79868317,1325,1207,0.006611173,58.66843009,117337,55.73500967,0.000212738,6924.303223,2.237396479,5.736788273,48.45316315,124.2361526,108,070802060601,16
1478,F070802060601_155,4935.327835,42759.95124,10.5617075,1827.175415,88,3029.942627,35.69857025,416.1312866,10.3504734,2.957278013,40.5107733,0.00458133,130.9990387,11.79856014,1005,915,0.005011784,75.17789841,150356,71.41900229,0.000272603,4857.118164,1.996913075,5.308325768,25.58388329,68.00876617,108,070802060601,16
1479,F070802060601_175,3732.146136,32284.0704,7.97416544,1379.53064,88,2287.628662,26.95267868,314.1821289,7.814682007,2.23276639,29.96488024,0.003388703,139.5005493,12.42856693,783,713,0.003905357,58.85729199,117715,55.91442903,0.000213423,3667.15918,1.93482554,5.143280983,24.67217636,65.58520508,108,070802060601,16
1480,F070802060601_181,5689.504708,49546.15425,12.23789978,2117.156738,88,3510.808594,41.36410141,482.1732483,11.99314213,3.4266119,42.46276798,0.004802079,130.9992371,11.79857349,1054,961,0.005263743,60.01133054,120023,57.01076394,0.000217608,5627.965332,2.203076839,5.856363297,37.13608932,98.71759033,108,070802060601,16
1481,F070802060601_184,2172.679822,18553.68808,4.582760811,792.817627,91,1359.521851,15.48973179,180.5607758,4.491105556,1.283173084,15.32793248,0.001733423,131.0005035,11.79866314,380,346,0.001895166,21.82540041,43651,20.73412979,7.91413E-05,2152.339355,2.291380405,6.220633984,38.23732376,103.8065948,108,070802060601,16
1482,F070802060601_186,4988.572902,44015.42387,10.87180996,1880.82312,88,3118.904785,36.74671936,428.3493042,10.65437412,3.044106722,38.85285906,0.004393837,130.9996338,11.7986021,964,877,0.004803644,49.43779811,98876,46.96590781,0.000179267,4999.728027,2.144610167,5.700943947,40.04656219,106.4544067,108,070802060601,16
1483,F070802060601_190,2783.964215,23614.86861,5.832872391,1009.086914,88,1673.334473,19.71510887,229.8151703,5.716215134,1.633204222,14.85071021,0.001679454,131.001236,11.79871464,369,336,0.001840393,22.80736351,45615,21.66699493,8.2702E-05,2682.421387,3.003234863,7.983397007,46.57253647,123.8021851,108,070802060601,16
1484,F070802060601_196,3336.213008,28927.1912,7.145016193,1236.087769,90,2096.347656,24.15015411,281.5136414,7.002115726,2.00060463,19.08918354,0.00215878,151.3981171,13.42136097,539,490,0.002683906,41.99908406,83998,39.89912945,0.000152293,3332.435547,2.522628069,6.800889015,30.98031998,83.52150726,108,070802060601,16
1485,F070802060601_199,3453.835493,29742.21506,7.346327305,1270.914673,90,2155.412354,24.83058548,289.445282,7.199400902,2.05697155,27.6466316,0.003126535,130.9971619,11.79842758,686,624,0.003417872,7.575716347,15152,7.196930736,2.74704E-05,3426.327148,2.036722183,5.4909091,176.5912018,476.0817261,108,070802060601,16
1486,F070802060601_24,4693.434904,41075.08694,10.14554691,1755.179565,83,2745.181885,34.29195023,399.7345581,9.942635536,2.840753078,33.37628037,0.003774496,130.9985962,11.79852867,828,754,0.004129929,62.39182541,124783,59.27223304,0.00022624,4500.361328,2.327824354,5.968648911,29.61217117,75.92697144,108,070802060601,24
1487,F070802060601_258,5136.759533,44876.88602,11.08459091,1917.634277,85,3071.540039,37.46591568,436.7328796,10.86289883,3.103685379,32.47836781,0.003672952,131.0000763,11.79863262,805,732,0.004009427,59.26677561,118533,56.30343628,0.000214908,4989.174316,2.619719028,6.815812111,34.05892181,88.61225128,108,070802060601,24
1488,F070802060601_327,3082.72995,26610.01033,6.572672367,1137.072266,75,1607.018433,22.21563339,258.9632874,6.441218853,1.840348244,17.37196184,0.001964581,130.998291,11.79850674,430,391,0.002141648,29.62950194,59259,28.14802715,0.00010744,2744.09082,2.908113241,7.018135071,40.39616013,97.487854,108,070802060601,16
1489,F070802060601_328,5487.241081,48598.9384,12.00393772,2076.681152,61,2387.103027,40.57331085,472.9551392,11.7638588,3.361102581,38.78825492,0.004386531,130.9990997,11.79856396,962,876,0.004798167,21.36592013,42732,20.29762442,7.74752E-05,4463.78418,2.370640516,5.095643997,102.3115387,219.9165802,108,070802060601,16
1490,F070802060601_334,4053.275034,35748.78792,8.829950333,1527.581421,88,2533.13623,29.84523201,347.9000549,8.653351784,2.472386122,27.99263573,0.003165664,131.0016022,11.79874039,694,632,0.003461691,59.14706421,118294,56.18971252,0.000214474,4060.717773,2.417059183,6.425186157,27.18614006,72.26799011,108,070802060601,16
1491,F070802060601_341,2463.6079,21439.58821,5.29557848,916.1350708,76,1312.032471,17.89905548,208.6457977,5.189666748,1.482761979,20.33415118,0.002299572,139.5010529,12.42860603,531,483,0.002645565,62.49812067,124996,59.37321568,0.000226625,2228.16748,1.896759987,4.613183022,15.43010712,37.5281601,108,070802060601,16
1492,F070802060601_342,2401.609557,21172.49394,5.229606152,904.7218628,48,818.3286743,17.67606926,206.0464783,5.125013828,1.464289665,16.02281761,0.001812007,110.6621323,10.52117062,354,322,0.00176371,9.076449394,18153,8.622627258,3.29122E-05,1723.050537,2.809695244,5.351088524,104.9241562,199.828949,108,070802060601,16
1493,F070802060601_343,6335.825074,55311.56468,13.66195679,2363.518555,59,2627.740479,46.17741394,538.2811279,13.38871765,3.8253479,41.94637238,0.00474368,130.9987335,11.79853821,1040,947,0.005187059,130.3451095,260690,123.8278531,0.000472646,4991.258789,2.495795727,5.270600796,19.0871315,40.30804443,108,070802060601,16
1494,F070802060601_361,1061.310329,9178.965304,2.267204523,392.2263794,91,672.5887451,7.663151264,89.32785797,2.221860409,0.634817243,7.163455998,0.000810109,130.9990692,11.79856205,178,162,0.000887332,14.48612939,28973,13.76182254,5.25283E-05,1064.815186,2.421150446,6.572933197,28.50104904,77.37457275,108,070802060601,16
1495,F070802060601_426,4211.387591,36637.01804,9.049343109,1565.536377,84,2478.072021,30.58678055,356.5441284,8.868356705,2.533816099,23.628244,0.002672098,156.5018768,13.89107704,689,626,0.003428827,37.79562643,75592,35.90584466,0.000137051,4043.608398,2.500856876,6.459438324,43.60115814,112.6169968,108,070802060601,16
1496,F070802060601_427,6912.784481,60007.03581,14.82173824,2564.160645,87,4203.741211,50.09747696,583.9765015,14.52530384,4.15008688,40.44218218,0.004573573,131.0007935,11.79868317,1003,913,0.005000829,51.96547323,103931,49.36719906,0.000188432,6767.901855,2.808500051,7.412817001,51.94057465,137.0930939,108,070802060601,16
1497,F070802060601_43,7033.269956,61878.14035,15.28390026,2644.114746,83,4135.518066,51.65958405,602.1856689,14.97822189,4.279491901,47.32057856,0.005351445,131.000061,11.79863167,1174,1068,0.00584982,15.71929882,31439,14.9333334,5.69999E-05,6779.632813,2.475762844,6.347970963,177.0612488,453.9932556,108,070802060601,16
1498,F070802060601_431,1230.87074,10729.96911,2.65030241,458.5023193,39,336.9594421,8.958022118,104.4219131,2.597296476,0.742084682,7.813459262,0.000883618,130.9933319,11.79815769,194,177,0.000969493,4.131240688,8263,3.924678728,1.49803E-05,795.461792,2.590408564,4.494134426,116.8254395,202.6820221,108,070802060601,16
1499,F070802060601_439,1570.617887,13308.67247,3.287242174,568.6928711,90,964.4768677,11.11087894,129.5173492,3.221497297,0.920427799,7.6436553,0.000864415,130.9879303,11.79777622,190,173,0.000947583,12.1766479,24353,11.5678153,4.41539E-05,1533.169678,3.287241936,8.862252235,49.1616478,132.5375366,108,070802060601,16
1500,F070802060601_45,7758.078817,67802.44524,16.74720383,2897.266357,55,3002.773682,56.60554886,659.8398438,16.41226006,4.689217091,57.35383918,0.006486098,130.9994659,11.79858971,1423,1295,0.007093181,178.72883,357457,169.7923877,0.00064809,5900.040039,2.237271309,4.556015491,17.06358147,34.74855423,108,070802060601,16
1501,F070802060601_46,4476.377406,38564.50241,9.525431633,1647.899658,88,2732.655762,32.19595718,375.302002,9.334922791,2.667120934,33.24606287,0.00375977,147.9999237,13.12368679,917,835,0.004573595,40.67059684,81341,38.63706565,0.000147476,4380.555664,1.973532557,5.246174335,42.65074539,113.3770294,108,070802060601,24
1502,F070802060601_49,5239.697444,45280.05458,11.18417358,1934.862061,85,3099.134521,37.80250549,440.6564331,10.96049023,3.13156867,40.51099846,0.004581355,131.0013428,11.79872227,1005,915,0.005011784,81.25258207,162504,77.18995148,0.000294631,5033.996582,2.114603281,5.501635551,25.06624222,65.21569824,108,070802060601,16
1503,F070802060601_50,3914.912075,34484.72778,8.517727852,1473.566895,87,2415.797852,28.78992081,335.5984802,8.347373009,2.384963751,34.53061627,0.003905039,130.9993134,11.79857922,856,780,0.00427234,48.4712055,96942,46.04764638,0.000175762,3889.364746,1.88918829,4.986364841,32.00091553,84.46392059,108,070802060601,16
1504,F070802060601_59,7315.403281,63749.62848,15.7461586,2724.085449,86,4414.593262,53.22201538,620.3986206,15.43123531,4.40892458,45.95805907,0.005197359,130.9985199,11.79852295,1141,1039,0.005690977,77.65884399,155317,73.77590179,0.000281599,7138.678711,2.62183404,6.870720387,36.92378235,96.76165771,108,070802060601,16
1505,F070802060601_66,5521.089553,47327.78791,11.68996334,2022.363647,89,3391.726074,39.51207733,460.5845642,11.45616436,3.273189783,43.77198803,0.004950138,147.9990234,13.12360954,1207,1098,0.006014141,55.79818153,111597,53.00827181,0.00020233,5414.089844,1.841861248,4.930865288,38.15185165,102.1366959,108,070802060601,16
1506,F070802060601_72,7820.049559,67959.65298,16.78603363,2903.983887,89,4870.299805,56.73679352,661.369751,16.45031357,4.700089455,61.80521918,0.006989501,130.9993286,11.79858017,1533,1396,0.007646394,77.24176745,154483,73.3796798,0.000280087,7774.283691,2.0802176,5.568971157,39.57476807,105.9459991,108,070802060601,24
1507,F070802060601_75,2701.37418,23391.26755,5.777643204,999.5322876,83,1563.314697,19.52843475,227.6391449,5.662090302,1.617740154,22.4022005,0.002533446,131.0018463,11.79875755,555,506,0.002771544,54.28012674,108561,51.56611869,0.000196826,2562.846924,1.975360274,5.064914703,19.38350868,49.70021057,108,070802060601,16
1508,F070802060601_99,7143.925308,61907.35099,15.29111576,2645.363037,82,4087.621094,51.68397141,602.4699707,14.98529339,4.28151226,48.09594131,0.00543913,130.9985962,11.79852867,1194,1087,0.00595389,12.61346322,25226,11.98279023,4.57378E-05,6732.984375,2.433636665,6.194097996,220.7635345,561.8878784,108,070802060601,16
1509,F070802060602_101,2653.107985,22945.3791,5.667508602,980.4790039,91,1681.322998,19.15617943,223.2998352,5.554158211,1.58690238,19.17997153,0.002169047,130.9994507,11.79858875,476,434,0.002377174,25.10808135,50218,23.85267703,9.10447E-05,2661.802002,2.259168148,6.133184433,41.10561752,111.5934296,108,070802060602,32
1510,F070802060602_111,6839.562813,60206.45569,14.87099457,2572.682129,55,2666.369385,50.26396179,585.9171753,14.57357502,4.163878441,36.78175276,0.004159618,130.9985352,11.7985239,913,832,0.004557163,19.66685073,39334,18.68350837,7.13142E-05,5239.051758,3.092165947,6.296936989,137.6980286,280.4104919,108,070802060602,24
1511,F070802060602_113,8627.440702,75470.94006,18.64132309,3224.948975,66,4010.866699,63.00767136,734.4681396,18.26849747,5.219570637,54.61797205,0.006176701,130.9996033,11.79859924,1356,1234,0.006759062,123.983328,247968,117.7841602,0.000449577,7235.81543,2.61341095,5.863708019,27.38015938,61.43283844,108,070802060602,32
1512,F070802060602_120,11503.47656,99685.22044,24.6222496,4259.649414,55,4414.769531,83.22320557,970.1166382,24.12980461,6.894229889,68.17747688,0.007710134,130.9989319,11.79855251,1691,1538,0.008424179,272.5437946,545088,258.9166088,0.000988274,8674.418945,2.769603014,5.64006424,16.45182037,33.5027504,108,070802060602,24
1513,F070802060602_121,2168.467198,19039.11407,4.702661037,813.5603638,59,904.5098267,15.89499474,185.2848511,4.608607769,1.316745043,15.95184231,0.001803981,130.997818,11.79847336,396,360,0.001971849,64.63795471,129276,61.40605545,0.000234384,1718.07019,2.259889841,4.772417068,13.24886227,27.97883987,108,070802060602,24
1514,F070802060602_127,3481.116501,30259.95428,7.474208832,1293.038086,60,1461.9552,25.26282501,294.4838257,7.324724674,2.092778444,20.04340869,0.002266692,130.996994,11.79841518,497,452,0.002475767,10.39252537,20785,9.872898936,3.76844E-05,2754.993164,2.860703707,6.095117569,130.9684296,279.0460205,108,070802060602,24
1515,F070802060602_130,4632.720016,40757.93473,10.0672102,1741.627319,83,2723.986084,34.02717209,396.6480713,9.865865707,2.818818808,35.34672505,0.003997332,131.0000153,11.79862881,876,797,0.004365456,14.1312831,28263,13.42471869,5.12416E-05,4465.613281,2.185228825,5.603027821,129.7328796,332.6411133,108,070802060602,24
1516,F070802060602_133,3272.320522,28791.91078,7.11160183,1230.307129,88,2040.176392,24.03721428,280.197113,6.969369888,1.991248488,25.67450428,0.002903508,130.997467,11.79844856,637,579,0.003171391,6.416861534,12835,6.096018314,2.32682E-05,3270.483398,2.124882698,5.648503304,201.8214264,536.4949951,108,070802060602,24
1517,F070802060602_136,4326.181322,37204.31665,9.189466476,1589.77771,74,2216.866943,31.06039619,362.0649719,9.005677223,2.573050499,36.92349923,0.004175648,131.0018005,11.79875469,916,833,0.004562641,14.77071217,29542,14.03217679,5.35602E-05,3806.644531,1.908496618,4.569801331,113.2951584,271.2796936,108,070802060602,24
1518,F070802060602_137,5490.611899,48925.3436,12.08455944,2090.628662,78,3072.862061,40.84580994,476.1316528,11.84286785,3.383676529,26.27446273,0.002971357,131.003067,11.79884338,652,593,0.003248074,92.57049972,185140,87.94197741,0.000335671,5163.490723,3.52551198,8.707404137,23.77281761,58.71474457,108,070802060602,24
1519,F070802060602_139,4682.031445,40446.43662,9.990269661,1728.31665,56,1823.823608,33.76711273,393.6166382,9.790464401,2.797275543,32.74413574,0.003703007,130.9996033,11.79859924,812,740,0.004053246,136.1950126,272390,129.3852592,0.000493858,3552.140137,2.335562944,4.800189495,13.35791016,27.45397949,108,070802060602,24
1520,F070802060602_140,4611.69219,39812.84263,9.833771706,1701.242554,88,2821.112549,33.23814774,387.450592,9.637096405,2.753456116,31.50472916,0.003562844,130.9988403,11.79854584,783,712,0.00389988,54.40195005,108804,51.68185409,0.000197267,4522.35498,2.3893857,6.351622105,32.91759872,87.50373077,108,070802060602,24
1521,F070802060602_142,6325.692988,54970.92774,13.57781887,2348.962646,68,3009.930908,45.89302826,534.9660645,13.30626297,3.801789284,52.86343323,0.005978282,130.998703,11.7985363,1313,1194,0.006539967,149.4072523,298815,141.9368915,0.000541767,5358.893555,1.967305422,4.488185406,16.54934502,37.75546646,108,070802060602,24
1522,F070802060602_144,7284.892272,63182.09047,15.6059761,2699.833984,70,3561.283691,52.74819946,614.8754883,15.29385662,4.369673252,46.98473563,0.005313465,131.0000458,11.79863071,1166,1061,0.005811478,20.62930866,41258,19.59784275,7.48041E-05,6261.117676,2.544612646,5.901147842,137.761795,319.47995,108,070802060602,24
1523,F070802060602_146,6043.114759,52639.79254,13.00202847,2249.35083,75,3178.99585,43.94685745,512.2799072,12.74198818,3.640568018,46.59136429,0.005268979,131.0011902,11.79871178,1156,1052,0.005762182,140.2920985,280584,133.2774921,0.000508715,5428.34668,2.138166189,5.160025597,16.87719917,40.72965622,108,070802060602,24
1524,F070802060602_147,9374.535266,81236.39525,20.06538963,3471.3125,64,4186.442871,67.8210144,790.576355,19.66408157,5.618309021,65.23508448,0.007377381,131.0009918,11.79869747,1617,1470,0.008051719,242.2513339,484503,230.1387628,0.00087843,7657.755371,2.361437082,5.209357262,15.08356285,33.27451324,108,070802060602,24
1525,F070802060602_148,9650.879126,83844.64668,20.70962715,3582.765381,51,3443.182617,69.99854279,815.9592896,20.29543495,5.798695564,65.84324706,0.007446158,130.9995728,11.79859734,1634,1488,0.008150311,184.4038537,368808,175.1836576,0.000668669,7025.948242,2.407772541,4.721739292,20.45148087,40.10618591,108,070802060602,24
1526,F070802060602_151,10655.78841,92446.22558,22.83421707,3950.31958,57,4243.054199,77.17965698,899.6681519,22.37753296,6.393580914,70.38976858,0.00796032,130.9992523,11.79857445,1746,1590,0.008709002,207.7346933,415469,197.3479592,0.000753269,8193.374023,2.484477758,5.153065205,20.0170269,41.51739883,108,070802060602,24
1527,F070802060602_157,2534.216238,21642.15589,5.345612526,924.7909546,54,941.041626,18.06817055,210.6171265,5.23870039,1.496771455,15.88070631,0.001795936,151.4012451,13.4216404,447,407,0.002229285,55.1539526,110308,52.39625502,0.000199994,1865.83252,2.272213697,4.584354877,17.64994431,35.61003494,108,070802060602,24
1528,F070802060602_159,12553.58878,109745.3516,27.10710144,4689.52832,82,7246.270508,91.62200165,1068.019775,26.56495857,7.589988232,93.72796714,0.010599618,130.9999695,11.79862499,2326,2116,0.011590093,140.4827085,280965,133.4585751,0.000509406,11935.79883,2.21622324,5.64073658,35.13845825,89.43448639,108,070802060602,24
1529,F070802060602_162,2054.479758,17733.70022,4.380223751,757.7786865,70,999.5670776,14.80515671,172.5808105,4.292619228,1.226462603,12.82369232,0.001450221,147.9970245,13.12343788,354,322,0.00176371,6.257585526,12515,5.94470644,2.26907E-05,1757.345703,2.353349924,5.457595348,127.4711685,295.6152344,108,070802060602,24
1530,F070802060602_165,4037.933415,35612.97104,8.796403885,1521.777832,61,1749.25293,29.73184586,346.5783081,8.620475769,2.462993145,24.85044044,0.002810316,139.500824,12.42858791,650,591,0.003237119,89.04755831,178095,84.59517837,0.000322896,3271.030762,2.574920177,5.534739017,17.9889431,38.66687012,108,070802060602,24
1531,F070802060602_167,7147.927457,62749.82859,15.4992075,2681.362793,61,3082.172607,52.38732147,610.6687622,15.18922329,4.339777946,44.78811504,0.005065051,148.0001068,13.12370205,1236,1126,0.006167507,136.3556134,272710,129.5378321,0.00049444,5763.535156,2.3813169,5.118592739,20.69945717,44.49306488,108,070802060602,24
1532,F070802060602_168,2309.031684,20062.06889,4.955330849,857.2722168,66,1066.188965,16.74901772,195.240036,4.85622406,1.387492657,20.47510529,0.002315513,147.9961853,13.1233654,565,514,0.002815363,46.31298898,92625,43.99734052,0.000167936,1923.461182,1.667844772,3.742142439,19.48463631,43.71767044,108,070802060602,24
1533,F070802060602_170,8902.497541,77763.93065,19.20769119,3322.930664,86,5385.068359,64.92199707,756.78302,18.82353783,5.378153324,63.80170225,0.007215281,130.9998322,11.79861546,1583,1441,0.007892875,15.51278254,31027,14.73714358,5.6251E-05,8707.999023,2.305989265,6.043025017,225.4799652,590.8878174,108,070802060602,32
1534,F070802060602_174,2714.570751,23245.09886,5.741539478,993.2863159,75,1403.806396,19.40640259,226.2166595,5.626708508,1.607631087,16.45003361,0.001860321,159.3328857,14.163867,488,444,0.002431948,25.39645833,50792,24.12663543,9.20903E-05,2397.092773,2.237131357,5.398857594,41.16970062,99.35462189,108,070802060602,32
1535,F070802060602_175,11033.58791,96449.87356,23.82311821,4121.399414,84,6523.722656,80.5221405,938.6308594,23.3466568,6.670473099,74.97274675,0.008478605,131.0009918,11.79869747,1860,1692,0.009267692,19.55982638,39121,18.58183556,7.09261E-05,10645.12207,2.435815334,6.291443348,221.7972107,572.8778687,108,070802060602,32
1536,F070802060602_176,4121.662422,36124.07519,8.922646523,1543.617798,75,2181.587158,30.15854454,351.5522766,8.744194031,2.498341084,37.64604632,0.00425736,131.0010834,11.79870415,933,848,0.004644801,11.39580708,22792,10.82601663,4.13224E-05,3725.205078,1.820304036,4.392930508,142.5840912,344.0974731,108,070802060602,32
1537,F070802060602_177,4507.874692,38855.32535,9.597265244,1660.326904,90,2815.837646,32.43875504,378.1322632,9.405320168,2.687234163,28.90629824,0.003268989,131.0008545,11.79868793,717,652,0.003571238,7.564842187,15132,7.18660006,2.74309E-05,4476.164551,2.546513557,6.865283012,231.0309296,622.8486938,108,070802060602,24
1538,F070802060602_181,8387.78991,72487.27947,17.90435791,3097.453857,85,4961.297363,60.51673126,705.4317017,17.54627037,5.01322031,54.98922825,0.006218686,131.0000305,11.79862976,1364,1241,0.006797403,82.24609017,164491,78.13378477,0.000298233,8058.750977,2.495933771,6.493755817,39.64295197,103.1404114,108,070802060602,24
1539,F070802060602_190,1928.450048,16056.2815,3.965901613,686.1009521,87,1124.80896,13.40474701,156.2565308,3.886583567,1.110452414,12.99065053,0.001469102,130.9974976,11.79845142,322,293,0.001604866,21.71146107,43423,20.62588882,7.87281E-05,1810.909912,2.341641426,6.180580139,33.2640686,87.7979126,108,070802060602,24
1540,F070802060602_194,2141.907398,18796.64752,4.642771721,803.1995239,89,1347.053955,15.69256878,182.9252014,4.549916267,1.29997611,15.79038942,0.001785722,130.9968262,11.79840374,392,357,0.001955417,17.86013031,35720,16.96712339,6.47628E-05,2150.253418,2.249858618,6.023118973,47.33858109,126.7305832,108,070802060602,24
1541,F070802060602_204,5010.816568,42924.38645,10.60232353,1834.202026,88,3041.594482,35.83585358,417.7315369,10.39027691,2.968650579,37.11596006,0.004197413,130.9991913,11.79857063,921,838,0.004590027,67.8249228,135649,64.4336766,0.000245941,4875.796387,2.188785315,5.818372726,28.46651268,75.67155457,108,070802060602,24
1542,F070802060602_206,4821.886127,41472.06845,10.24360085,1772.142944,81,2704.925293,34.62337112,403.5978699,10.03872871,2.86820817,33.90653586,0.003834462,130.9989929,11.79855633,841,766,0.004195657,41.22662687,82453,39.16529608,0.000149492,4477.068359,2.31350255,5.844736576,45.24778748,114.3121262,108,070802060602,24
1543,F070802060602_207,21128.4602,185691.2204,45.86573029,7934.771484,72,10765.60449,155.0261688,1807.109741,44.94841385,12.84240437,138.5488055,0.015668369,131.0002594,11.79864597,3437,3130,0.017144135,291.6494948,583300,277.0670247,0.001057553,18700.375,2.535070658,5.974560738,28.63845444,67.49404907,108,070802060602,24
1544,F070802060602_208,2043.885848,17592.58228,4.345367908,751.7486572,79,1119.105957,14.6873436,171.207489,4.258460522,1.216703057,10.8204073,0.001223671,131.0055389,11.79901791,268,244,0.001336476,22.82518977,45650,21.6839298,8.27666E-05,1870.854614,3.080937147,7.667437077,34.66846848,86.27839661,108,070802060602,24
1545,F070802060602_209,6461.727382,56736.02228,14.01379776,2424.386963,73,3335.003662,47.36663818,552.1436157,13.73352146,3.923863411,42.05762576,0.004756262,139.500824,12.42858791,1099,1000,0.00547736,86.48679577,172974,82.16245443,0.000313611,5759.390625,2.424386978,5.759390831,29.50723648,70.09759521,108,070802060602,24
1546,F070802060602_213,6000.226822,52509.24305,12.96978283,2243.772461,69,2917.423096,43.83786774,511.0094299,12.71038723,3.631539106,28.8370347,0.003261156,151.3989716,13.42143726,814,741,0.004058723,42.04579115,84091,39.943501,0.000152463,5161.195313,3.028033018,6.965175629,56.17365646,129.2123871,108,070802060602,24
1547,F070802060602_214,1984.222979,17355.26501,4.286750317,741.6077881,93,1299.656982,14.48921585,168.8979645,4.201015472,1.200290084,17.03000301,0.001925909,130.9968414,11.79840469,423,385,0.002108783,4.498465255,8997,4.273542017,1.63119E-05,2041.264771,1.926254034,5.301986217,173.5346832,477.6517334,108,070802060602,24
1548,F070802060602_216,9567.885567,83963.87901,20.73907852,3587.860596,72,4867.876465,70.0980835,817.1196899,20.32429695,5.806941986,70.80063909,0.008006785,142.333786,12.65271091,1883,1714,0.009388194,198.5768992,397154,188.6480519,0.000720062,8455.737305,2.093267441,4.933335781,19.01880455,44.82281876,108,070802060602,24
1549,F070802060602_217,2186.13764,18676.46207,4.613086224,798.0639038,61,917.3583984,15.59223175,181.7556,4.520824432,1.291664124,11.38924026,0.001288,130.9998474,11.79861641,282,256,0.001402204,3.975172222,7950,3.776413649,1.44144E-05,1715.422363,3.117437124,6.700868607,211.3285217,454.2464294,108,070802060602,24
1550,F070802060602_220,15705.02312,136868.7959,33.80659103,5848.540039,75,8265.711914,114.2662811,1331.979736,33.13045883,9.465845108,99.08210062,0.011205112,147.9997253,13.12366962,2735,2488,0.013627671,207.6564474,415313,197.2736183,0.000752985,14114.25195,2.350699425,5.672930717,29.64684296,71.54657745,108,070802060602,24
1551,F070802060602_238,3776.397895,32443.22566,8.013476372,1386.331421,46,1201.700928,27.08555031,315.730957,7.853206635,2.24377346,30.93357764,0.003498253,130.9996185,11.79860115,767,698,0.003823197,91.09234706,182184,86.53773221,0.000330311,2588.032227,1.986148119,3.707782507,16.01996422,29.90640259,108,070802060602,24
1552,F070802060602_239,2722.673836,23583.1151,5.825029373,1007.730103,48,911.5006714,19.68859863,229.5061646,5.708528996,1.631008267,14.78249009,0.001671739,131.0011139,11.79870605,367,334,0.001829438,7.224041245,14448,6.862839013,2.61952E-05,1919.230713,3.017155886,5.746199608,146.8386688,279.6555176,108,070802060602,24
1553,F070802060602_242,1583.757212,13692.93222,3.382154226,585.1126709,85,937.1949463,11.43168163,133.2568817,3.314511061,0.947003186,10.4046278,0.001176651,142.3345947,12.65277576,277,252,0.001380295,3.013881683,6028,2.863187551,1.09287E-05,1522.307617,2.321875572,6.040903091,204.3570862,531.6828003,108,070802060602,16
1554,F070802060602_254,3387.668931,30133.14661,7.442887306,1287.619507,68,1649.939209,25.15695953,293.2497559,7.294029713,2.084008455,19.49595261,0.002204781,130.9965057,11.79838085,484,440,0.002410038,62.10111618,124202,58.99605942,0.000225185,2937.558594,2.926408052,6.676269531,21.82551765,49.79245377,108,070802060602,24
1555,F070802060602_265,3786.284958,33307.5576,8.226966858,1423.265259,67,1796.934082,27.80714798,324.1424866,8.062427521,2.30355072,26.77032661,0.003027434,131.0010529,11.79870224,664,604,0.003308325,86.9487915,173898,82.60134888,0.000315286,3220.199219,2.356399536,5.331455708,17.2305336,38.98482513,108,070802060602,24
1556,F070802060602_278,6261.883834,54101.58445,13.36309147,2311.814941,70,3049.45752,45.16724777,526.5057983,13.09582996,3.741665602,39.76428407,0.00449691,130.9990845,11.798563,987,899,0.004924146,11.5186846,23037,10.9427504,4.1768E-05,5361.272461,2.571540594,5.96359539,211.2645264,489.9382935,108,070802060602,32
1557,F070802060602_287,11360.30531,99775.8027,24.6446228,4263.519531,53,4258.098145,83.29882813,970.9981689,24.15172958,6.900494576,74.6511127,0.008442232,130.9998016,11.79861355,1852,1685,0.009229351,261.6087031,523218,248.5282736,0.000948622,8521.617188,2.530278683,5.057339668,17.15506744,34.28832245,108,070802060602,24
1558,F070802060602_288,5828.618898,50141.41226,12.3849287,2142.592773,76,3068.48999,41.86105728,487.9661865,12.13722992,3.467780113,43.2981962,0.004896557,148.000061,13.12369823,1194,1087,0.00595389,147.0227589,294047,139.6716233,0.000533121,5211.083008,1.971106529,4.79400444,15.34021568,37.30953217,108,070802060602,24
1559,F070802060602_290,5316.441531,45986.75166,11.35872746,1965.059814,43,1592.266357,38.39249802,447.5338745,11.1315527,3.180443764,28.15716076,0.00318427,130.9980011,11.79848671,699,636,0.003483601,83.41927242,166838,79.24830818,0.000302487,3557.326172,3.089716673,5.593280315,24.79623604,44.88835526,108,070802060602,24
1560,F070802060602_306,6433.592919,55934.43345,13.81580544,2390.134277,82,3693.241211,46.69742203,544.3427124,13.53948975,3.868425608,49.9788065,0.005652062,131.000412,11.79865646,1240,1128,0.006178462,78.98601949,157972,75.03671622,0.000286412,6083.375488,2.118913412,5.393063545,31.85286331,81.07198334,108,070802060602,24
1561,F070802060602_310,3277.124386,28905.31015,7.139611721,1235.152832,88,2048.21167,24.13188744,281.3006897,6.996819496,1.999091268,24.98760605,0.002825828,130.9985809,11.79852772,620,565,0.003094708,5.096284389,10193,4.841470122,1.84797E-05,3283.364502,2.186111212,5.811264515,255.1193695,678.1751099,108,070802060602,24
1562,F070802060602_311,1463.446767,12594.13644,3.110751629,538.1600342,90,912.694519,10.5143404,122.5636139,3.048536539,0.871010482,7.59442319,0.000858847,131.0014496,11.7987299,189,172,0.000942106,1.662253764,3325,1.579141125,6.02751E-06,1450.854492,3.128837347,8.435200691,340.7928772,918.7617798,108,070802060602,24
1563,F070802060602_312,3559.740643,31225.47462,7.712692261,1334.295776,90,2262.903809,26.06889915,303.8800659,7.558438301,2.159553766,26.69340229,0.003018735,130.9994659,11.79858971,663,604,0.003308325,49.92690059,99855,47.43055462,0.00018104,3597.199707,2.209099054,5.955628872,28.13156509,75.84140015,108,070802060602,24
1564,F070802060602_353,2761.709667,24197.56794,5.976799488,1033.986328,78,1519.780518,20.20158195,235.4859009,5.857263565,1.673503876,18.49622664,0.002091723,131.0046997,11.79895878,459,418,0.002289536,43.31389856,86627,41.14820471,0.000157061,2553.766846,2.473651409,6.109489918,25.12834549,62.0626564,108,070802060602,32
1565,F070802060602_354,6407.475186,55961.72782,13.82254696,2391.300537,64,2883.936279,46.72020721,544.6083374,13.54609585,3.870313168,46.63066632,0.005273423,142.3334503,12.65268326,1242,1132,0.006200371,18.08708031,36174,17.18272632,6.55857E-05,5275.236816,2.112456322,4.660103321,139.168869,307.0081482,108,070802060602,24
1566,F070802060602_355,2313.887659,19585.12056,4.837524891,836.8917847,91,1435.100098,16.35083389,190.5984802,4.740774155,1.354506969,19.43201282,0.00219755,131.0018616,11.79875851,482,439,0.002404561,25.13445225,50268,23.8777293,9.11403E-05,2271.991943,1.906359434,5.17538023,35.04905319,95.15109253,108,070802060602,32
1567,F070802060602_375,1422.151269,12215.40077,3.017204046,521.9763184,89,875.4117432,10.19814968,118.8778381,2.956860065,0.844817162,11.76832056,0.00133087,,,,,,,,,,1397.388062,,,,,108,070802060602,32
1568,F070802060602_382,1184.531821,10044.71324,2.481044054,429.2206116,92,744.1148071,8.385929108,97.75313568,2.431423187,0.694692314,9.858800411,0.001114924,142.3409424,12.65328598,262,238,0.001303612,21.80070281,43601,20.71066785,7.90517E-05,1173.335449,1.803447962,4.929980755,20.7246151,56.65367508,108,070802060602,24
1569,F070802060602_393,4686.334442,41798.81949,10.3243084,1786.105347,79,2658.922363,34.89616394,406.7777405,10.11782265,2.890806437,37.9274025,0.004289178,142.3325958,12.65261459,1009,918,0.005028216,83.83407593,167668,79.64237213,0.000303992,4445.027832,1.945648551,4.842078209,22.42657089,55.81234741,108,070802060602,32
1570,F070802060602_394,1160.530568,10085.14851,2.491031647,430.9484863,88,714.6271973,8.419687271,98.14664459,2.441210985,0.697488844,7.673517704,0.000867792,130.9972687,11.79843521,190,173,0.000947583,7.165231705,14330,6.806970119,2.59819E-05,1145.575684,2.491031647,6.621824741,63.30988312,168.2945099,108,070802060602,24
1571,F070802060602_395,4018.094699,35162.54671,8.685149193,1502.530762,83,2350.027832,29.35580444,342.1948853,8.511445999,2.43184185,27.86264437,0.003150963,130.9987488,11.79853916,691,629,0.003445259,51.76979196,103539,49.18130255,0.000187723,3852.558594,2.388761044,6.124894619,30.55085373,78.3338089,108,070802060602,24
1572,F070802060602_396,2696.600718,23880.74274,5.898543358,1020.447998,55,1057.608765,19.93707657,232.4026031,5.780572414,1.651592135,22.35503067,0.002528112,131.0024872,11.79880333,554,504,0.002760589,97.41325486,194827,92.54258907,0.000353231,2078.056641,2.024698496,4.123128414,11.02679348,22.45513916,108,070802060602,32
1573,F070802060602_399,2273.273177,19734.83178,4.874503613,843.2891235,68,1080.579712,16.47582245,192.0554352,4.777013779,1.364861012,15.09915431,0.001707551,131.0032501,11.79885674,375,341,0.00186778,52.43630506,104873,49.81448878,0.00019014,1923.868896,2.472988605,5.641844273,16.92859077,38.62067032,108,070802060602,32
1574,F070802060602_42,26748.73561,231580.0688,57.20027542,9895.647461,85,15850.19629,193.3369293,2253.690918,56.0562706,16.01607704,180.6054733,0.020424522,147.9999542,13.1236887,4983,4530,0.024812439,237.0288342,474062,225.1773899,0.000859492,25745.84375,2.1844697,5.683409214,43.94600677,114.3358307,108,070802060602,24
1575,F070802060602_424,1749.627369,15208.75128,3.756561518,649.8851318,87,1065.436035,12.69717789,148.0085297,3.68143034,1.051837206,10.4025178,0.001176412,130.996994,11.79841518,258,235,0.001287179,18.17869854,36357,17.26976395,6.5918E-05,1715.321167,2.765468597,7.299239159,37.6313858,99.32511139,108,070802060602,24
1576,F070802060602_43,9353.1452,81798.66533,20.20426941,3495.338623,82,5401.005371,68.29042816,796.0482178,19.80018425,5.657195568,70.96958813,0.008025892,139.5002136,12.42854023,1855,1689,0.00925126,143.6905514,287381,136.506023,0.000521038,8896.34375,2.069472313,5.267225266,25.60574722,65.17180634,108,070802060602,32
1577,F070802060602_44,6599.284571,57709.83358,14.25432873,2465.998779,76,3531.652832,48.17963028,561.6205444,13.9692421,3.99121213,42.38613043,0.004793412,159.3343048,14.16400623,1262,1149,0.006293486,107.7124902,215425,102.3268634,0.000390577,5997.651367,2.146213055,5.21988821,24.09923172,58.61267853,108,070802060602,24
1578,F070802060602_440,2530.461409,21561.7535,5.325753212,921.3552856,84,1458.404297,18.00104523,209.834671,5.219238281,1.491210938,16.02847627,0.001812647,156.4974518,13.89065742,469,427,0.002338833,4.191316479,8383,3.981750602,1.51982E-05,2379.759521,2.157740831,5.573207378,231.3945313,597.666626,108,070802060602,24
1579,F070802060602_45,4530.974228,39606.82311,9.782885551,1692.439209,69,2200.562012,33.06615448,385.4456787,9.587227821,2.739207983,33.27247482,0.003762756,131.0008392,11.79868698,826,751,0.004113497,96.47227995,192945,91.64866532,0.000349819,3893.001221,2.253580809,5.183756828,18.46660042,42.47744751,108,070802060602,24
1580,F070802060602_452,2169.93704,18789.45624,4.640995502,802.8922119,88,1331.408813,15.68656445,182.8552246,4.548175812,1.299478769,15.55164194,0.001758722,130.9997101,11.79860687,385,350,0.001917076,16.43036842,32860,15.60884953,5.95783E-05,2134.301025,2.293977737,6.098002911,51.43827057,136.7366028,108,070802060602,24
1581,F070802060602_46,1592.676359,13510.22068,3.33702445,577.3052368,82,892.0534668,11.27914238,131.4787598,3.270283937,0.934366822,11.02520764,0.001246832,130.9982758,11.79850578,274,249,0.001363863,22.17444611,44350,21.06572324,8.0407E-05,1469.358643,2.318495035,5.901038647,27.40495682,69.75115967,108,070802060602,24
1582,F070802060602_463,9043.12474,79483.88859,19.63252068,3396.426025,49,3136.098877,66.35791779,773.5213013,19.23987007,5.497105598,51.13468742,0.005782779,131.0017548,11.79875088,1269,1155,0.00632635,226.849308,453699,215.5068398,0.00082258,6532.524902,2.940628529,5.655865669,15.76017761,30.31237793,108,070802060602,24
1583,F070802060602_476,2651.894763,23216.99141,5.734596729,992.0852051,73,1364.71936,19.38293648,225.9431152,5.619904995,1.605687141,16.53372145,0.001869785,130.9999695,11.79862499,410,373,0.002043055,50.98451662,101968,48.43529177,0.000184875,2356.804688,2.659745932,6.318511009,20.48269272,48.65883255,108,070802060602,24
1584,F070802060602_485,3269.859409,28059.10063,6.930597782,1198.993408,57,1287.84375,23.42542076,273.0655518,6.791985989,1.940567374,22.13618302,0.002503362,131.0004578,11.79866028,550,501,0.002744157,10.99149781,21983,10.44192255,3.98564E-05,2486.837158,2.393200397,4.963747025,114.8249664,238.1589355,108,070802060602,24
1585,F070802060602_489,3709.239385,32645.58356,8.063459396,1394.978516,72,1892.655151,27.25449371,317.7002869,7.902190208,2.257768631,35.96288133,0.004067012,139.5011749,12.42861557,939,854,0.004677665,104.4185708,208837,99.19764471,0.000378633,3287.633789,1.633464336,3.849688292,14.0626173,33.14225769,108,070802060602,24
1586,F070802060602_490,12792.49354,111588.0427,27.56224632,4768.268555,81,7278.086914,93.16039276,1085.952515,27.01100159,7.717429161,83.41524808,0.009433361,131.0002289,11.79864407,2070,1884,0.010319345,157.7803392,315560,149.8913264,0.000572129,12046.35547,2.530928135,6.394031525,31.81150436,80.36726379,108,070802060602,24
1587,F070802060602_492,1276.74507,10884.71406,2.688524485,465.1147461,87,762.5192871,9.087212563,105.9278641,2.634753942,0.752786875,10.73706066,0.001214245,158.1967468,14.05331421,318,290,0.001588434,18.40674104,36813,17.48640365,6.67449E-05,1227.634033,1.603843927,4.233220577,26.59864998,70.20506287,108,070802060602,24
1588,F070802060602_50,3783.640813,32755.26422,8.090550423,1399.665283,87,2294.641846,27.3460598,318.7677002,7.928739548,2.265354156,29.26539803,0.003309599,131.0009766,11.79869652,726,660,0.003615057,44.95423436,89908,42.70652294,0.000163009,3694.307129,2.120704889,5.597434998,32.77404022,86.5045166,108,070802060602,32
1589,F070802060602_500,3597.916914,31305.6816,7.732503414,1337.723145,82,2067.052734,26.13586235,304.6606445,7.577853203,2.165101051,28.28705747,0.00319896,130.9988861,11.7985487,702,639,0.003500033,52.08715058,104174,49.48279348,0.000188874,3404.775879,2.093463421,5.328287601,27.03410721,68.80726624,108,070802060602,24
1590,F070802060602_504,1993.209978,17192.35177,4.246510983,734.6464233,69,955.2102051,14.35320759,167.3125305,4.161580563,1.189023018,12.41749787,0.001404284,153.6654358,13.62660122,355,323,0.001769187,37.72524095,75450,35.83897877,0.000136796,1689.856689,2.274447203,5.231754303,20.49853134,47.15136337,108,070802060602,24
1591,F070802060602_505,896.5663304,7672.221625,1.895038724,327.8417053,55,339.7804565,6.405230999,74.66452789,1.857137918,0.530610859,4.832719528,0.000546528,121.9993744,11.19598198,113,102,0.000558691,,,,,667.6221924,3.214134455,6.545315742,,,108,070802060602,24
1592,F070802060602_506,1644.798877,14515.04142,3.58521533,620.2422485,54,631.1412964,12.11802769,141.2574768,3.513510942,1.003860235,11.23984623,0.001271105,159.3358002,14.1641531,335,305,0.001670595,49.89452362,99789,47.39979553,0.000180923,1251.383545,2.033581257,4.10289669,13.08533573,26.40060997,108,070802060602,24
1593,F070802060602_51,2253.403384,19295.25222,4.765927315,824.5054321,68,1056.510742,16.10883522,187.7775421,4.670608997,1.334459662,13.56312964,0.001533843,131.0041351,11.79891872,337,306,0.001676072,40.82859655,81657,38.78716699,0.000148049,1881.016113,2.694462299,6.147111416,21.25717163,48.49583817,108,070802060602,32
1594,F070802060602_525,2307.035722,20306.51587,5.0157094,867.7177124,74,1209.989868,16.9530983,197.6189575,4.91539526,1.40439868,9.483056068,0.001072431,132.7515717,11.92339802,238,217,0.001188587,,,,,2077.70752,3.998699188,9.574688911,,,108,070802060602,32
1595,F070802060602_526,3334.433175,29239.48637,7.222153187,1249.432495,89,2095.435303,24.41087723,284.5528259,7.077710152,2.022202969,17.3651799,0.001963814,130.9970245,11.79841805,430,391,0.002141648,21.46422291,42928,20.39101195,7.78316E-05,3344.867676,3.195479631,8.554648399,61.27368927,164.036377,108,070802060602,32
1596,F070802060602_529,1414.310455,12143.6729,2.999487162,518.9112549,89,870.2711182,10.13826656,118.1797943,2.939497471,0.839856386,8.771162973,0.000991924,131.0106201,11.79937649,218,198,0.001084517,14.39612365,28792,13.6763179,5.22019E-05,1389.182373,2.620764017,7.01607275,37.94232178,101.5757599,108,070802060602,32
1597,F070802060602_531,7985.779786,69412.96897,17.14500427,2966.085693,86,4806.772949,57.9501152,675.5131836,16.80210495,4.800601006,56.37148555,0.006375004,131.0001984,11.7986412,1400,1275,0.006983633,79.52557068,159051,75.54929215,0.000288368,7772.858398,2.326341629,6.09635973,39.26027298,102.8845978,108,070802060602,24
1598,F070802060602_532,3131.905636,27252.61112,6.731394768,1164.53125,86,1887.213989,22.75211525,265.2169495,6.596766949,1.88479054,23.61555507,0.002670663,131.0011139,11.79870605,585,532,0.002913955,67.48810293,134976,64.11369808,0.000244719,3051.745117,2.18896842,5.736362934,18.16353226,47.59895706,108,070802060602,32
1599,F070802060602_536,6979.368342,61203.25066,15.11720276,2615.276123,88,4336.823242,51.09614563,595.6177979,14.81485844,4.232816696,39.87817537,0.00450979,139.4999847,12.42852306,1042,948,0.005192537,69.17292003,138345,65.71427333,0.000250829,6952.099609,2.758730173,7.333438396,39.79768753,105.7928391,108,070802060602,24
1600,F070802060602_537,2469.276974,21085.72609,5.208174229,901.0141602,55,933.8256226,17.60362816,205.2020721,5.104010582,1.458288789,12.02381879,0.001359764,130.9968262,11.79840374,297,271,0.001484364,55.22425602,110448,52.46304349,0.000200249,1834.839844,3.324775457,6.770626545,17.17426491,34.97394943,108,070802060602,24
1601,F070802060602_541,6964.239253,61575.66934,15.20919037,2631.189941,84,4164.884277,51.40706253,599.2421265,14.90500641,4.258573532,51.5079689,0.005824993,130.999176,11.79856968,1278,1163,0.006370169,121.2081223,242416,115.1477127,0.000439514,6796.074219,2.262416124,5.84357214,22.85056114,59.02048874,108,070802060602,24
1602,F070802060602_546,9270.32093,82489.83072,20.37498856,3524.873047,84,5579.486816,68.86746216,802.7745361,19.96748924,5.704996586,66.3901061,0.007508002,148.0003815,13.12372589,1831,1666,0.009125281,149.1694947,298338,141.7110192,0.000540905,9104.359375,2.115770102,5.464801311,24.87366867,64.24594879,108,070802060602,24
1603,F070802060602_55,8557.722855,73597.31496,18.17853737,3144.886963,86,5096.534668,61.44345474,716.234375,17.8149662,5.089990616,62.0971063,0.00702251,131.0003204,11.79864979,1541,1402,0.007679258,117.536326,235073,111.6595087,0.0004262,8241.421875,2.24314332,5.878332138,28.16497231,73.80850983,108,070802060602,32
1604,F070802060602_550,3308.301941,28673.67961,7.082398891,1225.255005,72,1662.380615,23.93850899,279.0465088,6.940751076,1.983071685,28.80230621,0.003257229,148.0016632,13.12383556,794,723,0.003960131,89.53282653,179065,85.0561877,0.000324656,2887.635742,1.694681883,3.993963718,14.40524197,33.94974518,108,070802060602,24
1605,F070802060602_551,4492.954484,38189.09686,9.432706833,1631.858276,84,2583.05249,31.88254929,371.6486511,9.244052887,2.641157866,36.48620068,0.004126194,148.0005341,13.12373924,1008,917,0.005022739,55.144673,110289,52.38743983,0.000199961,4214.910645,1.779561877,4.596413136,31.14979935,80.45651245,108,070802060602,24
1606,F070802060602_552,1260.787464,10478.1501,2.588103056,447.7418213,82,691.8516846,8.747788429,101.9712601,2.536340952,0.72466886,8.060454407,0.00091155,147.9969788,13.12343407,222,202,0.001106427,,,,,1139.593506,2.216543674,5.641551971,,,108,070802060602,24
1607,F070802060602_56,10833.72554,94076.10995,23.23679924,4019.966309,76,5757.149414,78.54038239,915.5299072,22.77206421,6.506303787,71.76887631,0.008116282,130.9997406,11.79860973,1781,1621,0.0088788,177.9200896,355841,169.0240886,0.000645158,9777.115234,2.479929924,6.031533241,23.78339195,57.84450912,108,070802060602,32
1608,F070802060602_57,5018.390916,42994.32633,10.61959839,1837.190552,84,2908.070801,35.89424133,418.4121704,10.40720654,2.973487616,29.5796566,0.003345139,139.4994354,12.42848015,773,703,0.003850584,53.94942093,107899,51.25194931,0.000195627,4745.26123,2.613357782,6.750016212,35.84625626,92.58694458,108,070802060602,24
1609,F070802060602_67,5398.434658,47432.80145,11.71590233,2026.851074,90,3437.445801,39.59975052,461.6065369,11.48158455,3.280452728,46.12532096,0.005216274,142.3326263,12.65261745,1228,1118,0.006123688,55.72023278,111441,52.93422124,0.000202048,5464.296875,1.812925816,4.887564182,38.28999329,103.2280579,108,070802060602,32
1610,F070802060602_72,2220.492055,19252.4915,4.755365372,822.6782227,87,1348.716919,16.07313538,187.3613892,4.660258293,1.331502318,14.21254873,0.001607285,131.0016022,11.79874039,353,321,0.001758232,,,,,2171.39502,2.562860489,6.764470577,,,108,070802060602,24
1611,F070802060602_78,11782.40191,100905.9229,24.92376328,4311.811035,79,6418.866211,84.2423172,981.9962769,24.42528725,6.978653908,73.85314503,0.008351991,131.0009613,11.79869556,1831,1666,0.009125281,172.7141634,345426,164.0784545,0.00062628,10730.67773,2.588121891,6.440982819,26.27895927,65.39967346,108,070802060602,24
1612,F070802060602_80,3581.602596,30907.5874,7.63417387,1320.712036,90,2239.866699,25.80350685,300.786438,7.481490612,2.137568712,23.58827178,0.002667578,131.003006,11.79883957,585,532,0.002913955,39.3830964,78766,37.41393958,0.000142807,3560.578613,2.482541323,6.692816734,35.29999924,95.16716766,108,070802060602,32
1613,F070802060602_81,5392.995875,48261.57735,11.92060947,2062.265381,82,3186.617432,40.29166031,469.6720276,11.68219757,3.3377707,46.69592595,0.005280803,131.001709,11.79874802,1158,1054,0.005773137,77.97163749,155943,74.07305264,0.000282734,5248.882813,1.956608534,4.979964733,27.84096718,70.86089325,108,070802060602,32
1614,F070802060602_84,4507.645699,38853.92919,9.596920967,1660.267334,89,2784.450684,32.43759155,378.1186829,9.404982567,2.687137842,26.78368115,0.003028944,130.998764,11.79854012,665,606,0.00331928,7.356979822,14714,6.989130731,2.66772E-05,4444.717773,2.739715099,7.334517956,237.5499115,635.9471436,108,070802060602,32
1615,F070802060602_87,3754.082235,32487.77234,8.024479866,1388.234985,89,2328.222656,27.1227417,316.1645203,7.863990307,2.246854305,34.14992052,0.003861986,131.0011749,11.79871082,846,771,0.004223044,9.75961975,19519,9.271638937,3.53895E-05,3716.45752,1.80056417,4.820308208,149.729187,400.8414917,108,070802060602,32
1616,F070802060602_88,13471.42651,118463.847,29.26057053,5062.078613,83,7917.325195,98.90072632,1152.866455,28.67535973,8.192959785,104.8538059,0.011857829,131.0000916,11.79863358,2602,2369,0.012975865,25.07452821,50149,23.82080187,9.0923E-05,12979.4043,2.136799812,5.478853703,212.5066376,544.8768921,108,070802060602,32
1617,F070802060602_90,4745.244642,40762.95135,10.06844902,1741.841675,83,2724.321045,34.03135681,396.6968994,9.867079735,2.819165707,33.21803845,0.0037566,131.0021515,11.79877949,824,750,0.00410802,63.45389165,126907,60.28119757,0.000230091,4466.162598,2.322455645,5.954883575,28.89527321,74.08881378,108,070802060602,32
1618,F070802060602_91,8728.679451,77451.70737,19.13057137,3309.588867,72,4490.327637,64.66133118,753.7445068,18.74795914,5.356559753,57.78405779,0.006534751,130.9989624,11.79855442,1435,1308,0.007164386,152.5903037,305180,144.9607886,0.000553309,7799.916504,2.530266762,5.963238716,22.83092499,53.80707932,108,070802060602,32
1619,F070802060602_95,2397.958952,20875.17981,5.156169415,892.017334,68,1143.019653,17.42785263,203.1530762,5.053046227,1.443727493,14.18968131,0.001604699,131.0036316,11.79888344,352,321,0.001758232,52.87591568,105751,50.2321201,0.000191734,2035.036987,2.778870106,6.339679241,17.75790787,40.51266479,108,070802060602,32
1620,F070802060602_98,7327.896016,64111.54035,15.83555031,2739.550293,82,4233.15918,53.52415848,623.9206543,15.51883888,4.433954239,51.84162381,0.005862726,130.9995728,11.79859734,1286,1170,0.006408511,78.30619772,156613,74.39088588,0.000283947,6972.709473,2.341495991,5.959580898,36.82642365,93.73069763,108,070802060602,32
1621,F070802060603_128,6467.136685,56204.34898,13.88247395,2401.667969,85,3846.83374,46.92276382,546.9694824,13.60482407,3.88709259,48.81138348,0.005520039,131.0014343,11.79872894,1211,1102,0.00603605,85.09650767,170193,80.84168274,0.000308569,6248.501953,2.179372072,5.670146942,29.70828819,77.29306793,108,070802060603,24
1622,F070802060603_129,2541.26058,21922.38381,5.414828777,936.7653809,80,1412.1875,18.30212212,213.3442535,5.306532383,1.516152024,22.16782394,0.002506941,131.0016327,11.79874229,550,500,0.00273868,57.2564522,114513,54.39362997,0.000207618,2348.952881,1.873530746,4.69790554,17.2219677,43.18433762,108,070802060603,24
1623,F070802060603_143,4993.712694,43822.44241,10.82414341,1872.576782,79,2787.649902,36.58560562,426.4712524,10.60766029,3.03076005,35.86201429,0.004055605,130.9970093,11.79841709,891,811,0.004442139,16.28722048,32576,15.47285956,5.90592E-05,4660.226563,2.308972597,5.746272087,121.0233154,301.1871643,108,070802060603,16
1624,F070802060603_144,1918.750866,16498.05829,4.075020313,704.9785156,71,943.2042236,13.77356911,160.5558014,3.993520021,1.141005635,11.20435172,0.001267091,131.0020905,11.79877472,278,253,0.001385772,4.843402267,9686,4.601232082,1.75627E-05,1648.182739,2.786476374,6.514556408,153.2151642,358.2046509,108,070802060603,16
1625,F070802060603_148,1097.628159,9246.770839,2.283952475,395.1237793,87,647.7744751,7.719759464,89.9877243,2.238273382,0.639506698,8.812321424,0.000996578,130.9973145,11.79843807,218,198,0.001084517,13.18458533,26368,12.52535605,4.78087E-05,1042.898193,1.995574594,5.2671628,31.54591179,83.26295471,108,070802060603,24
1626,F070802060603_155,1778.985243,14950.50595,3.692775011,638.8500977,91,1095.498535,12.48157978,145.4953308,3.618919611,1.033977032,12.51943183,0.001415812,130.9975739,11.79845619,310,282,0.001544615,15.1499753,30299,14.39247704,5.49355E-05,1734.348633,2.26542592,6.150172234,44.38777924,120.50383,108,070802060603,24
1627,F070802060603_158,2814.295905,24156.22903,5.966588497,1032.219849,63,1225.417969,20.16706848,235.0835876,5.84725666,1.67064476,20.22887051,0.002287666,147.9974518,13.12347412,558,507,0.002777021,58.34098053,116682,55.42393327,0.000211551,2257.637695,2.035936594,4.452934265,18.62408066,40.7339859,108,070802060603,24
1628,F070802060603_161,1897.211571,16559.44149,4.090181828,707.6014404,64,853.3756104,13.8248148,161.1531677,4.008378029,1.145250916,12.63640289,0.00142904,130.9945374,11.79824257,313,285,0.001561047,55.36132237,110722,52.59325758,0.000200746,1560.977051,2.482812166,5.477112293,13.45422363,29.68017387,108,070802060603,24
1629,F070802060603_162,8134.424796,70566.51896,17.42992973,3015.37793,60,3409.294189,58.91316223,686.7392578,17.08133125,4.880380154,54.82022047,0.006199573,130.9999542,11.79862404,1360,1238,0.006780971,222.687582,445375,211.5531979,0.00080749,6424.671875,2.435684919,5.189557076,14.25352097,30.36906052,108,070802060603,24
1630,F070802060603_186,4448.279006,38306.93419,9.461812973,1636.893677,59,1819.884888,31.98092842,372.7954407,9.272576332,2.649307728,33.03694248,0.00373612,130.9979095,11.79848003,820,747,0.004091588,117.4041481,234808,111.5339394,0.00042572,3456.778564,2.19129014,4.627548218,14.67619324,30.99306488,108,070802060603,24
1631,F070802060603_209,1427.675131,12287.24583,3.03494978,525.0463257,83,821.1966553,10.25813007,119.5770187,2.974250793,0.849785924,7.97940743,0.000902385,147.9923248,13.12303352,220,200,0.001095472,2.811759531,5623,2.671171516,1.01957E-05,1346.24292,2.625231743,6.731214523,196.560318,503.9896851,108,070802060603,16
1632,F070802060603_214,3562.876417,31539.56496,7.790272713,1347.717163,77,1955.51416,26.33112144,306.9367371,7.634467125,2.181276321,22.10644174,0.002499999,130.9988556,11.79854679,548,498,0.002727725,13.82882174,27657,13.13738107,5.01448E-05,3303.231445,2.706259251,6.632994652,102.586441,251.4375916,108,070802060603,24
1633,F070802060603_217,2479.243566,21094.80305,5.210416317,901.4020386,73,1239.974976,17.61120796,205.2904053,5.106207848,1.458916545,15.22242787,0.001721492,131.0020752,11.79877377,378,344,0.001884212,36.74687111,73494,34.90952739,0.000133248,2141.376953,2.620354652,6.224933147,25.82108879,61.34075928,108,070802060603,24
1634,F070802060603_234,1681.614158,14325.56506,3.538414478,612.1456909,49,565.2263794,11.95984077,139.4135284,3.467646122,0.990756035,7.686689541,0.000869281,130.9989319,11.79855251,191,175,0.000958538,3.981481269,7964,3.782407276,1.44373E-05,1177.37207,3.497975349,6.727840424,161.8402405,311.2758484,108,070802060603,16
1635,F070802060603_235,3944.936758,35035.46833,8.65376091,1497.100586,69,1946.577026,29.24971199,340.9581909,8.480685234,2.423053026,27.29893875,0.003087214,130.9981232,11.79849529,677,616,0.003374053,10.55112457,21102,10.02356815,3.82595E-05,3443.677734,2.430358171,5.590385914,149.3580475,343.558075,108,070802060603,16
1636,F070802060603_236,2228.994064,19592.72053,4.839402199,837.2165527,68,1072.798584,16.35717964,190.6724396,4.742614269,1.355032563,23.1807368,0.00262149,131.0006256,11.79867172,575,524,0.002870136,7.169714676,14339,6.81122905,2.59982E-05,1910.015137,1.597741485,3.645066977,122.9171066,280.4215088,108,070802060603,16
1637,F070802060603_289,1216.711581,10337.79228,2.55343461,441.7442017,84,699.232605,8.630608559,100.6053238,2.502365828,0.714961708,7.415567398,0.00083862,130.9927979,11.79811954,184,168,0.000920196,15.52010679,31040,14.74410141,5.62776E-05,1140.976807,2.629429817,6.791528702,29.96074104,77.38530731,108,070802060603,24
1638,F070802060603_331,4330.500634,38069.89677,9.403264046,1626.764648,69,2115.17041,31.78303337,370.4886169,9.215198517,2.632913828,34.09368299,0.003855626,130.9993439,11.79858112,845,769,0.004212089,118.7413785,237482,112.8043123,0.000430569,3741.935059,2.115428686,4.86597538,14.42112064,33.17191315,108,070802060603,16
1639,F070802060603_338,3966.877708,34956.61093,8.634283066,1493.730957,83,2336.264404,29.18387604,340.1907654,8.461597443,2.417599201,31.69331552,0.003584171,130.9977875,11.79847145,787,716,0.003921789,40.20517222,80410,38.19491318,0.000145788,3829.995361,2.08621645,5.349155426,39.10811234,100.2750092,108,070802060603,16
1640,F070802060603_340,9482.756043,82257.68067,20.31764793,3514.953125,71,4702.722656,68.67365265,800.5153198,19.91129494,5.688941479,67.29041501,0.007609817,142.3326874,12.65262222,1789,1627,0.008911664,125.3563195,250711,119.0885024,0.000454556,8217.675781,2.160389185,5.050814629,29.5154705,69.004776,108,070802060603,16
1641,F070802060603_341,4199.945688,36806.73508,9.091263771,1572.788574,86,2548.82666,30.72847176,358.1958008,8.909438133,2.545553923,27.93805182,0.003159491,156.501709,13.89106083,816,743,0.004069678,50.1058619,100212,47.60056865,0.000181689,4121.615234,2.116808414,5.547261238,33.04138184,86.58752441,108,070802060603,16
1642,F070802060603_342,3157.979242,27298.38527,6.742701054,1166.487305,75,1648.590454,22.79032898,265.6624146,6.607847214,1.887956262,26.1096791,0.002952722,115.752594,10.8132143,595,541,0.002963252,8.511057556,17022,8.085504591,3.0862E-05,2815.077637,2.156168699,5.203470707,144.2689514,348.1635132,108,070802060603,16
1643,F070802060603_343,2609.081765,22804.32913,5.632669449,974.4518433,77,1413.912598,19.03842354,221.9271698,5.520016193,1.577147484,19.01027446,0.002149856,131.0007782,11.79868221,472,430,0.002355265,7.712137081,15424,7.326530065,2.79651E-05,2388.364502,2.266167164,5.554336071,133.0031891,325.9884949,108,070802060603,16
1644,F070802060603_345,3203.342206,27587.13416,6.814022064,1178.825806,84,1865.95166,23.03139496,268.4724731,6.677741528,1.907926202,23.49522491,0.002657055,130.9994659,11.79858971,583,530,0.002903001,11.14445752,22288,10.58723474,4.0411E-05,3044.777344,2.224199533,5.744863033,111.3440704,287.5894775,108,070802060603,16
1645,F070802060603_346,4359.88929,37278.6452,9.207825661,1592.953857,80,2401.400879,31.12244987,362.7883301,9.023669243,2.57819128,33.48457089,0.003786742,131.0020905,11.79877472,832,757,0.004146361,97.4942841,194990,92.61957232,0.000353525,3994.354736,2.104298353,5.276558399,17.19889069,43.12646484,108,070802060603,16
1646,F070802060603_350,4218.84863,37010.13149,9.14150238,1581.479858,67,1996.68689,30.89827728,360.1752014,8.958672523,2.559620619,44.79406254,0.005065723,130.9983978,11.79851437,1111,1012,0.005543088,18.82187717,37645,17.88078371,6.82502E-05,3578.166748,1.562727094,3.535737991,88.44577789,200.1124115,108,070802060603,16
1647,F070802060603_351,3252.656674,28690.53862,7.08656311,1225.975464,66,1524.744873,23.95258331,279.2105713,6.944831848,1.984237671,20.05748006,0.002268284,131.0007172,11.7986784,498,453,0.002481244,37.09188172,74184,35.23728796,0.000134499,2750.720215,2.706347704,6.072229862,34.79199219,78.06276703,108,070802060603,16
1648,F070802060603_352,7806.164748,67635.64438,16.7060051,2890.138916,73,3975.695068,56.46629715,658.2166138,16.3718853,4.677681446,66.9292175,0.007568969,147.9998627,13.12368107,1847,1682,0.009212919,25.00458267,50008,23.75435355,9.06694E-05,6865.833984,1.718275189,4.081946373,121.6677551,289.0347595,108,070802060603,16
1649,F070802060603_354,8442.141761,73010.40895,18.03357124,3119.807861,64,3762.524414,60.95347214,710.5227051,17.67289925,5.049399853,54.01861911,0.006108921,131.0010681,11.79870319,1341,1220,0.006682379,91.53737676,183075,86.9605076,0.000331925,6882.332031,2.557219505,5.641255856,35.87614441,79.14318848,108,070802060603,16
1650,F070802060603_355,3123.71425,27246.69117,6.729932785,1164.27832,65,1426.072632,22.74717331,265.1593628,6.595334053,1.884381175,18.73890233,0.002119167,131.0031586,11.79885006,465,423,0.002316923,47.09149361,94183,44.73691797,0.000170759,2590.351074,2.752430916,6.123761177,26.02500153,57.90186691,108,070802060603,16
1651,F070802060603_360,5590.769774,47975.64949,11.84998512,2050.047363,79,3051.845215,40.052948,466.8894043,11.61298561,3.317995787,54.39339793,0.006151304,131.0007019,11.79867744,1349,1228,0.006726198,94.88318181,189766,90.13902164,0.000344057,5101.892578,1.669419646,4.154635429,22.7431736,56.6002655,108,070802060603,24
1652,F070802060603_377,2845.450486,24178.2024,5.972015858,1033.158691,80,1559.687134,20.18541336,235.2974243,5.852575302,1.67216444,17.14633015,0.001939064,131.0033722,11.79886532,426,389,0.002130693,,,,,2592.845703,2.655935049,6.665412903,,,108,070802060603,16
1653,F070802060603_380,3227.583397,27933.80868,6.899650574,1193.639526,84,1889.400269,23.32081985,271.8462219,6.761657715,1.93190217,20.3466904,0.00230099,130.9972839,11.79843616,504,458,0.002508631,40.04131585,80083,38.03924969,0.000145194,3083.039795,2.606199741,6.731527805,31.37915611,81.04891205,108,070802060603,16
1654,F070802060603_385,7187.678765,63880.91206,15.77858543,2729.695313,80,4115.055176,53.33161926,621.6762695,15.46301365,4.418004036,28.46577454,0.003219171,130.9992676,11.79857635,707,643,0.003521942,29.03045607,58061,27.57893324,0.000105268,6844.750488,4.245249271,10.6450243,98.97755432,248.1876373,108,070802060603,16
1655,F070802060603_419,3048.831001,26044.69427,6.433039665,1112.915894,67,1405.104492,21.74367332,253.4617615,6.304378986,1.801251054,23.85059215,0.002697244,139.4997559,12.42850494,623,567,0.003105663,64.33952329,128678,61.12254682,0.000233302,2518.020508,1.962814569,4.440953255,18.20794296,41.19626236,108,070802060603,16
1656,F070802060603_420,2490.089444,21454.70409,5.299312115,916.7810059,73,1261.130249,17.9116745,208.7928925,5.193325996,1.483807445,14.27418911,0.001614256,131.0032654,11.79885769,354,322,0.00176371,30.10911567,60218,28.6036596,0.000109179,2177.911133,2.847146034,6.763699055,32.05117798,76.14099884,108,070802060603,16
1657,F070802060603_421,1058.308508,8895.286976,2.197135925,380.1045227,69,494.2237549,7.426319599,86.56715393,2.153193235,0.615198076,7.813119471,0.000883579,139.4949951,12.42813396,203,185,0.001013312,18.34229342,36685,17.42517855,6.65112E-05,874.3282471,2.054619074,4.726098537,21.81352234,50.17614365,108,070802060603,16
1658,F070802060603_423,3559.726353,31498.22323,7.780061245,1345.950562,57,1445.69104,26.29660606,306.5344238,7.62446022,2.178417206,21.05012894,0.002380542,148.0008545,13.1237669,581,529,0.002897523,61.58070374,123161,58.50166893,0.000223298,2791.641602,2.544329882,5.277205467,23.00704575,47.7190094,108,070802060603,16
1659,F070802060603_424,1456.9861,12541.92828,3.097856283,535.9291382,64,646.336792,10.47075462,122.0555344,3.035899162,0.867399752,12.58803163,0.00142357,151.3976593,13.42131996,355,323,0.001769187,29.94810431,59898,28.45069948,0.000108595,1182.265869,1.659223318,3.660265923,18.83711624,41.55489731,108,070802060603,16
1660,F070802060603_427,6212.738842,53652.51788,13.25217152,2292.625732,80,3456.166504,44.79233932,522.1355591,12.98712826,3.710608006,43.45287747,0.00491405,151.40065,13.42158794,1227,1117,0.006118211,61.49461057,122991,58.41987981,0.000222986,5748.791992,2.052484989,5.146635532,39.24393082,98.40472412,108,070802060603,16
1661,F070802060603_430,2867.774904,25696.65383,6.347073555,1098.043701,87,1800.156982,21.45310783,250.0746918,6.220131874,1.777180552,20.98512083,0.00237319,131.0035706,11.79887962,522,475,0.002601746,22.54387808,45088,21.41668409,8.17466E-05,2898.200684,2.311671019,6.101475239,51.27048111,135.3244324,108,070802060603,16
1662,F070802060603_431,2448.539369,21337.49068,5.270359993,911.7722778,78,1340.147217,17.81381607,207.6521912,5.164952755,1.475700855,19.66950181,0.002224408,131.0019379,11.79876423,488,444,0.002431948,40.49640161,80992,38.47158134,0.000146844,2251.919434,2.053541183,5.071890831,23.69989014,58.53462219,108,070802060603,16
1663,F070802060603_432,5213.56581,46099.35005,11.38653946,1969.871338,83,3080.970215,38.4865036,448.6296692,11.15880871,3.188230991,30.07333127,0.003400968,130.9984131,11.79851532,745,678,0.00371365,44.23428432,88470,42.0225704,0.000160398,5050.841797,2.905415058,7.449619293,46.87650681,120.1935501,108,070802060603,16
1664,F070802060603_433,4242.011957,37737.15101,9.321076393,1612.546265,78,2370.16333,31.50523758,367.2503967,9.134654999,2.609901428,31.44221455,0.003555774,130.997879,11.79847813,780,710,0.003888925,81.24861878,162497,77.18618801,0.000294616,3982.709473,2.271191835,5.609449863,20.89164352,51.59873199,108,070802060603,16
1665,F070802060603_436,2909.09003,25547.75665,6.310296059,1091.681274,88,1810.297729,21.3288002,248.6256714,6.184090137,1.766882896,25.27510905,0.002858341,147.9991302,13.12361813,697,634,0.003472646,5.439990401,10880,5.167990983,1.9726E-05,2901.979004,1.721894741,4.577253819,211.2389984,561.5294189,108,070802060603,16
1666,F070802060603_437,3565.002143,31023.21498,7.662734032,1325.652954,88,2198.285156,25.90004158,301.9117126,7.509479523,2.14556551,20.90171623,0.002363758,130.9976959,11.79846478,519,472,0.002585314,34.40247726,68805,32.68235397,0.000124747,3523.937988,2.808586836,7.465970516,40.56173325,107.8238754,108,070802060603,16
1667,F070802060603_439,2465.247175,21752.09059,5.372766495,929.4885864,84,1471.278198,18.15995026,211.6869965,5.265311241,1.504374623,14.35927749,0.001623879,130.9994659,11.79858971,356,325,0.001780142,33.2008481,66402,31.54080486,0.00012039,2400.766846,2.859964848,7.386974812,29.46940041,76.11621857,108,070802060603,16
1668,F070802060603_440,4772.15137,41801.90196,10.32506943,1786.237061,63,2120.562988,34.89873505,406.8077393,10.11856842,2.891019344,29.58430664,0.003345665,131.0019073,11.79876232,734,667,0.003653399,13.69148968,27383,13.00691507,4.96468E-05,3906.800049,2.678016663,5.857271671,137.3298035,300.3633118,108,070802060603,16
1669,F070802060603_441,3337.851524,28679.98883,7.083957195,1225.524536,82,1893.683472,23.94377518,279.1079102,6.942277908,1.983507991,24.48914114,0.002769457,130.996933,11.79841137,608,554,0.003034457,32.82214186,65645,31.18103416,0.000119017,3119.208008,2.212138176,5.630339146,39.30352402,100.0354233,108,070802060603,16
1670,F070802060603_452,1958.853717,16334.17041,4.034540176,697.9754639,80,1052.379517,13.63674545,158.9608765,3.953849316,1.129671216,13.46409597,0.001522643,130.9934845,11.79816818,334,304,0.001665117,33.3634055,66727,31.69523613,0.000120979,1750.35498,2.29597187,5.757746696,22.02146339,55.22454453,108,070802060603,16
1671,F070802060603_456,3572.942193,30847.85167,7.619419575,1318.159546,85,2111.34082,25.75363731,300.2051392,7.467031002,2.133437395,19.58104139,0.002214404,130.9984741,11.79852009,486,443,0.00242647,5.196772336,10394,4.93693378,1.88441E-05,3429.500488,2.975529432,7.74153614,266.9996338,694.6620483,108,070802060603,24
1672,F070802060603_459,3376.436796,29036.99396,7.172137737,1240.779785,62,1449.632324,24.2418251,282.5822144,7.028695107,2.0081985,19.63579079,0.002220595,139.4997253,12.42850208,514,467,0.002557927,59.1495163,118299,56.1920395,0.000214483,2690.412109,2.656916142,5.761053562,22.08106041,47.87888336,108,070802060603,16
1673,F070802060603_463,4308.335939,37484.43753,9.258656502,1601.747559,63,1901.543091,31.29425812,364.7910767,9.073483467,2.592423916,25.61324823,0.002896581,130.9970703,11.79842091,635,578,0.003165914,,,,,3503.290527,2.771189451,6.061056137,,,108,070802060603,24
1674,F070802060603_468,6700.762251,58889.46616,14.54569817,2516.405762,72,3414.166016,49.16445923,573.1005249,14.25478458,4.072795391,48.30487647,0.005462758,159.3329773,14.16387653,1437,1308,0.007164386,75.18377435,150368,71.42458798,0.000272625,5930.571777,1.92385757,4.534076214,35.23164368,83.03263855,108,070802060603,16
1675,F070802060603_472,2611.080695,22819.11489,5.636321545,975.0836182,82,1506.701294,19.05076599,222.0710754,5.523595333,1.578170061,18.96495982,0.002144731,147.9972992,13.12346077,523,476,0.002607223,5.230906775,10461,4.969361617,1.89678E-05,2481.784912,2.048495054,5.213833809,196.2190857,499.4172363,108,070802060603,16
1676,F070802060603_478,3398.041595,29486.34554,7.283127308,1259.981079,65,1543.2948,24.61697006,286.9552307,7.137464523,2.039275646,26.03641479,0.002944436,130.9971161,11.79842377,646,588,0.003220687,103.3784554,206757,98.20953575,0.000374862,2803.275879,2.142824888,4.767476082,12.82951832,28.54382515,108,070802060603,16
1677,F070802060603_480,2124.562298,18637.12368,4.603369713,796.3829346,86,1290.600708,15.55939007,181.3727722,4.511302471,1.288943529,12.9060259,0.001459532,147.998291,13.1235466,356,324,0.001774664,4.166058883,8332,3.957755867,1.51066E-05,2086.983643,2.45797205,6.441307545,201.2208405,527.3148804,108,070802060603,16
1678,F070802060603_482,5968.018869,52212.12847,12.89639568,2231.076416,71,2984.999756,43.58981705,508.117981,12.63846779,3.610990763,47.49362417,0.005371014,131.000412,11.79865646,1178,1072,0.005871729,154.0341108,308069,146.3324025,0.000558545,5216.076172,2.081228018,4.865742683,15.24663258,35.64539337,108,070802060603,16
1679,F070802060603_488,9736.996192,85056.14117,21.00886726,3634.533936,79,5410.623535,71.00997162,827.7493896,20.5886898,5.882483006,58.69759654,0.006638062,130.9990234,11.79855919,1456,1326,0.007262979,19.10947484,38220,18.1540012,6.9293E-05,9045.157227,2.740975857,6.821385384,200.2056732,498.2459412,108,070802060603,16
1680,F070802060603_490,2104.153129,17926.12264,4.427752495,766.0011597,75,1082.585449,14.96580315,174.4534454,4.339197636,1.239770651,11.98454191,0.001355322,130.9966431,11.79839134,298,272,0.001489842,5.710885679,11422,5.425341599,2.07083E-05,1848.58667,2.816180706,6.796274662,141.1894836,340.731842,108,070802060603,16
1681,F070802060603_492,1163.721344,9872.515381,2.438511372,421.8624573,45,357.7296448,8.242168427,96.0773468,2.389741182,0.682783186,5.959526062,0.000673958,130.995575,11.798316,148,135,0.000739444,14.35096216,28701,13.63341427,5.20382E-05,779.5921021,3.124907017,5.774756432,30.94327354,57.18245697,108,070802060603,16
1682,F070802060603_493,1647.59475,14602.03069,3.606701612,623.9593506,77,905.354248,12.19065189,142.1040497,3.534567595,1.00987649,10.72059631,0.001212383,130.9952698,11.79829407,266,242,0.001325521,24.93683815,49874,23.68999672,9.04237E-05,1529.313599,2.578344345,6.319477558,26.33851624,64.55524445,108,070802060603,16
1683,F070802060603_494,2029.063179,17507.69068,4.324399471,748.1210938,85,1198.291138,14.61647034,170.3813324,4.237911701,1.210831881,9.388182077,0.001061702,131.0042877,11.79893017,232,211,0.001155723,14.87708004,29754,14.13322617,5.39459E-05,1946.412231,3.545597553,9.224702835,52.93349838,137.7188873,108,070802060603,16
1684,F070802060603_496,4091.753558,35213.92574,8.697839737,1504.726318,85,2410.171387,29.39869881,342.6948853,8.523882866,2.435395241,32.34921086,0.003658345,130.9996796,11.79860497,803,732,0.004009427,65.99529593,131991,62.69553034,0.000239306,3914.897705,2.055637121,5.348220825,24.00053596,62.44301224,108,070802060603,16
1685,F070802060603_509,4474.122048,38548.35168,9.521442413,1647.209595,88,2731.511475,32.18247604,375.1448364,9.33101368,2.666003942,43.2038826,0.004885891,131.0011444,11.79870796,1071,975,0.005340426,12.75773302,25516,12.11984631,4.62609E-05,4378.721191,1.689445734,4.490995884,135.9101105,361.2852173,108,070802060603,16
1686,F070802060603_510,4429.383968,38400.92911,9.485029221,1640.910034,83,2566.459229,32.05939865,373.710144,9.295329094,2.65580821,39.97681951,0.004520945,142.3327789,12.65262985,1064,969,0.005307561,78.53249679,157065,74.60587237,0.000284767,4207.369141,1.693405628,4.341970444,21.99438095,56.39461136,108,070802060603,16
1687,F070802060603_511,5895.614711,50767.56121,12.53958797,2169.348633,87,3556.478027,42.38380814,494.0597534,12.28879642,3.511084557,38.92525294,0.004402024,131.0012054,11.79871273,966,879,0.004814599,8.21727677,16434,7.806413082,2.97967E-05,5725.82666,2.467973471,6.514023304,277.8931274,733.4772949,108,070802060603,16
1688,F070802060603_512,2280.241931,20057.21458,4.95413208,857.0648193,90,1453.542236,16.74496651,195.1928101,4.85504961,1.387156963,16.75631727,0.001894958,139.5023041,12.42870331,437,397,0.002174512,25.70936325,51419,24.42389479,9.3225E-05,2310.606934,2.158853531,5.820168495,35.09124374,94.60436249,108,070802060603,16
1689,F070802060603_513,2530.897908,22089.60548,5.456132412,943.9108887,91,1618.616333,18.44172668,214.9716187,5.347009659,1.527717113,22.81361529,0.002579973,131.0022736,11.79878807,566,515,0.00282084,16.86627358,33732,16.02295992,6.1159E-05,2562.527344,1.832836628,4.975781441,58.90989685,159.9284668,108,070802060603,16
1690,F070802060603_514,3670.489076,31985.28677,7.900365829,1366.763306,79,2034.660156,26.70323563,311.2744141,7.742358685,2.212102413,35.79593118,0.004048132,142.3351288,12.65281868,952,866,0.004743393,48.03507163,96070,45.63331786,0.00017418,3401.42334,1.57824862,3.927740574,29.9509964,74.5381546,108,070802060603,16
1691,F070802060603_515,4815.166152,41663.45235,10.29087257,1780.320923,86,2885.148926,34.78314972,405.4603882,10.08505535,2.881444216,32.76451337,0.003705312,131.0003662,11.7986536,813,738,0.004042291,49.0811379,98162,46.62708175,0.000177974,4665.469727,2.412358999,6.321774483,38.18212128,100.059227,108,070802060603,16
1692,F070802060603_516,1943.090796,16979.14452,4.19384861,725.5358276,77,1052.739868,14.17520809,165.2376404,4.109971523,1.174277663,14.16519225,0.00160193,130.9978638,11.79847717,352,320,0.001752755,31.1018305,62202,29.54673851,0.000112779,1778.275635,2.267299414,5.557111263,24.55553055,60.18517685,108,070802060603,16
1693,F070802060603_518,921.7407244,7902.162992,1.951834202,337.6673279,64,407.2306824,6.59719944,76.90226746,1.91279757,0.546513557,5.768328324,0.000652335,131.0057526,11.79903316,144,131,0.000717534,13.45639175,26913,12.78357229,4.87944E-05,744.8980103,2.577613115,5.686244488,26.41415977,58.26994324,108,070802060603,16
1694,F070802060603_547,2691.531021,23296.73486,5.754293442,995.4927368,69,1294.370728,19.44951248,226.719162,5.639207363,1.611202121,16.90561017,0.001911841,151.4014435,13.42165852,477,434,0.002377174,46.91941509,93838,44.57344513,0.000170135,2289.863525,2.293761969,5.276183128,22.33376312,51.37281799,108,070802060603,16
1695,F070802060603_548,1506.639228,13239.13728,3.270066977,565.7215576,65,692.9271851,11.05282593,128.8406372,3.204665661,0.915618777,6.494848028,0.000734497,147.9989319,13.12360096,178,161,0.000881855,15.69892299,31397,14.91397727,5.6926E-05,1258.648682,3.513798475,7.81769371,37.9323082,84.39389801,108,070802060603,16
1696,F070802060603_551,8394.414629,72323.378,17.86387444,3090.450195,69,4018.299805,60.37989426,703.8366699,17.50659752,5.001884937,61.15575211,0.006916053,147.9997711,13.12367344,1687,1534,0.00840227,152.552205,305106,144.9245953,0.000553171,7108.75,2.014635086,4.634126663,21.32453918,49.05136871,108,070802060603,16
1697,F070802060603_552,2422.915782,20841.21245,5.147779465,890.5658569,69,1157.941528,17.39949417,202.8225098,5.044823647,1.441378236,12.16926125,0.001376212,147.9968262,13.12342072,336,306,0.001676072,35.36631232,70732,33.59799713,0.000128242,2048.507324,2.910346031,6.694468498,26.5065155,60.97111511,108,070802060603,16
1698,F070802060603_579,5510.050851,48552.14062,11.99237919,2074.681641,81,3166.707764,40.53424072,472.4997253,11.75253201,3.357866287,32.06066108,0.003625713,131.0030975,11.79884624,796,725,0.003971086,56.61945438,113239,53.78848183,0.000205308,5241.389648,2.861629963,7.229503155,38.57111359,97.44445801,108,070802060603,16
1699,F070802060603_584,3551.349727,30635.85492,7.567056179,1309.100708,62,1529.453369,25.57665062,298.1419983,7.415715218,2.118775845,20.7793311,0.002349917,131.0019073,11.79876232,516,469,0.002568882,72.43277187,144865,68.81113473,0.000262649,2838.554199,2.791259527,6.052354336,19.02454758,41.25138092,108,070802060603,16
1700,F070802060603_587,2123.712109,18366.3601,4.536490917,784.8129272,83,1227.483765,15.33333969,178.7377472,4.445761204,1.270217419,12.22681618,0.00138272,131.0050812,11.79898548,303,276,0.001511751,28.82348061,57647,27.38230705,0.000104517,2012.296631,2.843525171,7.290929794,28.66131592,73.48893738,108,070802060603,16
1701,F070802060603_608,4384.068064,37987.80121,9.382987022,1623.256714,79,2416.494385,31.71449661,369.6896973,9.195327759,2.627236366,34.86755959,0.003943143,131.0010834,11.79870415,866,788,0.004316159,63.2052751,126411,60.04501247,0.000229189,4039.750977,2.059970379,5.126587391,27.03399658,67.27870941,108,070802060603,16
1702,F070802060603_609,4249.031984,36766.26054,9.081266403,1571.059082,84,2487.021973,30.69468117,357.8019104,8.899641037,2.54275465,26.41012828,0.002986699,130.9992065,11.79857159,656,598,0.003275461,6.430635549,12862,6.109103623,2.33182E-05,4058.081055,2.627189159,6.786088943,257.1668701,664.2678223,108,070802060603,16
1703,F070802060603_615,6545.383589,56694.54445,14.00355244,2422.614502,52,2373.882324,47.33200836,551.7399902,13.72348118,3.920994759,43.96499693,0.004971965,130.9992523,11.79857445,1091,993,0.005439018,199.9882326,399977,189.9888243,0.000725179,4796.49707,2.439692259,4.830309391,12.75135231,25.24620628,108,070802060603,24
1704,F070802060603_623,5293.93292,45256.77069,11.17842197,1933.866943,68,2478.032715,37.7830658,440.4298401,10.95485306,3.129958153,30.3506552,0.00343233,130.9999847,11.7986269,753,683,0.003741037,63.88360196,127767,60.68942207,0.000231649,4411.899414,2.831430435,6.459589005,31.86497498,72.6963501,108,070802060603,16
1705,F070802060603_624,1415.602109,12293.36594,3.036461353,525.3078003,91,900.7966309,10.26323891,119.6365738,2.975732088,0.850209177,11.50740865,0.001301363,130.9945831,11.79824543,285,259,0.001418636,12.84214002,25685,12.20003316,4.6567E-05,1426.104492,2.028215408,5.506195068,43.05789948,116.8934937,108,070802060603,16
1706,F070802060603_625,5176.435701,44462.46831,10.98222923,1899.925659,79,2828.363281,37.11993408,432.6998291,10.76258469,3.075024128,31.78344771,0.003594364,131.0017548,11.79875088,788,718,0.003932744,47.89890947,95797,45.50396338,0.000173687,4728.289063,2.646136045,6.585361004,41.75297165,103.9093933,108,070802060603,16
1707,F070802060603_626,2080.392833,17887.55647,4.418226242,764.3531494,54,777.7846069,14.93360424,174.0781097,4.329861641,1.237103343,14.5775992,0.001648569,130.9934387,11.79816532,362,330,0.001807529,7.484432265,14968,7.110210836,2.71394E-05,1542.137695,2.316221714,4.673144341,107.5007706,216.8905792,108,070802060603,24
1708,F070802060603_628,5211.218154,46463.80512,11.47655964,1985.444824,55,2057.74707,38.79077148,452.1764526,11.24702835,3.213436604,36.45142198,0.004122261,130.9972076,11.79843044,904,822,0.00450239,170.8281307,341656,162.2867227,0.000619441,4043.191895,2.415383101,4.918725014,12.2341795,24.91387939,108,070802060603,16
1709,F070802060603_633,4896.000721,42663.81063,10.53796101,1823.067261,82,2817.007813,35.61830902,415.1956787,10.32720184,2.950628996,40.10007058,0.004534884,148.000412,13.12372875,1105,1006,0.005510224,88.64514095,177290,84.21288394,0.000321437,4640.075195,1.812194109,4.612401009,21.64831734,55.09934998,108,070802060603,16
1710,F070802060603_635,3654.699318,31329.10211,7.738288403,1338.723877,49,1236.114136,26.15541458,304.8885498,7.583522797,2.166720867,28.79801937,0.003256744,130.999649,11.79860306,714,649,0.003554806,92.3588615,184717,87.74091774,0.000334903,2574.837891,2.062748671,3.967392683,15.25769138,29.34591866,108,070802060603,24
1711,F070802060603_638,7181.897009,62255.50563,15.37710953,2660.23999,61,3057.89209,51.97462845,605.8580933,15.06956768,4.30559063,50.69490659,0.005733045,130.9993744,11.79858303,1257,1144,0.006266099,25.02603257,50053,23.77473092,9.07471E-05,5718.131836,2.325384617,4.998366833,111.8935928,240.5130005,108,070802060603,24
1712,F070802060603_642,5328.427362,47119.05013,11.6384058,2013.444214,74,2807.648682,39.33781052,458.5531921,11.40563774,3.258753538,37.84068185,0.004279371,130.9987335,11.79853821,938,853,0.004672188,88.68103671,177362,84.24698561,0.000321567,4821.092773,2.360426903,5.651926041,23.89930344,57.22570038,108,070802060603,24
1713,F070802060603_645,4241.741363,37207.55259,9.190265656,1589.916016,74,2217.05957,31.063097,362.0964661,9.00646019,2.573274374,29.65631676,0.003353808,130.9987335,11.79853821,736,669,0.003664354,51.31746292,102634,48.75159073,0.000186083,3806.975586,2.376556158,5.690546513,32.61259842,78.08925629,108,070802060603,24
1714,F070802060704_221,2032.150852,17792.63169,4.394780159,760.2969971,87,1246.44751,14.85435677,173.1543427,4.306884766,1.230538487,13.19412041,0.001492112,131.0087738,11.79924583,327,298,0.001632253,3.101213694,6202,2.946152925,1.12453E-05,2006.744507,2.551332235,6.734042168,258.0643311,681.140625,108,070802060704,32
1715,F070802060704_225,2148.732773,18858.71456,4.658102512,805.8517456,88,1336.316406,15.74438667,183.5292358,4.564940453,1.304268718,12.83045769,0.001450986,131.0037842,11.79889488,318,289,0.001582957,3.024624348,6049,2.873393059,1.09676E-05,2142.168213,2.78841424,7.41234684,280.4530029,745.5186768,108,070802060704,32
1716,F070802060704_229,3852.390973,33910.96046,8.37600708,1449.049194,81,2211.768311,28.31090355,330.014679,8.208486557,2.345282078,21.00194597,0.002375093,130.9988861,11.7985487,521,474,0.002596268,36.44065523,72881,34.61862326,0.000132138,3660.817383,3.057065725,7.723243237,41.8575058,105.7470551,108,070802060704,32
1717,F070802060704_232,1208.062172,10519.81255,2.598393679,449.5220947,49,415.0674438,8.782570839,102.376709,2.546425819,0.727550209,6.571581364,0.000743175,130.996521,11.79838181,163,148,0.000810649,9.922896385,19846,9.426751137,3.59815E-05,864.5895386,3.037311554,5.841821194,47.68579102,91.71659851,108,070802060805,32
1718,F070802060704_312,2641.306604,23362.1479,5.770450592,998.2879639,65,1222.758423,19.50412369,227.3557587,5.655041695,1.615726113,14.3434763,0.001622092,131.0040436,11.798913,356,324,0.001774664,4.87133503,9743,4.627768517,1.7664E-05,2221.046387,3.08113575,6.855081558,215.7169189,479.9389648,108,070802060704,32
1719,F070802060704_353,6591.909219,56957.42892,14.06848526,2433.8479,70,3210.428223,47.55147934,554.2983398,13.7871151,3.939175844,49.81782532,0.005633856,130.9989014,11.79854965,1236,1124,0.006156552,18.57275194,37145,17.64411455,6.73468E-05,5644.276367,2.165345192,5.021598339,137.9410553,319.8956909,108,070802060704,32
1720,F070802060704_355,4605.712361,39486.54199,9.753175735,1687.299438,80,2545.419434,32.96573257,384.275116,9.558112144,2.73088932,33.70510515,0.003811682,131.0002289,11.79864407,835,760,0.004162793,9.463435373,18926,8.990263492,3.43155E-05,4232.71875,2.22013092,5.569366932,187.6807556,470.8114319,108,070802060704,32
1721,F070802060704_356,4148.167153,36091.37055,8.914568901,1542.220459,74,2151.092773,30.13124275,351.2340088,8.73627758,2.496079206,29.43404871,0.003328672,130.9995575,11.79859638,729,663,0.003631489,48.4579409,96916,46.03504392,0.000175714,3693.313232,2.32612443,5.570608139,33.50101089,80.228302,108,070802060704,32
1722,F070802060704_373,4817.375685,41947.47512,10.36102676,1792.457642,78,2634.601563,35.0202713,408.2244568,10.15380669,2.901087523,38.01115175,0.004298649,147.9987183,13.12358284,1049,955,0.005230878,108.5068877,217013,103.0815423,0.000393458,4427.059082,1.876919031,4.635663986,17.38873482,42.947155,108,070802060704,32
1723,F070802060704_377,8779.93588,76603.04644,18.92095184,3273.324707,68,4194.396484,63.95281601,745.4854736,18.54253197,5.297866344,55.96856064,0.006329438,139.4997711,12.4285059,1463,1332,0.007295843,142.9427369,285887,135.7956006,0.000518326,7467.721191,2.457450867,5.606397152,24.10479164,54.99236298,108,070802060704,32
1724,F070802060704_384,5176.299269,45491.67925,11.23644447,1943.904907,68,2490.895264,37.9791832,442.7159119,11.01171589,3.146204472,37.51318169,0.004242334,131.0002594,11.79864597,931,847,0.004639324,13.0057385,26011,12.35545182,4.71602E-05,4434.800293,2.295047045,5.235891819,157.3317566,358.9346924,108,070802060704,32
1725,F070802060704_404,1098.001772,9513.867416,2.34992528,406.5370789,70,536.2529297,7.942747593,92.58705902,2.302926779,0.657979071,9.34707734,0.001057053,148.001236,13.12379932,258,235,0.001287179,16.16850655,32337,15.3600816,5.86288E-05,942.7900391,1.729945064,4.011872292,26.46711731,61.37923431,108,070802060704,32
1726,F070802060704_410,7945.546305,68610.64151,16.94682884,2931.80127,69,3812.019775,57.28028107,667.7050781,16.60789299,4.745111942,61.42497287,0.006946499,147.9995575,13.12365532,1695,1542,0.008446088,145.5458023,291091,138.2685138,0.000527765,6743.821289,1.901297808,4.373425007,21.20368004,48.77336884,108,070802060704,32
1727,F070802060704_413,10253.9859,89821.35439,22.18587494,3838.15625,74,5352.120605,74.98825836,874.1234741,21.74215698,6.212045193,80.52208533,0.009106175,139.4998169,12.42850971,2103,1915,0.010489144,173.1834624,346367,164.5242936,0.000627982,9190.277344,2.004259109,4.799100399,23.32881165,55.85969925,108,070802060704,32
1728,F070802060704_417,7853.162747,68429.157,16.90200233,2924.046387,71,3912.137451,57.12876892,665.9389038,16.56396294,4.732560635,50.65799809,0.005728871,131.0004272,11.79865742,1256,1144,0.006266099,76.58871648,153176,72.75927945,0.000277719,6836.183594,2.555984497,5.97568512,40.18795013,93.95617676,108,070802060704,32
1729,F070802060704_419,2322.306653,20445.6393,5.05007267,873.6625977,64,1053.647217,17.06924629,198.9728699,4.949071407,1.4140203,16.87533689,0.001908418,131.0025177,11.79880524,419,381,0.002086874,7.003475428,14007,6.653301716,2.53954E-05,1927.309814,2.293077707,5.05855608,131.3126373,289.6772156,108,070802060704,32
1730,F070802060704_422,5295.243708,47105.53283,11.63506699,2012.866577,69,2617.19165,39.32652664,458.4216309,11.40236568,3.257818699,41.74852529,0.004721306,142.3341675,12.65274143,1110,1010,0.005532133,118.7025443,237406,112.7674168,0.000430428,4630.058105,1.992937207,4.584216118,17.84971809,41.05847549,108,070802060704,32
1731,F070802060704_424,2217.054512,19227.03803,4.749078274,821.5905151,65,1006.329712,16.0518837,187.113678,4.654096603,1.329741955,15.01216888,0.001697714,130.9958191,11.79833317,372,339,0.001856825,36.80480576,73610,34.96456528,0.000133458,1827.920166,2.423570871,5.392095089,23.49780464,52.27922058,108,070802060704,32
1732,F070802060704_425,2520.538401,22259.4855,5.498093128,951.170105,58,1039.579346,18.58355522,216.6248627,5.388131142,1.539466023,14.39787834,0.001628244,131.0026398,11.79881382,357,326,0.001785619,35.02334157,70046,33.2721743,0.000126998,1990.749512,2.917699814,6.106593609,28.58755493,59.83226395,108,070802060704,32
1733,F070802060704_427,1702.034655,14774.68776,3.649347782,631.3371582,62,737.6062012,12.33479595,143.7843018,3.576360941,1.021817327,15.57339132,0.001761182,130.9976501,11.79846191,387,352,0.001928031,7.721385002,15442,7.335315943,2.79986E-05,1368.943359,1.793571472,3.88904357,86.06816101,186.623642,108,070802060704,32
1734,F070802060704_430,4856.911568,42832.44334,10.57961369,1830.273193,66,2276.30957,35.75909424,416.836792,10.36802101,2.962291718,35.64578775,0.004031152,131.0012817,11.7987175,884,804,0.004403797,91.88894737,183777,87.2944991,0.000333199,4106.583008,2.276459217,5.107690334,20.96665001,47.04286194,108,070802060704,32
1735,F070802060704_434,6184.169251,55511.09407,13.71123981,2372.044434,76,3397.096924,46.34399033,540.2228394,13.43701458,3.839147091,48.97871761,0.005538962,130.9981995,11.79850101,1215,1106,0.00605796,17.86659297,35733,16.9732636,6.47862E-05,5769.141602,2.144705534,5.216222286,139.7518158,339.8958435,108,070802060704,32
1736,F070802060704_435,4072.337838,35396.54392,8.742946625,1512.529785,63,1795.626343,29.55115891,344.4721069,8.568087578,2.448024988,30.29227966,0.003425729,130.999054,11.7985611,751,684,0.003746514,65.2210238,130441,61.95997238,0.000236499,3308.15625,2.21130085,4.836485863,24.41140175,53.39183044,108,070802060704,32
1737,F070802060704_438,5582.16748,49201.45907,12.15276051,2102.42749,68,2694.023926,41.07633209,478.8187561,11.90970516,3.402772903,31.65323352,0.003579638,148.0014496,13.12381744,873,795,0.004354501,69.83435978,139668,66.34264241,0.000253227,4796.451172,2.64456296,6.03327179,31.69043922,72.29816437,108,070802060704,32
1738,F070802060704_440,11916.60281,105575.9518,26.07726097,4511.366211,77,6545.914063,88.1411438,1027.444092,25.55571556,7.301632881,62.30386821,0.007045893,131.0001373,11.79863739,1546,1408,0.007712122,82.82018372,165641,78.67917573,0.000300315,11057.28027,3.204095364,7.853181839,57.33875656,140.5363007,108,070802060704,32
1739,F070802060704_444,1393.021981,11948.01774,2.951160431,510.5507507,67,644.5924683,9.97492218,116.2757187,2.892137289,0.82632494,8.917132616,0.001008431,130.9982452,11.79850388,221,201,0.001100949,22.69950771,45399,21.56453228,8.23109E-05,1155.143188,2.540053368,5.746981144,23.6754837,53.56681061,108,070802060704,32
1740,F070802060704_445,2697.899912,23547.55357,5.816245556,1006.21051,75,1422.072021,19.65891075,229.16008,5.699920654,1.628548741,13.39313481,0.001514618,130.9952698,11.79829407,332,303,0.00165964,40.70780835,81416,38.67241786,0.000147611,2428.282471,3.320826769,8.014133453,26.01881599,62.79106903,108,070802060704,32
1741,F070802060704_447,2415.727932,21299.54594,5.260987759,910.1508789,63,1080.501587,17.78213882,207.2829132,5.155767918,1.473076582,15.73623158,0.001779597,131.0024109,11.79879761,390,355,0.001944463,41.27763702,82556,39.21375383,0.000149677,1990.652466,2.563805342,5.607471943,23.20999146,50.76414108,108,070802060704,32
1742,F070802060704_452,3389.034595,30199.8468,7.45936203,1290.469604,70,1702.226563,25.21264458,293.8988647,7.310174942,2.088621378,26.45479497,0.002991751,131.0003357,11.7986517,656,597,0.003269984,4.106737431,8213,3.901400488,1.48915E-05,2992.696289,2.161590576,5.012891769,330.770874,767.0825806,108,070802060704,32
1743,F070802060704_454,7055.107457,61879.37281,15.28420544,2644.16748,76,3786.814697,51.66061401,602.1976929,14.97852135,4.279577732,50.68284287,0.00573168,130.9993286,11.79858017,1258,1144,0.006266099,70.98884512,141978,67.43940235,0.000257413,6430.982422,2.311335325,5.621488094,39.20804977,95.35942078,108,070802060704,32
1744,F070802060704_455,2832.188159,24846.19957,6.137011528,1061.703003,73,1460.48584,20.74309921,241.7982483,6.014271259,1.718363285,19.78559093,0.002237536,130.9954224,11.79830456,490,446,0.002442902,43.71723968,87433,41.53137711,0.000158523,2522.188965,2.380500078,5.655132294,25.56387711,60.72972107,108,070802060704,32
1745,F070802060704_457,6159.879325,54226.5047,13.39394665,2317.152832,83,3624.134033,45.27153778,527.7214966,13.12606812,3.750305176,51.49659728,0.005823707,131.0014343,11.79872894,1278,1163,0.006370169,25.07688402,50154,23.82304026,9.09315E-05,5941.287109,1.992392778,5.108587265,97.26520538,249.3924866,108,070802060704,32
1746,F070802060704_458,5114.125922,44024.97941,10.8741703,1881.231445,86,3048.682129,36.75469589,428.4423218,10.65668678,3.044767618,31.17983805,0.003526102,131.0000916,11.79863358,774,704,0.003856061,60.01891681,120037,57.01797164,0.000217635,4929.913574,2.672203779,7.002717972,32.99365616,86.46244812,108,070802060704,32
1747,F070802060704_465,2047.359451,17672.69821,4.365156651,755.1721191,88,1252.276001,14.75422955,171.9871674,4.277853489,1.222243905,10.20565295,0.001154149,130.9975891,11.79845715,253,230,0.001259793,9.895674229,19791,9.40089047,3.58828E-05,2007.44812,3.283357143,8.728034973,80.32984924,213.5380859,108,070802060704,32
1748,F070802060704_467,2222.390722,19532.12091,4.824433804,834.6270752,69,1085.20813,16.30658531,190.0826874,4.727945328,1.350841522,15.02755114,0.001699453,139.5018921,12.42867088,392,358,0.001960895,1.067792143,2136,1.014402514,3.87193E-06,1919.835205,2.331360579,5.362668037,822.7770386,1892.577393,108,070802060704,32
1749,F070802060704_468,1636.7244,13948.77266,3.445346832,596.0449829,76,853.6191406,11.64527225,135.7466583,3.37643981,0.964697123,10.01585054,0.001132684,130.9964142,11.79837513,248,224,0.001226929,21.06835651,42136,20.01493847,7.63962E-05,1449.664063,2.660915136,6.471714497,29.78000641,72.42910767,108,070802060704,32
1750,F070802060704_475,2635.127671,22518.14421,5.561981678,962.2228394,81,1468.696899,18.7994976,219.1420746,5.450742245,1.557354927,19.72856283,0.002231087,130.9992676,11.79857635,490,446,0.002442902,48.98415184,97968,46.53494358,0.000177622,2430.919678,2.157450199,5.450492382,20.67742538,52.23858643,108,070802060704,32
1751,F070802060704_481,1048.489609,9060.837178,2.238026857,387.1786499,78,569.0854492,7.564530849,88.1782608,2.193266392,0.626647532,5.926136971,0.000670182,130.997467,11.79844856,147,134,0.000733966,7.562504768,15125,7.184379578,2.74225E-05,956.2640991,2.889392853,7.136299133,53.89173126,133.1032257,108,070802060704,32
1752,F070802060704_491,13665.92134,118449.8894,29.25712204,5061.481934,76,7248.744629,98.88907623,1152.730591,28.6719799,8.191993713,92.1236875,0.010418191,130.9996338,11.7986021,2286,2080,0.011392908,34.8130463,69626,33.07239427,0.000126236,12310.22656,2.433404684,5.918378353,153.0424957,372.2206116,108,070802060704,32
1753,F070802060704_492,1397.562805,11727.39107,2.896665573,501.1231384,75,708.2347412,9.790729523,114.128624,2.838732243,0.811066389,9.05954814,0.001024537,130.9945068,11.79824066,225,205,0.001122859,3.465098321,6930,3.291843414,1.25648E-05,1209.35791,2.444503069,5.899306774,152.2317657,367.3801575,108,070802060704,32
1754,F070802060704_493,5614.751899,49170.47794,12.14510822,2101.10376,75,2969.47876,41.05046463,478.5172729,11.90220642,3.400630236,49.01099706,0.005542613,131.000351,11.79865265,1215,1106,0.00605796,98.83864021,197676,93.89671016,0.0003584,5070.58252,1.899732113,4.584613323,22.37675667,54.00170517,108,070802060704,32
1755,F070802060704_494,2657.950024,22727.49063,5.613690376,971.168457,78,1427.449219,18.97427368,221.1793976,5.501416683,1.571833253,16.32363558,0.001846026,148.0006256,13.12374687,450,409,0.00224024,27.26843166,54536,25.90500998,9.88783E-05,2398.617676,2.374495029,5.864591122,37.48960114,92.59281158,108,070802060704,32
1756,F070802060704_500,11228.99898,97979.30573,24.20088768,4186.753418,69,5443.747559,81.7990036,953.5149536,23.71686935,6.776248455,74.66366899,0.008443652,147.9993744,13.12363911,2061,1876,0.010275527,139.140651,278279,132.1836157,0.000504539,9630.500977,2.231745005,5.133529186,31.673769,72.85699463,108,070802060704,32
1757,F070802060704_504,4204.970136,36610.18456,9.042716026,1564.389893,79,2328.861084,30.56438065,356.28302,8.861862183,2.531960487,28.01558208,0.003168259,131.0026245,11.79881287,696,634,0.003472646,45.17570353,90352,42.91691923,0.000163812,3893.250977,2.467491865,6.14077425,36.45158768,90.71599579,108,070802060704,32
1758,F070802060704_506,5558.226268,48454.91224,11.96836376,2070.526855,82,3200.535156,40.45306778,471.5535278,11.72899628,3.35114193,38.52256215,0.004356484,131.0002594,11.79864597,955,869,0.004759825,51.79686792,103594,49.20702477,0.000187821,5271.062012,2.382654667,6.065663815,42.07786942,107.1201096,108,070802060704,32
1759,F070802060704_508,5205.231694,45621.41611,11.26848984,1949.44873,82,3012.292725,38.0874939,443.9784851,11.04312038,3.155177116,39.80338087,0.004501331,130.9990387,11.79856014,987,898,0.004918669,65.02277329,130045,61.77163496,0.00023578,4961.741211,2.17087841,5.525324345,31.55896187,80.32394409,108,070802060704,32
1760,F070802060704_511,4405.780076,38974.86834,9.626792908,1665.435181,83,2604.817383,32.53855896,379.2956543,9.434257507,2.695502043,24.86199665,0.002811622,130.9979858,11.79848576,617,562,0.003078276,43.25191665,86503,41.08932042,0.000156836,4270.252441,2.963407755,7.598313808,40.53207016,103.9260941,108,070802060704,32
1761,F070802060704_513,2625.353983,22953.46403,5.669505596,980.8244629,85,1571.02002,19.16292953,223.3785248,5.556115627,1.587461591,17.91646481,0.002026158,130.9950714,11.79827976,444,405,0.002218331,33.30068588,66601,31.63565159,0.000120752,2551.844482,2.421788692,6.300850391,31.00377083,80.66356659,108,070802060704,32
1762,F070802060704_522,3118.000662,26674.39739,6.588576317,1139.82373,79,1696.821899,22.2693882,259.5899048,6.456804752,1.844801426,24.6307767,0.002785474,130.9990692,11.79856205,611,556,0.003045412,42.24615991,84492,40.13385165,0.000153189,2836.645508,2.050042629,5.10188055,28.40055656,70.67962646,108,070802060704,32
1763,F070802060704_523,2899.518598,25197.17624,6.223702431,1076.700562,87,1765.166504,21.03611374,245.2138824,6.099228382,1.742636681,17.41419125,0.001969356,131.0026703,11.79881573,433,395,0.002163557,24.3544146,48708,23.13669385,8.83118E-05,2841.867188,2.725824118,7.194600582,46.53649139,122.8294449,108,070802060704,32
1764,F070802060704_524,5499.062601,48182.90359,11.90117741,2058.903809,73,2832.242188,40.22597885,468.9064026,11.66315365,3.33232975,36.01563285,0.004072978,142.3337097,12.65270424,958,871,0.00477078,78.7891996,157579,74.84974068,0.000285698,4891.145996,2.363839149,5.615552425,27.50716019,65.34619904,108,070802060704,32
1765,F070802060704_532,11747.5288,102426.5759,25.29936409,4376.790039,78,6433.12207,85.51184845,996.7949219,24.79337692,7.083821774,81.63079887,0.009231559,148.0002289,13.12371254,2253,2050,0.011228587,195.3535203,390707,185.5858397,0.000708373,10809.91211,2.135019541,5.273128033,23.58364296,58.24750519,108,070802060704,32
1766,F070802060704_537,7372.631601,65052.18408,16.06789017,2779.745117,64,3352.404541,54.30946732,633.0748901,15.74653244,4.499009132,38.47227228,0.004350797,142.3314972,12.65252686,1023,930,0.005093944,17.59724957,35195,16.71738708,6.38096E-05,6132.149414,2.988973141,6.593708992,166.2786865,366.8126831,108,070802060704,32
1767,F070802060704_543,4185.277547,36936.01463,9.123195648,1578.312866,70,2081.91333,30.83640099,359.4539185,8.940732002,2.554494858,23.55966145,0.002664342,139.4994659,12.42848206,616,561,0.003072799,69.68574835,139371,66.2014594,0.000252688,3660.226074,2.813391924,6.524466991,23.84105873,55.28920364,108,070802060704,32
1768,F070802060704_545,5738.108216,49839.8016,12.31043053,2129.70459,77,3090.164551,41.60925674,485.0309753,12.06422234,3.446920633,40.25361508,0.004552248,139.4995422,12.42848873,1052,958,0.00524731,98.94829945,197896,94.00088759,0.000358797,5219.869141,2.223073721,5.44871521,22.65621758,55.52999878,108,070802060704,32
1769,F070802060704_547,4851.077988,41727.96092,10.30680656,1783.077515,79,2655.209717,34.83700562,406.0881653,10.10067081,2.885905743,28.13881997,0.003182196,131.0015564,11.79873753,699,635,0.003478123,5.641089738,11281,5.359035336,2.04552E-05,4438.287109,2.807996035,6.98942852,332.7236023,828.1876831,108,070802060704,32
1770,F070802060704_549,9769.342099,85538.98373,21.12812805,3655.16626,76,5234.705566,71.41307068,832.4482422,20.70556641,5.915875912,71.74169598,0.008113209,148.0004272,13.12372971,1980,1801,0.009864725,135.5940392,271189,128.8143351,0.000491679,8889.87207,2.029520512,4.936075687,28.37546158,69.01306152,108,070802060704,32
1771,F070802060704_560,3770.347332,33113.51103,8.179037094,1414.973389,72,1919.783569,27.64514542,322.2540588,8.0154562,2.290130377,34.02506495,0.003847866,130.9980316,11.79848862,844,769,0.004212089,74.3855195,148771,70.66624522,0.00026973,3334.756836,1.840017438,4.336484909,20.02332687,47.19023514,108,070802060704,32
1772,F070802060704_565,4660.203039,40250.37662,9.941843033,1719.938843,54,1750.161987,33.60342789,391.7086182,9.743005753,2.783715963,35.66645026,0.004033489,131.0002289,11.79864407,885,806,0.004414752,12.41721666,24835,11.79635572,4.50262E-05,3470.10083,2.133919239,4.305335999,145.8025513,294.1672058,108,070802060704,32
1773,F070802060704_566,4392.868833,38852.66286,9.596608162,1660.213257,73,2283.800293,32.43653488,378.1063538,9.404676437,2.687050343,23.02717387,0.002604124,131.002243,11.79878616,572,521,0.002853704,46.76881969,93538,44.43037813,0.000169589,3944.013672,3.186589718,7.570083618,37.36662292,88.7684021,108,070802060704,32
1774,F070802060704_568,1728.072867,14748.38736,3.642851591,630.2133179,82,973.8071289,12.31283855,143.5283508,3.56999445,1.019998431,8.314187627,0.000940245,130.9969025,11.79840946,206,188,0.001029744,7.404687004,14809,7.034452628,2.68502E-05,1604.020508,3.352198601,8.532024384,89.58953094,228.0234985,108,070802060704,32
1775,F070802060801_101,4255.293748,36543.70153,9.026294708,1561.54895,58,1706.691772,30.5088768,355.6360168,8.845768929,2.527362585,32.3580776,0.003659348,131.0018005,11.79875469,801,729,0.003992995,12.77436633,25549,12.13564823,4.63213E-05,3268.240723,2.142042398,4.483183384,128.6745453,269.3091125,108,070802060801,24
1776,F070802060801_105,1699.921828,14756.96724,3.644970894,630.5799561,52,617.8954468,12.3200016,143.6118469,3.572071552,1.020591855,10.3169136,0.001166731,100.5078354,9.987677574,217,197,0.00107904,,,,,1248.475342,3.200913429,6.337438107,,,108,070802060801,24
1777,F070802060801_109,1662.209313,14410.62345,3.559423923,615.7803345,58,673.0159302,12.03085327,140.2413025,3.488235474,0.996638715,9.066271782,0.001025297,130.994751,11.79825783,225,205,0.001122859,5.002473831,10005,4.75235033,1.81395E-05,1288.796265,3.003806591,6.286810875,129.5738525,271.1913452,108,070802060801,24
1778,F070802060801_114,5833.374887,50900.13719,12.57233429,2175.013916,68,2787.034912,42.49449158,495.3499756,12.32088757,3.520253658,49.49590877,0.005597451,130.9996338,11.7986021,1227,1116,0.006112733,126.1561055,252312,119.8482993,0.000457456,4962.048828,1.948937178,4.446280479,18.14805794,41.40274811,108,070802060801,24
1779,F070802060801_115,6494.393841,55679.36718,13.7528038,2379.235107,76,3407.394775,46.484478,541.8604736,13.47774792,3.850785017,38.46718049,0.004350221,130.9999847,11.7986269,954,868,0.004754348,58.59334421,117187,55.66367781,0.000212466,5786.629883,2.741054296,6.666624069,42.74304581,103.957016,108,070802060801,24
1780,F070802060801_128,6492.701822,56489.98357,13.95302582,2413.873535,65,2956.64624,47.16122818,549.7492065,13.67396545,3.906847239,42.04797053,0.00475517,139.4998016,12.42850876,1098,1000,0.00547736,121.0833516,242168,115.0291853,0.000439061,5370.519531,2.413873434,5.370519638,20.98487854,46.68832016,108,070802060801,24
1781,F070802060801_129,1129.358307,9802.44136,2.421202898,418.868103,54,426.2285461,8.183666229,95.39539337,2.372778893,0.677936792,10.98599172,0.001242397,100.5067291,9.987623215,231,210,0.001150246,,,,,845.0966797,1.994610071,4.024270058,,,108,070802060801,24
1782,F070802060801_136,878.5655583,7516.328455,1.85653317,321.1802368,65,393.3993835,6.275082111,73.14740753,1.819402456,0.519829273,5.5149123,0.000623677,131.0065613,11.79909039,137,125,0.00068467,2.074801371,4149,1.971061315,7.52346E-06,714.5795898,2.569441795,5.716636658,162.9478607,362.5354309,108,070802060801,24
1783,F070802060801_140,5878.847283,50211.84845,12.40232658,2145.602539,57,2304.600342,41.91986465,488.6516724,12.15427971,3.472651482,36.58414246,0.00413727,130.9987335,11.79853821,909,827,0.004529776,89.96908709,179937,85.47063176,0.000326238,4450.203125,2.594440699,5.381140232,25.10338974,52.0670433,108,070802060801,24
1784,F070802060801_147,6465.8175,57021.20546,14.08423805,2436.573242,70,3214.023193,47.60472488,554.9190063,13.80255318,3.943586588,45.5341184,0.005149415,131.0008087,11.79868412,1130,1028,0.005630726,99.03040027,198061,94.07888319,0.000359095,5650.59668,2.370207548,5.49668932,25.89925766,60.06232834,108,070802060801,24
1785,F070802060801_165,3618.058895,31507.63071,7.782384872,1346.352539,59,1496.86377,26.30446053,306.6259766,7.626737118,2.17906785,30.33724403,0.003430814,131.0024414,11.79879951,752,685,0.003751991,98.83063126,197662,93.8890996,0.000358371,2843.216309,1.965478182,4.150680542,14.33981705,30.28270912,108,070802060801,24
1786,F070802060801_167,7791.770218,67830.05747,16.75402451,2898.446289,74,4041.740967,56.62860107,660.1085815,16.41894341,4.691126823,66.26150513,0.007493458,131.0004883,11.79866219,1643,1495,0.008188653,125.5952854,251191,119.3155193,0.000455422,6940.1875,1.938760042,4.642265797,24.2922821,58.16667938,108,070802060801,24
1787,F070802060801_169,8892.307189,77801.42865,19.21695328,3324.532959,64,4009.425049,64.95330048,757.1479492,18.8326149,5.380746841,69.41599976,0.007850198,142.3339996,12.65272808,1847,1681,0.009207441,131.5422913,263084,124.9651801,0.000476987,7333.958008,1.977711439,4.362854481,26.60367393,58.68801117,108,070802060801,24
1788,F070802060801_177,5887.882823,50955.87022,12.58609962,2177.395264,62,2543.902344,42.54101563,495.892334,12.33437729,3.524107933,35.5091548,0.004015701,130.9979401,11.79848194,880,801,0.004387365,17.01871496,34037,16.16777891,6.17117E-05,4721.297852,2.718346119,5.894254684,134.6749725,292.0189514,108,070802060801,24
1789,F070802060801_179,8943.435359,78109.72804,19.29310226,3337.706787,62,3899.521729,65.21068573,760.1482544,18.90723991,5.402068615,72.76850128,0.008229329,131.0007172,11.7986784,1805,1643,0.008999302,251.7278671,503456,239.1414719,0.000912793,7237.228516,2.031471014,4.404886723,13.95703888,30.26337624,108,070802060801,24
1790,F070802060801_180,2214.870716,19518.23828,4.821004868,834.0338135,55,864.406189,16.29499626,189.9475861,4.724584579,1.349881411,15.65258598,0.001770138,131.005127,11.7989893,388,353,0.001933508,56.18387222,112368,53.37467957,0.000203729,1698.439941,2.362702131,4.811444759,15.62602043,31.82107925,108,070802060801,24
1791,F070802060801_181,2444.688898,21334.87482,5.269713879,911.6605225,64,1099.473145,17.81163216,207.6267242,5.164319515,1.475519896,22.45866131,0.002539831,130.9963531,11.79837036,558,507,0.002777021,57.24556946,114492,54.38328985,0.000207579,2011.133667,1.798146963,3.966732979,16.76361465,36.98072815,108,070802060801,24
1792,F070802060801_193,8444.980544,73306.95013,18.10681725,3132.479492,58,3423.636963,61.20104218,713.4085693,17.7446804,5.069908619,67.83989286,0.007671957,131.0003815,11.79865456,1682,1531,0.008385837,251.5681432,503136,238.9897406,0.000912214,6556.116211,2.046035051,4.282244205,13.10717106,27.43262672,108,070802060801,24
1793,F070802060801_194,1537.291952,13270.66438,3.277854204,567.0687866,82,876.2359009,11.07914734,129.1474609,3.212297201,0.917799175,9.714248497,0.001098576,131.0037231,11.79889011,241,220,0.001205019,4.099611871,8199,3.894631373,1.48656E-05,1443.304688,2.577585459,6.560475826,145.6026917,370.5882568,108,070802060801,24
1794,F070802060801_203,2649.631201,23178.4335,5.725072861,990.4376221,67,1250.470459,19.35074615,225.5678711,5.610571384,1.60302043,20.0562361,0.002268143,139.5001678,12.42853737,524,477,0.002612701,57.38221536,114765,54.51310378,0.000208074,2240.908203,2.076389074,4.697920799,18.16879845,41.10769653,108,070802060801,24
1795,F070802060801_206,5024.624757,44105.59966,10.89408302,1884.676392,49,1740.220825,36.82200241,429.2268677,10.67620182,3.050343275,27.33094679,0.003090834,139.5011139,12.4286108,713,649,0.003554806,56.17653236,112354,53.36770403,0.000203702,3624.897217,2.903969765,5.585357666,35.31492233,67.92304993,108,070802060801,24
1796,F070802060801_208,4197.479342,36807.08724,9.091350555,1572.803589,67,1985.732788,30.72876549,358.1992188,8.909523964,2.545578241,21.35288355,0.00241478,130.9979706,11.7984848,529,481,0.00263461,40.45594209,80911,38.43314528,0.000146698,3558.536377,3.269861937,7.398204327,40.92310333,92.59030151,108,070802060801,24
1797,F070802060801_219,3432.236592,30055.38851,7.423680782,1284.296753,68,1645.681519,25.09204102,292.4930115,7.275207043,2.078630686,34.33733428,0.003883181,130.9995728,11.79859734,851,774,0.004239476,13.2317366,26463,12.5701496,4.79797E-05,2929.978271,1.659298182,3.785501719,102.1703644,233.0901642,108,070802060801,24
1798,F070802060801_220,2070.778624,17620.07593,4.352158546,752.9234009,52,737.7780151,14.71029568,171.4750519,4.265115261,1.218604445,10.57290125,0.001195681,131.0027771,11.79882336,262,239,0.001309089,43.6540699,87308,41.47136593,0.000158294,1490.701416,3.150307178,6.237244606,18.15526009,35.94531631,108,070802060801,24
1799,F070802060801_226,1335.012418,11682.48506,2.885573864,499.2042847,62,583.2321777,9.753239632,113.6916122,2.827862501,0.807960689,8.905426301,0.001007107,131.0046387,11.79895496,221,201,0.001100949,37.35284235,74706,35.48520081,0.000135445,1082.436523,2.483603477,5.38525629,14.06795692,30.50388527,108,070802060801,24
1800,F070802060801_229,4243.235166,36170.41586,8.934092522,1545.598022,62,1805.758789,30.1972332,352.0032349,8.755411148,2.501545906,30.56986686,0.003457121,131.0006561,11.79867363,758,691,0.003784855,16.57987261,33160,15.75087914,6.01204E-05,3351.356934,2.236755371,4.850009918,98.12773132,212.7726898,108,070802060801,24
1801,F070802060801_235,12349.0438,109714.8282,27.09956169,4688.224121,71,6272.464844,91.59651947,1067.722778,26.55757141,7.587877274,91.78704929,0.010380121,148.0004578,13.12373257,2533,2305,0.012625314,36.1350975,72270,34.32834196,0.00013103,10960.68945,2.033936739,4.755179882,136.5700684,319.2897949,108,070802060801,24
1802,F070802060801_245,17445.31582,150841.784,37.25791931,6445.620117,83,10081.24805,125.9317703,1467.962036,36.51276016,10.4322176,125.0014979,0.014136315,131.0004272,11.79865742,3100,2821,0.015451631,177.3891075,354778,168.5196542,0.000643232,16526.86719,2.284870625,5.858513832,38.24847794,98.07086182,108,070802060801,24
1803,F070802060801_269,1110.609392,9365.596846,2.313302517,400.2013245,82,618.3920288,7.818962574,91.14411926,2.267036438,0.647724688,8.703503834,0.000984272,139.4998474,12.42851162,227,207,0.001133813,22.22059888,44441,21.10956955,8.05743E-05,1018.593384,1.933339715,4.920741081,18.9582901,48.25268555,108,070802060801,24
1804,F070802060801_272,7811.122724,69057.53408,17.05721092,2950.897461,74,4114.881348,57.65337372,672.0541382,16.71606636,4.776019096,62.1909079,0.007033118,148.0005646,13.12374115,1718,1564,0.00856659,120.3452429,240690,114.32798,0.000436385,7065.778809,1.886763096,4.51776123,25.81080818,61.80270767,108,070802060801,24
1805,F070802060801_273,3077.120075,27086.96689,6.690480709,1157.453125,77,1679.444458,22.61382484,263.60495,6.556671143,1.873334646,21.53888793,0.002435815,131.0028992,11.79883194,535,487,0.002667474,48.86193475,97722,46.41883761,0.000177179,2836.897461,2.376700401,5.825251579,24.93498802,61.11521912,108,070802060801,24
1806,F070802060801_287,4659.218081,40765.82704,10.06915951,1741.9646,48,1575.62207,34.03376007,396.724884,9.867775917,2.819364548,37.28329659,0.004216337,131.0018005,11.79875469,925,841,0.004606459,19.41805506,38836,18.44715214,7.0412E-05,3317.58667,2.07130146,3.944811821,94.43000031,179.8427582,108,070802060801,24
1807,F070802060801_29,7030.39778,61421.17157,15.17102909,2624.588135,70,3462.028809,51.27807999,597.7385254,14.86760807,4.247888088,63.77177674,0.007211897,130.9997864,11.79861259,1581,1439,0.00788192,23.32021882,46640,22.15420821,8.45617E-05,6086.617188,1.823897243,4.229754925,118.4690552,274.7386475,108,070802060801,24
1808,F070802060801_297,4606.02638,40541.15461,10.0136652,1732.364136,49,1599.582886,33.84618759,394.5384216,9.813391685,2.803826332,29.10075665,0.00329098,130.9988861,11.7985487,722,657,0.003598625,99.68054962,199361,94.69652176,0.000361453,3331.947021,2.636779547,5.071456432,18.29385185,35.1855278,108,070802060801,24
1809,F070802060801_305,3917.491057,33717.90252,8.328321457,1440.799561,58,1574.718994,28.14972687,328.1358643,8.161754608,2.331929922,22.13473988,0.002503199,131.0037689,11.79889297,549,500,0.00273868,12.96235561,25925,12.31423759,4.70029E-05,3015.518555,2.881599188,6.031037331,117.002739,244.880661,108,070802060801,24
1810,F070802060801_329,2763.227771,24213.81867,5.980813026,1034.680664,60,1169.847168,20.21514893,235.6440277,5.861196995,1.674627662,11.98231696,0.00135507,130.995163,11.79828644,297,270,0.001478887,27.34649075,54694,25.97916642,9.91614E-05,2204.527832,3.832150698,8.164917946,39.82732391,84.85752869,108,070802060302,32
1811,F070802060801_331,1534.560711,13769.81762,3.401144981,588.3980713,77,853.7554321,11.49586964,134.0051117,3.333122015,0.952320576,13.29075241,0.00150304,121.999855,11.1960125,313,285,0.001561047,,,,,1442.153564,2.064554691,5.060187817,,,108,070802060801,24
1812,F070802060801_35,8338.608975,81275.29408,20.07499695,3472.974365,64,7153.077637,67.85349274,790.954895,19.67349625,5.620999336,68.12759247,0.007704493,131.0011749,11.79871082,1690,1538,0.008424179,159.4944284,318988,151.5197053,0.000578344,10626.05176,2.258110762,6.909006119,22.92094231,70.12983704,108,070802060801,24
1813,F070802060801_40,5083.707303,44972.07434,11.1081028,1921.701782,86,3114.267334,37.54538727,437.6592407,10.88594055,3.110268831,37.10853413,0.004196573,139.5002594,12.42854404,970,883,0.004836508,64.78246427,129565,61.54334074,0.000234908,5035.969238,2.176332712,5.703249454,31.22517776,81.82801056,108,070802060801,24
1814,F070802060801_50,10919.21412,95717.35208,23.64218521,4090.098145,62,4778.559082,79.9105835,931.5020752,23.16934204,6.619812012,87.31444106,0.009874317,130.9999695,11.79862499,2167,1972,0.010801353,280.2386889,560478,266.2267592,0.001016176,8868.657227,2.074086189,4.497290611,15.36321163,33.31241989,108,070802060801,24
1815,F070802060801_53,1914.468959,16452.67962,4.063811779,703.0394287,90,1192.322388,13.73568344,160.1141815,3.982535601,1.137867332,19.01480484,0.002150368,159.3341522,14.16399097,566,515,0.00282084,15.1731472,30346,14.41448975,5.50195E-05,1895.361816,1.36512506,3.680314302,48.77310562,131.490036,108,070802060801,32
1816,F070802060801_56,2045.400553,17387.1311,4.294621468,742.9695435,89,1246.041504,14.5158205,169.2080841,4.208729267,1.202494025,12.8508091,0.001453287,139.5027008,12.42873383,336,306,0.001676072,20.65888214,41318,19.62593842,7.49114E-05,1989.010986,2.42800498,6.500035763,37.85651016,101.3460312,108,070802060801,32
1817,F070802060801_64,3914.429055,34224.5733,8.453469276,1462.450195,58,1598.381958,28.5727253,333.0666809,8.284399986,2.366971493,23.586809,0.002667413,131.0019379,11.79876423,585,532,0.002913955,70.31551382,140631,66.79973808,0.000254972,3060.832031,2.748966455,5.753443718,21.89305305,45.82101822,108,070802060801,32
1818,F070802060801_66,1649.935435,14039.78019,3.467825651,599.9338379,62,700.9169312,11.72125053,136.6323242,3.39846921,0.970991194,11.13042498,0.00125873,131.0054016,11.79900837,276,251,0.001374817,49.76346588,99527,47.27529335,0.000180448,1300.85083,2.390174627,5.182672501,12.69021893,27.51650429,108,070802060801,32
1819,F070802060801_75,6283.757276,55350.13167,13.67148209,2365.166504,65,2896.987061,46.20960999,538.6563721,13.39805222,3.828015089,41.91303128,0.00473991,139.4998169,12.42850971,1095,997,0.005460927,153.691329,307383,146.0067625,0.000557302,5262.15332,2.372283459,5.27798748,16.19902039,36.04047775,108,070802060801,24
1820,F070802060801_76,3688.809576,31899.40715,7.879153728,1363.093628,78,2003.51123,26.6315403,310.4386597,7.721570492,2.20616293,24.85757029,0.002811122,131.0010986,11.7987051,617,561,0.003072799,51.0648464,102130,48.51160424,0.000185167,3366.60498,2.42975688,6.001078606,28.09830093,69.39793396,108,070802060801,24
1821,F070802060801_80,3552.421576,31279.62625,7.726067543,1336.609741,68,1712.7146,26.11410904,304.407074,7.571546078,2.163298845,16.51889944,0.001868109,130.9988861,11.7985487,411,374,0.002048532,39.19658113,78394,37.23675227,0.000142131,3049.324219,3.573822737,8.153273582,35.89490509,81.89017487,108,070802060801,24
1822,F070802060801_84,6207.458314,54135.47246,13.37146187,2313.262939,63,2746.230957,45.19554138,526.8355713,13.10403252,3.744009256,49.37513852,0.005583793,131.0010376,11.79870033,1225,1115,0.006107256,144.7918077,289584,137.5522189,0.000525031,5059.494141,2.074675322,4.537662983,16.81734276,36.78235245,108,070802060801,24
1823,F070802060801_88,5225.759967,45431.55055,11.2215929,1941.335571,55,2012.031616,37.9289856,442.1307678,10.99716091,3.142045975,38.18632472,0.00431846,142.3325348,12.65260983,1015,923,0.005055603,17.6756925,35351,16.79190785,6.4094E-05,3953.367188,2.103288889,4.283171177,115.6113739,235.4328766,108,070802060801,24
1824,F070802060801_95,3095.331767,27970.71704,6.908767223,1195.216675,50,1126.129028,23.35163307,272.2054138,6.770591736,1.934454799,16.1463263,0.001825975,142.3330536,12.65265179,430,391,0.002141648,19.4182322,38837,18.44731998,7.04126E-05,2321.345703,3.056820154,5.936945438,64.790802,125.8364716,108,070802060801,24
1825,F070802060801_96,5176.739319,44735.75209,11.0497303,1911.603394,52,1873.150269,37.34808731,435.359375,10.82873535,3.093924522,40.73472237,0.004606656,130.9992523,11.79857445,1011,919,0.005033693,101.8359524,203672,96.7441552,0.000369268,3784.753662,2.080090761,4.118339062,19.7593689,39.12126541,108,070802060801,24
1826,F070802060801_97,4528.095405,39037.20473,9.64218998,1668.098877,74,2326.082031,32.59060287,379.9022827,9.449346542,2.699813128,29.36917885,0.003321336,130.9984741,11.79852009,729,664,0.003636967,51.20607844,102412,48.64577387,0.000185679,3994.180908,2.512197018,6.015332699,34.29072571,82.10746002,108,070802060801,24
1827,F070802060801_98,9518.829607,84244.17473,20.80831146,3599.837891,61,4137.940918,70.33209229,819.8474731,20.39214516,5.826327324,53.05951154,0.006000456,131.0008392,11.79868698,1317,1199,0.006567354,16.49775778,32996,15.67286974,5.98227E-05,7737.778809,3.002366781,6.453526974,229.6859436,493.7052917,108,070802060801,24
1828,F070802060802_138,1067.106697,9231.470731,2.280173302,394.4699707,61,453.4352722,7.70698595,89.83882904,2.234569788,0.638448536,8.049019814,0.000910257,130.9912262,11.79800892,200,182,0.000996879,,,,,847.9052734,2.167417526,4.658820152,,,108,070802060802,24
1829,F070802060803_164,4447.73319,38051.73897,9.398779869,1625.988892,68,2083.52124,31.76787567,370.3119202,9.210803986,2.631658316,32.70256376,0.003698306,142.3336487,12.65269947,870,790,0.004327114,63.43743706,126875,60.26556635,0.000230031,3709.510254,2.058213711,4.69558239,26.98039627,61.55273056,108,070802060803,32
1830,F070802060803_165,2124.668262,18638.05758,4.603600025,796.4227905,73,1095.564697,15.56016827,181.3818359,4.511528015,1.289008021,15.94856115,0.001803609,131.0041962,11.79892349,396,360,0.001971849,6.608568864,13217,6.27814057,2.39634E-05,1891.987549,2.212285519,5.255520821,126.8564758,301.361145,108,070802060803,32
1831,F070802060803_166,1796.646262,15639.41455,3.862935305,668.2877808,62,780.7765503,13.05672169,152.199646,3.785676479,1.081621885,9.468014149,0.00107073,130.9937592,11.79818726,235,214,0.001172155,4.796700204,9593,4.556865027,1.73934E-05,1449.064331,3.122840166,6.771328449,146.6551666,317.9958801,108,070802060803,32
1832,F070802060803_172,3622.961548,32072.72924,7.921964169,1370.499756,66,1704.489746,26.7762394,312.1253967,7.763525009,2.2181499,27.59465623,0.003120657,130.9971313,11.79842567,685,623,0.003412395,77.56676006,155133,73.68842125,0.000281266,3074.989502,2.199839115,4.935777664,18.5985775,41.72961426,108,070802060803,32
1833,F070802060803_190,2838.240649,25124.16193,6.205667973,1073.580566,62,1254.289551,20.97515869,244.5033112,6.081554413,1.737586975,21.37233353,0.002416979,142.3374176,12.65300274,569,518,0.002837272,62.81583023,125632,59.67503738,0.000227777,2327.870117,2.072549343,4.49395752,17.99044609,39.0091095,108,070802060803,32
1834,F070802060803_192,5152.07276,45032.29774,11.12297726,1924.275024,79,2864.611816,37.59566498,438.2453003,10.90051746,3.114433527,43.7741465,0.004950382,139.4986725,12.42842102,1146,1043,0.005712886,74.72712162,149454,70.99076633,0.000270969,4788.886719,1.844942451,4.591454029,27.10598946,67.45787811,108,070802060803,32
1835,F070802060803_194,4470.494166,38779.66258,9.578577042,1657.093872,72,2248.283691,32.37559128,377.3959351,9.387005806,2.682001591,32.05447786,0.003625014,139.5001984,12.42853928,838,763,0.004179225,70.99507396,141989,67.44532053,0.000257436,3905.377441,2.171813726,5.118450165,24.56944084,57.90435028,108,070802060803,32
1836,F070802060803_195,1249.141651,10834.68331,2.676166773,462.9768372,66,575.8040161,9.045443535,105.4409714,2.622643471,0.749326706,9.723873138,0.001099665,131.0046692,11.79895687,241,219,0.001199542,27.91601753,55832,26.52021599,0.000101227,1038.780884,2.114049435,4.743291855,17.45750618,39.16939926,108,070802060803,32
1837,F070802060803_201,7731.302447,66527.38137,16.43226242,2842.781494,65,3481.996826,55.54104614,647.4311523,16.10361671,4.601033688,62.97779226,0.007122106,130.9996033,11.79859924,1562,1421,0.007783328,25.93629789,51873,24.63948393,9.40479E-05,6324.77832,2.000550032,4.450934887,115.3750458,256.6928101,108,070802060803,32
1838,F070802060803_203,1026.389796,8858.911371,2.188151121,378.5501404,36,256.8013916,7.395950794,86.21315765,2.144388199,0.612682343,11.20226705,0.001266855,130.9958344,11.79833412,278,253,0.001385772,45.26182914,90524,42.99873734,0.000164124,635.3515625,1.496245623,2.511271,8.803750038,14.77605152,108,070802060803,32
1839,F070802060803_205,4392.82881,37802.65673,9.337256432,1615.345337,65,1978.564697,31.55992699,367.8879089,9.150511742,2.614431858,25.55683922,0.002890202,142.3349152,12.65280151,680,618,0.003385008,89.93072367,179861,85.43418525,0.000326099,3593.910156,2.613827467,5.81538868,18.90748215,42.06641769,108,070802060803,32
1840,F070802060803_206,3260.86721,27977.88893,6.910538673,1195.523193,52,1171.474487,23.35762024,272.275238,6.7723279,1.934950829,17.08387138,0.001932001,142.3304443,12.65244198,455,415,0.002273104,49.69147543,99383,47.20690066,0.000180187,2366.997559,2.88077879,5.703608513,25.32517815,50.14092255,108,070802060803,32
1841,F070802060803_212,2215.287022,18690.03964,4.616439819,798.644104,59,888.2208252,15.60356617,181.8877258,4.524110794,1.292603135,14.15732304,0.00160104,142.3303528,12.65243435,377,343,0.001878734,51.6942913,103389,49.10957831,0.000187449,1686.86499,2.32840848,4.917973518,16.26249123,34.34900284,108,070802060803,32
1842,F070802060803_214,7025.82859,60339.24829,14.90379429,2578.356445,56,2720.83667,50.37482452,587.2094727,14.60571861,4.173062325,51.44354671,0.005817708,142.3352051,12.6528244,1369,1245,0.006819313,217.6914034,435382,206.8068299,0.000789373,5299.193359,2.070969105,4.256380081,12.46746254,25.62388039,108,070802060803,32
1843,F070802060803_215,3088.937045,26407.8286,6.522733688,1128.432983,47,999.413269,22.04684067,256.995697,6.392279148,1.826365471,15.29234362,0.001729398,131.0054779,11.79901409,379,344,0.001884212,80.98109818,161962,76.93204117,0.000293646,2127.846191,3.280328512,6.185599327,14.66791916,27.65877724,108,070802060803,32
1844,F070802060803_218,1562.712111,13764.93363,3.399938583,588.1893921,70,775.8659668,11.49179268,133.9575806,3.331939697,0.951982796,13.60298443,0.00153835,139.4951782,12.42814827,355,323,0.001769187,35.01811218,70036,33.2672081,0.00012698,1364.05542,1.821019769,4.223081589,17.68075562,41.00300217,108,070802060803,32
1845,F070802060803_224,5689.488748,49401.86061,12.20226002,2110.990967,57,2267.424072,41.24363708,480.769043,11.95821476,3.416632891,49.73335266,0.005624303,130.9996643,11.79860401,1234,1123,0.006151075,179.2335815,358467,170.2718964,0.000649921,4378.415039,1.879778266,3.898855686,12.39776516,25.71425629,108,070802060803,32
1846,F070802060803_230,2732.837542,24001.40896,5.928348064,1025.604248,65,1256.216919,20.037817,233.5769196,5.809781075,1.659937501,19.78965843,0.002237996,131.0042572,11.79892731,491,447,0.00244838,9.701473057,19403,9.216399431,3.51786E-05,2281.821289,2.294416666,5.104745388,111.2803574,247.5827179,108,070802060803,32
1847,F070802060803_231,3965.251211,34426.29312,8.503293991,1471.069824,53,1469.199097,28.74113464,335.0297852,8.333228111,2.380922318,27.81306338,0.003145356,130.9969177,11.79841042,690,628,0.003439782,13.20896125,26418,12.54851317,4.78971E-05,2940.269043,2.342467785,4.681957245,117.2306061,234.312149,108,070802060803,32
1848,F070802060803_251,1203.89485,10222.14539,2.524869919,436.8024902,72,592.6374512,8.534060478,99.47987366,2.474372625,0.706963599,11.32661724,0.001280918,130.9945221,11.79824162,281,256,0.001402204,3.709075928,7418,3.523622036,1.34495E-05,1029.439941,1.706259727,4.021249771,123.9640579,292.1539001,108,070802060803,32
1849,F070802060803_257,3857.904895,33434.87101,8.258413315,1428.705444,53,1426.888428,27.91343689,325.3814697,8.093245506,2.312355757,28.91301894,0.003269749,131.0012665,11.79871655,717,653,0.003576716,95.10308743,190207,90.34793091,0.000344854,2855.59375,2.187910318,4.373037815,15.81337166,31.60663223,108,070802060803,32
1850,F070802060803_263,1770.628713,15141.92489,3.740055561,647.0296021,61,743.7473755,12.64138794,147.3581848,3.665254354,1.047215581,8.799888134,0.000995172,131.000824,11.79868603,218,199,0.001089995,25.9461937,51892,24.64888382,9.40837E-05,1390.776978,3.251405001,6.988829136,26.24985313,56.42352676,108,070802060803,32
1851,F070802060803_264,1754.550884,14995.75482,3.703951359,640.7835693,51,615.8189697,12.51935577,145.9356842,3.629872322,1.037106395,12.19070339,0.001378636,131.0008087,11.79868412,302,275,0.001506274,33.78876114,67578,32.09932327,0.000122522,1256.602539,2.330121994,4.56946373,19.96252632,39.14732361,108,070802060803,32
1852,F070802060803_268,2909.711431,24784.73318,6.121829033,1059.076416,72,1436.915771,20.691782,241.200058,5.999392509,1.714112163,17.35229732,0.001962357,130.9980011,11.79848671,430,392,0.002147125,26.54668665,53093,25.21935228,9.62612E-05,2495.992188,2.701725483,6.367327213,41.99459076,98.97130585,108,070802060803,32
1853,F070802060803_278,1586.048782,13835.12182,3.41727519,591.1885986,43,479.0336304,11.55039024,134.6406403,3.348929644,0.956837058,7.30280602,0.000825868,147.9952545,13.12328529,201,183,0.001002357,2.468152881,4937,2.344745308,8.94979E-06,1070.222168,3.230538845,5.848208427,252.1333923,456.4342957,108,070802060803,32
1854,F070802060803_299,2333.964796,19764.62658,4.88186264,844.5622559,50,795.7437134,16.50069618,192.3453827,4.784225464,1.366921544,12.71302426,0.001437705,131.005188,11.79899311,315,286,0.001566525,,,,,1640.305908,2.953014851,5.73533535,,,108,070802060803,32
1855,F070802060803_300,3554.988688,30491.88788,7.531496525,1302.948853,59,1448.608032,25.45645905,296.7409668,7.380866528,2.108819008,25.11750269,0.002840517,130.9966736,11.79839325,623,567,0.003105663,11.62983274,23259,11.04834104,4.2171E-05,2751.556885,2.297969818,4.852834225,117.9316254,249.0470581,108,070802060803,32
1856,F070802060803_364,3109.739367,27762.65228,6.857375145,1186.325928,33,737.7164307,23.17792892,270.1805725,6.720227718,1.920065045,16.70360104,0.001888996,131.0009613,11.79869556,415,378,0.002070442,19.86576687,39729,18.87247845,7.20354E-05,1924.042358,3.13842845,5.09005928,62.86010361,101.9496384,108,070802060803,24
1857,F070802060803_451,2664.440005,23312.20222,5.758113861,996.1536865,57,1069.972778,19.46242523,226.8696899,5.642951488,1.612271905,24.26388168,0.002743982,130.9998016,11.79861355,602,548,0.003001593,64.24990511,128500,61.03741169,0.000232977,2066.126465,1.817798734,3.770303726,16.32037926,33.85016632,108,070802060803,32
1858,F070802060803_454,1800.461919,15674.62077,3.871631384,669.7922363,61,769.9125977,13.08611393,152.5422821,3.794198751,1.084056735,10.57305431,0.001195698,130.9973297,11.79843903,262,239,0.001309089,23.79174137,47584,22.60215425,8.62715E-05,1439.704834,2.802478075,6.023869514,29.63400078,63.69768143,108,070802060803,32
1859,F070802060803_456,2720.521586,23843.49849,5.889344215,1018.856567,62,1190.35437,19.90598297,232.0401611,5.771557331,1.64901638,22.95004731,0.002595402,131.0024261,11.79879856,569,517,0.002831795,9.712097086,19424,9.226492278,3.52171E-05,2209.210938,1.970709085,4.273135185,110.4272919,239.4421234,108,070802060803,32
1860,F070802060803_466,5713.620847,49304.78153,12.17828083,2106.842529,78,3096.693359,41.16259003,479.8242798,11.93471527,3.409918547,43.44091291,0.004912697,131.000473,11.79866123,1078,980,0.005367812,77.22559829,154451,73.36431827,0.000280028,5203.536133,2.149839401,5.30973053,28.71753693,70.92734528,108,070802060407,32
1861,F070802060803_470,1437.155668,12089.77908,2.986175537,516.6083984,66,642.5054932,10.09327316,117.6553192,2.926451921,0.836129129,6.31634482,0.00071431,131.0018768,11.79875946,156,142,0.000777785,1.500311472,3001,1.425295943,5.44029E-06,1159.113892,3.638087273,8.162774086,362.4569397,813.2443848,108,070802060803,24
1862,F070802060803_471,3147.034699,26935.48497,6.653064728,1150.980225,82,1778.497314,22.48735809,262.1307373,6.520003319,1.862858176,20.39883316,0.002306887,131.0025482,11.79880714,506,460,0.002519585,7.610229522,15221,7.229718119,2.75955E-05,2929.477539,2.502130985,6.368429661,159.2012634,405.1994019,108,070802060803,24
1863,F070802060803_477,11694.63426,101197.8524,24.99586868,4324.285156,82,6681.895996,84.48603821,984.8372192,24.4959507,6.998843193,91.3557803,0.010331349,142.333725,12.65270519,2431,2213,0.012121397,32.01508854,64030,30.41433398,0.00011609,11006.18164,1.954037547,4.973421574,142.179184,361.8748169,108,070802060803,32
1864,F070802060803_480,2563.287393,21600.72101,5.33537817,923.0204468,63,1095.780029,18.03357887,210.2138977,5.228670597,1.493905902,12.87091959,0.001455562,130.9988098,11.79854393,319,290,0.001588434,41.87197912,83744,39.77837944,0.000151832,2018.800537,3.182829142,6.961380959,23.20407295,50.75120163,108,070802060803,32
1865,F070802060803_569,2099.321471,17667.98595,4.363992691,754.9707642,77,1095.449341,14.75029564,171.9413147,4.276712894,1.221917987,12.17749554,0.001377143,131.0034943,11.7988739,302,276,0.001511751,32.69266033,65385,31.05802751,0.000118547,1850.420166,2.735401392,6.704421043,24.30839348,59.5794487,108,070802060803,32
1866,F070802060803_570,7188.110681,62582.23714,15.45781231,2674.201416,66,3325.90332,52.24740601,609.0377808,15.14865589,4.328187466,47.34731644,0.005354469,131.000946,11.79869461,1175,1070,0.005860775,161.6791083,323358,153.595154,0.000586266,6000.104492,2.49925375,5.607574463,17.4107151,39.06441116,108,070802060803,32
1867,F070802060803_572,6464.828271,55697.51351,13.75728607,2380.010498,57,2556.378906,46.49962616,542.0370483,13.48214054,3.852040052,45.31744409,0.005124912,131.000061,11.79863167,1125,1024,0.005608816,145.6584487,291317,138.3755245,0.000528173,4936.389648,2.324229002,4.820693016,17.19964981,35.67386246,108,070802060803,32
1868,F070802060803_575,1258.79878,10723.50131,2.648704767,458.2259216,39,336.7563477,8.952622414,104.3589706,2.595730782,0.741637349,5.731803775,0.000648205,130.9982452,11.79850388,142,129,0.000706579,32.37459612,64749,30.75586605,0.000117394,794.9822998,3.552139044,6.162653446,14.8988142,25.84815216,108,070802060803,32
1869,F070802060803_580,2302.95046,19802.1232,4.891124249,846.1644897,51,813.1983032,16.53199959,192.7102966,4.793301582,1.369514823,17.12572145,0.001936734,139.5006561,12.42857456,448,408,0.002234763,54.21156216,108423,51.50098515,0.000196577,1659.362793,2.073932648,4.067065716,16.43006325,32.22002029,108,070802060803,32
1870,F070802060803_602,1883.698254,16171.6289,3.994392395,691.0299072,17,221.3693085,13.50104618,157.3790588,3.914504528,1.118429899,9.629782677,0.001089024,131.0002136,11.79864216,239,217,0.001188587,8.213917732,16428,7.803221703,2.97846E-05,912.399231,3.1844697,4.204604626,88.55699921,116.9259644,108,070802060803,24
1871,F070802060804_17,6005.185905,51771.15961,12.78747654,2212.233398,61,2542.91748,43.22167206,503.8265686,12.53172684,3.58049345,39.39219356,0.00445483,131.0006561,11.79867363,977,889,0.004869373,79.60051441,159200,75.6204896,0.00028864,4755.150879,2.488451481,5.348875999,29.25441742,62.88177872,108,070802060804,32
1872,F070802060804_221,1330.580907,11376.85659,2.810083628,486.1444702,35,320.6305542,9.498083115,110.7172928,2.753881931,0.786823392,6.104717255,0.000690377,130.9997253,11.79860783,151,137,0.000750398,4.511480808,9023,4.285906792,1.63591E-05,806.7750244,3.548499823,5.888868809,113.4286118,188.2390442,108,070802060804,32
1873,F070802060804_23,3445.300617,30451.5605,7.521535397,1301.225586,75,1839.015381,25.42279053,296.3484802,7.371104717,2.106029987,22.36544752,0.00252929,131.0018921,11.79876137,555,505,0.002766067,57.94700813,115894,55.04965973,0.000210122,3140.240967,2.576684237,6.218298912,23.63730431,57.0437851,108,070802060804,32
1874,F070802060804_235,2296.47057,19812.50202,4.893688202,846.6080322,31,494.5560913,16.54066658,192.8113098,4.795814514,1.370232701,10.41218263,0.001177505,131.0053711,11.79900646,258,235,0.001287179,1.853353411,3706,1.760685749,6.72046E-06,1341.164063,3.602587461,5.707081318,480.8399353,761.7282715,108,070802060804,32
1875,F070802060804_31,6934.286397,60454.96874,14.93237686,2583.30127,81,3943.043701,50.47143555,588.3356323,14.63372898,4.181065559,42.50461054,0.004806811,131.0000916,11.79863358,1055,960,0.005258265,89.52813625,179055,85.05172825,0.000324639,6526.344727,2.690938711,6.798275948,30.37329483,76.73382568,108,070802060804,32
1876,F070802060804_34,2650.182038,23707.12403,5.855659485,1013.029114,84,1603.513916,19.79212952,230.7129822,5.738546371,1.639584661,10.20912457,0.001154541,131.0040894,11.79891586,253,230,0.001259793,11.23430252,22469,10.67258739,4.07368E-05,2616.542969,4.404474258,11.37627411,94.91879272,245.1648254,108,070802060804,32
1877,F070802060804_37,2030.205702,17775.68083,4.390593052,759.5725708,60,858.8001099,14.84020424,172.9893646,4.302781105,1.229366064,10.02013588,0.001133169,130.9857483,11.79762268,249,227,0.001243361,28.23814774,56476,26.82624054,0.000102395,1618.372681,3.346134663,7.129395008,28.31453705,60.32797241,108,070802060804,32
1878,F070802060804_485,1014.420259,8749.560707,2.161141396,373.8774719,19,133.8611145,7.304657936,85.14897156,2.117918491,0.605119586,4.661763668,0.000527195,131.0016174,11.79874134,116,106,0.0005806,4.539155483,9078,4.312197685,1.64595E-05,507.7385864,3.527145863,4.78998661,86.70230103,117.7447357,108,070802060804,32
1879,F070802060804_491,2705.813089,24182.30054,5.973028183,1033.333862,18,350.4972839,20.18883514,235.3373108,5.8535676,1.67244792,12.48249626,0.001411635,130.9990082,11.79855728,310,282,0.001544615,2.07575202,4152,1.971964359,7.5269E-06,1383.831177,3.664304495,4.907202721,524.0124512,701.7526245,108,070802060804,32
1880,F070802060804_494,1925.631479,16847.67153,4.161375046,719.9179077,51,691.8702393,14.06544781,163.9581757,4.078147411,1.165184975,10.74861729,0.001215552,131.0046692,11.79895687,267,244,0.001336476,1.790577866,3580,1.701048933,6.49283E-06,1411.788086,2.950483322,5.786016941,423.2200012,829.9514771,108,070802060804,32
1881,F070802060804_497,1518.073699,12833.72389,3.169929743,548.3978271,57,589.036438,10.71436214,124.8952332,3.106531143,0.887580335,8.116038561,0.000917836,131.0054169,11.79900932,201,183,0.001002357,3.470557779,6940,3.297029823,1.25846E-05,1137.434326,2.996709347,6.215487957,166.3308716,344.9875793,108,070802060804,32
1882,F070802060804_498,1989.577116,16878.28248,4.168935776,721.2258911,25,339.76828,14.09100246,164.256073,4.085556984,1.167302012,8.77080822,0.000991883,131.0018463,11.79875755,218,198,0.001084517,5.37376976,10748,5.105081081,1.94859E-05,1060.994141,3.642554998,5.358556271,141.2760925,207.8310089,108,070802060804,32
1883,F070802060805_97,1887.881331,16473.12948,4.068862915,703.913269,62,822.3985596,13.75275707,160.3132019,3.987485647,1.139281631,11.52662563,0.001303536,131.00383,11.79889774,286,261,0.001429591,5.375440747,10751,5.10666877,1.94919E-05,1526.311768,2.696985722,5.847937584,137.8419647,298.8859863,108,070802060805,32
1884,F070802060805_98,2521.890866,22007.86956,5.435943604,940.4182129,71,1258.203491,18.37348938,214.176178,5.327224731,1.522064209,16.05814219,0.001816002,131.0023499,11.79879284,398,363,0.001988282,49.18990326,98380,46.73040771,0.000178368,2198.621582,2.590683699,6.056808949,20.12433052,47.04905701,108,070802060805,32
