OBJECTID,SiteID,MAX_BuffAreaAc,Shape_Length,Shape_Area,opAcres,DirectCost,DirectCost_CP,meanPIdx,OpportunityCost,bioYield,energyPot,CO2red,N2Ored,SUM_cropAcres,SUM_pctWScropAcres,MEAN_Nrate,MEAN_NO3conc,SUM_cpNO3load,SUM_cpNO3LoadReduced,SUM_cpWSNO3LoadPct,SUM_cpSEDload,SUM_cpSEDloadlbs,SUM_cpSEDLoadReduced,SUM_cpWSSEDLoadPct,TotalCost,TotalCost_CP,DCredNO3,TCredNO3,DCredSED,TCredSED,FBndID,MLRA,HUC12
1,425,3.925587893,795.1967889,21441.23234,5.295984268,8797.242188,23900.77734,83,1432.987427,13.26848698,154.6681671,3.847076178,1.099164605,206.4077907,0.023342485,142.4753914,10.37144439,5128,2667,0.014608118,711.7648783,1423531,533.8236675,0.002037582,10230.22949,25333.76563,3.298553467,3.835856676,16.4796772,19.16406059,F070801030403_227,104,070801030403
2,440,2.997896671,789.4966985,16660.90378,4.115243435,6718.286621,18572.09375,74,992.7613525,10.1328907,118.1171265,2.93793869,0.83941108,162.9431525,0.018427105,144.883667,12.89267552,4268,2218,0.012148783,456.6471936,913295,342.485397,0.001307252,7711.047852,19564.85547,3.02898407,3.476577044,19.61627197,22.51496887,F070801030403_44,105,070801030403
3,442,6.300794125,1592.816709,41748.89537,10.31197739,14120.08008,46537.95313,83,2790.2146,21.29668427,248.2512817,6.174778461,1.764222383,401.7778294,0.04543672,125.1036502,9.724837522,5900,3068,0.016804539,289.4149556,578831,217.0612189,0.000828513,16910.29492,49328.16797,4.602373123,5.51183033,65.05113983,77.90564728,F070801030402_132,105,070801030402
4,562,12.59985256,1881.841279,69850.16189,17.25299072,28236.26953,77862.75,86,4837.04834,42.58750153,496.4342041,12.34785557,3.527958632,466.5716965,0.052764204,142.5542628,12.10155183,12101,6291,0.034458069,1169.358581,2338717,877.0189344,0.003347544,33073.31641,82699.79688,4.488359451,5.257243156,32.19573593,37.71106339,F070801030403_42,104,070801030403
5,600,5.814865589,830.3133896,33624.24928,8.305189133,13031.11426,37481.32031,82,2220.143066,19.65424538,229.1056976,5.698568344,1.628162384,155.3113807,0.017564035,128.458271,11.6389842,3529,1834,0.010045477,333.4805236,666959,250.1103921,0.000954661,15251.25781,39701.46484,7.105296612,8.315843582,52.10145187,60.97810364,F070801030402_157,105,070801030402
6,681,3.686141968,1108.392462,27104.29046,6.694759846,8260.644531,30213.45117,69,1505.919312,12.45915985,145.2339935,3.612419128,1.032119751,168.5903511,0.019065742,137.5873432,9.277171146,1659,863,0.004726961,224.8079447,449617,168.6059586,0.000643562,9766.563477,31719.37109,9.57201004,11.31699085,48.99378586,57.92537689,F070801030405_216,105,070801030405
7,687,6.197724342,2370.158635,43418.98349,10.72448921,13889.10059,48399.62109,83,2901.832275,20.94830894,244.1903381,6.073770046,1.735362768,338.7393465,0.03830775,135.945988,12.18713717,7129,3707,0.020304572,674.4779055,1348956,505.8584254,0.00193084,16790.93359,51301.45313,3.74672246,4.529520988,27.45649719,33.1929512,F070801030405_88,105,070801030405
8,705,6.811369896,918.5540067,38557.01773,9.523583412,15264.28027,42979.93359,87,2701.078613,23.02243042,268.367981,6.675142288,1.907183528,223.7313107,0.025301587,133.3233684,12.007718,4382,2277,0.012471948,411.0037415,822008,308.2528069,0.001176588,17965.35938,45681.01172,6.703680515,7.889925003,49.51870728,58.28125,F070801030402_321,104,070801030402
9,838,5.924518585,1144.449812,34377.48305,8.491238594,13276.8457,38320.96094,83,2297.559326,20.02487373,233.4260254,5.806028366,1.658865213,435.2334018,0.049220183,141.5406464,11.56859176,10616,5521,0.030240502,1101.293045,2202586,825.9697732,0.003152691,15574.40527,40618.51953,2.404789925,2.820939302,16.07425117,18.85590172,F070801030202_40,104,070801030202
10,861,5.490739346,1143.540356,33453.5904,8.263036728,12304.74707,37291.08594,70,1885.625,18.55869865,216.3351288,5.380924702,1.537407041,278.5439507,0.031500303,148.5661519,9.188783447,7220,3755,0.020567485,621.2526998,1242506,465.939521,0.001778471,14190.37207,39176.71094,3.276896715,3.779060364,26.40846443,30.45539474,F070801030202_114,104,070801030202
11,871,5.693407536,1434.933325,35812.33002,8.845645905,12758.92676,39920.39844,53,1528.350586,19.24371719,224.3202515,5.579539299,1.594154119,185.1408935,0.020937429,156.4996735,11.79778622,3418,1778,0.009738745,374.3621297,748724,280.7716025,0.001071693,14287.27734,41448.75,7.175999165,8.035589218,45.44236755,50.88576508,F070600060901_57,105,070600060901
12,892,3.904891729,1194.651255,23837.86617,5.887952805,8750.862305,26572.33008,77,1477.994019,13.19853401,153.8527374,3.826793909,1.093369722,151.3278699,0.017113543,134.6429509,10.70376091,3131,1628,0.008917141,325.301115,650602,243.9758306,0.000931245,10228.85645,28050.32422,5.375222683,6.283081532,35.86774445,41.92569733,F070801030405_529,105,070801030405
13,961,8.549021721,1558.201884,50527.76035,12.48035717,19158.35742,56323.85156,82,3336.248779,28.89569283,336.8314514,8.378041267,2.39372611,281.8715642,0.03187662,138.9333847,10.53671835,5740,2983,0.016338964,250.1240671,500249,187.5930504,0.000716035,22494.60547,59660.10156,6.422513485,7.540933609,102.1272202,119.9117203,F070801030405_337,105,070801030405
14,964,6.340964794,1169.909898,35399.87162,8.743768692,14210.10254,39460.62891,81,2308.879639,21.43246078,249.8340149,6.21414566,1.775470138,161.2125654,0.018231395,134.4529604,12.06495244,4104,2134,0.011688685,49.20708275,98414,36.90531224,0.000140866,16518.98242,41769.50781,6.658904552,7.740853786,385.0422058,447.6044617,F070801030403_73,104,070801030403
15,995,3.165307283,962.5387955,21544.18004,5.321412563,7093.453613,24015.53516,79,1370.476563,10.69873905,124.7131042,3.10200119,0.88628602,201.8911493,0.022831702,143.2591476,11.50146552,4329,2251,0.012329536,229.3493854,458698,172.0120405,0.000656563,8463.929688,25386.01172,3.151245594,3.760075331,41.23812103,49.20544815,F070801030405_279,105,070801030405
16,1082,3.216822147,1464.423344,23335.93622,5.763976097,7208.898438,26012.82422,65,1221.386475,10.872859,126.7427902,3.152485609,0.900710225,217.9305472,0.024645584,131.0012951,8.894522764,4078,2123,0.011628434,197.9250214,395850,148.443767,0.000566604,8430.285156,27234.21094,3.395618677,3.970930338,48.56315994,56.79110336,F070801030601_187,105,070801030601
17,1107,3.840711832,989.7951125,21024.75801,5.193115234,8607.035156,23436.5293,86,1455.941772,12.98160553,151.3240509,3.763897657,1.07539928,203.5066156,0.023014393,132.2143947,11.8886201,4975,2587,0.014169929,369.4257327,738853,277.0692979,0.001057562,10062.97656,24892.4707,3.327033281,3.889824629,31.06455803,36.31934738,F070801030405_228,104,070801030405
18,1116,6.020910263,1229.527361,38118.58667,9.415290833,13492.86035,42491.20703,84,2578.283203,20.35067749,237.2238617,5.900492191,1.685854912,284.5853136,0.032183516,131.6088191,11.84373822,6880,3578,0.019597992,473.4063202,946814,355.0547384,0.001355229,16071.14355,45069.49219,3.771062136,4.49165535,38.00219727,45.26384735,F070801030405_226,104,070801030405
19,1120,5.317327499,1610.889925,34985.37436,8.641387939,11916.13086,38998.58203,71,2000.13562,17.9725666,209.5027008,5.210980892,1.488851666,309.1916677,0.034966228,142.332695,12.69832945,3510,1824,0.009990704,254.2420669,508483,190.68155,0.000727823,13916.2666,40998.71875,6.532966614,7.629532337,62.49231339,72.98171234,F070801030401_590,104,070801030401
20,1137,13.17850685,1823.423349,67026.73877,16.55560493,29533.0332,74715.44531,87,4695.500488,44.54335403,519.2331543,12.91493702,3.689981937,388.1334252,0.043893685,138.5934906,12.3861618,10081,5244,0.028723273,183.8645725,367730,137.898428,0.000526352,34228.53516,79410.94531,5.631775856,6.527180672,214.1651154,248.2155609,F070801030202_235,104,070801030202
21,1156,9.839065552,1296.375752,58402.12451,14.42532444,22049.3457,65101.48828,89,4185.36377,33.25604248,387.6591797,9.642284393,2.754938364,242.1716406,0.027386989,132.2138694,11.88858277,6036,3139,0.017193432,134.371003,268742,100.778255,0.000384666,26234.70898,69286.85156,7.024321556,8.357664108,218.7907104,260.3211365,F070801030202_377,104,070801030202
22,1172,1.943847299,850.8099584,12677.9347,3.131449938,4356.161621,14132.2334,85,867.7247314,6.570203781,76.58758545,1.904970407,0.544277251,165.5907803,0.018726523,138.2246437,12.36180329,4128,2147,0.011759891,103.9221517,207843,77.94161172,0.0002975,5223.88623,14999.95801,2.028952837,2.433109522,55.89006424,67.02307129,F070801030405_331,104,070801030405
23,1215,7.527739048,1774.025835,49943.82073,12.33612347,16869.66406,55672.92578,80,3217.593994,25.44375801,296.592926,7.377184391,2.107766867,703.5781924,0.079567071,137.5424721,12.32482897,17480,9091,0.049794676,1136.942984,2273885,852.70723,0.003254747,20087.25781,58890.51953,1.855644464,2.209576368,19.78365326,23.55703926,F070801030401_503,104,070801030401
24,1247,2.523933411,670.7935047,14814.0698,3.65907526,5656.134766,16513.40625,84,1002.001221,8.530895233,99.44297791,2.473454714,0.706701338,162.8806079,0.018420032,138.0835215,12.3453118,4283,2227,0.01219808,70.35295916,140707,52.76471834,0.000201401,6658.135742,17515.4082,2.539800167,2.989733219,107.1953964,126.1853714,F070801030202_190,104,070801030202
25,1260,11.11246395,2492.481235,76559.89212,18.91029358,24903.03125,85342.15625,57,3513.910645,37.56012726,437.8310852,10.89021492,3.111490011,549.3318907,0.062123486,137.2983314,9.530794313,10531,5478,0.030004976,426.449111,852898,319.8368301,0.001220804,28416.94141,88856.07031,4.54600811,5.187466621,77.86167145,88.84824371,F070801030601_375,105,070801030601
26,1267,14.9389658,1809.570342,84837.40004,20.9548378,33478.22266,94569.17969,86,5874.898438,50.49370575,588.5952759,14.64018631,4.182910442,322.9430523,0.036521361,133.429585,11.97866917,8115,4222,0.023125412,88.5698719,177141,66.42740345,0.000253551,39353.12109,100444.0781,7.929470062,9.320966721,503.9821167,592.4229736,F070801030405_323,104,070801030405
27,1312,10.55043793,1248.557279,58077.12425,14.34504986,23643.53125,64739.21094,89,4162.072754,35.6604805,415.6872559,10.3394289,2.954122543,191.4069893,0.021646057,134.3986842,12.0690163,4820,2507,0.01373174,103.3200152,206640,77.49001235,0.000295776,27805.60352,68901.28125,9.431005478,11.09118652,305.117157,358.8282166,F070801030405_127,104,070801030405
28,1324,7.576083183,1660.057855,45612.73717,11.26634598,16978.00195,50845.01953,77,2828.078125,25.60716057,298.4976807,7.424561501,2.12130332,332.4363079,0.037594945,140.1370697,12.5277003,8659,4501,0.024653595,218.3931141,436786,163.7948332,0.000625198,19806.08008,53673.09766,3.772051096,4.400373459,103.6540756,120.9200516,F070801030401_507,104,070801030401
29,1337,34.18698502,4212.946905,193092.1598,47.69376373,76613.03125,215241.9531,68,10572.75391,115.5520096,1346.967163,33.50324631,9.572356224,2278.612091,0.257686342,136.6553955,12.03053495,57860,30092,0.164824704,1054.363347,2108727,790.7725123,0.003018345,87185.78125,225814.7031,2.545960188,2.897307634,96.88378143,110.2539368,F070801030202_269,104,070801030202
30,1376,10.38791943,2100.442684,67250.52451,16.6108799,23279.32813,74964.89844,67,3628.148438,35.11116791,409.2840271,10.18016148,2.908617496,463.6683259,0.052435864,134.7778998,11.00599054,11398,5926,0.032458833,458.3231745,916647,343.742382,0.00131205,26907.47656,78593.04688,3.928337574,4.540579796,67.72318268,78.2780304,F070801030202_214,104,070801030202
31,1407,6.035864353,2126.920076,47107.09946,11.63545322,13526.37207,52510.80078,81,3072.457764,20.40122223,237.8130493,5.915146828,1.690042019,316.5051839,0.035793307,142.0521179,10.77822294,6869,3571,0.019559651,387.2312908,774464,290.4234633,0.001108534,16598.83008,55583.25781,3.787838697,4.648230076,46.57465363,57.1538887,F070801030601_25,104,070801030601
32,1430,18.98306656,1932.924485,100450.1696,24.81119156,42541.05078,111972.9063,86,6956.06543,64.1627655,747.9328003,18.603405,5.315258503,499.8079071,0.05652286,134.0694453,12.03270745,12479,6488,0.035537109,272.3562948,544712,204.2672221,0.000779679,49497.11719,118928.9688,6.556881905,7.629025459,208.2617645,242.3155212,F070801030202_266,104,070801030202
33,1462,6.127296925,1022.012946,33324.36171,8.231117249,13731.27246,37147.03125,90,2415.009766,20.71026421,241.4154968,6.004751205,1.715643167,170.7960932,0.019315188,136.1001404,12.1896307,4398,2287,0.012526721,62.12429166,124248,46.59321785,0.000177844,16146.28223,39562.03906,6.004054546,7.060027122,294.7053833,346.5371704,F070801030401_481,104,070801030401
34,1470,7.711611748,1287.806918,42923.5305,10.60211182,17281.72266,47847.33203,86,2972.407959,26.06524849,303.8374939,7.557379723,2.159251213,268.7122169,0.030388441,135.945239,12.18706721,6785,3530,0.019335079,117.9759938,235951,88.48199664,0.000337732,20254.13086,50819.73828,4.895672321,5.737714291,195.3134308,228.9067993,F070801030401_510,104,070801030401
35,1485,6.252950191,1212.111954,33168.53444,8.192627907,14012.86133,36973.32813,85,2270.177246,21.13497162,246.3662415,6.127891064,1.750826001,148.9987585,0.016850145,138.6501846,12.39495214,3633,1891,0.010357687,50.55788818,101115,37.91841721,0.000144733,16283.03906,39243.50391,7.410291672,8.610808372,369.5529175,429.4229736,F070801030202_196,104,070801030202
36,1520,34.05105209,3500.010312,174179.6043,43.02236176,76308.40625,194159.9219,82,11500.7373,115.0925598,1341.61145,33.37002945,9.534294128,887.4797708,0.100364347,138.8075042,12.40872196,22641,11774,0.064490431,353.0368941,706074,264.7776686,0.001010645,87809.14063,205660.6563,6.48109436,7.457885265,288.1980591,331.6334839,F070801030401_485,104,070801030401
37,1525,5.702222347,958.1630436,32959.33842,8.140956879,12778.68066,36740.13672,80,2123.161621,19.27351189,224.6675568,5.588177681,1.596622229,251.4046304,0.02843114,135.722546,12.16309071,6099,3172,0.017374185,577.4558258,1154911,433.0918655,0.001653093,14901.8418,38863.29688,4.028587818,4.697932243,29.50570488,34.40803909,F070801030601_390,104,070801030601
38,1542,15.84673309,2171.314651,95685.44842,23.63430595,35512.52734,106661.625,84,6472.018555,53.56195831,624.3612671,15.52979851,4.437085152,566.0436507,0.064013405,138.2604475,12.38210291,13139,6833,0.037426798,538.4738164,1076947,403.8553641,0.001541499,41984.54688,113133.6406,5.197208881,6.144379616,87.93377686,103.9593658,F070801030405_282,104,070801030405
39,1548,9.928789139,2036.565624,60860.9891,15.0326643,22250.41602,67842.41406,85,4165.55127,33.5593071,391.1943054,9.730213165,2.780061007,438.2533692,0.049561708,148.7721585,13.24953036,11389,5923,0.032442401,557.2126002,1114425,417.9094537,0.001595143,26415.9668,72007.96875,3.756612539,4.459896564,53.24219513,63.20978546,F070801030601_38,104,070801030601
40,1583,2.930925846,794.241736,15860.37899,3.917513609,6568.20459,17679.73828,68,868.4343872,9.906529427,115.4784775,2.872307301,0.82065922,166.12607,0.018787059,140.0669128,12.49947929,3788,1970,0.010790398,48.15255547,96305,36.11441708,0.000137847,7436.63916,18548.17188,3.334114075,3.774943829,181.8720856,205.9188538,F070801030202_201,104,070801030202
41,1627,36.09437943,2731.243322,188095.8901,46.45968628,80887.50781,209672.5625,89,13479.81348,121.9990005,1422.11853,35.37248993,10.10642624,598.6088294,0.067696173,135.7225901,12.17500827,15220,7915,0.043353301,157.1457057,314293,117.8592776,0.000449864,94367.32031,223152.375,10.21952057,11.92259216,686.3058472,800.6779175,F070801030202_166,104,070801030202
42,1788,5.220064163,924.6608397,30136.81523,7.443793297,11698.16406,33593.83984,86,2086.941895,17.64381599,205.6705322,5.115663052,1.461617947,161.9619982,0.018316147,134.4003815,12.05061378,3777,1964,0.010757534,200.6663366,401333,150.4997521,0.000574451,13785.10547,35680.78125,5.95629549,7.018892765,77.72879028,91.59553528,F070801030401_519,104,070801030401
43,1828,13.8457737,2372.114986,82538.36464,20.38697624,31028.37891,92006.42188,54,3588.92334,46.79871368,545.5234985,13.56885815,3.87681675,595.3114745,0.067323278,141.3593477,12.60565758,14313,7444,0.040773465,263.6158525,527230,197.7118892,0.000754658,34617.30078,95595.34375,4.16824007,4.650362968,156.9373474,175.0896301,F070801030405_253,104,070801030405
44,1879,7.817008018,1404.561207,41914.58048,10.35290146,17517.91406,46722.64453,87,2936.289795,26.42148781,307.9901123,7.660667896,2.188762188,266.8004495,0.03017224,133.1253376,11.95612395,6717,3493,0.019132417,231.7371259,463475,173.8028466,0.000663398,20454.20313,49658.93359,5.01514864,5.855769634,100.7918701,117.6862411,F070801030406_572,104,070801030406
45,1895,5.509480476,1059.733904,31586.21031,7.801794052,12346.74609,35209.49609,88,2238.178711,18.62204361,217.0735321,5.399291039,1.542654514,156.2787441,0.017673433,142.1722172,12.6761476,4003,2081,0.011398385,107.0389366,214079,80.27920198,0.000306422,14584.9248,37447.67578,5.933083057,7.008613586,153.7975616,181.6775055,F070801030403_258,104,070801030403
46,1919,15.99126816,1749.861542,84451.06658,20.85941315,35836.43359,94138.53125,87,5916.146973,54.05048752,630.0559692,15.67144299,4.477555275,387.4374242,0.043814975,139.2164288,12.43133628,9806,5099,0.027929056,325.0942316,650187,243.8206749,0.000930653,41752.58203,100054.6797,7.028129578,8.188385963,146.978653,171.2429962,F070801030401_646,104,070801030401
47,1928,10.72625828,1436.466868,58887.85049,14.54529953,24037.54492,65642.9375,90,4267.59082,36.25475311,422.614563,10.51173306,3.003352404,264.0933547,0.029866097,133.8333664,12.01214027,6253,3252,0.017812373,139.5391016,279079,104.6543288,0.000399461,28305.13672,69910.53125,7.391619205,8.70391655,229.6851501,270.4631348,F070801030202_180,104,070801030202
48,1945,11.71753788,1624.318201,63120.94304,15.59087276,26259.00195,70361.60938,90,4574.362305,39.60527802,461.67099,11.48318672,3.280910492,256.2310001,0.02897695,134.30513,12.04592005,6449,3352,0.018360109,130.7061119,261412,98.02958322,0.000374175,30833.36328,74935.96875,7.83383131,9.198497772,267.8681335,314.5312195,F070801030202_243,108,070801030202
49,1977,18.052145,1807.92486,110332.496,27.25212669,40454.85547,122988.8516,79,7018.512695,61.01625061,711.2545166,17.69110298,5.054600716,558.0022305,0.063104007,140.2410243,12.51167158,14451,7515,0.041162357,626.5935402,1253189,469.9451511,0.001793761,47473.36719,130007.3672,5.383214474,6.317148209,86.08420563,101.0189514,F070801030403_128,104,070801030403
50,2009,11.85756874,1320.094729,63023.13203,15.56671333,26572.8125,70252.57813,69,3501.576416,40.07858276,467.1882019,11.62041759,3.320119143,229.4491676,0.025948215,136.7802231,12.2557291,5676,2952,0.016169165,100.0351395,200070,75.02635589,0.000286372,30074.38867,73754.15625,9.001629829,10.18780136,354.179718,400.8509827,F070801030601_214,104,070801030601
51,2098,18.57230377,2097.429152,101466.0503,25.06211472,41620.53125,113105.3203,82,6699.604492,62.77438736,731.7487793,18.20085716,5.200244904,498.1033975,0.056330098,137.7999207,12.34201578,12477,6488,0.035537109,188.4892004,376977,141.3669003,0.000539591,48320.13672,119804.9219,6.415001869,7.447616577,294.414978,341.8065796,F070801030601_114,104,070801030601
52,2100,10.77532101,1774.287223,62876.41039,15.53047371,24147.49414,70089.03125,88,4455.382324,36.42058563,424.5476379,10.55981445,3.017089844,341.3174903,0.03859931,132.8893255,11.94100046,8274,4303,0.023569078,155.6957395,311391,116.771805,0.000445713,28602.87695,74544.41406,5.61178112,6.647194386,206.79216,244.9467773,F070801030202_178,108,070801030202
53,2222,12.13383198,2153.855774,88204.48585,21.78650856,27191.91797,98322.51563,83,5894.993652,41.01235199,478.0729675,11.89115524,3.397472858,162.0690711,0.018328256,134.2455008,12.0432291,4044,2103,0.011518887,147.8619695,295724,110.8964787,0.000423287,33086.91016,104217.5078,12.93006039,15.7331953,245.2009125,298.3585205,F070801030406_389,108,070801030406
54,2232,9.193098068,1336.862251,59559.48275,14.71119213,20601.73242,66391.60938,75,3596.886475,31.07267189,362.2080688,9.009236336,2.574067354,279.7828279,0.031640407,144.3173923,12.84985256,7165,3727,0.020414119,375.9243264,751848,281.943244,0.001076165,24198.61914,69988.49219,5.527698517,6.492787361,73.07049561,85.82798004,F070801030406_536,104,070801030406
55,2235,8.603321075,1369.872489,45884.46199,11.33346176,19280.04297,51147.91406,89,3288.290527,29.07922554,338.9708557,8.431254387,2.408929825,183.9641755,0.020804355,131.0007233,11.79867859,4438,2308,0.012641746,111.475195,222951,83.60639822,0.000319122,22568.33398,54436.20313,8.353571892,9.778307915,230.6048737,269.9354858,F070802060301_146,108,070802060301
56,2246,27.7173996,3234.084798,150789.0405,37.24489212,62114.69141,168086.2031,84,10199.1416,93.68481445,1092.065552,27.16305161,7.760871887,1133.580051,0.128195623,133.2910473,11.97256283,27249,14170,0.077614185,754.8187452,1509637,566.1140676,0.002160833,72313.83594,178285.3438,4.383534908,5.10330534,109.7211609,127.7372208,F070801030406_674,108,070801030406
57,2278,6.372920036,1311.30151,40140.41507,9.914682388,14281.71387,44744.96094,84,2715.036621,21.54047012,251.0930481,6.245461464,1.784417629,272.6517801,0.030833962,142.9113401,12.7757287,7283,3788,0.020748238,317.9132488,635827,238.4349424,0.000910096,16996.75,47459.99609,3.770251751,4.486998558,59.89773941,71.28464508,F070802060301_125,108,070802060301
58,2335,12.79646111,1501.127327,69329.99452,17.1245079,28676.86914,77282.90625,53,2958.772461,43.25203705,504.1805725,12.54053211,3.583009005,221.5830424,0.025058642,144.3877735,12.88048244,5815,3023,0.016558058,45.06238598,90125,33.79678911,0.000129001,31635.64063,80241.67969,9.486228943,10.46498203,848.508667,936.0546265,F070801030404_112,104,070801030404
59,2336,8.692169189,1181.596593,44497.0885,10.99078083,19479.15039,49601.39453,53,1898.987061,29.37953186,342.4714661,8.518325806,2.433807373,188.9510148,0.021368313,133.54883,12.00140882,4716,2452,0.013430486,89.60330248,179208,67.20247781,0.000256509,21378.13672,51500.38281,7.944188595,8.718652725,289.8576355,318.1152954,F070801030602_64,104,070801030602
60,2397,5.914209366,1059.471803,31984.24136,7.900107384,13253.74316,35653.18359,52,1339.226196,19.99002838,233.0198517,5.79592514,1.65597868,184.1846685,0.020829291,138.2859475,12.3665296,4004,2082,0.011403863,58.01832071,116036,43.51374142,0.00016609,14592.96973,36992.41016,6.365870953,7.009111404,304.5875244,335.364624,F070801030602_27,104,070801030602
61,2400,6.614554882,1172.691844,37051.65541,9.151759148,14823.21777,41301.89063,80,2386.778809,22.3571949,260.6134644,6.482263565,1.852075338,251.003537,0.028385781,141.5961624,11.58404726,5693,2961,0.016218462,265.4269042,530854,199.0701745,0.000759842,17209.99609,43688.66797,5.00615263,5.812224388,74.46227264,86.4519043,F070801030406_200,104,070801030406
62,2490,3.870684147,1255.709622,22131.90792,5.466581345,8674.203125,24670.68164,76,1354.400146,13.08291245,152.5049591,3.79327035,1.083791614,162.1600205,0.018338542,141.2709541,12.58778369,3984,2071,0.011343612,271.0154676,542031,203.2616044,0.000775841,10028.60352,26025.08203,4.188412666,4.842396736,42.6750679,49.33840561,F070801030406_397,108,070801030406
63,2501,5.36690712,866.8495883,32080.65073,7.923920631,12027.23926,35760.65234,85,2195.718506,18.14014626,211.4561462,5.259569168,1.502733946,149.9892713,0.016962162,145.0858808,12.90598461,4130,2147,0.011759891,179.4182583,358837,134.563693,0.000513624,14222.95801,37956.37109,5.601881504,6.624572754,89.37952423,105.696846,F070801030406_173,104,070801030406
64,2536,6.368912697,1187.283466,34573.37536,8.53962326,14272.7334,38539.32031,86,2394.168701,21.52692413,250.9351654,6.241534233,1.783295512,152.9081481,0.017292255,135.5349426,10.63125329,3384,1760,0.009640153,309.1471579,618295,231.8603734,0.000885001,16666.90234,40933.48828,8.109507561,9.469830513,61.55744934,71.88336182,F070801030406_473,108,070801030406
65,2549,18.11257553,2247.786892,95093.07413,23.48798943,40590.28125,106001.2969,78,5972.525879,61.22050476,713.635498,17.75032425,5.071521282,364.7954662,0.041254415,134.3055471,12.04595645,9169,4768,0.02611605,279.8285675,559658,209.8714247,0.00080107,46562.80859,111973.8203,8.513062477,9.76568985,193.4054718,221.8634949,F070802060301_255,108,070802060301
66,2570,1.765014768,921.9144892,11047.54254,2.728743076,3955.398193,12314.81738,80,711.6561279,5.965749741,69.5415802,1.729714513,0.494204134,149.4781103,0.016904355,138.8627586,12.4411341,3683,1916,0.010494621,47.44717719,94894,35.58538349,0.000135828,4667.054199,13026.47363,2.064404011,2.435832024,111.1523285,131.1508789,F070801030404_144,104,070801030404
67,2629,5.453337669,816.9239349,31879.60944,7.874263763,12220.92969,35536.55078,84,2156.28833,18.43228149,214.8615112,5.344270706,1.526934505,175.8469701,0.019886387,143.3045676,12.7801624,4849,2520,0.013802946,193.0031707,386006,144.752376,0.000552514,14377.21777,37692.83984,4.849575043,5.705245018,84.42645264,99.32284546,F070801030406_19,104,070801030406
68,2676,4.910779476,1522.414962,31700.36826,7.829990864,11005.05664,35336.75,76,1939.958374,16.59843445,193.4847107,4.812563896,1.375018239,231.4593349,0.026175543,143.1426828,12.72643934,5763,2998,0.016421124,547.0603704,1094121,410.2952826,0.00156608,12945.01465,37276.70703,3.670799494,4.317883492,26.8222847,31.5504837,F070801030406_581,108,070801030406
69,2680,3.302532434,971.4486057,21753.3558,5.373078823,7400.975098,24248.70508,79,1383.782715,11.16255951,130.1197815,3.236481667,0.924709082,176.8866202,0.02000396,140.0663208,12.49943352,4635,2410,0.013200437,216.0705938,432140,162.0529432,0.000618549,8784.757813,25632.48828,3.070944071,3.645127773,45.67010498,54.20918274,F070802060602_229,108,070802060602
70,2686,4.126859665,982.4411994,26399.62357,6.52070713,9248.292969,29427.95117,81,1721.85791,13.94878578,162.5982666,4.044322491,1.155520678,145.1899973,0.016419416,137.3755188,12.28740454,3759,1954,0.010702761,271.3857566,542770,203.5393137,0.000776901,10970.15039,31149.80859,4.733005524,5.614202023,45.43737793,53.89696121,F070802060602_43,108,070802060602
71,2698,6.425935268,1366.897382,43737.49228,10.80316067,14400.52051,48754.66406,77,2711.809326,21.71966171,253.1818542,6.297416687,1.799261928,287.7359794,0.032539822,139.8163367,12.46804057,7076,3679,0.020151206,564.0909467,1128182,423.0682202,0.001614833,17112.33008,51466.47266,3.914248466,4.651353836,34.03829575,40.44815826,F070802060301_161,108,070802060301
72,2725,4.555336952,862.1578311,30292.33873,7.482207775,10208.50977,33767.20313,71,1731.831787,15.39703846,179.4802704,4.464230061,1.275494337,158.3674,0.017909637,133.477972,11.98403811,3917,2038,0.011162859,75.82981909,151661,56.87236348,0.000217079,11940.3418,35499.03516,5.009082317,5.858852863,179.4985962,209.9498138,F070801030602_38,104,070801030602
73,2755,13.1842289,3287.56845,102731.1028,25.37458229,29545.85742,114515.4922,88,7279.459961,44.56269455,519.4586182,12.92054462,3.69158411,712.5191761,0.0805782,138.8577069,10.95921725,15438,8028,0.043972242,915.6228312,1831245,686.717135,0.00262117,36825.31641,121794.9531,3.680351019,4.587109566,43.02478409,53.62516022,F070802060301_88,108,070802060301
74,2780,3.761915445,1096.056938,25483.66869,6.294466019,8430.452148,28406.92578,67,1374.83728,12.71527386,148.2194672,3.686677217,1.053336382,227.9112426,0.025774292,145.8745689,12.94986486,6161,3205,0.017554937,633.7550487,1267511,475.3162961,0.001814262,9805.289063,29781.76367,2.63040638,3.059372663,17.73650932,20.62897682,F070801030406_436,108,070801030406
75,2818,7.288174152,1421.680815,48826.70111,12.06019497,16332.79785,54427.66016,88,3459.828613,24.63402939,287.1540527,7.142410755,2.040688753,249.5015848,0.028215926,133.4279327,10.63314132,6130,3189,0.0174673,236.2847025,472568,177.213523,0.000676416,19792.62695,57887.48828,5.121604919,6.206531048,92.16451263,111.6880188,F070802060602_228,108,070802060602
76,2844,3.441472292,906.3747136,19239.09558,4.752056599,7712.339355,21446.03125,76,1177.369507,11.6321764,135.5940094,3.372642756,0.963612258,216.469052,0.024480305,137.0447167,12.27342796,5622,2924,0.016015799,103.9318061,207863,77.94885325,0.000297527,8889.708984,22623.40039,2.637598991,3.040256262,98.94102478,114.0454102,F070801030602_100,104,070801030602
77,2929,4.857765198,1043.84778,30163.78182,7.450454235,10886.25195,33623.89844,66,1603.039673,16.41924667,191.3959503,4.760610104,1.360174298,149.538254,0.016911156,139.9052102,11.09450464,2930,1524,0.008347496,120.292376,240585,90.21928191,0.000344363,12489.29199,35226.9375,7.143209934,8.195073128,120.66436,138.4326172,F070801030406_251,108,070801030406
78,2938,4.60598278,1000.027391,26490.47782,6.543148041,10322.00781,29529.22656,86,1834.437012,15.56822205,181.4757233,4.513863087,1.289675236,178.7441031,0.020214022,130.999176,11.79856944,4236,2203,0.012066623,118.1895511,236379,88.64216292,0.000338343,12156.44531,31363.66406,4.685432434,5.51813221,116.4458008,137.1406708,F070802060602_226,108,070802060602
79,2944,5.119454384,1493.64088,34006.58462,8.399626732,11472.69727,37907.51563,83,2272.770752,17.30375671,201.7064972,5.017065525,1.433447242,215.8631353,0.024411782,131.0001945,11.7986412,4981,2590,0.014186361,327.887207,655774,245.9154005,0.000938649,13745.46777,40180.28516,4.429612637,5.307130337,46.65302658,55.89510727,F070802060302_76,108,070802060302
80,2952,11.53702545,2163.166941,70395.78465,17.38775826,25854.47461,78470.95313,86,4874.832031,38.99514771,454.5588074,11.3062849,3.230367184,370.3391657,0.041881347,131.0004333,11.79865818,8943,4651,0.025475199,386.4947677,772989,289.8710817,0.001106426,30729.30664,83345.78125,5.558906555,6.607032299,89.19300842,106.0102539,F070802060602_79,108,070802060602
81,3020,13.84180355,2500.792474,79079.07707,19.53253174,31019.48242,88150.3125,80,5094.084473,46.78529739,545.3670654,13.56496716,3.875705004,320.7325568,0.036271377,138.2139282,10.6364294,5871,3055,0.016733333,196.4324752,392865,147.3243568,0.000562331,36113.56641,93244.39844,10.15367699,11.82113457,210.5523071,245.1296387,F070801030604_92,104,070801030604
82,3047,3.11562705,1143.473031,18272.92396,4.513411999,6982.120117,20369.0293,62,912.2508545,10.53081989,122.7557068,3.053314447,0.872375548,170.6673142,0.019300624,142.3357086,4.984288295,2394,1245,0.006819313,68.44549084,136891,51.33411694,0.00019594,7894.371094,21281.2793,5.608128548,6.340860367,136.0132446,153.7841034,F070801030406_550,108,070801030406
83,3052,9.083272934,1790.583843,52578.59457,12.98691273,20355.61523,58609.9375,67,2836.601563,30.70146179,357.8809509,8.901607513,2.543316364,454.8710397,0.051440987,133.6152649,11.99745457,11101,5772,0.031615319,172.150944,344302,129.1132063,0.00049282,23192.2168,61446.53906,3.526613951,4.018055439,157.6571045,179.6269989,F070801030603_545,104,070801030603
84,3053,2.317335606,700.4680225,13766.19942,3.40025115,5193.148926,15345.33301,54,598.5803223,7.832594395,91.30302429,2.270988941,0.648853958,124.2334071,0.014049452,130.9998118,11.7986145,3046,1583,0.00867066,52.25550974,104511,39.19163183,0.000149593,5791.729492,15943.91309,3.280574083,3.658704758,132.5065765,147.7797546,F070801030603_554,104,070801030603
85,3060,5.946671009,997.6604663,31524.66952,7.786593437,13326.48926,35140.89453,74,1878.437744,20.09974861,234.2988434,5.827737808,1.665067911,154.5044878,0.017472784,149.1333656,13.28496814,2703,1405,0.00769569,125.5907723,251182,94.19308137,0.000359531,15204.92676,37019.33203,9.485045433,10.82201195,141.4805603,161.4229736,F070801030406_453,108,070801030406
86,3064,3.975175619,855.2522373,26036.31149,6.430968761,8908.368164,29022.96289,65,1362.72229,13.43609333,156.6219177,3.895672083,1.11304915,174.2424574,0.019704934,147.2706866,13.06686796,4830,2512,0.013759127,594.8587331,1189717,446.1440619,0.001702913,10271.09082,30385.68555,3.546324968,4.088809967,19.96747017,23.02191544,F070801030406_560,108,070801030406
87,3068,9.071006775,1394.170756,45946.64964,11.34882259,20328.12695,51217.23828,53,1960.849365,30.66000366,357.3976746,8.889586449,2.539881945,153.0733585,0.017310938,132.888827,10.39940131,3666,1906,0.010439847,49.09308004,98186,36.81981045,0.00014054,22288.97656,53178.08594,10.66533375,11.69411182,552.0975342,605.3528442,F070801030409_300,104,070801030409
88,3073,9.972774506,1902.343207,56830.42867,14.03711605,22348.98828,63349.50391,86,3935.445801,33.70797729,392.9273071,9.773319244,2.792376757,261.3655187,0.029557609,137.3747482,12.28735304,6642,3454,0.0189188,173.0102625,346021,129.7576981,0.00049528,26284.43359,67284.95313,6.47046566,7.609853268,172.2363129,202.565506,F070802060302_20,108,070802060302
89,3076,9.062399864,1630.732494,53062.31445,13.10639191,20308.83789,59149.14844,86,3674.507813,30.63091087,357.0585632,8.881152153,2.53747201,430.7662604,0.048714997,133.4798861,11.98417491,10630,5526,0.030267889,415.4222961,830845,311.5667206,0.001189237,23983.3457,62823.65625,3.675142527,4.340091705,65.18295288,76.97659302,F070802060602_292,108,070802060602
90,3119,6.526243687,1291.634621,37838.86155,9.346199036,14625.3125,42179.39453,86,2620.300049,22.05870438,257.1340027,6.395718575,1.827348232,196.4839558,0.022220207,133.2045186,11.96357038,4949,2572,0.014087769,160.7205748,321442,120.5404297,0.000460098,17245.61328,44799.69531,5.686357975,6.705137253,121.3311768,143.0691223,F070802060602_185,108,070802060602
91,3179,6.665874481,1202.373492,39506.3616,9.758070946,14938.22461,44038.17578,56,1781.433472,22.53065491,262.6354675,6.532557011,1.866444826,147.7394947,0.016707736,139.5009715,12.45760716,3671,1911,0.010467234,99.54392391,199088,74.65794374,0.000284966,16719.6582,45819.60938,7.816967487,8.749167442,200.0888824,223.9501495,F070801030603_483,104,070801030603
92,3185,7.555024147,1535.004714,45933.4798,11.34556961,16930.80859,51202.55469,86,3180.844238,25.53598213,297.6679382,7.403923512,2.115406752,242.8871365,0.027467904,130.9993417,11.79858112,5907,3071,0.016820971,279.8841957,559768,209.9131504,0.00080123,20111.65234,54383.39844,5.51312542,6.548893452,80.65625763,95.80939484,F070802060302_72,108,070802060302
93,3228,10.89714241,2266.976444,62967.8513,15.55305958,24420.49609,70190.96094,73,3701.317139,36.83234024,429.3474121,10.67919922,3.051199913,635.1628585,0.071830038,133.9485809,7.947428063,10696,5562,0.030465074,390.0377901,780075,292.5283477,0.001116568,28121.8125,73892.28125,4.39059639,5.056061268,83.48078156,96.13362885,F070801030406_538,108,070801030406
94,3239,5.332831383,1250.630971,34828.85857,8.60272789,11950.875,38824.10938,81,2271.63623,18.02497101,210.1135559,5.226174831,1.493192792,238.1514785,0.026932352,130.9996948,11.79860606,5909,3073,0.016831926,314.1707216,628341,235.6280451,0.000899382,14222.51172,41095.74609,3.888992786,4.62821722,50.71923828,60.36001205,F070802060302_33,108,070802060302
95,3255,10.18023109,1397.882108,55787.35781,13.77947712,22813.89844,62186.78125,81,3638.608643,34.40917969,401.1011047,9.976626396,2.850464821,208.8042539,0.023613499,154.423879,13.70648193,5813,3023,0.016558058,539.4568006,1078914,404.5926096,0.001544313,26452.50781,65825.39063,7.546774387,8.750415802,56.38733292,65.38059998,F070801030406_101,108,070801030406
96,3259,5.044968605,959.7876148,28742.15867,7.099313259,11305.77441,32039.20117,74,1712.638306,17.05199432,198.771759,4.944069386,1.412591219,210.6647486,0.023823901,138.0843938,12.345378,5238,2726,0.014931282,149.5579842,299116,112.1684899,0.000428142,13018.41309,33751.83984,4.147386074,4.775646687,100.7927856,116.0612335,F070801030603_475,104,070801030603
97,3263,6.977253437,1125.214948,41634.78811,10.2837925,15636.02539,46410.75391,72,2413.811768,23.58311653,274.9037781,6.837708473,1.953630924,165.0302564,0.018663134,132.4178314,11.9036959,3930,2044,0.011195723,67.543934,135087,50.65795018,0.000193359,18049.83789,48824.56641,7.649718761,8.830644608,308.6588745,356.3081055,F070801030603_413,104,070801030603
98,3324,5.254669189,1251.84957,30348.95191,7.496191025,11775.71387,33830.30859,79,1930.569092,17.76078224,207.0339661,5.14957571,1.471307397,148.0408053,0.016741811,132.4177958,11.90369145,3672,1910,0.010461757,151.0956497,302191,113.321735,0.000432544,13706.2832,35760.87891,6.165295124,7.176064491,103.9139938,120.9501724,F070801030407_241,108,070801030407
99,3328,3.427474499,1097.078148,24561.50143,6.066690922,7680.970215,27378.97656,53,1048.202881,11.58486366,135.0424957,3.358925104,0.959692836,173.5022243,0.019621222,130.9989726,9.136416525,3170,1649,0.009032166,152.7499695,305500,114.562479,0.00043728,8729.172852,28427.17969,4.6579566,5.293615818,67.04612732,76.19573975,F070801030406_482,108,070801030406
100,3356,26.81093979,2554.715045,139289.6438,34.40454102,60083.31641,155267.6875,80,8972.704102,90.62097931,1056.351074,26.27472115,7.507062912,597.8159838,0.067606511,134.2307434,12.05556383,14563,7574,0.041485521,261.0009246,522005,195.7506937,0.000747172,69056.02344,164240.3906,7.932837963,9.117510796,306.9379578,352.7753601,F070801030603_717,104,070801030603
101,3383,3.683722258,958.5892142,19056.74545,4.707015991,8255.22168,21242.76367,54,828.6231079,12.45098114,145.1386566,3.610047817,1.031442285,193.6771442,0.021902787,132.6216452,11.92081819,4673,2430,0.013309984,77.39764589,154796,58.04823279,0.000221568,9083.844727,22071.38672,3.397210598,3.738207817,142.21315,156.4878845,F070801030602_39,104,070801030602
102,3386,9.239310265,1320.341536,49328.25905,12.18408012,20705.29492,54986.75391,82,3257.04834,31.22886848,364.0288391,9.054524422,2.587006807,149.9695112,0.016959927,135.2505608,9.933948588,2895,1505,0.008243426,72.77163947,145543,54.57872963,0.000208325,23962.34375,58243.80078,13.75767136,15.9218235,379.3656311,439.0418091,F070801030604_143,104,070801030604
103,3398,14.14182568,2433.540588,75410.6495,18.62643051,31691.83203,84061.07813,87,5282.828125,47.79936981,557.1879272,13.85898876,3.959711075,685.1579731,0.077483944,137.0012746,11.62704234,17205,8948,0.049011413,498.6212478,997242,373.9659405,0.001427412,36974.66016,89343.90625,3.541778326,4.1321702,84.74523926,98.87173462,F070802060602_83,108,070802060602
104,3422,3.453345537,872.2794158,24112.91453,5.955889702,7738.947266,26878.92969,48,931.9776001,11.67230797,136.0618134,3.384278536,0.966936767,259.0312732,0.029293631,136.0365211,12.20862431,6506,3383,0.018529907,73.81655431,147634,55.36241627,0.000211316,8670.924805,27810.9082,2.287598848,2.563087463,139.7870178,156.6211395,F070801030603_496,104,070801030603
105,3427,9.18768692,1087.689017,51383.95234,12.69183636,20589.60547,57278.25781,56,2317.021729,31.05438232,361.994873,9.003932953,2.572552443,175.0221806,0.019793112,130.9990336,11.79855935,4343,2258,0.012367878,47.43828273,94877,35.57871151,0.000135802,22906.62695,59595.28125,9.118514061,10.14465332,578.7057495,643.8295898,F070801030409_293,104,070801030409
106,3440,5.834300518,1206.832504,35604.024,8.794194221,13074.66699,39688.19922,86,2465.540283,19.71993637,229.8714447,5.717614651,1.633604169,199.5356109,0.022565316,134.3061816,11.20784263,5157,2682,0.014690278,196.5397331,393080,147.4048019,0.000562638,15540.20703,42153.73828,4.874969006,5.794260502,88.69905853,105.4253769,F070801030407_267,108,070801030407
107,3441,12.85402775,2800.375223,77194.56181,19.06705666,28805.87695,86049.625,83,5159.164063,43.44661331,506.4487,12.59694672,3.599127769,801.0390106,0.090588834,132.8883253,11.00450142,19701,10244,0.056110071,816.3615031,1632723,612.2711249,0.002337013,33965.03906,91208.78906,2.811975479,3.315603256,47.04758453,55.47385406,F070802060302_242,108,070802060302
108,3447,8.202245712,2102.432948,47440.87541,11.71789646,18381.23242,52882.86719,72,2750.424561,27.72359085,323.1684875,8.038200378,2.296628714,171.5620975,0.019401815,136.8718123,12.27156249,3754,1953,0.010697283,87.25628196,174512,65.4422111,0.00024979,21131.65625,55633.29297,9.411793709,10.82010078,280.8773193,322.9056091,F070801030604_252,104,070801030604
109,3459,6.238965988,1402.575746,36767.01247,9.08145237,13981.52246,40984.59375,86,2546.075928,21.08770561,245.8152618,6.114186764,1.746910453,250.1286523,0.028286841,136.6670742,12.23667955,6400,3327,0.018223175,258.0627014,516124,193.547021,0.000738761,16527.59766,43530.66797,4.202441216,4.967718124,72.2383728,85.39318848,F070802060602_250,108,070802060602
110,3463,13.09629726,2215.536736,89584.80751,22.12744713,29348.80273,99861.17188,71,5121.619141,44.26548386,515.9941406,12.83437157,3.666963339,658.8851987,0.074512778,146.6153013,12.44136777,15197,7902,0.043282095,1233.967479,2467933,925.4756263,0.003532501,34470.42188,104982.7891,3.714097977,4.362240314,31.71212959,37.24617004,F070801030409_175,108,070801030409
111,3471,4.787511349,1275.718632,27496.48808,6.791632652,10728.8125,30650.63867,81,1793.39856,16.18178749,188.6279449,4.691761017,1.340503216,252.1322985,0.028513431,134.643352,12.07795211,6314,3283,0.017982171,323.2301821,646460,242.4226348,0.000925317,12522.21094,32444.03711,3.267990351,3.814258575,44.2566452,51.65446091,F070802060302_372,108,070802060302
112,3479,4.633049488,989.0372735,29571.05232,7.304049969,10382.66406,32963.17578,39,928.6369019,15.65970707,182.5421448,4.540388584,1.297253847,339.5362935,0.038397876,139.1455736,12.47274214,8754,4552,0.024932941,95.03098339,190062,71.27323812,0.000272047,11311.30078,33891.8125,2.28090167,2.484907866,145.6740875,158.7033386,F070801030603_608,104,070801030603
113,3481,3.432665586,812.0672604,25059.38468,6.189668179,7692.603516,27933.97266,68,1372.12561,11.60240936,135.2470245,3.364012241,0.961146355,185.0019896,0.020921721,132.6191036,10.57431237,3836,1995,0.010927332,216.8420443,433684,162.6315298,0.000620758,9064.729492,29306.09766,3.855941534,4.54372406,47.30081177,55.73783493,F070802060602_111,108,070802060602
114,3485,7.329624176,1377.3479,42696.26602,10.54597759,16425.6875,47593.99609,87,2991.050049,24.77412987,288.7872009,7.183031559,2.052294731,194.2143505,0.021963539,132.4172262,11.90365012,4727,2458,0.01346335,240.5486072,481095,180.4114499,0.000688623,19416.73828,50585.04688,6.682541847,7.899405479,91.0457077,107.6247559,F070802060602_415,108,070802060602
115,3502,3.604690552,1011.541965,24300.77173,6.002290726,8078.111328,27088.33789,74,1447.992554,12.1838541,142.0248108,3.532596827,1.009313345,159.9173389,0.018084919,136.6670901,10.65601047,4127,2146,0.011754414,189.8037954,379608,142.3528472,0.000543355,9526.103516,28536.33008,3.764264345,4.439004421,56.74710083,66.91895294,F070801030407_285,108,070801030407
116,3524,11.31147289,1922.50831,66138.75949,16.33627319,25349.01172,73725.60156,84,4473.524902,38.23277664,445.6720276,11.08524323,3.167212486,482.2652399,0.054538974,134.7786298,11.5844666,12070,6277,0.034381386,448.9909312,897983,336.7431989,0.001285334,29822.53711,78199.125,4.038395882,4.751081467,75.27698517,88.56166077,F070801030407_272,108,070801030407
117,3527,3.139674187,1015.224355,21645.73835,5.346497536,7036.009766,24128.74414,73,1272.359375,10.61209869,123.7031631,3.076880693,0.879108787,169.8455669,0.019207694,134.238824,10.68110733,3938,2048,0.011217632,73.65549145,147312,55.24161799,0.000210855,8308.369141,25401.10352,3.435551643,4.056820869,127.3679123,150.4005432,F070801030603_543,104,070801030603
118,3561,11.5170126,2262.185438,58885.84242,14.54480267,25809.625,65640.69531,70,3319.124268,38.92750168,453.7702942,11.28667259,3.224763632,428.249123,0.048430336,135.5337143,12.14254665,10505,5462,0.029917338,118.0543497,236110,88.54076314,0.000337956,29128.75,68959.82031,4.725306511,5.33298254,291.4999084,328.9868774,F070801030603_537,104,070801030603
119,3576,4.297832012,882.0406375,27148.86558,6.705770016,9631.441406,30263.14063,47,1027.45813,14.52667236,169.3345795,4.211875439,1.203392982,217.5608436,0.024603774,137.7995892,12.33272564,5425,2823,0.015462586,89.63892962,179277,67.22919799,0.000256611,10658.89941,31290.59961,3.411775112,3.775734901,143.2627716,158.5456848,F070801030603_591,104,070801030603
120,3582,3.103432178,1528.465527,22078.26415,5.45333147,6954.791504,24610.88477,62,1102.248535,10.48960114,122.2752304,3.041363478,0.868961036,210.0319729,0.023752341,144.694814,12.90202824,3770,1960,0.010735625,317.9388292,635877,238.4541219,0.000910169,8057.040039,25713.13281,3.54836297,4.11073494,29.16616249,33.78863907,F070801030407_350,108,070801030407
121,3600,8.068263054,1694.297707,47988.13276,11.85306835,18080.97656,53492.89844,64,2473.02417,27.27072906,317.8895569,7.906898022,2.25911355,271.4140106,0.030693984,148.4254436,13.21977901,6126,3184,0.017439913,818.6321082,1637266,613.9740877,0.002343513,20554,55965.92188,5.67869854,6.455401897,29.44908714,33.47698212,F070801030409_190,108,070801030409
122,3619,5.969858646,1166.342762,35115.87445,8.673621178,13378.45313,39144.05078,67,1894.49231,20.17812157,235.2124329,5.850461483,1.671560407,238.8466327,0.027010967,140.916247,10.96514898,4779,2485,0.013611238,532.3473003,1064696,399.2604711,0.00152396,15272.94531,41038.54297,5.383683205,6.146054268,33.50808334,38.25308609,F070801030407_650,108,070801030407
123,3648,2.627224207,720.3074031,18589.97611,4.591723919,5887.609375,20722.44922,69,1032.862427,8.880018234,103.5126343,2.574679613,0.735622764,146.2533269,0.016539667,130.9992574,10.2773502,3542,1842,0.010089296,362.3030501,724605,271.7272818,0.001037171,6920.47168,21755.3125,3.196313381,3.75704217,21.66734695,25.46844673,F070801030407_249,108,070801030407
124,3666,5.298865318,971.933854,31807.81535,7.85653019,11874.75684,35456.51953,86,2202.656982,17.91016388,208.7752991,5.192887783,1.483682275,155.2710736,0.017559476,132.4169057,11.90362581,3855,2005,0.010982106,108.3556509,216711,81.26673812,0.000310192,14077.41406,37659.17578,5.922572136,7.021153927,146.1207581,173.2247925,F070802060602_315,108,070802060602
125,3715,73.92680359,4697.168761,379263.3115,93.67803955,165669.9688,422769,78,23820.45117,249.8725891,2912.716064,72.44826508,20.69950485,1123.007109,0.126999938,141.0111942,12.5984029,29891,15544,0.085140077,472.6661995,945336,354.4996504,0.00135311,189490.4219,446589.4375,10.65812969,12.19058323,467.3346558,534.5292358,F070801030409_335,104,070801030409
126,3739,4.629565239,953.941145,26320.83193,6.501245499,10374.85547,29340.12109,86,1822.689209,15.64793015,182.4048767,4.536973953,1.296278238,162.3127698,0.018355816,131.9453583,11.86868318,3578,1860,0.010187889,197.0732482,394147,147.8049345,0.000564165,12197.54492,31162.81055,5.577879429,6.557819843,70.19288635,82.52461243,F070801030407_428,108,070801030407
127,3741,7.437475204,1560.271774,39969.69459,9.872514725,16667.38281,44554.66016,86,2767.858154,25.13866615,293.0365295,7.288725853,2.082493067,341.9936711,0.038675779,142.8187975,12.71101924,8848,4601,0.025201331,235.2731298,470546,176.4548522,0.000673521,19435.24023,47322.51953,3.622556686,4.224133968,94.45692444,110.1428528,F070802060602_189,108,070802060602
128,3752,4.663752079,1030.093527,26660.1405,6.585054874,10451.46875,29718.35352,82,1760.316895,15.76348209,183.7518311,4.570477009,1.305850625,143.9871372,0.016283385,131.944831,11.86864609,3373,1754,0.009607289,127.8453086,255692,95.88398152,0.000365985,12211.78516,31478.66992,5.958648205,6.962249279,109.0011978,127.3600159,F070801030407_281,108,070801030407
129,3764,5.112015247,1477.852884,32577.01883,8.046524048,11456.02637,36313.96484,58,1521.436646,17.27861214,201.4134064,5.009775162,1.431364298,257.209229,0.029087577,144.3563603,11.39565639,6052,3148,0.017242728,861.1981537,1722398,645.898621,0.002465367,12977.46289,37835.40234,3.639144421,4.122447014,17.73657036,20.09210587,F070801030407_148,108,070801030407
130,3766,3.586208105,978.1402597,24845.0108,6.136717796,8036.692383,27695.00781,72,1440.4104,12.12138367,141.2966003,3.514483929,1.004138231,152.5465165,0.017251358,136.6669134,9.45958969,2903,1510,0.008270813,288.9621689,577926,216.7216185,0.000827217,9477.102539,29135.41797,5.322312832,6.276226997,37.08302307,43.72938156,F070801030407_504,108,070801030407
131,3788,8.02229023,2796.979533,46665.22886,11.52631187,17977.95313,52018.24609,55,2066.66748,27.11534119,316.0782471,7.86184454,2.246241331,615.8290259,0.069643591,143.1270256,11.25750526,11027,5733,0.031401702,1341.479702,2682958,1006.109765,0.003840278,20044.62109,54084.91406,3.135871887,3.496358156,17.86877823,19.92289734,F070801030407_577,108,070801030407
132,3810,6.37202692,1343.999033,39461.19178,9.74691391,14279.71191,43987.82422,86,2732.64502,21.53745079,251.0578613,6.244586468,1.784167528,205.4194909,0.023230719,132.2143271,11.88861629,5004,2602,0.01425209,102.7211661,205442,77.04087352,0.000294062,17012.35742,46720.46875,5.487975597,6.53818512,185.352417,220.8224945,F070801030603_505,104,070801030603
133,3813,2.653985262,890.6331742,17615.2559,4.350968361,5947.581055,19635.91992,78,1106.364258,8.970470428,104.5670166,2.600905657,0.743115902,150.025916,0.016966306,131.0009104,11.79869175,3641,1893,0.010368642,316.1243119,632248,237.0932263,0.000904975,7053.945313,20742.28516,3.141881227,3.726331472,25.08541107,29.75177956,F070801030407_260,108,070801030407
134,3826,4.654618263,989.0641991,27893.19962,6.889620304,10431,31092.85547,86,1931.573975,15.73260975,183.3919525,4.561525822,1.303293109,202.5324682,0.022904228,131.6072573,11.84363004,4788,2489,0.013633148,207.2631977,414528,155.4473974,0.000593336,12362.57422,33024.42969,4.190839767,4.966884136,67.10308838,79.5289917,F070801030407_476,108,070801030407
135,3876,4.334330082,902.0454285,24200.02521,5.977406025,9713.233398,26976.0332,86,1675.825562,14.65003586,170.7725983,4.247643471,1.213612437,176.6063941,0.01997227,139.5005005,12.4821413,4503,2342,0.012827976,232.349225,464699,174.2619181,0.00066515,11389.05859,28651.85938,4.147409439,4.862962723,55.73927689,65.35597992,F070802060602_131,108,070802060602
136,3882,13.4594326,1403.484321,70427.28668,17.39554024,30162.58789,78506.07031,76,4309.918945,45.49288177,530.3016357,13.19024372,3.768641233,219.950958,0.02487407,136.3522152,12.22634676,5444,2831,0.015506405,117.7797418,235560,88.33480724,0.00033717,34472.50781,82815.99219,10.6543932,12.17679501,341.45755,390.248291,F070801030409_278,108,070801030409
137,3891,2.384165049,616.4476431,14885.87526,3.676811218,5342.914063,16593.44922,63,755.1434326,8.058477402,93.93610382,2.33648181,0.66756624,163.2992488,0.018467376,157.7464935,10.33958459,4204,2186,0.011973508,419.4364101,838872,314.5772962,0.001200728,6098.057617,17348.5918,2.444150925,2.789596319,16.98442268,19.38492584,F070801030407_665,108,070801030407
138,3896,2.864444017,873.9277312,18236.47663,4.50440979,6419.219238,20328.40234,71,1042.590698,9.681820869,112.8590927,2.807155132,0.802044332,144.7803349,0.016373087,140.4419963,9.727663368,1637,851,0.004661233,159.6698608,319340,119.7523966,0.00045709,7461.810059,21370.99219,7.543148518,8.768284798,53.60409927,62.31031799,F070801030407_582,108,070801030407
139,3904,3.125950813,835.3525869,19781.73745,4.886089325,7005.255859,22050.92188,65,1035.362305,10.56571388,123.1624603,3.06343174,0.875266254,167.7659609,0.018972513,143.23927,10.84133218,3627,1886,0.0103303,116.7094858,233419,87.53211338,0.000334106,8040.618164,23086.28516,3.714345694,4.263318062,80.03069305,91.85906219,F070801030407_612,108,070801030407
140,3905,8.687157631,1288.772729,51315.71674,12.67498207,19467.91992,57202.19531,87,3594.878418,29.3625927,342.2740173,8.513414383,2.432404041,242.9229533,0.027471954,139.7827881,12.50934963,6273,3261,0.01786167,157.2573886,314515,117.9430395,0.000450184,23062.79883,60797.07422,5.969923496,7.07230854,165.0620575,195.5418396,F070801030603_799,108,070801030603
141,3909,4.386968136,1012.947191,27797.82415,6.866062641,9831.195313,30986.54102,78,1745.902466,14.82795238,172.8465424,4.299228668,1.228351116,166.0202641,0.018775093,140.0674795,12.5503451,4417,2296,0.012576018,313.523365,627046,235.1425247,0.000897529,11577.09766,32732.44336,4.281879425,5.042289734,41.80951691,49.23438644,F070801030407_611,108,070801030407
142,3924,8.81684494,1552.778101,51594.73423,12.74389935,19758.54883,57513.21875,87,3614.424805,29.80093575,347.3836975,8.640507698,2.468716621,212.8874234,0.024075261,131.0005417,11.79866576,5174,2690,0.014734097,130.9814076,261963,98.23605919,0.000374963,23372.97266,61127.64453,7.34518528,8.688837051,201.1333618,237.9266052,F070802060602_304,108,070802060602
143,3960,5.515981674,1225.339404,28242.56749,6.975914001,12361.31445,31482.30078,87,1978.508911,18.64401817,217.3296814,5.40566206,1.54447484,215.9973669,0.024426962,137.9886644,12.35138416,5738,2984,0.016344441,147.101716,294204,110.3262837,0.000421111,14339.82324,33460.80859,4.142531872,4.805570602,112.0432434,129.9764862,F070802060602_198,108,070802060602
144,3966,11.38756275,2135.829174,68439.95294,16.90466881,25519.52734,76290.77344,86,4739.393066,38.48996353,448.6699829,11.15981102,3.18851757,515.6596988,0.058315525,134.7490011,12.08608972,12642,6576,0.036019116,374.5425683,749086,280.906932,0.00107221,30258.91992,81030.16406,3.880706787,4.601417065,90.84690857,107.7186661,F070802060602_237,108,070802060602
145,3969,9.647687912,1112.395186,49263.43483,12.16806793,21620.46875,54914.49219,61,2419.741943,32.60918427,380.1188965,9.454733849,2.701352596,169.0700417,0.01911999,138.6908962,12.41584029,4172,2171,0.011891348,46.66748919,93335,35.00061677,0.000133596,24040.21094,57334.23438,9.958760262,11.07333565,617.7167969,686.8510742,F070801030603_451,108,070801030603
146,4012,5.975191116,942.2497363,34900.48048,8.620418549,13390.40332,38903.94922,54,1517.538452,20.19614601,235.4225311,5.855687141,1.673053503,195.2483312,0.022080471,133.1249619,11.9561007,4860,2528,0.013846765,64.53118336,129063,48.39838848,0.000184735,14907.94141,40421.48828,5.296836853,5.897128582,276.6704407,308.0255737,F070801030603_726,108,070801030603
147,4018,13.3424778,2044.353478,68374.72258,16.88855553,29900.49219,76218.05469,80,4404.535645,45.09757614,525.6936035,13.07562828,3.735893726,373.7228922,0.04226401,141.8038025,12.67778206,9824,5107,0.027972875,204.2695583,408538,153.202167,0.000584766,34305.02734,80622.59375,5.85480547,6.717256069,195.170166,223.9199829,F070801030603_447,108,070801030603
148,4020,9.289328575,1986.876665,52812.23919,13.04462337,20817.38477,58870.38672,86,3657.190674,31.39793015,365.9995422,9.103542328,2.601011992,266.1740136,0.030101397,141.9726729,12.67212157,5733,2980,0.016322531,167.2369649,334475,125.4277266,0.000478752,24474.57617,62527.57813,6.985699654,8.212944984,165.9711609,195.1289215,F070802060801_256,108,070802060801
149,4028,4.558822632,1002.712621,32761.54663,8.092102051,10216.32129,36519.65625,56,1477.294189,15.40882015,179.6176147,4.467646122,1.276470304,184.6241254,0.020878988,140.9172455,12.5997344,4598,2392,0.013101844,51.18761105,102376,38.39070829,0.000146536,11693.61523,37996.94922,4.271037102,4.888635159,266.1144409,304.5949402,F070801030603_743,108,070801030603
150,4036,4.469132423,1047.329521,23640.07692,5.83909893,10015.32617,26351.85352,86,1637.049805,15.10566711,176.0838165,4.379749775,1.251357079,184.3564166,0.020848713,134.1880398,12.03487837,4590,2386,0.01306898,179.3544341,358708,134.515824,0.000513441,11652.37598,27988.90234,4.197538376,4.883644581,74.45463562,86.62457275,F070802060601_102,108,070802060601
151,4039,11.76595211,1533.07503,59767.25296,14.76251125,26367.49805,66623.21094,75,3609.434082,39.76891708,463.5785217,11.53063297,3.294466496,245.7101956,0.027787161,143.1514926,12.79199208,6915,3596,0.019696585,87.99696114,175994,65.99772197,0.00025191,29976.93164,70232.64844,7.332452297,8.336188316,399.5213318,454.2116089,F070801030603_430,108,070801030603
152,4112,7.357284546,1258.332485,42658.18015,10.53657055,16487.67383,47551.54297,88,3022.731445,24.86762238,289.8770142,7.210138798,2.060039759,185.8746683,0.021020411,136.0999527,12.20434952,5217,2714,0.014865554,144.5573035,289114,108.4179737,0.000413827,19510.40625,50574.27344,6.075045586,7.188801289,152.0751038,179.9554596,F070802060602_205,108,070802060602
153,4203,5.977594852,1344.865271,34909.23412,8.622580528,13395.79004,38913.70703,86,2417.426758,20.20427132,235.5172424,5.858042717,1.673726559,184.2565485,0.020837419,132.6999756,11.92460575,4485,2333,0.01277868,124.8978175,249795,93.67336118,0.000357547,15813.2168,41331.13281,5.741873264,6.77806139,143.0053253,168.8123169,F070802060601_26,108,070802060601
154,4272,8.619857788,1212.784517,50134.03972,12.38310814,19317.10156,55884.96875,76,3068.038818,29.13511848,339.622406,8.447460175,2.413560152,438.7791372,0.049621167,138.0207748,12.36534182,11283,5867,0.032135668,327.3672817,654735,245.5254639,0.00093716,22385.14063,58953.00781,3.292500734,3.815432072,78.67656708,91.17237854,F070801030603_443,108,070801030603
155,4308,7.998835087,1449.037336,48250.08403,11.91777039,17925.38867,53784.89844,87,3380.11792,27.03606224,315.1541138,7.838858604,2.239673853,243.7046884,0.02756036,131.0003764,11.79865424,5717,2974,0.016289667,176.9012403,353802,132.6759319,0.000506418,21305.50586,57165.01563,6.027366638,7.163922787,135.1065521,160.5830536,F070802060601_249,108,070802060601
156,4341,2.971901178,861.3034773,17319.76656,4.277982235,6660.030762,19306.5332,53,739.1498413,10.04502583,117.0929031,2.912463188,0.832132339,205.3147558,0.023218875,135.8740784,11.17032115,4970,2584,0.014153497,214.8851569,429770,161.1638701,0.000615156,7399.180664,20045.68359,2.577411175,2.863460064,41.32458878,45.91091537,F070801030409_30,108,070801030409
157,4343,4.931759357,961.8915775,28527.33529,7.046251774,11052.07227,31799.73438,86,1975.487183,16.66934586,194.3113251,4.833124161,1.380892634,151.424225,0.017124439,132.6195897,11.92067187,3690,1918,0.010505576,101.8537096,203707,76.39028002,0.000291578,13027.55957,33775.22266,5.762290001,6.792262554,144.6790314,170.5394897,F070802060601_56,108,070802060601
158,4354,8.387493134,1698.819213,50672.23944,12.51604271,18796.37305,56484.90234,86,3508.997803,28.34972763,330.4672241,8.219743729,2.348498106,400.4502381,0.045286584,131.7726718,11.85588724,9783,5088,0.027868805,329.2923373,658583,246.9692482,0.000942671,22305.37109,59993.89844,3.69425559,4.383917332,76.1081543,90.31639099,F070802060601_42,108,070802060601
159,4416,9.392474174,1757.787428,54968.13794,13.57713032,21048.53516,61273.58984,87,3850.745361,31.74656296,370.0634766,9.20462513,2.629892826,332.9761559,0.037655996,134.6125031,12.08022797,7773,4042,0.022139487,373.3672344,746734,280.0254339,0.001068845,24899.28125,65124.33594,5.207455635,6.160139084,75.16651154,88.9179306,F070802060601_172,108,070802060601
160,4439,5.469135761,1250.56392,34940.7811,8.630373001,12256.33301,38948.875,87,2447.746338,18.48567963,215.4839478,5.359753132,1.531358004,161.1145048,0.018220305,130.9999786,11.79862614,3846,2000,0.010954719,149.3368003,298674,112.0026021,0.000427509,14704.0791,41396.62109,6.128166676,7.352039337,109.4290009,131.283371,F070802060601_93,108,070802060601
161,4575,2.797635317,1110.876632,19968.52411,4.932225227,6269.500977,22259.13281,65,1045.138672,9.456007004,110.2268295,2.741682529,0.783337891,151.6952858,0.017155093,138.4801483,12.38822403,3954,2056,0.011261451,382.0362148,764073,286.5271654,0.001093662,7314.639648,23304.27148,3.049368143,3.55770421,21.88100052,25.52860832,F070802060602_156,108,070802060602
162,4620,4.598642826,1180.417674,27334.3944,6.751595497,10305.55859,30469.95117,79,1738.805908,15.54341316,181.1865234,4.506669998,1.287619948,143.1520398,0.016188945,139.4985962,6.800087631,2351,1223,0.006698811,283.6534607,567307,212.7400937,0.00081202,12044.36426,32208.75781,8.426458359,9.848213196,48.44201279,56.61539459,F070802060407_46,108,070802060407
163,4643,18.3041172,2533.504729,94159.96904,23.25751305,41019.52734,104961.1563,86,6520.476563,61.86791611,721.1821899,17.93803406,5.125152588,728.5326808,0.082389153,135.5085343,12.15007309,17508,9104,0.049865881,878.1272401,1756254,658.5954429,0.002513831,47540.00391,111481.6328,4.505660057,5.221880913,62.28334427,72.18392181,F070802060601_181,108,070802060601
164,4645,6.45810318,1092.715706,38495.10696,9.508291245,14472.60938,42910.91797,70,2169.791992,21.82838821,254.4492645,6.328941345,1.808268905,170.8980426,0.019326717,139.2169291,12.44459613,4554,2369,0.012975865,412.667356,825336,309.5005181,0.00118135,16642.40234,45080.71094,6.109163761,7.025074959,46.76118088,53.77180862,F070801030408_117,108,070801030408
165,4687,27.50860023,2660.768203,163750.8728,40.44646454,61646.77344,182534.8906,86,11339.57031,92.97907257,1083.838867,26.95842743,7.702407837,1002.392675,0.113359752,140.907196,12.59171375,24021,12492,0.068423176,564.0262929,1128053,423.0197247,0.001614648,72986.34375,193874.4688,4.934900284,5.842646599,145.7302551,172.536499,F070801030603_271,108,070801030603
166,4728,14.7741909,2544.406578,85112.01209,21.02266693,33108.96094,94875.29688,75,5140.041992,49.93676376,582.1031494,14.47870731,4.136773586,325.4061673,0.036799912,133.4787941,11.98409295,8069,4194,0.022972046,128.06862,256138,96.05146521,0.000366624,38249.00391,100015.3359,7.894363403,9.119934082,344.7002258,398.2136536,F070801030603_251,108,070801030603
167,4741,3.495539427,884.6872397,24381.92271,6.022335052,7833.503906,27178.79883,84,1649.15625,11.81492329,137.7242584,3.425628662,0.978751063,154.0545853,0.017421905,138.9329262,12.41782761,3822,1988,0.010888991,91.03485302,182069,68.27614072,0.000260607,9482.660156,28827.95508,3.940394402,4.769949913,114.732666,138.8868866,F070802060801_98,108,070802060801
168,4746,15.89254951,2350.274701,95965.20963,23.70340729,35615.20313,106973.4766,88,6800.033691,53.71681595,626.1664429,15.57469845,4.449913979,996.3078794,0.112671627,135.1770041,12.12329074,24103,12534,0.068653225,1201.565671,2403131,901.1742706,0.003439744,42415.23828,113773.5078,2.841487408,3.384014606,39.52088165,47.06663132,F070802060601_109,108,070802060601
169,4770,7.171487808,2251.866321,43513.37322,10.74780273,16071.30371,48504.83203,72,2522.724365,24.23962784,282.5566101,7.028058052,2.008016586,296.4432786,0.033524523,142.3907928,12.67997665,7395,3844,0.02105497,216.0100551,432021,162.0075402,0.000618376,18594.02734,51027.55469,4.18088007,4.837155819,99.20095825,114.7726059,F070801030603_16,108,070801030603
170,4771,4.517436981,1203.525173,31986.2667,7.900608063,10123.57617,35655.44531,67,1725.650757,15.26893711,177.9870148,4.427088261,1.264882326,229.107102,0.025909531,136.6670502,11.22086719,4851,2523,0.013819378,434.9424316,869885,326.2068161,0.001245118,11849.22656,37381.09766,4.012515545,4.696483135,31.03422546,36.32427597,F070801030407_7,108,070801030407
171,4778,5.595610619,1007.231615,30378.12168,7.503396034,12539.76367,33862.82813,87,2128.113037,18.91316414,220.4670563,5.483698368,1.56677103,177.9783177,0.02012742,145.8751373,12.94991159,4752,2472,0.013540033,155.7606845,311522,116.8205109,0.000445899,14667.87695,35990.94141,5.072720051,5.933607101,107.3421402,125.5590897,F070802060601_63,108,070802060601
172,4857,4.94375515,1205.620295,26248.45162,6.483367443,11078.95508,29259.4375,87,1838.812622,16.70989227,194.7839508,4.844880104,1.384251475,148.4257579,0.016785345,133.1253147,10.75544531,3611,1878,0.010286481,63.70154537,127404,47.77615935,0.00018236,12917.76758,31098.25,5.899337292,6.878470421,231.8929596,270.3810425,F070801030407_444,108,070801030407
173,4958,9.765017509,1369.432611,62836.1638,15.52053261,21883.4043,70044.16406,88,4452.530273,33.00576019,384.7416992,9.569717407,2.734205008,396.6972717,0.044862164,131.0000629,11.79863191,9683,5035,0.027578505,362.781014,725562,272.0857568,0.00103854,26335.93359,74496.69531,4.34625721,5.230572701,80.4283371,96.79277039,F070802060601_130,108,070802060601
174,5010,7.630419731,1136.500309,44120.87797,10.89785671,17099.77148,49182.02734,84,2984.269043,25.79081917,300.6385498,7.477811337,2.136517525,182.3156548,0.020617925,141.0591927,12.6068269,4963,2580,0.014131588,131.6071999,263214,98.70540333,0.000376754,20084.04102,52166.29688,6.627818584,7.784512043,173.2404785,203.4745789,F070801030603_130,108,070801030603
175,5033,5.178691387,981.2045463,29325.30988,7.24335146,11605.44727,32689.24609,81,1912.679443,17.50397682,204.0404358,5.075117588,1.450033545,147.2897713,0.016656877,134.7770106,12.08325307,2817,1465,0.008024332,76.04990119,152100,57.03742681,0.000217709,13518.12695,34601.92578,7.921806812,9.227390289,203.4707336,237.0045013,F070801030603_377,108,070801030603
176,5057,3.204710484,791.9770426,19230.20477,4.749860764,7181.756348,21436.12109,80,1238.763672,10.83192158,126.2655945,3.140616179,0.897318959,196.0048417,0.022166024,133.4284123,11.98791272,4599,2393,0.013107321,479.5616417,959123,359.6712332,0.00137285,8420.519531,22674.88477,3.0011518,3.518812895,19.96755791,23.41171265,F070802060601_327,108,070802060601
177,5059,11.89603233,1965.659405,72749.88707,17.96922302,26659.00781,81095.10156,88,5155.010742,40.20858765,468.7036743,11.65811157,3.330888987,660.3543276,0.07467892,131.7092692,11.85118564,16185,8416,0.046097458,314.6239181,629248,235.9679366,0.00090068,31814.01953,86250.10938,3.167657852,3.780182838,112.9772491,134.8234863,F070802060601_261,108,070802060601
178,5081,10.18933964,2126.144674,60954.98995,15.05588245,22834.31055,67947.19531,71,3484.834473,34.43996811,401.4599915,9.985552788,2.853015184,718.308285,0.081232885,138.0016147,11.96714767,18233,9482,0.051936323,850.9900392,1701980,638.2425268,0.002436145,26319.14453,71432.03125,2.408174515,2.775695562,35.77685547,41.23690033,F070801030603_321,108,070801030603
179,5095,2.91297245,908.2288799,23774.26308,5.872242928,6527.971191,26501.43164,43,823.1710205,9.84584713,114.7711182,2.854712963,0.815632284,186.3839307,0.021078003,135.5331757,12.14023495,4640,2412,0.013211391,127.2207928,254442,95.41559505,0.000364197,7351.14209,27324.60352,2.706455708,3.047737122,68.41618347,77.04340363,F070801030408_51,108,070801030408
180,5135,19.07958603,3839.804484,120185.1647,29.6857357,42757.35156,133971.7188,83,8032.366211,64.48899841,751.7357178,18.69799423,5.342284203,1086.380356,0.122857849,138.8500151,11.65216412,26876,13975,0.0765461,1945.598026,3891197,1459.198541,0.005569699,50789.71875,142004.0781,3.059560061,3.634326935,29.30194283,34.80658722,F070802060602_207,108,070802060602
181,5162,11.45738697,2208.324471,62030.0915,15.32143307,25676.00391,69145.625,83,4145.67334,38.72596741,451.421051,11.22823906,3.208068371,221.169497,0.025011874,134.4005737,11.07152656,5455,2836,0.015533792,73.40540635,146810,55.05405402,0.000210139,29821.67773,73291.29688,9.053598404,10.51540089,466.3780823,541.6799316,F070801030407_107,108,070801030407
182,5165,20.46266365,2680.765889,128711.9741,31.79185677,45856.82813,143476.6563,89,9224.088867,69.1638031,806.2289429,20.05340958,5.729545593,673.9507356,0.076216527,132.1346936,11.88889906,15918,8276,0.045330628,215.7117147,431423,161.7837856,0.000617522,55080.91797,152700.75,5.540941238,6.655499935,283.4451294,340.4600525,F070802060601_230,108,070802060601
183,5167,8.86076355,1792.614227,69063.72802,17.05874062,19856.9707,76986.09375,87,4838.200195,29.94938087,349.1140747,8.683547974,2.481013775,216.0181009,0.024429307,133.3173967,11.97035642,5234,2725,0.014925805,132.8912216,265781,99.66841546,0.00038043,24695.17188,81824.29688,7.286961555,9.062448502,199.2303314,247.7733002,F070802060601_211,108,070802060601
184,5180,3.965475559,1046.648959,24143.89441,5.963541985,8886.630859,26913.46484,87,1691.379395,13.40330696,156.2397308,3.886166096,1.110333204,152.8018209,0.017280231,139.2571934,12.44228363,3923,2041,0.011179291,109.3377115,218676,82.00328099,0.000313003,10578.00977,28604.84375,4.354057312,5.182758331,108.3692093,128.9949646,F070802060601_220,108,070802060601
185,5202,4.285514832,1034.204859,28495.33775,7.038348198,9603.838867,31764.06445,76,1743.821167,14.48503971,168.8492889,4.199804306,1.199944139,146.6585562,0.016585494,137.3747559,12.28734362,3618,1882,0.010308391,348.1964284,696392,261.1473245,0.000996788,11347.66016,33507.88672,5.102996349,6.029574871,36.77555847,43.4530983,F070802060602_167,108,070802060602
186,5226,1.509645581,863.12729,12132.21522,2.996657133,3383.115723,13523.91406,76,742.4517212,5.102602005,59.48003769,1.47945261,0.422700763,192.0728168,0.021721355,132.7011169,8.846205541,3582,1863,0.010204321,507.3561711,1014712,380.5171328,0.001452418,4125.567383,14266.36621,1.815950513,2.214475155,8.890836716,10.84200191,F070802060406_150,108,070802060406
187,5251,11.54686451,1789.27056,59500.24027,14.69655895,25876.52344,66325.57031,75,3593.308594,39.02840042,454.9464722,11.31592751,3.23312211,450.2490697,0.050918292,138.6774834,11.87383344,11493,5977,0.032738178,687.3667885,1374734,515.5250902,0.001967737,29469.83203,69918.875,4.329349518,4.930539131,50.19449997,57.16469193,F070801030603_47,108,070801030603
188,5299,11.59117508,2636.454839,73554.66215,18.16800117,25975.82422,81992.1875,78,4619.759277,39.17817307,456.6922913,11.35935116,3.245528936,518.6420278,0.058652795,145.9106607,12.28878747,11405,5931,0.03248622,789.0213008,1578045,591.7659703,0.002258745,30595.58398,86611.94531,4.379670143,5.158587933,43.89543533,51.70216751,F070801030607_291,108,070801030607
189,5303,8.395406723,1685.298508,51848.92855,12.80668545,18814.10742,57796.57031,79,3298.233887,28.37647438,330.7790222,8.227499008,2.350713968,641.9676939,0.072599591,138.7529289,12.39675723,14761,7677,0.042049689,450.3944472,900789,337.7958359,0.001289352,22112.3418,61094.80469,2.450710773,2.880336285,55.69668198,65.46067047,F070801030605_45,108,070801030605
190,5305,11.60227966,2229.628132,67857.249,16.76074028,26000.70898,75641.21875,87,4753.681152,39.21570587,457.1298218,11.37023449,3.248638391,288.1783075,0.032589845,140.7139675,12.54645933,7664,3986,0.021832755,293.5050759,587010,220.1288123,0.000840222,30754.39063,80394.89844,6.52300787,7.715602398,118.1158829,139.7108765,F070801030303_11,108,070801030303
191,5315,4.919545174,1041.740318,27180.79652,6.713656902,11024.70117,30298.73438,86,1882.240723,16.6280632,193.8300781,4.821154118,1.377472639,145.0715768,0.016406024,130.99935,11.79858189,3494,1817,0.009952362,112.8345041,225669,84.62587857,0.000323013,12906.94141,32180.97461,6.067529678,7.10343504,130.2757721,152.5176697,F070802060601_240,108,070802060601
192,5341,5.12785244,1406.010281,36765.18253,9.081000328,11491.51758,40982.55469,86,2545.949219,17.33214188,202.037384,5.025295258,1.435798645,400.8810664,0.045335306,140.7869485,12.55613813,9772,5083,0.027841419,257.3683007,514737,193.0262284,0.000736773,14037.4668,43528.50391,2.260774612,2.761650085,59.53345108,72.72310638,F070801030605_43,108,070801030605
193,5363,3.852618694,1296.001163,25831.37997,6.380351067,8633.71875,28794.52344,74,1539.195923,13.02185154,151.7931824,3.775566339,1.078733206,187.947945,0.021254876,140.405217,11.49507679,4817,2505,0.013720786,321.7801481,643560,241.3351114,0.000921166,10172.91504,30333.71875,3.446594238,4.061043739,35.77481461,42.15265274,F070801030603_227,108,070801030603
194,5372,6.707705021,1740.964216,36169.21161,8.933794975,15031.9668,40318.21484,86,2504.678711,22.67204285,264.2835693,6.573550701,1.878157377,328.7349131,0.037176357,130.9997584,11.79861069,8050,4186,0.022928227,275.3270869,550654,206.4953139,0.000788184,17536.64453,42822.89453,3.591009855,4.18935585,72.79567719,84.92514801,F070802060601_265,108,070802060601
195,5375,1.623745918,721.8948949,13044.48431,3.221987724,3638.814697,14540.83105,54,567.1986694,5.488261223,63.97558975,1.591271043,0.454648852,149.1892281,0.016871685,133.8323631,12.01206088,3429,1784,0.009771609,166.6518097,333304,124.9888573,0.000477077,4206.013184,15108.0293,2.039694309,2.35763073,29.1131134,33.65110397,F070802060406_134,108,070802060406
196,5377,6.352525711,1153.028798,37393.93049,9.236300468,14236.00977,41683.42578,92,2770.151611,21.47153664,250.2895203,6.225475311,1.778707147,203.6719927,0.023033096,131.0003967,11.79865551,4540,2360,0.012926569,63.39580232,126792,47.54685182,0.000181484,17006.16211,44453.57813,6.032207489,7.206000805,299.4101563,357.6716614,F070802060601_170,108,070802060601
197,5388,2.439200401,704.7364192,15830.82599,3.910213947,5466.248047,17646.79492,80,1019.783813,8.244497299,96.10449219,2.390416384,0.682976127,161.8008013,0.018297918,133.1273384,7.325017129,984,511,0.002798931,87.63191414,175264,65.72393703,0.000250865,6486.031738,18666.57813,10.69715881,12.6928215,83.16982269,98.68598938,F070802060302_187,108,070802060302
198,5427,9.985375404,1791.59878,63750.73575,15.74643135,22377.22656,71063.64844,77,3952.669189,33.75056839,393.4237976,9.785667419,2.795905113,342.9950838,0.038789028,145.7338911,12.96255003,9355,4865,0.026647354,331.0021883,662004,248.2516403,0.000947566,26329.89648,75016.32031,4.599635601,5.412106037,90.13928986,106.0613174,F070801030303_614,108,070801030303
199,5436,5.156527519,970.4394105,28316.81073,6.994252205,11555.77832,31565.06055,76,1732.895996,17.4290638,203.1671906,5.053397179,1.443827748,144.9808466,0.016395763,139.1473312,9.381852161,2276,1183,0.006479716,328.779262,657558,246.5844428,0.000941202,13288.67383,33297.95703,9.768198013,11.23302937,46.8633728,53.89096451,F070801030303_344,108,070801030303
200,5445,14.59255791,2583.909643,90029.54958,22.23729897,32701.92188,100356.9297,85,6161.955566,49.32284546,574.9467773,14.30070686,4.085916042,490.4742793,0.055467327,134.6724487,12.07966267,11567,6014,0.03294084,257.6146573,515228,193.2109928,0.000737478,38863.87891,106518.8828,5.437632561,6.462234497,169.2549744,201.1473541,F070802060601_219,108,070802060601
201,5504,8.238694191,1658.815249,41950.94916,10.36188412,18462.91406,46763.18359,73,2465.921143,27.8467865,324.6045532,8.07392025,2.306834459,399.7297549,0.045205105,138.9830073,10.61285462,9705,5046,0.027638756,496.6615964,993322,372.4961959,0.001421802,20928.83594,49229.10547,3.658920765,4.147609234,49.56537628,56.18536758,F070801030302_9,108,070801030603
202,5523,3.165332317,993.0566255,20959.0368,5.176882267,7093.509766,23363.26953,77,1299.500854,10.69882298,124.7140961,3.102025747,0.886293054,168.2778576,0.019030403,150.8331112,12.20264391,3618,1882,0.010308391,423.0399702,846080,317.2799823,0.001211044,8393.010742,24662.76953,3.769133806,4.459623337,22.35725594,26.45301056,F070801030303_176,108,070801030303
203,5537,6.348676682,1244.747026,35657.99071,8.807523727,14227.38477,39748.35547,76,2182.1521,21.45852661,250.1378632,6.221703053,1.777629495,263.1038129,0.029754191,150.3729162,12.03502383,5624,2925,0.016021277,732.9781593,1465958,549.7336243,0.00209831,16409.53711,41930.50781,4.864063263,5.610098362,25.88050652,29.8499794,F070801030303_465,108,070801030303
204,5551,5.682451248,1302.302673,33013.61832,8.154363632,12734.37305,36800.64453,70,1860.825806,19.20668602,223.8885803,5.568802357,1.591086388,436.115359,0.049319922,145.7811025,12.96879315,11880,6178,0.033839127,431.3516132,862702,323.5137095,0.001234838,14595.19922,38661.46875,2.061245203,2.362447262,39.36270142,45.11462402,F070801030303_469,108,070801030303
205,5552,12.00622368,1746.359436,93872.4931,23.18650627,26905.94727,104640.7031,79,5971.452148,40.58103561,473.0452271,11.76609898,3.361742735,563.6359213,0.063741116,140.2548513,11.18966331,12665,6588,0.036084845,1044.776226,2089554,783.582163,0.0029909,32877.39844,110612.1563,4.084084511,4.990497589,34.33710861,41.95781708,F070801030303_10,108,070801030303
206,5559,7.138618946,1420.32912,42131.81698,10.40655899,15997.64551,46964.80078,91,3087.209717,24.12853241,281.2615967,6.995846748,1.998813272,358.5526617,0.040548422,133.4286608,11.98792989,9135,4749,0.026011981,152.3256212,304651,114.2442173,0.000436065,19084.85547,50052.01172,3.368634462,4.018710136,140.0302429,167.0531464,F070802060601_33,108,070802060601
207,5591,8.477972984,1277.169398,50416.25731,12.45281601,18999.13672,56199.55859,94,3816.040527,28.6555481,334.032135,8.308413506,2.373832464,229.777797,0.025985379,131.0002117,11.79864252,5617,2921,0.015999367,90.32962331,180660,67.74721862,0.000258588,22815.17773,60015.59766,6.504326344,7.810741901,280.4415894,336.7692261,F070801030303_713,108,070801030303
208,5610,3.244892597,1426.786838,25020.64748,6.180099964,7271.804199,27890.79102,72,1450.593262,10.9677372,127.8487701,3.179994822,0.908569932,191.9444649,0.02170684,140.8031311,11.51889194,3162,1644,0.009004779,202.8978906,405795,152.1734169,0.000580839,8722.397461,29341.38477,4.423238754,5.305594444,47.78629684,57.31879807,F070801030605_64,108,070801030605
209,5648,1.966004491,841.8831258,14887.42626,3.677194357,4405.815918,16595.17773,40,479.506134,6.645095348,77.46057892,1.92668438,0.55048126,213.8328333,0.024182177,133.1254654,11.95613527,5208,2708,0.01483269,247.5417822,495084,185.6563333,0.000708642,4885.322266,17074.68359,1.626963019,1.804033279,23.73102951,26.31379318,F070801030303_421,108,070801030303
210,5649,4.503094196,1063.108322,31759.58611,7.844617844,10091.43457,35402.76172,77,1969.156006,15.22045803,177.4219055,4.413032532,1.260866404,185.9469849,0.021028589,141.6855403,12.65118326,4770,2481,0.013589329,135.3634637,270727,101.5225964,0.000387507,12060.59082,37371.91797,4.067486763,4.861181259,99.40087128,118.7971039,F070801030303_98,108,070801030303
211,5662,6.680207729,1076.954405,39301.165,9.707387924,14970.3457,43809.44141,79,2500.040771,22.57910156,263.2001953,6.54660368,1.870458126,167.1185377,0.018899296,139.4988963,10.84618723,2940,1529,0.008374883,175.8257259,351652,131.8692964,0.000503339,17470.38672,46309.48047,9.790939331,11.42602158,113.5241165,132.4825897,F070801030302_175,108,070801030302
212,5715,4.48951149,1017.70337,26196.73612,6.470593929,10060.99512,29201.79102,83,1750.813354,15.1745491,176.8867493,4.399721146,1.25706327,149.5916675,0.016917197,143.591807,12.84977415,3724,1937,0.010609645,106.1498601,212299,79.61239691,0.000303877,11811.80859,30952.60352,5.194112301,6.09799099,126.374733,148.3664551,F070801030302_90,108,070801030302
213,5722,3.568243027,989.7709032,21510.62818,5.313125134,7996.432617,23978.13281,78,1351.021484,12.06066132,140.5887756,3.496878147,0.999108076,219.4143674,0.024813388,138.5547926,11.25789665,4248,2210,0.012104965,197.4263968,394853,148.0698001,0.000565176,9347.454102,25329.1543,3.618295193,4.229617119,54.00448227,63.12870026,F070801030302_77,108,070801030302
214,5760,5.38612318,1517.600729,39624.38509,9.787222862,12070.30176,44169.73828,76,2424.882568,18.2050972,212.2132568,5.278400898,1.508114457,277.5445677,0.031387284,145.2470463,11.46473007,6701,3484,0.019083121,773.5947326,1547189,580.1960471,0.002214584,14495.18457,46594.62109,3.46449542,4.160500526,20.80383301,24.98325348,F070801030303_185,108,070801030303
215,5792,10.6166687,1762.543916,67595.28925,16.69603729,23791.95508,75349.21875,88,4789.758789,35.88433838,418.2967529,10.40433502,2.972667217,526.0671227,0.059492492,142.3660646,12.69463663,13763,7157,0.039201462,484.4679018,968934,363.3509238,0.001386895,28581.71484,80138.97656,3.324291706,3.993532896,65.47927856,78.66146088,F070802060603_324,108,070802060603
216,5795,14.95109749,2688.216465,98003.05614,24.20675468,33505.41016,109245.0859,75,5918.551758,50.53470993,589.0732422,14.65207577,4.18630743,915.9442267,0.103583369,144.1207076,12.84673317,24878,12937,0.070860601,806.3242146,1612646,604.7431573,0.002308279,39423.96094,115163.6406,2.589890242,3.047380447,55.40436554,65.19124603,F070801030606_6,108,070801030606
217,5813,9.324584961,1660.587819,59243.52599,14.63315105,20896.39453,66039.41406,83,3959.437988,31.51709747,367.3886414,9.138092995,2.610883713,271.5618309,0.030710701,144.883754,11.86842896,6485,3373,0.018475134,174.9044109,349810,131.1783098,0.000500702,24855.83203,69998.85156,6.195195675,7.369057655,159.2976379,189.4812622,F070801030302_271,108,070801030302
218,5847,6.724343777,1471.61554,40948.20293,10.11420631,15069.25488,45645.41406,86,2835.618896,22.72828102,264.9391479,6.589857101,1.882816315,278.9358666,0.031544625,134.6333435,12.09279871,6548,3405,0.018650409,173.3045715,346608,129.9784269,0.000496122,17904.87305,48481.03125,4.425625324,5.258406162,115.9365845,137.752655,F070801030303_31,108,070801030303
219,5867,7.040180683,1647.304779,44625.83384,11.0225811,15777.04492,49744.91016,75,2695.020996,23.7958107,277.3831177,6.899376869,1.971250534,369.418356,0.041777214,144.1081919,12.85851148,9778,5086,0.027857851,254.8363033,509673,191.1272308,0.000729524,18472.06641,52439.92969,3.102053642,3.631943941,82.54734039,96.64801025,F070801030605_149,108,070801030605
220,5906,16.14931679,2527.327792,90639.33076,22.38791466,36190.61719,101036.6563,88,6422.64502,54.58469009,636.2830811,15.82633018,4.521808624,524.2820841,0.059290624,139.6218589,11.7159871,12182,6335,0.034699073,189.742965,379485,142.3072233,0.000543181,42613.26172,107459.3047,5.712804794,6.726639748,254.3132782,299.4455261,F070802060601_158,108,070802060601
221,5918,7.427920818,1303.901853,41399.57395,10.22569466,16645.9707,46148.55859,89,2966.883057,25.10637283,292.6600952,7.279362202,2.079817772,152.6689194,0.017265201,132.5482309,11.93963487,3959,2058,0.011272406,65.25993483,130520,48.94495119,0.000186821,19612.85352,49115.44141,8.088420868,9.530055046,340.0957642,400.7124939,F070801030303_533,108,070801030303
222,5921,4.360638142,909.5011277,24462.92982,6.042343616,9772.19043,27269.09766,72,1418.258911,14.73895645,171.8091431,4.273425579,1.220978737,154.2915601,0.017448704,133.1770096,11.96724284,3780,1966,0.010768489,82.00972392,164018,61.5072934,0.000234771,11190.44922,28687.35742,4.97059536,5.691988468,158.8785706,181.9369507,F070801030303_399,108,070801030303
223,5929,7.438243389,1447.000545,39980.10649,9.875085831,16669.10352,44566.26172,87,2800.771729,25.14126205,293.066803,7.289478302,2.08270812,229.4995522,0.025953913,142.6565421,12.73116125,5958,3098,0.01696886,175.4920866,350984,131.6190636,0.000502384,19469.875,47367.03516,5.380601406,6.284659386,126.6465759,147.9259491,F070802060603_323,108,070802060603
224,5946,3.230967999,1627.110246,24988.51241,6.172162533,7240.599121,27854.96875,74,1488.972534,10.92067146,127.3001404,3.166348696,0.904671013,305.0755096,0.034500735,135.5333282,11.16606091,6338,3297,0.018058854,95.65597484,191311,71.74198155,0.000273836,8729.571289,29343.94141,2.196117401,2.647731781,100.9255524,121.6800995,F070801030605_287,108,070801030605
225,5963,15.59309292,3549.326739,98299.85908,24.28006554,34944.12109,109575.9375,71,5619.86377,52.70465469,614.3678589,15.28123093,4.366065979,1413.691824,0.15987323,139.465444,12.45922302,35503,18461,0.101117535,1571.204533,3142405,1178.403395,0.004497916,40563.98438,115195.8047,1.892861724,2.19727993,29.65378571,34.42283249,F070801030606_57,108,070801030606
226,5990,6.422836304,1625.523578,43830.06563,10.82602596,14393.57617,48857.85547,75,2646.963623,21.70918655,253.0597534,6.294379711,1.798394203,185.0880258,0.020931451,148.094251,13.18335342,5366,2791,0.015287311,175.9123516,351824,131.934262,0.000503587,17040.53906,51504.82031,5.157139301,6.105531693,109.0965729,129.159317,F070801030606_32,108,070801030606
227,5995,11.76148415,1857.926218,68637.14687,16.95337486,26357.48633,76510.57813,87,4808.316406,39.7538147,463.4024658,11.52625465,3.293215513,362.0769987,0.040946986,139.6698715,12.47809944,9405,4890,0.026784288,450.5393767,901077,337.9045302,0.001289767,31165.80273,81318.89063,5.390079021,6.373374939,78.00276184,92.23256683,F070801030302_68,108,070801030302
228,6008,6.129737377,1193.049975,34777.24128,8.589978218,13736.74121,38766.57031,88,2464.293213,20.71851158,241.5116577,6.007142544,1.716326475,285.3278251,0.032267486,145.16647,12.92149268,7829,4073,0.022309285,236.0267006,472054,177.0200263,0.000675678,16201.03418,41230.86328,3.372634649,3.97766614,77.59992981,91.52091217,F070802060603_481,108,070802060603
229,6014,7.419430256,1796.338882,47778.27318,11.80123329,16626.94336,53258.96484,68,2616.097412,25.07767487,292.3255615,7.27104187,2.0774405,355.4905042,0.040202125,141.1534004,12.58487169,8810,4580,0.025086307,439.6180909,879237,329.7135748,0.001258503,19243.04102,55875.0625,3.630337,4.201537132,50.42844772,58.36290359,F070801030605_83,108,070801030605
230,6015,9.341446877,1267.701241,52091.05291,12.86649036,20934.18164,58066.47266,86,3607.249023,31.57409096,368.053009,9.154618263,2.615605116,222.2893574,0.025138518,137.1301963,12.28606155,5592,2907,0.015922684,195.3540569,390707,146.5155459,0.000559244,24541.42969,61673.72266,7.201301098,8.442184448,142.8802795,167.5005188,F070801030303_524,108,070801030303
231,6026,3.667256355,1162.266994,27275.21443,6.736978054,8218.321289,30403.98242,83,1822.891357,12.39532661,144.4898987,3.593911171,1.026831746,188.2535123,0.021289433,130.9997711,11.79861145,4489,2335,0.012789635,70.0239853,140048,52.51798921,0.000200459,10041.21289,32226.87305,3.519623756,4.300305367,156.4858398,191.1956787,F070801030605_246,108,070801030605
232,6030,8.520971298,1644.133264,52112.88467,12.87188244,19095.49609,58090.80469,84,3524.83667,28.80088234,335.7262573,8.350551605,2.385871887,278.4679917,0.031491713,133.015754,11.96601599,7102,3692,0.020222411,164.8545443,329708,123.6409084,0.000471932,22620.33203,61615.64063,5.172127724,6.126850605,154.4431915,182.9518433,F070801030303_28,108,070801030303
233,6036,6.879603863,1662.51505,44790.43143,11.06323624,15417.19238,49928.38672,86,3101.689209,23.25306129,271.0563965,6.742012024,1.926289082,204.177456,0.023090258,143.6281455,12.82824435,5446,2832,0.015511882,147.7774492,295555,110.833089,0.000423045,18518.88086,53030.07422,5.44392395,6.539152622,139.1027985,167.0880127,F070801030605_158,108,070801030605
234,6047,4.388248444,1038.000239,23911.39065,5.906113625,9834.064453,26654.29102,82,1578.822144,14.83228016,172.8969879,4.300483704,1.228709579,156.6888835,0.017719815,152.7224731,13.58547688,4422,2300,0.012597927,93.26840401,186537,69.95130157,0.000267001,11412.88672,28233.11328,4.275680065,4.962124825,140.5844421,163.1547394,F070801030302_114,108,070801030302
235,6071,5.323333263,1043.380427,32577.22221,8.046573639,11929.58984,36314.1875,81,2124.77832,17.99286652,209.7393341,5.216866493,1.490533352,285.0667338,0.032237959,133.9996482,12.03243693,6777,3526,0.01931317,230.1967601,460394,172.6475682,0.000658988,14054.36816,38438.96484,3.383321047,3.985924006,69.09793091,81.40496063,F070801030302_186,108,070801030302
236,6081,9.025749207,2306.492096,56526.8003,13.96212006,20226.70313,63011.04688,81,3686.837158,30.50703239,355.6145325,8.845233917,2.527209759,514.3009844,0.05816187,139.409937,11.89784047,12774,6642,0.036380622,1312.395976,2624791,984.2969795,0.00375702,23913.54102,66697.88281,3.045273066,3.600352526,20.54939079,24.29504585,F070801030303_131,108,070801030303
237,6099,6.04051733,1215.583778,37362.18374,9.228459358,13536.7998,41648.03516,85,2557.206055,20.41694832,237.9963837,5.919706821,1.691344857,258.6939533,0.029255483,152.7222214,13.58545224,7346,3820,0.020923513,175.9875498,351975,131.9906616,0.000503803,16094.00586,44205.24219,3.543664932,4.21309042,102.5587692,121.9329147,F070801030302_267,108,070801030302
238,6119,12.85970974,2005.327809,68100.07271,16.82071877,28818.60938,75911.90625,83,4551.350098,43.46582031,506.6725769,12.60251522,3.600718737,385.2898493,0.043572108,134.0357644,12.03291832,9537,4959,0.027162226,185.2607732,370522,138.9455805,0.000530349,33369.96094,80463.25781,5.811375141,6.729171276,207.4093323,240.1656952,F070801030301_35,108,070801030301
239,6127,5.504183292,1437.709042,34503.67354,8.522407532,12334.875,38461.625,73,2028.162598,18.60413933,216.8648224,5.394099712,1.541171312,157.4742511,0.017808632,131.0016581,9.136558384,3528,1834,0.010045477,52.91855508,105838,39.68891656,0.000151491,14363.03711,40489.78906,6.725667953,7.831535816,310.7889099,361.8903809,F070801030606_67,108,070801030606
240,6167,5.230344772,1382.650068,41770.72241,10.31736851,11721.20215,46562.28516,81,2724.404297,17.67856598,206.0755768,5.125737667,1.464496493,157.4123071,0.017801627,141.1996787,12.58901146,4020,2091,0.011453159,177.4412757,354883,133.0809582,0.000507964,14445.60645,49286.6875,5.605548382,6.90846777,88.07572937,108.5475082,F070801030606_347,108,070801030606
241,6185,5.753308773,1175.687338,38344.43497,9.471075058,12893.16504,42742.96094,57,1759.915161,19.44618416,226.6803589,5.638242722,1.610926509,213.4297856,0.024136597,133.8343124,10.81863248,4917,2557,0.014005608,75.18059316,150362,56.38544449,0.000215221,14653.08008,44502.875,5.042301655,5.730575085,228.6612244,259.8734436,F070801030606_61,108,070801030606
242,6192,2.882807016,877.7074725,18739.52701,4.628663063,6460.370605,20889.15625,78,1176.976563,9.743887901,113.5825958,2.825150967,0.807185948,159.0613446,0.017988115,133.124155,11.96419978,3677,1913,0.010478189,132.9792891,265958,99.73446518,0.000380682,7637.347168,22066.13281,3.377088547,3.992340326,64.77571106,76.57681274,F070801030302_166,108,070801030302
243,6208,11.12957191,1770.314861,62924.32979,15.54230976,24941.37109,70142.44531,88,4458.777832,37.61795425,438.505127,10.90698051,3.116280079,275.2497029,0.031127759,143.9221771,11.74926293,7163,3725,0.020403164,166.1891663,332379,124.6418761,0.000475753,29400.14844,74601.22656,6.695670128,7.89265728,200.1042633,235.8769684,F070802060502_374,108,070802060502
244,6211,8.117987633,1236.643161,43970.3344,10.86067295,18192.41016,49014.21875,90,3186.521484,27.4387989,319.8487244,7.955627918,2.27303648,152.4297497,0.017238153,136.8746204,12.26563621,3824,1989,0.010894468,83.45446944,166910,62.59085321,0.000238907,21378.93164,52200.74219,9.146511078,10.74858284,290.6560364,341.5663757,F070802060603_335,108,070802060603
245,6226,17.85351563,2094.037456,104058.1087,25.70235252,40009.72656,115994.7188,83,6954.54248,60.34488297,703.4285278,17.4964447,4.998984337,524.328839,0.059295911,135.4996921,12.14743558,13305,6918,0.037892373,268.2264643,536451,201.1698505,0.000767857,46964.26953,122949.2578,5.783423901,6.788706303,198.8852997,233.4558105,F070801030301_53,108,070801030301
246,6229,3.419818878,827.8992481,21994.12776,5.432549477,7663.813965,24517.0957,59,1533.096924,11.55898762,134.74086,3.351422548,0.957549274,152.9473483,0.017296688,132.7010818,7.884177282,3665,1907,0.010445325,321.3591402,642717,241.019343,0.000919961,9196.911133,26050.19336,4.018780231,4.822711468,31.79750633,38.15839386,F070802060302_253,108,070802060302
247,6261,13.10630703,2228.160497,75311.76623,18.60200691,29371.23438,83950.85938,88,5336.543945,44.29931641,516.3884888,12.84418106,3.669765949,280.759621,0.031750871,141.6955242,12.64825976,7583,3944,0.021602706,164.8868198,329774,123.6651171,0.000472024,34707.77734,89287.40625,7.447067738,8.800146103,237.5062256,280.6593933,F070802060603_412,108,070802060603
248,6270,12.80020714,1750.824645,75706.57347,18.69952393,28685.26367,84390.95313,89,5425.47998,43.26470184,504.3281555,12.5442028,3.584058046,359.7114951,0.040679473,132.8887787,11.9458491,9093,4728,0.025896956,198.7930784,397586,149.0948107,0.000569089,34110.74219,89816.42969,6.067102909,7.214623928,192.3961182,228.7855835,F070801030301_6,108,070801030301
249,6310,3.826161861,1092.48788,25296.44429,6.248221874,8574.428711,28198.22461,71,1446.213379,12.93242741,150.7507782,3.749638557,1.071325302,172.4667304,0.019504119,139.8151584,11.34921039,3794,1972,0.010801353,564.6383662,1129277,423.4787703,0.0016164,10020.64258,29644.4375,4.348087788,5.081461906,20.24760056,23.66267967,F070802060603_552,108,070802060603
250,6318,14.15097046,2109.64714,83425.20905,20.6060257,31712.32422,92994.99219,87,5844.28125,47.8302803,557.5482178,13.86795139,3.96227169,318.2337086,0.035988785,136.3809651,12.23445552,8068,4197,0.022988478,187.2531173,374507,140.4398382,0.000536053,37556.60547,98839.27344,7.555950642,8.948440552,225.8071899,267.4212952,F070802060603_336,108,070802060603
251,6338,15.18035603,2997.318587,93015.68892,22.9748745,34019.17969,103685.6094,77,5767.152832,51.30960464,598.1060181,14.87674904,4.250499725,463.579001,0.052425763,136.4182701,12.2232697,11183,5814,0.031845368,347.5608748,695119,260.6706518,0.000994969,39786.33203,109452.7656,5.851252079,6.843194485,130.5063629,152.630661,F070801030606_37,108,070801030606
252,6343,3.437640429,843.1308189,23259.85247,5.745183468,7703.752441,25928.01367,81,1517.072998,11.61922455,135.4430389,3.368887663,0.962539315,166.6281728,0.018843841,138.6808438,12.42203776,4225,2196,0.012028282,169.1477826,338297,126.8608382,0.000484222,9220.825195,27445.08594,3.508084059,4.198918343,60.72600937,72.68457031,F070801030303_35,108,070801030303
253,6348,12.12233829,2030.440554,80011.79419,19.76291275,27166.16016,89190.02344,86,5540.72998,40.97350311,477.6201172,11.8798914,3.394254684,444.8389605,0.050306467,132.4174445,11.90467174,11006,5722,0.031341451,215.0537533,430105,161.2903169,0.000615638,32706.89063,94730.75,4.747668743,5.715989113,168.4302063,202.7827301,F070801030302_262,108,070801030302
254,6381,21.70915985,2199.247231,126224.3491,31.17741394,48650.22656,140703.6719,89,9045.814453,73.37696075,855.3408813,21.27497673,6.078564644,494.4181585,0.055913337,141.0952902,12.58966273,12935,6729,0.036857152,321.652063,643303,241.2390474,0.000920799,57696.03906,149749.4844,7.229934216,8.57423687,201.6681213,239.1654205,F070802060502_377,108,070802060502
255,6383,5.174746513,1322.301511,28513.58786,7.042856216,11596.60742,31784.41016,86,1974.535278,17.49064255,203.8850098,5.071251392,1.448929071,220.5281592,0.024939346,134.3999252,12.06910737,5338,2777,0.015210627,161.3024864,322605,120.9768659,0.000461764,13571.14258,33758.94531,4.175948143,4.88697958,95.85805511,112.1796494,F070802060502_286,108,070802060502
256,6385,18.29803848,4661.996062,117651.3259,29.0598774,41005.90234,131147.2344,76,7199.875,61.84737015,720.942688,17.93207741,5.123450756,1370.254929,0.154960988,138.3008206,12.2026459,33895,17624,0.096532985,1829.075228,3658147,1371.806428,0.005236127,48205.77734,138347.1094,2.326708078,2.735234737,29.89190102,35.1403656,F070801030303_562,108,070801030303
257,6403,13.14126587,2637.623779,81675.52841,20.17385483,29449.57617,91044.60938,87,5721.709473,44.41748047,517.7658691,12.87844086,3.679554462,607.7528368,0.068730262,133.6564007,12.00364012,15086,7844,0.042964408,445.7837555,891566,334.3378183,0.001276153,35171.28516,96766.32031,3.754407883,4.483845711,88.0832901,105.196846,F070802060502_551,108,070802060502
258,6410,13.83037472,1959.458642,77322.76795,19.09872437,30993.86914,86192.54688,87,5416.780273,46.74666595,544.916748,13.5537672,3.87250495,440.0451563,0.04976434,142.6765381,11.98844852,11361,5908,0.03236024,268.0611522,536123,201.0458649,0.000767383,36410.64844,91609.32813,5.24608469,6.162940025,154.1631775,181.1061859,F070802060502_285,108,070802060502
259,6414,10.06196404,2003.702805,59780.3843,14.7657547,22548.86133,66637.85156,84,4043.454346,34.00943756,396.4413757,9.860724449,2.817349911,256.7967249,0.029040928,134.7773183,12.09305265,6481,3370,0.018458702,134.4100806,268822,100.8075576,0.000384778,26592.31641,70681.30469,6.691056728,7.89089489,223.682251,263.7928772,F070802060603_511,108,070802060603
260,6450,13.31797409,2480.750877,90689.06174,22.40019798,29845.58008,101092.0938,74,5403.82373,45.01475143,524.7281494,13.05161476,3.729032755,904.3873853,0.102276415,138.1347088,11.6572619,21657,11258,0.061664114,936.9082666,1873814,702.6811989,0.002682104,35249.40234,106495.9141,2.651055336,3.131053686,42.47385788,50.16414642,F070801030303_52,108,070801030303
261,6459,10.33641911,2353.857193,63403.43334,15.66064835,23163.91602,70676.50781,83,4237.458008,34.93709564,407.2549133,10.12969112,2.894197464,672.0553391,0.076002178,143.7000131,12.12981385,16143,8396,0.045987911,1474.497376,2948995,1105.873054,0.00422107,27401.375,74913.96875,2.758922815,3.263622522,20.94626999,24.77804756,F070802060704_377,108,070802060704
262,6467,9.479485512,2287.617767,56795.37364,14.02845764,21243.52734,63310.42969,76,3475.690674,32.04066086,373.4917297,9.289896011,2.654255867,374.7012573,0.042374653,142.9375498,12.71866995,9530,4956,0.027145794,355.2874839,710575,266.4656124,0.001017088,24719.21875,66786.11719,4.286426067,4.987735748,79.72333527,92.76701355,F070801030301_171,108,070801030301
263,6482,4.664656162,871.2346726,25972.53284,6.415215492,10453.49414,28951.86719,78,1631.260986,15.76653767,183.7874603,4.571362972,1.306103706,184.2491512,0.020836583,144.8428214,12.87763132,4880,2537,0.013896061,401.6506701,803301,301.2380047,0.001149813,12084.75488,30583.12891,4.120415688,4.763403416,34.70177841,40.11696625,F070802060704_538,108,070802060704
264,6488,7.711512089,1091.754607,45760.59725,11.30286789,17281.49805,51009.84375,86,3168.87207,26.06491089,303.8335876,7.557281971,2.159223318,175.6229157,0.019861049,137.1388575,12.26679246,4417,2297,0.012581495,157.8107874,315621,118.35809,0.000451768,20450.37109,54178.71484,7.523508072,8.903078079,146.0102844,172.7838898,F070801030303_229,108,070801030303
265,6493,6.326926231,1326.492629,36671.65209,9.057898521,14178.6416,40878.29688,80,2362.300049,21.38500977,249.280899,6.200387478,1.77153933,198.197737,0.022414017,143.1836441,12.73555899,5426,2822,0.015457109,126.7509606,253503,95.0632219,0.000362852,16540.94141,43240.59766,5.02432394,5.861424923,149.1495972,173.9993744,F070801030301_128,108,070801030301
266,6494,5.278855324,1538.001468,32075.08875,7.922546864,11829.91504,35754.45313,78,2014.545166,17.8425312,207.9868927,5.173278332,1.478079438,245.3497857,0.027746403,136.6656586,12.23437653,6192,3220,0.017637098,217.3642881,434729,163.0232159,0.000622253,13844.45996,37769,3.673886776,4.299521923,72.56583405,84.92324066,F070802060603_490,108,070802060603
267,6501,2.953777075,1007.754382,19217.2025,4.746648788,6619.414551,21421.62695,88,1361.718628,9.983766556,116.3788147,2.894701481,0.8270576,143.0912928,0.016182075,132.4168523,11.90362708,3370,1753,0.009601811,106.7350056,213471,80.05125509,0.000305552,7981.133301,22783.3457,3.776049376,4.552842617,82.6897049,99.70028687,F070801030303_573,108,070801030303
268,6508,3.278513193,1214.915235,22166.17022,5.47504425,7347.147949,24708.875,80,1427.891357,11.08137417,129.1734161,3.212942839,0.917983711,196.7325043,0.022248315,137.6933975,12.38063936,4831,2512,0.013759127,220.3695817,440738,165.2771865,0.000630856,8775.039063,26136.76563,2.924819946,3.493247986,44.45349121,53.09286499,F070801030303_642,108,070801030303
269,6545,3.422707558,1885.286627,24471.10124,6.044362068,7670.287598,27278.20508,72,1418.732788,11.56875134,134.8546753,3.354253292,0.958358109,498.1586614,0.056336348,132.001043,10.74409037,11032,5737,0.031423612,456.182321,912366,342.1367428,0.001305921,9089.020508,28696.9375,1.336985826,1.584281087,22.41877747,26.56546211,F070802060803_474,108,070802060803
270,6557,5.433428288,1562.28507,30268.2881,7.476267338,12176.3125,33740.39453,82,1998.555908,18.36498833,214.0770721,5.324759483,1.521359921,195.3046843,0.022086844,143.0413113,12.73352015,4937,2567,0.014060382,131.8480342,263695,98.88602505,0.000377444,14174.86816,35738.94922,4.743402004,5.521958828,123.134819,143.34552,F070801030301_560,108,070801030301
271,6566,8.353668213,1814.909842,58799.58344,14.52349758,18720.57031,65544.54688,81,3835.074463,28.23539925,329.1345215,8.186594963,2.339027166,536.0883776,0.060625788,142.7518748,12.70655678,13483,7013,0.038412723,501.0183174,1002036,375.7637382,0.001434274,22555.64453,69379.625,2.669409752,3.216261864,49.82005692,60.02613449,F070801030301_574,108,070801030301
272,6568,6.270397663,1553.113827,39684.68099,9.802116394,14051.96094,44236.95313,83,2652.256592,21.19394493,247.0536652,6.144989491,1.755711317,306.374844,0.034647676,141.8028173,12.62862253,8121,4223,0.023130889,227.9432779,455887,170.9574619,0.000652537,16704.2168,46889.21094,3.327482939,3.955533266,82.19565582,97.70978546,F070801030301_624,108,070801030301
273,6586,12.82709026,2723.132832,84086.40771,20.76934242,28745.50977,93732.03906,78,5281.228516,43.35556412,505.3873596,12.57054806,3.591585159,464.5629372,0.052537035,132.7696264,11.94677959,11821,6147,0.033669329,446.2777658,892557,334.7083216,0.001277567,34026.73828,99013.26563,4.676347733,5.535503387,85.88227081,101.6608658,F070802060603_340,108,070802060603
274,6591,11.29105186,1578.01729,63529.3012,15.69173717,25303.24805,70816.8125,88,4501.645996,38.16375351,444.8674316,11.06523037,3.161494493,219.3358292,0.024804506,132.4154758,11.90529299,5223,2716,0.014876509,196.1691015,392339,147.1268277,0.000561577,29804.89453,75318.46094,9.316365242,10.97381973,171.9825592,202.5796051,F070802060502_308,108,070802060502
275,6595,14.73852634,2494.773919,87382.25052,21.58341599,33029.03906,97405.95313,70,4925.335449,49.81621933,580.697937,14.4437561,4.126787186,502.8676553,0.056868884,141.8867011,12.66525655,13264,6898,0.037782826,348.0087921,696017,261.0065934,0.000996251,37954.375,102331.2891,4.788205147,5.502228737,126.5448456,145.41539,F070801030301_540,108,070801030301
276,6620,6.653964043,960.1398757,35200.61564,8.694552422,14911.5332,39238.51563,90,2550.981689,22.49039841,262.1661682,6.520884991,1.863109946,149.4243052,0.01689827,136.6645457,12.24016428,3696,1921,0.010522008,110.4626148,220925,82.8469615,0.000316223,17462.51563,41789.49609,7.7623806,9.090325356,179.9888916,210.7803955,F070801030303_647,108,070801030303
277,6632,7.916380882,1415.467215,45911.16881,11.34005833,17740.60938,51177.68359,82,3031.424316,26.75736809,311.9053955,7.758053303,2.21658659,379.8528427,0.042957241,141.7232936,12.63195551,9406,4891,0.026789766,693.2464638,1386492,519.9348521,0.001984569,20772.0332,54209.10938,3.627194643,4.246991158,34.12083054,39.95122147,F070802060704_417,108,070802060704
278,6636,5.113607883,1218.748321,33725.83711,8.330282211,11459.5957,37594.5625,87,2362.634277,17.28399467,201.4761505,5.01133585,1.43181026,169.8626851,0.019209629,135.6745052,12.16708875,4041,2101,0.011507932,131.829206,263660,98.87190378,0.00037739,13822.23047,39957.19531,5.454352856,6.578881741,115.9034576,139.7993774,F070801030301_34,108,070801030301
279,6658,8.53742218,2074.889617,55586.25428,13.72980499,19132.36328,61962.60938,73,3267.418701,28.85648727,336.3744202,8.36667347,2.390478134,362.7334342,0.041021222,137.6729262,12.33656926,9049,4705,0.025770977,250.7736511,501547,188.0802393,0.000717894,22399.78125,65230.02734,4.066389561,4.760846138,101.724472,119.0969391,F070801030606_1,108,070801030606
280,6682,13.77748489,2141.387266,89800.25589,22.18066406,30875.34375,100101.3359,84,6073.952637,46.5678978,542.8328857,13.50193501,3.857695818,411.346135,0.046518791,138.7516188,12.40875556,10916,5676,0.031089493,186.9674641,373935,140.2255975,0.000535235,36949.29688,106175.2891,5.439630508,6.50974226,220.1833649,263.4989319,F070801030303_766,108,070801030303
281,6685,7.710062027,1846.056982,50701.34774,12.52323246,17278.24805,56517.34766,72,2939.453125,26.060009,303.7764587,7.555860996,2.158817291,233.2332897,0.026376158,140.4084579,12.52286434,5545,2883,0.015791228,167.5361092,335070,125.6520831,0.000479609,20217.70117,59456.80078,5.993148804,7.012730122,137.5086517,160.9022369,F070801010405_23,108,070801010405
282,6702,6.910558701,1238.326233,36902.96824,9.11503315,15486.5625,41136.14453,85,2525.775879,23.3576889,272.276001,6.77234745,1.934956431,306.8939013,0.034706375,136.3523814,12.20567057,7846,4080,0.022347627,209.280323,418561,156.9602438,0.000599111,18012.33789,43661.92188,3.795726061,4.414788723,98.66551208,114.7573242,F070801030301_191,108,070801030301
283,6710,19.35396576,2235.69088,103161.18,25.48081207,43372.23828,114994.9063,87,7226.868164,65.41640472,762.5462646,18.96688652,5.419110298,601.8410146,0.068061699,133.1242854,11.95781934,14443,7512,0.041145925,482.853148,965706,362.1398599,0.001382272,50599.10547,122221.7734,5.77372694,6.735770226,119.7665405,139.7225494,F070802060502_569,108,070802060502
284,6712,12.57846832,1530.301631,65431.22698,16.16151237,28188.34766,72936.90625,73,3846.116699,42.51522446,495.5916443,12.32689857,3.521971226,360.0301506,0.04071551,137.4596568,12.30213839,9143,4754,0.026039367,403.1915052,806384,302.3936242,0.001154224,32034.46484,76783.02344,5.929395676,6.738423347,93.2173996,105.9363098,F070801030301_31,108,070801030301
285,6730,7.229174614,1358.095532,37189.26687,9.185749054,16200.58008,41455.28516,70,2096.187988,24.43461037,284.8294678,7.084590912,2.024168968,367.9259,0.041608433,143.5621249,12.82735968,9408,4891,0.026789766,347.3151774,694630,260.4863815,0.000994265,18296.76758,43551.47266,3.312324762,3.740905285,62.19357681,70.24078369,F070801030301_296,108,070801030301
286,6736,11.29577923,1997.175137,61121.39561,15.09698486,25313.8418,68132.69531,85,4183.374512,38.17973328,445.0537109,11.06986332,3.162818193,481.6346535,0.054467661,139.2546108,12.43082341,12425,6461,0.03538922,374.7902362,749580,281.092679,0.001072919,29497.2168,72316.07031,3.917944908,4.565425873,90.05514526,104.9376907,F070801030301_349,108,070801030301
287,6737,5.451881409,1095.075654,31706.04871,7.831394196,12217.66602,35343.08203,86,2195.609619,18.42735863,214.8041229,5.342844009,1.526526809,156.5619037,0.017705455,143.4666697,12.77040656,4092,2127,0.011650344,173.328196,346657,129.9961456,0.00049619,14413.27539,37538.69141,5.744083881,6.776340008,93.98483276,110.8746338,F070801030303_113,108,070801030303
288,6767,8.266102791,1669.245932,50547.09312,12.48513222,18524.33594,56345.40234,86,3500.331787,27.93942833,325.6844482,8.100780487,2.314508677,212.5454792,0.024036591,141.2003296,12.61332664,5849,3042,0.016662128,140.7679348,281536,105.5759516,0.000402979,22024.66797,59845.73438,6.089525223,7.240193367,175.4598083,208.6144409,F070801030606_91,108,070801030606
289,6771,7.848946095,2008.094788,52919.93583,13.07122421,17589.48828,58990.43359,80,3408.975342,26.52943802,309.2484741,7.69196701,2.197704792,343.6184267,0.038859521,132.9996131,11.25015244,7300,3795,0.02078658,589.3850865,1178769,442.0388144,0.001687243,20998.46289,62399.41016,4.63491106,5.533191681,39.79172897,47.50366211,F070802060603_494,108,070802060603
290,6791,8.613987923,1571.196152,43585.02601,10.76550102,19303.94727,48584.70703,88,3088.406982,29.11527824,339.3911133,8.441708565,2.411916733,300.9668611,0.034036091,132.2891761,11.8976148,7236,3764,0.020616781,181.8307223,363660,136.3730397,0.00052053,22392.35352,51673.11328,5.128572464,5.949084282,141.5525208,164.1992645,F070802060502_460,108,070802060502
291,6793,6.392421246,2100.569316,42606.01532,10.52368546,14325.41602,47493.39063,70,2401.505127,21.60638428,251.8614044,6.26457262,1.789877892,527.6870971,0.059675694,132.9615578,10.27013032,10694,5559,0.030448642,798.4181196,1596836,598.8135907,0.002285646,16726.92188,49894.89453,2.576977253,3.008980274,23.92299652,27.93343735,F070802060603_542,108,070802060603
292,6800,6.874891281,1176.601717,36343.74278,8.976904869,15406.63184,40512.77344,87,2546.029785,23.23713303,270.8707275,6.737393379,1.924969554,158.8243319,0.017961311,131.0009499,11.79869449,3896,2026,0.01109713,130.448598,260899,97.83644807,0.000373438,17952.66211,43058.80469,7.604457855,8.861136436,157.4733429,183.4966736,F070801030303_152,108,070801030303
293,6814,8.342790604,1948.26155,45886.77514,11.33403301,18696.19336,51150.49219,78,2882.018066,28.19863129,328.7059631,8.175934792,2.335981369,117.2567727,0.013260471,140.0680033,12.50003211,2322,1208,0.00661665,53.36567807,106731,40.02425867,0.000152771,21578.21094,54032.51172,15.47698116,17.86275673,467.1215515,539.1282959,F070801030301_201,108,070801030301
294,6816,28.32780075,2941.107382,177214.6352,43.77201462,63482.60156,197543.1094,81,11560.95215,95.74796295,1116.115356,27.76124382,7.931784153,840.8726378,0.095093586,140.0436466,12.52939279,22035,11459,0.062765063,402.0457539,804089,301.534313,0.001150944,75043.55469,209104.0625,5.539977551,6.548874855,210.5319366,248.8723602,F070801030303_692,108,070801030303
295,6841,10.07186508,1084.424041,53846.43628,13.30006981,22571.04883,60023.21484,87,3772.165771,34.0429039,396.8314819,9.870428085,2.820122242,173.8648776,0.019662234,134.5407982,12.0627954,4202,2184,0.011962553,165.4096839,330819,124.0572612,0.000473521,26343.21484,63795.37891,10.33472919,12.06191158,181.940567,212.347229,F070802060502_335,108,070802060502
296,6861,6.78873682,1226.606139,37234.61298,9.196949005,15213.55957,41505.83203,88,2638.420654,22.94593048,267.4762268,6.652962208,1.900846362,191.2747105,0.021631098,142.3965217,12.70112154,5188,2698,0.014777916,113.22218,226443,84.9166345,0.000324123,17851.98047,44144.25391,5.638828754,6.616745949,179.1587677,210.2294922,F070802060502_396,108,070802060502
297,6866,5.111141682,2028.027109,32861.32238,8.116746902,11454.06836,36630.87891,73,1931.623169,17.27565956,201.3789825,5.008918762,1.43111968,287.3791404,0.032499467,137.9260288,12.34864955,7204,3746,0.020518189,205.8196962,411639,154.3647723,0.000589204,13385.69141,38562.50391,3.057679653,3.57332921,74.2013092,86.7146759,F070801030606_492,108,070801030606
298,6881,10.00578403,1922.312298,61959.55751,15.30401039,22422.96289,69067,83,4140.958984,33.81954956,394.2279053,9.805667877,2.80161953,314.6728102,0.035586086,134.8449042,12.08457116,7842,4079,0.02234215,254.5875654,509176,190.9406722,0.000728812,26563.92188,73207.96094,5.497171402,6.512361526,117.4341888,139.1213379,F070802060704_491,108,070802060704
299,6888,7.948605061,1720.890775,47195.40198,11.65726471,17812.82422,52609.23438,84,3192.225098,26.86628532,313.1750488,7.789632797,2.225609303,232.1928707,0.026258498,142.6876297,12.76435554,5959,3099,0.016974337,110.5856017,221171,82.939201,0.000316575,21005.04883,55801.46094,5.747926712,6.778008461,214.7696686,253.2583923,F070801030301_550,108,070801030301
300,6889,4.677069664,1131.330476,26436.40254,6.529791355,10481.31348,29468.94922,73,1553.959717,15.80849552,184.2765503,4.583528042,1.309579492,171.3127955,0.019373621,132.4170742,10.71036724,3475,1805,0.009886634,187.1967262,374394,140.397546,0.000535891,12035.27344,31022.9082,5.806821823,6.667741299,74.65453339,85.72281647,F070802060801_169,108,070802060801
301,6891,14.8424654,2525.746018,88707.7589,21.91081619,33261.96484,98883.51563,87,6214.345703,50.16753387,584.7931519,14.54561615,4.155890465,698.3130652,0.078971642,137.4604919,12.30874863,17639,9173,0.050243819,269.2203259,538442,201.9152459,0.000770702,39476.3125,105097.8594,3.626072645,4.303533554,164.7323151,195.5093231,F070801030301_366,108,070801030301
302,6911,21.38720322,2297.204904,117938.0579,29.13070107,47928.72266,131466.8594,88,8357.015625,72.28874969,842.6558228,20.9594593,5.988416672,525.7869875,0.059460812,142.9897389,12.74472066,13689,7119,0.038993323,338.9514506,677901,254.213586,0.000970322,56285.73828,139823.875,6.732507706,7.906410694,188.5372162,221.4112091,F070802060502_553,108,070802060502
303,6937,5.222645283,944.138793,28268.17302,6.98223877,11703.94824,31510.84375,86,1957.540405,17.65254021,205.7722168,5.118192196,1.462340713,180.8954307,0.020457313,139.2885609,12.44064951,3922,2039,0.011168336,63.51135725,127022,47.63351709,0.000181815,13661.48828,33468.38281,5.740043163,6.700092316,245.708252,286.8041077,F070801030301_352,108,070801030301
304,6954,6.692355156,1263.597532,42480.58476,10.49270439,14997.56836,47353.57422,74,2531.26001,22.62016106,263.6788025,6.558507919,1.873859406,199.8845401,0.022604776,140.8223758,12.5678818,4870,2533,0.013874152,175.6154844,351231,131.7116145,0.000502738,17528.82813,49884.83594,5.920871735,6.920184612,113.8667145,133.0849152,F070801030301_89,108,070801030301
305,6956,3.045690298,1286.9669,21003.39248,5.187838078,6825.39209,23412.71289,68,1150.039795,10.29443359,120.0001984,2.984776497,0.852793276,164.4531806,0.018597873,132.700061,7.884132639,1461,759,0.004157316,202.3120174,404624,151.7340142,0.000579162,7975.431641,24562.75195,8.992611885,10.50781536,44.9826088,52.56192398,F070802060803_275,108,070802060803
306,6971,12.13201427,1413.702374,61661.87608,15.23048306,27187.84375,68735.17188,87,4319.669922,41.00620651,478.0013733,11.88937378,3.396964073,229.9142317,0.026000809,132.0315358,11.87635448,5656,2941,0.016108914,96.55005588,193102,72.41254139,0.000276396,31507.51367,73054.84375,9.244421959,10.71319771,375.4576721,435.1112671,F070802060502_237,108,070802060502
307,6978,4.213448048,1922.593489,26940.38875,6.654275894,9442.336914,30030.74805,72,1561.891602,14.24145412,166.0098572,4.129179001,1.179765463,266.142897,0.030097878,134.569696,8.962207828,3081,1602,0.00877473,428.0972276,856194,321.0729222,0.001225522,11004.22852,31592.64063,5.894093037,6.869056702,29.40869904,34.27330017,F070802060803_451,108,070802060803
308,6985,9.005110741,1623.97867,45598.33182,11.26278782,20180.45313,50828.96094,93,3414.6521,30.43727493,354.8013611,8.825008392,2.521430969,261.0636412,0.02952347,135.7232005,12.16188987,6438,3348,0.0183382,87.88582106,175772,65.91436568,0.000251592,23595.10547,54243.61328,6.027614594,7.047522545,306.1616821,357.9660645,F070801030301_380,108,070801030301
309,6991,8.406339645,1199.62673,48249.34285,11.91758728,18838.60742,53784.07031,90,3496.620117,28.41342735,331.2097778,8.238212585,2.353775024,197.512799,0.022336558,131.0004292,11.79865789,4573,2378,0.013025161,115.6849265,231370,86.76369429,0.000331173,22335.22656,57280.69141,7.922038555,9.39244175,217.1254578,257.4259644,F070802060502_236,108,070802060502
310,7001,5.086965561,1024.486169,32763.19224,8.092508316,11399.88965,36521.48828,81,2136.907715,17.19394302,200.4264374,4.985226154,1.424350381,165.7383646,0.018743213,133.9136571,12.03042575,3789,1969,0.010784921,84.32626933,168652,63.24470255,0.000241402,13536.79688,38658.39453,5.789684772,6.874960423,180.2505035,214.0384369,F070801030301_91,108,070801030301
311,7016,5.134885788,1042.79262,28148.58706,6.952701092,11507.2793,31377.53906,88,1994.590942,17.35591316,202.3144989,5.032187939,1.437767982,146.2461499,0.016538855,147.11871,13.09189256,3925,2041,0.011179291,167.7119183,335425,125.7839386,0.000480112,13501.87012,33372.12891,5.638059616,6.615321159,91.48448944,107.3417664,F070802060502_587,108,070802060502
312,7017,6.452861786,1125.59517,35558.15825,8.782865524,14460.86328,39637.07031,86,2462.364258,21.81067276,254.2427521,6.323804379,1.806801319,244.1982429,0.027616176,130.9997624,11.79861082,5985,3113,0.01705102,237.6271916,475254,178.2203947,0.00068026,16923.22656,42099.43359,4.645314217,5.436307907,81.14034271,94.9567337,F070801030303_622,108,070801030303
313,7042,2.536434174,1043.44044,20447.70195,5.050582409,5684.148926,22793.2793,65,1070.218384,8.573147774,99.93550873,2.485705376,0.710201561,172.3076976,0.019486134,139.5003296,8.57491823,1002,521,0.002853704,57.87393713,115748,43.40545416,0.000165677,6754.367188,23863.49805,10.91007519,12.96423626,130.9547119,155.6110229,F070802060603_249,108,070802060603
314,7047,12.5420866,2197.672993,75681.78796,18.69340134,28106.81641,84363.32031,95,5789.346191,42.39225388,494.1582031,12.29124451,3.511784315,284.2334384,0.032143723,149.9821579,13.31065092,7634,3970,0.021745117,115.0076723,230015,86.25575256,0.000329235,33896.16406,90152.66406,7.079802513,8.538076401,325.8544006,392.9728088,F070801030301_162,108,070801030301
315,7127,6.09608078,1174.266195,36641.38139,9.050420761,13661.31738,40844.55078,85,2507.871582,20.60475349,240.1855774,5.974159241,1.706902623,181.8770299,0.020568322,140.6336975,12.56046534,4765,2478,0.013572897,334.1693767,668339,250.6270287,0.000956633,16169.18945,43352.42188,5.513041496,6.525096416,54.50855637,64.51494598,F070802060704_458,108,070802060704
316,7131,8.30957222,1279.331899,42597.16582,10.52149963,18621.75195,47483.52734,89,3052.708008,28.0863533,327.3971558,8.143381119,2.326680183,143.1611093,0.01618997,139.925087,10.24588611,3243,1687,0.009240306,208.5172967,417034,156.3879725,0.000596926,21674.46094,50536.23438,11.03838253,12.84793186,119.0740662,138.594162,F070802060603_613,108,070802060603
317,7155,3.536022425,1041.020384,23096.16678,5.704753399,7924.226074,25745.55273,39,725.3023682,11.95175552,139.3192902,3.465301991,0.990086257,172.4302919,0.019499998,143.9531468,12.85307244,4567,2374,0.013003252,211.3252833,422650,158.4939635,0.000604965,8649.52832,26470.85547,3.337921619,3.643440723,49.99702072,54.57323456,F070801010403_185,108,070801010403
318,7166,4.240495205,1084.231989,24009.49093,5.930344105,9502.950195,26763.64258,82,1585.299683,14.33287334,167.0755157,4.155685425,1.18733871,170.3533802,0.019265122,132.6991425,11.92454357,3935,2046,0.011206678,208.5275729,417055,156.3956831,0.000596956,11088.25,28348.94141,4.644648075,5.419476986,60.76222992,70.8986969,F070802060603_645,108,070802060603
319,7179,10.55092621,1911.528255,64124.86605,15.83884144,23644.625,71480.69531,84,4337.308594,35.66213226,415.7064819,10.33990765,2.954259396,243.1853749,0.027501631,131.8510101,11.86168833,5608,2915,0.015966503,79.6460951,159292,59.73457058,0.000228004,27981.93359,75818,8.111363411,9.599290848,395.8281555,468.4378357,F070801030301_323,108,070801030301
320,7184,5.981917858,1199.323528,33343.82962,8.235925674,13405.47754,37168.73438,90,2416.420654,20.21888161,235.687561,5.862279415,1.67493701,250.3781444,0.028315056,141.5230844,10.08439294,5952,3095,0.016952428,76.51988781,153039,57.38991358,0.000219055,15821.89844,39585.15625,4.331333637,5.112083435,233.5859528,275.6912842,F070801030301_536,108,070801030301
321,7226,11.91751671,1789.9944,64175.05374,15.85123825,26707.1543,71536.64063,79,4082.327881,40.28120804,469.5501709,11.67916679,3.336904764,190.4653336,0.021539566,142.7868668,12.73342648,4945,2573,0.014093246,111.2646974,222529,83.4485246,0.000318519,30789.48242,75618.96875,10.37977219,11.9663744,320.043457,368.9637756,F070802060502_468,108,070802060502
322,7275,6.81260252,1233.570625,42528.07945,10.50443554,15267.04199,47406.51953,83,2842.290283,23.02659607,268.4165344,6.676350594,1.907528758,247.2133162,0.027957148,136.6660671,12.25987792,6202,3224,0.017659007,304.3480253,608696,228.2610192,0.000871263,18109.33203,50248.80859,4.735435009,5.61703825,66.88414001,79.3360672,F070802060704_454,108,070802060704
323,7283,9.101736069,2409.374915,72511.97413,17.91045761,20396.99023,80829.89844,59,3444.897461,30.76386833,358.6083984,8.919701576,2.548485994,650.5318042,0.073568099,147.3892963,12.66902052,16650,8655,0.047406547,676.8513678,1353704,507.6385304,0.001937635,23841.88672,84274.79688,2.356671333,2.754695177,40.18014526,46.96626663,F070801010403_46,108,070801010403
324,7303,9.091298103,1600.280347,54055.42843,13.35169125,20373.59961,60256.18359,88,3830.333252,30.7285881,358.1971436,8.909472466,2.545563459,329.9046015,0.037308636,138.0341743,12.37930556,8428,4383,0.024007267,205.6716795,411343,154.2537597,0.00058878,24203.93359,64086.51563,4.648323059,5.522229671,132.0784607,156.9098511,F070802060603_284,108,070802060603
325,7321,6.139700413,1302.852052,32111.66879,7.931581974,13759.06836,35795.23047,80,2068.556885,20.75218773,241.9041901,6.016906261,1.719116092,153.4887621,0.017357916,139.971578,12.48759826,4114,2139,0.011716072,89.51992296,179041,67.13994377,0.00025627,15827.625,37863.78906,6.432476997,7.399544239,204.9311829,235.7408142,F070802060502_348,108,070802060502
326,7322,18.13780785,2426.599554,98408.08316,24.30679703,40646.82813,109696.5781,84,6656.17334,61.30578995,714.6296387,17.77505112,5.078586102,617.210892,0.069799865,140.8124944,12.59035964,15287,7950,0.043545008,478.9321232,957865,359.1990955,0.001371048,47303,116352.75,5.112808704,5.950062752,113.1596069,131.6902008,F070802060502_414,108,070802060502
327,7344,8.618075371,1444.045201,47646.38255,11.76865673,19313.10742,53111.94922,88,3376.192139,29.12909508,339.5521545,8.445713997,2.413061142,243.0394352,0.027485127,144.8518795,12.90590594,6535,3401,0.0186285,162.3052491,324611,121.7289351,0.000464634,22689.29883,56488.14063,5.678655624,6.67136097,158.656662,186.3919983,F070802060502_620,108,070802060502
328,7347,6.93853569,1303.402569,40195.80309,9.9283638,15549.25879,44806.70703,85,2751.149658,23.45225143,273.3782959,6.79976511,1.942790031,147.4286027,0.016672578,134.3060328,12.04598745,3630,1888,0.010341255,108.9665949,217934,81.72494555,0.000311941,18300.4082,47557.85547,8.235836029,9.693013191,190.2633057,223.9268341,F070802060502_351,108,070802060502
329,7381,6.852656841,1551.09111,39782.36293,9.826243401,15356.80371,44345.83594,77,2466.58374,23.16197968,269.9946899,6.715603828,1.918743968,182.2683943,0.020612581,138.0827942,12.36814086,4862,2528,0.013846765,67.05253872,134106,50.28940275,0.000191953,17823.38672,46812.41797,6.074685097,7.050390244,305.3685913,354.4163513,F070801030301_211,108,070801030301
330,7405,7.656346321,1133.489154,40890.06093,10.09984493,17157.87305,45580.60156,90,2963.294678,25.87845039,301.6600342,7.503219604,2.143776894,170.7040849,0.019304783,135.7233149,12.19291592,4116,2140,0.011721549,62.89059401,125781,47.16794491,0.000180038,20121.16797,48543.89453,8.017697334,9.402415276,363.7612915,426.5856323,F070802060803_475,108,070802060803
331,7408,7.186178684,1148.601895,42512.59021,10.5006094,16104.22656,47389.25,83,2841.254883,24.28928375,283.135437,7.042455196,2.012130022,175.0884407,0.019800606,133.2666824,11.98143845,4449,2313,0.012669133,99.71068637,199421,74.78301504,0.000285444,18945.48047,50230.50391,6.96248436,8.190869331,215.3460388,253.3393555,F070802060501_532,108,070802060501
332,7423,19.85422134,2913.833128,103812.8888,25.64178276,44493.30859,115721.3672,94,7857.667969,67.10726929,782.2563477,19.45713615,5.559182167,480.9894693,0.054394698,138.6915,12.38928509,11958,6217,0.034052744,172.6467081,345295,129.4850298,0.000494239,52350.97656,123579.0313,7.156716824,8.420617104,343.6174011,404.3013916,F070801030301_521,108,070801030301
333,7434,3.419341803,948.6044121,20442.95895,5.04941082,7662.745117,22787.99023,81,1333.347534,11.55737495,134.7220612,3.350955009,0.9574157,152.0551984,0.017195796,135.9301163,12.18620844,3626,1885,0.010324823,136.9233053,273847,102.6924785,0.000391973,8996.092773,24121.33789,4.065116882,4.772462845,74.61837006,87.60225677,F070801010405_264,108,070801010405
334,7476,4.223201275,913.9162472,29040.74556,7.173064232,9464.194336,32372.03906,82,1917.50354,14.27442074,166.3941345,4.138737202,1.182496309,178.2480586,0.020157924,135.6643289,12.16247309,4302,2236,0.012247376,165.2903516,330581,123.9677633,0.00047318,11381.69824,34289.54297,4.232645035,5.090204716,76.34399414,91.81175995,F070801010405_92,108,070801010405
335,7508,6.992026806,1156.789388,42650.42346,10.53465462,15669.13184,47542.89453,88,3022.181641,23.63305092,275.4858704,6.852186203,1.957767487,192.2792679,0.021744702,137.2968818,12.29635164,4939,2570,0.014076814,145.8061346,291613,109.3546033,0.000417402,18691.3125,50565.07813,6.09693861,7.272884369,143.2873535,170.9238739,F070802060803_403,108,070802060803
336,7511,9.968587875,2132.111379,61548.04866,15.20236778,22339.60547,68608.28906,83,4113.456543,33.69382858,392.7623596,9.769216537,2.791204691,456.1883974,0.051589966,143.7906104,12.842469,11552,6006,0.032897021,154.5996125,309200,115.9497051,0.000442575,26453.0625,72721.74219,3.719547987,4.404439449,192.6663361,228.1425629,F070801010302_12,108,070801010302
337,7512,6.343875408,1096.837918,37893.17601,9.359614372,14216.625,42239.94141,87,2654.57373,21.44229889,249.9486847,6.2169981,1.776285172,277.0363545,0.03132981,139.501062,12.50828495,7159,3722,0.020386732,119.1454849,238291,89.35911298,0.00034108,16871.19922,44894.51563,3.819619894,4.532831669,159.0954132,188.8022308,F070802060803_373,108,070802060803
338,7518,18.09993935,3643.895198,109655.9463,27.08501816,40561.96484,122234.6875,81,7152.089844,61.17779541,713.1376343,17.73793983,5.06798315,915.625104,0.10354728,135.0251649,11.75327979,23264,12100,0.066276051,1280.884341,2561768,960.6632578,0.003666811,47714.05469,129386.7813,3.352228403,3.943310261,42.22287369,49.66782379,F070802060704_505,108,070802060704
339,7519,13.46735477,2038.385563,71099.74663,17.56163788,30180.3418,79255.67188,67,3835.812988,45.51966095,530.6137695,13.19800758,3.770859241,531.356844,0.060090702,141.2000187,11.17804269,11846,6161,0.033746012,472.9846879,945969,354.7385128,0.001354022,34016.15625,83091.48438,4.898611069,5.521206856,85.07771301,95.89079285,F070802060603_504,108,070802060603
340,7572,8.491538048,1300.320546,47337.06247,11.69225407,19029.53711,52767.14453,90,3430.507568,28.70139885,334.5665894,8.321707726,2.377630711,258.3100048,0.029212063,134.9664593,12.10823321,6456,3357,0.018387496,199.1155098,398229,149.336629,0.000570012,22460.04492,56197.65234,5.668613911,6.69051075,127.427124,150.3987732,F070802060603_590,108,070802060603
341,7585,9.288150787,2358.680803,64746.51225,15.99238873,20814.74609,72173.64844,59,3075.97583,31.39394951,365.9531555,9.102387428,2.600682259,336.5801148,0.038063565,130.9994194,10.78442963,7834,4075,0.02232024,388.7938582,777588,291.5953911,0.001113007,23890.72266,75249.625,5.107913017,5.862753868,71.38228607,81.93106842,F070802060704_528,108,070802060704
342,7622,13.65318584,1712.280672,74114.62976,18.30631447,30596.78906,82616.39844,92,5490.429688,46.14776993,537.9355469,13.38012218,3.822891951,238.2966751,0.026948772,147.0562252,13.10969777,6491,3376,0.018491566,93.56468302,187129,70.17351101,0.000267849,36087.21875,88106.82813,9.063030243,10.6893425,436.0162354,514.257019,F070801030301_320,108,070801030301
343,7633,7.508380413,1436.981903,42860.02082,10.58642483,16826.28125,47776.53516,89,3071.54541,25.37832642,295.8302002,7.358212948,2.10234642,212.8066465,0.024066126,137.6097395,12.29317241,5476,2847,0.015594043,164.4830215,328966,123.3622644,0.000470869,19897.82617,50848.08203,5.910179615,6.989050388,136.3973083,161.2958832,F070802060803_406,108,070802060803
344,7650,6.451701164,1570.767208,33483.96728,8.270540237,14458.2627,37324.94922,94,2534.424316,21.80674934,254.1970215,6.322667122,1.806476355,221.3059093,0.025027301,132.1333328,10.90821165,5133,2670,0.01462455,85.31253271,170625,63.98439894,0.000244226,16992.6875,39859.375,5.415079594,6.364302635,225.9654388,265.57547,F070802060502_223,108,070802060502
345,7652,5.286415577,1153.567753,36484.0635,9.011563301,11846.85742,40669.18359,81,2379.593506,17.86808395,208.2847748,5.180687428,1.480196357,191.9502766,0.021707497,132.2147631,11.88864749,4477,2329,0.01275677,144.1107459,288221,108.0830606,0.000412548,14226.45117,43048.77734,5.086671352,6.108394623,109.6088257,131.6251678,F070802060603_127,108,070802060603
346,7726,13.46230793,1938.290854,77290.77993,19.09082222,30169.03125,86156.88281,88,5476.774902,45.50260162,530.414917,13.19306183,3.769446135,502.6869346,0.056848446,138.4807251,10.51524136,12769,6641,0.036375145,328.3431583,656687,246.2573724,0.000939954,35645.80469,91633.65625,4.542844772,5.367535591,122.5101624,144.7501984,F070802060501_332,108,070802060501
347,7731,3.909127474,1023.894561,22584.73357,5.578429222,8760.354492,25175.45117,88,1600.3396,13.21285057,154.0196228,3.830945015,1.094555736,196.1022923,0.022177045,135.4086066,12.13573413,4768,2480,0.013583852,124.9550977,249910,93.7163244,0.000357711,10360.69434,26775.79102,3.532401085,4.177699566,93.47735596,110.5537872,F070802060501_537,108,070802060501
348,7804,4.143801212,1102.757923,28817.77994,7.117991447,9286.258789,32123.49609,87,2018.804688,14.0060482,163.2657623,4.060925007,1.160264373,147.7002031,0.016703293,135.6760254,12.15904486,3436,1788,0.009793519,124.5370941,249074,93.40281991,0.000356515,11305.06348,34142.30078,5.193656921,6.322742462,99.42160797,121.0355682,F070802060603_120,108,070802060603
349,7823,4.672177792,939.0100368,25827.37067,6.379360676,10470.35059,28790.05469,85,1767.720825,15.79196072,184.0838013,4.578734398,1.308209777,186.8274063,0.021128156,135.6763916,12.16724014,4458,2318,0.012696519,105.2794143,210559,78.95956194,0.000301385,12238.07129,30557.77539,4.51697588,5.279582024,132.6039581,154.9916382,F070802060501_5,108,070802060501
350,7853,10.36590958,1691.956786,62252.59808,15.37639141,23230.00391,69393.65625,82,4110.416992,35.03677368,408.4168396,10.15859127,2.902454615,270.9757009,0.030644416,133.8334427,12.01948055,6799,3534,0.019356989,137.4694767,274939,103.102108,0.000393536,27340.42188,73504.07031,6.573289394,7.736395359,225.3106537,265.1781006,F070801010301_347,108,070801010301
351,7890,10.44864368,1871.429743,64532.8172,15.93960571,23415.41016,71935.4375,79,4105.085938,35.31641388,411.6765747,10.23967075,2.925620317,522.8269827,0.059126068,138.465894,11.49012954,12370,6433,0.035235854,635.9692044,1271942,476.9769091,0.001820601,27520.49609,76040.52344,3.639889717,4.278018951,49.09128571,57.69775391,F070802060502_170,108,070802060502
352,7899,7.08296299,1199.449462,40621.64671,10.03354645,15872.91992,45281.39453,74,2420.492676,23.94041443,279.0687561,6.94130373,1.983229637,148.818655,0.016829778,140.0671204,10.60791562,3477,1808,0.009903066,49.71906955,99440,37.28930217,0.000142332,18293.41211,47701.88672,8.779270172,10.11803722,425.6695251,490.580719,F070802060503_247,108,070802060503
353,7907,1.899481654,730.8156331,19777.07818,4.88493824,4256.738281,22045.72656,62,987.343689,6.420248032,74.83957672,1.861492038,0.531854868,156.4637472,0.017694355,133.9145464,12.03048904,3786,1969,0.010784921,76.84093918,153682,57.63070427,0.000219974,5244.082031,23033.07031,2.161878347,2.663322449,73.86233521,90.99458313,F070802060503_249,108,070802060503
354,7914,20.0000515,2775.710682,113868.2141,28.12544823,44820.11719,126930.1484,90,8252.006836,67.60017395,788.0020142,19.60004997,5.60001421,452.6931977,0.051194696,139.6894816,12.5009875,11045,5745,0.031467431,180.6032149,361208,135.452411,0.000517016,53072.125,135182.1563,7.801587105,9.237967491,330.8919983,391.8138123,F070802060501_372,108,070802060501
355,7970,12.63286686,1784.560304,66891.92455,16.52230453,28310.25391,74565.16406,78,4201.291504,42.69908905,497.7349548,12.38020992,3.537202835,191.6273507,0.021670977,134.6424495,12.07787868,4708,2449,0.013414054,163.6322418,327265,122.7241848,0.000468433,32511.54492,78766.45313,11.55992413,13.27543736,230.6819458,264.9155579,F070802060503_153,108,070802060503
356,7987,12.87265015,1976.335228,66416.24966,16.40481377,28847.60938,74034.92188,86,4599.253418,43.50955582,507.1824036,12.61519718,3.604341984,443.6137407,0.050167908,132.9832886,11.94701786,11109,5778,0.031648183,211.9862976,423973,158.9897246,0.000606857,33446.86328,78634.17188,4.992663383,5.788657665,181.4432373,210.3712311,F070802060704_38,108,070802060704
357,8006,11.79231548,1926.978685,67627.98964,16.70411301,26426.57813,75385.66406,87,4737.620605,39.8580246,464.617218,11.55646896,3.301848412,337.3930165,0.038155495,130.9993235,11.79857985,8080,4201,0.023010387,171.6037052,343208,128.7027784,0.000491253,31164.19922,80123.28125,6.29054451,7.418281078,205.3302917,242.1408386,F070802060704_198,108,070802060704
358,8062,8.327752113,2318.299712,52317.03567,12.92230797,18662.49219,58318.375,45,1895.702637,28.14780235,328.1134338,8.161196709,2.331770658,405.5362125,0.045861752,130.999828,9.86246523,6552,3407,0.018661364,737.1849675,1474371,552.8887285,0.002110353,20558.19531,60214.07813,5.477690697,6.034104824,33.7545166,37.1832428,F070802060804_15,108,070802060804
359,8071,10.14292717,2197.513419,58793.06387,14.52188683,22730.29883,65537.27344,85,4024.014893,34.2830925,399.6313171,9.940068245,2.840019703,268.9515166,0.030415503,138.0830708,11.14104794,6748,3509,0.019220055,231.34067,462680,173.5054998,0.000662263,26754.31445,69561.28906,6.477714062,7.624484062,131.0062103,154.1986542,F070801010301_23,108,070801010301
360,8076,7.775224209,1302.051197,49647.6619,12.26297283,17424.27734,55342.79688,85,3398.069824,26.28025818,306.3438416,7.619719505,2.17706275,251.9446677,0.028492212,138.7443461,11.08021393,5110,2658,0.014558822,236.6973949,473394,177.5230498,0.000677598,20822.34766,58740.86719,6.555408955,7.83384037,98.15219879,117.2937698,F070802060502_30,108,070802060502
361,8130,5.719683647,1163.717892,33805.10419,8.349861145,12817.81152,37682.92188,82,2232.084717,19.33253098,225.3555298,5.605289936,1.601511478,204.6935672,0.023148625,138.9848896,10.67722678,3961,2061,0.011288838,206.2505272,412501,154.6878981,0.000590437,15049.89648,39915.00781,6.219219685,7.302230358,82.86240387,97.29200745,F070802060501_199,108,070802060502
362,8136,14.13341999,2451.421972,73275.66649,18.09909058,31672.99414,81681.19531,73,4307.221191,47.77095795,556.8567505,13.85075188,3.957357645,664.1449824,0.075107602,136.3395345,12.22614123,17140,8913,0.048819706,311.3386766,622676,233.5040078,0.000891275,35980.21484,85988.41406,3.553572893,4.036824226,135.6421814,154.0882111,F070802060503_232,108,070802060503
363,8216,4.149245739,1120.735833,26337.10139,6.505263805,9298.459961,29358.25586,69,1463.294067,14.0244503,163.4802856,4.066260815,1.161788821,150.1856064,0.016984365,139.9725825,10.85867764,2627,1368,0.007493028,142.9933568,285987,107.2450206,0.00040935,10761.75391,30821.55078,6.797119617,7.866779327,86.70294952,100.3473511,F070802060502_28,108,070802060502
364,8222,32.16394043,4258.319305,190834.0066,47.13599777,72079.39063,212724.7656,87,13368.71191,108.714119,1267.259277,31.52066231,9.005903244,1703.993144,0.192703164,130.7035741,11.78952233,41565,21610,0.11836574,854.6398812,1709278,640.9799097,0.002446593,85448.10156,226093.4844,3.335464716,3.954100132,112.4518738,133.308548,F070802060704_300,108,070802060704
365,8287,3.056581259,967.8762234,23749.24957,5.866064548,6849.798828,26473.54883,51,975.2918701,10.33124447,120.4292984,2.995449543,0.855842769,189.6988593,0.021452886,142.332782,12.74470234,4952,2576,0.014109678,192.4064388,384812,144.3048334,0.000550805,7825.09082,27448.83984,2.659083366,3.037690639,47.46756363,54.22611618,F070801010301_476,108,070801010301
366,8289,4.298709393,1227.70139,26250.57005,6.48389101,9633.408203,29261.80078,71,1500.761353,14.52963734,169.3691559,4.212735176,1.203638673,185.8085599,0.021012935,133.0921901,11.97207664,4636,2412,0.013211391,238.759426,477518,179.0695695,0.000683501,11134.16992,30762.5625,3.993950367,4.616156578,53.79701614,62.17790222,F070802060805_98,108,070802060805
367,8303,56.08240891,4617.282565,307788.4867,76.02375793,125680.6797,343095.2188,86,21314.02148,189.558548,2209.646973,54.96076202,15.70307446,1513.673788,0.171180107,131.7240042,11.85367954,36131,18792,0.102930541,810.822852,1621644,608.117134,0.002321157,146994.7031,364409.25,6.687988281,7.822196007,206.6718292,241.7210388,F070802060501_393,108,070802060501
368,8326,11.38924789,1267.974292,62094.61339,15.33736992,25523.30469,69217.54688,86,4299.984863,38.49565887,448.7363586,11.16146278,3.188989401,309.97505,0.03505482,135.2498728,12.1298844,7931,4123,0.022583153,144.3874049,288773,108.2905531,0.00041334,29823.28906,73517.53125,6.190469265,7.233395576,235.6928101,275.4006653,F070802060503_128,108,070802060503
369,8328,2.935749292,1023.196585,22130.21304,5.466162682,6579.01416,24668.79297,83,1479.034302,9.922832489,115.6685257,2.877034187,0.822009802,158.4220274,0.017915815,137.6106466,12.33514484,3778,1964,0.010757534,89.86211413,179724,67.39658613,0.00025725,8058.04834,26147.82813,3.349803448,4.10287571,97.61643219,119.5616684,F070802060503_46,108,070802060503
370,8339,9.02135849,1340.146483,53437.31859,13.19901752,20216.86523,59567.16797,86,3700.476563,30.49219131,355.4415283,8.840930939,2.525980473,314.0288318,0.035513259,132.5455697,11.91910215,7760,4036,0.022106623,271.9196172,543840,203.9397131,0.000778429,23917.3418,63267.64453,5.009134293,5.926001549,99.13157654,117.2765274,F070802060704_218,108,070802060704
371,8405,4.449541092,1000.692318,24748.04314,6.112766743,9971.421875,27586.91602,73,1454.716187,15.03944874,175.3119202,4.360550404,1.245871544,142.3448081,0.016097656,135.0466439,10.76315241,3159,1642,0.008993824,157.6478764,315294,118.235908,0.000451301,11426.1377,29041.63281,6.072729588,6.958671093,84.33496857,96.63847351,F070801010301_329,108,070801010301
372,8411,7.228553295,1664.614341,55586.08375,13.72976303,16199.1875,61962.42188,69,3088.372803,24.43251038,284.8049927,7.083982468,2.023994923,318.2382685,0.0359893,134.4000565,12.06364422,7802,4059,0.022232602,256.350158,512702,192.2626195,0.000733858,19287.56055,65050.79297,3.990930557,4.751801014,84.25552368,100.3188248,F070802060501_183,108,070802060501
373,8430,7.191304684,1373.19534,46635.59641,11.51899242,16115.71387,51985.21094,86,3229.4646,24.30661011,283.3374023,7.047478676,2.013565302,269.1597195,0.030439048,132.2136557,11.88856888,6727,3499,0.019165281,89.97578597,179952,67.48183894,0.000257575,19345.17773,55214.67578,4.605805397,5.528773308,238.815567,286.6723633,F070802060503_59,108,070802060503
374,8434,6.207355976,944.5262804,34531.84733,8.529366493,13910.68457,38493.03125,86,2391.293213,20.98086357,244.5698242,6.083209038,1.73805964,223.7685965,0.025305804,133.318136,11.98883317,5739,2984,0.016344441,94.59277844,189184,70.944585,0.000270792,16301.97754,40884.32422,4.661757469,5.463129044,196.0781708,229.784668,F070802060503_50,108,070802060503
375,8437,6.64949894,2643.09546,52549.49782,12.97972584,14901.52734,58577.50391,66,2792.717773,22.47530556,261.9902649,6.516509056,1.861859679,566.1957233,0.064030602,136.4315968,11.77532571,14022,7293,0.039946383,333.695718,667392,250.2717901,0.000955277,17694.24609,61370.22266,2.043264389,2.42619586,59.54137802,70.70011902,F070802060503_139,108,070802060503
376,8446,6.566734791,1530.215674,38505.63226,9.510890961,14716.05273,42922.65234,70,2170.385498,22.19556427,258.7293396,6.435400009,1.838685751,239.2687126,0.027058699,139.0280393,12.40561906,6184,3216,0.017615188,319.6189732,639240,239.7142307,0.000914979,16886.4375,45093.03906,4.575887203,5.250757694,61.38998413,70.44403076,F070802060501_236,108,070802060501
377,8460,7.784389496,1345.474635,53411.60726,13.19266701,17444.81641,59538.50781,89,3827.720459,26.31123734,306.7049561,7.628701687,2.179629087,268.1628647,0.030326315,132.2135729,11.88856275,6663,3466,0.018984528,195.144702,390288,146.3585262,0.000558644,21272.53711,63366.22656,5.033126354,6.137488842,119.1923447,145.3453827,F070801010301_29,108,070801010301
378,8472,6.086254597,1048.495516,36094.88223,8.915435791,13639.29688,40235.36328,86,2499.531494,20.57154083,239.7984314,5.964529514,1.704151273,188.4624201,0.021313058,134.1876297,12.06017387,4863,2528,0.013846765,80.28662232,160572,60.21496791,0.000229838,16138.82813,42734.89453,5.395291328,6.384030342,226.5100708,268.0202026,F070802060503_51,108,070802060503
379,8479,4.030681133,1314.282192,25715.67816,6.351772308,9032.756836,28665.54883,72,1490.888062,13.62370205,158.8088379,3.95006752,1.128590703,312.989635,0.035395737,134.683843,12.09156219,7981,4149,0.022725565,553.4231787,1106848,415.0673767,0.001584294,10523.64453,30156.4375,2.177092552,2.536429167,21.762146,25.35406303,F070801010301_517,108,070801010301
380,8494,11.96337986,1808.504854,61656.77647,15.22922421,26809.93359,68729.49219,88,4368.959961,40.43622208,471.3571777,11.72411251,3.349746466,308.8762839,0.034930561,130.9997654,11.79861104,7581,3941,0.021586274,198.3358311,396671,148.7518729,0.00056778,31178.89453,73098.45313,6.802824974,7.911417007,180.2325745,209.6033783,F070802060501_49,108,070802060501
381,8500,15.47367001,1793.571768,81482.69526,20.12622643,34676.49609,90829.65625,88,5773.812012,52.30100632,609.6625977,15.16419697,4.332627773,538.3027082,0.060876204,132.2156525,11.89184575,12855,6686,0.036621626,313.1954244,626389,234.8965652,0.00089659,40450.30859,96603.46875,5.186433792,6.050001144,147.624527,172.2047729,F070802060501_399,108,070802060501
382,8530,9.992585182,2534.776235,67067.51425,16.56567574,22393.38281,74760.89844,58,3132.238037,33.77493668,393.7078552,9.792733192,2.797923803,439.8114437,0.049737909,134.2362765,11.55538877,10369,5389,0.029517491,577.4310182,1154863,433.0732578,0.001653022,25525.62109,77893.13281,4.155387402,4.736615658,51.70807266,58.94065475,F070801010301_345,108,070801010301
383,8580,10.00048065,1521.045418,58618.616,14.47879791,22411.07617,65342.81641,89,4200.878418,33.8016243,394.0189514,9.800471306,2.800134659,219.3753462,0.024808975,131.0001766,11.79864011,5041,2622,0.014361637,114.2141531,228429,85.66061389,0.000326963,26611.95508,69543.69531,8.54732132,10.1494875,261.6263733,310.6673279,F070802060501_403,108,070802060501
384,8602,11.99517345,2087.482156,69076.22977,17.06182861,26881.18359,77000.03125,89,4950.318848,40.54368591,472.6098328,11.75527,3.358648539,330.600225,0.037387304,132.0629883,11.87739885,7970,4145,0.022703655,182.9576805,365914,137.2182574,0.000523756,31831.50195,81950.35156,6.485207081,7.679493904,195.9009247,231.9771576,F070802060501_411,108,070802060501
385,8614,3.887391329,1222.16264,23791.24045,5.876436234,8711.643555,26520.35742,56,1072.802246,13.13938236,153.1632233,3.809643507,1.088469625,228.929885,0.02588949,133.4279371,10.62498491,5763,2996,0.016410169,336.9698,673939,252.7273445,0.000964649,9784.445313,27593.16016,2.907758236,3.265836239,34.47052383,38.71541977,F070801010301_335,108,070801010301
386,8618,12.20226383,1545.208688,61961.60682,15.30451679,27345.27344,69069.28125,88,4390.55957,41.24365234,480.7691956,11.95821857,3.416633844,179.0532647,0.020248984,136.3848862,12.21215172,4660,2424,0.01327712,84.3055073,168612,63.22913134,0.000241343,31735.83203,73459.84375,11.28105354,13.09233952,432.4790344,501.9178772,F070802060503_132,108,070802060503
387,8620,7.827025414,1727.917216,44759.0237,11.05547905,17540.36328,49893.375,86,3099.51416,26.45534515,308.3847961,7.67048502,2.191567183,399.3136938,0.045158053,133.1283506,11.96182696,9891,5143,0.02817006,211.6769442,423354,158.7577046,0.000605971,20639.87695,52992.89063,3.410531521,4.013197899,110.4851151,130.008667,F070802060501_481,108,070802060501
388,8703,5.393709183,1095.891314,32375.99158,7.996870041,12087.30273,36089.875,71,1850.955444,18.23073769,212.512146,5.285834789,1.510238528,208.4311454,0.023571304,131.0006104,11.79867061,4962,2581,0.014137065,180.9644017,361929,135.7233043,0.00051805,13938.25781,37940.83203,4.683186054,5.400332451,89.05841827,102.6961288,F070802060501_55,108,070802060501
389,8723,3.683422804,1020.705829,23404.22259,5.780842781,8254.550781,26088.94336,73,1375.724976,12.44996929,145.1268616,3.609754324,1.031358361,158.0547172,0.017874276,133.8328298,12.00855859,4035,2097,0.011486023,228.7292175,457458,171.5469093,0.000654787,9630.275391,27464.66797,3.93636179,4.592405796,48.11832809,56.13785553,F070801010301_124,108,070801010301
390,8740,2.782254457,1219.469107,20676.15343,5.107009888,6235.032227,23047.93555,50,832.442627,9.404020309,109.6208267,2.726609468,0.779031277,144.5987922,0.016352557,135.8535352,12.17694923,3336,1733,0.009492264,170.2579212,340517,127.6934369,0.0004874,7067.474609,23880.37891,3.597825766,4.078173637,48.82813263,55.3472023,F070801010301_425,108,070801010301
391,8751,2.992688894,999.3944266,19080.61006,4.712910652,6706.615723,21269.36523,51,783.5685425,10.11528873,117.9119415,2.932835102,0.837952912,150.841496,0.017058539,136.6646627,12.24017588,4042,2101,0.011507932,226.7811952,453562,170.0858926,0.000649211,7490.184082,22052.93359,3.192106485,3.565056562,39.43075943,44.03765488,F070801010301_229,108,070801010301
392,8779,4.518879414,1176.935283,24447.16018,6.038448334,10126.80859,27251.51758,84,1653.568848,15.27381229,178.0438538,4.428501606,1.265286207,156.9334021,0.017747468,133.8334834,12.01948229,4101,2132,0.011677731,38.87116569,77743,29.15337414,0.000111277,11780.37695,28905.08594,4.749910355,5.525505066,347.3631897,404.0827942,F070802060802_18,108,070802060503
393,8794,4.789291859,1028.881505,24330.65135,6.009670734,10732.80273,27121.64453,74,1449.772949,16.18780708,188.6981049,4.693506241,1.341001749,157.5153731,0.017813282,133.4283534,11.98790468,4023,2092,0.011458636,132.9221606,265845,99.69162197,0.000380519,12182.57617,28571.41797,5.130403042,5.823410988,107.6600266,122.2026062,F070801010602_762,108,070801010602
394,8808,4.917504311,1130.947228,30202.91049,7.460118771,11020.12695,33667.51563,75,1823.999023,16.62116432,193.7496643,4.819154263,1.37690115,158.3650877,0.017909376,130.9991608,11.79856834,3929,2044,0.011195723,189.0832739,378168,141.8124557,0.000541292,12844.12598,35491.51563,5.391451359,6.283819199,77.70915985,90.57121277,F070802060501_131,108,070802060501
395,8819,3.430779457,945.5831947,22183.90661,5.479424953,7688.376953,24728.64453,68,1214.679077,11.596035,135.1727142,3.362163782,0.960618258,167.643982,0.018958718,132.6983917,11.93102064,4242,2206,0.012083055,175.1171749,350233,131.33788,0.000501311,8903.055664,25943.32422,3.485211611,4.035836697,58.53891373,67.78741455,F070802060501_44,108,070802060501
396,8830,17.51833153,2940.571434,102689.6551,25.36434555,39258.58203,114469.2891,76,6284.305664,59.21195984,690.22229,17.16796494,4.905132771,979.70017,0.110793475,130.9995671,11.79859712,24207,12588,0.068949002,784.1912546,1568381,588.1434452,0.002244918,45542.88672,120753.5938,3.118730783,3.617960453,66.75001526,77.43499756,F070802060501_206,108,070802060501
397,8852,3.967803717,1075.94405,25438.138,6.283220291,8891.847656,28356.17383,45,921.7483521,13.41117668,156.3314667,3.888447762,1.110985041,246.5565562,0.027882875,132.0654392,10.6856195,5610,2919,0.015988413,237.0124087,474025,177.7593074,0.0006785,9813.595703,29277.92188,3.046196461,3.361971855,50.02183914,55.20721054,F070801010301_37,108,070801010301
398,8907,10.82108879,1903.646515,60825.20679,15.02382565,24250.06055,67802.52344,79,3869.249512,36.57527924,426.3508911,10.60466671,3.029904842,338.6983917,0.038303119,130.999942,11.79862361,8405,4370,0.023936061,274.8317169,549662,206.1237888,0.000786766,28119.31055,71671.77344,5.549212933,6.434624672,117.6480408,136.4195251,F070802060501_250,108,070802060501
399,8910,3.659634829,1379.314876,30864.50248,7.623532295,8201.241211,34405,66,1640.279175,12.36956596,144.1896057,3.586442232,1.024697781,279.7546867,0.031637224,134.8634422,12.09679508,7099,3691,0.020216934,311.3930864,622786,233.5448153,0.000891431,9841.520508,36045.27734,2.221956491,2.666356087,35.11634827,42.13975143,F070801010602_118,108,070801010602
400,8922,64.73472595,5447.375962,336130.974,83.02435303,145070.5156,374688.9063,90,24359.3457,218.8033752,2550.548096,63.44003296,18.12572289,944.7074865,0.106836182,133.0460239,11.96229442,23388,12163,0.066621124,388.7423787,777483,291.5567792,0.00111286,169429.8594,399048.25,11.92719841,13.92994022,497.5720825,581.1213379,F070802060802_163,108,070802060802
401,8959,8.521190643,1608.903501,45406.91087,11.21550655,19095.98828,50615.58203,78,2851.87915,28.8016243,335.7349243,8.350767136,2.385933399,206.284213,0.02332851,130.9999866,11.79862678,5117,2660,0.014569776,118.0658332,236132,88.54937691,0.000337989,21947.86719,53467.46094,7.178943157,8.251077652,215.6535645,247.8602142,F070802060501_181,108,070802060501
402,8988,5.21238184,2449.412864,43816.01553,10.82255554,11680.94727,48842.19141,64,2258.018066,17.61785126,205.3678436,5.10813427,1.459466934,398.6908437,0.045087615,132.0305786,11.87628807,8407,4371,0.023941539,269.6485943,539297,202.2364502,0.000771928,13938.96484,51100.21094,2.67237401,3.188964844,57.75886154,68.92409515,F070801010602_449,108,070801010602
403,9012,7.897011757,1652.935782,46629.32526,11.51744366,17697.20313,51978.22266,76,2853.561523,26.69190025,311.1422729,7.739071369,2.211163282,381.6344949,0.043158727,130.9995773,11.79859781,9468,4924,0.026970518,333.4489565,666898,250.0867164,0.00095457,20550.76563,54831.78516,3.594070435,4.173591614,70.76426697,82.17456055,F070802060501_66,108,070802060501
404,9082,7.059361458,1745.638989,40810.72452,10.08024883,15820.0293,45492.16406,71,2333.174316,23.86064148,278.138855,6.918174267,1.976621151,343.470957,0.038842844,132.699232,11.93805606,8465,4403,0.024116814,219.3478034,438697,164.5108534,0.000627931,18153.20313,47825.33984,3.593011379,4.122916698,96.16404724,110.3465347,F070801010602_124,108,070801010602
405,9100,7.55614233,2169.348692,45402.60487,11.21444321,16933.31445,50610.78125,58,2120.427002,25.53976059,297.7120056,7.405019283,2.115719795,414.7753826,0.046906602,127.9508301,11.61753769,10059,5231,0.028652068,453.5185626,907039,340.1389246,0.001298296,19053.74219,52731.20703,3.237108469,3.642466545,49.78352356,56.01752853,F070801010301_136,108,070801010301
406,9118,12.07316303,2171.320786,61830.08176,15.27202988,27055.95898,68922.67188,84,4182.092773,40.80729294,475.6826172,11.83169937,3.380485535,196.1938912,0.022187404,134.1867828,12.06010687,4850,2523,0.013819378,84.20969619,168420,63.15727107,0.000241069,31238.05078,73104.76563,10.72372532,12.38131237,428.3902588,494.6073608,F070801010602_135,108,070801010602
407,9139,3.811213493,1637.253828,28784.49496,7.109770298,8540.929688,32086.39258,52,1205.248291,12.88190174,150.1618042,3.734989166,1.067139745,296.1090601,0.033486727,134.0911477,12.03363419,7439,3868,0.021186427,211.157272,422316,158.3679552,0.000604484,9746.177734,33291.64063,2.208099604,2.519694328,53.93091965,61.54135132,F070801010301_75,108,070801010301
408,9221,8.228944778,1679.966048,44585.6749,11.01266193,18441.06445,49700.14453,76,2728.49707,27.81383324,324.2204285,8.064366341,2.304104567,215.4144339,0.024361039,130.9993057,11.79857858,5109,2656,0.014547867,144.6906227,289380,108.5179689,0.000414208,21169.5625,52428.64063,6.943171978,7.970468044,169.9355774,195.0788727,F070802060501_57,108,070802060501
409,9272,4.300503731,1593.009253,29827.47653,7.367386818,9637.428711,33249.01563,52,1248.919434,14.53570271,169.4398499,4.214493752,1.204141021,148.7711453,0.016824405,130.9989746,11.79855537,3038,1581,0.008659705,122.2683401,244536,91.70125628,0.00035002,10886.34766,34497.93359,6.095780373,6.885735512,105.095932,118.7153625,F070801010301_69,108,070801010301
410,9273,5.102621555,1634.904407,29273.92371,7.230659008,11434.97461,32631.96484,47,1107.881592,17.2468605,201.0432892,5.000569344,1.428734064,170.4943175,0.01928106,130.9999949,11.7986269,4180,2174,0.01190778,211.6646042,423330,158.748457,0.000605936,12542.85645,33739.84766,5.259878159,5.769483089,72.03203583,79.01088715,F070801010301_149,108,070801010301
411,9341,11.2653532,2500.546167,67094.53055,16.57234955,25245.65625,74791.01563,45,2431.163574,38.07689285,443.8549194,11.04004574,3.154298782,942.5261048,0.106589491,131.567144,9.983824295,21779,11327,0.062042052,475.5868812,951174,356.6901632,0.001361471,27676.82031,77222.17969,2.228803396,2.443437815,70.77754974,77.59345245,F070802060802_41,108,070802060802
412,9387,3.761501074,948.5910301,24941.6575,6.160589218,8429.523438,27802.73828,75,1506.263916,12.71387386,148.2031403,3.686270952,1.053220272,193.2932602,0.021859374,141.7667058,11.0113515,5099,2652,0.014525958,182.804842,365610,137.1036296,0.000523319,9935.787109,29309.00195,3.178553343,3.746526003,61.48286057,72.46917725,F070801010601_358,108,070801010601
413,9390,9.985309601,1669.501062,51905.59275,12.82068157,22377.07813,57859.73438,89,3719.79248,33.75034714,393.4212036,9.785603523,2.795886755,173.0952654,0.019575199,134.3992096,12.06357727,4328,2250,0.012324059,68.43749142,136875,51.32811666,0.000195917,26096.87109,61579.52734,9.945367813,11.59860897,435.9613953,508.4322815,F070802060802_160,108,070802060802
414,9412,2.446796894,1520.317079,19578.23497,4.835824013,5483.271973,21824.07422,66,1040.475952,8.270173073,96.40380096,2.397861004,0.685103118,164.1415463,0.018562631,132.7058899,10.12918717,3036,1580,0.008654228,106.7598315,213520,80.06987274,0.000305623,6523.748047,22864.55078,3.470425367,4.128954411,68.48108673,81.47569275,F070801010602_642,108,070801010602
415,9444,5.522462368,1857.226398,34220.38681,8.452435493,12375.83789,38145.83984,80,2204.395264,18.66592216,217.585022,5.412013054,1.546289444,443.8326471,0.050192664,132.214762,11.17273695,9785,5090,0.02787976,188.044693,376091,141.0335216,0.000538319,14580.2334,40350.23438,2.431402445,2.864485979,87.7510376,103.3813324,F070802060804_250,108,070802060804
416,9447,14.1218853,1978.287277,79329.72233,19.59444237,31647.14453,88429.71875,86,5493.497559,47.73197174,556.4022827,13.83944798,3.954127789,333.7953727,0.03774864,132.9615009,11.94900373,8405,4371,0.023941539,150.6272224,301255,112.970417,0.000431203,37140.64063,93923.21875,7.240252495,8.497057915,280.1365662,328.7643127,F070802060804_297,108,070802060804
417,9766,13.08341026,1959.567394,73221.52731,18.08571815,29319.92188,81620.84375,87,5129.470703,44.22192764,515.4863892,12.82174206,3.663354874,229.3480441,0.025936779,131.0027949,11.79882463,5174,2691,0.014739575,98.16981757,196340,73.62736249,0.000281033,34449.39063,86750.3125,10.89554882,12.80170631,398.220459,467.8884277,F070802060802_134,108,070802060802
418,9795,21.09404182,2905.55634,117596.4641,29.04632759,47271.74609,131086.0781,83,7859.355469,71.29785919,831.1052246,20.6721611,5.906331539,774.1016176,0.087542507,132.5158454,11.9482637,19162,9964,0.054576411,332.4131907,664826,249.3098936,0.000951605,55131.10156,138945.4375,4.744254112,5.533029079,189.6103973,221.1348267,F070802060804_312,108,070802060804
419,9810,31.01300812,3133.885545,157406.5901,38.87942886,69500.14844,175462.8594,90,11407.22461,104.823967,1221.912476,30.39274788,8.683642387,430.4687682,0.048681354,133.2668335,11.96944342,10296,5353,0.029320306,160.4381313,320876,120.3285995,0.000459289,80907.375,186870.0781,12.9834013,15.114398,577.5863037,672.3869019,F070802060802_228,108,070802060802
420,9823,9.788907051,2193.536259,49823.80866,12.30648041,21936.94141,55539.14453,67,2687.981445,33.08650589,385.6829529,9.593129158,2.740894079,282.5847534,0.031957274,136.2625689,10.81872146,7227,3758,0.020583917,160.9247051,321849,120.6935239,0.000460682,24624.92188,58227.125,5.837398052,6.552666664,181.7574005,204.0285339,F070801010604_30,108,070801010604
421,9833,2.452057123,1444.803067,17736.89631,4.381013393,5495.060059,19771.51367,65,928.336731,8.287953377,96.61105347,2.40301609,0.686576009,236.282087,0.026720944,135.8572366,8.862528241,2733,1422,0.007788805,193.7637635,387528,145.3228243,0.000554691,6423.396973,20699.84961,3.864317894,4.517156601,37.81278229,44.20088196,F070801010602_337,108,070801010602
422,9841,3.674347878,1599.86238,24029.79862,5.935360432,8234.213867,26786.28125,60,1160.956421,12.41929626,144.7693024,3.600860834,1.028817415,230.3284023,0.026047647,137.2377192,12.33767075,2830,1472,0.008062673,173.5386598,347078,130.1539971,0.000496792,9395.169922,27947.23828,5.593895435,6.382588387,63.26516342,72.18502808,F070801010601_412,115,070801010601
423,9966,2.923193693,1082.069368,23876.57305,5.89751339,6550.876953,26615.47852,50,961.2947388,9.880394936,115.1738281,2.864729881,0.81849426,250.7715996,0.028359551,130.9997162,10.02383953,5333,2775,0.015199673,154.6407314,309283,115.980548,0.000442693,7512.171875,27576.77344,2.360676289,2.707088947,56.48254776,64.77096558,F070801010605_72,108,070801010605
424,10068,3.629413605,2255.078148,30978.4492,7.651677132,8133.516113,34532.01953,46,1147.445435,12.26741791,142.9989014,3.556825399,1.016235828,374.5570983,0.04235835,130.9992676,9.668860793,7530,3915,0.021443863,382.0209656,764043,286.5157318,0.001093618,9280.961914,35679.46484,2.077526569,2.370615959,28.38767815,32.39250565,F070801010604_39,108,070801010604
425,10104,9.583909988,1299.796371,50419.76262,12.45368099,21477.54297,56203.46094,59,2395.341064,32.39361572,377.6060486,9.392231941,2.683494806,186.5438048,0.021096083,142.4744263,12.70120656,4844,2519,0.013797469,84.81436881,169628,63.61077614,0.0002428,23872.88477,58598.80078,8.526217461,9.477128029,337.6400146,375.2962341,F070802060804_277,108,070802060804
426,10194,6.447067738,1190.638588,41387.72209,10.22276783,14447.87891,46135.35156,76,2532.792969,21.7910881,254.0144653,6.318126202,1.805179,199.0045185,0.022505255,131.0004338,11.79865823,4938,2570,0.014076814,118.6722322,237343,89.00417376,0.000339725,16980.67188,48668.14453,5.621742725,6.607265472,162.3281097,190.7851257,F070801010604_64,108,070801010604
427,10244,11.16415977,2120.940862,66227.05731,16.35808372,25018.88281,73824.03125,94,5012.770996,37.73485947,439.8678894,10.94087696,3.125964642,259.1972584,0.029312402,136.6660004,11.02544153,6595,3430,0.018787343,148.2627374,296526,111.197053,0.000424434,30031.6543,78836.80469,7.294135094,8.755584717,224.9959106,270.0759888,F070802060804_286,108,070802060804
428,10301,8.423741341,1310.024266,44760.67731,11.05588722,18877.60352,49895.21875,91,3279.8396,28.47224617,331.8954163,8.25526619,2.358647585,158.6191605,0.017938109,134.4001007,10.24470605,4035,2098,0.0114915,79.37371323,158747,59.53028402,0.000227225,22157.44336,53175.05859,8.997904778,10.56122208,317.1092529,372.2045593,F070802060804_181,108,070802060804
