OBJECTID,SiteID,MAX_BuffAreaAc,Shape_Length,Shape_Area,opAcres,DirectCost,DirectCost_CP,meanPIdx,OpportunityCost,bioYield,energyPot,CO2red,N2Ored,SUM_cropAcres,SUM_pctWScropAcres,MEAN_Nrate,MEAN_NO3conc,SUM_cpNO3load,SUM_cpNO3LoadReduced,SUM_cpWSNO3LoadPct,SUM_cpSEDload,SUM_cpSEDloadlbs,SUM_cpSEDLoadReduced,SUM_cpWSSEDLoadPct,TotalCost,TotalCost_CP,DCredNO3,TCredNO3,DCredSED,TCredSED,MLRA,HUC12,FBndID,radial
1,425,3.925587893,795.1967889,21441.23234,5.295984268,3093.363281,30880.88477,83,1432.987427,13.26848698,154.6681671,3.847076178,1.099164605,196.1278988,0.022179941,142.4753914,10.37144439,5128,2667,0.014608118,711.7648783,1423531,533.8236675,0.002037582,4526.350586,32313.87305,1.159866214,1.697169304,5.794728756,8.479111671,104,070801030403,F070801030403_227,32
2,440,2.997896671,789.4966985,16660.90378,4.115243435,2362.342529,23995.98438,74,992.7613525,10.1328907,118.1171265,2.93793869,0.83941108,162.9431525,0.018427105,144.883667,12.89267552,4268,2218,0.012148783,456.6471936,913295,342.485397,0.001307252,3355.104004,24988.74609,1.065077782,1.512670875,6.89764452,9.796341896,105,070801030403,F070801030403_44,32
3,442,6.300794125,1592.816709,41748.89537,10.31197739,4965.025879,60129.14063,83,2790.2146,21.29668427,248.2512817,6.174778461,1.764222383,361.1582367,0.040843084,125.1036502,9.724837522,5900,3068,0.016804539,289.4149556,578831,217.0612189,0.000828513,7755.240234,62919.35547,1.618326545,2.527783632,22.87384987,35.72835541,105,070801030402,F070801030402_132,32
4,562,12.59985256,1881.841279,69850.16189,17.25299072,9928.683594,100602.1875,86,4837.04834,42.58750153,496.4342041,12.34785557,3.527958632,461.7956674,0.052224087,142.5542628,12.10155183,12101,6291,0.034458069,1169.358581,2338717,877.0189344,0.003347544,14765.73242,105439.2344,1.578236103,2.347120047,11.32094574,16.8362751,104,070801030403,F070801030403_42,32
5,600,5.814865589,830.3133896,33624.24928,8.305189133,4582.114258,48427.55859,82,2220.143066,19.65424538,229.1056976,5.698568344,1.628162384,142.8724613,0.016157328,128.458271,11.6389842,3529,1834,0.010045477,333.4805236,666959,250.1103921,0.000954661,6802.257324,50647.70313,2.498426437,3.708973408,18.32036781,27.19701958,105,070801030402,F070801030402_157,32
6,681,3.686141968,1108.392462,27104.29046,6.694759846,2904.679932,39037.14453,69,1505.919312,12.45915985,145.2339935,3.612419128,1.032119751,131.2365717,0.014841434,137.5873432,9.277171146,1659,863,0.004726961,224.8079447,449617,168.6059586,0.000643562,4410.599121,40543.0625,3.365793705,5.110775471,17.22762299,26.15921211,105,070801030405,F070801030405_216,32
7,687,6.197724342,2370.158635,43418.98349,10.72448921,4883.806641,62534.49609,83,2901.832275,20.94830894,244.1903381,6.073770046,1.735362768,278.9722946,0.031548744,135.945988,12.18713717,7129,3707,0.020304572,674.4779055,1348956,505.8584254,0.00193084,7785.638672,65436.32813,1.317455292,2.100253105,9.654493332,15.39094353,105,070801030405,F070801030405_88,32
8,705,6.811369896,918.5540067,38557.01773,9.523583412,5367.359375,55532.01563,87,2701.078613,23.02243042,268.367981,6.675142288,1.907183528,175.9746133,0.019900822,133.3233684,12.007718,4382,2277,0.012471948,411.0037415,822008,308.2528069,0.001176588,8068.437988,58233.09375,2.357206583,3.543451071,17.41219902,26.17474365,104,070801030402,F070801030402_321,32
9,838,5.924518585,1144.449812,34377.48305,8.491238594,4668.520508,49512.41406,83,2297.559326,20.02487373,233.4260254,5.806028366,1.658865213,405.1832772,0.045821839,141.5406464,11.56859176,10616,5521,0.030240502,1101.293045,2202586,825.9697732,0.003152691,6966.080078,51809.97266,0.845593274,1.261742473,5.652168751,8.433819771,104,070801030202,F070801030202_40,32
10,861,5.490739346,1143.540356,33453.5904,8.263036728,4326.702637,48181.76563,70,1885.625,18.55869865,216.3351288,5.380924702,1.537407041,263.781124,0.029830787,148.5661519,10.19363138,7220,3755,0.020567485,621.2526998,1242506,465.939521,0.001778471,6212.327637,50067.39063,1.152251005,1.654414773,9.285974503,13.33290577,104,070801030202,F070801030202_114,32
11,871,5.693407536,1434.933325,35812.33002,8.845645905,4486.405273,51578.96094,53,1528.350586,19.24371719,224.3202515,5.579539299,1.594154119,173.6662851,0.019639775,156.4996735,11.79778622,3418,1778,0.009738745,374.3621297,748724,280.7716025,0.001071693,6014.755859,53107.3125,2.523287535,3.38287735,15.97884274,21.4222374,105,070600060901,F070600060901_57,32
12,892,3.904891729,1194.651255,23837.86617,5.887952805,3077.054688,34332.65234,77,1477.994019,13.19853401,153.8527374,3.826793909,1.093369722,136.6278362,0.015451128,134.6429509,10.70376091,3131,1628,0.008917141,325.301115,650602,243.9758306,0.000931245,4555.048828,35810.64453,1.890082717,2.797941446,12.61212921,18.67008209,105,070801030405,F070801030405_529,32
13,961,8.549021721,1558.201884,50527.76035,12.48035717,6736.628906,72772.96094,82,3336.248779,28.89569283,336.8314514,8.378041267,2.39372611,267.3463853,0.03023398,138.9333847,10.53671835,5740,2983,0.016338964,250.1240671,500249,187.5930504,0.000716035,10072.87793,76109.21094,2.25834012,3.37676096,35.91086578,53.69536972,105,070801030405,F070801030405_337,32
14,964,6.340964794,1169.909898,35399.87162,8.743768692,4996.680176,50984.91406,81,2308.879639,21.43246078,249.8340149,6.21414566,1.775470138,161.2125654,0.018231395,134.4529604,12.06495244,4104,2134,0.011688685,49.20708275,98414,36.90531224,0.000140866,7305.55957,53293.79297,2.341462135,3.423411131,135.3918915,197.9541473,104,070801030403,F070801030403_73,32
15,995,3.165307283,962.5387955,21544.18004,5.321412563,2494.262207,31029.15625,79,1370.476563,10.69873905,124.7131042,3.10200119,0.88628602,168.9005783,0.019100826,143.2591476,11.50146552,4329,2251,0.012329536,229.3493854,458698,172.0120405,0.000656563,3864.73877,32399.63281,1.108068466,1.716898561,14.50050926,22.46783829,105,070801030405,F070801030405_279,32
16,1082,3.216822147,1464.423344,23335.93622,5.763976097,2534.855957,33609.74609,65,1221.386475,10.872859,126.7427902,3.152485609,0.900710225,187.9142501,0.021251066,131.0012951,8.894522764,4078,2123,0.011628434,197.9250214,395850,148.443767,0.000566604,3756.242432,34831.13281,1.193997145,1.769308686,17.0762043,25.30414391,105,070801030601,F070801030601_187,32
17,1107,3.840711832,989.7951125,21024.75801,5.193115234,3026.480957,30281.05469,86,1455.941772,12.98160553,151.3240509,3.763897657,1.07539928,199.6120303,0.022573958,132.2143947,11.8886201,4975,2587,0.014169929,369.4257327,738853,277.0692979,0.001057562,4482.422852,31736.99609,1.169880509,1.732672095,10.92319107,16.17798424,104,070801030405,F070801030405_228,32
18,1116,6.020910263,1229.527361,38118.58667,9.415290833,4744.477051,54900.5625,84,2578.283203,20.35067749,237.2238617,5.900492191,1.685854912,276.4011383,0.031257974,131.6088191,11.84373822,6880,3578,0.019597992,473.4063202,946814,355.0547384,0.001355229,7322.760254,57478.84375,1.326013684,2.046607018,13.36266327,20.62431335,104,070801030405,F070801030405_226,32
19,1120,5.317327499,1610.889925,34985.37436,8.641387939,4190.054199,50387.93359,71,2000.13562,17.9725666,209.5027008,5.210980892,1.488851666,131.8073158,0.014905979,142.332695,12.69832945,3510,1824,0.009990704,254.2420669,508483,190.68155,0.000727823,6190.189941,52388.07031,2.297178745,3.393744469,21.97409439,32.46349716,104,070801030401,F070801030401_590,32
20,1137,13.17850685,1823.423349,67026.73877,16.55560493,10384.66309,96535.73438,87,4695.500488,44.54335403,519.2331543,12.91493702,3.689981937,376.3575184,0.042561958,138.5934906,12.3861618,10081,5244,0.028723273,183.8645725,367730,137.898428,0.000526352,15080.16406,101231.2344,1.980294228,2.875698805,75.30661011,109.3570404,104,070801030202,F070801030202_235,32
21,1156,9.839065552,1296.375752,58402.12451,14.42532444,7753.183594,84114.07031,89,4185.36377,33.25604248,387.6591797,9.642284393,2.754938364,242.1716406,0.027386989,132.2138694,11.88858277,6036,3139,0.017193432,134.371003,268742,100.778255,0.000384666,11938.54688,88299.4375,2.469953299,3.803296328,76.93309784,118.4635239,104,070801030202,F070801030202_377,32
22,1172,1.943847299,850.8099584,12677.9347,3.131449938,1531.751709,18259.48438,85,867.7247314,6.570203781,76.58758545,1.904970407,0.544277251,159.4758254,0.018034988,138.2246437,12.36180329,4128,2147,0.011759891,103.9221517,207843,77.94161172,0.0002975,2399.476563,19127.20898,0.713438153,1.117595077,19.65255356,30.78556442,104,070801030405,F070801030405_331,32
23,1215,7.527739048,1774.025835,49943.82073,12.33612347,5931.858398,71931.9375,80,3217.593994,25.44375801,296.592926,7.377184391,2.107766867,669.1333042,0.075671728,137.5424721,12.32482897,17480,9091,0.049794676,1136.942984,2273885,852.70723,0.003254747,9149.452148,75149.53125,0.652497888,1.006429672,6.95650053,10.72988701,104,070801030401,F070801030401_503,32
24,1247,2.523933411,670.7935047,14814.0698,3.65907526,1988.859497,21336.06836,84,1002.001221,8.530895233,99.44297791,2.473454714,0.706701338,158.7694824,0.017955108,138.0835215,12.3453118,4283,2227,0.01219808,70.35295916,140707,52.76471834,0.000201401,2990.86084,22338.07031,0.893066704,1.342999935,37.69298172,56.68296814,104,070801030202,F070801030202_190,32
25,1260,11.11246395,2492.481235,76559.89212,18.91029358,8756.62207,110265.9219,57,3513.910645,37.56012726,437.8310852,10.89021492,3.111490011,501.6176987,0.056727527,137.2983314,9.530794313,10531,5478,0.030004976,426.449111,852898,319.8368301,0.001220804,12270.5332,113779.8359,1.598507166,2.239965916,27.37840462,38.36497879,105,070801030601,F070801030601_375,32
26,1267,14.9389658,1809.570342,84837.40004,20.9548378,11771.90527,122187.6563,86,5874.898438,50.49370575,588.5952759,14.64018631,4.182910442,322.9430523,0.036521361,133.429585,11.97866917,8115,4222,0.023125412,88.5698719,177141,66.42740345,0.000253551,17646.80469,128062.5547,2.788229465,4.179726124,177.2145996,265.6554871,104,070801030405,F070801030405_323,32
27,1312,10.55043793,1248.557279,58077.12425,14.34504986,8313.745117,83645.98438,89,4162.072754,35.6604805,415.6872559,10.3394289,2.954122543,189.0623948,0.021380909,134.3986842,12.0690163,4820,2507,0.01373174,103.3200152,206640,77.49001235,0.000295776,12475.81836,87808.05469,3.316212654,4.976393223,107.2879562,160.999054,104,070801030405,F070801030405_127,32
28,1324,7.576083183,1660.057855,45612.73717,11.26634598,5969.953613,65694.0625,77,2828.078125,25.60716057,298.4976807,7.424561501,2.12130332,332.4363079,0.037594945,140.1370697,12.5277003,8659,4501,0.024653595,218.3931141,436786,163.7948332,0.000625198,8798.03125,68522.14063,1.326361656,1.954683661,36.44775391,53.71372986,104,070801030401,F070801030401_507,32
29,1337,34.18698502,4212.946905,193092.1598,47.69376373,26939.34375,278102.3438,68,10572.75391,115.5520096,1346.967163,33.50324631,9.572356224,2257.270004,0.255272783,136.6553955,12.03053495,57860,30092,0.164824704,1054.363347,2108727,790.7725123,0.003018345,37512.09766,288675.0938,0.895232737,1.246580362,34.06712341,47.43728256,104,070801030202,F070801030202_269,32
30,1376,10.38791943,2100.442684,67250.52451,16.6108799,8185.680664,96858.03906,67,3628.148438,35.11116791,409.2840271,10.18016148,2.908617496,451.7212858,0.051084784,134.7778998,11.00599054,11398,5926,0.032458833,458.3231745,916647,343.742382,0.00131205,11813.8291,100486.1875,1.381316304,1.993558764,23.81341743,34.36826324,104,070801030202,F070801030202_214,32
31,1407,6.035864353,2126.920076,47107.09946,11.63545322,4756.26123,67846.32813,81,3072.457764,20.40122223,237.8130493,5.915146828,1.690042019,290.506633,0.032853153,142.0521179,10.77822294,6869,3571,0.019559651,387.2312908,774464,290.4234633,0.001108534,7828.71875,70918.78906,1.331912994,2.192304373,16.37698746,26.95622063,104,070801030601,F070801030601_25,32
32,1430,18.98306656,1932.924485,100450.1696,24.81119156,14958.65625,144674.0625,86,6956.06543,64.1627655,747.9328003,18.603405,5.315258503,496.8435514,0.056187623,134.0694453,12.03270745,12479,6488,0.035537109,272.3562948,544712,204.2672221,0.000779679,21914.72266,151630.125,2.305588245,3.377731562,73.2308197,107.2845764,104,070801030202,F070801030202_266,32
33,1462,6.127296925,1022.012946,33324.36171,8.231117249,4828.310059,47995.64453,90,2415.009766,20.71026421,241.4154968,6.004751205,1.715643167,167.901844,0.01898788,136.1001404,12.1896307,4398,2287,0.012526721,62.12429166,124248,46.59321785,0.000177844,7243.319824,50410.65625,2.111198187,3.167171001,103.6268845,155.4586792,104,070801030401,F070801030401_481,32
34,1470,7.711611748,1287.806918,42923.5305,10.60211182,6076.75,61820.91406,86,2972.407959,26.06524849,303.8374939,7.557379723,2.159251213,266.3475177,0.030121019,135.945239,12.18706721,6785,3530,0.019335079,117.9759938,235951,88.48199664,0.000337732,9049.158203,64793.32031,1.721458912,2.563500881,68.67781067,102.2711792,104,070801030401,F070801030401_510,32
35,1485,6.252950191,1212.111954,33168.53444,8.192627907,4927.324707,47771.21484,85,2270.177246,21.13497162,246.3662415,6.127891064,1.750826001,136.2784743,0.015411619,138.6501846,12.39495214,3633,1891,0.010357687,50.55788818,101115,37.91841721,0.000144733,7197.501953,50041.39063,2.605671406,3.806188345,129.9454193,189.8154602,104,070801030202,F070801030202_196,32
36,1520,34.05105209,3500.010312,174179.6043,43.02236176,26832.22852,250863.3906,82,11500.7373,115.0925598,1341.61145,33.37002945,9.534294128,874.0187554,0.098842052,138.8075042,12.40872196,22641,11774,0.064490431,353.0368941,706074,264.7776686,0.001010645,38332.96484,262364.125,2.278939009,3.255729914,101.3387146,144.7741547,104,070801030401,F070801030401_485,32
37,1525,5.702222347,958.1630436,32959.33842,8.140956879,4493.351074,47469.91797,80,2123.161621,19.27351189,224.6675568,5.588177681,1.596622229,238.3853703,0.026958803,135.722546,12.16309071,6099,3172,0.017374185,577.4558258,1154911,433.0918655,0.001653093,6616.512695,49593.07813,1.416567206,2.085911989,10.37505341,15.27738857,104,070801030601,F070801030601_390,32
38,1542,15.84673309,2171.314651,95685.44842,23.63430595,12487.22559,137811.6406,84,6472.018555,53.56195831,624.3612671,15.52979851,4.437085152,513.1350993,0.058030021,138.2604475,12.38210291,13139,6833,0.037426798,538.4738164,1076947,403.8553641,0.001541499,18959.24414,144283.6563,1.827488065,2.774658918,30.92004395,46.94562912,104,070801030405,F070801030405_282,32
39,1548,9.928789139,2036.565624,60860.9891,15.0326643,7823.885742,87655.46875,85,4165.55127,33.5593071,391.1943054,9.730213165,2.780061007,420.3188338,0.047533506,148.7721585,13.24953036,11389,5923,0.032442401,557.2126002,1114425,417.9094537,0.001595143,11989.4375,91821.02344,1.320932984,2.024217129,18.72148514,28.68907928,104,070801030601,F070801030601_38,32
40,1583,2.930925846,794.241736,15860.37899,3.917513609,2309.56958,22843.02148,68,868.4343872,9.906529427,115.4784775,2.872307301,0.82065922,144.8015709,0.016375489,140.0669128,12.49947929,3788,1970,0.010790398,48.15255547,96305,36.11441708,0.000137847,3178.003906,23711.45508,1.172370315,1.613199949,63.95145798,87.99820709,104,070801030202,F070801030202_201,32
41,1627,36.09437943,2731.243322,188095.8901,46.45968628,28442.37109,270906.4375,89,13479.81348,121.9990005,1422.11853,35.37248993,10.10642624,590.7205962,0.0668041,135.7225901,12.17500827,15220,7915,0.043353301,157.1457057,314293,117.8592776,0.000449864,41922.18359,284386.25,3.593477011,5.296548843,241.3248444,355.6969299,104,070801030202,F070801030202_166,32
42,1788,5.220064163,924.6608397,30136.81523,7.443793297,4113.410645,43404.75781,86,2086.941895,17.64381599,205.6705322,5.115663052,1.461617947,151.9619431,0.017185249,134.4003815,12.05061378,3777,1964,0.010757534,200.6663366,401333,150.4997521,0.000574451,6200.352539,45491.69922,2.094404697,3.157002211,27.33167648,41.19842529,104,070801030401,F070801030401_519,24
43,1828,13.8457737,2372.114986,82538.36464,20.38697624,10910.46973,118876.4609,54,3588.92334,46.79871368,545.5234985,13.56885815,3.87681675,547.0861362,0.061869515,141.3593477,12.60565758,14313,7444,0.040773465,263.6158525,527230,197.7118892,0.000754658,14499.39258,122465.3828,1.46567297,1.947795868,55.18368149,73.33596802,104,070801030405,F070801030405_253,32
44,1879,7.817008018,1404.561207,41914.58048,10.35290146,6159.802246,60367.76953,87,2936.289795,26.42148781,307.9901123,7.660667896,2.188762188,266.8004495,0.03017224,133.1253376,11.95612395,6717,3493,0.019132417,231.7371259,463475,173.8028466,0.000663398,9096.091797,63304.05859,1.763470411,2.604091644,35.44131851,52.33568954,104,070801030406,F070801030406_572,32
45,1895,5.509480476,1059.733904,31586.21031,7.801794052,4341.470703,45492.26172,88,2238.178711,18.62204361,217.0735321,5.399291039,1.542654514,149.6759275,0.016926726,142.1722172,12.6761476,4003,2081,0.011398385,107.0389366,214079,80.27920198,0.000306422,6579.649414,47730.44141,2.086242437,3.161772966,54.07964325,81.95957947,104,070801030403,F070801030403_258,24
46,1919,15.99126816,1749.861542,84451.06658,20.85941315,12601.11914,121631.2344,87,5916.146973,54.05048752,630.0559692,15.67144299,4.477555275,378.0802622,0.042756782,139.2164288,12.43133628,9806,5099,0.027929056,325.0942316,650187,243.8206749,0.000930653,18517.26563,127547.3828,2.471292257,3.631548405,51.68191528,75.94625092,104,070801030401,F070801030401_646,24
47,1928,10.72625828,1436.466868,58887.85049,14.54529953,8452.291992,84813.64063,90,4267.59082,36.25475311,422.614563,10.51173306,3.003352404,250.5321255,0.028332469,133.8333664,12.01214027,6253,3252,0.017812373,139.5391016,279079,104.6543288,0.000399461,12719.88281,89081.23438,2.599105835,3.911403179,80.76390076,121.5418701,104,070801030202,F070801030202_180,32
48,1945,11.71753788,1624.318201,63120.94304,15.59087276,9233.419922,90910.38281,90,4574.362305,39.60527802,461.67099,11.48318672,3.280910492,254.8215122,0.028817552,134.30513,12.04592005,6449,3352,0.018360109,130.7061119,261412,98.02958322,0.000374175,13807.78223,95484.74219,2.754600286,4.119266987,94.19013977,140.8532104,108,070801030202,F070801030202_243,32
49,1977,18.052145,1807.92486,110332.496,27.25212669,14225.08984,158907.1563,79,7018.512695,61.01625061,711.2545166,17.69110298,5.054600716,548.0551265,0.061979097,140.2410243,12.51167158,14451,7515,0.041162357,626.5935402,1253189,469.9451511,0.001793761,21243.60156,165925.6719,1.892892838,2.826826572,30.26968193,45.20442581,104,070801030403,F070801030403_128,24
50,2009,11.85756874,1320.094729,63023.13203,15.56671333,9343.764648,90769.50781,69,3501.576416,40.07858276,467.1882019,11.62041759,3.320119143,224.1294235,0.02534661,136.7802231,12.2557291,5676,2952,0.016169165,100.0351395,200070,75.02635589,0.000286372,12845.34082,94271.08594,3.165231943,4.35140276,124.5397644,171.2110443,104,070801030601,F070801030601_214,32
51,2098,18.57230377,2097.429152,101466.0503,25.06211472,14634.97559,146137.1875,82,6699.604492,62.77438736,731.7487793,18.20085716,5.200244904,478.842904,0.054151945,137.7999207,12.34201578,12477,6488,0.035537109,188.4892004,376977,141.3669003,0.000539591,21334.58008,152836.7969,2.255699158,3.288313866,103.524765,150.9163818,104,070801030601,F070801030601_114,32
52,2100,10.77532101,1774.287223,62876.41039,15.53047371,8490.953125,90558.19531,88,4455.382324,36.42058563,424.5476379,10.55981445,3.017089844,328.660203,0.037167908,132.8893255,11.94100046,8274,4303,0.023569078,155.6957395,311391,116.771805,0.000445713,12946.33594,95013.57813,1.973263621,3.008676767,72.71406555,110.8686829,108,070801030202,F070801030202_178,32
53,2222,12.13383198,2153.855774,88204.48585,21.78650856,9561.459961,127037.1328,83,5894.993652,41.01235199,478.0729675,11.89115524,3.397472858,159.9387183,0.018087336,134.2455008,12.0432291,4044,2103,0.011518887,147.8619695,295724,110.8964787,0.000423287,15456.45313,132932.125,4.546581268,7.349716187,86.21968842,139.3773193,108,070801030406,F070801030406_389,32
54,2232,9.193098068,1336.862251,59559.48275,14.71119213,7244.161133,85780.96094,75,3596.886475,31.07267189,362.2080688,9.009236336,2.574067354,264.9721169,0.029965476,144.3173923,12.84985256,7165,3727,0.020414119,375.9243264,751848,281.943244,0.001076165,10841.04785,89377.84375,1.943697691,2.908786535,25.69368553,38.45117188,104,070801030406,F070801030406_536,24
55,2235,8.603321075,1369.872489,45884.46199,11.33346176,6779.416992,66085.41406,89,3288.290527,29.07922554,338.9708557,8.431254387,2.408929825,178.8839593,0.020229838,131.0007233,11.79867859,4438,2308,0.012641746,111.475195,222951,83.60639822,0.000319122,10067.70703,69373.70313,2.937355757,4.362091541,81.08729553,120.4179001,108,070802060301,F070802060301_146,32
56,2246,27.7173996,3234.084798,150789.0405,37.24489212,21841.31055,217174.9688,84,10199.1416,93.68481445,1092.065552,27.16305161,7.760871887,1091.49068,0.123435771,133.2910473,11.97256283,27249,14170,0.077614185,754.8187452,1509637,566.1140676,0.002160833,32040.45313,227374.1094,1.541376948,2.261147022,38.58111191,56.59716797,108,070801030406,F070801030406_674,32
57,2278,6.372920036,1311.30151,40140.41507,9.914682388,5021.86084,57812.51172,84,2715.036621,21.54047012,251.0930481,6.245461464,1.784417629,262.7234188,0.029711172,142.9113401,12.7757287,7283,3788,0.020748238,317.9132488,635827,238.4349424,0.000910096,7736.897461,60527.54688,1.325728893,2.042475462,21.06176567,32.44867325,108,070802060301,F070802060301_125,32
58,2335,12.79646111,1501.127327,69329.99452,17.1245079,10083.61133,99853.00781,53,2958.772461,43.25203705,504.1805725,12.54053211,3.583009005,209.433969,0.023684713,144.3877735,12.88048244,5815,3023,0.016558058,45.06238598,90125,33.79678911,0.000129001,13042.38379,102811.7813,3.335630655,4.31438446,298.3600464,385.9060059,104,070801030404,F070801030404_112,24
59,2336,8.692169189,1181.596593,44497.0885,10.99078083,6849.429199,64087.24219,53,1898.987061,29.37953186,342.4714661,8.518325806,2.433807373,185.9962761,0.021034164,133.54883,12.00140882,4716,2452,0.013430486,89.60330248,179208,67.20247781,0.000256509,8748.416016,65986.22656,2.793405056,3.567869425,101.9222717,130.1799622,104,070801030602,F070801030602_64,32
60,2397,5.914209366,1059.471803,31984.24136,7.900107384,4660.396973,46065.52734,52,1339.226196,19.99002838,233.0198517,5.79592514,1.65597868,153.6937913,0.017381103,138.2859475,12.3665296,4004,2082,0.011403863,58.01832071,116036,43.51374142,0.00016609,5999.623047,47404.75391,2.238423109,2.881663322,107.1017303,137.8788147,104,070801030602,F070801030602_27,32
61,2400,6.614554882,1172.691844,37051.65541,9.151759148,5212.269043,53363.90625,80,2386.778809,22.3571949,260.6134644,6.482263565,1.852075338,225.5727423,0.025509833,141.5961624,11.58404726,5693,2961,0.016218462,265.4269042,530854,199.0701745,0.000759842,7599.047852,55750.68359,1.760306954,2.566378832,26.18307304,38.17271042,104,070801030406,F070801030406_200,24
62,2490,3.870684147,1255.709622,22131.90792,5.466581345,3050.099121,31875.63672,76,1354.400146,13.08291245,152.5049591,3.79327035,1.083791614,154.0485016,0.017421217,141.2709541,12.58778369,3984,2071,0.011343612,271.0154676,542031,203.2616044,0.000775841,4404.499023,33230.03516,1.472766399,2.126749992,15.00578117,21.66911507,108,070801030406,F070801030406_397,24
63,2501,5.36690712,866.8495883,32080.65073,7.923920631,4229.123047,46204.38281,85,2195.718506,18.14014626,211.4561462,5.259569168,1.502733946,149.9876648,0.01696198,145.0858808,12.90598461,4130,2147,0.011759891,179.4182583,358837,134.563693,0.000513624,6424.841797,48400.10156,1.969782472,2.992474079,31.42841148,47.74573135,104,070801030406,F070801030406_173,24
64,2536,6.368912697,1187.283466,34573.37536,8.53962326,5018.703125,49794.54297,86,2394.168701,21.52692413,250.9351654,6.241534233,1.783295512,147.5784159,0.01668952,135.5349426,10.63125329,3384,1760,0.009640153,309.1471579,618295,231.8603734,0.000885001,7412.87207,52188.71094,2.851535797,4.211859226,21.64536858,31.97127724,108,070801030406,F070801030406_473,24
65,2549,18.11257553,2247.786892,95093.07413,23.48798943,14272.70996,136958.4688,78,5972.525879,61.22050476,713.635498,17.75032425,5.071521282,363.3662167,0.041092782,134.3055471,12.04595645,9169,4768,0.02611605,279.8285675,559658,209.8714247,0.00080107,20245.23633,142931,2.993437529,4.246064663,68.00692749,96.46495056,108,070802060301,F070802060301_255,32
66,2570,1.765014768,921.9144892,11047.54254,2.728743076,1390.831665,15911.30078,80,711.6561279,5.965749741,69.5415802,1.729714513,0.494204134,147.7986159,0.016714422,138.8627586,12.4411341,3683,1916,0.010494621,47.44717719,94894,35.58538349,0.000135828,2102.487793,16622.95703,0.725903809,1.097331882,39.08435059,59.08290482,104,070801030404,F070801030404_144,24
67,2629,5.453337669,816.9239349,31879.60944,7.874263763,4297.22998,45914.83203,84,2156.28833,18.43228149,214.8615112,5.344270706,1.526934505,175.8469701,0.019886387,143.3045676,12.7801624,4849,2520,0.013802946,193.0031707,386006,144.752376,0.000552514,6453.518555,48071.12109,1.705250025,2.56092,29.68676567,44.5831604,104,070801030406,F070801030406_19,24
68,2676,4.910779476,1522.414962,31700.36826,7.829990864,3869.694336,45656.67578,76,1939.958374,16.59843445,193.4847107,4.812563896,1.375018239,216.7341304,0.024510282,143.1426828,12.72643934,5763,2998,0.016421124,547.0603704,1094121,410.2952826,0.00156608,5809.652832,47596.63281,1.29075861,1.937842846,9.43148613,14.15968704,108,070801030406,F070801030406_581,24
69,2680,3.302532434,971.4486057,21753.3558,5.373078823,2602.395508,31330.42188,79,1383.782715,11.16255951,130.1197815,3.236481667,0.924709082,176.75138,0.019988666,140.0663208,12.49943352,4635,2410,0.013200437,216.0705938,432140,162.0529432,0.000618549,3986.178223,32714.20508,1.079832196,1.654015899,16.05892181,24.59799957,108,070802060602,F070802060602_229,24
70,2686,4.126859665,982.4411994,26399.62357,6.52070713,3251.965332,38022.24219,81,1721.85791,13.94878578,162.5982666,4.044322491,1.155520678,145.1899973,0.016419416,137.3755188,12.28740454,3759,1954,0.010702761,271.3857566,542770,203.5393137,0.000776901,4973.823242,39744.10156,1.664260626,2.545457125,15.97708702,24.4366703,108,070802060602,F070802060602_43,32
71,2698,6.425935268,1366.897382,43737.49228,10.80316067,5063.637207,62993.23047,77,2711.809326,21.71966171,253.1818542,6.297416687,1.799261928,268.3916673,0.03035219,139.8163367,12.46804057,7076,3679,0.020151206,564.0909467,1128182,423.0682202,0.001614833,7775.446289,65705.03906,1.376362324,2.113467216,11.96884346,18.37870598,108,070802060301,F070802060301_161,32
72,2725,4.555336952,862.1578311,30292.33873,7.482207775,3589.605469,43628.75391,71,1731.831787,15.39703846,179.4802704,4.464230061,1.275494337,153.64238,0.017375289,133.477972,11.98403811,3917,2038,0.011162859,75.82981909,151661,56.87236348,0.000217079,5321.4375,45360.58594,1.76133728,2.611107588,63.11686707,93.56807709,104,070801030602,F070801030602_38,32
73,2755,13.1842289,3287.56845,102731.1028,25.37458229,10389.17285,147959.1875,88,7279.459961,44.56269455,519.4586182,12.92054462,3.69158411,653.9420613,0.073953763,138.8577069,10.95921725,15438,8028,0.043972242,915.6228312,1831245,686.717135,0.00262117,17668.63281,155238.6406,1.294117212,2.200875998,15.12875175,25.72912788,108,070802060301,F070802060301_88,32
74,2780,3.761915445,1096.056938,25483.66869,6.294466019,2964.389404,36703.03125,67,1374.83728,12.71527386,148.2194672,3.686677217,1.053336382,226.7791629,0.025646266,145.8745689,12.94986486,6161,3205,0.017554937,633.7550487,1267511,475.3162961,0.001814262,4339.226563,38077.86719,0.924926519,1.353892803,6.236666679,9.129135132,108,070801030406,F070801030406_436,24
75,2818,7.288174152,1421.680815,48826.70111,12.06019497,5743.081055,70323,88,3459.828613,24.63402939,287.1540527,7.142410755,2.040688753,249.5015848,0.028215926,133.4279327,10.63314132,6130,3189,0.0174673,236.2847025,472568,177.213523,0.000676416,9202.910156,73782.82813,1.80090344,2.885829449,32.40769196,51.93119431,108,070802060602,F070802060602_228,24
76,2844,3.441472292,906.3747136,19239.09558,4.752056599,2711.880127,27709.24219,76,1177.369507,11.6321764,135.5940094,3.372642756,0.963612258,215.6942201,0.02439268,137.0447167,12.27342796,5622,2924,0.016015799,103.9318061,207863,77.94885325,0.000297527,3889.249512,28886.61133,0.927455604,1.330112696,34.79050827,49.89488983,104,070801030602,F070801030602_100,32
77,2929,4.857765198,1043.84778,30163.78182,7.450454235,3827.918945,43443.59766,66,1603.039673,16.41924667,191.3959503,4.760610104,1.360174298,114.6109612,0.012961258,139.9052102,11.09450464,2930,1524,0.008347496,120.292376,240585,90.21928191,0.000344363,5430.958496,45046.63672,2.511757851,3.563621044,42.42905426,60.19731522,108,070801030406,F070801030406_251,16
78,2938,4.60598278,1000.027391,26490.47782,6.543148041,3629.514404,38153.09766,86,1834.437012,15.56822205,181.4757233,4.513863087,1.289675236,170.7403104,0.019308879,130.999176,11.79856944,4236,2203,0.012066623,118.1895511,236379,88.64216292,0.000338343,5463.951172,39987.53516,1.647532582,2.480232,40.94569016,61.64054489,108,070802060602,F070802060602_226,24
79,2944,5.119454384,1493.64088,34006.58462,8.399626732,4034.130127,48978.22266,83,2272.770752,17.30375671,201.7064972,5.017065525,1.433447242,200.7698812,0.022704898,131.0001945,11.7986412,4981,2590,0.014186361,327.887207,655774,245.9154005,0.000938649,6306.900879,51250.99219,1.55757916,2.435096979,16.40454483,25.64662743,108,070802060302,F070802060302_76,32
80,2952,11.53702545,2163.166941,70395.78465,17.38775826,9091.175781,101388.0156,86,4874.832031,38.99514771,454.5588074,11.3062849,3.230367184,360.4655125,0.040764744,131.0004333,11.79865818,8943,4651,0.025475199,386.4947677,772989,289.8710817,0.001106426,13966.00781,106262.8438,1.954671264,3.002796888,31.36282349,48.18006516,108,070802060602,F070802060602_79,32
81,3020,13.84180355,2500.792474,79079.07707,19.53253174,10907.34082,113894.1953,80,5094.084473,46.78529739,545.3670654,13.56496716,3.875705004,266.7950023,0.030171624,138.2139282,10.6364294,5871,3055,0.016733333,196.4324752,392865,147.3243568,0.000562331,16001.42578,118988.2813,3.570324421,5.237782478,74.03623962,108.6135788,104,070801030604,F070801030604_92,32
82,3047,3.11562705,1143.473031,18272.92396,4.513411999,2455.114014,26317.70508,62,912.2508545,10.53081989,122.7557068,3.053314447,0.872375548,164.5187749,0.018605291,142.3357086,4.984288295,2394,1245,0.006819313,68.44549084,136891,51.33411694,0.00019594,3367.364746,27229.95508,1.971979141,2.704710722,47.82616806,65.59701538,108,070801030406,F070801030406_550,24
83,3052,9.083272934,1790.583843,52578.59457,12.98691273,7157.619141,75726.6875,67,2836.601563,30.70146179,357.8809509,8.901607513,2.543316364,443.9102012,0.050201435,133.6152649,11.99745457,11101,5772,0.031615319,172.150944,344302,129.1132063,0.00049282,9994.220703,78563.28906,1.24005878,1.731500506,55.43677139,77.40664673,104,070801030603,F070801030603_545,24
84,3053,2.317335606,700.4680225,13766.19942,3.40025115,1826.060425,19826.86523,54,598.5803223,7.832594395,91.30302429,2.270988941,0.648853958,122.7655792,0.013883457,130.9998118,11.7986145,3046,1583,0.00867066,52.25550974,104511,39.19163183,0.000149593,2424.640625,20425.44531,1.153544188,1.531674385,46.59312057,61.86628342,104,070801030603,F070801030603_554,24
85,3060,5.946671009,997.6604663,31524.66952,7.786593437,4685.976563,45403.625,74,1878.437744,20.09974861,234.2988434,5.827737808,1.665067911,106.6556187,0.012061595,149.1333656,13.28496814,2703,1405,0.00769569,125.5907723,251182,94.19308137,0.000359531,6564.414063,47282.0625,3.335214615,4.672180653,49.74862671,69.69104004,108,070801030406,F070801030406_453,16
86,3064,3.975175619,855.2522373,26036.31149,6.430968761,3132.438477,37498.98047,65,1362.72229,13.43609333,156.6219177,3.895672083,1.11304915,174.2424574,0.019704934,147.2706866,13.06686796,4830,2512,0.013759127,594.8587331,1189717,446.1440619,0.001702913,4495.160645,38861.70313,1.246989846,1.789474726,7.021136761,10.0755806,108,070801030406,F070801030406_560,24
87,3068,9.071006775,1394.170756,45946.64964,11.34882259,7147.953125,66174.98438,53,1960.849365,30.66000366,357.3976746,8.889586449,2.539881945,153.0258107,0.017305561,132.888827,10.39940131,3666,1906,0.010439847,49.09308004,98186,36.81981045,0.00014054,9108.802734,68135.83594,3.750237703,4.779015064,194.1333466,247.3886414,104,070801030409,F070801030409_300,24
88,3073,9.972774506,1902.343207,56830.42867,14.03711605,7858.546387,81850.42188,86,3935.445801,33.70797729,392.9273071,9.773319244,2.792376757,260.5768242,0.029468416,137.3747482,12.28735304,6642,3454,0.0189188,173.0102625,346021,129.7576981,0.00049528,11793.99219,85785.86719,2.275201559,3.414589405,60.56324005,90.89242554,108,070802060302,F070802060302_20,32
89,3076,9.062399864,1630.732494,53062.31445,13.10639191,7141.170898,76423.375,86,3674.507813,30.63091087,357.0585632,8.881152153,2.53747201,423.2844541,0.047868886,133.4798861,11.98417491,10630,5526,0.030267889,415.4222961,830845,311.5667206,0.001189237,10815.67871,80097.88281,1.292285681,1.957234621,22.92019844,34.7138443,108,070802060602,F070802060602_292,24
90,3119,6.526243687,1291.634621,37838.86155,9.346199036,5142.680176,54497.6875,86,2620.300049,22.05870438,257.1340027,6.395718575,1.827348232,194.4858744,0.021994245,133.2045186,11.96357038,4949,2572,0.014087769,160.7205748,321442,120.5404297,0.000460098,7762.980469,57117.98828,1.999486804,3.018266201,42.66352844,64.40146637,108,070802060602,F070802060602_185,24
91,3179,6.665874481,1202.373492,39506.3616,9.758070946,5252.708984,56899.3125,56,1781.433472,22.53065491,262.6354675,6.532557011,1.866444826,142.2394516,0.016085741,138.4384689,12.37433577,3671,1910,0.010461757,99.54392391,199088,74.65794374,0.000284966,7034.142578,58680.74609,2.750109434,3.682797194,70.35700226,94.21827698,104,070801030603,F070801030603_483,24
92,3185,7.555024147,1535.004714,45933.4798,11.34556961,5953.358887,66156.01563,86,3180.844238,25.53598213,297.6679382,7.403923512,2.115406752,238.1229911,0.026929131,130.9993417,11.79858112,5907,3071,0.016820971,279.8841957,559768,209.9131504,0.00080123,9134.203125,69336.85938,1.93857336,2.974341631,28.36105728,43.51420212,108,070802060302,F070802060302_72,32
93,3228,10.89714241,2266.976444,62967.8513,15.55305958,8586.948242,90689.89063,73,3701.317139,36.83234024,429.3474121,10.67919922,3.051199913,520.2792253,0.058837944,133.9485809,7.947428063,10696,5562,0.030465074,390.0377901,780075,292.5283477,0.001116568,12288.26563,94391.21094,1.543859839,2.209325075,29.35424232,42.00709152,108,070801030406,F070801030406_538,16
94,3239,5.332831383,1250.630971,34828.85857,8.60272789,4202.270996,50162.50781,81,2271.63623,18.02497101,210.1135559,5.226174831,1.493192792,238.1514785,0.026932352,130.9996948,11.79860606,5909,3073,0.016831926,314.1707216,628341,235.6280451,0.000899382,6473.907227,52434.14453,1.367481589,2.106705904,17.83434105,27.47511292,108,070802060302,F070802060302_33,32
95,3255,10.18023109,1397.882108,55787.35781,13.77947712,8022.021973,80348.13281,81,3638.608643,34.40917969,401.1011047,9.976626396,2.850464821,201.3838953,0.022774337,154.423879,13.70648193,5813,3023,0.016558058,539.4568006,1078914,404.5926096,0.001544313,11660.63086,83986.74219,2.653662682,3.857304335,19.82740593,28.82067108,108,070801030406,F070801030406_101,16
96,3259,5.044968605,959.7876148,28742.15867,7.099313259,3975.435303,41396.09375,74,1712.638306,17.05199432,198.771759,4.944069386,1.412591219,205.1647055,0.023201905,137.1828849,12.27461433,5238,2725,0.014925805,149.5579842,299116,112.1684899,0.000428142,5688.07373,43108.73047,1.458875299,2.087366581,35.44163895,50.71008682,104,070801030603,F070801030603_475,24
97,3263,6.977253437,1125.214948,41634.78811,10.2837925,5498.075684,59964.79297,72,2413.811768,23.58311653,274.9037781,6.837708473,1.953630924,157.9114751,0.017858077,132.4178314,11.9036959,3930,2044,0.011195723,67.543934,135087,50.65795018,0.000193359,7911.887695,62378.60547,2.689860821,3.870786428,108.5333252,156.1825409,104,070801030603,F070801030603_413,24
98,3324,5.254669189,1251.84957,30348.95191,7.496191025,4140.679199,43710.28906,79,1930.569092,17.76078224,207.0339661,5.14957571,1.471307397,144.5317183,0.016344972,132.4177958,11.90369145,3672,1910,0.010461757,151.0956497,302191,113.321735,0.000432544,6071.248047,45640.85938,2.16789484,3.178663969,36.53914261,53.57531738,108,070801030407,F070801030407_241,24
99,3328,3.427474499,1097.078148,24561.50143,6.066690922,2700.849854,35374.875,53,1048.202881,11.58486366,135.0424957,3.358925104,0.959692836,141.0021505,0.015945816,130.9989726,9.136416525,3170,1649,0.009032166,152.7499695,305500,114.562479,0.00043728,3749.052734,36423.07813,1.637871385,2.27353096,23.57534409,32.72496033,108,070801030406,F070801030406_482,16
100,3356,26.81093979,2554.715045,139289.6438,34.40454102,21127.02148,200612.875,80,8972.704102,90.62097931,1056.351074,26.27472115,7.507062912,576.3514905,0.06517911,134.2307434,12.05556383,14563,7574,0.041485521,261.0009246,522005,195.7506937,0.000747172,30099.72656,209585.5781,2.789413929,3.974085808,107.9282074,153.765625,104,070801030603,F070801030603_717,24
101,3383,3.683722258,958.5892142,19056.74545,4.707015991,2902.773193,27446.60938,54,828.6231079,12.45098114,145.1386566,3.610047817,1.031442285,186.9097,0.021137462,132.6216452,11.92081819,4673,2430,0.013309984,77.39764589,154796,58.04823279,0.000221568,3731.39624,28275.23242,1.194556832,1.535554051,50.0062294,64.28096008,104,070801030602,F070801030602_39,32
102,3386,9.239310265,1320.341536,49328.25905,12.18408012,7280.57666,71045.375,82,3257.04834,31.22886848,364.0288391,9.054524422,2.587006807,149.9695112,0.016959927,135.2505608,9.933948588,2895,1505,0.008243426,72.77163947,145543,54.57872963,0.000208325,10537.625,74302.42188,4.837592602,7.00174427,133.3958588,193.0720062,104,070801030604,F070801030604_143,32
103,3398,14.14182568,2433.540588,75410.6495,18.62643051,11143.75879,108610.7188,87,5282.828125,47.79936981,557.1879272,13.85898876,3.959711075,684.6014528,0.077421008,137.0012746,11.62704234,17205,8948,0.049011413,498.6212478,997242,373.9659405,0.001427412,16426.58594,113893.5469,1.245391011,1.835783005,29.79886055,43.925354,108,070802060602,F070802060602_83,24
104,3422,3.453345537,872.2794158,24112.91453,5.955889702,2721.236328,34728.79297,48,931.9776001,11.67230797,136.0618134,3.384278536,0.966936767,259.0312309,0.029293626,136.0365211,12.20862431,6506,3383,0.018529907,73.81655431,147634,55.36241627,0.000211316,3653.213867,35660.76953,0.804385543,1.079874039,49.15313339,65.98725128,104,070801030603,F070801030603_496,32
105,3427,9.18768692,1087.689017,51383.95234,12.69183636,7239.897461,74006.10156,56,2317.021729,31.05438232,361.994873,9.003932953,2.572552443,175.0221806,0.019793112,130.9990336,11.79855935,4343,2258,0.012367878,47.43828273,94877,35.57871151,0.000135802,9556.918945,76323.125,3.206331968,4.232470512,203.4895935,268.6134033,104,070801030409,F070801030409_293,16
106,3440,5.834300518,1206.832504,35604.024,8.794194221,4597.428711,51278.94531,86,2465.540283,19.71993637,229.8714447,5.717614651,1.633604169,199.0427528,0.022509579,134.3061816,11.20784263,5157,2682,0.014690278,196.5397331,393080,147.4048019,0.000562638,7062.96875,53744.48438,1.714179277,2.633470774,31.18913841,47.91545868,108,070801030407,F070801030407_267,16
107,3441,12.85402775,2800.375223,77194.56181,19.06705666,10128.97363,111180.0078,83,5159.164063,43.44661331,506.4487,12.59694672,3.599127769,785.9604507,0.088883612,132.8883253,11.00450142,19701,10244,0.056110071,816.3615031,1632723,612.2711249,0.002337013,15288.1377,116339.1719,0.988771319,1.492399216,16.54328156,24.9695549,108,070802060302,F070802060302_242,32
108,3447,8.202245712,2102.432948,47440.87541,11.71789646,6463.369629,68327.05469,72,2750.424561,27.72359085,323.1684875,8.038200378,2.296628714,138.5012722,0.015662993,136.8718123,12.27156249,3754,1953,0.010697283,87.25628196,174512,65.4422111,0.00024979,9213.793945,71077.47656,3.309457064,4.717764378,98.764534,140.7928314,104,070801030604,F070801030604_252,32
109,3459,6.238965988,1402.575746,36767.01247,9.08145237,4916.305176,52953.94922,86,2546.075928,21.08770561,245.8152618,6.114186764,1.746910453,246.0191997,0.027822106,136.6670742,12.23667955,6400,3327,0.018223175,258.0627014,516124,193.547021,0.000738761,7462.380859,55500.02344,1.477699161,2.24297595,25.40108871,38.5559082,108,070802060602,F070802060602_250,24
110,3463,13.09629726,2215.536736,89584.80751,22.12744713,10319.88184,129025.1406,71,5121.619141,44.26548386,515.9941406,12.83437157,3.666963339,578.6133582,0.065434902,146.6153013,12.44136777,15197,7902,0.043282095,1233.967479,2467933,925.4756263,0.003532501,15441.50098,134146.7656,1.305983543,1.954125643,11.15089512,16.68493462,108,070801030409,F070801030409_175,16
111,3471,4.787511349,1275.718632,27496.48808,6.791632652,3772.558838,39602.01172,81,1793.39856,16.18178749,188.6279449,4.691761017,1.340503216,250.9495734,0.028379678,134.643352,12.07795211,6314,3283,0.017982171,323.2301821,646460,242.4226348,0.000925317,5565.95752,41395.41016,1.149119377,1.695387602,15.56190872,22.95972633,108,070802060302,F070802060302_372,32
112,3479,4.633049488,989.0372735,29571.05232,7.304049969,3650.843018,42589.91406,39,928.6369019,15.65970707,182.5421448,4.540388584,1.297253847,339.5362513,0.038397872,139.1455736,12.47274214,8754,4552,0.024932941,95.03098339,190062,71.27323812,0.000272047,4579.47998,43518.55078,0.802030563,1.006036878,51.22319412,64.25244904,104,070801030603,F070801030603_608,32
113,3481,3.432665586,812.0672604,25059.38468,6.189668179,2704.94043,36091.95703,68,1372.12561,11.60240936,135.2470245,3.364012241,0.961146355,174.9901313,0.019789488,132.6191036,10.57431237,3836,1995,0.010927332,216.8420443,433684,162.6315298,0.000620758,4077.065918,37464.08203,1.355859876,2.043642044,16.63232422,25.06934547,108,070802060602,F070802060602_111,24
114,3485,7.329624176,1377.3479,42696.26602,10.54597759,5775.743652,61493.59375,87,2991.050049,24.77412987,288.7872009,7.183031559,2.052294731,190.5244668,0.021546253,132.4172262,11.90365012,4727,2458,0.01346335,240.5486072,481095,180.4114499,0.000688623,8766.793945,64484.64453,2.349773645,3.566637039,32.01428604,48.5933342,108,070802060602,F070802060602_415,24
115,3502,3.604690552,1011.541965,24300.77173,6.002290726,2840.496094,34999.35547,74,1447.992554,12.1838541,142.0248108,3.532596827,1.009313345,159.9173389,0.018084919,136.6670901,10.65601047,4127,2146,0.011754414,189.8037954,379608,142.3528472,0.000543355,4288.48877,36447.34766,1.323623538,1.998363853,19.95391083,30.12576675,108,070801030407,F070801030407_285,16
116,3524,11.31147289,1922.50831,66138.75949,16.33627319,8913.44043,95256.8125,84,4473.524902,38.23277664,445.6720276,11.08524323,3.167212486,472.7028466,0.053457571,134.7786298,11.5844666,12070,6277,0.034381386,448.9909312,897983,336.7431989,0.001285334,13386.96484,99730.33594,1.42001605,2.132701159,26.46954918,39.75422668,108,070801030407,F070801030407_272,16
117,3527,3.139674187,1015.224355,21645.73835,5.346497536,2474.063232,31175.42773,73,1272.359375,10.61209869,123.7031631,3.076880693,0.879108787,156.4637731,0.017694358,134.238824,10.68110733,3938,2048,0.011217632,73.65549145,147312,55.24161799,0.000210855,3746.422607,32447.78711,1.208038688,1.829307914,44.78622055,67.81884003,104,070801030603,F070801030603_543,32
118,3561,11.5170126,2262.185438,58885.84242,14.54480267,9075.40625,84810.74219,70,3319.124268,38.92750168,453.7702942,11.28667259,3.224763632,406.5012352,0.045970886,135.5337143,12.14254665,10505,5462,0.029917338,118.0543497,236110,88.54076314,0.000337956,12394.53027,88129.86719,1.661553741,2.269229174,102.4997482,139.9867096,104,070801030603,F070801030603_537,24
119,3576,4.297832012,882.0406375,27148.86558,6.705770016,3386.69165,39101.34375,47,1027.45813,14.52667236,169.3345795,4.211875439,1.203392982,205.6402349,0.023255683,137.7995892,12.33272564,5425,2823,0.015462586,89.63892962,179277,67.22919799,0.000256611,4414.149902,40128.80078,1.199678183,1.563637972,50.37530899,65.65822601,104,070801030603,F070801030603_591,24
120,3582,3.103432178,1528.465527,22078.26415,5.45333147,2445.504639,31798.375,62,1102.248535,10.48960114,122.2752304,3.041363478,0.868961036,140.5007193,0.015889109,144.694814,12.90202824,3770,1960,0.010735625,317.9388292,635877,238.4541219,0.000910169,3547.753174,32900.625,1.247706413,1.810078144,10.25566101,14.87813759,108,070801030407,F070801030407_350,16
121,3600,8.068263054,1694.297707,47988.13276,11.85306835,6357.791504,69115.24219,64,2473.02417,27.27072906,317.8895569,7.906898022,2.25911355,233.3210946,0.026386088,148.4254436,13.21977901,6126,3184,0.017439913,818.6321082,1637266,613.9740877,0.002343513,8830.81543,71588.26563,1.996793866,2.773497343,10.35514641,14.38304234,108,070801030409,F070801030409_190,16
122,3619,5.969858646,1166.342762,35115.87445,8.673621178,4704.248535,50575.88672,67,1894.49231,20.17812157,235.2124329,5.850461483,1.671560407,199.6481907,0.022578047,140.916247,10.96514898,4779,2485,0.013611238,532.3473003,1064696,399.2604711,0.00152396,6598.740723,52470.37891,1.893057704,2.655428886,11.7824049,16.5274086,108,070801030407,F070801030407_650,16
123,3648,2.627224207,720.3074031,18589.97611,4.591723919,2070.252686,26774.3418,69,1032.862427,8.880018234,103.5126343,2.574679613,0.735622764,143.9863179,0.016283293,130.9992574,10.2773502,3542,1842,0.010089296,362.3030501,724605,271.7272818,0.001037171,3103.115234,27807.20508,1.123915672,1.68464458,7.618862152,11.41996193,108,070801030407,F070801030407_249,16
124,3666,5.298865318,971.933854,31807.81535,7.85653019,4175.505859,45811.42578,86,2202.656982,17.91016388,208.7752991,5.192887783,1.483682275,155.2710736,0.017559476,132.4169057,11.90362581,3855,2005,0.010982106,108.3556509,216711,81.26673812,0.000310192,6378.163086,48014.08203,2.082546473,3.18112874,51.38025665,78.48429871,108,070802060602,F070802060602_315,24
125,3715,73.92680359,4697.168761,379263.3115,93.67803955,58254.32031,546236.625,78,23820.45117,249.8725891,2912.716064,72.44826508,20.69950485,1108.352508,0.125342661,141.0111942,12.5984029,29891,15544,0.085140077,472.6661995,945336,354.4996504,0.00135311,82074.77344,570057.0625,3.747704506,5.280158043,164.3282928,231.5228577,104,070801030409,F070801030409_335,16
126,3739,4.629565239,953.941145,26320.83193,6.501245499,3648.097412,37908.76172,86,1822.689209,15.64793015,182.4048767,4.536973953,1.296278238,143.1884606,0.016193064,131.9453583,11.86868318,3578,1860,0.010187889,197.0732482,394147,147.8049345,0.000564165,5470.786621,39731.44922,1.961342692,2.941283226,24.68183708,37.01355743,108,070801030407,F070801030407_428,16
127,3741,7.437475204,1560.271774,39969.69459,9.872514725,5860.730469,57566.63281,86,2767.858154,25.13866615,293.0365295,7.288725853,2.082493067,337.7642099,0.038197473,142.8187975,12.71101924,8848,4601,0.025201331,235.2731298,470546,176.4548522,0.000673521,8628.588867,60334.49219,1.273794889,1.875372529,33.21376801,48.89969635,108,070802060602,F070802060602_189,24
128,3752,4.663752079,1030.093527,26660.1405,6.585054874,3675.036621,38397.45313,82,1760.316895,15.76348209,183.7518311,4.570477009,1.305850625,135.8554033,0.015363774,131.944831,11.86864609,3373,1754,0.009607289,127.8453086,255692,95.88398152,0.000365985,5435.353516,40157.76953,2.095231771,3.098833323,38.32795334,56.68677139,108,070801030407,F070801030407_281,16
129,3764,5.112015247,1477.852884,32577.01883,8.046524048,4028.268066,46919.28125,58,1521.436646,17.27861214,201.4134064,5.009775162,1.431364298,252.3743157,0.028540801,144.3563603,11.39565639,6052,3148,0.017242728,861.1981537,1722398,645.898621,0.002465367,5549.70459,48440.71875,1.279627681,1.762930274,6.23668766,8.592222214,108,070801030407,F070801030407_148,16
130,3766,3.586208105,978.1402597,24845.0108,6.136717796,2825.931885,35783.20313,72,1440.4104,12.12138367,141.2966003,3.514483929,1.004138231,147.8932113,0.01672512,136.6669134,9.45958969,2903,1510,0.008270813,288.9621689,577926,216.7216185,0.000827217,4266.342285,37223.61328,1.871478081,2.825392246,13.03945541,19.68581772,108,070801030407,F070801030407_504,16
131,3788,8.02229023,2796.979533,46665.22886,11.52631187,6321.564941,67209.92188,55,2066.66748,27.11534119,316.0782471,7.86184454,2.246241331,503.4248689,0.056931899,143.1270256,11.25750526,11027,5733,0.031401702,1341.479702,2682958,1006.109765,0.003840278,8388.232422,69276.58594,1.102662683,1.463148832,6.283176422,8.337293625,108,070801030407,F070801030407_577,16
132,3810,6.37202692,1343.999033,39461.19178,9.74691391,5021.157227,56834.25391,86,2732.64502,21.53745079,251.0578613,6.244586468,1.784167528,201.6918453,0.022809163,132.2143271,11.88861629,5004,2602,0.01425209,102.7211661,205442,77.04087352,0.000294062,7753.802246,59566.89844,1.929729939,2.979939461,65.17523956,100.6453018,104,070801030603,F070801030603_505,24
133,3813,2.653985262,890.6331742,17615.2559,4.350968361,2091.340332,25370.49609,78,1106.364258,8.970470428,104.5670166,2.600905657,0.743115902,146.8112215,0.016602759,131.0009104,11.79869175,3641,1893,0.010368642,316.1243119,632248,237.0932263,0.000904975,3197.70459,26476.85938,1.104775667,1.689225912,8.82075119,13.48711872,108,070801030407,F070801030407_260,16
134,3826,4.654618263,989.0641991,27893.19962,6.889620304,3667.839111,40173.375,86,1931.573975,15.73260975,183.3919525,4.561525822,1.303293109,192.9166838,0.021816787,131.6072573,11.84363004,4788,2489,0.013633148,207.2631977,414528,155.4473974,0.000593336,5599.413086,42104.94922,1.47361958,2.24966383,23.59537125,36.02127075,108,070801030407,F070801030407_476,16
135,3876,4.334330082,902.0454285,24200.02521,5.977406025,3415.452148,34854.25391,86,1675.825562,14.65003586,170.7725983,4.247643471,1.213612437,174.2959471,0.019710983,139.5005005,12.4821413,4503,2342,0.012827976,232.349225,464699,174.2619181,0.00066515,5091.277832,36530.07813,1.458348513,2.173901796,19.59953308,29.21623802,108,070802060602,F070802060602_131,24
136,3882,13.4594326,1403.484321,70427.28668,17.39554024,10606.0332,101433.3984,76,4309.918945,45.49288177,530.3016357,13.19024372,3.768641233,217.2210359,0.024565346,136.3522152,12.22634676,5444,2831,0.015506405,117.7797418,235560,88.33480724,0.00033717,14915.95215,105743.3203,3.746391058,5.268792629,120.0662994,168.8570251,108,070801030409,F070801030409_278,16
137,3891,2.384165049,616.4476431,14885.87526,3.676811218,1878.722046,21439.48633,63,755.1434326,8.058477402,93.93610382,2.33648181,0.66756624,161.380764,0.018250416,157.7464935,10.33958459,4204,2186,0.011973508,419.4364101,838872,314.5772962,0.001200728,2633.865479,22194.62891,0.859433711,1.204879045,5.972211361,8.372713089,108,070801030407,F070801030407_665,16
138,3896,2.864444017,873.9277312,18236.47663,4.50440979,2257.181885,26265.21289,71,1042.590698,9.681820869,112.8590927,2.807155132,0.802044332,70.81455135,0.008008359,140.4419963,9.727663368,1637,851,0.004661233,159.6698608,319340,119.7523966,0.00045709,3299.772461,27307.80273,2.652387619,3.877523422,18.84874153,27.55496025,108,070801030407,F070801030407_582,16
139,3904,3.125950813,835.3525869,19781.73745,4.886089325,2463.249268,28490.78711,65,1035.362305,10.56571388,123.1624603,3.06343174,0.875266254,148.4574761,0.016788932,143.23927,10.84133218,3627,1886,0.0103303,116.7094858,233419,87.53211338,0.000334106,3498.611572,29526.14844,1.306070685,1.855043292,28.1410923,39.96946335,108,070801030407,F070801030407_612,16
140,3905,8.687157631,1288.772729,51315.71674,12.67498207,6845.47998,73907.82031,87,3594.878418,29.3625927,342.2740173,8.513414383,2.432404041,239.7311784,0.027110999,139.7827881,12.50934963,6273,3261,0.01786167,157.2573886,314515,117.9430395,0.000450184,10440.3584,77502.69531,2.099196672,3.201581955,58.04055786,88.52033997,108,070801030603,F070801030603_799,16
141,3909,4.386968136,1012.947191,27797.82415,6.866062641,3456.930908,40036.01172,78,1745.902466,14.82795238,172.8465424,4.299228668,1.228351116,163.6441326,0.018506379,140.0674795,12.5503451,4417,2296,0.012576018,313.523365,627046,235.1425247,0.000897529,5202.833496,41781.91406,1.505631924,2.266042471,14.70142841,22.126297,108,070801030407,F070801030407_611,16
142,3924,8.81684494,1552.778101,51594.73423,12.74389935,6947.673828,74309.67969,87,3614.424805,29.80093575,347.3836975,8.640507698,2.468716621,208.5591068,0.023585776,131.0005417,11.79866576,5174,2690,0.014734097,130.9814076,261963,98.23605919,0.000374963,10562.09863,77924.10156,2.582778454,3.926430702,70.72427368,107.5175323,108,070802060602,F070802060602_304,24
143,3960,5.515981674,1225.339404,28242.56749,6.975914001,4346.59375,40676.55469,87,1978.508911,18.64401817,217.3296814,5.40566206,1.54447484,214.1670993,0.024219979,137.9886644,12.35138416,5738,2984,0.016344441,147.101716,294204,110.3262837,0.000421111,6325.102539,42655.0625,1.456633329,2.119672537,39.39762497,57.3308754,108,070802060602,F070802060602_198,24
144,3966,11.38756275,2135.829174,68439.95294,16.90466881,8973.399414,98571.125,86,4739.393066,38.48996353,448.6699829,11.15981102,3.18851757,505.2482031,0.057138098,134.7490011,12.08608972,12642,6576,0.036019116,374.5425683,749086,280.906932,0.00107221,13712.79297,103310.5156,1.364567995,2.085278749,31.94438553,48.81614304,108,070802060602,F070802060602_237,24
145,3969,9.647687912,1112.395186,49263.43483,12.16806793,7602.37793,70952.00781,61,2419.741943,32.60918427,380.1188965,9.454733849,2.701352596,166.925895,0.01887751,138.6908962,12.41584029,4172,2171,0.011891348,46.66748919,93335,35.00061677,0.000133596,10022.12012,73371.75,3.501786232,4.616361141,217.2069702,286.3412476,108,070801030603,F070801030603_451,24
146,4012,5.975191116,942.2497363,34900.48048,8.620418549,4708.450684,50265.66016,54,1517.538452,20.19614601,235.4225311,5.855687141,1.673053503,191.6164297,0.021669742,133.1249619,11.9561007,4860,2528,0.013846765,64.53118336,129063,48.39838848,0.000184735,6225.989258,51783.19922,1.862520099,2.462812185,97.28527832,128.6404266,108,070801030603,F070801030603_726,24
147,4018,13.3424778,2044.353478,68374.72258,16.88855553,10513.87207,98477.16406,80,4404.535645,45.09757614,525.6936035,13.07562828,3.735893726,370.5311173,0.041903055,141.8038025,12.67778206,9824,5107,0.027972875,204.2695583,408538,153.202167,0.000584766,14918.4082,102881.7031,2.058717966,2.921168566,68.62743378,97.37726593,108,070801030603,F070801030603_447,16
148,4020,9.289328575,1986.876665,52812.23919,13.04462337,7319.990723,76063.19531,86,3657.190674,31.39793015,365.9995422,9.103542328,2.601011992,219.8357465,0.024861041,141.9726729,12.67212157,5733,2980,0.016322531,167.2369649,334475,125.4277266,0.000478752,10977.18164,79720.38281,2.456372738,3.683618069,58.36022949,87.51798248,108,070802060801,F070802060801_256,32
149,4028,4.558822632,1002.712621,32761.54663,8.092102051,3592.352295,47185.04688,56,1477.294189,15.40882015,179.6176147,4.467646122,1.276470304,182.4799787,0.020636509,140.9172455,12.5997344,4598,2392,0.013101844,51.18761105,102376,38.39070829,0.000146536,5069.646484,48662.33984,1.501819491,2.119417429,93.57348633,132.0540009,108,070801030603,F070801030603_743,24
150,4036,4.469132423,1047.329521,23640.07692,5.83909893,3521.67627,34047.78516,86,1637.049805,15.10566711,176.0838165,4.379749775,1.251357079,184.3564166,0.020848713,134.1880398,12.03487837,4590,2386,0.01306898,179.3544341,358708,134.515824,0.000513441,5158.726074,35684.83594,1.475974917,2.162081242,26.1803875,38.35033035,108,070802060601,F070802060601_102,16
151,4039,11.76595211,1533.07503,59767.25296,14.76251125,9271.570313,86080.20313,75,3609.434082,39.76891708,463.5785217,11.53063297,3.294466496,240.4683213,0.027194362,143.1514926,12.79199208,6915,3596,0.019696585,87.99696114,175994,65.99772197,0.00025191,12881.00391,89689.64063,2.578300953,3.582036734,140.4831848,195.1734619,108,070801030603,F070801030603_430,16
152,4112,7.357284546,1258.332485,42658.18015,10.53657055,5797.540039,61438.74219,88,3022.731445,24.86762238,289.8770142,7.210138798,2.060039759,185.8746683,0.021020411,136.0999527,12.20434952,5217,2714,0.014865554,144.5573035,289114,108.4179737,0.000413827,8820.271484,64461.47266,2.136160612,3.249915838,53.47397614,81.35433197,108,070802060602,F070802060602_205,24
153,4203,5.977594852,1344.865271,34909.23412,8.622580528,4710.344727,50278.26563,86,2417.426758,20.20427132,235.5172424,5.858042717,1.673726559,177.9063674,0.020119283,132.6999756,11.92460575,4485,2333,0.01277868,124.8978175,249795,93.67336118,0.000357547,7127.771484,52695.69141,2.019007683,3.05519557,50.28478241,76.09176636,108,070802060601,F070802060601_26,16
154,4272,8.619857788,1212.784517,50134.03972,12.38310814,6792.447754,72205.90625,76,3068.038818,29.13511848,339.622406,8.447460175,2.413560152,433.5922108,0.049034582,138.0207748,12.36534182,11283,5867,0.032135668,327.3672817,654735,245.5254639,0.00093716,9860.486328,75273.94531,1.157737851,1.680669188,27.66494179,40.16074753,108,070801030603,F070801030603_443,16
155,4308,7.998835087,1449.037336,48250.08403,11.91777039,6303.082031,69492.51563,87,3380.11792,27.03606224,315.1541138,7.838858604,2.239673853,230.430851,0.026059233,131.0003764,11.79865424,5717,2974,0.016289667,176.9012403,353802,132.6759319,0.000506418,9683.200195,72872.63281,2.119395494,3.255951643,47.50735092,72.98384857,108,070802060601,F070802060601_249,24
156,4341,2.971901178,861.3034773,17319.76656,4.277982235,2341.858154,24944.91406,53,739.1498413,10.04502583,117.0929031,2.912463188,0.832132339,196.1838555,0.022186269,135.8740784,11.17032115,4970,2584,0.014153497,214.8851569,429770,161.1638701,0.000615156,3081.008057,25684.06445,0.906291842,1.192340612,14.5309124,19.11723709,108,070801030409,F070801030409_30,16
157,4343,4.931759357,961.8915775,28527.33529,7.046251774,3886.226318,41086.69531,86,1975.487183,16.66934586,194.3113251,4.833124161,1.380892634,147.7549955,0.016709489,132.6195897,11.92067187,3690,1918,0.010505576,101.8537096,203707,76.39028002,0.000291578,5861.713379,43062.18359,2.026186705,3.056159258,50.87331009,76.73375702,108,070802060601,F070802060601_56,24
158,4354,8.387493134,1698.819213,50672.23944,12.51604271,6609.344727,72981.04688,86,3508.997803,28.34972763,330.4672241,8.219743729,2.348498106,391.4285747,0.044266331,131.7726718,11.85588724,9783,5088,0.027868805,329.2923373,658583,246.9692482,0.000942671,10118.34277,76490.04688,1.299006462,1.988667965,26.76181221,40.97005081,108,070802060601,F070802060601_42,16
159,4416,9.392474174,1757.787428,54968.13794,13.57713032,7401.269531,79168.25,87,3850.745361,31.74656296,370.0634766,9.20462513,2.629892826,311.2733411,0.035201643,134.6125031,12.08022797,7773,4042,0.022139487,373.3672344,746734,280.0254339,0.001068845,11252.01465,83018.99219,1.831090927,2.783774137,26.43070412,40.18211746,108,070802060601,F070802060601_172,16
160,4439,5.469135761,1250.56392,34940.7811,8.630373001,4309.679199,50323.70313,87,2447.746338,18.48567963,215.4839478,5.359753132,1.531358004,154.9862446,0.017527265,130.9999786,11.79862614,3846,2000,0.010954719,149.3368003,298674,112.0026021,0.000427509,6757.425781,52771.44922,2.154839516,3.378712893,38.47838593,60.33275604,108,070802060601,F070802060601_93,16
161,4575,2.797635317,1110.876632,19968.52411,4.932225227,2204.536621,28759.80469,65,1045.138672,9.456007004,110.2268295,2.741682529,0.783337891,149.0046272,0.016850809,138.4801483,12.38822403,3954,2056,0.011261451,382.0362148,764073,286.5271654,0.001093662,3249.675293,29804.94336,1.072245479,1.580581427,7.693988323,11.34159565,108,070802060602,F070802060602_156,24
162,4620,4.598642826,1180.417674,27334.3944,6.751595497,3623.730469,39368.55469,79,1738.805908,15.54341316,181.1865234,4.506669998,1.287619948,123.2384039,0.013936928,139.4985962,6.800087631,2351,1223,0.006698811,283.6534607,567307,212.7400937,0.00081202,5362.536133,41107.35938,2.9629848,4.384739399,17.03360367,25.20698357,108,070802060407,F070802060407_46,32
163,4643,18.3041172,2533.504729,94159.96904,23.25751305,14423.64453,135614.5625,86,6520.476563,61.86791611,721.1821899,17.93803406,5.125152588,687.4833802,0.077746922,135.5085343,12.15007309,17508,9104,0.049865881,878.1272401,1756254,658.5954429,0.002513831,20944.12109,142135.0313,1.584319472,2.300540447,21.90061378,31.80119324,108,070802060601,F070802060601_181,16
164,4645,6.45810318,1092.715706,38495.10696,9.508291245,5088.985352,55442.84766,70,2169.791992,21.82838821,254.4492645,6.328941345,1.808268905,166.7421274,0.018856728,139.2169291,12.44459613,4554,2369,0.012975865,412.667356,825336,309.5005181,0.00118135,7258.777344,57612.64063,2.148157597,3.064068079,16.44257545,23.45319939,108,070801030408,F070801030408_117,8
165,4687,27.50860023,2660.768203,163750.8728,40.44646454,21676.77734,235843.3281,86,11339.57031,92.97907257,1083.838867,26.95842743,7.702407837,960.4902841,0.108621045,140.907196,12.59171375,24021,12492,0.068423176,564.0262929,1128053,423.0197247,0.001614648,33016.34766,247182.9063,1.735252738,2.642999411,51.24294662,78.04919434,108,070801030603,F070801030603_271,24
166,4728,14.7741909,2544.406578,85112.01209,21.02266693,11642.0625,122583.1719,75,5140.041992,49.93676376,582.1031494,14.47870731,4.136773586,324.6166124,0.036710622,133.4787941,11.98409295,8069,4194,0.022972046,128.06862,256138,96.05146521,0.000366624,16782.10547,127723.2109,2.775885105,4.001455784,121.2065048,174.7199249,108,070801030603,F070801030603_251,24
167,4741,3.495539427,884.6872397,24381.92271,6.022335052,2754.485107,35116.23438,84,1649.15625,11.81492329,137.7242584,3.425628662,0.978751063,154.0545853,0.017421905,138.9329262,12.41782761,3822,1988,0.010888991,91.03485302,182069,68.27614072,0.000260607,4403.641602,36765.39063,1.385555863,2.215111494,40.34330368,64.49752045,108,070802060801,F070802060801_98,24
168,4746,15.89254951,2350.274701,95965.20963,23.70340729,12523.3291,138214.5625,88,6800.033691,53.71681595,626.1664429,15.57469845,4.449913979,947.9733333,0.107205514,135.1770041,12.12329074,24103,12534,0.068653225,1201.565671,2403131,901.1742706,0.003439744,19323.36328,145014.5938,0.999148667,1.541675687,13.89667892,21.44242668,108,070802060601,F070802060601_109,16
169,4770,7.171487808,2251.866321,43513.37322,10.74780273,5651.132324,62670.4375,72,2522.724365,24.23962784,282.5566101,7.028058052,2.008016586,279.1823888,0.031572504,142.3907928,12.67997665,7395,3844,0.02105497,216.0100551,432021,162.0075402,0.000618376,8173.856445,65193.16016,1.470117688,2.126393557,34.88190842,50.45355606,108,070801030603,F070801030603_16,24
170,4771,4.517436981,1203.525173,31986.2667,7.900608063,3559.740234,46068.44531,67,1725.650757,15.26893711,177.9870148,4.427088261,1.264882326,223.6548388,0.025292939,136.6670502,11.22086719,4851,2523,0.013819378,434.9424316,869885,326.2068161,0.001245118,5285.391113,47794.09766,1.410915613,2.094883442,10.91252518,16.20257759,108,070801030407,F070801030407_7,8
171,4778,5.595610619,1007.231615,30378.12168,7.503396034,4409.341309,43752.30078,87,2128.113037,18.91316414,220.4670563,5.483698368,1.56677103,173.6995878,0.019643542,145.8751373,12.94991159,4752,2472,0.013540033,155.7606845,311522,116.8205109,0.000445899,6537.454102,45880.41406,1.783714175,2.644601107,37.74458313,55.96152496,108,070802060601,F070802060601_63,16
172,4857,4.94375515,1205.620295,26248.45162,6.483367443,3895.678955,37804.51563,87,1838.812622,16.70989227,194.7839508,4.844880104,1.384251475,145.5442928,0.016459483,132.2144972,10.54630034,3611,1878,0.010286481,63.70154537,127404,47.77615935,0.00018236,5734.491699,39643.32813,2.074376345,3.053509951,81.5402298,120.0283127,108,070801030407,F070801030407_444,8
173,4958,9.765017509,1369.432611,62836.1638,15.52053261,7694.833984,90500.22656,88,4452.530273,33.00576019,384.7416992,9.569717407,2.734205008,390.3157425,0.044140482,131.0000629,11.79863191,9683,5035,0.027578505,362.781014,725562,272.0857568,0.00103854,12147.36426,94952.75781,1.528268933,2.412584782,28.28091431,44.64535141,108,070802060601,F070802060601_130,16
174,5010,7.630419731,1136.500309,44120.87797,10.89785671,6012.770508,63545.40234,84,2984.269043,25.79081917,300.6385498,7.477811337,2.136517525,182.3156548,0.020617925,141.0591927,12.6068269,4963,2580,0.014131588,131.6071999,263214,98.70540333,0.000376754,8997.039063,66529.67188,2.33053112,3.48722434,60.91632462,91.15042114,108,070801030603,F070801030603_130,24
175,5033,5.178691387,981.2045463,29325.30988,7.24335146,4080.808838,42235.98047,81,1912.679443,17.50397682,204.0404358,5.075117588,1.450033545,145.8785731,0.016497286,134.7770106,12.08325307,2817,1465,0.008024332,76.04990119,152100,57.03742681,0.000217709,5993.488281,44148.66016,2.785535097,4.091118336,71.54615784,105.0799179,108,070801030603,F070801030603_377,24
176,5057,3.204710484,791.9770426,19230.20477,4.749860764,2525.311768,27696.4375,80,1238.763672,10.83192158,126.2655945,3.140616179,0.897318959,184.4373116,0.020857862,133.4284123,11.98791272,4599,2393,0.013107321,479.5616417,959123,359.6712332,0.00137285,3764.075439,28935.20117,1.055291176,1.572952509,7.021166801,10.46532249,108,070802060601,F070802060601_327,16
177,5059,11.89603233,1965.659405,72749.88707,17.96922302,9374.073242,104778.5391,88,5155.010742,40.20858765,468.7036743,11.65811157,3.330888987,650.3732491,0.073550169,131.7092692,11.85118564,16185,8416,0.046097458,314.6239181,629248,235.9679366,0.00090068,14529.08398,109933.5469,1.113839507,1.726364493,39.72604752,61.57228088,108,070802060601,F070802060601_261,8
178,5081,10.18933964,2126.144674,60954.98995,15.05588245,8029.199707,87790.85156,71,3484.834473,34.43996811,401.4599915,9.985552788,2.853015184,705.9624686,0.079836707,138.0016147,11.96714767,18233,9482,0.051936323,850.9900392,1701980,638.2425268,0.002436145,11514.03418,91275.6875,0.84678334,1.214304328,12.58017063,18.04021835,108,070801030603,F070801030603_321,24
179,5095,2.91297245,908.2288799,23774.26308,5.872242928,2295.422363,34241.04688,43,823.1710205,9.84584713,114.7711182,2.854712963,0.815632284,180.613277,0.020425405,135.5331757,12.14023495,4640,2412,0.013211391,127.2207928,254442,95.41559505,0.000364197,3118.593262,35064.21875,0.951667666,1.29294908,24.05709839,32.68431473,108,070801030408,F070801030408_51,8
180,5135,19.07958603,3839.804484,120185.1647,29.6857357,15034.71387,173097.5313,83,8032.366211,64.48899841,751.7357178,18.69799423,5.342284203,1069.934427,0.120997992,138.8500151,11.65216412,26876,13975,0.0765461,1945.598026,3891197,1459.198541,0.005569699,23067.08008,181129.8906,1.075829268,1.650596023,10.30340481,15.80804729,108,070802060602,F070802060602_207,24
181,5162,11.45738697,2208.324471,62030.0915,15.32143307,9028.420898,89339.27344,83,4145.67334,38.72596741,451.421051,11.22823906,3.208068371,219.7421446,0.024850456,134.4005737,11.07152656,5455,2836,0.015533792,73.40540635,146810,55.05405402,0.000210139,13174.09375,93484.94531,3.183505297,4.645308018,163.9919434,239.2937927,108,070801030407,F070801030407_107,8
182,5165,20.46266365,2680.765889,128711.9741,31.79185677,16124.5791,185378.3125,89,9224.088867,69.1638031,806.2289429,20.05340958,5.729545593,640.9360377,0.072482922,132.1346936,11.88889906,15918,8276,0.045330628,215.7117147,431423,161.7837856,0.000617522,25348.66797,194602.4063,1.948354125,3.062912941,99.66745758,156.682373,108,070802060601,F070802060601_230,8
183,5167,8.86076355,1792.614227,69063.72802,17.05874062,6982.281738,99469.51563,87,4838.200195,29.94938087,349.1140747,8.683547974,2.481013775,209.5394488,0.023696642,133.3173967,11.97035642,5234,2725,0.014925805,132.8912216,265781,99.66841546,0.00038043,11820.48242,104307.7188,2.562305212,4.33779192,70.05510712,118.5980759,108,070802060601,F070802060601_211,16
184,5180,3.965475559,1046.648959,24143.89441,5.963541985,3124.794678,34773.41406,87,1691.379395,13.40330696,156.2397308,3.886166096,1.110333204,152.8018209,0.017280231,139.2571934,12.44228363,3923,2041,0.011179291,109.3377115,218676,82.00328099,0.000313003,4816.173828,36464.79297,1.531011581,2.359712839,38.10572815,58.73147583,108,070802060601,F070802060601_220,16
185,5202,4.285514832,1034.204859,28495.33775,7.038348198,3376.985596,41040.60938,76,1743.821167,14.48503971,168.8492889,4.199804306,1.199944139,134.1217289,0.015167715,137.3747559,12.28734362,3618,1882,0.010308391,348.1964284,696392,261.1473245,0.000996788,5120.806641,42784.42969,1.794360042,2.720938683,12.93134308,19.608881,108,070802060602,F070802060602_167,24
186,5226,1.509645581,863.12729,12132.21522,2.996657133,1189.600708,17473.50781,76,742.4517212,5.102602005,59.48003769,1.47945261,0.422700763,165.4732275,0.018713229,132.7011169,8.846205541,3582,1863,0.010204321,507.3561711,1014712,380.5171328,0.001452418,1932.05249,18215.95898,0.638540387,1.037065268,3.126273632,5.077438831,108,070802060406,F070802060406_150,32
187,5251,11.54686451,1789.27056,59500.24027,14.69655895,9098.929688,85695.63281,75,3593.308594,39.02840042,454.9464722,11.31592751,3.23312211,441.221042,0.04989732,138.6774834,11.87383344,11493,5977,0.032738178,687.3667885,1374734,515.5250902,0.001967737,12692.23828,89288.9375,1.522323847,2.123513222,17.64982986,24.62001991,108,070801030603,F070801030603_47,24
188,5299,11.59117508,2636.454839,73554.66215,18.16800117,9133.845703,105937.6172,78,4619.759277,39.17817307,456.6922913,11.35935116,3.245528936,423.8399195,0.047931703,145.9106607,12.28878747,11405,5931,0.03248622,789.0213008,1578045,591.7659703,0.002258745,13753.60547,110557.375,1.540017843,2.318935394,15.43489552,23.24162865,108,070801030607,F070801030607_291,32
189,5303,8.395406723,1685.298508,51848.92855,12.80668545,6615.580566,74675.78125,79,3298.233887,28.37647438,330.7790222,8.227499008,2.350713968,605.9706891,0.06852872,138.7529289,12.39675723,14761,7677,0.042049689,450.3944472,900789,337.7958359,0.001289352,9913.814453,77974.01563,0.861740351,1.291365743,19.58455276,29.34853935,108,070801030605,F070801030605_45,32
190,5305,11.60227966,2229.628132,67857.249,16.76074028,9142.59668,97731.875,87,4753.681152,39.21570587,457.1298218,11.37023449,3.248638391,284.8303125,0.032211223,140.7139675,12.54645933,7664,3986,0.021832755,293.5050759,587010,220.1288123,0.000840222,13896.27734,102485.5547,2.293677092,3.486271381,41.53293991,63.1279335,108,070801030303,F070801030303_11,8
191,5315,4.919545174,1041.740318,27180.79652,6.713656902,3876.601563,39147.33203,86,1882.240723,16.6280632,193.8300781,4.821154118,1.377472639,140.8446705,0.015928006,130.99935,11.79858189,3494,1817,0.009952362,112.8345041,225669,84.62587857,0.000323013,5758.842285,41029.57422,2.133517742,3.169423342,45.80870056,68.05060577,108,070802060601,F070802060601_240,16
192,5341,5.12785244,1406.010281,36765.18253,9.081000328,4040.747803,52951.3125,86,2545.949219,17.33214188,202.037384,5.025295258,1.435798645,372.7869158,0.042158162,140.7869485,12.55613813,9772,5083,0.027841419,257.3683007,514737,193.0262284,0.000736773,6586.697266,55497.26172,0.794953346,1.2958287,20.93367195,34.12332916,108,070801030605,F070801030605_43,24
193,5363,3.852618694,1296.001163,25831.37997,6.380351067,3035.863525,37203.82813,74,1539.195923,13.02185154,151.7931824,3.775566339,1.078733206,180.1094063,0.020368423,140.405217,11.49507679,4817,2505,0.013720786,321.7801481,643560,241.3351114,0.000921166,4575.05957,38743.02344,1.211921573,1.826371074,12.57945251,18.95728874,108,070801030603,F070801030603_227,24
194,5372,6.707705021,1740.964216,36169.21161,8.933794975,5285.671387,52092.95703,86,2504.678711,22.67204285,264.2835693,6.573550701,1.878157377,324.5080068,0.03669834,130.9997584,11.79861069,8050,4186,0.022928227,275.3270869,550654,206.4953139,0.000788184,7790.350098,54597.63672,1.262702227,1.861048698,25.59705162,37.72652435,108,070802060601,F070802060601_265,16
195,5375,1.623745918,721.8948949,13044.48431,3.221987724,1279.511841,18787.41016,54,567.1986694,5.488261223,63.97558975,1.591271043,0.454648852,136.7160549,0.015461105,133.8323631,12.01206088,3429,1784,0.009771609,166.6518097,333304,124.9888573,0.000477077,1846.710449,19354.60938,0.71721518,1.035151601,10.23700714,14.77500057,108,070802060406,F070802060406_134,32
196,5377,6.352525711,1153.028798,37393.93049,9.236300468,5005.790039,53856.86719,92,2770.151611,21.47153664,250.2895203,6.225475311,1.778707147,182.9863493,0.020693774,131.0003967,11.79865551,4540,2360,0.012926569,63.39580232,126792,47.54685182,0.000181484,7775.941406,56627.01953,2.121097565,3.294890404,105.2812119,163.5427246,108,070802060601,F070802060601_170,16
197,5388,2.439200401,704.7364192,15830.82599,3.910213947,1922.089966,22800.45703,80,1019.783813,8.244497299,96.10449219,2.390416384,0.682976127,118.301496,0.013378618,133.1273384,7.325017129,984,511,0.002798931,87.63191414,175264,65.72393703,0.000250865,2941.873779,23820.24023,3.761428595,5.757091522,29.24489975,44.76107025,108,070802060302,F070802060302_187,32
198,5427,9.985375404,1791.59878,63750.73575,15.74643135,7868.475586,91817.4375,77,3952.669189,33.75056839,393.4237976,9.785667419,2.795905113,342.9950838,0.038789028,145.7338911,12.96255003,9355,4865,0.026647354,331.0021883,662004,248.2516403,0.000947566,11821.14453,95770.10938,1.61736393,2.429834366,31.69556427,47.61758804,108,070801030303,F070801030303_614,16
199,5436,5.156527519,970.4394105,28316.81073,6.994252205,4063.34375,40783.48438,76,1732.895996,17.4290638,203.1671906,5.053397179,1.443827748,120.1952006,0.013592775,139.1473312,9.381852161,2276,1183,0.006479716,328.779262,657558,246.5844428,0.000941202,5796.239746,42516.37891,3.434779167,4.899610996,16.478508,23.50610542,108,070801030303,F070801030303_344,16
200,5445,14.59255791,2583.909643,90029.54958,22.23729897,11498.93555,129665.6875,85,6161.955566,49.32284546,574.9467773,14.30070686,4.085916042,461.9748215,0.052244347,134.6724487,12.07966267,11567,6014,0.03294084,257.6146573,515228,193.2109928,0.000737478,17660.89063,135827.6406,1.912027836,2.936629534,59.51491547,91.40727997,108,070802060601,F070802060601_219,16
201,5504,8.238694191,1658.815249,41950.94916,10.36188412,6492.09082,60420.14453,73,2465.921143,27.8467865,324.6045532,8.07392025,2.306834459,398.3569197,0.045049852,138.9830073,10.61285462,9705,5046,0.027638756,496.6615964,993322,372.4961959,0.001421802,8958.011719,62886.06641,1.286581635,1.775269866,17.42860985,24.04859924,108,070801030603,F070801030302_9,24
202,5523,3.165332317,993.0566255,20959.0368,5.176882267,2494.281982,30186.40039,77,1299.500854,10.69882298,124.7140961,3.102025747,0.886293054,168.2669193,0.019029166,150.8331112,12.20264391,3618,1882,0.010308391,423.0399702,846080,317.2799823,0.001211044,3793.782715,31485.90039,1.32533586,2.015825033,7.86145401,11.95720768,108,070801030303,F070801030303_176,8
203,5537,6.348676682,1244.747026,35657.99071,8.807523727,5002.757324,51356.67188,76,2182.1521,21.45852661,250.1378632,6.221703053,1.777629495,244.2798215,0.027625401,150.3729162,12.03502383,5624,2925,0.016021277,732.9781593,1465958,549.7336243,0.00209831,7184.90918,53538.82422,1.710344434,2.456379175,9.100329399,13.06980133,108,070801030303,F070801030303_465,8
204,5551,5.682451248,1302.302673,33013.61832,8.154363632,4477.771484,47548.09375,70,1860.825806,19.20668602,223.8885803,5.568802357,1.591086388,436.115359,0.049319922,145.7811025,12.96879315,11880,6178,0.033839127,431.3516132,862702,323.5137095,0.001234838,6338.597168,49408.91797,0.724793077,1.025995016,13.84105682,19.59297943,108,070801030303,F070801030303_469,16
205,5552,12.00622368,1746.359436,93872.4931,23.18650627,9460.904297,135200.5156,79,5971.452148,40.58103561,473.0452271,11.76609898,3.361742735,554.0499628,0.062657048,140.2548513,11.18966331,12665,6588,0.036084845,1044.776226,2089554,783.582163,0.0029909,15432.35645,141171.9688,1.436081409,2.342494965,12.07391453,19.69462395,108,070801030303,F070801030303_10,8
206,5559,7.138618946,1420.32912,42131.81698,10.40655899,5625.231934,60680.64453,91,3087.209717,24.12853241,281.2615967,6.995846748,1.998813272,358.5526617,0.040548422,133.4286608,11.98792989,9135,4749,0.026011981,152.3256212,304651,114.2442173,0.000436065,8712.441406,63767.85547,1.184508681,1.834584475,49.23865891,76.2615509,108,070802060601,F070802060601_33,8
207,5591,8.477972984,1277.169398,50416.25731,12.45281601,6680.642578,72612.36719,94,3816.040527,28.6555481,334.032135,8.308413506,2.373832464,226.4331617,0.025607137,131.0002117,11.79864252,5617,2921,0.015999367,90.32962331,180660,67.74721862,0.000258588,10496.68359,76428.40625,2.287107944,3.593523979,98.6113205,154.9389648,108,070801030303,F070801030303_713,8
208,5610,3.244892597,1426.786838,25020.64748,6.180099964,2556.975342,36036.16406,72,1450.593262,10.9677372,127.8487701,3.179994822,0.908569932,150.4538977,0.017014706,140.8031311,11.51889194,3162,1644,0.009004779,202.8978906,405795,152.1734169,0.000580839,4007.568604,37486.75781,1.555337787,2.437693834,16.80303574,26.33553696,108,070801030605,F070801030605_64,24
209,5648,1.966004491,841.8831258,14887.42626,3.677194357,1549.211548,21441.7207,40,479.506134,6.645095348,77.46057892,1.92668438,0.55048126,204.3478372,0.023109527,133.1254654,11.95613527,5208,2708,0.01483269,247.5417822,495084,185.6563333,0.000708642,2028.717651,21921.22656,0.57208699,0.74915719,8.344511986,10.92727375,108,070801030303,F070801030303_421,8
210,5649,4.503094196,1063.108322,31759.58611,7.844617844,3548.438232,45741.96484,77,1969.156006,15.22045803,177.4219055,4.413032532,1.260866404,181.0612905,0.02047607,141.6855403,12.65118326,4770,2481,0.013589329,135.3634637,270727,101.5225964,0.000387507,5517.594238,47711.12109,1.430245161,2.223939657,34.95220184,54.34843445,108,070801030303,F070801030303_98,8
211,5662,6.680207729,1076.954405,39301.165,9.707387924,5264.003906,56603.77734,79,2500.040771,22.57910156,263.2001953,6.54660368,1.870458126,125.8609859,0.014233514,139.4988963,10.84618723,2940,1529,0.008374883,175.8257259,351652,131.8692964,0.000503339,7764.044922,59103.81641,3.442775726,5.077857971,39.91834259,58.87681961,108,070801030302,F070801030302_175,16
212,5715,4.48951149,1017.70337,26196.73612,6.470593929,3537.735107,37730.03125,83,1750.813354,15.1745491,176.8867493,4.399721146,1.25706327,141.7821114,0.016034021,143.591807,12.84977415,3724,1937,0.010609645,106.1498601,212299,79.61239691,0.000303877,5288.54834,39480.84375,1.826399088,2.730278015,44.43698883,66.42870331,108,070801030302,F070801030302_90,16
213,5722,3.568243027,989.7709032,21510.62818,5.313125134,2811.775391,30980.83203,78,1351.021484,12.06066132,140.5887756,3.496878147,0.999108076,178.1568156,0.020147606,138.5547926,11.25789665,4248,2210,0.012104965,197.4263968,394853,148.0698001,0.000565176,4162.796875,32331.85352,1.272296548,1.883618474,18.98952675,28.11374664,108,070801030302,F070801030302_77,16
214,5760,5.38612318,1517.600729,39624.38509,9.787222862,4244.265137,57069.29688,76,2424.882568,18.2050972,212.2132568,5.278400898,1.508114457,268.0169731,0.030309816,145.2470463,11.46473007,6701,3484,0.019083121,773.5947326,1547189,580.1960471,0.002214584,6669.147461,59494.17969,1.218216181,1.914221406,7.315226078,11.49464512,108,070801030303,F070801030303_185,8
215,5792,10.6166687,1762.543916,67595.28925,16.69603729,8365.93457,97354.59375,88,4789.758789,35.88433838,418.2967529,10.40433502,2.972667217,522.7214291,0.059114131,142.3660646,12.69463663,13763,7157,0.039201462,484.4679018,968934,363.3509238,0.001386895,13155.69336,102144.3516,1.168916345,1.838157535,23.02439308,36.2065773,108,070802060603,F070802060603_324,16
216,5795,14.95109749,2688.216465,98003.05614,24.20675468,11781.46484,141149.5938,75,5918.551758,50.53470993,589.0732422,14.65207577,4.18630743,912.2011527,0.103160068,144.1207076,12.84673317,24878,12937,0.070860601,806.3242146,1612646,604.7431573,0.002308279,17700.01563,147068.1406,0.910679817,1.368170023,19.48176575,29.26865005,108,070801030606,F070801030606_6,32
217,5813,9.324584961,1660.587819,59243.52599,14.63315105,7347.772949,85325.90625,83,3959.437988,31.51709747,367.3886414,9.138092995,2.610883713,249.3515729,0.028198961,144.883754,11.86842896,6485,3373,0.018475134,174.9044109,349810,131.1783098,0.000500702,11307.21094,89285.34375,2.178408861,3.352271318,56.0136261,86.197258,108,070801030302,F070801030302_271,16
218,5847,6.724343777,1471.61554,40948.20293,10.11420631,5298.782715,58975.9375,86,2835.618896,22.72828102,264.9391479,6.589857101,1.882816315,254.7662823,0.028811306,134.6333435,12.09279871,6548,3405,0.018650409,173.3045715,346608,129.9784269,0.000496122,8134.401367,61811.55469,1.55617702,2.388957739,40.76663208,62.58270264,108,070801030303,F070801030303_31,8
219,5867,7.040180683,1647.304779,44625.83384,11.0225811,5547.662598,64272.67188,75,2695.020996,23.7958107,277.3831177,6.899376869,1.971250534,364.5387082,0.041225379,144.1081919,12.85851148,9778,5086,0.027857851,254.8363033,509673,191.1272308,0.000729524,8242.683594,66967.69531,1.090771198,1.620661378,29.02601814,43.12668228,108,070801030605,F070801030605_149,32
220,5906,16.14931679,2527.327792,90639.33076,22.38791466,12725.66211,130543.9297,88,6422.64502,54.58469009,636.2830811,15.82633018,4.521808624,511.0870681,0.05779841,139.6218589,11.7159871,12182,6335,0.034699073,189.742965,379485,142.3072233,0.000543181,19148.30664,136966.5781,2.00878644,3.022621393,89.42386627,134.5561066,108,070802060601,F070802060601_158,16
221,5918,7.427920818,1303.901853,41399.57395,10.22569466,5853.20166,59626.02734,89,2966.883057,25.10637283,292.6600952,7.279362202,2.079817772,152.6689194,0.017265201,132.5482309,11.93963487,3959,2058,0.011272406,65.25993483,130520,48.94495119,0.000186821,8820.084961,62592.91016,2.844121218,4.285755634,119.5874481,180.2041779,108,070801030303,F070801030303_533,8
222,5921,4.360638142,909.5011277,24462.92982,6.042343616,3436.182861,35232.90625,72,1418.258911,14.73895645,171.8091431,4.273425579,1.220978737,147.8217524,0.016717039,133.1770096,11.96724284,3780,1966,0.010768489,82.00972392,164018,61.5072934,0.000234771,4854.441895,36651.16406,1.747804046,2.469197273,55.86626816,78.9246521,108,070801030303,F070801030303_399,8
223,5929,7.438243389,1447.000545,39980.10649,9.875085831,5861.335938,57581.625,87,2800.771729,25.14126205,293.066803,7.289478302,2.08270812,226.1538587,0.025575551,142.6565421,12.73116125,5958,3098,0.01696886,175.4920866,350984,131.6190636,0.000502384,8662.107422,60382.39844,1.891974211,2.79603219,44.53257751,65.81195068,108,070802060603,F070802060603_323,16
224,5946,3.230967999,1627.110246,24988.51241,6.172162533,2546.002686,35989.87891,74,1488.972534,10.92067146,127.3001404,3.166348696,0.904671013,283.7588389,0.032090051,135.5333282,11.16606091,6338,3297,0.018058854,95.65597484,191311,71.74198155,0.000273836,4034.975098,37478.85156,0.772217989,1.22383225,35.48832321,56.24287033,108,070801030605,F070801030605_287,32
225,5963,15.59309292,3549.326739,98299.85908,24.28006554,12287.35742,141577.0625,71,5619.86377,52.70465469,614.3678589,15.28123093,4.366065979,1365.369263,0.154408472,139.465444,12.45922302,35503,18461,0.101117535,1571.204533,3142405,1178.403395,0.004497916,17907.2207,147196.9219,0.665584624,0.97000277,10.42712307,15.19617176,108,070801030606,F070801030606_57,32
226,5990,6.422836304,1625.523578,43830.06563,10.82602596,5061.194824,63126.55859,75,2646.963623,21.70918655,253.0597534,6.294379711,1.798394203,182.0865805,0.02059202,148.094251,13.18335342,5366,2791,0.015287311,175.9123516,351824,131.934262,0.000503587,7708.158203,65773.52344,1.813398361,2.761790752,38.36148834,58.42423248,108,070801030606,F070801030606_32,32
227,5995,11.76148415,1857.926218,68637.14687,16.95337486,9268.049805,98855.125,87,4808.316406,39.7538147,463.4024658,11.52625465,3.293215513,360.8155935,0.040804335,139.6698715,12.47809944,9405,4890,0.026784288,450.5393767,901077,337.9045302,0.001289767,14076.36621,103663.4375,1.895306706,2.878602505,27.42801285,41.65782166,108,070801030302,F070801030302_68,24
228,6008,6.129737377,1193.049975,34777.24128,8.589978218,4830.23291,50088.16406,88,2464.293213,20.71851158,241.5116577,6.007142544,1.716326475,285.3278251,0.032267486,145.16647,12.92149268,7829,4073,0.022309285,236.0267006,472054,177.0200263,0.000675678,7294.526367,52552.45703,1.185915232,1.790946841,27.2863636,41.20735168,108,070802060603,F070802060603_481,16
229,6014,7.419430256,1796.338882,47778.27318,11.80123329,5846.51123,68812.99219,68,2616.097412,25.07767487,292.3255615,7.27104187,2.0774405,328.8235549,0.037186382,141.1534004,12.58487169,8810,4580,0.025086307,439.6180909,879237,329.7135748,0.001258503,8462.608398,71429.08594,1.276530862,1.847731113,17.7320919,25.66654587,108,070801030605,F070801030605_83,24
230,6015,9.341446877,1267.701241,52091.05291,12.86649036,7361.060059,75024.50781,86,3607.249023,31.57409096,368.053009,9.154618263,2.615605116,222.2893574,0.025138518,137.1301963,12.28606155,5592,2907,0.015922684,195.3540569,390707,146.5155459,0.000559244,10968.30859,78631.75781,2.532184362,3.773067951,50.24081421,74.86105347,108,070801030303,F070801030303_524,8
231,6026,3.667256355,1162.266994,27275.21443,6.736978054,2889.798096,39283.32031,83,1822.891357,12.39532661,144.4898987,3.593911171,1.026831746,180.9662096,0.020465318,130.9997711,11.79861145,4489,2335,0.012789635,70.0239853,140048,52.51798921,0.000200459,4712.689453,41106.21094,1.237600923,2.018282413,55.0249176,89.7347641,108,070801030605,F070801030605_246,32
232,6030,8.520971298,1644.133264,52112.88467,12.87188244,6714.525391,75055.94531,84,3524.83667,28.80088234,335.7262573,8.350551605,2.385871887,278.4679917,0.031491713,133.015754,11.96601599,7102,3692,0.020222411,164.8545443,329708,123.6409084,0.000471932,10239.3623,78580.78125,1.818668842,2.773391724,54.30666351,82.81533051,108,070801030303,F070801030303_28,8
233,6036,6.879603863,1662.51505,44790.43143,11.06323624,5421.12793,64509.73047,86,3101.689209,23.25306129,271.0563965,6.742012024,1.926289082,204.177456,0.023090258,143.6281455,12.82824435,5446,2832,0.015511882,147.7774492,295555,110.833089,0.000423045,8522.817383,67611.42188,1.914240122,3.009469509,48.91254044,76.89777374,108,070801030605,F070801030605_158,32
234,6047,4.388248444,1038.000239,23911.39065,5.906113625,3457.939697,34438.54688,82,1578.822144,14.83228016,172.8969879,4.300483704,1.228709579,154.5672035,0.017479876,152.7224731,13.58547688,4422,2300,0.012597927,93.26840401,186537,69.95130157,0.000267001,5036.761719,36017.36719,1.503452063,2.189896345,49.4335289,72.00382996,108,070801030302,F070801030302_114,16
235,6071,5.323333263,1043.380427,32577.22221,8.046573639,4194.786621,46919.57031,81,2124.77832,17.99286652,209.7393341,5.216866493,1.490533352,264.6612268,0.029930317,133.9996482,12.03243693,6777,3526,0.01931317,230.1967601,460394,172.6475682,0.000658988,6319.564941,49044.34766,1.189672947,1.792275906,24.29681778,36.6038475,108,070801030302,F070801030302_186,16
236,6081,9.025749207,2306.492096,56526.8003,13.96212006,7112.290527,81413.125,81,3686.837158,30.50703239,355.6145325,8.845233917,2.527209759,504.7733898,0.057084402,139.409937,11.89784047,12774,6642,0.036380622,1312.395976,2624791,984.2969795,0.00375702,10799.12793,85099.96094,1.07080555,1.62588501,7.225756645,10.97141266,108,070801030303,F070801030303_131,8
237,6099,6.04051733,1215.583778,37362.18374,9.228459358,4759.927734,53811.14844,85,2557.206055,20.41694832,237.9963837,5.919706821,1.691344857,256.5722733,0.029015544,152.7222214,13.58545224,7346,3820,0.020923513,175.9875498,351975,131.9906616,0.000503803,7317.133789,56368.35547,1.246054411,1.915480018,36.06261063,55.43675232,108,070801030302,F070801030302_267,16
238,6119,12.85970974,2005.327809,68100.07271,16.82071877,10133.45117,98081.60938,83,4551.350098,43.46582031,506.6725769,12.60251522,3.600718737,375.4458685,0.04245886,134.0357644,12.03291832,9537,4959,0.027162226,185.2607732,370522,138.9455805,0.000530349,14684.80078,102632.9609,2.043446541,2.961242437,72.93107605,105.6874237,108,070801030301,F070801030301_35,16
239,6127,5.504183292,1437.709042,34503.67354,8.522407532,4337.296387,49694.16016,73,2028.162598,18.60413933,216.8648224,5.394099712,1.541171312,157.3753107,0.017797443,131.0016581,9.136558384,3528,1834,0.010045477,52.91855508,105838,39.68891656,0.000151491,6365.458984,51722.32422,2.364938021,3.47080636,109.2823105,160.3837891,108,070801030606,F070801030606_67,32
240,6167,5.230344772,1382.650068,41770.72241,10.31736851,4121.511719,60160.57422,81,2724.404297,17.67856598,206.0755768,5.125737667,1.464496493,153.9801127,0.017413483,141.1996787,12.58901146,4020,2091,0.011453159,177.4412757,354883,133.0809582,0.000507964,6845.916016,62884.97656,1.971072078,3.273991346,30.96995735,51.44173813,108,070801030606,F070801030606_347,32
241,6185,5.753308773,1175.687338,38344.43497,9.471075058,4533.607422,55225.83984,57,1759.915161,19.44618416,226.6803589,5.638242722,1.610926509,213.3308451,0.024125407,133.8343124,10.81863248,4917,2557,0.014005608,75.18059316,150362,56.38544449,0.000215221,6293.522461,56985.75391,1.773018122,2.461291552,80.403862,111.6160812,108,070801030606,F070801030606_61,32
242,6192,2.882807016,877.7074725,18739.52701,4.628663063,2271.651855,26989.73438,78,1176.976563,9.743887901,113.5825958,2.825150967,0.807185948,143.5313416,0.01623184,133.124155,11.96419978,3677,1913,0.010478189,132.9792891,265958,99.73446518,0.000380682,3448.628418,28166.71094,1.187481403,1.802733064,22.77699852,34.57810211,108,070801030302,F070801030302_166,16
243,6208,11.12957191,1770.314861,62924.32979,15.54230976,8770.102539,90627.21094,88,4458.777832,37.61795425,438.505127,10.90698051,3.116280079,260.7755747,0.029490892,143.9221771,11.74926293,7163,3725,0.020403164,166.1891663,332379,124.6418761,0.000475753,13228.88086,95085.99219,2.354389906,3.551377296,70.3624115,106.1351242,108,070802060502,F070802060502_374,16
244,6211,8.117987633,1236.643161,43970.3344,10.86067295,6396.974121,63328.58203,90,3186.521484,27.4387989,319.8487244,7.955627918,2.27303648,152.4297497,0.017238153,136.8746204,12.26563621,3824,1989,0.010894468,83.45446944,166910,62.59085321,0.000238907,9583.496094,66515.10156,3.216176033,4.818248272,102.2030182,153.1133575,108,070802060603,F070802060603_335,16
245,6226,17.85351563,2094.037456,104058.1087,25.70235252,14068.57031,149870.4219,83,6954.54248,60.34488297,703.4285278,17.4964447,4.998984337,524.328839,0.059295911,135.4996921,12.14743558,13305,6918,0.037892373,268.2264643,536451,201.1698505,0.000767857,21023.11328,156824.9688,2.033618212,3.038900375,69.93379211,104.5042953,108,070801030301,F070801030301_53,16
246,6229,3.419818878,827.8992481,21994.12776,5.432549477,2694.817383,31677.19531,59,1533.096924,11.55898762,134.74086,3.351422548,0.957549274,152.9473483,0.017296688,132.7010818,7.884177282,3665,1907,0.010445325,321.3591402,642717,241.019343,0.000919961,4227.914063,33210.29297,1.41311872,2.217049837,11.18091774,17.54180336,108,070802060302,F070802060302_253,24
247,6261,13.10630703,2228.160497,75311.76623,18.60200691,10327.76953,108468.3047,88,5336.543945,44.29931641,516.3884888,12.84418106,3.669765949,276.265687,0.031242656,141.6955242,12.64825976,7583,3944,0.021602706,164.8868198,329774,123.6651171,0.000472024,15664.31348,113804.8516,2.618602753,3.971681833,83.51400757,126.6671982,108,070802060603,F070802060603_412,16
248,6270,12.80020714,1750.824645,75706.57347,18.69952393,10086.56348,109036.9219,89,5425.47998,43.26470184,504.3281555,12.5442028,3.584058046,359.7114951,0.040679473,132.8887787,11.9458491,9093,4728,0.025896956,198.7930784,397586,149.0948107,0.000569089,15512.04297,114462.3984,2.133368015,3.280889034,67.65200806,104.0414658,108,070801030301,F070801030301_6,16
249,6310,3.826161861,1092.48788,25296.44429,6.248221874,3015.015625,36433.38281,71,1446.213379,12.93242741,150.7507782,3.749638557,1.071325302,172.4667304,0.019504119,139.8151584,11.34921039,3794,1972,0.010801353,564.6383662,1129277,423.4787703,0.0016164,4461.229004,37879.59766,1.528912544,2.262286425,7.119637966,10.53471661,108,070802060603,F070802060603_552,16
250,6318,14.15097046,2109.64714,83425.20905,20.6060257,11150.96484,120153.7344,87,5844.28125,47.8302803,557.5482178,13.86795139,3.96227169,318.2337086,0.035988785,136.3809651,12.23445552,8068,4197,0.022988478,187.2531173,374507,140.4398382,0.000536053,16995.24609,125998.0156,2.656889439,4.049379349,79.40029907,121.0144272,108,070802060603,F070802060603_336,16
251,6338,15.18035603,2997.318587,93015.68892,22.9748745,11962.12012,133966.5,77,5767.152832,51.30960464,598.1060181,14.87674904,4.250499725,445.5263129,0.050384199,136.4182701,12.2232697,11183,5814,0.031845368,347.5608748,695119,260.6706518,0.000994969,17729.27344,139733.6563,2.057468176,3.049410582,45.88978577,68.01407623,108,070801030606,F070801030606_37,32
252,6343,3.437640429,843.1308189,23259.85247,5.745183468,2708.860596,33500.16406,81,1517.072998,11.61922455,135.4430389,3.368887663,0.962539315,166.6281728,0.018843841,138.6808438,12.42203776,4225,2196,0.012028282,169.1477826,338297,126.8608382,0.000484222,4225.933594,35017.23828,1.233543038,1.924377799,21.35300827,33.31156921,108,070801030303,F070801030303_35,8
253,6348,12.12233829,2030.440554,80011.79419,19.76291275,9552.402344,115237.5469,86,5540.72998,40.97350311,477.6201172,11.8798914,3.394254684,442.669057,0.050061075,132.4174445,11.90467174,11006,5722,0.031341451,215.0537533,430105,161.2903169,0.000615638,15093.13281,120778.2734,1.669416666,2.637737274,59.22489548,93.5774231,108,070801030302,F070801030302_262,16
254,6381,21.70915985,2199.247231,126224.3491,31.17741394,17106.81836,181795.5,89,9045.814453,73.37696075,855.3408813,21.27497673,6.078564644,488.1403215,0.055203382,141.0952902,12.58966273,12935,6729,0.036857152,321.652063,643303,241.2390474,0.000920799,26152.63281,190841.3125,2.542252779,3.886555672,70.91230774,108.4096146,108,070802060502,F070802060502_377,16
255,6383,5.174746513,1322.301511,28513.58786,7.042856216,4077.700195,41066.89453,86,1974.535278,17.49064255,203.8850098,5.071251392,1.448929071,213.1431055,0.024104176,134.3999252,12.06910737,5338,2777,0.015210627,161.3024864,322605,120.9768659,0.000461764,6052.235352,43041.42969,1.468383193,2.179414988,33.7064476,50.02803802,108,070802060502,F070802060502_286,16
256,6385,18.29803848,4661.996062,117651.3259,29.0598774,14418.85449,169448.1406,76,7199.875,61.84737015,720.942688,17.93207741,5.123450756,1324.290723,0.149762934,138.3008206,12.2026459,33895,17624,0.096532985,1829.075228,3658147,1371.806428,0.005236127,21618.73047,176648.0156,0.818137467,1.226664186,10.51085186,15.75931549,108,070801030303,F070801030303_562,8
257,6403,13.14126587,2637.623779,81675.52841,20.17385483,10355.31738,117633.75,87,5721.709473,44.41748047,517.7658691,12.87844086,3.679554462,597.917604,0.067618003,133.6564007,12.00364012,15086,7844,0.042964408,445.7837555,891566,334.3378183,0.001276153,16077.02734,123355.4609,1.320157766,2.049595594,30.9726181,48.08617783,108,070802060502,F070802060502_551,8
258,6410,13.83037472,1959.458642,77322.76795,19.09872437,10898.33496,111364.6641,87,5416.780273,46.74666595,544.916748,13.5537672,3.87250495,425.5710282,0.048127473,142.6765381,11.98844852,11361,5908,0.03236024,268.0611522,536123,201.0458649,0.000767383,16315.11523,116781.4453,1.84467411,2.761529207,54.20820236,81.15120697,108,070802060502,F070802060502_285,16
259,6414,10.06196404,2003.702805,59780.3843,14.7657547,7928.827637,86099.11719,84,4043.454346,34.00943756,396.4413757,9.860724449,2.817349911,255.4024605,0.028883251,134.7773183,12.09305265,6481,3370,0.018458702,134.4100806,268822,100.8075576,0.000384778,11972.28223,90142.57031,2.352767944,3.552606106,78.65310669,118.7637329,108,070802060603,F070802060603_511,16
260,6450,13.31797409,2480.750877,90689.06174,22.40019798,10494.56348,130615.5547,74,5403.82373,45.01475143,524.7281494,13.05161476,3.729032755,891.547393,0.100824351,138.1347088,11.6572619,21657,11258,0.061664114,936.9082666,1873814,702.6811989,0.002682104,15898.38672,136019.375,0.9321872,1.412185669,14.93502808,22.62532043,108,070801030303,F070801030303_52,8
261,6459,10.33641911,2353.857193,63403.43334,15.66064835,8145.098145,91317.24219,83,4237.458008,34.93709564,407.2549133,10.12969112,2.894197464,612.3078443,0.069245384,143.9624596,12.11223868,16143,8396,0.045987911,1474.497376,2948995,1105.873054,0.00422107,12382.55664,95554.70313,0.970116496,1.474816203,7.365310192,11.19708729,108,070802060704,F070802060704_377,32
262,6467,9.479485512,2287.617767,56795.37364,14.02845764,7469.834473,81799.9375,76,3475.690674,32.04066086,373.4917297,9.289896011,2.654255867,358.7283992,0.040568296,142.9375498,12.71866995,9530,4956,0.027145794,355.2874839,710575,266.4656124,0.001017088,10945.52539,85275.625,1.50723052,2.208540201,28.0330143,41.07669067,108,070801030301,F070801030301_171,24
263,6482,4.664656162,871.2346726,25972.53284,6.415215492,3675.749023,37407.12109,78,1631.260986,15.76653767,183.7874603,4.571362972,1.306103706,179.3922477,0.02028732,144.8428214,12.87763132,4880,2537,0.013896061,401.6506701,803301,301.2380047,0.001149813,5307.009766,39038.38281,1.448856592,2.091844559,12.20214272,17.61733055,108,070802060704,F070802060704_538,32
264,6488,7.711512089,1091.754607,45760.59725,11.30286789,6076.671387,65907.02344,86,3168.87207,26.06491089,303.8335876,7.557281971,2.159223318,174.2222375,0.019702648,137.1388575,12.26679246,4417,2297,0.012581495,157.8107874,315621,118.35809,0.000451768,9245.542969,69075.89844,2.645481586,4.025051594,51.34141159,78.11500549,108,070801030303,F070801030303_229,8
265,6493,6.326926231,1326.492629,36671.65209,9.057898521,4985.617676,52816.60547,80,2362.300049,21.38500977,249.280899,6.200387478,1.77153933,198.197737,0.022414017,143.1836441,12.73555899,5426,2822,0.015457109,126.7509606,253503,95.0632219,0.000362852,7347.917969,55178.90625,1.766696572,2.603797913,52.4452858,77.29506683,108,070801030301,F070801030301_128,24
266,6494,5.278855324,1538.001468,32075.08875,7.922546864,4159.737793,46196.37109,78,2014.545166,17.8425312,207.9868927,5.173278332,1.478079438,245.3497857,0.027746403,136.6656586,12.23437653,6192,3220,0.017637098,217.3642881,434729,163.0232159,0.000622253,6174.283203,48210.91797,1.29184401,1.917479277,25.51622963,37.87364197,108,070802060603,F070802060603_490,16
267,6501,2.953777075,1007.754382,19217.2025,4.746648788,2327.576416,27677.70898,88,1361.718628,9.983766556,116.3788147,2.894701481,0.8270576,134.3504195,0.015193577,132.4168523,11.90362708,3370,1753,0.009601811,106.7350056,213471,80.05125509,0.000305552,3689.294922,29039.42773,1.327767491,2.104560614,29.07607651,46.08665848,108,070801030303,F070801030303_573,8
268,6508,3.278513193,1214.915235,22166.17022,5.47504425,2583.468506,31924.98242,80,1427.891357,11.08137417,129.1734161,3.212942839,0.917983711,185.3517591,0.020961276,137.6933975,12.38063936,4831,2512,0.013759127,220.3695817,440738,165.2771865,0.000630856,4011.359863,33352.875,1.028450847,1.596878886,15.63112545,24.27050018,108,070801030303,F070801030303_642,8
269,6545,3.422707558,1885.286627,24471.10124,6.044362068,2697.093506,35244.67578,72,1418.732788,11.56875134,134.8546753,3.354253292,0.958358109,446.5141058,0.050495908,132.001043,10.74409037,11032,5737,0.031423612,456.182321,912366,342.1367428,0.001305921,4115.826172,36663.41016,0.470122635,0.717417836,7.883086205,12.0297699,108,070802060803,F070802060803_474,24
270,6557,5.433428288,1562.28507,30268.2881,7.476267338,4281.541504,43594.11328,82,1998.555908,18.36498833,214.0770721,5.324759483,1.521359921,179.7194193,0.020324319,143.0413113,12.73352015,4937,2567,0.014060382,131.8480342,263695,98.88602505,0.000377444,6280.097656,45592.66797,1.667916417,2.446473598,43.29774094,63.50844574,108,070801030301,F070801030301_560,24
271,6566,8.353668213,1814.909842,58799.58344,14.52349758,6582.69043,84686.51563,81,3835.074463,28.23539925,329.1345215,8.186594963,2.339027166,509.5354995,0.057622945,142.7518748,12.70655678,13483,7013,0.038412723,501.0183174,1002036,375.7637382,0.001434274,10417.76465,88521.59375,0.938641131,1.485493302,17.51816368,27.72424126,108,070801030301,F070801030301_574,24
272,6568,6.270397663,1553.113827,39684.68099,9.802116394,4941.073242,57156.14063,83,2652.256592,21.19394493,247.0536652,6.144989491,1.755711317,302.1814722,0.034173451,141.8028173,12.62862253,8121,4223,0.023130889,227.9432779,455887,170.9574619,0.000652537,7593.330078,59808.39844,1.1700387,1.798089027,28.90235519,44.41648865,108,070801030301,F070801030301_624,24
273,6586,12.82709026,2723.132832,84086.40771,20.76934242,10107.74707,121106.0391,78,5281.228516,43.35556412,505.3873596,12.57054806,3.591585159,462.0476058,0.052252579,132.7696264,11.94677959,11821,6147,0.033669329,446.2777658,892557,334.7083216,0.001277567,15388.97559,126387.2656,1.64433825,2.503493786,30.19867325,45.97727203,108,070802060603,F070802060603_340,16
274,6591,11.29105186,1578.01729,63529.3012,15.69173717,8897.348633,91498.51563,88,4501.645996,38.16375351,444.8674316,11.06523037,3.161494493,209.5991023,0.023703388,132.4154758,11.90529299,5223,2716,0.014876509,196.1691015,392339,147.1268277,0.000561577,13398.99414,96000.16406,3.275901556,4.933355808,60.47400665,91.07104492,108,070802060502,F070802060502_308,16
275,6595,14.73852634,2494.773919,87382.25052,21.58341599,11613.95898,125852.8984,70,4925.335449,49.81621933,580.697937,14.4437561,4.126787186,479.5617415,0.054233238,141.8867011,12.66525655,13264,6898,0.037782826,348.0087921,696017,261.0065934,0.000996251,16539.29492,130778.2344,1.683670521,2.397694349,44.49680328,63.3673439,108,070801030301,F070801030301_540,24
276,6620,6.653964043,960.1398757,35200.61564,8.694552422,5243.32373,50697.93359,90,2550.981689,22.49039841,262.1661682,6.520884991,1.863109946,147.2142212,0.016648334,136.6645457,12.24016428,3696,1921,0.010522008,110.4626148,220925,82.8469615,0.000316223,7794.305664,53248.91406,2.729476213,4.057420731,63.28926849,94.08076477,108,070801030303,F070801030303_647,8
277,6632,7.916380882,1415.467215,45911.16881,11.34005833,6238.10791,66123.88281,82,3031.424316,26.75736809,311.9053955,7.758053303,2.21658659,358.1223972,0.040499763,141.7232936,12.63195551,9406,4891,0.026789766,693.2464638,1386492,519.9348521,0.001984569,9269.532227,69155.30469,1.275425911,1.895222306,11.99786472,17.82825661,108,070802060704,F070802060704_417,32
278,6636,5.113607883,1218.748321,33725.83711,8.330282211,4029.522949,48573.875,87,2362.634277,17.28399467,201.4761505,5.01133585,1.43181026,158.1220806,0.017881894,135.6745052,12.16708875,4041,2101,0.011507932,131.829206,263660,98.87190378,0.00037739,6392.157227,50936.50781,1.917907119,3.042435646,40.75498581,64.65089417,108,070801030301,F070801030301_34,16
279,6658,8.53742218,2074.889617,55586.25428,13.72980499,6727.48877,80058.49219,73,3267.418701,28.85648727,336.3744202,8.36667347,2.390478134,352.1455984,0.039823852,137.6729262,12.33656926,9049,4705,0.025770977,250.7736511,501547,188.0802393,0.000717894,9994.907227,83325.91406,1.429859519,2.124315977,35.76924896,53.14171982,108,070801030606,F070801030606_1,32
280,6682,13.77748489,2141.387266,89800.25589,22.18066406,10856.6582,129335.4531,84,6073.952637,46.5678978,542.8328857,13.50193501,3.857695818,411.346135,0.046518791,138.7516188,12.40875556,10916,5676,0.031089493,186.9674641,373935,140.2255975,0.000535235,16930.61133,135409.4063,1.912730455,2.982841969,77.42279816,120.7383804,108,070801030303,F070801030303_766,8
281,6685,7.710062027,1846.056982,50701.34774,12.52323246,6075.528809,73022.96875,72,2939.453125,26.060009,303.7764587,7.555860996,2.158817291,208.6486595,0.023595903,140.4084579,12.52286434,5545,2883,0.015791228,167.5361092,335070,125.6520831,0.000479609,9014.982422,75962.42188,2.107363462,3.126945019,48.35199356,71.74559021,108,070801010405,F070801010405_23,32
282,6702,6.910558701,1238.326233,36902.96824,9.11503315,5445.52002,53149.75781,85,2525.775879,23.3576889,272.276001,6.77234745,1.934956431,304.5378352,0.03443993,136.3523814,12.20567057,7846,4080,0.022347627,209.280323,418561,156.9602438,0.000599111,7971.295898,55675.53516,1.334686279,1.953748941,34.6936264,50.78544617,108,070801030301,F070801030301_191,24
283,6710,19.35396576,2235.69088,103161.18,25.48081207,15250.9248,148578.6094,87,7226.868164,65.41640472,762.5462646,18.96688652,5.419110298,576.9271296,0.065244208,133.1242854,11.95781934,14443,7512,0.041145925,482.853148,965706,362.1398599,0.001382272,22477.79297,155805.4844,2.030208349,2.992251396,42.11335754,62.06937027,108,070802060502,F070802060502_569,16
284,6712,12.57846832,1530.301631,65431.22698,16.16151237,9911.833008,94237.78125,73,3846.116699,42.51522446,495.5916443,12.32689857,3.521971226,358.4829621,0.040540539,137.4596568,12.30213839,9143,4754,0.026039367,403.1915052,806384,302.3936242,0.001154224,13757.94922,98083.89844,2.084945917,2.893973351,32.77791595,45.49682236,108,070801030301,F070801030301_31,16
285,6730,7.229174614,1358.095532,37189.26687,9.185749054,5696.589355,53562.10156,70,2096.187988,24.43461037,284.8294678,7.084590912,2.024168968,350.9017239,0.039683183,143.5621249,12.82735968,9408,4891,0.026789766,347.3151774,694630,260.4863815,0.000994265,7792.777344,55658.28906,1.164708495,1.593289137,21.86904907,29.91625595,108,070801030301,F070801030301_296,24
286,6736,11.29577923,1997.175137,61121.39561,15.09698486,8901.074219,88030.51563,85,4183.374512,38.17973328,445.0537109,11.06986332,3.162818193,474.1226162,0.053618131,139.2546108,12.43082341,12425,6461,0.03538922,374.7902362,749580,281.092679,0.001072919,13084.44922,92213.89063,1.377662063,2.025143147,31.66597748,46.54852295,108,070801030301,F070801030301_349,24
287,6737,5.451881409,1095.075654,31706.04871,7.831394196,4296.08252,45664.85938,86,2195.609619,18.42735863,214.8041229,5.342844009,1.526526809,150.204618,0.016986515,143.4666697,12.77040656,4092,2127,0.011650344,173.328196,346657,129.9961456,0.00049619,6491.692383,47860.46875,2.019784927,3.052041531,33.04776764,49.93757629,108,070801030303,F070801030303_113,8
288,6767,8.266102791,1669.245932,50547.09312,12.48513222,6513.688965,72800.80469,86,3500.331787,27.93942833,325.6844482,8.100780487,2.314508677,211.4020166,0.023907278,141.2003296,12.61332664,5849,3042,0.016662128,140.7679348,281536,105.5759516,0.000402979,10014.02051,76301.13281,2.141252041,3.291919947,61.69671249,94.85134125,108,070801030606,F070801030606_91,32
289,6771,7.848946095,2008.094788,52919.93583,13.07122421,6184.969727,76218.30469,80,3408.975342,26.52943802,309.2484741,7.69196701,2.197704792,337.9567212,0.038219244,133.1245613,11.21587082,7300,3795,0.02078658,589.3850865,1178769,442.0388144,0.001687243,9593.945313,79627.28125,1.629768014,2.528048754,13.9919157,21.70385361,108,070802060603,F070802060603_494,16
290,6791,8.613987923,1571.196152,43585.02601,10.76550102,6787.822266,62773.63672,88,3088.406982,29.11527824,339.3911133,8.441708565,2.411916733,285.6428679,0.032303114,132.2891761,11.8976148,7236,3764,0.020616781,181.8307223,363660,136.3730397,0.00052053,9876.229492,65862.04688,1.803353429,2.623865366,49.7739296,72.42069244,108,070802060502,F070802060502_460,8
291,6793,6.392421246,2100.569316,42606.01532,10.52368546,5037.228027,61363.60938,70,2401.505127,21.60638428,251.8614044,6.26457262,1.789877892,521.7374271,0.059002851,133.0400024,10.21134078,10694,5559,0.030448642,798.4181196,1596836,598.8135907,0.002285646,7438.733398,63765.11328,0.906139255,1.338142395,8.412013054,12.42245293,108,070802060603,F070802060603_542,24
292,6800,6.874891281,1176.601717,36343.74278,8.976904869,5417.414551,52344.33203,87,2546.029785,23.23713303,270.8707275,6.737393379,1.924969554,157.0170556,0.017756928,131.0009499,11.79869449,3896,2026,0.01109713,130.448598,260899,97.83644807,0.000373438,7963.444336,54890.36328,2.673945904,3.930624008,55.37215042,81.39547729,108,070801030303,F070801030303_152,8
293,6814,8.342790604,1948.26155,45886.77514,11.33403301,6574.119141,66088.75,78,2882.018066,28.19863129,328.7059631,8.175934792,2.335981369,89.30431595,0.010099351,140.0680033,12.50003211,2322,1208,0.00661665,53.36567807,106731,40.02425867,0.000152771,9456.136719,68970.76563,5.442151546,7.827927589,164.2533569,236.2601318,108,070801030301,F070801030301_201,24
294,6816,28.32780075,2941.107382,177214.6352,43.77201462,22322.30664,255234.625,81,11560.95215,95.74796295,1116.115356,27.76124382,7.931784153,832.7808149,0.094178488,140.0436466,12.52939279,22035,11459,0.062765063,402.0457539,804089,301.534313,0.001150944,33883.25781,266795.5625,1.948015213,2.956912279,74.02907562,112.3694916,108,070801030303,F070801030303_692,8
295,6841,10.07186508,1084.424041,53846.43628,13.30006981,7936.629883,77552.71094,87,3772.165771,34.0429039,396.8314819,9.870428085,2.820122242,166.8484496,0.018868752,134.5407982,12.0627954,4202,2184,0.011962553,165.4096839,330819,124.0572612,0.000473521,11708.7959,81324.875,3.633988142,5.361170292,63.97553635,94.38218689,108,070802060502,F070802060502_335,16
296,6861,6.78873682,1226.606139,37234.61298,9.196949005,5349.524414,53627.41016,88,2638.420654,22.94593048,267.4762268,6.652962208,1.900846362,187.4716351,0.021201011,142.3965217,12.70112154,5188,2698,0.014777916,113.22218,226443,84.9166345,0.000324123,7987.945313,56265.83203,1.982774019,2.960691452,62.99736786,94.06808472,108,070802060502,F070802060502_396,16
297,6866,5.111141682,2028.027109,32861.32238,8.116746902,4027.57959,47328.75,73,1931.623169,17.27565956,201.3789825,5.008918762,1.43111968,275.3117561,0.031134777,137.9260288,12.34864955,7204,3746,0.020518189,205.8196962,411639,154.3647723,0.000589204,5959.202637,49260.375,1.075168014,1.590817571,26.09131241,38.60467911,108,070801030606,F070801030606_492,32
298,6881,10.00578403,1922.312298,61959.55751,15.30401039,7884.557617,89237.6875,83,4140.958984,33.81954956,394.2279053,9.805667877,2.80161953,311.585242,0.035236915,134.8449042,12.08457116,7842,4079,0.02234215,254.5875654,509176,190.9406722,0.000728812,12025.5166,93378.64844,1.932963371,2.948153019,41.29323196,62.98038101,108,070802060704,F070802060704_491,32
299,6888,7.948605061,1720.890775,47195.40198,11.65726471,6263.500977,67973.50781,84,3192.225098,26.86628532,313.1750488,7.789632797,2.225609303,232.1928707,0.026258498,142.6876297,12.76435554,5959,3099,0.016974337,110.5856017,221171,82.939201,0.000316575,9455.726563,71165.73438,2.021136284,3.051218748,75.51918793,114.0079269,108,070801030301,F070801030301_550,24
300,6889,4.677069664,1131.330476,26436.40254,6.529791355,3685.531006,38075.21484,73,1553.959717,15.80849552,184.2765503,4.583528042,1.309579492,140.5299746,0.015892418,132.4170742,10.71036724,3475,1805,0.009886634,187.1967262,374394,140.397546,0.000535891,5239.490723,39629.17578,2.041845322,2.902765036,26.25067902,37.3189621,108,070802060801,F070802060801_169,24
301,6891,14.8424654,2525.746018,88707.7589,21.91081619,11695.8623,127761.9688,87,6214.345703,50.16753387,584.7931519,14.54561615,4.155890465,687.1283793,0.077706776,137.4604919,12.30874863,17639,9173,0.050243819,269.2203259,538442,201.9152459,0.000770702,17910.20703,133976.3125,1.275031328,1.95249176,57.92461395,88.70160675,108,070801030301,F070801030301_366,24
302,6911,21.38720322,2297.204904,117938.0579,29.13070107,16853.11523,169861.125,88,8357.015625,72.28874969,842.6558228,20.9594593,5.988416672,509.7329754,0.057645277,142.9897389,12.74472066,13689,7119,0.038993323,338.9514506,677901,254.213586,0.000970322,25210.13086,178218.1406,2.367342949,3.541246176,66.29509735,99.16909027,108,070802060502,F070802060502_553,16
303,6937,5.222645283,944.138793,28268.17302,6.98223877,4115.444336,40713.43359,86,1957.540405,17.65254021,205.7722168,5.118192196,1.462340713,147.4299981,0.016672736,139.2885609,12.44064951,3922,2039,0.011168336,63.51135725,127022,47.63351709,0.000181815,6072.984863,42670.97266,2.018363953,2.978413343,86.39807892,127.4939423,108,070801030301,F070801030301_352,24
304,6954,6.692355156,1263.597532,42480.58476,10.49270439,5273.575684,61182.96094,74,2531.26001,22.62016106,263.6788025,6.558507919,1.873859406,183.3943532,0.020739914,140.8223758,12.5678818,4870,2533,0.013874152,175.6154844,351231,131.7116145,0.000502738,7804.835938,63714.22266,2.081948519,3.081261635,40.03880692,59.2570076,108,070801030301,F070801030301_89,16
305,6956,3.045690298,1286.9669,21003.39248,5.187838078,2400.003906,30250.2832,68,1150.039795,10.29443359,120.0001984,2.984776497,0.852793276,71.15352648,0.008046693,132.700061,7.884132639,1461,759,0.004157316,202.3120174,404624,151.7340142,0.000579162,3550.043701,31400.32227,3.162060499,4.677264214,15.81717777,23.396492,108,070802060803,F070802060803_275,32
306,6971,12.13201427,1413.702374,61661.87608,15.23048306,9560.027344,88808.94531,87,4319.669922,41.00620651,478.0013733,11.88937378,3.396964073,227.8674964,0.025769345,132.0315358,11.87635448,5656,2941,0.016108914,96.55005588,193102,72.41254139,0.000276396,13879.69727,93128.61719,3.250604391,4.719380379,132.0217133,191.6753235,108,070802060502,F070802060502_237,8
307,6978,4.213448048,1922.593489,26940.38875,6.654275894,3320.197021,38801.08203,72,1561.891602,14.24145412,166.0098572,4.129179001,1.179765463,153.5701797,0.017367124,134.569696,8.962207828,3081,1602,0.00877473,428.0972276,856194,321.0729222,0.001225522,4882.088867,40362.97266,2.072532415,3.04749608,10.34094334,15.20554543,108,070802060803,F070802060803_451,32
308,6985,9.005110741,1623.97867,45598.33182,11.26278782,7096.027344,65673.3125,93,3414.6521,30.43727493,354.8013611,8.825008392,2.521430969,255.821135,0.028930599,135.7232005,12.16188987,6438,3348,0.0183382,87.88582106,175772,65.91436568,0.000251592,10510.67969,69087.96094,2.119482517,3.139390469,107.6552505,159.4596252,108,070801030301,F070801030301_380,24
309,6991,8.406339645,1199.62673,48249.34285,11.91758728,6624.195801,69491.45313,90,3496.620117,28.41342735,331.2097778,8.238212585,2.353775024,184.3615143,0.02084929,131.0004292,11.79865789,4573,2378,0.013025161,115.6849265,231370,86.76369429,0.000331173,10120.81641,72988.07031,2.785616398,4.256020546,76.34755707,116.648056,108,070802060502,F070802060502_236,8
310,7001,5.086965561,1024.486169,32763.19224,8.092508316,4008.528809,47187.41406,81,2136.907715,17.19394302,200.4264374,4.985226154,1.424350381,147.3200074,0.016660297,133.9136571,12.03042575,3789,1969,0.010784921,84.32626933,168652,63.24470255,0.000241402,6145.436523,49324.32031,2.03581953,3.121095181,63.3812561,97.16918945,108,070801030301,F070801030301_91,16
311,7016,5.134885788,1042.79262,28148.58706,6.952701092,4046.290039,40541.19922,88,1994.590942,17.35591316,202.3144989,5.032187939,1.437767982,139.8711227,0.015817909,147.11871,13.09189256,3925,2041,0.011179291,167.7119183,335425,125.7839386,0.000480112,6040.880859,42535.78906,1.982503653,2.959765196,32.16857529,48.0258522,108,070802060502,F070802060502_587,16
312,7017,6.452861786,1125.59517,35558.15825,8.782865524,5084.85498,51212.89063,86,2462.364258,21.81067276,254.2427521,6.323804379,1.806801319,241.2459915,0.027282308,130.9997624,11.79861082,5985,3113,0.01705102,237.6271916,475254,178.2203947,0.00068026,7547.219238,53675.25391,1.633425951,2.42441988,28.5312748,42.34767532,108,070801030303,F070801030303_622,16
313,7042,2.536434174,1043.44044,20447.70195,5.050582409,1998.710083,29449.94531,65,1070.218384,8.573147774,99.93550873,2.485705376,0.710201561,44.33175301,0.005013441,139.5003296,8.57491823,1002,521,0.002853704,57.87393713,115748,43.40545416,0.000165677,3068.928467,30520.16406,3.836295843,5.89045763,46.04743958,70.70375061,108,070802060603,F070802060603_249,24
314,7047,12.5420866,2197.672993,75681.78796,18.69340134,9883.164063,109001.2266,95,5789.346191,42.39225388,494.1582031,12.29124451,3.511784315,275.5918424,0.031166452,149.9821579,13.31065092,7634,3970,0.021745117,115.0076723,230015,86.25575256,0.000329235,15672.50977,114790.5703,2.489461899,3.947735548,114.5797653,181.6981354,108,070801030301,F070801030301_162,24
315,7127,6.09608078,1174.266195,36641.38139,9.050420761,4803.711426,52773.00391,85,2507.871582,20.60475349,240.1855774,5.974159241,1.706902623,178.849375,0.020225927,140.6336975,12.56046534,4765,2478,0.013572897,334.1693767,668339,250.6270287,0.000956633,7311.583008,55280.875,1.938543797,2.950598478,19.16677284,29.17316246,108,070802060704,F070802060704_458,32
316,7131,8.30957222,1279.331899,42597.16582,10.52149963,6547.942871,61350.86328,89,3052.708008,28.0863533,327.3971558,8.143381119,2.326680183,143.1611093,0.01618997,139.925087,10.24588611,3243,1687,0.009240306,208.5172967,417034,156.3879725,0.000596926,9600.650391,64403.57031,3.881412506,5.690960407,41.8698616,61.38995361,108,070802060603,F070802060603_613,24
317,7155,3.536022425,1041.020384,23096.16678,5.704753399,2786.385742,33264.41797,39,725.3023682,11.95175552,139.3192902,3.465301991,0.990086257,169.3997049,0.019157271,143.9531468,12.85307244,4567,2374,0.013003252,211.3252833,422650,158.4939635,0.000604965,3511.687988,33989.71875,1.173709273,1.479228258,17.58039093,22.15660477,108,070801010403,F070801010403_185,32
318,7166,4.240495205,1084.231989,24009.49093,5.930344105,3341.510254,34579.83594,82,1585.299683,14.33287334,167.0755157,4.155685425,1.18733871,158.5099843,0.017925762,132.6991425,11.92454357,3935,2046,0.011206678,208.5275729,417055,156.3956831,0.000596956,4926.810059,36165.13672,1.633191705,2.408020496,21.36574554,31.50221252,108,070802060603,F070802060603_645,24
319,7179,10.55092621,1911.528255,64124.86605,15.83884144,8314.129883,92356.28125,84,4337.308594,35.66213226,415.7064819,10.33990765,2.954259396,225.536392,0.025505723,131.8510101,11.86168833,5608,2915,0.015966503,79.6460951,159292,59.73457058,0.000228004,12651.43848,96693.59375,2.852188587,4.340116024,139.1845551,211.7942505,108,070801030301,F070801030301_323,16
320,7184,5.981917858,1199.323528,33343.82962,8.235925674,4713.751465,48023.68359,90,2416.420654,20.21888161,235.687561,5.862279415,1.67493701,236.8003952,0.026779559,141.5230844,10.08439294,5952,3095,0.016952428,76.51988781,153039,57.38991358,0.000219055,7130.171875,50440.10547,1.52302146,2.303771257,82.13553619,124.2408524,108,070801030301,F070801030301_536,24
321,7226,11.91751671,1789.9944,64175.05374,15.85123825,9391.00293,92428.57031,79,4082.327881,40.28120804,469.5501709,11.67916679,3.336904764,190.4653336,0.021539566,142.7868668,12.73342648,4945,2573,0.014093246,111.2646974,222529,83.4485246,0.000318519,13473.33105,96510.89844,3.649826288,5.236428738,112.5364761,161.4567871,108,070802060502,F070802060502_468,16
322,7275,6.81260252,1233.570625,42528.07945,10.50443554,5368.330566,61251.36328,83,2842.290283,23.02659607,268.4165344,6.676350594,1.907528758,243.6087575,0.027549511,136.6660671,12.25987792,6202,3224,0.017659007,304.3480253,608696,228.2610192,0.000871263,8210.621094,64093.65234,1.665114999,2.546718597,23.51838493,35.97031784,108,070802060704,F070802060704_454,32
323,7283,9.101736069,2409.374915,72511.97413,17.91045761,7172.167969,104435.875,59,3444.897461,30.76386833,358.6083984,8.919701576,2.548485994,605.4281758,0.068467368,147.3892963,12.66902052,16650,8655,0.047406547,676.8513678,1353704,507.6385304,0.001937635,10617.06543,107880.7734,0.828673363,1.226697326,14.12849426,20.91461754,108,070801010403,F070801010403_46,32
324,7303,9.091298103,1600.280347,54055.42843,13.35169125,7163.942871,77853.71094,88,3830.333252,30.7285881,358.1971436,8.909472466,2.545563459,329.9046015,0.037308636,138.0341743,12.37930556,8428,4383,0.024007267,205.6716795,411343,154.2537597,0.00058878,10994.27637,81684.04688,1.634483933,2.508390665,46.44258118,71.27396393,108,070802060603,F070802060603_284,24
325,7321,6.139700413,1302.852052,32111.66879,7.931581974,4838.083984,46249.05469,80,2068.556885,20.75218773,241.9041901,6.016906261,1.719116092,153.4887621,0.017357916,139.971578,12.48759826,4114,2139,0.011716072,89.51992296,179041,67.13994377,0.00025627,6906.640625,48317.61328,2.26184392,3.228910923,72.05970001,102.8693237,108,070802060502,F070802060502_348,16
326,7322,18.13780785,2426.599554,98408.08316,24.30679703,14292.59277,141732.9375,84,6656.17334,61.30578995,714.6296387,17.77505112,5.078586102,607.7836836,0.06873375,140.8124944,12.59035964,15287,7950,0.043545008,478.9321232,957865,359.1990955,0.001371048,20948.76563,148389.1094,1.797810435,2.63506484,39.79016876,58.32076263,108,070802060502,F070802060502_414,16
327,7344,8.618075371,1444.045201,47646.38255,11.76865673,6791.043457,68623.03906,88,3376.192139,29.12909508,339.5521545,8.445713997,2.413061142,243.0366561,0.027484813,144.8518795,12.90590594,6535,3401,0.0186285,162.3052491,324611,121.7289351,0.000464634,10167.23535,71999.23438,1.996778488,2.989484072,55.78824234,83.5235672,108,070802060502,F070802060502_620,16
328,7347,6.93853569,1303.402569,40195.80309,9.9283638,5467.565918,57892.28906,85,2751.149658,23.45225143,273.3782959,6.79976511,1.942790031,144.5725383,0.016349588,134.3060328,12.04598745,3630,1888,0.010341255,108.9665949,217934,81.72494555,0.000311941,8218.71582,60643.4375,2.895956516,4.353133202,66.9020462,100.5655746,108,070802060502,F070802060502_351,16
329,7381,6.852656841,1551.09111,39782.36293,9.826243401,5399.893555,57296.82422,77,2466.58374,23.16197968,269.9946899,6.715603828,1.918743968,173.6704636,0.019640248,138.0827942,12.36814086,4862,2528,0.013846765,67.05253872,134106,50.28940275,0.000191953,7866.477539,59763.40625,2.136033773,3.111739635,107.3763733,156.4241638,108,070801030301,F070801030301_211,16
330,7405,7.656346321,1133.489154,40890.06093,10.09984493,6033.200684,58892.19531,90,2963.294678,25.87845039,301.6600342,7.503219604,2.143776894,163.2510171,0.018461921,135.7233149,12.19291592,4116,2140,0.011721549,62.89059401,125781,47.16794491,0.000180038,8996.495117,61855.48828,2.819252729,4.203969479,127.9089127,190.7332458,108,070802060803,F070802060803_475,24
331,7408,7.186178684,1148.601895,42512.59021,10.5006094,5662.708984,61229.05469,83,2841.254883,24.28928375,283.135437,7.042455196,2.012130022,175.0884407,0.019800606,133.2666824,11.98143845,4449,2313,0.012669133,99.71068637,199421,74.78301504,0.000285444,8503.963867,64070.30859,2.448209763,3.676594734,75.72186279,113.7151794,108,070802060501,F070802060501_532,16
332,7423,19.85422134,2913.833128,103812.8888,25.64178276,15645.12598,149517.2344,94,7857.667969,67.10726929,782.2563477,19.45713615,5.559182167,457.8045394,0.051772734,138.6915,12.38928509,11958,6217,0.034052744,172.6467081,345295,129.4850298,0.000494239,23502.79297,157374.9063,2.516507387,3.780407429,120.8257523,181.5097351,108,070801030301,F070801030301_521,24
333,7434,3.419341803,948.6044121,20442.95895,5.04941082,2694.441406,29443.11523,81,1333.347534,11.55737495,134.7220612,3.350955009,0.9574157,144.7934824,0.016374574,135.9301163,12.18620844,3626,1885,0.010324823,136.9233053,273847,102.6924785,0.000391973,4027.789063,30776.46289,1.429411888,2.136758089,26.23796272,39.22185135,108,070801010405,F070801010405_264,32
334,7476,4.223201275,913.9162472,29040.74556,7.173064232,3327.882568,41826.13672,82,1917.50354,14.27442074,166.3941345,4.138737202,1.182496309,170.9863426,0.019336703,135.6643289,12.16247309,4302,2236,0.012247376,165.2903516,330581,123.9677633,0.00047318,5245.38623,43743.64063,1.488319516,2.345879316,26.84474182,42.31250381,108,070801010405,F070801010405_92,32
335,7508,6.992026806,1156.789388,42650.42346,10.53465462,5509.717285,61427.57031,88,3022.181641,23.63305092,275.4858704,6.852186203,1.957767487,192.1152067,0.021726149,137.2968818,12.29635164,4939,2570,0.014076814,145.8061346,291613,109.3546033,0.000417402,8531.898438,64449.75,2.14385891,3.319804907,50.38395309,78.02047729,108,070802060803,F070802060803_403,24
336,7511,9.968587875,2132.111379,61548.04866,15.20236778,7855.24707,88645.00781,83,4113.456543,33.69382858,392.7623596,9.769216537,2.791204691,433.9762746,0.049078015,143.7906104,12.842469,11552,6006,0.032897021,154.5996125,309200,115.9497051,0.000442575,11968.70313,92758.46094,1.307899952,1.992791057,67.74701691,103.2232285,108,070801010302,F070801010302_12,24
337,7512,6.343875408,1096.837918,37893.17601,9.359614372,4998.973633,54575.91016,87,2654.57373,21.44229889,249.9486847,6.2169981,1.776285172,269.5832868,0.030486949,139.501062,12.50828495,7159,3722,0.020386732,119.1454849,238291,89.35911298,0.00034108,7653.547363,57230.48438,1.343088031,2.056299686,55.94251633,85.64932251,108,070802060803,F070802060803_373,24
338,7518,18.09993935,3643.895198,109655.9463,27.08501816,14262.75195,157932.7344,81,7152.089844,61.17779541,713.1376343,17.73793983,5.06798315,902.9424098,0.102113004,135.0251649,11.75327979,23264,12100,0.066276051,1280.884341,2561768,960.6632578,0.003666811,21414.8418,165084.8281,1.178739786,1.769821644,14.84677601,22.29172516,108,070802060704,F070802060704_505,32
339,7519,13.46735477,2038.385563,71099.74663,17.56163788,10612.27539,102401.9141,67,3835.812988,45.51966095,530.6137695,13.19800758,3.770859241,479.9098403,0.054272604,141.9847529,11.13667754,11845,6160,0.033740535,472.9846879,945969,354.7385128,0.001354022,14448.08789,106237.7266,1.722772002,2.34546876,29.91576958,40.72883987,108,070802060603,F070802060603_504,24
340,7572,8.491538048,1300.320546,47337.06247,11.69225407,6691.332031,68177.53125,90,3430.507568,28.70139885,334.5665894,8.321707726,2.377630711,255.541374,0.028898961,134.9664593,12.10823321,6456,3357,0.018387496,199.1155098,398229,149.336629,0.000570012,10121.83984,71608.03906,1.993247509,3.015144348,44.80703735,67.77867889,108,070802060603,F070802060603_590,16
341,7585,9.288150787,2358.680803,64746.51225,15.99238873,7319.062988,93251.61719,59,3075.97583,31.39394951,365.9531555,9.102387428,2.600682259,333.0347025,0.037662617,130.9994606,10.73372468,7834,4075,0.02232024,388.7938582,777588,291.5953911,0.001113007,10395.03906,96327.59375,1.796089053,2.550929785,25.10006332,35.64884567,108,070802060704,F070802060704_528,32
342,7622,13.65318584,1712.280672,74114.62976,18.30631447,10758.70996,106744.1172,92,5490.429688,46.14776993,537.9355469,13.38012218,3.822891951,225.749371,0.025529808,147.0562252,13.10969777,6491,3376,0.018491566,93.56468302,187129,70.17351101,0.000267849,16249.13965,112234.5469,3.186821699,4.813133717,153.3158264,231.5565948,108,070801030301,F070801030301_320,24
343,7633,7.508380413,1436.981903,42860.02082,10.58642483,5916.604004,61729.44141,89,3071.54541,25.37832642,295.8302002,7.358212948,2.10234642,209.5262362,0.023695147,137.6097395,12.29317241,5476,2847,0.015594043,164.4830215,328966,123.3622644,0.000470869,8988.149414,64800.98828,2.078188896,3.157059908,47.96121597,72.85979462,108,070802060803,F070802060803_406,24
344,7650,6.451701164,1570.767208,33483.96728,8.270540237,5083.94043,48225.51953,94,2534.424316,21.80674934,254.1970215,6.322667122,1.806476355,204.932159,0.023175607,132.259318,10.81917385,5133,2670,0.01462455,85.31253271,170625,63.98439894,0.000244226,7618.364746,50759.94531,1.904097557,2.853320122,79.45594025,119.0659714,108,070802060502,F070802060502_223,16
345,7652,5.286415577,1153.567753,36484.0635,9.011563301,4165.695313,52546.42578,81,2379.593506,17.86808395,208.2847748,5.180687428,1.480196357,178.6747084,0.020206174,132.2147631,11.88864749,4477,2329,0.01275677,144.1107459,288221,108.0830606,0.000412548,6545.289063,54926.01953,1.788619757,2.810343027,38.54161072,60.55795288,108,070802060603,F070802060603_127,24
346,7726,13.46230793,1938.290854,77290.77993,19.09082222,10608.29883,111318.5859,88,5476.774902,45.50260162,530.414917,13.19306183,3.769446135,483.7518648,0.054707095,138.4807251,10.51524136,12769,6641,0.036375145,328.3431583,656687,246.2573724,0.000939954,16085.07422,116795.3594,1.597394824,2.422086239,43.0780983,65.31814575,108,070802060501,F070802060501_332,16
347,7731,3.909127474,1023.894561,22584.73357,5.578429222,3080.392334,32527.82031,88,1600.3396,13.21285057,154.0196228,3.830945015,1.094555736,190.5316758,0.021547068,135.4086066,12.13573413,4768,2480,0.013583852,124.9550977,249910,93.7163244,0.000357711,4680.731934,34128.16016,1.242093682,1.887391925,32.86932373,49.94574738,108,070802060501,F070802060501_537,16
348,7804,4.143801212,1102.757923,28817.77994,7.117991447,3265.31543,41505.00781,87,2018.804688,14.0060482,163.2657623,4.060925007,1.160264373,133.2810547,0.015072643,135.6760254,12.15904486,3436,1788,0.009793519,124.5370941,249074,93.40281991,0.000356515,5284.120117,43523.8125,1.826239109,2.955324411,34.95949554,56.573452,108,070802060603,F070802060603_120,24
349,7823,4.672177792,939.0100368,25827.37067,6.379360676,3681.676025,37198.05078,85,1767.720825,15.79196072,184.0838013,4.578734398,1.308209777,176.9883009,0.020015459,135.6763916,12.16724014,4458,2318,0.012696519,105.2794143,210559,78.95956194,0.000301385,5449.396973,38965.77344,1.588298559,2.350904703,46.6273613,69.01503754,108,070802060501,F070802060501_5,16
350,7853,10.36590958,1691.956786,62252.59808,15.37639141,8168.336914,89659.74219,82,4110.416992,35.03677368,408.4168396,10.15859127,2.902454615,269.6675377,0.030496477,133.8334427,12.01948055,6799,3534,0.019356989,137.4694767,274939,103.102108,0.000393536,12278.75391,93770.15625,2.31135726,3.474463463,79.22570038,119.0931396,108,070801010301,F070801010301_347,24
351,7890,10.44864368,1871.429743,64532.8172,15.93960571,8233.53125,92943.84375,79,4105.085938,35.31641388,411.6765747,10.23967075,2.925620317,517.7846098,0.05855583,138.0323979,11.42205436,12370,6432,0.035230377,635.9692044,1271942,476.9769091,0.001820601,12338.61719,97048.92969,1.280088782,1.918317318,17.26190758,25.86837387,108,070802060502,F070802060502_170,16
352,7899,7.08296299,1199.449462,40621.64671,10.03354645,5581.375,58505.60938,74,2420.492676,23.94041443,279.0687561,6.94130373,1.983229637,148.818655,0.016829778,140.0671204,10.60791562,3477,1808,0.009903066,49.71906955,99440,37.28930217,0.000142332,8001.867676,60926.10156,3.087043762,4.425811768,149.6776428,214.5888214,108,070802060503,F070802060503_247,24
353,7907,1.899481654,730.8156331,19777.07818,4.88493824,1496.791504,28484.07422,62,987.343689,6.420248032,74.83957672,1.861492038,0.531854868,151.5715874,0.017141104,133.9145464,12.03048904,3786,1969,0.010784921,76.84093918,153682,57.63070427,0.000219974,2484.135254,29471.41797,0.760178506,1.261622787,25.97211838,43.10437012,108,070802060503,F070802060503_249,16
354,7914,20.0000515,2775.710682,113868.2141,28.12544823,15760.04102,163999.4844,90,8252.006836,67.60017395,788.0020142,19.60004997,5.60001421,413.3598234,0.046746518,139.6894816,12.5009875,11045,5745,0.031467431,180.6032149,361208,135.452411,0.000517016,24012.04688,172251.4844,2.743262053,4.179642677,116.3511276,177.272934,108,070802060501,F070802060501_372,16
355,7970,12.63286686,1784.560304,66891.92455,16.52230453,9954.699219,96341.55469,78,4201.291504,42.69908905,497.7349548,12.38020992,3.537202835,183.8909267,0.020796072,134.6424495,12.07787868,4708,2449,0.013414054,163.6322418,327265,122.7241848,0.000468433,14155.99023,100542.8438,4.064801693,5.780314445,81.11440277,115.3480072,108,070802060503,F070802060503_153,16
356,7987,12.87265015,1976.335228,66416.24966,16.40481377,10143.64844,95656.46875,86,4599.253418,43.50955582,507.1824036,12.61519718,3.604341984,442.3653178,0.050026725,133.2036031,11.96350204,11109,5777,0.031642706,211.9862976,423973,158.9897246,0.000606857,14742.90234,100255.7188,1.755867839,2.551999807,63.80065536,92.72864532,108,070802060704,F070802060704_38,32
357,8006,11.79231548,1926.978685,67627.98964,16.70411301,9292.344727,97401.67969,87,4737.620605,39.8580246,464.617218,11.55646896,3.301848412,325.7472492,0.036838485,130.9993235,11.79857985,8080,4201,0.023010387,171.6037052,343208,128.7027784,0.000491253,14029.96484,102139.2969,2.211936474,3.339672565,72.2000351,109.010582,108,070802060704,F070802060704_198,32
358,8062,8.327752113,2318.299712,52317.03567,12.92230797,6562.268555,75349.97656,45,1895.702637,28.14780235,328.1134338,8.161196709,2.331770658,396.2245946,0.044808709,130.9998672,9.668852973,6552,3407,0.018661364,737.1849675,1474371,552.8887285,0.002110353,8457.970703,77245.67969,1.926113486,2.482527256,11.86905861,15.29778099,108,070802060804,F070802060804_15,32
359,8071,10.14292717,2197.513419,58793.06387,14.52188683,7992.626465,84677.125,85,4024.014893,34.2830925,399.6313171,9.940068245,2.840019703,263.311274,0.029777652,138.0830708,11.14104794,6748,3509,0.019220055,231.34067,462680,173.5054998,0.000662263,12016.6416,88701.14063,2.277750492,3.424520254,46.06555176,69.25798798,108,070801010301,F070801010301_23,24
360,8076,7.775224209,1302.051197,49647.6619,12.26297283,6126.876465,71505.39844,85,3398.069824,26.28025818,306.3438416,7.619719505,2.17706275,216.512403,0.024485207,138.7443461,11.08021393,5110,2658,0.014558822,236.6973949,473394,177.5230498,0.000677598,9524.946289,74903.46875,2.305070162,3.583501339,34.51313019,53.65470123,108,070802060502,F070802060502_30,16
361,8130,5.719683647,1163.717892,33805.10419,8.349861145,4507.11084,48688.03906,82,2232.084717,19.33253098,225.3555298,5.605289936,1.601511478,170.223463,0.01925043,138.9848896,10.67722678,3961,2061,0.011288838,206.2505272,412501,154.6878981,0.000590437,6739.195313,50920.125,2.18685627,3.269866705,29.13680267,43.56640244,108,070802060502,F070802060501_199,16
362,8136,14.13341999,2451.421972,73275.66649,18.09909058,11137.13477,105535.7969,73,4307.221191,47.77095795,556.8567505,13.85075188,3.957357645,654.3123478,0.073995638,136.3395345,12.22614123,17140,8913,0.048819706,311.3386766,622676,233.5040078,0.000891275,15444.35547,109843.0156,1.249538302,1.732789755,47.69569016,66.141716,108,070802060503,F070802060503_232,24
363,8216,4.149245739,1120.735833,26337.10139,6.505263805,3269.605713,37932.19141,69,1463.294067,14.0244503,163.4802856,4.066260815,1.161788821,118.7587122,0.013430324,139.9725825,10.85867764,2627,1368,0.007493028,142.9933568,285987,107.2450206,0.00040935,4732.899902,39395.48438,2.390062571,3.459722042,30.48724937,44.13165283,108,070802060502,F070802060502_28,16
364,8222,32.16394043,4258.319305,190834.0066,47.13599777,25345.18555,274850,87,13368.71191,108.714119,1267.259277,31.52066231,9.005903244,1673.770126,0.189285268,130.6950917,11.78926125,41565,21610,0.11836574,854.6398812,1709278,640.9799097,0.002446593,38713.89844,288218.7188,1.172845244,1.79148078,39.54130936,60.39799118,108,070802060704,F070802060704_300,32
365,8287,3.056581259,967.8762234,23749.24957,5.866064548,2408.585938,34205.02344,51,975.2918701,10.33124447,120.4292984,2.995449543,0.855842769,187.99014,0.021259648,142.332782,12.74470234,4952,2576,0.014109678,192.4064388,384812,144.3048334,0.000550805,3383.87793,35180.31641,0.935010076,1.313617229,16.69095802,23.44951248,108,070801010301,F070801010301_476,24
366,8289,4.298709393,1227.70139,26250.57005,6.48389101,3387.383057,37807.57031,71,1500.761353,14.52963734,169.3691559,4.212735176,1.203638673,185.8085599,0.021012935,133.0921901,11.97207664,4636,2412,0.013211391,238.759426,477518,179.0695695,0.000683501,4888.144531,39308.33203,1.404387712,2.026593924,18.91657639,27.29746056,108,070802060805,F070802060805_98,32
367,8303,56.08240891,4617.282565,307788.4867,76.02375793,44192.9375,443294.5313,86,21314.02148,189.558548,2209.646973,54.96076202,15.70307446,1452.009381,0.16420653,131.7397305,11.8548754,36130,18791,0.102925063,810.822852,1621644,608.117134,0.002321157,65506.96094,464608.5625,2.351814032,3.4860816,72.67175293,107.7209625,108,070802060501,F070802060501_393,24
368,8326,11.38924789,1267.974292,62094.61339,15.33736992,8974.727539,89432.20313,86,4299.984863,38.49565887,448.7363586,11.16146278,3.188989401,309.97505,0.03505482,135.2498728,12.1298844,7931,4123,0.022583153,144.3874049,288773,108.2905531,0.00041334,13274.71289,93732.1875,2.176746845,3.219673157,82.87636566,122.5842209,108,070802060503,F070802060503_128,24
369,8328,2.935749292,1023.196585,22130.21304,5.466162682,2313.370361,31873.19531,83,1479.034302,9.922832489,115.6685257,2.877034187,0.822009802,149.0557945,0.016856596,137.6106466,12.33514484,3778,1964,0.010757534,89.86211413,179724,67.39658613,0.00025725,3792.404785,33352.23047,1.177887201,1.930959702,34.32474136,56.2699852,108,070802060503,F070802060503_46,24
370,8339,9.02135849,1340.146483,53437.31859,13.19901752,7108.830566,76963.46875,86,3700.476563,30.49219131,355.4415283,8.840930939,2.525980473,310.8813963,0.035157318,132.5455697,11.91910215,7760,4036,0.022106623,271.9196172,543840,203.9397131,0.000778429,10809.30664,80663.94531,1.7613554,2.678222656,34.85750961,53.00246048,108,070802060704,F070802060704_218,32
371,8405,4.449541092,1000.692318,24748.04314,6.112766743,3506.238281,35643.54297,73,1454.716187,15.03944874,175.3119202,4.360550404,1.245871544,129.9220851,0.01469278,135.0466439,10.76315241,3159,1642,0.008993824,157.6478764,315294,118.235908,0.000451301,4960.95459,37098.25781,2.135346174,3.021287918,29.65459824,41.95810318,108,070801010301,F070801010301_329,24
372,8411,7.228553295,1664.614341,55586.08375,13.72976303,5696.100098,80058.25,69,3088.372803,24.43251038,284.8049927,7.083982468,2.023994923,308.0667,0.034839006,134.4000565,12.06364422,7802,4059,0.022232602,256.350158,512702,192.2626195,0.000733858,8784.472656,83146.625,1.403325915,2.164196253,29.62666512,45.68996811,108,070802060501,F070802060501_183,16
373,8430,7.191304684,1373.19534,46635.59641,11.51899242,5666.748047,67167.24219,86,3229.4646,24.30661011,283.3374023,7.047478676,2.013565302,269.1597195,0.030439048,132.2136557,11.88856888,6727,3499,0.019165281,89.97578597,179952,67.48183894,0.000257575,8896.212891,70396.70313,1.619533539,2.54250145,83.97441864,131.8312225,108,070802060503,F070802060503_59,24
374,8434,6.207355976,944.5262804,34531.84733,8.529366493,4891.396484,49734.73438,86,2391.293213,20.98086357,244.5698242,6.083209038,1.73805964,223.7685965,0.025305804,133.318136,11.98883317,5739,2984,0.016344441,94.59277844,189184,70.944585,0.000270792,7282.689453,52126.02734,1.639207959,2.440579653,68.94672394,102.6532135,108,070802060503,F070802060503_50,24
375,8437,6.64949894,2643.09546,52549.49782,12.97972584,5239.805176,75684.78125,66,2792.717773,22.47530556,261.9902649,6.516509056,1.861859679,557.9406162,0.063097039,136.4315968,11.77532571,14022,7293,0.039946383,333.695718,667392,250.2717901,0.000955277,8032.522949,78477.5,0.718470454,1.101401806,20.93645859,32.09519958,108,070802060503,F070802060503_139,24
376,8446,6.566734791,1530.215674,38505.63226,9.510890961,5174.586914,55458.00391,70,2170.385498,22.19556427,258.7293396,6.435400009,1.838685751,239.2431241,0.027055805,139.0280393,12.40561906,6184,3216,0.017615188,319.6189732,639240,239.7142307,0.000914979,7344.972656,57628.39063,1.609013319,2.283884525,21.58648109,30.64053726,108,070802060501,F070802060501_236,16
377,8460,7.784389496,1345.474635,53411.60726,13.19266701,6134.099121,76926.4375,89,3827.720459,26.31123734,306.7049561,7.628701687,2.179629087,268.1628647,0.030326315,132.2135729,11.88856275,6663,3466,0.018984528,195.144702,390288,146.3585262,0.000558644,9961.819336,80754.15625,1.769791961,2.874154568,41.91145706,68.0644989,108,070801010301,F070801010301_29,24
378,8472,6.086254597,1048.495516,36094.88223,8.915435791,4795.96875,51985.90625,86,2499.531494,20.57154083,239.7984314,5.964529514,1.704151273,188.4624201,0.021313058,134.1876297,12.06017387,4863,2528,0.013846765,80.28662232,160572,60.21496791,0.000229838,7295.5,54485.4375,1.897139549,2.885878086,79.64745331,121.1575851,108,070802060503,F070802060503_51,24
379,8479,4.030681133,1314.282192,25715.67816,6.351772308,3176.176758,37037.18359,72,1490.888062,13.62370205,158.8088379,3.95006752,1.128590703,312.989635,0.035395737,134.683843,12.09156219,7981,4149,0.022725565,553.4231787,1106848,415.0673767,0.001584294,4667.064941,38528.07031,0.765528262,1.124865055,7.652195454,11.24411392,108,070801010301,F070801010301_517,24
380,8494,11.96337986,1808.504854,61656.77647,15.22922421,9427.143555,88801.60938,88,4368.959961,40.43622208,471.3571777,11.72411251,3.349746466,305.5480967,0.03455418,130.9997654,11.79861104,7581,3941,0.021586274,198.3358311,396671,148.7518729,0.00056778,13796.10352,93170.57031,2.392068863,3.500660658,63.37495804,92.7457428,108,070802060501,F070802060501_49,24
381,8500,15.47367001,1793.571768,81482.69526,20.12622643,12193.25195,117356.0234,88,5773.812012,52.30100632,609.6625977,15.16419697,4.332627773,514.8168221,0.058220205,132.2764053,11.89650455,12854,6685,0.036616149,313.1954244,626389,234.8965652,0.00089659,17967.06445,123129.8359,1.823971868,2.687668562,51.9090271,76.48925781,108,070802060501,F070802060501_399,24
382,8530,9.992585182,2534.776235,67067.51425,16.56567574,7874.157227,96594.45313,58,3132.238037,33.77493668,393.7078552,9.792733192,2.797923803,420.746536,0.047581875,134.2362765,11.55538877,10369,5389,0.029517491,577.4310182,1154863,433.0732578,0.001653022,11006.39551,99726.6875,1.461153746,2.042381763,18.18204498,25.41462708,108,070801010301,F070801010301_345,24
383,8580,10.00048065,1521.045418,58618.616,14.47879791,7880.378906,84425.86719,89,4200.878418,33.8016243,394.0189514,9.800471306,2.800134659,203.1481457,0.022973854,131.0001766,11.79864011,5041,2622,0.014361637,114.2141531,228429,85.66061389,0.000326963,12081.25781,88626.74219,3.005483866,4.607649803,91.99536133,141.0363159,108,070802060501,F070802060501_403,24
384,8602,11.99517345,2087.482156,69076.22977,17.06182861,9452.196289,99487.52344,89,4950.318848,40.54368591,472.6098328,11.75527,3.358648539,320.2564542,0.036217535,132.0629883,11.87739885,7970,4145,0.022703655,182.9576805,365914,137.2182574,0.000523756,14402.51563,104437.8438,2.280385017,3.474672079,68.88439178,104.96064,108,070802060501,F070802060501_411,24
385,8614,3.887391329,1222.16264,23791.24045,5.876436234,3063.264404,34265.5,56,1072.802246,13.13938236,153.1632233,3.809643507,1.088469625,228.901535,0.025886284,133.4279371,10.62498491,5763,2996,0.016410169,336.9698,673939,252.7273445,0.000964649,4136.066406,35338.30078,1.022451401,1.380529523,12.12082672,16.36572647,108,070801010301,F070801010301_335,24
386,8618,12.20226383,1545.208688,61961.60682,15.30451679,9615.383789,89240.64063,88,4390.55957,41.24365234,480.7691956,11.95821857,3.416633844,179.0532647,0.020248984,136.3848862,12.21215172,4660,2424,0.01327712,84.3055073,168612,63.22913134,0.000241343,14005.94336,93631.20313,3.966742516,5.778029442,152.072052,221.5109253,108,070802060503,F070802060503_132,24
387,8620,7.827025414,1727.917216,44759.0237,11.05547905,6167.695801,64464.5,86,3099.51416,26.45534515,308.3847961,7.67048502,2.191567183,395.37834,0.044713007,133.1283506,11.96182696,9891,5143,0.02817006,211.6769442,423354,158.7577046,0.000605971,9267.209961,67564.01563,1.199240923,1.80190742,38.84974289,58.37329102,108,070802060501,F070802060501_481,24
388,8703,5.393709183,1095.891314,32375.99158,7.996870041,4250.242676,46629.75,71,1850.955444,18.23073769,212.512146,5.285834789,1.510238528,200.0011511,0.022617963,131.0006104,11.79867061,4962,2581,0.014137065,180.9644017,361929,135.7233043,0.00051805,6101.198242,48480.70703,1.646742582,2.363889217,31.31549644,44.95320892,108,070802060501,F070802060501_55,24
389,8723,3.683422804,1020.705829,23404.22259,5.780842781,2902.537109,33708.09375,73,1375.724976,12.44996929,145.1268616,3.609754324,1.031358361,158.0263672,0.01787107,133.8328298,12.00855859,4035,2097,0.011486023,228.7292175,457458,171.5469093,0.000654787,4278.262207,35083.82031,1.384137869,2.040182352,16.91978645,24.93931389,108,070801010301,F070801010301_124,24
390,8740,2.782254457,1219.469107,20676.15343,5.107009888,2192.416504,29778.97461,50,832.442627,9.404020309,109.6208267,2.726609468,0.779031277,131.7367821,0.014898003,135.8535352,12.17694923,3336,1733,0.009492264,170.2579212,340517,127.6934369,0.0004874,3024.859131,30611.41797,1.265098929,1.745446682,17.16937447,23.68844604,108,070801010301,F070801010301_425,24
391,8751,2.992688894,999.3944266,19080.61006,4.712910652,2358.23877,27480.98242,51,783.5685425,10.11528873,117.9119415,2.932835102,0.837952912,150.841496,0.017058539,136.6646627,12.24017588,4042,2101,0.011507932,226.7811952,453562,170.0858926,0.000649211,3141.807373,28264.55078,1.122436404,1.49538672,13.86498737,18.47188759,108,070801010301,F070801010301_229,24
392,8779,4.518879414,1176.935283,24447.16018,6.038448334,3560.876953,35210.19141,84,1653.568848,15.27381229,178.0438538,4.428501606,1.265286207,156.9334021,0.017747468,133.8334834,12.01948229,4101,2132,0.011677731,38.87116569,77743,29.15337414,0.000111277,5214.445801,36863.76172,1.670204997,2.445800066,122.1428757,178.8625183,108,070802060503,F070802060802_18,24
393,8794,4.789291859,1028.881505,24330.65135,6.009670734,3773.961914,35042.39063,74,1449.772949,16.18780708,188.6981049,4.693506241,1.341001749,157.5153731,0.017813282,133.4283534,11.98790468,4023,2092,0.011458636,132.9221606,265845,99.69162197,0.000380519,5223.734863,36492.16406,1.80399704,2.497005224,37.85636139,52.39893723,108,070801010602,F070801010602_762,24
394,8808,4.917504311,1130.947228,30202.91049,7.460118771,3874.993408,43499.95313,75,1823.999023,16.62116432,193.7496643,4.819154263,1.37690115,158.3650877,0.017909376,130.9991608,11.79856834,3929,2044,0.011195723,189.0832739,378168,141.8124557,0.000541292,5698.992188,45323.95313,1.895789385,2.788156748,27.3247757,40.1868248,108,070802060501,F070802060501_131,24
395,8819,3.430779457,945.5831947,22183.90661,5.479424953,2703.454102,31950.52734,68,1214.679077,11.596035,135.1727142,3.362163782,0.960618258,167.643982,0.018958718,132.6983917,11.93102064,4242,2206,0.012083055,175.1171749,350233,131.33788,0.000501311,3918.133301,33165.20703,1.225500464,1.776125669,20.58396339,29.83246994,108,070802060501,F070802060501_44,24
396,8830,17.51833153,2940.571434,102689.6551,25.36434555,13804.44531,147899.5,76,6284.305664,59.21195984,690.22229,17.16796494,4.905132771,975.6275458,0.110332906,130.9995671,11.79859712,24207,12588,0.068949002,784.1912546,1568381,588.1434452,0.002244918,20088.75,154183.8125,1.096635342,1.59586513,23.47122192,34.15620804,108,070802060501,F070802060501_206,24
397,8852,3.967803717,1075.94405,25438.138,6.283220291,3126.629395,36637.45703,45,921.7483521,13.41117668,156.3314667,3.888447762,1.110985041,238.1798081,0.026935556,132.0654392,10.6856195,5610,2919,0.015988413,237.0124087,474025,177.7593074,0.0006785,4048.377686,37559.20703,1.071130276,1.38690567,17.58911705,22.77449036,108,070801010301,F070801010301_37,24
398,8907,10.82108879,1903.646515,60825.20679,15.02382565,8527.017578,87603.92969,79,3869.249512,36.57527924,426.3508911,10.60466671,3.029904842,338.6983917,0.038303119,130.999942,11.79862361,8405,4370,0.023936061,274.8317169,549662,206.1237888,0.000786766,12396.26758,91473.17969,1.951262593,2.836674452,41.36843109,60.13991547,108,070802060501,F070802060501_250,24
399,8910,3.659634829,1379.314876,30864.50248,7.623532295,2883.792236,44452.81641,66,1640.279175,12.36956596,144.1896057,3.586442232,1.024697781,279.7546867,0.031637224,134.8634422,12.09679508,7099,3691,0.020216934,311.3930864,622786,233.5448153,0.000891431,4524.071289,46093.09375,0.781303763,1.225703359,12.34791851,19.37131882,108,070801010602,F070801010602_118,24
400,8922,64.73472595,5447.375962,336130.974,83.02435303,51010.96484,484115,90,24359.3457,218.8033752,2550.548096,63.44003296,18.12572289,934.191387,0.105646925,133.0460239,11.96229442,23388,12163,0.066621124,388.7423787,777483,291.5567792,0.00111286,75370.3125,508474.3438,4.193945885,6.196687698,174.9606476,258.5098877,108,070802060802,F070802060802_163,24
401,8959,8.521190643,1608.903501,45406.91087,11.21550655,6714.698242,65397.61719,78,2851.87915,28.8016243,335.7349243,8.350767136,2.385933399,206.284213,0.02332851,130.9999866,11.79862678,5117,2660,0.014569776,118.0658332,236132,88.54937691,0.000337989,9566.577148,68249.5,2.524322748,3.596457481,75.82998657,108.0366364,108,070802060501,F070802060501_181,24
402,8988,5.21238184,2449.412864,43816.01553,10.82255554,4107.356934,63106.32031,64,2258.018066,17.61785126,205.3678436,5.10813427,1.459466934,336.9424515,0.038104541,132.0305786,11.87628807,8407,4371,0.023941539,269.6485943,539297,202.2364502,0.000771928,6365.375,65364.33984,0.939683557,1.456274271,20.30967712,31.47491455,108,070801010602,F070801010602_449,24
403,9012,7.897011757,1652.935782,46629.32526,11.51744366,6222.845215,67158.21094,76,2853.561523,26.69190025,311.1422729,7.739071369,2.211163282,381.6344949,0.043158727,130.9995773,11.79859781,9468,4924,0.026970518,333.4489565,666898,250.0867164,0.00095457,9076.40625,70011.77344,1.263778448,1.843299389,24.88274956,36.29303741,108,070802060501,F070802060501_66,24
404,9082,7.059361458,1745.638989,40810.72452,10.08024883,5562.776855,58777.92969,71,2333.174316,23.86064148,278.138855,6.918174267,1.976621151,340.8573778,0.038547277,132.699232,11.93805606,8465,4403,0.024116814,219.3478034,438697,164.5108534,0.000627931,7895.951172,61111.10547,1.263406038,1.793311596,33.81404114,47.99653625,108,070801010602,F070801010602_124,24
405,9100,7.55614233,2169.348692,45402.60487,11.21444321,5954.240234,65391.41797,58,2120.427002,25.53976059,297.7120056,7.405019283,2.115719795,407.2574077,0.046056401,127.9508301,11.61753769,10059,5231,0.028652068,453.5185626,907039,340.1389246,0.001298296,8074.666992,67511.84375,1.138260365,1.543618202,17.50531769,23.73932076,108,070801010301,F070801010301_136,24
406,9118,12.07316303,2171.320786,61830.08176,15.27202988,9513.652344,89051.20313,84,4182.092773,40.80729294,475.6826172,11.83169937,3.380485535,195.152912,0.02206968,134.1867828,12.06010687,4850,2523,0.013819378,84.20969619,168420,63.15727107,0.000241069,13695.74512,93233.29688,3.770769835,5.428357124,150.6343231,216.8514404,108,070801010602,F070801010602_135,24
407,9139,3.811213493,1637.253828,28784.49496,7.109770298,3003.236328,41457.07031,52,1205.248291,12.88190174,150.1618042,3.734989166,1.067139745,291.8966793,0.033010352,134.0911477,12.03363419,7439,3868,0.021186427,211.157272,422316,158.3679552,0.000604484,4208.484375,42662.32031,0.776431322,1.088025928,18.96366119,26.57409096,108,070801010301,F070801010301_75,24
408,9221,8.228944778,1679.966048,44585.6749,11.01266193,6484.408691,64214.83203,76,2728.49707,27.81383324,324.2204285,8.064366341,2.304104567,205.9466173,0.023290331,130.9993057,11.79857858,5109,2656,0.014547867,144.6906227,289380,108.5179689,0.000414208,9212.90625,66943.32813,2.441418886,3.468714714,59.75423813,84.89752197,108,070802060501,F070802060501_57,24
409,9272,4.300503731,1593.009253,29827.47653,7.367386818,3388.796875,42959.23438,52,1248.919434,14.53570271,169.4398499,4.214493752,1.204141021,122.4332781,0.013845877,130.9989746,11.79855537,3038,1581,0.008659705,122.2683401,244536,91.70125628,0.00035002,4637.716309,44208.15234,2.143451452,2.93340683,36.95475006,50.57418442,108,070801010301,F070801010301_69,24
410,9273,5.102621555,1634.904407,29273.92371,7.230659008,4020.865723,42161.97266,47,1107.881592,17.2468605,201.0432892,5.000569344,1.428734064,168.507637,0.019056388,130.9999949,11.7986269,4180,2174,0.01190778,211.6646042,423330,158.748457,0.000605936,5128.74707,43269.85547,1.84952426,2.35912919,25.32853508,32.30738068,108,070801010301,F070801010301_149,24
411,9341,11.2653532,2500.546167,67094.53055,16.57234955,8877.098633,96633.36719,45,2431.163574,38.07689285,443.8549194,11.04004574,3.154298782,916.3037307,0.103624025,131.567144,9.983824295,21779,11327,0.062042052,475.5868812,951174,356.6901632,0.001361471,11308.26172,99064.53125,0.783711374,0.998345673,24.88742256,31.70331764,108,070802060802,F070802060802_41,24
412,9387,3.761501074,948.5910301,24941.6575,6.160589218,2964.062744,35922.39453,75,1506.263916,12.71387386,148.2031403,3.686270952,1.053220272,193.2932602,0.021859374,141.7667058,11.0113515,5099,2652,0.014525958,182.804842,365610,137.1036296,0.000523319,4470.32666,37428.66016,1.117670774,1.685643554,21.61914063,32.60545731,108,070801010601,F070801010601_358,24
413,9390,9.985309601,1669.501062,51905.59275,12.82068157,7868.423828,74757.39063,89,3719.79248,33.75034714,393.4212036,9.785603523,2.795886755,173.0952654,0.019575199,134.3992096,12.06357727,4328,2250,0.012324059,68.43749142,136875,51.32811666,0.000195917,11588.2168,78477.17969,3.497077227,5.150318623,153.2965698,225.7674255,108,070802060802,F070802060802_160,24
414,9412,2.446796894,1520.317079,19578.23497,4.835824013,1928.075928,28197.68945,66,1040.475952,8.270173073,96.40380096,2.397861004,0.685103118,133.3758845,0.015083368,132.7058899,10.12918717,3036,1580,0.008654228,106.7598315,213520,80.06987274,0.000305623,2968.551758,29238.16602,1.22030127,1.878830194,24.07991791,37.0745163,108,070801010602,F070801010602_642,24
415,9444,5.522462368,1857.226398,34220.38681,8.452435493,4351.700195,49286.15234,80,2204.395264,18.66592216,217.585022,5.412013054,1.546289444,385.0859479,0.043549049,132.214762,11.17273695,9785,5090,0.02787976,188.044693,376091,141.0335216,0.000538319,6556.095703,51490.54688,0.854950905,1.288034558,30.85578537,46.48608017,108,070802060804,F070802060804_250,32
416,9447,14.1218853,1978.287277,79329.72233,19.59444237,11128.0459,114255.1953,86,5493.497559,47.73197174,556.4022827,13.83944798,3.954127789,333.7953727,0.03774864,132.9615009,11.94900373,8405,4371,0.023941539,150.6272224,301255,112.970417,0.000431203,16621.54297,119748.6953,2.545881033,3.802686453,98.50406647,147.1318207,108,070802060804,F070802060804_297,32
417,9766,13.08341026,1959.567394,73221.52731,18.08571815,10309.72754,105457.8203,87,5129.470703,44.22192764,515.4863892,12.82174206,3.663354874,208.5147715,0.023580762,131.0027949,11.79882463,5174,2691,0.014739575,98.16981757,196340,73.62736249,0.000281033,15439.19824,110587.2891,3.831188202,5.737346172,140.0257568,209.6937561,108,070802060802,F070802060802_134,24
418,9795,21.09404182,2905.55634,117596.4641,29.04632759,16622.10547,169369.1406,83,7859.355469,71.29785919,831.1052246,20.6721611,5.906331539,758.8775215,0.085820826,132.5158454,11.9482637,19162,9964,0.054576411,332.4131907,664826,249.3098936,0.000951605,24481.46094,177228.5,1.668216109,2.456991196,66.67246246,98.19690704,108,070802060804,F070802060804_312,32
419,9810,31.01300812,3133.885545,157406.5901,38.87942886,24438.25,226705.9531,90,11407.22461,104.823967,1221.912476,30.39274788,8.683642387,407.8742272,0.046126156,133.2668335,11.96944342,10296,5353,0.029320306,160.4381313,320876,120.3285995,0.000459289,35845.47656,238113.1719,4.565337181,6.696333885,203.0959473,297.8965759,108,070802060802,F070802060802_228,32
420,9823,9.788907051,2193.536259,49823.80866,12.30648041,7713.658691,71759.08594,67,2687.981445,33.08650589,385.6829529,9.593129158,2.740894079,282.0497554,0.031896772,136.2625689,10.81872146,7227,3758,0.020583917,160.9247051,321849,120.6935239,0.000460682,10401.64063,74447.07031,2.052596807,2.767866135,63.91112518,86.18225861,108,070801010604,F070801010604_30,32
421,9833,2.452057123,1444.803067,17736.89631,4.381013393,1932.221069,25545.68945,65,928.336731,8.287953377,96.61105347,2.40301609,0.686576009,175.1367242,0.019806066,135.8572366,8.862528241,2733,1422,0.007788805,193.7637635,387528,145.3228243,0.000554691,2860.557861,26474.02539,1.358805299,2.011644125,13.29606056,19.68416023,108,070801010602,F070801010602_337,24
422,9841,3.674347878,1599.86238,24029.79862,5.935360432,2895.38623,34609.08594,60,1160.956421,12.41929626,144.7693024,3.600860834,1.028817415,112.1593808,0.012684011,137.2377192,12.33767075,2830,1472,0.008062673,173.5386598,347078,130.1539971,0.000496792,4056.342773,35770.04297,1.966974378,2.755667686,22.24584961,31.16571808,115,070801010601,F070801010601_412,32
423,9966,2.923193693,1082.069368,23876.57305,5.89751339,2303.476563,34388.40234,50,961.2947388,9.880394936,115.1738281,2.864729881,0.81849426,226.9892858,0.025670029,130.9997162,10.02383953,5333,2775,0.015199673,154.6407314,309283,115.980548,0.000442693,3264.77124,35349.69531,0.830081642,1.176494122,19.86088753,28.14929962,108,070801010605,F070801010605_72,24
424,10068,3.629413605,2255.078148,30978.4492,7.651677132,2859.978027,44616.92969,46,1147.445435,12.26741791,142.9989014,3.556825399,1.016235828,331.6197062,0.037502596,130.9992676,9.668860793,7530,3915,0.021443863,382.0209656,764043,286.5157318,0.001093618,4007.42334,45764.375,0.730518043,1.023607492,9.981923103,13.98674774,108,070801010604,F070801010604_39,32
425,10104,9.583909988,1299.796371,50419.76262,12.45368099,7552.121094,72617.41406,59,2395.341064,32.39361572,377.6060486,9.392231941,2.683494806,186.0131975,0.021036077,142.4744263,12.70120656,4844,2519,0.013797469,84.81436881,169628,63.61077614,0.0002428,9947.461914,75012.75781,2.998063087,3.948972464,118.7239227,156.3801422,108,070802060804,F070802060804_277,32
426,10194,6.447067738,1190.638588,41387.72209,10.22276783,5080.289551,59608.96094,76,2532.792969,21.7910881,254.0144653,6.318126202,1.805179,199.0045185,0.022505255,131.0004338,11.79865823,4938,2570,0.014076814,118.6722322,237343,89.00417376,0.000339725,7613.08252,62141.75391,1.976766348,2.962288857,57.07922745,85.53623962,108,070801010604,F070801010604_64,32
427,10244,11.16415977,2120.940862,66227.05731,16.35808372,8797.357422,95383.98438,94,5012.770996,37.73485947,439.8678894,10.94087696,3.125964642,259.1654067,0.0293088,136.6660004,11.02544153,6595,3430,0.018787343,148.2627374,296526,111.197053,0.000424434,13810.12891,100396.7578,2.564827204,4.026276588,79.11502075,124.1950989,108,070802060804,F070802060804_286,32
428,10301,8.423741341,1310.024266,44760.67731,11.05588722,6637.908203,64466.87891,91,3279.8396,28.47224617,331.8954163,8.25526619,2.358647585,156.482054,0.017696425,134.4001007,10.24470605,4035,2098,0.0114915,79.37371323,158747,59.53028402,0.000227225,9917.748047,67746.71875,3.163921833,4.727239132,111.5047302,166.6000519,108,070802060804,F070802060804_181,32
