OBJECTID,FBndID,Shape_Length,Shape_Area,opAcres,DirectCost,OpportunityCost,bioYield,energyPot,CO2red,N2Ored,cropAcres,pctWScropAcres,cpNO3load,cpNO3LoadReduced,cpWSNO3LoadPct,cpSEDload,cpSEDloadlbs,cpSEDLoadReduced,cpWSSEDLoadPct,TotalCost,DCredNO3,TCredNO3,DCredSED,TCredSED,MLRA,HUC12,GHG_total
1,F070600060901_60,745.5355137,33724.11058,8.329854965,1382.755981,896.1259155,28.15490913,328.1962891,8.163257599,2.332359314,8.329854965,0.000942016,248.0882568,225.7603149,0.00123657,,,,,2278.881836,6.124885082,10.09425354,,,105,070600060901,10.49561691
2,F070600060901_90,1172.235291,70959.24107,17.52693176,2909.470703,4228.197266,59.24102783,690.5610962,17.17639351,4.907540798,17.52693176,0.001982106,434.8138733,395.6806335,0.002167285,19.67697144,39353.94531,19.67697144,7.51062E-05,7137.667969,7.353078365,18.03896141,147.8617096,362.742218,105,070600060901,22.08393478
3,F070600060901_100,914.4491271,26389.87703,6.51829958,1082.03772,1083.732422,22.03185272,256.8210144,6.387933731,1.825123906,6.51829958,0.000737149,194.1181793,176.6475372,0.000967562,,,,,2165.77002,6.125404835,12.26040268,,,105,070600060901,8.213057518
4,F070600060901_102,1183.688787,57817.73396,14.28098011,2370.642578,1908.796021,48.26971436,562.6705933,13.99536037,3.998674393,14.28098011,0.001615024,425.3345032,387.0544128,0.002120036,41.39457321,82789.14844,41.39457321,0.000158001,4279.438477,6.124830246,11.05642605,57.26940536,103.3816299,105,070600060901,17.99403381
5,F070600060901_337,1609.534024,162630.7575,40.16979599,6668.186035,6940.537109,135.7739105,1582.689941,39.36640167,11.24754333,40.16979599,0.004542769,1196.355103,1088.683105,0.005963109,110.7154236,221430.8438,110.7154236,0.000422596,13608.72266,6.125001907,12.5001688,60.22815704,122.9162292,105,070600060901,50.61394501
6,F070600060901_338,1831.812163,71455.9855,17.64962769,2929.838135,1898.746948,59.65574265,695.3953247,17.29663467,4.941895962,17.64962769,0.001995982,525.644043,478.3360901,0.002620019,77.58422089,155168.4375,77.58422089,0.000296136,4828.584961,6.125061989,10.09454441,37.76332474,62.23668671,105,070600060901,22.23853111
7,F070600060901_716,681.712193,22435.71013,5.541620255,919.9089355,831.0213623,18.73067665,218.3398438,5.43078804,1.551653624,5.541620255,0.000626697,152.9331207,139.1691437,0.000762279,,,,,1750.930298,6.610006332,12.58131123,,,105,070600060901,6.982441902
8,F070600060901_721,2690.269025,188286.5457,46.5067749,7720.124512,6822.544434,157.1929016,1832.366943,45.57664108,13.02189732,46.5067749,0.005259412,1153.777832,1049.937866,0.005750887,161.5071106,323014.2188,161.5071106,0.000616466,14542.66895,7.352934837,13.85098076,47.80052567,90.04351807,105,070600060901,58.59853745
9,F070600060901_761,2215.171727,256414.7986,63.33445358,10513.51953,13007.62988,214.0704498,2495.377441,62.06776428,17.73364639,63.33445358,0.007162441,1747.713013,1590.418823,0.008711296,38.63674164,77273.48438,38.63674164,0.000147475,23521.14844,6.610535145,14.78927994,272.111969,608.7767334,105,070600060901,79.80140686
10,F070600061002_115,4882.14584,462026.4098,114.1205215,18944.00586,20833.8418,385.727356,4496.348633,111.8381119,31.9537468,114.1205215,0.012905794,2982.356934,2713.944824,0.014865251,344.1146851,688229.375,344.1146851,0.001313471,39777.84766,6.980247021,14.65683746,55.05142975,115.5947418,105,070600061002,143.7918549
11,F070600061002_125,921.7930688,46392.87878,11.45904064,1902.200806,1195.407227,38.73155594,451.4862061,11.22986031,3.20853138,11.45904064,0.001295893,299.4503784,272.4998474,0.00149258,58.0150795,116030.1641,58.0150795,0.000221441,3097.60791,6.980557442,11.36737442,32.78804016,53.39315033,105,070600061002,14.43839169
12,F070600061002_174,1500.889255,90355.89455,22.31790543,3704.772217,2255.448486,75.43451691,879.3255005,21.8715477,6.249013424,22.31790543,0.002523913,553.675354,503.844574,0.002759738,79.72257233,159445.1406,79.72257233,0.000304298,5960.220703,7.353005886,11.82948303,46.47080612,74.76202393,105,070600061002,28.1205616
13,F070600061002_178,2133.742264,134789.3395,33.29296875,5526.632813,5535.288574,112.5302353,1311.74292,32.62710953,9.322031021,33.29296875,0.003765074,825.9694824,751.6322021,0.00411696,141.8527069,283705.4063,141.8527069,0.000541446,11061.92188,7.352841854,14.71720028,38.96036148,77.98175049,105,070600061002,41.94914246
14,F070600061002_186,3018.559581,282585.5781,69.79863739,11586.57422,9329.286133,235.9193878,2750.066406,68.40266418,19.54361916,69.79863739,0.00789347,1731.610718,1575.765747,0.008631036,107.8244095,215648.8281,107.8244095,0.000411561,20915.85938,7.352980137,13.27345753,107.4578018,193.9807434,105,070600061002,87.94628143
15,F070801010301_30,3366.413196,338067.3681,83.50263977,13861.43848,24499.67188,282.2389221,3290.003906,81.8325882,23.38073921,83.50263977,0.009443244,2071.584717,1885.14209,0.010325601,94.497612,188995.2188,94.497612,0.000360693,38361.10938,7.352993965,20.34918785,146.6855927,405.947937,108,070801010301,105.2133255
16,F070801010301_40,2367.813924,371455.4878,91.74950409,15230.41797,22731.85938,310.1133118,3614.93042,89.91451263,25.6898613,91.74950409,0.010375875,2276.187988,2071.331055,0.011345425,172.8885193,345777.0313,172.8885193,0.000659908,37962.27734,7.35296154,18.32748032,88.09386444,219.5766296,108,070801010301,115.6043701
17,F070801010301_57,1522.467486,122427.7927,30.23966408,5019.78418,9069.479492,102.2100677,1191.442749,29.63487053,8.467105865,30.23966408,0.003419778,750.1879272,682.6710205,0.003739235,28.23422241,56468.44531,28.23422241,0.000107769,14089.26367,7.353152752,20.63843727,177.7907715,499.0137024,108,070801010301,38.10197449
18,F070801010301_65,1129.446898,71139.20059,17.57138252,2916.849609,4639.899414,59.3912735,692.3125,17.21995544,4.919987202,17.57138252,0.001987133,368.9942932,335.7848206,0.001839214,,,,,7556.749023,8.686662674,22.50473595,,,108,070801010301,22.13994217
19,F070801010301_66,2070.779796,160216.3764,39.57344437,6569.191895,11094.81152,133.7582397,1559.193726,38.78197479,11.0805645,39.57344437,0.004475328,981.7667236,893.4077148,0.004893515,56.45202637,112904.0547,56.45202637,0.000215475,17664.00391,7.352960587,19.771492,116.367691,312.9029236,108,070801010301,49.8625412
20,F070801010301_71,2387.951799,316766.0044,78.24120331,12988.04004,23721.16602,264.4552612,3082.703369,76.67637634,21.90753746,78.24120331,0.008848232,1941.081665,1766.384277,0.009675122,46.68876648,93377.53125,46.68876648,0.000178209,36709.20703,7.352896214,20.78211784,278.1834106,786.25354,108,070801010301,98.58391571
21,F070801010301_103,1289.984363,67628.64745,16.70427513,2772.909668,3920.827881,56.46044922,658.1484375,16.37018967,4.67719698,16.70427513,0.001889073,414.4168091,377.1192932,0.002065618,7.6273036,15254.60742,7.6273036,2.91131E-05,6693.737305,7.352871418,17.74965477,363.5504456,877.6020508,108,070801010301,21.04738617
22,F070801010301_127,2797.440693,432997.6555,106.9504242,17753.76953,31030.59766,361.4924316,4213.84668,104.8114166,29.94611931,106.9504242,0.012094934,3185.238525,2898.567139,0.015876494,82.11872101,164237.4375,82.11872101,0.000313444,48784.36719,6.125015736,16.83051109,216.1963654,594.071228,108,070801010301,134.7575378
23,F070801010301_187,874.854234,39022.55287,9.638570786,1600.002808,2199.521973,32.57836914,379.7596741,9.445799828,2.698799849,9.638570786,0.001090018,287.04776,261.2134705,0.00143076,,,,,3799.524902,6.125268936,14.54566956,,,108,070801010301,12.14459991
24,F070801010301_205,1104.019665,75767.6259,18.71460342,3106.624268,4514.710449,63.25535965,737.3553467,18.34031105,5.24008894,18.71460342,0.002116419,557.3685913,507.2054138,0.002778146,11.16251373,22325.02734,11.16251373,4.26068E-05,7621.334961,6.124982357,15.02613068,278.3086548,682.7615356,108,070801010301,23.58040047
25,F070801010301_213,2477.642957,185006.7186,45.69665909,7585.645508,10130.03516,154.4547119,1800.448364,44.78272629,12.79506493,45.69665909,0.005167797,1350.363037,1228.830322,0.006730746,23.01040459,46020.80859,23.01040459,8.78297E-05,17715.67969,6.173061848,14.41670132,329.6615295,769.8986816,108,070801010301,57.57778931
26,F070801010301_247,1620.123402,143368.6213,35.41204834,5878.399902,10159.00879,119.6927261,1395.234741,34.70380783,9.915373802,35.41204834,0.004004719,878.5617676,799.4912109,0.004379101,,,,,16037.4082,7.352675915,20.05951691,,,108,070801010301,44.61918259
27,F070801010301_333,1865.842148,159919.3244,39.50007248,6557.012207,10430.39063,133.5102386,1556.302856,38.71007156,11.06002045,39.50007248,0.00446703,979.9650879,891.7682495,0.004884535,19.5896759,39179.35156,19.5896759,7.4773E-05,16987.40234,7.352820873,19.04912186,334.7177429,867.1609497,108,070801010301,49.77009201
28,F070801010301_340,1353.860263,119763.8544,29.58167267,4910.557617,8389.953125,99.98605347,1165.517944,28.99003983,8.282868385,29.58167267,0.003345367,733.8834229,667.8339233,0.003657967,17.94986153,35899.72266,17.94986153,6.85139E-05,13300.51074,7.352962017,19.91589546,273.5707703,740.9812622,108,070801010301,37.27290726
29,F070801010301_343,1082.219654,70346.65835,17.3756237,2884.353516,5041.364258,58.72960663,684.5995483,17.0281105,4.86517477,17.3756237,0.001964995,431.0861511,392.2883911,0.002148705,29.90031052,59800.62109,29.90031052,0.000114128,7925.717773,7.352635384,20.20380402,96.46566772,265.0714111,108,070801010301,21.89328575
30,F070801010301_344,1655.933515,108930.1096,26.90573692,4466.352539,7455.579102,90.94139099,1060.08606,26.36762238,7.533606529,26.90573692,0.003042747,667.4926147,607.4182739,0.003327048,64.4363327,128872.6563,64.4363327,0.000245951,11921.93164,7.353009701,19.62722015,69.31419373,185.0187836,108,070801010301,33.90122986
31,F070801010301_353,2601.261262,345880.3212,85.43244171,14181.78516,27015.44336,288.7616577,3366.038086,83.72379303,23.92108345,85.43244171,0.009661484,2119.457031,1928.705933,0.010564215,41.30567932,82611.35938,41.30567932,0.000157662,41197.22656,7.353005409,21.36003494,343.3374023,997.3743896,108,070801010301,107.6448746
32,F070801010301_370,3232.21067,620352.8482,153.2271576,25435.70898,40960.68359,517.9077759,6037.149902,150.1626129,42.9036026,153.2271576,0.017328331,3801.381592,3459.257324,0.018947596,155.8809662,311761.9063,155.8809662,0.000594991,66396.39063,7.352939129,19.19382858,163.1739197,425.9429016,108,070801010301,193.0662231
33,F070801010301_433,4723.019764,885214.792,218.648056,36295.57813,66289.71875,739.0304565,8614.733398,214.2751007,61.22145462,218.648056,0.024726726,6461.143066,5879.640137,0.032204904,156.6554108,313310.8125,156.6554108,0.000597947,102585.2969,6.173095226,17.44754601,231.6905518,654.8468018,108,070801010301,275.4965515
34,F070801010301_441,1402.637183,105315.9354,26.01303673,4318.164063,6614.594727,87.92406464,1024.913696,25.49277687,7.283650398,26.01303673,0.002941793,717.8217163,653.2177734,0.003577909,58.85054016,117701.0781,58.85054016,0.00022463,10932.75879,6.610604286,16.73677444,73.37509918,185.7715912,108,070801010301,32.77642822
35,F070801010301_449,2117.900748,236545.8648,58.42683029,9698.853516,17523.375,197.4826813,2302.01709,57.25829315,16.35951233,58.42683029,0.006607442,1526.870728,1389.452393,0.00761053,27.3715744,54743.14844,27.3715744,0.000104476,27222.22852,6.980342388,19.59205627,354.3403625,994.5437622,108,070801010301,73.61780548
36,F070801010301_481,1433.859967,56706.69073,14.0065527,2325.087646,3607.247559,47.34214783,551.8581543,13.72642136,3.921834707,14.0065527,0.001583989,417.1471863,379.6039429,0.002079227,11.42220688,22844.41406,11.42220688,4.35981E-05,5932.334961,6.125035763,15.62769604,203.5585327,519.3685303,108,070801010301,17.6482563
37,F070801010301_484,522.1419891,14997.78312,3.704452515,614.9390869,893.6621094,12.5210495,145.9554291,3.630363464,1.037246704,3.704452515,0.000418933,104.5425873,95.13375092,0.000521082,,,,,1508.601196,6.463942528,15.85768604,,,108,070801010301,4.667610168
38,F070801010301_490,2537.396937,391955.9586,96.81311798,16070.97754,29351.80078,327.2283325,3814.436768,94.87685394,27.10767365,96.81311798,0.010948515,2401.825684,2185.661377,0.011971653,,,,,45422.77734,7.352912903,20.78216553,,,108,070801010301,121.9845276
39,F070801010301_498,1184.434058,53213.75285,13.14379692,2181.870361,2656.624512,44.42603302,517.8656006,12.88092136,3.680263042,13.14379692,0.001486421,349.694458,318.2219543,0.001743016,7.11239481,14224.78906,7.11239481,2.71477E-05,4838.495117,6.856441975,15.20478058,306.7701416,680.2905884,108,070801010301,16.56118393
40,F070801010301_520,1186.684561,84214.54823,20.80099297,3452.964844,5289.276367,70.30735779,819.5591431,20.38497353,5.824277878,20.80099297,0.002352367,573.9844971,522.3258667,0.002860967,43.35495758,86709.91406,43.35495758,0.000165484,8742.241211,6.610748291,16.73714066,79.64405823,201.6434021,108,070801010301,26.2092514
41,F070801010302_1,1088.862073,60983.24742,15.0628624,2500.435059,3240.925293,50.91247559,593.4768066,14.76160526,4.217601299,15.0628624,0.001703446,373.7372131,340.1008606,0.001862855,,,,,5741.360352,7.352039814,16.88134575,,,108,070801010302,18.97920609
42,F070801010302_2,1319.328372,80449.84985,19.87111282,3298.604736,5571.063965,67.16436005,782.921875,19.47369003,5.563911438,19.87111282,0.002247208,548.324585,498.9753723,0.002733068,,,,,8869.668945,6.610756397,17.77576447,,,108,070801010302,25.03760147
43,F070801010302_4,1283.353057,88651.17561,21.89684105,3634.875732,6781.450684,74.01132202,862.7355347,21.45890427,6.131115437,21.89684105,0.002476295,604.2717896,549.8873291,0.003011931,8.417243004,16834.48633,8.417243004,3.21283E-05,10416.32617,6.610219002,18.94265556,431.836853,1237.498535,108,070801010302,27.59001923
44,F070801010302_77,1190.438355,48097.13096,11.87999153,1972.078613,3524.317383,40.15437317,468.0716553,11.64239216,3.326397657,11.87999153,0.001343498,335.2580566,305.0848389,0.001671059,,,,,5496.395996,6.464033604,18.01595879,,,108,070801010302,14.96879005
45,F070801010302_82,2969.062433,395323.7786,97.64497375,16209.06543,28649.03516,330.0400085,3847.211914,95.69207764,27.34059334,97.64497375,0.011042588,2422.433594,2204.414551,0.012074371,97.33518982,194670.375,97.33518982,0.000371524,44858.10156,7.353002548,20.34921265,166.5283203,460.8621216,108,070801010302,123.0326691
46,F070801010302_89,2445.478348,255999.0622,63.23176956,10496.47363,18758.33594,213.7233887,2491.331787,61.96713257,17.70489502,63.23176956,0.007150828,1568.687134,1427.505249,0.00781896,43.73688507,87473.76563,43.73688507,0.000166942,29254.80859,7.353019238,20.49366188,239.991333,668.8818359,108,070801010302,79.67202759
47,F070801010302_97,1851.293809,205234.2826,50.69286728,8415.015625,15203.80566,171.3418884,1997.29895,49.67900848,14.19400311,50.69286728,0.005732814,1398.877808,1272.97876,0.006972563,19.33047295,38660.94531,19.33047295,7.37836E-05,23618.82031,6.610491753,18.55397797,435.323822,1221.843872,108,070801010302,63.87301254
48,F070801010302_99,3192.46834,375697.2089,92.79721069,15404.33691,23293.95703,313.6545715,3656.210205,90.94126892,25.98321915,92.79721069,0.010494359,2302.165039,2094.970215,0.011474906,55.49142456,110982.8438,55.49142456,0.000211808,38698.29297,7.353010178,18.47200203,277.5985107,697.3742676,108,070801010302,116.9244843
49,F070801010302_116,1960.079257,143182.7913,35.3661499,5870.780762,10722.30957,119.53759,1393.42627,34.65882874,9.902522087,35.3661499,0.003999528,877.3712158,798.4078369,0.004373167,22.08600044,44172,22.08600044,8.43013E-05,16593.08984,7.353110313,20.78272438,265.8145752,751.2944336,108,070801010302,44.56135178
50,F070801010302_139,1144.83359,71414.96374,17.63949585,2928.15625,5060.418457,59.62149429,694.9961548,17.28670502,4.939058781,17.63949585,0.001994836,437.5802307,398.197998,0.002181074,,,,,7988.574707,7.353518486,20.06181526,,,108,070801010302,22.22576332
51,F070801010403_15,4040.923702,980782.3156,242.2532349,40214.03516,74236.07813,818.815918,9544.777344,237.4081726,67.8309021,242.2532349,0.027396217,6010.022461,5469.120605,0.029956341,136.4998627,272999.7188,136.4998627,0.000521014,114450.1094,7.352925301,20.92660141,294.6086121,838.4631958,108,070801010403,305.2390747
52,F070801010403_18,4003.043114,599106.3342,147.9792633,24564.55859,43899.52734,500.1699219,5830.382813,145.0196838,41.43419266,147.9792633,0.016734852,4083.479248,3715.966064,0.020353682,118.114357,236228.7188,118.114357,0.000450837,68464.08594,6.610544205,18.42430305,207.9726715,579.642395,108,070801010403,186.4538727
53,F070801010403_19,2397.349244,319983.1803,79.0358429,13119.9502,24735.05664,267.1411438,3114.012207,77.4551239,22.1300354,79.0358429,0.008938097,2353.856445,2142.009277,0.011732555,50.3518486,100703.6953,50.3518486,0.000192191,37855.00781,6.125066757,17.67266273,260.5653992,751.8096924,108,070801010403,99.5851593
54,F070801010403_33,2387.837202,239020.4221,59.03804398,9800.31543,18284.08398,199.548584,2326.098877,57.85728455,16.530653,59.03804398,0.006676563,1464.682983,1332.861572,0.007300562,45.06655502,90133.10938,45.06655502,0.000172017,28084.39844,7.352838039,21.070755,217.4631653,623.1760864,108,070801010403,74.38793945
55,F070801010403_37,1058.865456,33552.98674,8.28758812,1375.739624,2161.403076,28.01204872,326.5309753,8.121836662,2.320524693,8.28758812,0.000937236,244.9207001,222.8778381,0.001220782,,,,,3537.142578,6.172617435,15.87032032,,,108,070801010403,10.44236183
56,F070801010403_255,4309.040761,625223.488,154.4302063,25635.41406,47827.03516,521.9741211,6084.550293,151.3415985,43.24045944,154.4302063,0.017464383,4358.205078,3965.966553,0.021723025,73.37116241,146742.3125,73.37116241,0.000280055,73462.45313,6.463850498,18.52321625,349.3935852,1001.244202,108,070801010403,194.5820618
57,F070801010405_13,2826.702711,240321.885,59.3595047,9853.677734,17609.58984,200.6351318,2338.764404,58.17231369,16.62066078,59.3595047,0.006712917,1638.014038,1490.592773,0.008164513,29.4815979,58963.19922,29.4815979,0.00011253,27463.26758,6.61057663,18.4243927,334.2314758,931.5393066,108,070801010405,74.79297638
58,F070801010405_18,2114.232691,259769.1698,64.16298676,10651.05566,20080.44922,216.8708954,2528.021729,62.87972641,17.96563721,64.16298676,0.007256139,1591.794067,1448.532593,0.007934134,18.9164505,37832.89844,18.9164505,7.22033E-05,30731.50391,7.352996826,21.2156105,563.0578613,1624.591431,108,070801010405,80.84536743
59,F070801010405_42,2567.32879,295309.4711,72.94143677,12108.27832,22114.38477,246.5420532,2873.892578,71.48260498,20.42360306,72.94143677,0.008248886,1809.604858,1646.740479,0.009019789,35.17434692,70348.6875,35.17434692,0.000134259,34222.66406,7.35287571,20.78206253,344.2360535,972.9438477,108,070801010405,91.90620422
60,F070801010405_46,1777.073847,135446.2121,33.45521545,5553.565918,9597.633789,113.0786285,1318.135498,32.78610992,9.367460251,33.45521545,0.003783423,988.6279907,899.6514893,0.004927715,61.89800262,123796,61.89800262,0.000236262,15151.19922,6.173019409,16.84118652,89.72124481,244.7768707,108,070801010405,42.15357208
61,F070801010405_49,2068.825359,230151.0762,56.84731674,9436.654297,17605.61328,192.1439362,2239.78418,55.71036911,15.91724873,56.84731674,0.006428815,1410.309082,1283.381226,0.00702954,24.84059715,49681.19531,24.84059715,9.48155E-05,27042.26758,7.352962494,21.07110977,379.8883972,1088.631958,108,070801010405,71.62761688
62,F070801010405_54,2064.385029,257855.1105,63.69021225,10572.5752,17440.92969,215.2729187,2509.394287,62.41640854,17.83325958,63.69021225,0.007202673,1580.07373,1437.867065,0.007875714,69.8583374,139716.6719,69.8583374,0.000266646,28013.50391,7.352957249,19.48267937,151.3430634,401.0044556,108,070801010405,80.24966431
63,F070801010405_62,1681.218733,136772.2172,33.78273773,5607.93457,9911.855469,114.1856537,1331.039917,33.10708237,9.459166527,33.78273773,0.003820462,838.0864868,762.6586914,0.004177356,13.14408398,26288.16797,13.14408398,5.01704E-05,15519.79004,7.35313797,20.34958839,426.6508484,1180.743408,108,070801010405,42.56624985
64,F070801010405_184,728.7633047,28597.56391,7.063598156,1172.557251,1727.049805,23.87496185,278.3057556,6.922326088,1.977807522,7.063598156,0.000798816,187.9426575,171.0278168,0.000936781,3.501269341,7002.538574,3.501269341,1.33642E-05,2899.606934,6.855944633,16.9540081,334.8948975,828.1587524,108,070801010405,8.900133133
65,F070801010405_209,3715.58859,455805.4526,112.5839462,18688.93555,31564.03516,380.5337524,4435.807617,110.3322678,31.52350426,112.5839462,0.012732024,2793.063721,2541.687988,0.013921739,123.3014679,246602.9375,123.3014679,0.000470636,50252.96875,7.352962017,19.77149391,151.5710754,407.5617981,108,070801010405,141.8557739
66,F070801010405_256,1127.597867,69654.75126,17.20472336,2855.984131,5160.041016,58.15196609,677.8660889,16.86062813,4.817322731,17.20472336,0.001945668,426.8376465,388.4222717,0.002127528,13.12211895,26244.23828,13.12211895,5.00866E-05,8016.025391,7.352781773,20.63739967,217.6465607,610.8789063,108,070801010405,21.67795181
67,F070801010405_280,1116.412243,63175.40653,15.60432529,2590.318115,4476.569336,52.74261856,614.8104248,15.29223919,4.369211197,15.60432529,0.00176468,430.589386,391.8363342,0.002146228,7.711421013,15422.8418,7.711421013,2.94342E-05,7066.887695,6.610714436,18.03530502,335.9067078,916.418335,108,070801010405,19.66144943
68,F070801010602_21,3565.894104,329227.7037,81.31924438,13498.99414,21738.26172,274.8590393,3203.978271,79.69285583,22.7693882,81.31924438,0.009196325,2017.417603,1835.849976,0.01005561,54.18071365,108361.4297,54.18071365,0.000206805,35237.25781,7.352993965,19.19397545,249.147583,650.3653564,108,070801010602,102.4622421
69,F070801010602_217,1722.690974,162625.9138,40.16860199,6667.987793,12047.46875,135.7698822,1582.642944,39.36523056,11.2472086,40.16860199,0.004542634,996.5160522,906.8295898,0.004967032,20.25104141,40502.08594,20.25104141,7.72974E-05,18715.45703,7.353076935,20.63834,329.2664185,924.1725464,108,070801010602,50.6124382
70,F070801010602_221,1862.394438,165277.3575,40.8235054,6776.70166,9315.924805,137.9834442,1608.446167,40.0070343,11.43058109,40.8235054,0.004616696,1012.779419,921.6292725,0.005048095,79.19528961,158390.5781,79.19528961,0.000302285,16092.62695,7.352958202,17.46106339,85.56950378,203.2018127,108,070801010602,51.43761444
71,F070801010602_256,1886.452215,236300.313,58.36617661,9688.785156,15031.62598,197.2776794,2299.627441,57.19885254,16.3425293,58.36617661,0.006600582,1448.017944,1317.696289,0.007217496,70.51882935,141037.6563,70.51882935,0.000269167,24720.41016,7.35282135,18.76032448,137.3928833,350.5504761,108,070801010602,73.54138184
72,F070801010602_264,3822.142788,234314.2821,57.87562943,9607.354492,16414.68359,195.6196289,2280.299805,56.71811676,16.2051754,57.87562943,0.006545107,1435.844727,1306.618652,0.00715682,64.43223572,128864.4688,64.43223572,0.000245935,26022.03906,7.352837563,19.91555786,149.1078796,403.8667603,108,070801010602,72.92329407
73,F070801010602_294,2313.269845,311267.1375,76.88298035,12762.5752,22056.18945,259.8644714,3029.189453,75.34532166,21.52723503,76.88298035,0.008694632,1907.390137,1735.724976,0.00950719,43.41798782,86835.97656,43.41798782,0.000165725,34818.76563,7.352878571,20.06007004,293.9467163,801.9432983,108,070801010602,96.87255859
74,F070801010602_301,2149.0024,187320.5772,46.26818085,7680.518066,9050.056641,156.3864441,1822.966309,45.3428154,12.95509052,46.26818085,0.00523243,1147.8573,1044.550171,0.005721377,72.74175262,145483.5,72.74175262,0.000277652,16730.57422,7.35294342,16.01701355,105.5860977,229.9996033,108,070801010602,58.29790497
75,F070801010602_305,1327.704226,91030.73205,22.48459053,3732.442139,5863.981445,75.99791718,885.8928833,22.03489876,6.295685291,22.48459053,0.002542763,557.8305664,507.625824,0.002780449,34.44503021,68890.05469,34.44503021,0.000131475,9596.423828,7.352742672,18.90452194,108.3593826,278.6011047,108,070801010602,28.33058357
76,F070801010602_321,2604.455523,196466.9937,48.52734756,8055.539551,11390.33789,164.0224304,1911.977539,47.55680084,13.58765697,48.52734756,0.005487917,1203.8927,1095.542358,0.006000679,102.0744095,204148.8125,102.0744095,0.000389614,19445.87695,7.353014946,17.75,78.91830444,190.5068817,108,070801010602,61.14445877
77,F070801010602_325,1636.790796,128050.7289,31.6285305,5250.335938,7939.393555,106.9044342,1246.164063,30.99596024,8.855988503,31.6285305,0.003576844,784.6640625,714.0443115,0.003911078,20.1485405,40297.07813,20.1485405,7.69061E-05,13189.72949,7.352955341,18.4718647,260.5814514,654.6245728,108,070801010602,39.85194778
78,F070801010602_384,2633.296199,198433.5223,49.0130806,8136.171387,11664.13281,165.6642151,1931.115356,48.03281784,13.72366238,49.0130806,0.005542848,1215.949951,1106.514404,0.006060777,19.27232552,38544.65234,19.27232552,7.35616E-05,19800.30469,7.352973938,17.89430428,422.1686401,1027.395752,108,070801010602,61.75648117
79,F070801010602_437,1240.137461,69982.13272,17.28558731,2869.407471,3550.114014,58.42528534,681.052124,16.93987465,4.83996439,17.28558731,0.001954813,428.8175354,390.2239685,0.002137397,29.63287926,59265.75781,29.63287926,0.000113107,6419.521484,7.353232384,16.45086479,96.83187866,216.6350861,108,070801010602,21.77983856
80,F070801010602_444,5808.723132,824352.2083,203.6149902,33800.08984,39827.09375,688.218689,8022.430664,199.5426941,57.01219559,203.6149902,0.023026649,5321.120605,4842.219727,0.026522579,619.1298828,1238259.75,619.1298828,0.002363192,73627.1875,6.980288506,15.20525551,54.59289169,118.9204254,108,070801010602,256.5549011
81,F070801010602_470,2308.072391,154258.1529,38.10176468,6324.893066,7825.339844,128.7839661,1501.209473,37.33972931,10.66849422,38.10176468,0.004308897,945.2649536,860.1911011,0.004711576,24.3607769,48721.55078,24.3607769,9.2984E-05,14150.23242,7.352892876,16.45010376,259.6342773,580.8612671,108,070801010602,48.00822449
82,F070801010602_474,1550.74332,156236.8844,38.59051132,6406.024902,7430.349121,130.4359283,1520.466187,37.8187027,10.80534363,38.59051132,0.004364169,957.3875122,871.2226563,0.004772,22.78447151,45568.94531,22.78447151,8.69674E-05,13836.37402,7.35291338,15.88155937,281.1575012,607.2720947,108,070801010602,48.62404633
83,F070801010602_477,1543.018211,92679.00395,22.8917141,3800.024658,3880.603027,77.37399292,901.9335327,22.43387985,6.40967989,22.8917141,0.002588805,567.9153442,516.8029785,0.002830716,10.92593193,21851.86328,10.92593193,4.17038E-05,7680.62793,7.352946281,14.86181068,347.7986755,702.9723511,108,070801010602,28.84355927
84,F070801010602_505,3192.587597,429290.418,106.0347366,17601.76563,28690.87891,358.3973999,4177.768555,103.9140396,29.68972588,106.0347366,0.01199138,2630.578613,2393.82666,0.013111849,108.5742798,217148.5469,108.5742798,0.000414423,46292.64453,7.352982521,19.33834457,162.1172638,426.3684387,108,070801010602,133.6037598
85,F070801010602_513,2223.476664,259171.5722,64.01538086,10626.55273,19408.18359,216.371994,2522.206055,62.73507309,17.92430687,64.01538086,0.007239446,1588.132202,1445.200317,0.007915881,55.25120544,110502.4063,55.25120544,0.000210891,30034.73633,7.352996349,20.78240395,192.331604,543.6032715,108,070801010602,80.65937805
86,F070801010602_639,3171.365869,441078.5791,108.9464111,18085.10352,29478.7207,368.2388611,4292.48877,106.7674866,30.50499535,108.9464111,0.012320659,2898.469238,2637.606934,0.014447122,180.4019165,360803.8438,180.4019165,0.000688586,47563.82422,6.856633186,18.03294563,100.2489548,263.6547546,108,070801010602,137.2724762
87,F070801010602_649,2308.573644,206247.0333,50.94301605,8456.541016,14780.60645,172.1873932,2007.154785,49.92415619,14.26404476,50.94301605,0.005761103,1263.86084,1150.113403,0.006299585,46.77218246,93544.36719,46.77218246,0.000178527,23237.14844,7.352788925,20.20422363,180.8027954,496.8155823,108,070801010602,64.1882019
88,F070801010602_732,2867.768381,127808.1069,31.56860161,5240.387695,5866.078125,106.7018738,1243.802856,30.93722916,8.839208603,31.56860161,0.003570067,662.935791,603.2715454,0.003304335,,,,,11106.46582,8.68661499,18.41039276,,,108,070801010602,39.77643585
89,F070801010602_742,10392.92163,821152.8971,202.8247681,33668.91016,52896.69922,685.5477295,7991.295898,198.76828,56.79093552,202.8247681,0.022937285,5031.818848,4578.955078,0.025080584,259.2983093,518596.5938,259.2983093,0.000989731,86565.60938,7.352968216,18.90510178,129.8462372,333.8456421,108,070801010602,255.5592194
90,F070801010602_772,1295.440718,89215.80628,22.03630447,3658.026611,4956.84668,74.48271179,868.2304077,21.59557915,6.170165062,22.03630447,0.002492067,546.7144165,497.5101318,0.002725042,31.30585861,62611.71484,31.30585861,0.000119493,8614.873047,7.352667332,17.31597519,116.8479919,275.1840515,108,070801010602,27.76574326
91,F070801010602_778,1997.834771,123844.4369,30.58957672,5077.869629,9174.426758,103.3927689,1205.22937,29.97778511,8.565081596,30.58957672,0.00345935,758.8795776,690.5804443,0.003782557,18.52642632,37052.85156,18.52642632,7.07146E-05,14252.29688,7.35304594,20.63814163,274.0879211,769.2955322,108,070801010602,38.54286575
92,F070801010602_781,2310.260726,202741.4062,50.07712555,8312.802734,14855.88086,169.2606812,1973.038696,49.07558441,14.021595,50.07712555,0.00566318,1242.36853,1130.55542,0.006192458,22.16645813,44332.91797,22.16645813,8.46084E-05,23168.68359,7.35284853,20.49318695,375.0171814,1045.213623,108,070801010602,63.09717941
93,F070801010604_12,2537.622616,269272.1225,66.51021576,11040.69629,18646.80469,224.8045349,2620.502441,65.18000793,18.62285995,66.51021576,0.007521585,1650.037476,1501.534058,0.008224442,52.84695816,105693.9141,52.84695816,0.000201715,29687.5,7.352944374,19.77144623,208.9182892,561.7636719,108,070801010604,83.8028717
94,F070801010604_14,2369.027608,225145.7117,55.61099243,9231.424805,15591.09766,187.9651489,2191.072998,54.49877167,15.5710783,55.61099243,0.006289001,1379.63562,1255.468384,0.006876652,42.6998024,85399.60938,42.6998024,0.000162983,24822.52344,7.352972507,19.77152443,216.1936188,581.326416,108,070801010604,70.06984711
95,F070801010604_57,2966.765839,519376.2678,128.2859344,21295.46484,32202.33594,433.6064453,5054.46582,125.7202148,35.92006302,128.2859344,0.014507749,3182.602783,2896.168457,0.015863355,118.5064011,237012.8125,118.5064011,0.000452334,53497.80078,7.352978706,18.47192383,179.6988525,451.4338379,108,070801010604,161.640274
96,F070801010604_98,1825.943593,197314.7748,48.73674774,8090.300293,13346.07227,164.7302094,1920.227905,47.76201248,13.64628983,48.73674774,0.005511598,1440.195435,1310.577881,0.007178506,25.24012566,50480.25391,25.24012566,9.63405E-05,21436.37305,6.173078537,16.35642815,320.5332947,849.2974243,108,070801010604,61.40830231
97,F070801010604_106,1893.927525,141218.3101,34.88092422,5790.233398,8528.385742,117.897522,1374.308472,34.18330383,9.766658783,34.88092422,0.003944654,865.3453979,787.4642944,0.004313225,32.82368851,65647.375,32.82368851,0.000125287,14318.61914,7.353010654,18.18319702,176.4040985,436.2282104,108,070801010604,43.94996262
98,F070801010604_117,1668.731522,169363.1494,41.83269882,6944.228027,10500.84473,141.394516,1648.208374,40.99604416,11.71315575,41.83269882,0.004730825,1037.82373,944.4196167,0.005172926,25.72774887,51455.49609,25.72774887,9.82017E-05,17445.07227,7.352905273,18.47173882,269.9119873,678.0644531,108,070801010604,52.709198
99,F070801010604_157,2224.428016,111335.9266,27.4999733,4564.995605,6723.744629,92.94991302,1083.498901,26.94997406,7.699992657,27.4999733,0.003109949,682.2479248,620.8455811,0.003400594,51.50392151,103007.8438,51.50392151,0.000196588,11288.74023,7.35286808,18.18284798,88.63394165,219.1821442,108,070801010604,34.64996719
100,F070801010604_164,3039.19735,317932.2073,78.52925873,13035.85742,20224.42383,265.428894,3094.052734,76.95867157,21.9881916,78.52925873,0.008880808,1948.200684,1772.862671,0.009710606,26.57905579,53158.10938,26.57905579,0.000101451,33260.28125,7.35299921,18.76077652,490.4559937,1251.371826,108,070801010604,98.94686127
101,F070801010604_166,1783.28839,197762.9481,48.84744644,8108.67627,12420.92773,165.1043701,1924.589355,47.87049866,13.67728519,48.84744644,0.005524117,1211.839478,1102.773926,0.006040289,13.68539906,27370.79688,13.68539906,5.22366E-05,20529.60352,7.352981567,18.6163311,592.5056763,1500.109985,108,070801010604,61.5477829
102,F070801010604_214,2118.764316,265247.5874,65.51615143,10875.68066,17727.35742,221.4445953,2581.336426,64.20582581,18.34452248,65.51615143,0.007409167,1625.361938,1479.079346,0.008101449,24.47640228,48952.80469,24.47640228,9.34254E-05,28603.03906,7.35300684,19.33840752,444.333313,1168.596558,108,070801010604,82.55034637
103,F070801010604_219,4149.248763,406608.057,100.4321899,16671.74414,27829.75391,339.4608154,3957.02832,98.42354584,28.12101364,100.4321899,0.011357793,2991.107666,2721.907959,0.014908869,93.90821838,187816.4375,93.90821838,0.000358444,44501.5,6.125021458,16.34937668,177.5323181,473.8829041,108,070801010604,126.5445557
104,F070801010604_221,2127.497129,203656.8969,50.30325317,8350.339844,12627.12207,170.0249939,1981.94812,49.29718781,14.08491135,50.30325317,0.005688753,1314.604858,1196.290405,0.006552513,32.05334854,64106.69531,32.05334854,0.000122346,20977.46094,6.980194569,17.53542519,260.5137939,654.4545898,108,070801010604,63.38209915
105,F070801010604_264,1107.481123,76045.80734,18.78331375,3118.030029,5266.089355,63.48760223,740.062561,18.40764809,5.259327888,18.78331375,0.002124189,490.8695679,446.6913147,0.002446689,7.080526829,14161.05371,7.080526829,2.70261E-05,8384.119141,6.980278969,18.76938057,440.3669434,1184.109497,108,070801010604,23.66697693
106,F070801010601_10,1778.107189,172657.7685,42.64646912,7079.313965,12929.55664,144.1450653,1680.270874,41.79354095,11.94101143,42.64646912,0.004822853,1058.005249,962.78479,0.005273519,20.75165176,41503.30078,20.75165176,7.92082E-05,20008.87109,7.352955818,20.7822876,341.1445923,964.2061768,108,070801010601,53.73455048
107,F070801010601_12,1694.651478,133828.3294,33.05559921,5487.229492,8836.421875,111.7279282,1302.390625,32.39448547,9.255567551,33.05559921,0.00373823,820.0691528,746.2629395,0.004087551,15.44931126,30898.62305,15.44931126,5.89694E-05,14323.65137,7.352943897,19.19384003,355.1763306,927.1384888,108,070801010601,41.65005493
108,F070801010601_13,1641.727635,97576.30822,24.10134888,4000.823975,6442.772949,81.46256256,949.5931396,23.61932182,6.7483778,24.10134888,0.002725601,629.8513794,573.1647339,0.003139429,40.26793289,80535.86719,40.26793289,0.000153701,10443.59668,6.980234146,18.22093391,99.35508728,259.3526917,108,070801010601,30.36769867
109,F070801010601_20,2554.7834,394028.1182,97.32494354,16155.94043,29506.97461,328.958313,3834.602783,95.37844849,27.25098419,97.32494354,0.011006396,2543.409668,2314.502686,0.012677363,91.66049194,183320.9844,91.66049194,0.000349864,45662.91406,6.980307579,19.72903824,176.2584991,498.1744385,108,070801010601,122.6294327
110,F070801010601_28,1967.941125,145215.1719,35.8681488,5954.112793,11108.36426,121.2343445,1413.205078,35.15078735,10.04308128,35.8681488,0.004056299,889.8449707,809.7589111,0.004435341,33.43747711,66874.95313,33.43747711,0.000127629,17062.47656,7.352944851,21.07105827,178.0670471,510.2800293,108,070801010601,45.19387054
111,F070801010601_58,2655.919397,298495.7167,73.72843933,12238.9209,20910.85938,249.2021179,2904.900391,72.2538681,20.64396286,73.72843933,0.008337888,1926.76709,1753.358032,0.009603772,96.78741455,193574.8281,96.78741455,0.000369433,33149.78125,6.980274677,18.90645218,126.4515762,342.500946,108,070801010601,92.89782715
112,F070801010601_72,1662.036669,163134.3479,40.29418564,6688.834961,9326.491211,136.1943512,1587.590942,39.48830032,11.28237152,40.29418564,0.004556836,999.6442871,909.6763306,0.004982624,23.19397736,46387.95313,23.19397736,8.85304E-05,16015.32617,7.352983475,17.60552216,288.3867188,690.4950562,108,070801010601,50.77067184
113,F070801010601_101,1688.970371,96339.68659,23.79590225,3950.119873,6748.995117,80.43015289,937.5585327,23.31998444,6.662852764,23.79590225,0.002691059,590.3460083,537.2148438,0.002942519,12.0945015,24189.00195,12.0945015,4.61642E-05,10699.11523,7.352961063,19.91589737,326.6046143,884.6264038,108,070801010601,29.98283768
114,F070801010601_165,2480.260867,150589.6093,37.19563293,6174.475098,9943.135742,125.7212372,1465.507935,36.45172119,10.4147768,37.19563293,0.004206423,922.7658081,839.7168579,0.004599431,,,,,16117.61133,7.353044033,19.19410324,,,108,070801010601,46.86649704
115,F070801010601_231,2019.465084,133166.7721,32.89219284,5460.104004,8471.056641,111.1756134,1295.952393,32.2343483,9.209814072,32.89219284,0.003719751,816.0415649,742.5978394,0.004067475,11.83579445,23671.58789,11.83579445,4.51767E-05,13931.16016,7.352706432,18.76003265,461.3212891,1177.036377,108,070801010601,41.44416046
116,F070801010601_356,2094.816372,220490.0934,54.46105194,9040.53418,16511.50586,184.0783539,2145.765381,53.37182999,15.24909496,54.46105194,0.006158955,1423.238281,1295.146851,0.007093985,42.47551346,84951.02344,42.47551346,0.000162127,25552.03906,6.980315685,19.72906685,212.8410797,601.5710449,108,070801010601,68.6209259
117,F070801010601_367,1955.227773,95636.61082,23.62224197,3921.292236,6083.672852,79.8431778,930.7163086,23.14979744,6.614227772,23.62224197,0.00267142,617.3080444,561.7503052,0.003076908,24.38049889,48760.99609,24.38049889,9.30593E-05,10004.96484,6.980489731,17.81034088,160.8372498,410.3675232,115,070801010601,29.76402473
118,F070801010601_368,1428.091708,97968.68212,24.19826508,4016.912109,6310.907227,81.79013824,953.4116211,23.71430016,6.775514126,24.19826508,0.002736562,600.3304443,546.3007202,0.002992285,32.28623199,64572.46094,32.28623199,0.000123235,10327.81934,7.352931976,18.90500832,124.4156342,319.8830872,115,070801010601,30.48981476
119,F070801010601_374,2189.174706,138206.7015,34.13705444,5666.750977,7901.362793,115.3832474,1345,33.45431519,9.558375359,34.13705444,0.003860531,846.9153442,770.6929932,0.004221363,99.36704254,198734.0781,99.36704254,0.00037928,13568.11328,7.352799416,17.60508156,57.02847672,136.5454102,108,070801010601,43.0126915
120,F070801010601_389,1874.024391,131971.172,32.59687805,5411.081543,7226.075684,110.1774445,1284.317017,31.94494057,9.12712574,32.59687805,0.003686354,721.1364746,656.2341919,0.003594431,29.89461327,59789.22656,29.89461327,0.000114106,12637.15723,8.245656013,19.25708389,181.0052338,422.7235413,108,070801010601,41.07206726
121,F070801010603_51,1256.935377,78705.29385,19.44020844,3227.074707,4436.255371,65.707901,765.9442139,19.05140495,5.443258286,19.44020844,0.002198477,517.2265015,470.6761169,0.002578062,12.33113766,24662.27539,12.33113766,4.70674E-05,7663.330078,6.856253147,16.2815361,261.7012939,621.461731,108,070801010603,24.49466324
122,F070801010603_153,3676.17958,293507.3052,72.49630737,12034.38672,16114.27148,245.0375214,2856.354492,71.04637909,20.29896545,72.49630737,0.008198547,1798.560181,1636.689819,0.008964739,135.2059479,270411.9063,135.2059479,0.000516075,28148.6582,7.352881908,17.1985302,89.00782013,208.190979,108,070801010603,91.34534454
123,F070801010603_203,2640.454037,228988.8376,56.5602417,9389,13644.59277,191.1736145,2228.473633,55.42903519,15.83686733,56.5602417,0.00639635,1403.19043,1276.90332,0.006994058,20.96193123,41923.86328,20.96193123,8.00108E-05,23033.59375,7.352945328,18.03863525,447.907196,1098.829712,108,070801010603,71.26589966
124,F070801010603_210,2352.614335,185279.3006,45.76398849,7596.822266,9846.580078,154.6822815,1803.101196,44.84870911,12.81391716,45.76398849,0.005175411,1135.374023,1033.190308,0.005659155,113.2837219,226567.4531,113.2837219,0.000432399,17443.40234,7.352781296,16.88304901,67.06014252,153.9797821,115,070801010603,57.66262817
125,F070801010603_231,1099.314621,66758.83174,16.48943138,2737.245605,2795.288818,55.73427963,649.6835938,16.15964317,4.617040634,16.48943138,0.001864776,409.0950317,372.2764893,0.002039092,,,,,5532.53418,7.352722168,14.86135769,,,108,070801010603,20.77668381
126,F070801010603_254,1336.410988,61124.89478,15.09784889,2506.24292,2903.920166,51.03072739,594.8552246,14.79589176,4.227397919,15.09784889,0.001707403,374.5839233,340.8713684,0.001867075,52.61224747,105224.4922,52.61224747,0.000200819,5410.163086,7.352459431,15.87156773,47.63611221,102.8308716,115,070801010603,19.02328873
127,F070801010605_5,1967.575254,128562.4455,31.75492477,5271.317383,6429.835938,107.3316422,1251.144043,31.11982536,8.891379356,31.75492477,0.003591138,702.5065308,639.2809448,0.003501571,13.82254696,27645.09375,13.82254696,5.27601E-05,11701.15332,8.245697975,18.30361748,381.3564453,846.5265503,108,070801010605,40.01120377
128,F070801010605_91,2095.456534,200886.3363,49.61892319,8236.741211,10028.97656,167.7119598,1954.985596,48.62654495,13.89329815,49.61892319,0.005611363,1230.971313,1120.183838,0.00613565,37.95487213,75909.74219,37.95487213,0.000144872,18265.71875,7.35302639,16.30600166,217.0140686,481.2483215,108,070801010605,62.51984406
129,F070801010605_108,1499.523375,93813.48321,23.17193031,3846.540527,4456.88916,78.32112122,912.9740601,22.70849228,6.488140583,23.17193031,0.002620494,574.8544312,523.1175537,0.002865303,11.60071468,23201.42773,11.60071468,4.42794E-05,8303.429688,7.35310936,15.87297058,331.5778809,715.7687988,108,070801010605,29.19663239
130,F070801010605_109,1066.178348,66787.54078,16.4965229,2738.422852,2581.375977,55.75824738,649.9630127,16.16659164,4.619026184,16.4965229,0.001865578,409.2362976,372.4050293,0.002039796,11.4219265,22843.85156,11.4219265,4.3597E-05,5319.798828,7.353345394,14.28498077,239.7514038,465.7532043,108,070801010605,20.78561783
131,F070801010605_115,3007.533427,293703.5718,72.54478455,12042.43457,18683.18359,245.2013702,2858.264404,71.09388733,20.31254005,72.54478455,0.008204029,2160.550781,1966.101196,0.010769043,55.72691727,111453.8359,55.72691727,0.000212707,30725.61719,6.125032902,15.62768841,216.0972748,551.3604126,108,070801010605,91.40642548
132,F070801010605_130,1280.589728,66691.59145,16.47282219,2734.488525,2255.45874,55.67813873,649.0291748,16.14336586,4.612390041,16.47282219,0.001862898,408.664917,371.8850708,0.002036948,47.44654465,94893.09375,47.44654465,0.000181101,4989.947266,7.353047371,13.4179821,57.63303757,105.1698761,108,070801010605,20.75575638
133,F070801010605_213,3690.360763,300824.8254,74.30373383,12334.41992,18651.72266,251.1466217,2927.567139,72.81765747,20.80504608,74.30373383,0.008402947,1843.406738,1677.500122,0.009188271,128.8256989,257651.3906,128.8256989,0.000491722,30986.14258,7.352858067,18.47161865,95.74502563,240.5276489,108,070801010605,93.62270355
134,F070801010605_319,1206.882688,66855.07358,16.51320267,2741.19165,5006.474609,55.81462479,650.6201782,16.18293953,4.623696804,16.51320267,0.001867464,409.6755981,372.8048096,0.002041986,6.906658649,13813.31738,6.906658649,2.63624E-05,7747.666016,7.352887154,20.78209686,396.8911438,1121.767578,108,070801010605,20.80663681
135,F070801010605_391,1597.363112,156283.4325,38.60200882,6407.933594,9815.71875,130.4747925,1520.919189,37.8299675,10.80856228,38.60200882,0.004365469,957.6643066,871.4745483,0.004773379,62.27084732,124541.6875,62.27084732,0.000237685,16223.65234,7.352978706,18.61632347,102.9042282,260.5336609,108,070801010605,48.63853073
136,F070801010605_392,3602.449264,618518.9165,152.7741699,25360.51172,39345.46094,516.376709,6019.302246,149.718689,42.77676773,152.7741699,0.017277103,3790.153809,3449.040039,0.018891633,191.7257385,383451.5,191.7257385,0.000731809,64705.97266,7.352919102,18.76057434,132.2749481,337.4923706,108,070801010605,192.4954529
137,F070801030202_9,2007.12293,214577.4124,53.0006218,8798.103516,12267.52148,179.1421051,2088.224609,51.94060898,14.84017372,53.0006218,0.005993796,1495.755493,1361.137451,0.007455439,64.50582886,129011.6563,64.50582886,0.000246216,21065.625,6.463787556,15.47648621,136.3923798,326.5693359,104,070801030202,66.78078461
138,F070801030202_23,2002.812352,255822.6318,63.18819046,10489.23926,12771.59668,213.5760803,2489.614746,61.92442703,17.69269371,63.18819046,0.0071459,1567.625732,1426.539429,0.00781367,55.45647812,110912.9531,55.45647812,0.000211675,23260.83594,7.352926254,16.3057785,189.143631,419.4430847,104,070801030202,79.61711884
139,F070801030202_156,7290.061711,1132154.376,279.6421204,46420.59375,82047.00781,945.1903687,11017.89941,274.0492859,78.29979706,279.6421204,0.031624496,6937.579102,6313.196777,0.03457965,125.5802689,251160.5469,125.5802689,0.000479335,128467.6016,7.352945805,20.34905624,369.6487732,1022.991943,108,070801030202,352.3490906
140,F070801030202_159,3163.258957,558106.3827,137.8522797,22883.47852,41794.05078,465.9407043,5431.379883,135.0952301,38.59863663,137.8522797,0.015589599,3419.936035,3112.141846,0.017046319,29.06703758,58134.07422,29.06703758,0.000110948,64677.53125,7.352967739,20.78232193,787.265564,2225.115967,108,070801030202,173.6938629
141,F070801030202_198,2779.553318,380975.2021,94.10087585,15620.74512,27915.96289,318.0609741,3707.574463,92.21885681,26.34824562,94.10087585,0.01064179,2334.523926,2124.416748,0.011636195,77.81987,155639.75,77.81987,0.000297035,43536.70703,7.352957249,20.4934864,200.7295227,559.454895,104,070801030202,118.5671005
142,F070801030202_218,3672.300707,584929.4505,144.4775696,23983.27734,42860.71484,488.334198,5692.416016,141.5880127,40.45372009,144.4775696,0.016338848,3584.328857,3261.739258,0.017865719,57.54650879,115093.0156,57.54650879,0.000219653,66843.99219,7.352910519,20.49335861,416.7633667,1161.564697,104,070801030202,182.0417328
143,F070801030202_254,1915.858946,161024.0841,39.77294922,6602.30957,11799.04297,134.4325714,1567.054199,38.97748947,11.13642597,39.77294922,0.00449789,986.7319336,897.9260864,0.004918264,36.12983704,72259.67188,36.12983704,0.000137906,18401.35156,7.352842808,20.49316978,182.7384338,509.3117676,104,070801030202,50.11391449
144,F070801030202_264,3221.394851,649545.8329,160.4378204,26632.67773,50210.62109,542.2798462,6321.25,157.2290649,44.92258835,160.4378204,0.018143779,3980.26416,3622.040283,0.019839216,45.41611481,90832.22656,45.41611481,0.000173351,76843.29688,7.352949142,21.21547318,586.4147339,1691.983032,108,070801030202,202.1516571
145,F070801030202_268,3127.32493,421947.6911,104.221077,17300.69922,30578.46094,352.2672424,4106.310547,102.1366577,29.18190193,104.221077,0.011786275,2585.597412,2352.893555,0.012887644,59.20451355,118409.0234,59.20451355,0.000225981,47879.16016,7.352945805,20.34905434,292.2192688,808.7079468,104,070801030202,131.3185577
146,F070801030202_286,2193.805716,261757.5708,64.6541214,10732.58398,19391.06445,218.5309296,2547.372314,63.36103821,18.10315323,64.6541214,0.007311681,1925.529785,1752.232056,0.009597605,17.9360199,35872.03906,17.9360199,6.8461E-05,30123.64844,6.125092983,17.19158554,598.3815918,1679.505737,104,070801030202,81.46418762
147,F070801030202_348,1342.170835,86905.84368,21.46574402,3563.313477,5038.438965,72.55421448,845.7503052,21.03642845,6.010408401,21.46574402,0.002427543,532.5409546,484.6122742,0.002654396,15.17443466,30348.86914,15.17443466,5.79202E-05,8601.751953,7.352916241,17.74976158,234.8234711,566.8581543,104,070801030202,27.04683685
148,F070801030202_349,2555.824931,233837.4392,57.75784683,9587.802734,15439.82715,195.2215271,2275.65918,56.60269165,16.17219734,57.75784683,0.006531787,1359.727783,1237.352295,0.006777423,,,,,25027.62891,7.748644352,20.22676086,,,104,070801030202,72.77488708
149,F070801030202_368,2711.894775,172780.2044,42.67671204,7084.333984,11558.91602,144.2472839,1681.462402,41.82317734,11.9494791,42.67671204,0.004826274,1058.783203,963.4927368,0.005277396,53.73706055,107474.1172,53.73706055,0.000205112,18643.25,7.352763176,19.34965324,131.8332977,346.9346924,104,070801030202,53.77265549
150,F070801030202_385,1589.293634,69122.37884,17.07322693,2834.155762,5231.918457,57.70750809,672.6851196,16.73176193,4.78050375,17.07322693,0.001930797,423.5725403,385.4510193,0.002111254,3.281861305,6563.722656,3.281861305,1.25267E-05,8066.074219,7.352829933,20.92632675,863.5818481,2457.77417,108,070801030202,21.51226616
151,F070801030301_3,3362.552024,538562.2636,133.0248718,22082.12891,40330.48438,449.624054,5241.180176,130.3643799,37.2469635,133.0248718,0.015043672,3670.824951,3340.450684,0.018296849,69.9937439,139987.4844,69.9937439,0.000267163,62412.61328,6.610523701,18.68388939,315.4871826,891.6884766,108,070801030301,167.6113434
152,F070801030301_4,1701.165696,121541.3601,30.02071571,4983.438965,8808.078125,101.4700165,1182.816162,29.42030144,8.405800819,30.02071571,0.003395018,784.5283813,713.9208374,0.003910401,29.0609951,58121.98828,29.0609951,0.000110925,13791.51758,6.980380535,19.31799316,171.4820557,474.5714111,108,070801030301,37.82610321
153,F070801030301_9,5202.3916,669181.8177,165.2879028,27437.79102,50111.98828,558.6730957,6512.343262,161.9821472,46.28061295,165.2879028,0.018692272,4664.629395,4244.812988,0.023250367,119.6329727,239265.9375,119.6329727,0.000456634,77549.78125,6.463840008,18.26930428,229.3497314,648.230835,108,070801030301,208.2627563
154,F070801030301_21,1485.084773,109483.4641,27.04241562,4489.041016,8022.403809,91.40336609,1065.471191,26.50156784,7.571876526,27.04241562,0.003058204,706.7217407,643.1167603,0.003522582,12.35409546,24708.19141,12.35409546,4.71551E-05,12511.44531,6.980133533,19.45439148,363.3645935,1012.736633,108,070801030301,34.07344437
155,F070801030301_37,3250.309054,312207.2313,77.1151886,12801.12109,20614.43164,260.6493225,3038.338379,75.57288361,21.59225273,77.1151886,0.008720892,1913.146851,1740.963623,0.009535884,53.10187531,106203.75,53.10187531,0.000202688,33415.55469,7.352893829,19.19371223,241.067215,629.272583,108,070801030301,97.16513824
156,F070801030301_47,5545.034948,574875.7705,141.9943085,23571.05469,35643.41406,479.9407654,5594.575684,139.1544189,39.75840759,141.9943085,0.016058018,3522.689453,3205.647461,0.017558483,81.81484222,163629.6875,81.81484222,0.000312284,59214.46875,7.352977753,18.47192192,288.102417,723.7619629,108,070801030301,178.9128265
157,F070801030301_55,2020.128748,163658.4158,40.42362976,6710.322754,12519.19824,136.6318665,1592.69104,39.61515808,11.31861591,40.42362976,0.004571475,1056.421631,961.343689,0.005265625,15.19573593,30391.4707,15.19573593,5.80015E-05,19229.52148,6.980149746,20.00275421,441.5924683,1265.455078,108,070801030301,50.93377304
158,F070801030301_82,3907.390242,440308.21,108.7561264,18053.51758,29072.6875,367.5957031,4284.991211,106.5810013,30.45171547,108.7561264,0.01229914,3001.129395,2731.027832,0.014958821,62.85564423,125711.2891,62.85564423,0.000239917,47126.20313,6.610521317,17.25584793,287.2218933,749.7529297,108,070801030301,137.0327148
159,F070801030301_90,2156.275088,204154.2013,50.42608643,8370.730469,13808.68066,170.4401703,1986.787842,49.41756439,14.11930466,50.42608643,0.005702644,1391.514404,1266.278076,0.00693586,10.23568439,20471.36914,10.23568439,3.90692E-05,22179.41016,6.610499382,17.51543427,817.7988281,2166.871338,108,070801030301,63.53686905
160,F070801030301_91,2749.438282,377274.3213,93.18675995,15469.00195,27340.99219,314.9712524,3671.55835,91.32302856,26.09229279,93.18675995,0.010538413,2311.839111,2103.773682,0.011523125,59.71606445,119432.1328,59.71606445,0.000227934,42809.99219,7.35297823,20.34914398,259.0425415,716.892395,108,070801030301,117.4153214
161,F070801030301_135,3532.678838,628600.0943,155.2642212,25773.86133,43529.87891,524.7930908,6117.410156,152.1589355,43.47398376,155.2642212,0.017558701,4624.121094,4207.950195,0.023048457,96.33878326,192677.5781,96.33878326,0.000367721,69303.74219,6.125039577,16.46971512,267.5335999,719.3753052,108,070801030301,195.6329193
162,F070801030301_160,1373.555386,90205.14787,22.28067207,3698.591553,6755.054688,75.30867004,877.8584595,21.83505821,6.238588333,22.28067207,0.002519703,592.7947998,539.4432373,0.002954724,,,,,10453.64648,6.856312752,19.37858391,,,108,070801030301,28.07364655
163,F070801030301_166,2444.925695,337163.2573,83.27932739,13824.36816,25248.62695,281.4841309,3281.205566,81.61373901,23.31821251,83.27932739,0.009417989,2066.082275,1880.134888,0.010298175,48.12340546,96246.8125,48.12340546,0.000183685,39072.99609,7.352859974,20.78201675,287.269104,811.9332886,108,070801030301,104.9319534
164,F070801030301_184,2925.50572,537020.197,132.6439819,22018.90039,38052.90625,448.3366699,5226.172852,129.9911041,37.14031601,132.6439819,0.015000598,3950.447998,3594.907715,0.019690603,60.07224655,120144.5,60.07224655,0.000229293,60071.80469,6.125025272,16.71024895,366.5403137,999.9926147,108,070801030301,167.131424
165,F070801030301_193,1921.493425,132630.0586,32.75962448,5438.097656,9932.064453,110.7275314,1290.729248,32.10443115,9.17269516,32.75962448,0.003704759,812.739502,739.5929565,0.004051017,22.87781334,45755.625,22.87781334,8.73236E-05,15370.16211,7.352825165,20.78192139,237.7018127,671.8370361,108,070801030301,41.27712631
166,F070801030301_195,1994.719309,158631.6976,39.18202972,6504.216797,11623.74219,132.435257,1543.771973,38.39838791,10.97096825,39.18202972,0.004431063,1042.421997,948.6040039,0.005195845,23.67781448,47355.62891,23.67781448,9.03772E-05,18127.95898,6.856619358,19.11014366,274.6966553,765.6094971,108,070801030301,49.36935425
167,F070801030301_198,2812.292999,357486.6152,88.29919434,14657.66602,27634.11914,298.4512634,3478.988281,86.53321075,24.72377396,88.29919434,0.009985683,2436.634521,2217.337402,0.012145154,20.9352417,41870.48047,20.9352417,7.99089E-05,42291.78516,6.610480785,19.07322884,700.1431274,2020.124023,108,070801030301,111.2569885
168,F070801030301_203,1514.341016,148886.7357,36.77502441,6104.654297,11509.11035,124.2995834,1448.935913,36.03952408,10.29700661,36.77502441,0.004158857,1014.802795,923.47052,0.00505818,12.27616978,24552.33789,12.27616978,4.68576E-05,17613.76563,6.610556602,19.07344627,497.2767944,1434.793213,108,070801030301,46.33653259
169,F070801030301_226,2432.806733,368004.1999,90.89703369,15088.90723,27261.83984,307.2319641,3581.343018,89.07909393,25.45116997,90.89703369,0.01027947,2707.123779,2463.482666,0.013493381,36.80128479,73602.57031,36.80128479,0.000140469,42350.74609,6.125030994,17.19141197,410.0103455,1150.795288,108,070801030301,114.5302658
170,F070801030301_235,3252.917491,319856.4609,79.00454712,13114.75488,22922.37891,267.0353699,3112.779053,77.42445374,22.12127304,79.00454712,0.008934558,1960.022095,1783.620117,0.009769529,103.4510574,206902.1094,103.4510574,0.000394868,36037.13281,7.352885723,20.20448875,126.7725525,348.3495789,108,070801030301,99.54573059
171,F070801030301_236,1936.379351,90159.06593,22.26928902,3696.701904,6896.798828,75.27019501,877.4099731,21.82390404,6.235401154,22.26928902,0.002518415,552.4776611,502.7546692,0.002753768,17.38426971,34768.53906,17.38426971,6.6355E-05,10593.50098,7.352894306,21.07091522,212.6463776,609.3728027,108,070801030301,28.05930519
172,F070801030301_239,3218.063173,483187.7948,119.3473816,19811.66602,36961.88281,403.394165,4702.286621,116.960434,33.41726685,119.3473816,0.013496896,2960.851318,2694.374756,0.01475806,120.2817307,240563.4531,120.2817307,0.00045911,56773.54688,7.352973461,21.07114029,164.7105103,472.0047302,108,070801030301,150.3777008
173,F070801030301_240,2470.440803,348384.1396,86.05088043,14284.44629,25527.85352,290.8519897,3390.404785,84.3298645,24.09424591,86.05088043,0.009731422,2134.818848,1942.685181,0.010640785,56.5404129,113080.8281,56.5404129,0.000215812,39812.30078,7.352939129,20.49343872,252.6413574,704.138855,108,070801030301,108.4241104
174,F070801030301_251,2631.009273,317750.3296,78.48432922,13028.39844,24306.59766,265.2770386,3092.282471,76.91464233,21.97561264,78.48432922,0.008875728,1947.08374,1771.846191,0.009705039,29.73765755,59475.3125,29.73765755,0.000113507,37334.99609,7.353007793,21.07123947,438.1111145,1255.47876,108,070801030301,98.89025879
175,F070801030301_282,2219.000681,274811.4069,67.87841797,11267.81738,21243.23047,229.4290466,2674.409668,66.52085114,19.00595665,67.87841797,0.007676314,1683.994385,1532.434937,0.008393697,28.38162804,56763.25781,28.38162804,0.000108331,32511.04688,7.352884769,21.21528625,397.0109558,1145.496216,108,070801030301,85.52680969
176,F070801030301_289,2721.659761,382098.3832,94.37830353,15666.79883,29536.63477,318.9986572,3718.505127,92.49073792,26.4259243,94.37830353,0.010673163,2604.379883,2369.985596,0.012981263,42.08963394,84179.27344,42.08963394,0.000160654,45203.43359,6.610503674,19.07329559,372.2246399,1073.980225,108,070801030301,118.9166641
177,F070801030301_291,4185.487415,492258.5545,121.5878601,20183.58398,37259.38281,410.96698,4790.561523,119.156105,34.04460144,121.5878601,0.01375027,3177.50293,2891.527588,0.015837936,38.88855362,77777.10938,38.88855362,0.000148436,57442.96875,6.980249405,19.86595917,519.0109253,1477.117676,108,070801030301,153.2007141
178,F070801030301_292,4034.367798,616912.4334,152.3773651,25294.64258,47191.26953,515.0355225,6003.667969,149.3298187,42.66566086,152.3773651,0.01723223,4204.848145,3826.411865,0.020958634,68.63304901,137266.0938,68.63304901,0.000261969,72485.91406,6.610538483,18.943573,368.5490112,1056.137207,108,070801030301,191.9954834
179,F070801030301_295,1934.512288,170364.4516,42.0800209,6985.283691,12350.00488,142.2304688,1657.952881,41.23841858,11.78240585,42.0800209,0.004758794,1253.244751,1140.452759,0.00624667,43.54439163,87088.78125,43.54439163,0.000166207,19335.28906,6.12500906,16.95404625,160.4175262,444.0362549,108,070801030301,53.02082443
180,F070801030301_297,1703.125567,166452.3842,41.11373901,6824.880859,12732.92578,138.9644318,1619.881348,40.29146576,11.51184654,41.11373901,0.004649519,1134.548462,1032.439087,0.00565504,27.25496674,54509.93359,27.25496674,0.000104031,19557.80664,6.610444069,18.94330406,250.4087067,717.586853,108,070801030301,51.80331421
181,F070801030301_298,2090.30237,238339.1886,58.86978149,9772.383789,16338.85547,198.9798584,2319.469482,57.69238663,16.48353958,58.86978149,0.006657534,1624.492065,1478.28772,0.008097113,60.55806351,121116.125,60.55806351,0.000231148,26111.23828,6.610610008,17.66316414,161.3721313,431.1769104,108,070801030301,74.17592621
182,F070801030301_299,3465.264237,537728.8894,132.8190308,22047.95898,41134.05469,448.9283142,5233.069824,130.1626434,37.18932724,132.8190308,0.015020394,3295.05957,2998.50415,0.016423885,51.29122543,102582.4531,51.29122543,0.000195776,63182.01563,7.352985859,21.07117844,429.8583069,1231.828979,108,070801030301,167.3519745
183,F070801030301_301,3047.827101,582375.3378,143.8467102,23878.55469,42204.625,486.2018738,5667.560547,140.9697723,40.27708054,143.8467102,0.016267505,3568.655273,3247.476318,0.017787596,64.93978119,129879.5703,64.93978119,0.000247872,66083.17969,7.352957249,20.34908676,367.7030334,1017.607056,108,070801030301,181.2468567
184,F070801030301_304,2242.907417,239001.0008,59.0332489,9799.519531,17705.25,199.5323792,2325.909912,57.85258484,16.52931023,59.0332489,0.006676021,1464.539429,1332.730835,0.007299846,40.50679779,81013.59375,40.50679779,0.000154613,27504.76953,7.352962494,20.63790321,241.9228363,679.0161133,108,070801030301,74.38189697
185,F070801030301_315,2711.840752,408495.347,100.8983536,16749.12695,31248.2207,341.036438,3975.39502,98.88038635,28.25153923,100.8983536,0.011410511,2503.184326,2277.897705,0.012476865,35.67611313,71352.22656,35.67611313,0.000136174,47997.34766,7.352888107,21.07089615,469.477356,1345.363647,108,070801030301,127.1319275
186,F070801030301_317,2191.448478,193160.6531,47.71068192,7919.973145,14153.84961,161.2621002,1879.800903,46.75646973,13.35899067,47.71068192,0.005395561,1183.653076,1077.124268,0.005899797,36.95419312,73908.38281,36.95419312,0.000141053,22073.82227,7.352887154,20.49329185,214.3186646,597.3292847,108,070801030301,60.11545944
187,F070801030301_354,1988.716819,135850.9423,33.55518341,5570.160645,10282.65039,113.4165192,1322.074219,32.88407898,9.395451546,33.55518341,0.003794728,876.9116821,797.989624,0.004370876,13.95888138,27917.76367,13.95888138,5.32805E-05,15852.81055,6.980241776,19.86593628,399.0406189,1135.679199,108,070801030301,42.27952957
188,F070801030301_363,1928.339798,162072.9108,40.03200912,6645.313477,11614.88672,135.308197,1577.261108,39.23136902,11.20896244,40.03200912,0.004527187,993.1520996,903.7684326,0.004950264,32.79458237,65589.16406,32.79458237,0.000125176,18260.19922,7.352893829,20.20451164,202.634491,556.8053589,108,070801030301,50.44033051
189,F070801030301_389,1648.069212,90699.24351,22.40271378,3718.850586,6207.791992,75.72117615,882.6669312,21.95466042,6.272759914,22.40271378,0.002533504,555.7653809,505.7464905,0.002770155,4.783850193,9567.700195,4.783850193,1.82598E-05,9926.642578,7.353190899,19.62770462,777.3760376,2075.031982,108,070801030301,28.22742081
190,F070801030301_393,1403.64776,113426.2344,28.01627922,4650.702148,8128.644043,94.69502258,1103.841431,27.4559536,7.844558239,28.01627922,0.003168338,695.0619507,632.5063477,0.003464465,5.396057606,10792.11523,5.396057606,2.05965E-05,12779.3457,7.352815151,20.20429611,861.8703613,2368.274414,108,070801030301,35.30051041
191,F070801030301_401,2338.441497,132750.4626,32.78936386,5443.03418,9941.082031,110.8280487,1291.900879,32.13357544,9.18102169,32.78936386,0.003708122,813.4869995,740.2731934,0.004054742,11.57425976,23148.51953,11.57425976,4.41785E-05,15384.11621,7.35273695,20.78167343,470.2705994,1329.16626,108,070801030301,41.31459808
192,F070801030301_406,2469.282022,296079.7858,73.13170624,12139.86328,21456.8418,247.1851654,2881.38916,71.66907501,20.47687721,73.13170624,0.008270403,1814.332275,1651.042358,0.009043353,73.11418915,146228.375,73.11418915,0.000279074,33596.70313,7.352848053,20.34878349,166.0397644,459.5100403,108,070801030301,92.14595032
193,F070801030301_416,1847.587648,135452.4626,33.45675659,5553.821777,9270.866211,113.0838394,1318.196167,32.78762054,9.367892265,33.45675659,0.003783597,830.006958,755.3063354,0.004137084,9.831335068,19662.67188,9.831335068,3.75258E-05,14824.6875,7.35307169,19.62738419,564.9102173,1507.901733,108,070801030301,42.15551376
194,F070801030301_418,1253.992191,86370.50795,21.33351517,3541.363525,5494.233398,72.10728455,840.5405273,20.90684509,5.97338438,21.33351517,0.002412589,588.6922607,535.7099609,0.002934276,5.447283268,10894.56641,5.447283268,2.0792E-05,9035.59668,6.610598564,16.86658287,650.1155396,1658.734497,108,070801030301,26.88022995
195,F070801030301_433,4847.0099,1286078.66,317.661438,52731.79688,98379.75,1073.695679,12515.86035,311.308197,88.94520569,317.661438,0.035924066,7880.799805,7171.527832,0.039281037,163.9672852,327934.5625,163.9672852,0.000625856,151111.5469,7.352937698,21.0710392,321.5994873,921.5957031,108,070801030301,400.253418
196,F070801030301_437,2007.884056,156957.9113,38.76860428,6435.588379,12006.63672,131.0378876,1527.483032,37.99323273,10.85520935,38.76860428,0.004384309,961.8238525,875.2597046,0.004794112,20.40887833,40817.75781,20.40887833,7.78998E-05,18442.22461,7.352775574,21.07057381,315.3327942,903.6373291,108,070801030301,48.84844208
197,F070801030301_454,3433.915297,321072.0014,79.30478668,13164.59473,24819.22852,268.0501709,3124.608643,77.71868896,22.20533943,79.30478668,0.008968513,2188.400391,1991.444336,0.010907857,23.38333893,46766.67578,23.38333893,8.92532E-05,37983.82422,6.610576153,19.0735054,562.9903564,1624.396973,108,070801030301,99.92402649
198,F070801030301_459,2017.479432,219709.211,54.26817322,9008.516602,16806.85547,183.4264221,2138.166016,53.18280792,15.19508839,54.26817322,0.006137142,1418.208984,1290.57019,0.007068917,22.55986023,45119.71875,22.55986023,8.611E-05,25815.37109,6.980260849,20.00307465,399.3161621,1144.30542,108,070801030301,68.37789917
199,F070801030301_486,1545.93699,45468.35277,11.23068333,1864.293457,3624.591064,37.95970917,442.4889221,11.00606918,3.144591331,11.23068333,0.001270069,309.9016113,282.0104675,0.001544673,3.815659523,7631.319336,3.815659523,1.45642E-05,5488.884766,6.610724449,19.46340752,488.5900879,1438.515381,108,070801030301,14.15066051
200,F070801030301_506,3307.354497,616116.1682,152.1806946,25261.99609,47130.35938,514.3707275,5995.919434,149.137085,42.6105957,152.1806946,0.017209988,4048.729248,3684.343506,0.020180475,77.64556885,155291.1406,77.64556885,0.00029637,72392.35938,6.856580257,19.6486454,325.3501282,932.34375,108,070801030301,191.7476807
201,F070801030301_508,2866.625032,414783.5845,102.4515457,17006.95703,29725.29102,346.2862244,4036.59082,100.4025116,28.68643188,102.4515457,0.011586159,2541.698486,2312.945557,0.012668834,111.9960327,223992.0781,111.9960327,0.000427484,46732.25,7.352942944,20.20464706,151.8532104,417.2669983,108,070801030301,129.0889435
202,F070801030301_510,10084.21463,1030720.742,254.588028,42261.61328,75526.07813,860.5075073,10030.76855,249.4962616,71.28464508,254.588028,0.028791148,6316.047852,5747.603516,0.031481691,211.316803,422633.5938,211.316803,0.000806587,117787.6875,7.352910519,20.4933567,199.9917297,557.3985596,108,070801030301,320.7809143
203,F070801030301_517,3987.861639,836571.357,206.6331177,34301.09766,62647.02734,698.4199219,8141.344727,202.5004578,57.8572731,206.6331177,0.023367967,5126.326172,4664.957031,0.025551647,64.80452728,129609.0625,64.80452728,0.000247356,96948.125,7.352929115,20.7822113,529.3009644,1496.008545,108,070801030301,260.3577271
204,F070801030301_526,2538.504309,263976.6318,65.20222473,10823.56934,19768.01367,220.3835144,2568.967773,63.89818192,18.25662231,65.20222473,0.007373665,1617.569824,1471.988525,0.00806261,28.56515503,57130.30859,28.56515503,0.000109032,30591.58203,7.353025436,20.78248596,378.9081116,1070.940552,108,070801030301,82.15480042
205,F070801030301_537,1170.451105,83146.34828,20.53714752,3409.166504,6159.501465,69.41555786,809.1636353,20.12640381,5.750401497,20.53714752,0.002322529,509.4810181,463.6277161,0.002539456,11.39950085,22799.00195,11.39950085,4.35114E-05,9568.667969,7.353241444,20.63868904,299.0627747,839.3936157,108,070801030301,25.87680435
206,F070801030301_543,1560.21767,69602.15661,17.19173241,2853.827637,5380.326172,58.10805511,677.354248,16.84789848,4.81368494,17.19173241,0.001944199,426.5419922,388.1531982,0.002126055,5.100374222,10200.74902,5.100374222,1.94679E-05,8234.154297,7.352323055,21.21367073,559.53302,1614.421631,108,070801030301,21.66158295
207,F070801030301_546,2251.092633,73076.58891,18.04991722,2996.286377,5354.688477,61.0087204,711.166748,17.68891907,5.053977013,18.04991722,0.00204125,480.1848755,436.9682312,0.002393432,12.14957619,24299.15234,12.14957619,4.63744E-05,8350.974609,6.856988907,19.11117172,246.6165314,687.3469849,108,070801030301,22.74289703
208,F070801030301_551,7064.617763,1216655.374,300.5138855,49885.30469,83272.39063,1015.736938,11840.24707,294.5036011,84.14389038,300.5138855,0.033984866,7853.433105,7146.624023,0.039144628,103.053833,206107.6563,103.053833,0.000393352,133157.6875,6.980261326,18.63224983,484.070343,1292.117798,108,070801030301,378.6474915
209,F070801030301_577,2550.042925,292617.4615,72.27651215,11997.90137,22148.41406,244.2946167,2847.69458,70.83097839,20.23742294,72.27651215,0.00817369,1793.08728,1631.709473,0.008937459,21.81640244,43632.80469,21.81640244,8.32723E-05,34146.31641,7.352964401,20.92671394,549.9486694,1565.167114,108,070801030301,91.06840515
210,F070801030301_586,2872.407176,386622.8973,95.49585724,15852.3125,28641.11719,322.776001,3762.536865,93.5859375,26.7388401,95.49585724,0.010799547,2635.226563,2398.056152,0.013135016,51.18208313,102364.1719,51.18208313,0.00019536,44493.42969,6.610484123,18.55395699,309.723877,869.3165283,108,070801030301,120.3247757
211,F070801030301_592,1876.958262,139049.7217,34.34527969,5701.316406,9517.079102,116.0870438,1353.203979,33.65837479,9.616678238,34.34527969,0.003884079,897.5606079,816.7801514,0.004473798,9.903720856,19807.44141,9.903720856,3.78021E-05,15218.39551,6.980233669,18.63218117,575.6741943,1536.634155,108,070801030301,43.27505493
212,F070801030301_607,1719.129669,184578.7091,45.59094238,7568.09668,13970.88867,154.0973816,1796.283081,44.67912292,12.76546383,45.59094238,0.005155842,1131.044678,1029.25061,0.005637576,12.26938725,24538.77344,12.26938725,4.68317E-05,21538.98438,7.353016376,20.92686081,616.8275757,1755.506104,108,070801030301,57.44458771
213,F070801030301_617,575.0912892,11408.99761,2.81802249,467.791748,734.9403076,9.524915695,111.0300827,2.761662006,0.789046288,2.81802249,0.000318688,80.77160645,73.50215912,0.000402598,,,,,1202.732056,6.364326477,16.36322021,,,108,070801030301,3.550708294
214,F070801030301_626,1597.518615,149523.5167,36.9323082,6130.763184,10474.74219,124.8311996,1455.132935,36.19366074,10.34104633,36.9323082,0.004176644,916.2354126,833.774231,0.004566881,52.11914825,104238.2969,52.11914825,0.000198937,16605.50586,7.353025436,19.91606903,117.6297684,318.6066284,108,070801030301,46.53470612
215,F070801030301_632,2142.919121,185660.8259,45.85822296,7612.464844,13454.80078,155.0007935,1806.813965,44.94105911,12.84030247,45.85822296,0.005186068,1265.455322,1151.564331,0.006307532,30.9965992,61993.19531,30.9965992,0.000118313,21067.26563,6.610542297,18.29447556,245.5903168,679.6637573,108,070801030301,57.78136063
216,F070801030301_633,1281.621607,48060.91448,11.87104607,1970.593628,3250.765869,40.12413406,467.7192078,11.63362503,3.323892832,11.87104607,0.001342487,310.2209473,282.3010559,0.001546264,3.86619091,7732.381836,3.86619091,1.47571E-05,5221.359375,6.980468273,18.49571228,509.6990051,1350.5177,108,070801030301,14.95751762
217,F070801030402_71,2031.205425,205840.3633,50.84257126,8439.867188,14419.96973,171.8478851,2003.197266,49.82572174,14.23591995,50.84257126,0.005749744,1328.664917,1209.085083,0.006622594,37.47092056,74941.84375,37.47092056,0.000143025,22859.83594,6.980374813,18.90672302,225.237793,610.0687256,105,070801030402,64.06164551
218,F070801030402_75,3452.772019,577992.9848,142.764267,23698.86914,39559.97656,482.5432129,5624.912109,139.9089813,39.97399521,142.764267,0.016145092,3541.823975,3223.059814,0.017653858,219.784729,439569.4688,219.784729,0.000838909,63258.84375,7.352910042,19.62695313,107.8276443,287.8218384,105,070801030402,179.8829803
219,F070801030402_102,1765.096118,158758.0709,39.21324539,6509.398926,7797.946777,132.5407715,1545.001831,38.42898178,10.97970867,39.21324539,0.004434593,1082.08252,984.6950684,0.005393529,,,,,14307.3457,6.610573292,14.52972221,,,104,070801030402,49.40869141
220,F070801030402_111,1919.542609,132352.1098,32.69097137,5426.701172,5754.919922,110.4954834,1288.024292,32.03715134,9.153471947,32.69097137,0.003696995,811.0192871,738.0275269,0.004042442,6.658133507,13316.26758,6.658133507,2.54138E-05,11181.62109,7.352979183,15.1506834,815.0484009,1679.3927,104,070801030402,41.19062424
221,F070801030402_112,3950.254629,478927.0545,118.2949829,19636.9668,22367.21484,399.8370361,4660.822266,115.9290848,33.12259674,118.2949829,0.013377881,2934.76709,2670.637939,0.014628044,26.65021515,53300.42969,26.65021515,0.000101723,42004.17969,7.352912426,15.72814465,736.8408203,1576.12915,104,070801030402,149.0516815
222,F070801030402_134,1057.839096,24651.00626,6.088798523,1010.74054,1468.862061,20.58013916,239.8986664,5.967022419,1.704863548,6.088798523,0.000688577,168.0174866,152.8959198,0.000837466,,,,,2479.602539,6.610644341,16.21758461,,,105,070801030402,7.671885967
223,F070801030402_142,1544.893315,154451.1591,38.14943695,6332.806641,10073.73926,128.9450989,1503.087769,37.38644791,10.6818428,38.14943695,0.004314288,946.4290161,861.2504272,0.004717378,6.529716492,13059.43359,6.529716492,2.49236E-05,16406.54688,7.353037357,19.04968262,969.8440552,2512.597168,105,070801030402,48.06829071
224,F070801030402_143,1226.767996,73458.7048,18.14430046,3011.953857,4791.183594,61.3277359,714.885437,17.78141403,5.080404282,18.14430046,0.002051924,450.1496887,409.6362305,0.002243725,8.474750519,16949.5,8.474750519,3.23478E-05,7803.137695,7.352752686,19.04894447,355.4032593,920.7513428,105,070801030402,22.86181831
225,F070801030402_171,1544.406814,149598.4799,36.95082474,6133.836914,6625.282715,124.8937912,1455.862549,36.21180725,10.34623051,36.95082474,0.004178738,1019.664551,927.8947144,0.005082413,13.2696209,26539.24219,13.2696209,5.06496E-05,12759.11914,6.610487938,13.75061131,462.246582,961.5285645,104,070801030402,46.5580368
226,F070801030402_180,1243.520927,92678.93096,22.89169502,3800.021484,3283.584473,77.37393188,901.9328003,22.43386078,6.409674644,22.89169502,0.002588803,567.9113159,516.7993164,0.002830696,3.582701206,7165.402344,3.582701206,1.3675E-05,7083.605957,7.352992535,13.70668602,1060.658203,1977.169067,104,070801030402,28.84353638
227,F070801030402_193,1472.327228,88372.50197,21.82800865,3623.449463,4127.240234,73.77867126,860.0235596,21.39144897,6.111842632,21.82800865,0.002468511,541.5285034,492.7909241,0.002699193,4.428092003,8856.183594,4.428092003,1.69018E-05,7750.689453,7.352914333,15.72814941,818.2868652,1750.345215,104,070801030402,27.50329208
228,F070801030402_195,825.0323128,27695.2757,6.840733051,1135.561646,1739.461304,23.1216774,269.5248718,6.703918457,1.915405273,6.840733051,0.000773613,188.7514191,171.7637939,0.000940812,,,,,2875.022949,6.611181736,16.73823547,,,105,070801030402,8.61932373
229,F070801030402_203,3237.601981,486045.7561,120.053299,19928.84766,19568.68945,405.7801514,4730.100098,117.6522293,33.61492538,120.053299,0.013576727,3137.371826,2855.008301,0.015637906,46.0943718,92188.74219,46.0943718,0.00017594,39497.53906,6.980311871,13.83447456,432.3488159,856.8842163,104,070801030402,151.2671509
230,F070801030402_222,1593.087883,158725.3461,39.20516205,6508.057129,5623.588379,132.513443,1544.68335,38.42105865,10.9774456,39.20516205,0.004433679,972.638855,885.1013794,0.004848018,12.90240383,25804.80664,12.90240383,4.92479E-05,12131.64551,7.352894783,13.70650387,504.4065552,940.2624512,104,070801030402,49.39850616
231,F070801030402_223,1554.440406,152326.5363,37.62465286,6245.692383,9567.196289,127.1713257,1482.411377,36.87215805,10.53490257,37.62465286,0.00425494,1038.259277,944.815918,0.005175096,5.087632656,10175.26563,5.087632656,1.94193E-05,15812.88867,6.610486031,16.73647499,1227.622559,3108.103516,104,070801030402,47.40705872
232,F070801030402_227,1012.454578,45047.90285,11.12683201,1847.054077,2575.416504,37.60869217,438.3971863,10.90429497,3.115512848,11.12683201,0.001258324,290.7716064,264.6021729,0.001449321,21.12638283,42252.76563,21.12638283,8.06385E-05,4422.470703,6.980494976,16.71365929,87.42878723,209.3340302,105,070801030402,14.01980782
233,F070801030402_237,2883.870331,400894.083,99.02083588,16437.45898,16786.01172,334.6904297,3901.420898,97.04042053,27.72583389,99.02083588,0.011198184,2456.592285,2235.499023,0.012244632,19.75925255,39518.50781,19.75925255,7.54202E-05,33223.46875,7.352926254,14.86176872,831.8866577,1681.413208,104,070801030402,124.7662506
234,F070801030402_240,2376.9078,293544.6245,72.50552368,12035.91699,19618.54492,245.0686646,2856.717529,71.05541229,20.3015461,72.50552368,0.008199589,1798.785156,1636.894531,0.00896586,18.51810455,37036.21094,18.51810455,7.06828E-05,31654.46094,7.352897167,19.33811951,649.9540405,1709.37915,104,070801030402,91.35695648
235,F070801030402_248,2052.245048,221089.2707,54.60905075,9065.102539,9791.404297,184.578598,2151.59668,53.51686859,15.29053402,54.60905075,0.006175692,1354.808228,1232.875488,0.006752902,11.61133194,23222.66406,11.61133194,4.432E-05,18856.50781,7.352812767,15.29473782,780.7116699,1623.974609,104,070801030402,68.80740356
236,F070801030402_253,641.6978105,11728.28496,2.896886349,480.8831482,708.2889404,9.79147625,114.1373215,2.838948727,0.811128199,2.896886349,0.000327606,79.95450592,72.75859833,0.000398525,,,,,1189.172119,6.609296322,16.34407616,,,105,070801030402,3.650076866
237,F070801030402_258,4070.259531,609085.191,150.444046,24973.71094,40707.14844,508.500885,5927.495605,147.4351654,42.12433243,150.444046,0.017013593,3732.329102,3396.419434,0.018603411,63.57513428,127150.2656,63.57513428,0.000242664,65680.85938,7.35295248,19.33826447,392.821991,1033.121826,104,070801030402,189.559494
238,F070801030402_271,601.3793791,22823.01699,5.637285233,935.7893677,1525.336182,19.05402374,222.1090393,5.524539471,1.578439832,5.637285233,0.000637516,155.5759277,141.5740967,0.000775452,,,,,2461.125488,6.609890938,17.38401031,,,105,070801030402,7.102979183
239,F070801030402_278,1725.638742,182725.5631,45.13321304,7492.113281,5885.371582,152.5502625,1778.248535,44.23054886,12.63729954,45.13321304,0.005104078,1179.493408,1073.338989,0.005879064,27.20963669,54419.27344,27.20963669,0.000103858,13377.48438,6.980193138,12.46342945,275.3477783,491.6450806,104,070801030402,56.86784744
240,F070801030402_290,2541.603269,279841.0211,69.12073517,11474.04199,18252.01953,233.6280823,2723.356934,67.7383194,19.35380554,69.12073517,0.007816806,1714.789429,1560.458374,0.008547192,107.8840866,215768.1719,107.8840866,0.000411789,29726.0625,7.352994442,19.04957008,106.355278,275.5370483,105,070801030402,87.09212494
241,F070801030402_303,2268.435231,288384.3582,71.23093414,11824.33496,17648.17773,240.7605591,2806.498779,69.80631256,19.94466209,71.23093414,0.008055447,1895.062988,1724.507324,0.009445746,17.94936752,35898.73828,17.94936752,6.8512E-05,29472.51172,6.856645107,17.09039497,658.7605591,1641.980469,104,070801030402,89.75097656
242,F070801030402_380,571.3513331,12812.1621,3.164603949,525.3242798,794.3790894,10.69636154,124.6853943,3.101311922,0.886089087,3.164603949,0.000357882,74.5135498,67.80732727,0.000371405,,,,,1319.703369,7.747308254,19.4625473,,,105,070801030402,3.987401009
243,F070801030402_419,524.123456,14173.04278,3.500741482,581.1231079,627.6831055,11.83250618,137.9292145,3.430726767,0.980207622,3.500741482,0.000395896,96.59057617,87.89742279,0.000481446,,,,,1208.806152,6.611378193,13.75246429,,,105,070801030402,4.410934448
244,F070801030402_420,1144.452313,67931.45587,16.7790699,2785.325684,4211.882324,56.71325684,661.0953369,16.44348907,4.698139668,16.7790699,0.001897531,463.0121765,421.341095,0.002307837,2.379948139,4759.895996,2.379948139,9.08416E-06,6997.208008,6.610619545,16.60699081,1170.330444,2940.067383,105,070801030402,21.14162827
245,F070801030402_432,577.8375135,18578.60366,4.588914871,761.7598877,1286.548096,15.51053238,180.8032532,4.497136593,1.284896135,4.588914871,0.000518957,126.6415024,115.2437668,0.000631232,,,,,2048.308105,6.609987736,17.77369881,,,105,070801030402,5.782032967
246,F070801030402_444,967.7086836,43655.75033,10.78297043,1789.973145,2777.045898,36.44644165,424.8490295,10.56731129,3.019231796,10.78297043,0.001219437,281.8148804,256.4515381,0.001404677,3.442867994,6885.736328,3.442867994,1.31413E-05,4567.019043,6.979771614,17.80850792,519.9075928,1326.515869,105,070801030402,13.58654308
247,F070801030402_445,1566.902563,70283.99181,17.36014557,2881.78418,4697.308594,58.67729187,683.9897461,17.01294327,4.860840797,17.36014557,0.001963244,430.6607361,391.9012756,0.002146584,3.218161821,6436.32373,3.218161821,1.22836E-05,7579.092773,7.353342056,19.33929062,895.4752197,2355.099854,105,070801030402,21.87378311
248,F070801030402_458,434.8084828,11320.38404,2.796134949,464.1583862,720.1162109,9.450936317,110.167717,2.740212202,0.782917798,2.796134949,0.000316213,77.15927124,70.2149353,0.000384592,,,,,1184.274658,6.610536575,16.86642075,,,105,070801030402,3.52312994
249,F070801030402_459,807.6072163,18931.50058,4.676080704,776.2293701,1204.277344,15.80515289,184.2375793,4.582559109,1.309302568,4.676080704,0.000528814,129.0186615,117.4069824,0.00064308,,,,,1980.506714,6.611441135,16.86873055,,,105,070801030402,5.891861916
250,F070801030402_467,1335.11219,76880.81291,18.98956108,3152.26709,5323.914063,64.18471527,748.1887207,18.60976982,5.31707716,18.98956108,0.002147514,471.1023865,428.703186,0.002348162,4.052425385,8104.850586,4.052425385,1.54679E-05,8476.181641,7.353029251,19.77167892,777.8717041,2091.631836,104,070801030402,23.92684746
251,F070801030402_478,902.7490078,21534.74528,5.31908226,882.9676514,1127.113159,17.97849846,209.5718384,5.212700844,1.489343047,5.31908226,0.000601531,146.7731018,133.5635223,0.000731575,,,,,2010.080811,6.610844135,15.04962444,,,105,070801030402,6.70204401
252,F070801030402_487,2837.586047,211844.9988,52.32571411,8686.068359,9211.418945,176.8609161,2061.633057,51.27920151,14.65120029,52.32571411,0.005917471,1392.131348,1266.839478,0.006938935,6.215264797,12430.5293,6.215264797,2.37234E-05,17897.48828,6.856486797,14.12766838,1397.537964,2879.601807,104,070801030402,65.93040466
253,F070801030402_498,989.5194139,46834.95159,11.56823349,1920.326782,2451.308594,39.1006279,455.7883911,11.33686924,3.239105463,11.56823349,0.001308242,302.320282,275.1114502,0.001506884,3.732751369,7465.50293,3.732751369,1.42478E-05,4371.635254,6.980177402,15.89041519,514.4534302,1171.15625,104,070801030402,14.57597446
254,F070801030402_504,1749.088766,146757.6499,36.24913788,6017.356934,8744.740234,122.5220871,1428.216064,35.52415466,10.14975834,36.24913788,0.004099385,899.2907715,818.3546143,0.004482422,9.290100098,18580.20117,9.290100098,3.54599E-05,14762.09766,7.352994442,18.03875351,647.7171021,1589.013794,104,070801030402,45.67391205
255,F070801030402_529,1537.851811,114438.281,28.26625633,4692.19873,6266.062988,95.53994751,1113.690552,27.70093155,7.914551735,28.26625633,0.003196607,701.2758179,638.1610107,0.003495437,45.3862381,90772.47656,45.3862381,0.000173237,10958.26172,7.352687836,17.17162514,103.3837357,241.4445953,105,070801030402,35.61548233
256,F070801030402_537,485.7346144,15474.74245,3.822261333,634.4953613,971.9244995,12.91924286,150.5970917,3.745815992,1.070233226,3.822261333,0.000432256,105.487854,95.99394989,0.000525793,,,,,1606.419922,6.609743118,16.73459625,,,105,070801030402,4.816049099
257,F070801030302_1,3096.651424,526412.0778,130.0237885,21583.94922,37725.10156,439.4804077,5122.9375,127.4233093,36.40666199,130.0237885,0.014704281,3459.206055,3147.877441,0.017242057,71.98287201,143965.75,71.98287201,0.000274756,59309.05078,6.856667519,18.84096527,299.8483887,823.9328003,108,070801030302,163.8299713
258,F070801030302_4,2220.91926,242466.2808,59.8891716,9941.602539,17961.96094,202.4253998,2359.633301,58.69138718,16.76896858,59.8891716,0.006772817,1485.759033,1352.040771,0.007405614,26.60442352,53208.84766,26.60442352,0.000101548,27903.5625,7.353034496,20.6381073,373.682312,1048.831665,108,070801030302,75.46035767
259,F070801030302_16,2721.507044,376343.9698,92.95696259,15430.85547,22424.9375,314.194519,3662.504395,91.0978241,26.02795029,92.95696259,0.010512426,2306.144775,2098.591797,0.011494742,185.3945007,370789,185.3945007,0.000707643,37855.79297,7.352957249,18.03866386,83.23254395,204.1904907,108,070801030302,117.1257782
260,F070801030302_21,1938.065797,172424.116,42.58875656,7069.733398,9302.236328,143.9499969,1677.996948,41.73698044,11.92485142,42.58875656,0.004816327,1056.574097,961.4824219,0.005266385,77.7848053,155569.6094,77.7848053,0.000296901,16371.96973,7.35295105,17.02784157,90.88835907,210.4777374,108,070801030302,53.6618309
261,F070801030302_38,1404.487105,91869.50661,22.69176865,3766.833496,5991.987793,76.69818115,894.0556641,22.23793411,6.353695393,22.69176865,0.002566193,675.8015137,614.9793701,0.003368463,8.930853844,17861.70703,8.930853844,3.40887E-05,9758.821289,6.125137806,15.86853409,421.7775269,1092.708618,108,070801030302,28.59162903
262,F070801030302_39,1854.545207,86414.48821,21.34437943,3543.166992,5357.865234,72.14400482,840.9685669,20.91749191,5.976426125,21.34437943,0.002413818,635.6956787,578.4830933,0.00316856,8.716725349,17433.45117,8.716725349,3.32714E-05,8901.032227,6.124927521,15.3868494,406.479126,1021.144043,108,070801030302,26.89391708
263,F070801030302_41,2640.512306,205832.4232,50.84060669,8439.541016,14750.89453,171.8412476,2003.119873,49.82379532,14.23536968,50.84060669,0.005749522,1434.781616,1305.651245,0.007151521,25.73643303,51472.86719,25.73643303,9.82349E-05,23190.43555,6.463855743,17.76158524,327.921936,901.0742188,108,070801030302,64.05916595
264,F070801030302_47,2361.537195,305100.327,75.35977936,12509.72363,22847.57813,254.7160492,2969.175293,73.85258484,21.10073853,75.35977936,0.008522375,2226.907471,2026.48584,0.011099791,34.74032593,69480.65625,34.74032593,0.000132602,35357.30078,6.173111916,17.44759369,360.0922852,1017.759644,108,070801030302,94.95332336
265,F070801030302_51,2186.576484,223087.7032,55.10266113,9147.041992,15448.58301,186.246994,2171.044922,54.00060654,15.42874527,55.10266113,0.006231514,1367.042358,1244.008545,0.006813882,51.24348068,102486.9609,51.24348068,0.000195594,24595.625,7.35287714,19.77126694,178.5015717,479.9756775,108,070801030302,69.42935181
266,F070801030302_74,3198.122304,477859.9755,118.0314102,19593.21484,34680.36328,398.946167,4650.4375,115.670784,33.04879379,118.0314102,0.013348074,3257.066162,2963.930176,0.016234512,96.74839783,193496.7969,96.74839783,0.000369285,54273.57813,6.610552311,18.31135559,202.5171967,560.9765015,108,070801030605,148.719574
267,F070801030302_87,2283.401525,294328.9918,72.69926453,12068.07813,21329.96484,245.7235107,2864.351074,71.2452774,20.35579491,72.69926453,0.0082215,2006.12439,1825.573242,0.009999321,32.16957855,64339.16016,32.16957855,0.00012279,33398.04297,6.610569,18.29455185,375.1394653,1038.187134,108,070801030302,91.60107422
268,F070801030302_104,1150.206199,73606.32231,18.18076134,3018.006348,5452.772949,61.45097351,716.3220215,17.8171463,5.090613365,18.18076134,0.002056047,451.0317078,410.4388428,0.002248121,9.720284462,19440.56836,9.720284462,3.71019E-05,8470.779297,7.353120804,20.63834763,310.4853821,871.4538574,108,070801030302,22.90776062
269,F070801030302_108,1547.829943,155005.9537,38.28647232,6355.554199,11233.25098,129.4082794,1508.487061,37.52074432,10.72021198,38.28647232,0.004329785,1056.527588,961.4401245,0.005266153,28.27813911,56556.28125,28.27813911,0.000107936,17588.80469,6.610452652,18.2942276,224.7514954,621.992981,108,070801030302,48.24095535
270,F070801030302_115,3731.556771,671572.5928,165.8784332,27535.82031,44342.62109,560.6691284,6535.610352,162.5608673,46.445961,165.8784332,0.018759053,4681.314941,4259.996582,0.023333533,106.4842758,212968.5469,106.4842758,0.000406446,71878.4375,6.463812828,16.87288666,258.5904846,675.0145874,108,070801030302,209.0068359
271,F070801030302_129,1053.38757,51023.56708,12.60282135,2092.068359,3903.094482,42.59753799,496.5511475,12.35076523,3.528789997,12.60282135,0.001425243,347.7634277,316.4647217,0.001733391,,,,,5995.163086,6.610747337,18.94417572,,,108,070801030302,15.87955475
272,F070801030302_134,2294.247472,303213.5082,74.89373779,12432.36035,23194.58984,253.1408386,2950.813232,73.39586639,20.97024727,74.89373779,0.00846967,1858.044556,1690.820557,0.009261232,48.20563126,96411.25781,48.20563126,0.000183999,35626.94922,7.352856159,21.0708046,257.9026489,739.0619507,108,070801030302,94.36611176
273,F070801030302_146,1457.407916,94543.95687,23.35235786,3876.491455,7079.969727,78.93096924,920.0828857,22.88531113,6.538660049,23.35235786,0.002640899,690.0852051,627.9775391,0.003439659,30.38814545,60776.28906,30.38814545,0.00011599,10956.46094,6.172977924,17.44721794,127.5659103,360.5505066,108,070801030302,29.42397118
274,F070801030302_155,1016.364193,44998.35809,11.11459446,1845.022705,2934.919678,37.56732941,437.9150085,10.89230251,3.112086535,11.11459446,0.00125694,331.0194702,301.2277222,0.001649933,16.36760712,32735.2168,16.36760712,6.24745E-05,4779.942383,6.125009537,15.86820221,112.7240372,292.0367126,108,070801030302,14.00438881
275,F070801030302_171,2163.176874,225805.8317,55.77404022,9258.490234,16909.57422,188.5162506,2197.49707,54.65855789,15.61673164,55.77404022,0.00630744,1383.689087,1259.157104,0.006896856,30.61984634,61239.69141,30.61984634,0.000116875,26168.06445,7.352927208,20.78220749,302.368927,854.6112061,108,070801030302,70.27529144
276,F070801030302_188,4673.069529,489266.8487,120.8489151,20060.91992,32699.29883,408.4693298,4761.447266,118.4319382,33.83769608,120.8489151,0.013666703,3334.838379,3034.702881,0.01662216,24.43230247,48864.60156,24.43230247,9.32571E-05,52760.21875,6.610505581,17.38562965,821.0818481,2159.445313,108,070801030302,152.2696381
277,F070801030302_204,2781.815785,292619.7206,72.27706909,11997.99316,14608.6416,244.2964935,2847.716553,70.83152771,20.23757935,72.27706909,0.008173754,1793.093872,1631.715454,0.008937492,207.9995575,415999.0938,207.9995575,0.000793925,26606.63477,7.352993488,16.30592728,57.68278122,127.9167862,108,070801030302,91.06910706
278,F070801030303_1,1419.773592,88638.95055,21.89382172,3634.374512,6280.899414,74.00111389,862.6165771,21.45594597,6.130270004,21.89382172,0.002475954,627.3452759,570.8842163,0.003126938,5.275748253,10551.49609,5.275748253,2.01373E-05,9915.273438,6.366219997,17.36827469,688.8832397,1879.406128,108,070801030303,27.58621597
279,F070801030303_15,2382.927541,313408.4882,77.41189575,12850.375,23217.375,261.6522217,3050.028809,75.86365509,21.67533112,77.41189575,0.008754447,1920.486084,1747.642334,0.009572465,16.00153732,32003.07617,16.00153732,6.10772E-05,36067.75,7.352977753,20.63794708,803.0712891,2254.017822,108,070801030303,97.53898621
280,F070801030303_39,5199.687085,604039.6424,149.1977844,24766.83203,42315.47656,504.2885132,5878.392578,146.2138214,41.77537918,149.1977844,0.016872654,4210.553223,3831.603516,0.020987069,216.4588013,432917.5938,216.4588013,0.000826214,67082.3125,6.463829517,17.50763321,114.4182281,309.9079895,108,070801030303,187.9891968
281,F070801030303_40,2034.821516,232291.3663,57.37596893,9524.411133,17582.29102,193.9307709,2260.613281,56.22845078,16.06527138,57.37596893,0.0064886,1619.20874,1473.47998,0.00807078,39.48592758,78971.85938,39.48592758,0.000150716,27106.70313,6.463889122,18.39638329,241.2102661,686.4902344,108,070801030303,72.29372406
282,F070801030303_42,2216.553678,251798.4039,62.19420624,10324.23828,16220.24805,210.2164154,2450.45166,60.9503212,17.41437721,62.19420624,0.007033491,1542.988892,1404.119873,0.007690869,122.4351349,244870.2656,122.4351349,0.00046733,26544.48633,7.352818489,18.90471458,84.32415009,216.8044891,108,070801030303,78.36470032
283,F070801030303_59,1981.032222,221155.3364,54.62536621,9067.810547,14602.45313,184.6337433,2152.239502,53.5328598,15.29510212,54.62536621,0.006177537,1507.3927,1371.727417,0.007513444,17.52722931,35054.45703,17.52722931,6.69007E-05,23670.26367,6.610504627,17.25580788,517.3555908,1350.485229,108,070801030303,68.82796478
284,F070801030303_65,3736.259285,414153.0841,102.2958145,16981.10547,31014.04492,345.7598572,4030.455078,100.2499008,28.64282799,102.2958145,0.011568548,2886.925537,2627.102295,0.014389584,62.72109985,125442.2031,62.72109985,0.000239404,47995.14844,6.463815689,18.26923561,270.7399292,765.215332,108,070801030303,128.8927307
285,F070801030303_94,2796.581445,399028.1571,98.55995178,16360.95215,28274.88086,333.1326294,3883.262207,96.58875275,27.5967865,98.55995178,0.011146063,2781.485352,2531.151611,0.013864027,98.00740814,196014.8281,98.00740814,0.00037409,44635.83203,6.463837147,17.63459396,166.9358673,455.4332581,108,070801030303,124.1855392
286,F070801030303_102,2165.677708,178403.5268,44.06567001,7314.901367,9481.169922,148.9419708,1736.187378,43.18435669,12.33838749,44.06567001,0.00498335,1172.343018,1066.832153,0.005843423,30.06917953,60138.35938,30.06917953,0.000114773,16796.07031,6.856656075,15.7438736,243.2690735,558.5809326,108,070801030303,55.52274323
287,F070801030303_111,3989.89503,543623.0323,134.2748871,22289.63086,31079.26953,453.8491211,5290.430664,131.589386,37.5969696,134.2748871,0.015185035,3331.216797,3031.407227,0.016604107,368.5648499,737129.75,368.5648499,0.001406796,53368.89844,7.352899075,17.60532188,60.4768219,144.8019257,108,070801030303,169.1863556
288,F070801030303_155,3597.22831,275257.4322,67.98858643,11286.10547,18174.70898,229.8014221,2678.750244,66.6288147,19.0368042,67.98858643,0.007688772,1686.699219,1534.89624,0.008407178,88.57491302,177149.8281,88.57491302,0.000338087,29460.81445,7.353008747,19.19400978,127.4187622,332.6090088,108,070801030303,85.6656189
289,F070801030303_221,1468.287017,114807.6534,28.35749054,4707.343262,7303.187988,95.84832001,1117.285156,27.79034042,7.940097332,28.35749054,0.003206925,703.5197144,640.2029419,0.003506622,9.6102314,19220.46289,9.6102314,3.66818E-05,12010.53125,7.352892399,18.76050568,489.8262024,1249.765015,108,070801030303,35.73043823
290,F070801030303_222,1622.045764,144249.6893,35.629673,5914.525879,9059.913086,120.4282913,1403.809082,34.91707993,9.976308823,35.629673,0.00402933,883.9284668,804.3748779,0.004405851,6.946824074,13893.64746,6.946824074,2.65157E-05,14974.43945,7.352947235,18.61624527,851.3999634,2155.580566,108,070801030303,44.89338684
291,F070801030303_231,2601.740013,399067.445,98.56965637,16362.5625,27956.32617,333.1654358,3883.644531,96.5982666,27.59950447,98.56965637,0.01114716,2575.963867,2344.127197,0.012839627,47.99227524,95984.54688,47.99227524,0.000183184,44318.89063,6.98023653,18.90635109,340.9415894,923.4588623,108,070801030303,124.1977692
292,F070801030303_241,2421.171411,326881.7235,80.73978424,13402.80371,22899.41992,272.9004822,3181.147461,79.12498474,22.60713959,80.73978424,0.009130795,2003.081055,1822.803711,0.009984151,92.30149078,184602.9844,92.30149078,0.000352311,36302.22266,7.352850914,19.91559601,145.2068024,393.3005066,108,070801030303,101.7321243
293,F070801030303_249,3252.536876,610311.2433,150.7468719,25023.98047,45212.00781,509.5244141,5939.426758,147.7319336,42.20912552,150.7468719,0.017047837,3739.866699,3403.278809,0.018640982,32.15293121,64305.86719,32.15293121,0.000122726,70235.98438,7.352903366,20.63774109,778.2799072,2184.434814,108,070801030303,189.9410553
294,F070801030303_260,1594.51215,103646.316,25.60063934,4249.706055,7761.600586,86.530159,1008.665161,25.08862686,7.168179035,25.60063934,0.002895155,635.1194458,577.9586792,0.003165687,4.927619457,9855.239258,4.927619457,1.88085E-05,12011.30664,7.352958202,20.78229332,862.4257813,2437.547607,108,070801030303,32.25680542
295,F070801030303_286,663.7492048,18555.50271,4.583209038,760.8126831,1165.418335,15.49124622,180.5784302,4.491544724,1.283298492,4.583209038,0.000518311,129.352417,117.710701,0.000644744,22.62255669,45245.11328,22.62255669,8.63493E-05,1926.230957,6.463411331,16.36411095,33.6307106,85.14647675,108,070801030303,5.774843216
296,F070801030303_298,2482.0258,350185.0319,86.49570465,14358.28711,26223.76563,292.3554688,3407.930664,84.76579285,24.21879768,86.49570465,0.009781728,2145.860107,1952.732666,0.010695819,52.06900024,104138,52.06900024,0.000198745,40582.05469,7.352920055,20.78218651,275.7550049,779.3899536,108,070801030303,108.9845886
297,F070801030303_320,1468.51885,85860.23371,21.20747757,3520.441162,3387.682373,71.68127441,835.574646,20.7833271,5.938093662,21.20747757,0.002398336,526.128418,478.7768555,0.002622433,19.00637245,38012.74219,19.00637245,7.25465E-05,6908.123535,7.352989674,14.42869186,185.2242584,363.4635315,108,070801030303,26.72142029
298,F070801030303_329,1202.113358,79779.95996,19.70565033,3271.137939,5781.636719,66.60509491,776.4026489,19.31153679,5.51758194,19.70565033,0.002228496,514.9660034,468.6190491,0.002566795,26.54343224,53086.86328,26.54343224,0.000101315,9052.774414,6.980377674,19.31798172,123.2371902,341.0551453,108,070801030303,24.82911873
299,F070801030303_389,1091.523582,44671.08607,11.03375816,1831.603882,3129.394775,37.29410172,434.730072,10.8130827,3.089452267,11.03375816,0.001247799,304.4456482,277.0455322,0.001517478,6.487864017,12975.72754,6.487864017,2.47639E-05,4960.998535,6.611201763,17.90679932,282.3123169,764.6582031,108,070801030303,13.90253448
300,F070801030303_393,2198.366867,239898.99,59.25505066,9836.338867,17578.60547,200.282074,2334.648926,58.0699501,16.5914135,59.25505066,0.006701104,1470.045044,1337.740967,0.007327288,47.8093071,95618.61719,47.8093071,0.000182486,27414.94531,7.352947235,20.49346352,205.7410889,573.4227905,108,070801030303,74.66136169
301,F070801030303_410,1997.313919,236332.6058,58.37415314,9690.109375,14653.07813,197.3046417,2299.94165,57.20666885,16.3447628,58.37415314,0.006601484,1738.531372,1582.063599,0.008665531,21.40174103,42803.48047,21.40174103,8.16895E-05,24343.1875,6.124980927,15.38698387,452.7720032,1137.439575,108,070801030303,73.55142975
302,F070801030303_424,3204.490163,482965.3253,119.2924347,19802.54492,34611.50781,403.2084351,4700.12207,116.9065857,33.40188217,119.2924347,0.013490682,2959.518799,2693.162109,0.014751418,31.08340836,62166.81641,31.08340836,0.000118644,54414.05469,7.352897644,20.20452309,637.0776367,1750.582031,108,070801030303,150.3084717
303,F070801030303_426,2394.803277,238905.6454,59.00969315,9795.609375,17121.07227,199.4527588,2324.981934,57.82949829,16.52271461,59.00969315,0.006673357,1463.982544,1332.224121,0.007297071,59.16437912,118328.7578,59.16437912,0.000225828,26916.68164,7.352823734,20.204319,165.5659943,454.9474182,108,070801030303,74.352211
304,F070801030303_430,2131.621456,133688.6571,33.02109909,5481.502441,9796.039063,111.6113129,1301.03125,32.36067581,9.245907784,33.02109909,0.003734329,931.9050293,848.0335693,0.004644985,42.26983643,84539.67188,42.26983643,0.000161342,15277.54102,6.463779926,18.01525497,129.6788177,361.4289246,108,070801030303,41.60658264
305,F070801030303_432,3648.630592,303460.7606,74.9548111,12442.49902,20036.91992,253.3472595,2953.219482,73.45571136,20.98734665,74.9548111,0.008476577,2232.310547,2031.402588,0.011126722,47.4042244,94808.44531,47.4042244,0.00018094,32479.41797,6.125077724,15.98866653,262.476593,685.1587524,108,070801030303,94.4430542
306,F070801030303_479,1554.722294,154650.3832,38.19864655,6340.975098,6350.90625,129.1114197,1505.026733,37.43467331,10.69562149,38.19864655,0.004319853,947.6743774,862.383667,0.004723585,13.79168987,27583.37891,13.79168987,5.26423E-05,12691.88086,7.352847099,14.71720886,459.7678223,920.2556763,108,070801030303,48.1302948
307,F070801030303_483,477.2428115,12238.56923,3.022926569,501.8058167,581.4294434,10.2174921,119.1033096,2.962468147,0.846419454,3.022926569,0.00034186,80.41145325,73.17442322,0.000400803,,,,,1083.235229,6.857666969,14.80346775,,,108,070801030303,3.808887482
308,F070801030303_484,905.0982381,50111.03642,12.37742615,2054.652832,2703.477783,41.83570099,487.6705933,12.12987804,3.465679407,12.37742615,0.001399753,329.3015137,299.6643677,0.00164137,2.64751339,5295.026855,2.64751339,1.01054E-05,4758.130859,6.8565135,15.87820053,776.0689087,1797.20752,108,070801030303,15.59555721
309,F070801030303_501,2035.354611,158161.8441,39.06597519,6484.95166,9169.566406,132.0429993,1539.199463,38.28465652,10.93847275,39.06597519,0.004417939,1119.365845,1018.622925,0.005579364,14.9682045,29936.4082,14.9682045,5.7133E-05,15654.51758,6.366390705,15.36831474,433.2484741,1045.85144,108,070801030303,49.22312927
310,F070801030303_535,1644.376408,119881.2823,29.61067581,4915.37207,8977.366211,100.0840836,1166.660645,29.01846313,8.290988922,29.61067581,0.003348647,787.7767944,716.8768921,0.003926592,7.641801834,15283.60352,7.641801834,2.91684E-05,13892.73828,6.856647491,19.37953186,643.2216187,1817.992432,108,070801030303,37.30945206
311,F070801030303_564,1673.004929,86467.00235,21.3573494,3545.320068,5778.87207,72.18784332,841.4795532,20.93020248,5.980057716,21.3573494,0.002415285,602.7477417,548.5004272,0.003004334,38.48343277,76966.86719,38.48343277,0.00014689,9324.192383,6.463659763,16.99942589,92.12587738,242.2910767,108,070801030303,26.91025925
312,F070801030303_578,1262.557852,80397.47234,19.85817528,3296.457031,3884.259521,67.12063599,782.4121094,19.46101189,5.560288906,19.85817528,0.002245744,492.6782227,448.3371887,0.002455704,13.1050148,26210.03125,13.1050148,5.00213E-05,7180.716797,7.352629185,16.01633072,251.5416412,547.9365845,108,070801030303,25.02130127
313,F070801030303_579,1581.487532,132624.68,32.75829697,5437.877441,8222.987305,110.7230453,1290.67688,32.10313034,9.172323227,32.75829697,0.003704608,812.7189941,739.5742798,0.004050914,11.93436813,23868.73633,11.93436813,4.5553E-05,13660.86523,7.352713108,18.47125435,455.6485291,1144.666016,108,070801030303,41.27545166
314,F070801030303_596,1845.829525,108148.1109,26.71258354,4434.289063,6792.475586,90.28853607,1052.47583,26.17833138,7.479523182,26.71258354,0.003020904,662.7261353,603.0808105,0.00330329,8.496032715,16992.06641,8.496032715,3.2429E-05,11226.76465,7.35272789,18.61568832,521.9246826,1321.412598,108,070801030303,33.65785599
315,F070801030303_627,2562.326246,264463.2232,65.32241821,10843.52148,16610.18359,220.7897797,2573.703369,64.01596832,18.29027748,65.32241821,0.007387258,1620.551758,1474.702148,0.008077474,18.60808754,37216.17578,18.60808754,7.10263E-05,27453.70508,7.35302496,18.61643982,582.7316284,1475.364136,108,070801030301,82.3062439
316,F070801030303_649,2053.575935,246485.021,60.88180161,10106.37891,14091.70215,205.7804871,2398.74292,59.6641655,17.04690361,60.88180161,0.006885072,1718.177124,1563.541138,0.008564077,152.2252197,304450.4375,152.2252197,0.000581037,24198.08203,6.463775635,15.47646046,66.39096069,158.9623718,108,070801030303,76.7110672
317,F070801030303_655,3103.931571,543304.2189,134.1961365,22276.55859,41560.54297,453.5829468,5287.327637,131.512207,37.57491684,134.1961365,0.01517613,3570.209961,3248.891113,0.017795345,51.70515823,103410.3203,51.70515823,0.000197356,63837.10156,6.856665134,19.64888954,430.8382263,1234.636963,108,070801030303,169.0871277
318,F070801030303_657,3135.689076,449951.4534,111.1380081,18448.91016,33332.51172,375.6464539,4378.837402,108.9152451,31.11864281,111.1380081,0.012568505,2757.18042,2509.03418,0.013742883,109.8833694,219766.7344,109.8833694,0.00041942,51781.42188,7.352992535,20.63798904,167.8953857,471.2398376,108,070801030303,140.0338898
319,F070801030303_701,1527.326934,68925.34466,17.02456093,2826.077148,5050.505859,57.54301453,670.7677002,16.68407059,4.766877174,17.02456093,0.001925293,422.3609009,384.3484192,0.002105214,17.24925995,34498.51953,17.24925995,6.58397E-05,7876.583008,7.35290432,20.49333954,163.8375854,456.6330872,108,070801030303,21.45094681
320,F070801030303_719,2021.744085,171461.4296,42.35097122,7030.26123,25706.38477,143.146286,1668.628296,41.50395203,11.8582716,42.35097122,0.004789436,1050.679565,956.1184082,0.005237004,8.842392921,17684.78711,8.842392921,3.3751E-05,32736.64648,7.352919102,34.23911285,795.0632324,3702.238281,108,070801030303,53.36222458
321,F070801030303_722,2376.475072,312660.3851,77.22711182,12819.7002,21651.39453,261.0276489,3042.748291,75.68257141,21.62359047,77.22711182,0.00873355,1915.891724,1743.461426,0.009549565,16.83855629,33677.11328,16.83855629,6.42721E-05,34471.09375,7.353016376,19.77164078,761.3301392,2047.152588,108,070801030303,97.30615997
322,F070801030303_726,2783.654662,474944.0591,117.3111801,19473.65625,35754.07422,396.5117798,4622.060547,114.9649582,32.84712982,117.3111801,0.013266624,2910.370361,2648.437012,0.014506442,58.26822281,116536.4453,58.26822281,0.000222407,55227.73047,7.3528862,20.85295296,334.2071533,947.8190308,108,070801030303,147.812088
323,F070801030303_732,593.6552857,12531.49743,3.095279932,513.8164673,857.7018433,10.46204662,121.9540329,3.03337431,0.866678357,3.095279932,0.000350043,72.84868622,66.29230499,0.000363107,0.603779018,1207.558105,0.603779018,2.3046E-06,1371.518311,7.750771046,20.68895149,851.0008545,2271.556641,108,070801030303,3.900052547
324,F070801030303_737,3195.229948,638322.2069,157.6655884,26172.48828,45745.09375,532.909668,6212.024414,154.5122833,44.14636612,157.6655884,0.017830269,3911.492188,3559.458008,0.019496432,170.9615936,341923.1875,170.9615936,0.000652553,71917.57813,7.35294199,20.20464325,153.0898743,420.6651001,108,070801030303,198.6586456
325,F070801030303_738,2783.386471,471275.8087,116.4051285,19323.25195,33014.82422,393.4493408,4586.362305,114.0770264,32.59343719,116.4051285,0.013164159,2887.88916,2627.979248,0.014394388,74.24368286,148487.3594,74.24368286,0.000283385,52338.07813,7.352893829,19.91571236,260.2679749,704.9498901,108,070801030303,146.6704712
326,F070801030303_747,2548.272203,299827.9085,74.05749512,12293.54395,23177.03125,250.3143311,2917.865234,72.57634735,20.73609924,74.05749512,0.008375101,2043.635986,1859.70874,0.010186293,33.25909042,66518.17969,33.25909042,0.000126949,35470.57422,6.610467434,19.07318878,369.6295776,1066.492554,108,070801030303,93.31244659
327,F070801030303_757,2193.0443,204189.8136,50.43488312,8372.19043,14468.75879,170.4699097,1987.134399,49.42618561,14.12176704,50.43488312,0.005703639,1251.213623,1138.60437,0.006236546,11.12410164,22248.20313,11.12410164,4.24602E-05,22840.94922,7.353028774,20.06047821,752.6172485,2053.284912,108,070801030303,63.54795074
328,F070801030303_758,2102.609087,204969.9968,50.62759018,8404.179688,15349.27148,171.1212616,1994.727051,49.61503983,14.17572498,50.62759018,0.005725432,1256.002686,1142.962402,0.006260416,12.98975277,25979.50586,12.98975277,4.95813E-05,23753.45117,7.352980137,20.78235626,646.9853516,1828.630005,108,070801030303,63.79076385
329,F070801030303_769,2402.810448,321676.0076,79.45397186,13189.35938,22016.69531,268.5544128,3130.486572,77.86489105,22.24711227,79.45397186,0.008985383,1971.16272,1793.758057,0.009825058,27.77391624,55547.83203,27.77391624,0.000106012,35206.05469,7.352920055,19.62697983,474.8829651,1267.594238,108,070801030303,100.1119995
330,F070801030401_70,2237.660926,159595.4145,39.42006683,6543.730957,5911.432617,133.2398224,1553.150635,38.63166428,11.03761864,39.42006683,0.004457983,1087.785156,989.8845215,0.005421953,14.43728828,28874.57617,14.43728828,5.51065E-05,12455.16406,6.610600471,12.58244133,453.2520752,862.7080078,104,070801030401,49.66928101
331,F070801030401_82,1342.144955,93398.29553,23.06937981,3829.51709,5264.432129,77.97450256,908.9335938,22.60799217,6.459426403,23.06937981,0.002608897,636.6121216,579.3170166,0.003173128,,,,,9093.949219,6.610399723,15.69770813,,,104,070801030401,29.06741905
332,F070801030401_109,2262.749862,203484.2285,50.26060486,8343.260742,7045.531738,169.8808441,1980.267822,49.25539398,14.07296944,50.26060486,0.00568393,1313.466797,1195.254761,0.00654684,24.4010582,48802.11719,24.4010582,9.31378E-05,15388.79297,6.980319977,12.87490654,341.9220886,630.6608887,104,070801030401,63.32836151
333,F070801030401_167,1682.281954,168701.8977,41.66936874,6917.115234,5297.842285,140.8424683,1641.773071,40.83598328,11.66742325,41.66936874,0.004712354,1241.001831,1129.311646,0.006185646,16.36575699,32731.51367,16.36575699,6.24674E-05,12214.95703,6.125072002,10.81628513,422.6578369,746.3728638,104,070801030401,52.50340652
334,F070801030401_240,1898.425605,108701.9356,26.84937859,4456.99707,5951.968262,90.75090027,1057.865479,26.31239128,7.51782608,26.84937859,0.003036374,740.8654175,674.1875,0.003692767,,,,,10408.96484,6.610916138,15.43927288,,,104,070801030401,33.83021545
335,F070801030401_246,1327.290398,98159.36459,24.24536324,4024.730225,5453.751953,81.94932556,955.267334,23.76045609,6.788701534,24.24536324,0.002741888,645.0422363,586.9884644,0.003215147,5.309006691,10618.01367,5.309006691,2.02643E-05,9478.482422,6.856574535,16.14764595,758.0947876,1785.358887,104,070801030401,30.5491581
336,F070801030401_247,1571.081895,68668.12197,16.96102524,2815.530273,2598.768311,57.32826614,668.2644043,16.62180519,4.749086857,16.96102524,0.001918108,495.4111938,450.8241882,0.002469326,5.768951893,11537.9043,5.768951893,2.20198E-05,5414.298828,6.245295525,12.00977898,488.0488281,938.5238037,104,070801030401,21.37089157
337,F070801030401_248,1722.419977,167701.8355,41.42235184,6876.110352,7021.917969,140.0075531,1632.040649,40.5939064,11.59825897,41.42235184,0.004684419,1102.023315,1002.841187,0.005492922,5.52592659,11051.85352,5.52592659,2.10922E-05,13898.02832,6.856629372,13.85865307,1244.336182,2515.05835,104,070801030401,52.19216537
338,F070801030401_251,1363.86,114864.8277,28.37161255,4709.6875,3718.899902,95.8960495,1117.841553,27.80418015,7.944051743,28.37161255,0.003208522,703.8446655,640.4986572,0.003508241,3.955691338,7911.382813,3.955691338,1.50987E-05,8428.587891,7.35315752,13.15941525,1190.610474,2130.749756,104,070801030401,35.74822998
339,F070801030401_334,1061.675308,60957.57138,15.05652046,2499.382324,2748.718018,50.8910408,593.2269287,14.75539017,4.215825558,15.05652046,0.001702729,400.5548706,364.5049438,0.001996525,3.275884867,6551.77002,3.275884867,1.25039E-05,5248.100586,6.856923103,14.39788628,762.9640503,1602.040649,104,070801030401,18.9712162
340,F070801030401_336,2277.832061,180226.6482,44.51598358,7389.65332,10013.4248,150.4640198,1753.92981,43.62566376,12.46447563,44.51598358,0.005034275,1184.342651,1077.751831,0.005903234,8.080131531,16160.26367,8.080131531,3.08415E-05,17403.07813,6.856544495,16.14757538,914.5461426,2153.811279,104,070801030401,56.0901413
341,F070801030401_349,1498.185842,47690.5113,11.77955627,1955.406372,1925.153809,39.81489944,464.114502,11.54396534,3.298275709,11.77955627,0.00133214,332.4186096,302.500946,0.001656906,6.119872093,12239.74414,6.119872093,2.33593E-05,3880.560059,6.464133263,12.82825756,319.5175171,634.0916748,104,070801030401,14.84224129
342,F070801030401_350,1512.964839,124236.225,30.68634796,5093.933594,4001.499512,103.7198563,1209.042114,30.07262039,8.592177391,30.68634796,0.003470293,761.3151855,692.796814,0.003794697,11.39735031,22794.70117,11.39735031,4.35032E-05,9095.433594,7.352709293,13.12857342,446.940155,798.0305176,104,070801030401,38.66479874
343,F070801030401_351,1794.004218,125452.9794,30.98688507,5143.822754,3434.585449,104.735672,1220.883301,30.36714745,8.676327705,30.98688507,0.003504281,768.7595215,699.571167,0.003831803,21.44808388,42896.16797,21.44808388,8.18664E-05,8578.408203,7.352822781,12.2623806,239.8266754,399.9615173,104,070801030401,39.0434761
344,F070801030401_391,3158.544326,575016.5235,142.0290833,23576.82813,28706.91797,480.0582886,5595.945801,139.1885071,39.7681427,142.0290833,0.01606195,3711.697266,3377.644531,0.018500574,272.5484619,545096.9375,272.5484619,0.001040306,52283.74609,6.980257511,15.47935104,86.50508881,191.83284,104,070801030401,178.9566498
345,F070801030401_404,3156.832178,623848.8471,154.0906677,25579.05078,24113.48828,520.8264771,6071.172363,151.0088501,43.14538574,154.0906677,0.017425986,3822.785156,3478.734375,0.019054279,79.74107361,159482.1406,79.74107361,0.000304368,49692.53906,7.352976322,14.28466034,320.7763672,623.1737061,104,070801030401,194.1542358
346,F070801030401_473,3935.765018,574586.7624,141.9229279,23559.20508,39326.84766,479.6994934,5591.763184,139.0844727,39.73841858,141.9229279,0.016049946,3520.936768,3204.05249,0.017549748,69.03370667,138067.4063,69.03370667,0.000263499,62886.05469,7.352939606,19.62703705,341.2710571,910.9470825,104,070801030401,178.8228912
347,F070801030401_524,4963.765525,702833.4592,173.5998688,28817.57813,48670.46094,586.7675781,6839.834961,170.1278687,48.60796356,173.5998688,0.019632265,4618.579102,4202.907227,0.023020834,180.2146606,360429.3125,180.2146606,0.000687872,77488.03906,6.856582165,18.43677139,159.9069519,429.9763489,104,070801030401,218.7358398
348,F070801030401_596,3680.813484,397639.4234,98.2169342,16304.01074,19211.24609,331.9732361,3869.747314,96.25259399,27.50074196,98.2169342,0.011107272,2436.649414,2217.351074,0.012145229,52.54881287,105097.625,52.54881287,0.000200577,35515.25781,7.35292244,16.0169754,310.2640991,675.8527222,104,070801030401,123.753334
349,F070801030401_614,2370.078133,156598.1305,38.67973709,6420.836426,7313.564453,130.7375183,1523.981689,37.90614319,10.83032608,38.67973709,0.004374259,959.621521,873.2555542,0.004783134,27.45393944,54907.87891,27.45393944,0.000104791,13734.40039,7.352757454,15.72781372,233.8766937,500.2706604,104,070801030401,48.73646927
350,F070801030401_616,2701.37976,293566.8185,72.51100159,12036.82617,13473.99609,245.0871887,2856.93335,71.06078339,20.30307961,72.51100159,0.008200209,1798.917358,1637.014771,0.008966519,55.10860825,110217.2188,55.10860825,0.000210347,25510.82227,7.352912426,15.58374596,218.4200745,462.9190063,104,070801030401,91.36386108
351,F070801030401_637,6671.725354,942892.1745,232.8943634,38660.46484,48595.75391,787.1829224,9176.038086,228.2364807,65.2104187,232.8943634,0.026337828,6196.066895,5638.420898,0.030883659,450.8690491,901738.0625,450.8690491,0.001720948,87256.21875,6.856612206,15.47529316,85.74655151,193.5289612,104,070801030401,293.4468994
352,F070801030401_639,2530.237583,236176.2088,58.3355217,9683.696289,13692.52148,197.174057,2298.419434,57.1688118,16.33394623,58.3355217,0.006597116,1646.287109,1498.121216,0.008205748,41.53882217,83077.64063,41.53882217,0.000158552,23376.21875,6.46389389,15.60369015,233.1239929,562.7559204,104,070801030401,73.50276184
353,F070801030403_72,2131.668664,214057.8926,52.87229919,8776.801758,12065.45996,178.708374,2083.168701,51.81485367,14.80424404,52.87229919,0.005979284,1381.711304,1257.3573,0.006886998,14.82969856,29659.39844,14.82969856,5.66043E-05,20842.26172,6.980356216,16.57624435,591.8395386,1405.440674,104,070801030403,66.61909485
354,F070801030403_78,1204.192383,73119.29752,18.06046677,2998.037598,4651.292969,61.04437637,711.5823975,17.6992569,5.056930542,18.06046677,0.002042443,509.688446,463.8164978,0.00254049,3.964380264,7928.760254,3.964380264,1.51319E-05,7649.330566,6.463844299,16.49214935,756.2437134,1929.514893,104,070801030403,22.75618744
355,F070801030403_100,1566.457798,151007.3587,37.29881668,6191.603516,6322.895508,126.0699997,1469.573364,36.55284119,10.44366837,37.29881668,0.004218092,1110.841064,1010.865356,0.005536873,15.20200539,30404.00977,15.20200539,5.80254E-05,12514.49902,6.125052452,12.37998581,407.2886047,823.2136841,104,070801030403,46.99650955
356,F070801030403_143,1554.634255,151022.6662,37.30259705,6192.230957,6931.568359,126.0827789,1469.72229,36.55654526,10.44472694,37.30259705,0.00421852,925.4578247,842.166626,0.00461285,10.99348068,21986.96289,10.99348068,4.19616E-05,13123.79883,7.35273838,15.58337593,563.263916,1193.780151,104,070801030403,47.00127411
357,F070801030403_147,1529.450781,137825.9339,34.0430069,5651.13916,6214.890625,115.065361,1341.294434,33.36214828,9.53204155,34.0430069,0.003849895,905.7068481,824.1932373,0.004514403,,,,,11866.0293,6.856570721,14.39714432,,,104,070801030403,42.89418793
358,F070801030403_162,2871.208551,299787.7478,74.0475769,12291.89746,13276.73047,250.2808075,2917.474609,72.5666275,20.73332214,74.0475769,0.008373979,1837.031372,1671.698608,0.009156494,19.74217796,39484.35547,19.74217796,7.53551E-05,25568.62891,7.352938652,15.29499912,622.6211548,1295.127075,104,070801030403,93.29994965
359,F070801030403_164,1077.181623,69544.25632,17.17743111,2851.453613,3471.9021,58.05971527,676.7907715,16.83388329,4.809680939,17.17743111,0.001942581,507.5809937,461.8987122,0.002529985,4.239569187,8479.138672,4.239569187,1.61823E-05,6323.355469,6.173330784,13.68991756,672.5809937,1491.508911,104,070801030403,21.64356422
360,F070801030403_166,3115.493343,427282.6044,105.5388031,17519.44141,17202.82422,356.7211609,4158.229004,103.4280243,29.55086517,105.5388031,0.011935296,2618.276367,2382.631592,0.01305053,47.18275833,94365.52344,47.18275833,0.000180095,34722.26563,7.35297966,14.57307339,371.3102417,735.9100342,104,070801030403,132.9788818
361,F070801030403_169,2476.962692,326264.8972,80.58743286,13377.51367,14712.04199,272.3855286,3175.144775,78.97568512,22.56448174,80.58743286,0.009113566,2223.850098,2023.703613,0.011084552,,,,,28089.55469,6.610411644,13.88027096,,,104,070801030403,101.5401688
362,F070801030403_174,1964.217706,146633.2671,36.21841812,6012.257324,6021.67334,122.418251,1427.005615,35.49404907,10.14115715,36.21841812,0.004095911,898.5344849,817.6663818,0.004478653,8.0723629,16144.72559,8.0723629,3.08119E-05,12033.93066,7.352946758,14.71740913,744.7952271,1490.756836,104,070801030403,45.63520813
363,F070801030403_179,1409.665793,81956.91987,20.24335861,3360.397461,3365.661133,68.42255402,797.5883179,19.83849144,5.668140411,20.24335861,0.002289305,502.2124634,457.0133362,0.002503226,4.641402721,9282.804688,4.641402721,1.7716E-05,6726.058594,7.352952957,14.71742344,724.0046997,1449.143555,104,070801030403,25.50663185
364,F070801030403_186,1396.015913,82204.71573,20.30456543,3370.557861,5096.970703,68.62943268,799.9998779,19.89847374,5.685278416,20.30456543,0.002296226,503.7234497,458.3883362,0.002510758,50.95027161,101900.5469,50.95027161,0.000194475,8467.52832,7.353062153,18.47239113,66.15387726,166.1920166,104,070801030403,25.58375168
365,F070801030403_191,2392.546204,260575.7573,64.36221313,10684.12695,11120.50293,217.544281,2535.871094,63.07497025,18.02141953,64.36221313,0.007278669,1596.727539,1453.022095,0.007958724,18.67849159,37356.98438,18.67849159,7.1295E-05,21804.62891,7.353038311,15.00639915,572.0015869,1167.365601,104,070801030403,81.09638977
366,F070801030403_206,2415.837835,306666.6573,75.74666595,12573.94629,12099.77246,256.0237427,2984.418701,74.23173523,21.20906639,75.74666595,0.008566127,2137.673096,1945.282471,0.010655012,256.4306335,512861.2813,256.4306335,0.000978785,24673.71875,6.463815212,12.68387413,49.03449249,96.21985626,104,070801030403,95.44080353
367,F070801030403_219,2002.041251,163136.9778,40.29483414,6688.942383,9589.365234,136.1965332,1587.616455,39.48893738,11.28255367,40.29483414,0.004556909,999.6668701,909.6968384,0.004982737,13.55289268,27105.78516,13.55289268,5.17308E-05,16278.30762,7.352935791,17.89421082,493.5435181,1201.094727,104,070801030403,50.771492
368,F070801030403_221,2284.448284,299001.3166,73.85332489,12259.65234,13482.66406,249.6242371,2909.821045,72.37625885,20.67893028,73.85332489,0.008352011,2038.002686,1854.582397,0.010158215,15.76908684,31538.17383,15.76908684,6.01899E-05,25742.31641,6.61046505,13.88038445,777.4484863,1632.454468,104,070801030403,93.05519104
369,F070801030403_226,2306.667174,299347.5343,73.93884277,12273.84766,19524.29297,249.9132843,2913.19043,72.46006775,20.70287514,73.93884277,0.008361682,1834.328613,1669.239014,0.009143022,15.64099407,31281.98828,15.64099407,5.9701E-05,31798.14063,7.35296011,19.04948235,784.7229614,2033,104,070801030403,93.16294098
370,F070801030403_233,2240.151555,281539.4733,69.54025269,11543.68164,14508.87793,235.046051,2739.885986,68.14944458,19.47127151,69.54025269,0.007864249,1725.190308,1569.923218,0.008599034,17.84755516,35695.10938,17.84755516,6.81234E-05,26052.55859,7.353023052,16.59479713,646.793457,1459.727051,104,070801030403,87.62071228
371,F070801030403_256,2552.32025,180541.4185,44.59373093,7402.55957,7704.904785,150.7268066,1756.993042,43.70185471,12.4862442,44.59373093,0.005043068,1230.568359,1119.817261,0.006133642,19.61271858,39225.4375,19.61271858,7.48609E-05,15107.46484,6.610506535,13.49100876,377.436676,770.2891846,104,070801030403,56.18809891
372,F070801030403_267,827.2047615,42712.15992,10.54990387,1751.284058,1066.173096,35.65867615,415.6661987,10.33890533,2.953973055,10.54990387,0.00119308,280.6890564,255.4270477,0.001399066,,,,,2817.457031,6.856298447,11.03037834,,,104,070801030403,13.29287815
373,F070801030403_271,3209.48313,470714.7793,116.2665482,19300.24609,30701.34375,392.9809265,4580.901855,113.9412155,32.55463409,116.2665482,0.013148487,2884.448486,2624.848145,0.014377237,25.49674797,50993.49609,25.49674797,9.732E-05,50001.58984,7.352900028,19.04932594,756.9689331,1961.096802,104,070801030403,146.4958496
374,F070801030403_272,1565.934636,153537.5699,37.92377853,6295.347168,8901.46875,128.182373,1494.196899,37.16530228,10.61865807,37.92377853,0.004288768,940.8540649,856.1771851,0.00468959,11.02555752,22051.11523,11.02555752,4.20841E-05,15196.81641,7.352855682,17.74961662,570.9776611,1378.326294,104,070801030403,47.78395844
375,F070801030404_7,2318.94032,178448.4319,44.07676315,7316.742676,7040.822754,148.9794617,1736.624512,43.19522858,12.34149361,44.07676315,0.004984604,1093.473755,995.0610962,0.005450307,28.24310112,56486.20313,28.24310112,0.000107803,14357.56543,7.353058815,14.42882824,259.0630188,508.3565369,104,070801030404,55.53672028
376,F070801030404_12,2438.085887,176312.3075,43.54914093,7229.157227,7382.45166,147.1960907,1715.836182,42.67815781,12.19375992,43.54914093,0.004924936,1080.407593,983.1708984,0.00538518,20.22655487,40453.10938,20.22655487,7.72039E-05,14611.60938,7.352900028,14.86171913,357.4092102,722.3973389,104,070801030404,54.87191772
377,F070801030404_15,3146.632331,403133.0148,99.57385254,16529.25977,14282.87305,336.5596313,3923.209717,97.58237457,27.88067818,99.57385254,0.011260724,2747.731934,2500.436035,0.013695788,34.6101799,69220.35938,34.6101799,0.000132106,30812.13281,6.61055088,12.32270432,477.5837708,890.262146,104,070801030404,125.4630508
378,F070801030404_16,4128.066604,562797.4611,139.0109711,23075.82031,29003.25195,469.8570862,5477.032227,136.2307587,38.92307281,139.0109711,0.015720636,3448.690674,3138.308594,0.017189644,50.09677124,100193.5391,50.09677124,0.000191217,52079.07031,7.352948189,16.59462929,460.6249084,1039.569458,104,070801030404,175.1538391
379,F070801030404_28,2414.673397,208493.2584,51.49783325,8548.640625,7554.731934,174.0626831,2029.014648,50.46787643,14.41939354,51.49783325,0.005823847,1277.582886,1162.600464,0.006367981,10.23269367,20465.38867,10.23269367,3.90578E-05,16103.37305,7.353034019,13.85116673,835.4242554,1573.717896,104,070801030404,64.88726807
380,F070801030404_34,2875.369628,264494.2204,65.3300705,10844.79199,10009.87207,220.8156433,2574.004883,64.02346802,18.29241943,65.3300705,0.007388123,1620.76123,1474.8927,0.008078517,20.11942101,40238.83984,20.11942101,7.6795E-05,20854.66406,7.352936268,14.13978386,539.0210571,1036.543945,104,070801030404,82.31588745
381,F070801030404_36,1708.553891,168826.9633,41.70026016,6922.243164,5301.770996,140.9468842,1642.990234,40.86625671,11.67607307,41.70026016,0.004715848,1034.527222,941.4197998,0.005156495,13.76988792,27539.77734,13.76988792,5.25591E-05,12224.01367,7.352982521,12.98465729,502.7087402,887.7351685,104,070801030404,52.54232788
382,F070801030404_38,3074.508057,508495.4027,125.5983658,20849.32813,22110.33594,424.5224915,4948.575684,123.0863953,35.1675415,125.5983658,0.014203815,3115.964111,2835.527344,0.015531203,36.64755249,73295.10156,36.64755249,0.000139882,42959.66406,7.352892399,15.1505022,568.9146118,1172.238281,104,070801030404,158.2539368
383,F070801030404_43,2381.943485,318073.1522,78.56407166,13041.63574,14598.77441,265.5465698,3095.424316,76.99279022,21.99794006,78.56407166,0.008884746,2339.814209,2129.230957,0.011662563,25.27902603,50558.05078,25.27902603,9.6489E-05,27640.41016,6.1250453,12.98140526,515.9073486,1093.412842,104,070801030404,98.99073029
384,F070801030404_74,2258.216606,177308.2721,43.79514313,7269.993652,7424.151855,148.0275879,1725.528687,42.91923904,12.26264,43.79514313,0.004952756,1304.303223,1186.915894,0.006501165,22.10560608,44211.21094,22.10560608,8.43762E-05,14694.14551,6.125112534,12.38010693,328.8755493,664.7248535,104,070801030404,55.18187714
385,F070801030404_89,1389.704241,103658.0398,25.60353661,4250.187012,4674.181152,86.53995514,1008.779358,25.091465,7.168990135,25.60353661,0.002895483,635.1688843,578.0036621,0.003165934,6.663666725,13327.33301,6.663666725,2.54349E-05,8924.368164,7.353218079,15.43998528,637.8150635,1339.257935,104,070801030404,32.26045609
386,F070801030404_91,1500.101325,107060.6578,26.44398308,4389.701172,6293.138672,89.38066101,1041.892944,25.91510391,7.404315472,26.44398308,0.002990528,691.0802612,628.8830566,0.003444619,12.40359211,24807.18359,12.40359211,4.7344E-05,10682.83984,6.980154991,16.98700523,353.9056396,861.2698364,104,070801030404,33.31941986
387,F070801030404_93,1853.078777,189222.59,46.73797989,7758.504883,12646.3623,157.9743652,1841.47644,45.80321884,13.08663464,46.73797989,0.005285559,1159.504761,1055.149292,0.005779432,22.9127655,45825.53125,22.9127655,8.7457E-05,20404.86719,7.352992535,19.33836937,338.6105957,890.5457764,104,070801030404,58.88985443
388,F070801030404_135,1201.518778,79068.21635,19.52985001,3241.955078,3629.037842,66.01089478,769.4760742,19.13925362,5.46835804,19.52985001,0.002208614,484.5211487,440.9142456,0.002415046,3.772812843,7545.625977,3.772812843,1.44007E-05,6870.993164,7.3528018,15.58351326,859.2938843,1821.185791,104,070801030404,24.60761261
389,F070801030404_138,1175.115255,86025.6344,21.24833107,3527.2229,3879.095215,71.81935883,837.1842651,20.82336426,5.949532509,21.24833107,0.002402956,527.12854,479.6869812,0.002627418,4.04391861,8087.837402,4.04391861,1.54355E-05,7406.318359,7.353176117,15.43989849,872.2289429,1831.470703,104,070801030404,26.77289581
390,F070801030404_139,2773.728166,419521.1156,103.6217117,17201.20508,19930.59961,350.241394,4082.695557,101.5492783,29.01408005,103.6217117,0.011718493,2570.703369,2339.340088,0.012813407,25.94294739,51885.89453,25.94294739,9.90231E-05,37131.80469,7.3530159,15.87276936,663.0397339,1431.287109,104,070801030404,130.5633545
391,F070801030404_155,2252.984638,246406.8056,60.86248016,10103.17188,10912.64453,205.7151794,2397.981689,59.64522934,17.04149437,60.86248016,0.006882887,1777.702759,1617.709473,0.008860776,15.51842022,31036.8418,15.51842022,5.92331E-05,21015.81641,6.245356083,12.99109459,651.0438232,1354.249756,104,070801030404,76.6867218
392,F070801030404_163,2412.712427,318356.8915,78.63415527,13053.26953,19482.39844,265.7834473,3098.185791,77.06147003,22.01756287,78.63415527,0.008892671,1950.824951,1775.250732,0.009723687,21.31174278,42623.48438,21.31174278,8.1346E-05,32535.66797,7.352916241,18.32736397,612.4918823,1526.654541,104,070801030404,99.0790329
393,F070801030404_166,769.4744334,36075.3394,8.910609245,1479.161133,2469.129883,30.11785889,351.0780029,8.732397079,2.49497056,8.910609245,0.001007693,245.8998566,223.7688751,0.001225663,,,,,3948.291016,6.610218525,17.64450455,,,104,070801030404,11.2273674
394,F070801030404_175,1564.901277,125688.5147,31.04506302,5153.480469,4250.689941,104.932312,1223.175537,30.42416191,8.692617416,31.04506302,0.00351086,785.4456177,714.7554932,0.003914973,,,,,9404.169922,7.210130692,13.1571846,,,104,070801030404,39.11677933
395,F070801030404_184,2500.70355,231818.8883,57.2592659,9505.038086,8959.927734,193.5363159,2256.015137,56.11408234,16.03259468,57.2592659,0.006475403,1615.936768,1470.502441,0.008054471,19.24098587,38481.97266,19.24098587,7.3442E-05,18464.96484,6.463802814,12.55690861,493.9995422,959.668335,104,070801030404,72.14667511
396,F070801030404_190,4363.178689,840397.1704,207.5780945,34457.96484,46015.91016,701.6139526,8178.577148,203.4265289,58.12186813,207.5780945,0.023474833,5149.744141,4686.26709,0.02566837,54.71258163,109425.1641,54.71258163,0.000208836,80473.875,7.352966309,17.17227745,629.7996216,1470.847656,104,070801030404,261.5484009
397,F070801030404_198,2470.28974,334200.1573,82.54743958,13702.875,19644.63672,279.0103455,3252.369141,80.896492,23.11328316,82.54743958,0.009335221,2047.90686,1863.595215,0.010207581,29.60885811,59217.71484,29.60885811,0.000113016,33347.51172,7.352924347,17.89418221,462.7964783,1126.268066,104,070801030404,104.0097733
398,F070801030404_200,2877.302693,346935.116,85.69297028,14225.0332,13967.9541,289.6422424,3376.302979,83.97911072,23.99403191,85.69297028,0.009690947,2125.951904,1934.616211,0.010596588,29.82144356,59642.88672,29.82144356,0.000113827,28192.98828,7.35289669,14.57291031,477.0068665,945.3931274,104,070801030404,107.9731445
399,F070801030404_216,2090.090773,184256.66,45.5113945,7554.891602,17507.32227,153.8285065,1793.148926,44.60116577,12.74319077,45.5113945,0.005146846,1129.065186,1027.449341,0.005627709,9.71646595,19432.93164,9.71646595,3.70873E-05,25062.21484,7.353055,24.39265251,777.5349121,2579.35498,104,070801030404,57.34435654
400,F070801030404_334,810.644964,33389.45239,8.24719429,1369.034302,2957.44458,27.87551689,324.9394531,8.082250595,2.309214354,8.24719429,0.000932668,204.5865631,186.1737671,0.001019741,,,,,4326.479004,7.353529453,23.23892975,,,104,070801030404,10.39146519
401,F070801030404_336,1131.705507,32475.63904,8.021482468,1331.56604,732.2006836,27.11260986,316.0464172,7.86105299,2.246015072,8.021482468,0.000907143,,,,,,,,2063.766602,,,,,104,070801030404,10.10706806
402,F070801030405_43,2938.403092,295796.1921,73.06166077,12128.23535,7621.79248,246.94841,2878.629395,71.60042572,20.45726585,73.06166077,0.008262482,1909.321411,1737.482544,0.009516817,34.60044098,69200.88281,34.60044098,0.000132068,19750.02734,6.980349541,11.36703682,350.5225525,570.8027344,104,070801030405,92.05769348
403,F070801030405_44,2305.721171,291610.1314,72.02770233,11956.59863,10801.27441,243.4536285,2837.891357,70.58715057,20.16775703,72.02770233,0.008145553,1987.603516,1808.719238,0.009907005,20.8494339,41698.87109,20.8494339,7.95814E-05,22757.87305,6.610533237,12.58231354,573.4735107,1091.534302,104,070801030405,90.7549057
404,F070801030405_53,1375.382793,60067.23804,14.83660793,2462.876953,3047.14209,50.1477356,584.5623779,14.53987598,4.154250145,14.83660793,0.00167786,409.425293,372.5770264,0.002040738,3.501799822,7003.599609,3.501799822,1.33662E-05,5510.019043,6.610383511,14.78893948,703.3174438,1573.482056,104,070801030405,18.69412613
405,F070801030405_55,1490.578131,87659.92611,21.65200233,3594.232422,4023.375,73.18376923,853.0888672,21.21896172,6.062560558,21.65200233,0.002448607,597.4815674,543.708252,0.002978086,8.50586319,17011.72656,8.50586319,3.24665E-05,7617.607422,6.610589981,14.01046848,422.5593872,895.5713501,104,070801030405,27.28152275
406,F070801030405_110,559.6189248,13486.63085,3.331197739,552.9788208,933.9345703,11.25944805,131.2491913,3.264573812,0.932735384,3.331197739,0.000376722,87.03578186,79.20256042,0.000433821,,,,,1486.91333,6.98183012,18.77355194,,,105,070801030405,4.197309017
407,F070801030405_121,1386.614541,114228.6163,28.214468,4683.601563,7634.269531,95.36489868,1111.650024,27.65017891,7.900051117,28.214468,0.003190751,737.3168945,670.958374,0.00367508,10.73785782,21475.71484,10.73785782,4.09859E-05,12317.87109,6.980464935,18.3586216,436.1765442,1147.144165,105,070801030405,35.55023193
408,F070801030405_132,2356.312985,293988.6602,72.61519623,12054.12305,12783.18066,245.4393616,2861.038818,71.1628952,20.33225441,72.61519623,0.008211992,1801.515747,1639.379272,0.00897947,17.27312851,34546.25781,17.27312851,6.59308E-05,24837.30469,7.352858067,15.15043259,697.8540649,1437.915771,104,070801030405,91.49514771
409,F070801030405_137,2692.796946,188663.4037,46.59986115,7735.577148,8355.355469,157.5075378,1836.034546,45.66786575,13.04796124,46.59986115,0.00526994,1156.108276,1052.058472,0.005762503,5.553153038,11106.30566,5.553153038,2.11961E-05,16090.93262,7.352801323,15.29471302,1393.006348,2897.62085,104,070801030405,58.71582794
410,F070801030405_138,2304.96059,285552.847,70.53155518,11708.23828,9197.314453,238.3966522,2778.943359,69.1209259,19.74883461,70.53155518,0.007976355,1749.802979,1592.320679,0.008721713,8.981165886,17962.33203,8.981165886,3.42807E-05,20905.55273,7.352940083,13.12898445,1303.643433,2327.710449,104,070801030405,88.86975861
411,F070801030405_142,3864.999183,609010.5073,150.4255981,24970.64844,27952.08203,508.4385071,5926.768555,147.4170837,42.11916733,150.4255981,0.017011505,3931.116943,3577.316406,0.019594248,52.27423859,104548.4844,52.27423859,0.000199529,52922.73047,6.980273724,14.79397488,477.6855469,1012.405579,104,070801030405,189.5362549
412,F070801030405_147,1353.783726,112382.0737,27.75837135,4607.889648,4253.137207,93.82329559,1093.67981,27.2032032,7.772344112,27.75837135,0.003139171,688.6414185,626.6636963,0.003432462,6.943037033,13886.07324,6.943037033,2.65013E-05,8861.027344,7.353050232,14.14000416,663.6705933,1276.246582,104,070801030405,34.97554779
413,F070801030405_151,2351.514612,311719.6515,76.99475098,12781.12891,21084.24023,260.2422485,3033.593262,75.45485687,21.55853081,76.99475098,0.008707272,2293.071289,2086.694824,0.011429578,39.45419693,78908.39844,39.45419693,0.000150595,33865.36719,6.125059128,16.22919083,323.9485168,858.3463745,104,070801030405,97.01338959
414,F070801030405_164,2156.089922,241798.7301,59.72428513,9914.231445,10903.26758,201.8680878,2353.136719,58.52980042,16.7227993,59.72428513,0.00675417,1481.699829,1348.346802,0.00738538,17.77304459,35546.08984,17.77304459,6.7839E-05,20817.5,7.352879524,15.43927765,557.8240356,1171.296265,104,070801030405,75.25260162
415,F070801030405_171,2918.704535,331817.7011,81.95896912,13605.18848,13359.31348,277.0213013,3229.18335,80.31978607,22.94851112,81.95896912,0.009268671,2348.375732,2137.021973,0.011705237,32.21744156,64434.88672,32.21744156,0.000122973,26964.50195,6.366424084,12.61779308,422.2926331,836.9535522,104,070801030405,103.2682953
416,F070801030405_176,2683.644789,243482.7018,60.14022827,9983.27832,9802.858398,203.2739716,2369.524902,58.93742371,16.83926392,60.14022827,0.006801208,1571.665894,1430.215942,0.007833807,23.50308037,47006.16406,23.50308037,8.97103E-05,19786.13672,6.980259418,13.83436966,424.764679,841.8529053,104,070801030405,75.77668762
417,F070801030405_177,1951.867786,192680.9257,47.59218979,7900.303711,7602.376465,160.8616028,1875.132324,46.64034653,13.32581329,47.59218979,0.005382161,1180.717529,1074.453003,0.005885166,18.91796303,37835.92578,18.91796303,7.22091E-05,15502.67969,7.352860928,14.42843914,417.6085815,819.46875,104,070801030405,59.96615982
418,F070801030405_180,5223.185543,504183.1038,124.533226,20672.51563,19486.95898,420.9223022,4906.608887,122.0425644,34.86930466,124.533226,0.014083358,3089.546387,2811.487305,0.015399527,33.95751953,67915.03906,33.95751953,0.000129614,40159.47656,7.352875233,14.28406811,608.7757568,1182.638672,104,070801030405,156.9118652
419,F070801030405_190,1276.867951,95934.83839,23.69590569,3933.520264,4094.178467,80.09216309,933.6187134,23.22198677,6.634853363,23.69590569,0.00267975,587.8701172,534.961792,0.002930178,5.777373791,11554.74707,5.777373791,2.2052E-05,8027.69873,7.352899551,15.00611591,680.8491821,1389.506592,104,070801030405,29.85684013
420,F070801030405_205,2241.248771,121890.9055,30.10705376,4997.770996,4907.449707,101.7618408,1186.217896,29.50491333,8.42997551,30.10705376,0.003404782,746.9083862,679.6866455,0.003722888,133.8851318,267770.25,133.8851318,0.000511034,9905.220703,7.353051662,14.57321644,37.32879639,73.98297882,105,070801030405,37.93489075
421,F070801030405_213,619.039792,10920.22026,2.697294474,447.750885,61.55224228,9.116855621,106.2733994,2.643348694,0.755242467,2.697294474,0.000305035,77.29225159,70.33595276,0.000385255,,,,,509.3031311,6.365889072,7.241006851,,,105,070801030405,3.398591042
422,F070801030405_214,3788.224534,456024.2382,112.6379852,18697.90625,16523.99219,380.7164001,4437.936523,110.3852234,31.53863525,112.6379852,0.012738136,3328.504395,3028.938965,0.016590588,66.84976196,133699.5313,66.84976196,0.000255163,35221.89844,6.173087597,11.62846088,279.7004089,526.8814087,105,070801030405,141.9238586
423,F070801030405_261,2981.66721,577754.3104,142.7053223,23689.08398,24191.4043,482.3439941,5622.589844,139.8512115,39.95748901,142.7053223,0.016138425,3540.354004,3221.722168,0.017646531,33.20503998,66410.08594,33.20503998,0.000126742,47880.48828,7.352925777,14.86176872,713.418335,1441.964478,104,070801030405,179.8087006
424,F070801030405_296,3181.177096,395506.199,97.69003296,16216.5459,10827.96289,330.1923218,3848.987305,95.73622894,27.35320854,97.69003296,0.011047685,2695.770996,2453.151611,0.013436793,30.66100693,61322.01563,30.66100693,0.000117032,27044.50781,6.610494614,11.02439308,528.8980103,882.0488892,104,070801030405,123.0894394
425,F070801030405_304,2905.973026,166381.7066,41.09628296,6821.98291,6430.74707,138.9054413,1619.193604,40.27435684,11.50695896,41.09628296,0.004647545,1019.551208,927.791626,0.005081848,17.86541748,35730.83594,17.86541748,6.81915E-05,13252.73047,7.352925777,14.28416729,381.8540955,741.8091431,104,070801030405,51.78131485
426,F070801030405_308,1616.993568,162971.3615,40.25392532,6682.151367,7086.300293,136.0582733,1586.004639,39.44884491,11.27109909,40.25392532,0.004552283,998.6669922,908.7869873,0.004977753,9.243852615,18487.70508,9.243852615,3.52834E-05,13768.45117,7.352824688,15.15036106,722.8751221,1489.471069,104,070801030405,50.719944
427,F070801030405_317,3977.475179,476397.6432,117.6702194,19533.25586,17262.21875,397.7253418,4636.206543,115.3168182,32.94766235,117.6702194,0.013307227,2919.280762,2656.54541,0.014550854,42.69689941,85393.79688,42.69689941,0.000162972,36795.47656,7.352878571,13.85087395,457.4865112,861.7833252,104,070801030405,148.2644806
428,F070801030405_337,4349.534089,352045.2092,86.95516968,14434.55859,17291.9043,293.9084778,3426.033691,85.21606445,24.34744835,86.95516968,0.009833688,2399.536865,2183.578613,0.011960245,42.84976959,85699.53906,42.84976959,0.000163556,31726.46289,6.610505581,14.52957249,336.8643188,740.411499,105,070801030405,109.5635147
429,F070801030405_341,2765.91961,365074.4666,90.17339325,14968.7832,12346.54102,304.7860718,3552.831787,88.36992645,25.24855042,90.17339325,0.010197634,2664.664307,2424.844482,0.013281745,32.1845665,64369.13672,32.1845665,0.000122847,27315.32422,6.173089981,11.26477337,465.0919495,848.7088013,104,070801030405,113.6184769
430,F070801030405_356,3609.8761,224506.3683,55.45307159,9205.209961,12654.3916,187.4313812,2184.851074,54.3440094,15.52686024,55.45307159,0.006271142,1375.720825,1251.906006,0.00685714,15.17145634,30342.91211,15.17145634,5.79088E-05,21859.60156,7.352956295,17.46105576,606.7453003,1440.837402,104,070801030405,69.8708725
431,F070801030405_360,1516.826214,145361.4604,35.90428162,5960.11084,2575.055176,121.3564682,1414.628662,35.18619537,10.05319881,35.90428162,0.004060385,890.748291,810.5809326,0.004439843,16.95737839,33914.75781,16.95737839,6.47256E-05,8535.166016,7.352888107,10.52968979,351.4759521,503.3305054,104,070801030405,45.23939514
432,F070801030405_387,2149.681426,289213.5175,71.43573761,11858.33203,12342.66699,241.4527893,2814.568115,70.00701904,20.00200653,71.43573761,0.008078608,1772.221191,1612.721313,0.008833455,16.69620323,33392.40625,16.69620323,6.37287E-05,24201,7.352995396,15.00631237,710.2412109,1449.491211,104,070801030405,90.00902557
433,F070801030405_391,3582.07454,600289.7567,148.2715759,24613.08203,37702.49609,501.1579285,5841.899902,145.3061371,41.5160408,148.2715759,0.01676791,3874.842041,3526.106201,0.019313751,59.44613266,118892.2656,59.44613266,0.000226903,62315.57813,6.98024416,17.67263222,414.0401001,1048.269653,104,070801030405,186.8221741
434,F070801030405_400,4371.469358,352306.2276,87.01963806,14445.25977,15886.30371,294.1263733,3428.57373,85.27924347,24.3654995,87.01963806,0.009840978,2158.854004,1964.557129,0.010760586,275.2248535,550449.6875,275.2248535,0.001050522,30331.5625,7.352934361,15.43938923,52.48530197,110.2064819,105,070801030405,109.6447449
435,F070801030405_407,2676.294886,407474.8478,100.646286,16707.2832,19358.30664,340.1844482,3965.463623,98.63336182,28.1809597,100.646286,0.011382004,2939.706787,2675.133057,0.014652666,,,,,36065.58984,6.245402813,13.48179245,,,104,070801030405,126.8143234
436,F070801030405_414,908.0268638,26674.44532,6.588587761,1093.705566,1396.121704,22.26942635,259.5903625,6.456816196,1.844804525,6.588587761,0.000745098,181.8137817,165.4505463,0.000906232,,,,,2489.827148,6.610468388,15.04876995,,,104,070801030405,8.301620483
437,F070801030405_429,2125.159788,214240.5688,52.91741943,8784.291992,8970.560547,178.8608704,2084.946289,51.85906982,14.81687737,52.91741943,0.005984387,1493.38147,1358.977173,0.007443606,25.88704491,51774.08984,25.88704491,9.88097E-05,17754.85156,6.463899612,13.06486416,339.3315735,685.8585815,104,070801030405,66.6759491
438,F070801030405_468,488.0687423,10942.57577,2.702816248,448.667511,466.9925232,9.135519028,106.4909592,2.648759842,0.756788552,2.702816248,0.000305659,77.41273499,70.44558716,0.000385856,,,,,915.6600342,6.368993759,12.99811745,,,105,070801030405,3.405548334
439,F070801030405_483,2423.185125,286265.9927,70.70770264,11737.47852,8298.254883,238.9920349,2785.883545,69.29354858,19.79815674,70.70770264,0.007996275,1754.189331,1596.312256,0.008743576,235.3953705,470790.75,235.3953705,0.000898494,20035.73438,7.352871418,12.55126286,49.8628273,85.115242,105,070801030405,89.09170532
440,F070801030405_503,1970.944731,113940.4105,28.14328194,4671.784668,2844.159912,95.12429047,1108.845337,27.58041573,7.880118847,28.14328194,0.0031827,698.1842651,635.3476563,0.003480028,10.11521816,20230.4375,10.11521816,3.86094E-05,7515.944336,7.353115559,11.8296566,461.8570251,743.0333252,104,070801030405,35.46053314
441,F070801030405_506,1282.731399,70636.8134,17.44729233,2896.250488,4493.374023,58.97184753,687.4233398,17.09834671,4.885241985,17.44729233,0.0019731,432.8304138,393.8756714,0.002157399,3.567982674,7135.965332,3.567982674,1.36188E-05,7389.624512,7.353209972,18.76131248,811.7333374,2071.093262,105,070801030405,21.98358917
442,F070801030405_528,743.7483687,22928.07037,5.66323328,940.0967407,701.5612183,19.14172935,223.1313934,5.549968719,1.58570528,5.66323328,0.00064045,147.9925995,134.6732635,0.000737654,,,,,1641.657959,6.980574608,12.18993187,,,105,070801030405,7.135674
443,F070801030405_588,923.0211062,41114.46579,10.15527344,1685.775391,1820.840332,34.32482529,400.1177673,9.952167511,2.843476534,10.15527344,0.001148451,280.2223206,255.0023193,0.001396739,4.226373196,8452.746094,4.226373196,1.61319E-05,3506.615723,6.610823631,13.75130939,398.8704529,829.6985474,104,070801030405,12.79564381
444,F070801030405_630,1834.638699,61200.83237,15.11660576,2509.356445,1576.964355,51.09412766,595.5942383,14.81427383,4.232649803,15.11660576,0.001709524,375.0272522,341.2748108,0.001869285,2.372087002,4744.173828,2.372087002,9.05415E-06,4086.320801,7.352890968,11.97369576,1057.868652,1722.669067,104,070801030405,19.04692459
445,F070801030405_633,2566.452415,108229.9135,26.73278809,4437.642578,3573.104248,90.35682678,1053.271851,26.19813156,7.485180855,26.73278809,0.003023189,765.9557495,697.0197144,0.003817828,18.40211296,36804.22656,18.40211296,7.02401E-05,8010.74707,6.366595268,11.49285603,241.1485291,435.3167114,104,070801030405,33.68331146
446,F070801030405_635,1248.489898,83885.90708,20.71981812,3439.489746,3444.877197,70.03298187,816.3608398,20.30542183,5.801548958,20.71981812,0.002343187,514.0386963,467.7752075,0.002562173,4.301058292,8602.116211,4.301058292,1.6417E-05,6884.367188,7.352869034,14.71725559,799.6845093,1600.621704,104,070801030405,26.10697174
447,F070801030405_651,2069.557001,157523.0521,38.9081955,6458.760254,7864.124512,131.5097046,1532.98291,38.13003159,10.89429474,38.9081955,0.004400095,1073.69165,977.0593872,0.005351705,14.73722267,29474.44531,14.73722267,5.62514E-05,14322.88477,6.610406876,14.65917492,438.2616882,971.8849487,104,070801030405,49.02432632
448,F070801030405_655,908.4405404,27732.21289,6.849856377,1137.076172,736.9071655,23.15251541,269.8843384,6.712859154,1.917959809,6.849856377,0.000774645,193.2988129,175.9019165,0.000963478,,,,,1873.983398,6.464262486,10.65357018,,,104,070801030405,8.630819321
449,F070801030405_656,3045.079775,64256.04828,15.87124348,2634.626465,2535.271484,53.64480209,625.3269653,15.5538187,4.443948269,15.87124348,0.001794866,393.7572021,358.3190613,0.001962642,9.042481422,18084.96289,9.042481422,3.45148E-05,5169.897949,7.352738857,14.42819691,291.3609924,571.734436,104,070801030405,19.99776649
450,F070801030405_663,2468.727662,293654.4514,72.53264618,12040.41895,11822.82227,245.1603394,2857.786377,71.0819931,20.30914116,72.53264618,0.008202656,1799.470215,1637.517944,0.008969274,27.94816208,55896.32422,27.94816208,0.000106677,23863.24219,7.352847099,14.57281303,430.812561,853.8394165,104,070801030405,91.39113617
451,F070801030405_689,1540.392997,154937.47,38.26955414,6352.746094,4740.832031,129.3510895,1507.820435,37.50416183,10.71547508,38.26955414,0.004327872,949.4036865,863.9573364,0.004732205,10.62930107,21258.60156,10.62930107,4.05716E-05,11093.57813,7.353078365,12.84042358,597.6635742,1043.678955,104,070801030405,48.21963501
452,F070801030406_24,2352.624941,310901.8042,76.7927475,12747.5957,19777.20117,259.5594788,3025.634277,75.25688934,21.50196838,76.7927475,0.008684427,1905.14624,1733.683105,0.009496006,21.09111404,42182.22656,21.09111404,8.05039E-05,32524.79688,7.352898598,18.76052094,604.4060059,1542.109009,108,070801030406,96.75885773
453,F070801030406_37,831.453313,16291.6349,4.024034023,667.989624,1036.349731,13.60123539,158.546936,3.943553448,1.126729488,4.024034023,0.000455075,118.8939056,108.1934509,0.000592614,,,,,1704.339355,6.174030304,15.75270367,,,108,070801030406,5.070282936
454,F070801030406_63,3408.756573,456553.9308,112.7688217,18719.625,31248.24023,381.1586304,4443.091797,110.513443,31.5752697,112.7688217,0.012752932,3182.472168,2896.049561,0.015862705,59.87652588,119753.0547,59.87652588,0.000228546,49967.86719,6.463848114,17.25380325,312.6371155,834.5151367,104,070801030406,142.0887146
455,F070801030406_68,4716.242162,687368.5437,169.7800293,28183.48438,40404.25,573.8565063,6689.333008,166.3844299,47.53840637,169.7800293,0.019200282,4864.663574,4426.84375,0.024247415,36.9304924,73860.98438,36.9304924,0.000140962,68587.73438,6.366496086,15.49359703,763.1494141,1857.211426,104,070801030406,213.9228363
456,F070801030406_127,3535.389223,468677.9633,115.7634583,19216.73438,30945.88672,391.2804871,4561.080078,113.4481888,32.41376877,115.7634583,0.013091593,3420.855957,3112.979004,0.017050905,31.8455677,63691.13281,31.8455677,0.000121553,50162.62109,6.173100948,16.11402512,603.4351196,1575.183716,108,070801030406,145.8619537
457,F070801030406_145,2289.651905,194810.1272,48.11810303,7987.60498,11608.01074,162.6391907,1895.853271,47.15574265,13.47306919,48.11810303,0.005441636,1421.927368,1293.953857,0.00708745,15.90304947,31806.09766,15.90304947,6.07013E-05,19595.61523,6.173021317,15.14398289,502.2687683,1232.192261,104,070801030406,60.62881088
458,F070801030406_218,1963.87901,136314.285,33.66962814,5589.158203,8671.276367,113.8033447,1326.583374,32.99623489,9.427495956,33.66962814,0.00380767,950.2123413,864.6932373,0.004736236,6.484674931,12969.34961,6.484674931,2.47517E-05,14260.43457,6.463747025,16.49189949,861.9025879,2199.0979,108,070801030406,42.42372894
459,F070801030406_225,1394.882046,122252.5808,30.19638824,5012.600586,9253.379883,102.0637894,1189.737671,29.59246063,8.45498848,30.19638824,0.003414884,749.1143188,681.6940308,0.003733883,8.183774948,16367.5498,8.183774948,3.12371E-05,14265.98047,7.353153229,20.927248,612.5046997,1743.202881,108,070801030406,38.0474472
460,F070801030406_231,588.6790358,22654.98984,5.59578228,928.8998413,1422.89563,18.91374397,220.4738159,5.483866692,1.566819072,5.59578228,0.000632822,146.2420654,133.0802765,0.000728929,,,,,2351.79541,6.979996204,17.67200661,,,108,070801030406,7.050685883
461,F070801030406_336,4577.405312,874929.3258,216.1075439,35873.85156,32407.57422,730.4434814,8514.637695,211.7854004,60.51011276,216.1075439,0.024439422,5792.390625,5271.075684,0.028871577,577.367981,1154736,577.367981,0.002203789,68281.42188,6.805793285,12.95398235,62.13342667,118.2632675,108,070801030406,272.2955017
462,F070801030406_351,2408.537688,298100.1646,73.6307373,12222.70215,21363.22461,248.8718872,2901.051025,72.1581192,20.61660576,73.6307373,0.008326839,1826.693848,1662.291382,0.009104967,33.7776413,67555.28125,33.7776413,0.000128928,33585.92578,7.35292387,20.20459557,361.8577881,994.3242188,108,070801030406,92.77472687
463,F070801030406_356,2503.267678,330005.8249,81.51143646,13530.89844,14615.00098,275.508667,3211.550537,79.88121033,22.82320213,81.51143646,0.00921806,2249.322998,2046.883911,0.011211519,57.48659897,114973.1953,57.48659897,0.000219424,28145.89844,6.610486507,13.75060844,235.3748322,489.6080017,108,070801030406,102.7044144
464,F070801030406_394,3425.263158,272600.3606,67.33229065,11177.16016,16023.73633,227.5831451,2652.892334,65.98564148,18.8530407,67.33229065,0.007614553,2005.316284,1824.837769,0.009995293,179.014679,358029.375,179.014679,0.000683291,27200.89648,6.125015736,14.90592575,62.43711472,151.9478607,108,070801030406,84.83868408
465,F070801030406_419,5686.128082,1241446.959,306.6373901,50901.80859,63977.74219,1036.434326,12081.5127,300.5046387,85.8584671,306.6373901,0.034677368,7607.330078,6922.67041,0.037917957,220.5876617,441175.3438,220.5876617,0.000841974,114879.5469,7.352915287,16.59468651,230.7554626,520.7886353,104,070801030406,386.3630981
466,F070801030406_448,1695.640024,149993.161,37.04830933,6150.019531,7729.760254,125.2232819,1459.703369,36.30734253,10.37352657,37.04830933,0.004189762,919.1359863,836.4137573,0.004581339,18.29828835,36596.57422,18.29828835,6.98438E-05,13879.7793,7.352843761,16.59439468,336.0980835,758.5288086,108,070801030406,46.68087006
467,F070801030406_466,2595.329625,184494.2414,45.57007599,7564.632813,9062.066406,154.0268555,1795.460938,44.65867615,12.75962162,45.57007599,0.005153482,1130.564087,1028.813354,0.005635181,33.26555252,66531.10156,33.26555252,0.000126973,16626.69922,7.35277462,16.16104507,227.4013824,499.8173218,108,070801030406,57.41829681
468,F070801030406_472,2410.002673,124833.3459,30.8338356,5118.416504,4724.360352,104.2183609,1214.853149,30.21715927,8.63347435,30.8338356,0.003486973,764.9509277,696.1053467,0.003812819,105.6669617,211333.9219,105.6669617,0.000403326,9842.777344,7.352933884,14.139781,48.43913651,93.14905548,108,070801030406,38.85063171
469,F070801030406_480,1349.893268,118327.6021,29.22691727,4851.668457,4287.588867,98.78697968,1151.540527,28.64237976,8.18353653,29.22691727,0.003305248,863.6800537,785.9488525,0.004304925,130.6362762,261272.5469,130.6362762,0.000498633,9139.257813,6.173007965,11.62831116,37.13875198,69.95957184,108,070801030406,36.82591629
470,F070801030406_522,3488.866456,256141.2722,63.26689529,10502.30469,12581.25391,213.8421021,2492.715576,62.0015564,17.71473122,63.26689529,0.0071548,1569.58606,1428.323364,0.00782344,143.9046021,287809.1875,143.9046021,0.000549278,23083.55859,7.352890015,16.16129684,72.98101807,160.4087524,108,070801030406,79.71628571
471,F070801030406_565,4048.319434,483650.7388,119.461731,19830.64648,34660.625,403.7806396,4706.791992,117.0724945,33.4492836,119.461731,0.013509828,3296.529541,2999.841797,0.016431212,70.43715668,140874.3125,70.43715668,0.000268856,54491.27344,6.610564232,18.16471481,281.5367126,773.6154785,104,070801030406,150.5217743
472,F070801030406_576,1930.369481,208951.0303,51.61090469,8567.410156,18575.48633,174.4448547,2033.469604,50.57868576,14.45105362,51.61090469,0.005836634,1280.411255,1165.174194,0.006382078,117.8306656,235661.3438,117.8306656,0.000449755,27142.89648,7.352900505,23.29514122,72.7095108,230.3551178,108,070801030406,65.02973938
473,F070801030406_602,6460.570049,1168420.924,288.5999756,47907.59766,46100.96094,975.4678955,11370.83887,282.8279724,80.80799103,288.5999756,0.032637529,8528.232422,7760.691406,0.042508096,201.5590057,403118,201.5590057,0.000769342,94008.5625,6.173109531,12.11342621,237.6852264,466.4071655,108,070801030406,363.6359558
474,F070801030406_656,501.7556579,14436.65513,3.565853834,591.9317627,1069.469849,12.0525856,140.4946442,3.494536877,0.998439074,3.565853834,0.000403259,94.89576721,86.35514832,0.000472998,,,,,1661.401611,6.854620457,19.23917198,,,108,070801030406,4.492976189
475,F070801030406_690,3046.163465,307045.367,75.84020233,12589.47363,18790.51367,256.3398743,2988.104004,74.32339478,21.2352562,75.84020233,0.008576705,1881.508057,1712.172363,0.009378184,24.35937691,48718.75391,24.35937691,9.29787E-05,31379.98828,7.352924347,18.32758713,516.8225098,1288.209839,108,070801030406,95.55865479
476,F070801030406_693,2348.273998,176966.4204,43.7107048,7255.977051,11399.75293,147.7421875,1722.201782,42.83649063,12.23899746,43.7107048,0.004943207,1084.395996,986.800354,0.00540506,67.69464111,135389.2813,67.69464111,0.000258388,18655.73047,7.353034496,18.90527344,107.1868744,275.5865173,108,070801030406,55.07548904
477,F070801030406_697,3702.201075,614244.09,151.7182922,25185.23633,42535.74219,512.8078003,5977.700684,148.6839294,42.48112106,151.7182922,0.017157694,3763.974365,3425.216553,0.018761143,148.0098267,296019.6563,148.0098267,0.000564947,67720.97656,7.352888584,19.77129745,170.1592102,457.5437927,108,070801030406,191.1650543
478,F070801030406_722,1135.651686,59437.11233,14.68096638,2437.040527,4163.814941,49.62166595,578.4300537,14.38734722,4.110670567,14.68096638,0.001660258,414.3320618,377.0421753,0.002065195,22.74630165,45492.60156,22.74630165,8.68217E-05,6600.855469,6.463575363,17.50694275,107.1400757,290.1946716,108,070801030406,18.49801826
479,F070801030406_737,1265.912688,86585.73502,21.38667679,3550.188232,4531.837402,72.28696442,842.6350708,20.95894241,5.988269329,21.38667679,0.002418601,530.5601196,482.8097229,0.002644522,73.30898285,146617.9531,73.30898285,0.000279817,8082.025391,7.353182793,16.7395668,48.42773819,110.246048,108,070801030406,26.94721222
480,F070801030406_775,1274.770611,64333.68783,15.89042091,2637.809814,2072.111084,53.70962143,626.0825806,15.57261276,4.449317932,15.89042091,0.001797034,438.497467,399.0326843,0.002185646,,,,,4709.920898,6.610510826,11.80334568,,,108,070801030406,20.02193069
481,F070801030406_824,1378.164287,101937.9613,25.17867661,4179.660156,6323.836426,85.10392761,992.039856,24.67510223,7.050029278,25.17867661,0.002847436,694.8106079,632.2776489,0.003463212,23.4850502,46970.10156,23.4850502,8.96414E-05,10503.49609,6.610482216,16.61215782,177.9710999,447.2417908,108,070801030406,31.72513199
482,F070801030406_837,2590.622933,263781.1644,65.15394592,10815.55469,17629.35547,220.2203369,2567.06543,63.85086823,18.24310493,65.15394592,0.007368206,1797.913574,1636.101318,0.008961516,81.61251831,163225.0313,81.61251831,0.000311512,28444.91016,6.610565186,17.38578796,132.5232391,348.5361023,108,070801030406,82.09397125
483,F070801030406_846,1894.123129,101969.9086,25.18656731,4180.970215,3694.869385,85.13059998,992.350769,24.68283653,7.052238941,25.18656731,0.002848328,624.8709717,568.6325684,0.003114605,112.6917114,225383.4219,112.6917114,0.000430139,7875.839844,7.352674484,13.85049057,37.10095596,69.8883667,108,070801030406,31.735075
484,F070801030406_855,1112.849687,68165.70391,16.83692932,2794.930176,3128.638184,56.90882111,663.375,16.50019073,4.71434021,16.83692932,0.001904074,422.1124573,384.122345,0.002103976,,,,,5923.568359,7.276145935,15.42104626,,,108,070801030406,21.21453094
485,F070801030407_14,1615.177442,120728.3235,29.8198967,4950.103027,8009.000488,100.7912521,1174.903931,29.2234993,8.349571228,29.8198967,0.003372307,841.5422363,765.8034058,0.00419458,84.27829742,168556.5938,84.27829742,0.000321687,12959.10352,6.463934422,16.92223358,58.73520279,153.7656097,108,070801030407,37.57307053
486,F070801030407_19,2395.124595,185200.6301,45.74455643,7593.596191,13272.34375,154.6166077,1802.335571,44.82966614,12.80847549,45.74455643,0.005173214,1134.871338,1032.73291,0.005656649,57.01925659,114038.5078,57.01925659,0.00021764,20865.93945,7.352913857,20.20458412,133.1759949,365.9454956,108,070801030407,57.63814163
487,F070801030407_61,546.7104681,11914.31744,2.942836523,488.5108643,757.8981323,9.946787834,115.9477615,2.883979797,0.823994219,2.942836523,0.000332803,83.05982971,75.58444214,0.000414003,,,,,1246.408936,6.463113785,16.49028397,,,108,070801030407,3.707973957
488,F070801030407_69,984.2843435,56763.01184,14.02046394,2327.396973,3473.709961,47.38916779,552.40625,13.74005508,3.92572999,14.02046394,0.001585563,366.3981018,333.4222717,0.001826274,5.054292202,10108.58398,5.054292202,1.9292E-05,5801.106934,6.98032856,17.39867783,460.4793091,1147.758545,108,070801030407,17.66578484
489,F070801030407_119,1051.387787,18974.56024,4.686716557,777.9949341,1176.459106,15.84110165,184.6566315,4.592982292,1.312280655,4.686716557,0.000530017,124.6804047,113.4591675,0.000621457,,,,,1954.454102,6.857047558,17.22605705,,,108,070801030407,5.905262947
490,F070801030407_146,1666.697963,123377.2676,30.47418594,5058.714844,4271.871582,103.0027466,1200.682983,29.86470222,8.532772064,30.47418594,0.0034463,796.3950806,724.7195435,0.00396955,147.7965546,295593.125,147.7965546,0.000564133,9330.585938,6.980237961,12.87475395,34.22755432,63.13128281,108,070801030407,38.3974762
491,F070801030407_157,1564.607635,113200.4301,27.96050644,4641.443848,6198.285156,94.5065155,1101.643921,27.40129662,7.828941822,27.96050644,0.00316203,693.6602783,631.230835,0.003457478,86.37914276,172758.2969,86.37914276,0.000329706,10839.72852,7.353005409,17.172369,53.73338699,125.4901123,108,070801030407,35.23023987
492,F070801030407_166,1591.184065,158225.5427,39.08171082,6487.563965,11848.79102,132.0961761,1539.819458,38.30007553,10.94287872,39.08171082,0.004419718,1039.731323,946.1555176,0.005182434,8.187767029,16375.53418,8.187767029,3.12524E-05,18336.35547,6.856762886,19.3798542,792.3483887,2239.481934,108,070801030407,49.24295425
493,F070801030407_172,4244.310008,444404.361,109.7678757,18221.4668,30010.71484,371.0154114,4324.854492,107.5725174,30.73500443,109.7678757,0.012413558,2723.210938,2478.12207,0.013573566,187.2478485,374495.6875,187.2478485,0.000714717,48232.17969,7.352933407,19.46319771,97.31201935,257.5846863,108,070801030407,138.3075256
494,F070801030407_179,2377.622517,312418.1886,77.16728973,12809.77051,24150.27734,260.8254395,3040.391113,75.62394714,21.60684204,77.16728973,0.008726784,1914.412231,1742.115112,0.00954219,24.59708023,49194.16016,24.59708023,9.3886E-05,36960.04688,7.352998734,21.21561623,520.7841797,1502.619263,108,070801030407,97.23078918
495,F070801030407_232,2087.410145,176324.3842,43.55212402,7229.652344,11500.37207,147.2061768,1715.953735,42.68107986,12.19459438,43.55212402,0.004925273,1080.45813,983.2169189,0.005385432,11.82013226,23640.26563,11.82013226,4.51169E-05,18730.02344,7.353059292,19.04973602,611.638855,1584.58667,108,070801030407,54.8756752
496,F070801030407_286,2336.052119,137342.4446,33.92358398,5631.314941,10174.36035,114.6617126,1336.589233,33.24511337,9.498603821,33.92358398,0.00383639,841.6164551,765.8709717,0.004194951,8.449518204,16899.03711,8.449518204,3.22515E-05,15805.67578,7.352824688,20.63751793,666.4658203,1870.60083,108,070801030407,42.74371719
497,F070801030407_307,2532.317148,140953.0913,34.81541443,5779.358887,7150.38916,117.6761017,1371.727295,34.11910629,9.748315811,34.81541443,0.003937246,863.7069702,785.9733276,0.004305059,111.6922455,223384.4844,111.6922455,0.000426325,12929.74805,7.353123188,16.45061874,51.74359894,115.7622681,108,070801030407,43.86742401
498,F070801030407_321,1567.848715,120989.7235,29.88446236,4960.820801,6624.787598,101.0094833,1177.447876,29.28677368,8.367649078,29.88446236,0.003379609,741.3825073,674.6580811,0.003695345,14.42877579,28857.55273,14.42877579,5.5074E-05,11585.6084,7.353088856,17.17256355,343.8143921,802.9515991,108,070801030407,37.65442276
499,F070801030407_332,2981.853094,395109.7297,97.59210205,16200.28906,22906.81836,329.8612976,3845.128906,95.64025879,27.3257885,97.59210205,0.011036609,2596.419434,2362.741699,0.012941586,253.3985901,506797.1563,253.3985901,0.000967212,39107.10938,6.856563568,16.55158043,63.93204117,154.3304138,108,070801030407,122.9660492
500,F070801030407_333,907.0275044,33182.76366,8.196142197,1360.55957,1683.324463,27.70296097,322.928009,8.032218933,2.294919729,8.196142197,0.000926895,218.0832367,198.4557495,0.001087014,,,,,3043.884033,6.855732918,15.33784771,,,108,070801030407,10.3271389
501,F070801030407_342,1058.655419,60045.6939,14.83128643,2461.993652,2755.950195,50.1297493,584.3526611,14.53466034,4.152760029,14.83128643,0.001677258,394.5767822,359.0648804,0.001966727,10.65530014,21310.59961,10.65530014,4.06708E-05,5217.943848,6.856681824,14.53203583,231.0581207,489.704071,108,070801030407,18.68741989
502,F070801030407_354,1358.723766,126113.9289,31.15014076,5170.92334,3655.780518,105.2874756,1227.315552,30.52713776,8.722039223,31.15014076,0.003522743,859.5986328,782.2347412,0.004284581,172.6732025,345346.4063,172.6732025,0.000659086,8826.704102,6.610449791,11.28395844,29.9462986,51.11797333,108,070801030407,39.24917603
503,F070801030407_355,1660.578079,147508.1136,36.43450546,6048.12793,3444.518066,123.1486282,1435.519531,35.70581436,10.20166111,36.43450546,0.004120348,1005.424683,914.9364624,0.005011436,189.8273163,379654.625,189.8273163,0.000724563,9492.646484,6.610435009,10.37519741,31.86120987,50.0067482,108,070801030407,45.90747452
504,F070801030407_368,681.436802,29194.43633,7.211025715,1197.030273,1433.984253,24.37326622,284.1144104,7.066805363,2.019087315,7.211025715,0.000815489,191.8674316,174.5993652,0.000956343,,,,,2631.014648,6.85586834,15.06886673,,,108,070801030407,9.085892677
505,F070801030407_374,1719.214468,109550.5585,27.05898857,4491.791992,8027.320313,91.4593811,1066.124146,26.51780891,7.576516628,27.05898857,0.003060078,707.125061,643.4838257,0.003524592,34.22365952,68447.32031,34.22365952,0.00013063,12519.1123,6.980427265,19.45520973,131.2481537,365.8028564,108,070801030407,34.09432602
506,F070801030407_421,1302.787987,100962.6485,24.93777466,4139.67041,14470.89063,84.28968048,982.5483398,24.43901825,6.982576847,24.93777466,0.002820192,618.6821289,563.0007324,0.003083757,29.56313133,59126.26563,29.56313133,0.000112841,18610.56055,7.352868557,33.05601501,140.0281372,629.5192871,108,070801030407,31.42159462
507,F070801030407_440,2097.837444,143502.715,35.44517136,5883.898438,10746.2666,119.8046799,1396.539795,34.73626709,9.924648285,35.44517136,0.004008465,879.3641357,800.2213745,0.0043831,21.22278214,42445.5625,21.22278214,8.10065E-05,16630.16406,7.352838516,20.78195381,277.2444458,783.5996094,108,070801030407,44.66091537
508,F070801030407_449,2389.714184,316346.7304,78.13764191,12970.84863,24199.23047,264.1052246,3078.623047,76.57489014,21.87854004,78.13764191,0.008836521,2308.999512,2101.189453,0.011508971,37.62938309,75258.76563,37.62938309,0.00014363,37170.07813,6.173098087,17.6900177,344.7000122,987.7940063,108,070801030407,98.45343018
509,F070801030407_466,2112.80646,127503.9618,31.49347878,5227.91748,6570.799316,106.4479599,1240.843018,30.86360931,8.818174362,31.49347878,0.003561571,781.3196411,711.0008545,0.003894407,21.84490585,43689.8125,21.84490585,8.33811E-05,11798.7168,7.352899075,16.59451866,239.3197479,540.1129761,108,070801030407,39.68178558
510,F070801030407_469,2914.45425,289191.8759,71.43039703,11857.44629,21190.53906,241.4347382,2814.357666,70.00178528,20.00051117,71.43039703,0.008078004,2015.867432,1834.439331,0.010047884,89.37275696,178745.5156,89.37275696,0.000341132,33047.98438,6.463798523,18.01530457,132.674057,369.776947,108,070801030407,90.00229645
511,F070801030407_491,3784.466937,368369.514,90.98726654,15103.88672,13941.06738,307.5369568,3584.898193,89.16751862,25.47643471,90.98726654,0.010289674,2709.80957,2465.926758,0.013506767,411.6216736,823243.375,411.6216736,0.001571142,29044.95313,6.125034809,11.77851391,36.69361496,70.56225586,108,070801030407,114.6439514
512,F070801030407_493,852.2610748,35211.86407,8.697330475,1443.756836,1899.671143,29.39697647,342.6748352,8.523384094,2.435252428,8.697330475,0.000983574,239.9898224,218.3907318,0.001196205,,,,,3343.427979,6.610888958,15.30938625,,,108,070801030407,10.95863628
513,F070801030407_506,3207.031409,304164.7296,75.128685,12471.36133,20818.1582,253.9349518,2960.070068,73.62611389,21.03603172,75.128685,0.008496241,2120.226318,1929.406006,0.010568051,48.91775131,97835.50781,48.91775131,0.000186717,33289.51953,6.463834763,17.25376511,254.9455109,680.5202637,108,070801030407,94.66214752
514,F070801030407_531,1832.154861,197644.433,48.81817627,8103.817383,14323.25293,165.0054321,1923.436157,47.84181213,13.66908932,48.81817627,0.005520807,1211.141113,1102.138428,0.006036808,45.87374115,91747.48438,45.87374115,0.000175098,22427.07031,7.352812767,20.34868813,176.6548157,488.8868713,108,070801030407,61.5109024
515,F070801030407_535,2769.961618,395576.7411,97.7074585,16219.43848,25164.26563,330.2512207,3849.673828,95.75331116,27.35808754,97.7074585,0.011049655,2909.953369,2648.057617,0.014504364,113.8650665,227730.125,113.8650665,0.000434618,41383.70313,6.125032425,15.62794685,142.4443817,363.4451294,108,070801030407,123.1113968
516,F070801030407_571,2139.33303,224360.5527,55.41705704,9199.231445,7407.043945,187.3096466,2183.432129,54.30871582,15.51677608,55.41705704,0.006267069,1563.955933,1423.199951,0.007795378,138.5847015,277169.4063,138.5847015,0.000528972,16606.27539,6.463766098,11.6682663,66.37984467,119.8276215,108,070801030407,69.82549286
517,F070801030407_578,1372.994822,67423.60058,16.6536293,2764.502441,1845.888306,56.28926849,656.1530151,16.32055664,4.663016319,16.6536293,0.001883345,413.158783,375.9744873,0.002059347,14.44881916,28897.63867,14.44881916,5.51505E-05,4610.390625,7.352899075,12.26250935,191.3306885,319.084259,108,070801030407,20.98357391
518,F070801030407_598,951.388575,27289.81711,6.74058485,1118.937134,703.1779785,22.78317642,265.5790405,6.605772972,1.887363791,6.74058485,0.000762287,200.7536163,182.685791,0.001000636,,,,,1822.115112,6.124927044,9.974038124,,,108,070801030407,8.493136406
519,F070801030407_602,1849.877208,187890.7134,46.40900803,7703.895508,6203.027832,156.862442,1828.514893,45.48082733,12.99452209,46.40900803,0.005248356,1382.174438,1257.778687,0.006889306,201.4230194,402846.0625,201.4230194,0.000768823,13906.92383,6.125000954,11.05673313,38.24734497,69.04336548,108,070801030407,58.47534943
520,F070801030408_62,2409.31206,322601.9101,79.68267059,13227.32324,14806.63379,269.3274231,3139.497314,78.08901978,22.31114769,79.68267059,0.009011247,1976.84436,1798.928345,0.009853377,261.6263123,523252.625,261.6263123,0.000998616,28033.95703,7.352890491,15.58369827,50.55807877,107.1526642,108,070801030408,100.4001694
521,F070801030408_72,3486.446383,481222.0652,118.8618469,19731.06641,25961.80469,401.7530518,4683.156738,116.4846115,33.28131866,118.8618469,0.013441987,3280.001709,2984.801514,0.016348831,63.53780365,127075.6016,63.53780365,0.000242521,45692.87109,6.610512257,15.30851269,310.5405884,719.1446533,108,070801030408,149.7659302
522,F070801030408_80,2990.682062,378517.5449,93.49383545,15519.97656,22554.45313,316.0091553,3683.657227,91.6239624,26.17827415,93.49383545,0.01057314,2730.789795,2485.018799,0.013611342,233.2835236,466567.0625,233.2835236,0.000890433,38074.42969,6.245416164,15.32158661,66.52838898,163.210968,108,070801030408,117.8022385
523,F070801030408_102,1134.044202,65374.92587,16.1476059,2680.502686,3105.830078,54.57890701,636.2156982,15.82465363,4.52132988,16.1476059,0.001826119,480.895813,437.6152039,0.002396976,55.05305481,110106.1094,55.05305481,0.000210135,5786.333008,6.12525034,13.2224226,48.6894455,105.1046677,108,070801030408,20.34598351
524,F070801030408_130,2989.612953,294236.5506,72.67642975,12064.28711,13504.73242,245.6463318,2863.451416,71.22290039,20.34939957,72.67642975,0.008218917,2005.525146,1825.027832,0.009996334,223.0979156,446195.8438,223.0979156,0.000851555,25569.01953,6.610467434,14.01020813,54.07619858,114.6089554,108,070801030408,91.57229614
525,F070801030408_153,2372.463399,310801.8519,76.76805878,12743.49805,23524.79492,259.4760437,3024.661621,75.23269653,21.49505615,76.76805878,0.008681635,1904.507202,1733.101563,0.00949282,44.1451149,88290.22656,44.1451149,0.0001685,36268.29297,7.353001118,20.92681313,288.6728821,821.5698242,108,070801030408,96.72775269
526,F070801030408_156,4140.355579,584110.1142,144.2751923,23949.68164,23987.19336,487.6501465,5684.442383,141.3896942,40.39705276,144.2751923,0.016315961,3579.275635,3257.140869,0.017840533,517.6899414,1035379.875,517.6899414,0.001976,47936.875,7.352976799,14.71747017,46.26259613,92.59765625,108,070801030408,181.7867432
527,F070801030408_159,1736.732393,137911.7773,34.06420898,5654.658691,6662.959473,115.1370239,1342.129883,33.38292313,9.537978172,34.06420898,0.003852293,845.0995483,769.0405884,0.004212312,109.1396942,218279.3906,109.1396942,0.000416582,12317.61816,7.352874279,16.01686287,51.811203,112.8610306,108,070801030408,42.92090225
528,F070801030408_177,1896.0565,194497.342,48.04084396,7974.780273,12059.21289,162.3780518,1892.809204,47.08002853,13.45143604,48.04084396,0.005432899,1191.820801,1084.556885,0.005940508,114.185524,228371.0469,114.185524,0.000435841,20033.99219,7.353030682,18.47205353,69.84055328,175.4512482,108,070801030408,60.53146362
529,F070801030408_190,1295.862619,85403.66822,21.09470558,3501.721191,3369.668457,71.30010223,831.1314087,20.67281151,5.906517506,21.09470558,0.002385583,604.4274902,550.0289917,0.003012707,,,,,6871.389648,6.366430283,12.49277687,,,108,070801030408,26.57932854
530,F070801030408_203,1199.524481,62808.14198,15.51361084,2575.259277,2275.847168,52.43600464,611.2362671,15.20333862,4.343811035,15.51361084,0.001754421,384.8516846,350.2150269,0.001918254,,,,,4851.106445,7.353365898,13.85179424,,,108,070801030408,19.54714966
531,F070801030408_211,3127.398006,458891.3119,113.3461533,18815.46094,26974.11914,383.1099854,4465.838379,111.0792313,31.73692322,113.3461533,0.012818222,2962.125,2695.533691,0.014764408,288.0576477,576115.3125,288.0576477,0.001099504,45789.57813,6.980236053,16.9872036,65.31838989,158.9597778,108,070801030408,142.8161621
532,F070801030409_13,2232.368284,217143.2871,53.63439178,8903.308594,8392.709961,181.2842407,2113.195068,52.56170273,15.01762962,53.63439178,0.006065469,1330.624268,1210.868042,0.00663236,39.00766373,78015.32813,39.00766373,0.000148891,17296.01953,7.352831364,14.28398418,228.2451172,443.4005432,108,070801030409,67.57933044
533,F070801030409_14,1261.800281,95763.69306,23.65363312,3926.503174,5089.31543,79.94927979,931.953125,23.18056107,6.623017311,23.65363312,0.00267497,586.8409424,534.0252686,0.002925048,75.09578705,150191.5781,75.09578705,0.000286637,9015.818359,7.352654457,16.88275528,52.28659821,120.057579,108,070801030409,29.80357742
534,F070801030409_35,2536.08552,340276.4622,84.04828644,13952.01563,25481.75977,284.0832214,3311.502441,82.3673172,23.53351974,84.04828644,0.009504951,2236.100342,2034.851318,0.011145612,48.82622528,97652.45313,48.82622528,0.000186368,39433.77344,6.856528282,19.37919235,285.7483826,807.6351318,108,070801030409,105.9008331
535,F070801030409_40,1415.731556,106748.5132,26.36688232,4376.902344,7736.043945,89.12006378,1038.855225,25.8395443,7.382727146,26.36688232,0.002981809,727.5882568,662.1052856,0.003626589,8.365697861,16731.39648,8.365697861,3.19315E-05,12112.94629,6.610583782,18.2945919,523.1963501,1447.930176,108,070801030409,33.22227097
536,F070801030409_44,1660.01848,122142.6559,30.16923523,5008.093262,8359.893555,101.9720154,1188.667847,29.56585121,8.447385788,30.16923523,0.003411814,832.5198364,757.5930786,0.00414961,10.77400494,21548.00977,10.77400494,4.11239E-05,13367.98633,6.610531807,17.64533806,464.8311768,1240.762939,108,070801030409,38.013237
537,F070801030409_142,1920.21851,111221.504,27.47171211,4560.304199,3940.543457,92.85438538,1082.385498,26.92227745,7.692079544,27.47171211,0.003106753,681.5229492,620.1859131,0.003396981,8.580389023,17160.77734,8.580389023,3.2751E-05,8500.847656,7.353124619,13.70693398,531.4798584,990.7298584,104,070801030409,34.61435699
538,F070801030409_205,1535.776685,147279.4481,36.37802505,6038.751953,3676.363525,122.9577255,1433.294189,35.6504631,10.18584728,36.37802505,0.004113961,902.4842529,821.2606812,0.00449834,4.675804615,9351.609375,4.675804615,1.78473E-05,9715.115234,7.353026867,11.8295145,1291.48938,2077.741943,104,070801030409,45.83631134
539,F070801030409_207,2169.88249,219316.9444,54.17128372,8992.432617,6710.73877,183.098938,2134.348633,53.08785629,15.16795921,54.17128372,0.006126185,1343.943481,1222.988525,0.006698748,14.28710747,28574.21484,14.28710747,5.45333E-05,15703.17188,7.352834702,12.8399992,629.4088745,1099.114868,104,070801030404,68.2558136
540,F070801030409_210,1910.877392,171932.9789,42.46744537,7049.595703,10383.29004,143.5399628,1673.217407,41.6180954,11.8908844,42.46744537,0.004802608,1171.906616,1066.435059,0.005841248,9.926984787,19853.96875,9.926984787,3.78909E-05,17432.88672,6.610431194,16.34687996,710.1447144,1756.110962,108,070801030409,53.5089798
541,F070801030409_223,2453.688122,302586.1254,74.73876953,12406.63574,12913.36426,252.6170349,2944.70752,73.24399567,20.92685509,74.73876953,0.008452145,1890.862671,1720.685059,0.00942481,17.84634018,35692.68359,17.84634018,6.81187E-05,25320,7.210288525,14.71506977,695.1921387,1418.77832,104,070801030409,94.17085266
542,F070801030409_242,2511.348576,87209.47241,21.54073906,3575.762695,2387.575684,72.80770111,848.7051392,21.10992432,6.031406879,21.54073906,0.002436024,534.3990479,486.3031311,0.002663657,15.68671036,31373.42188,15.68671036,5.98755E-05,5963.338379,7.352950096,12.26259518,227.9485321,380.1522522,108,070801030409,27.14133072
543,F070801030409_250,2410.915853,318865.7569,78.75984192,13074.13379,14635.1543,266.208252,3103.137695,77.18464661,22.05275536,78.75984192,0.008906885,1953.918091,1778.06543,0.009739104,25.95327568,51906.55078,25.95327568,9.90625E-05,27709.28906,7.353010654,15.58395386,503.7565918,1067.660522,108,070801030409,99.23740387
544,F070801030409_270,1715.923462,116207.8893,28.70334816,4764.755859,4959.364746,97.01731873,1130.911865,28.129282,8.036937714,28.70334816,0.003246038,792.0809326,720.7936401,0.003948046,8.159974098,16319.94824,8.159974098,3.11463E-05,9724.121094,6.610429764,13.49085331,583.9180298,1191.685303,108,070801030409,36.16622162
545,F070801030409_281,4438.180702,890617.2989,219.9824677,36517.08984,50200,743.5407104,8667.30957,215.5828247,61.59509277,219.9824677,0.024877634,5457.526367,4966.349121,0.02720248,55.56151199,111123.0234,55.56151199,0.000212076,86717.09375,7.35290432,17.46093369,657.2371216,1560.740356,104,070801030409,277.1779175
546,F070801030409_284,4001.563474,710490.333,175.4911194,29131.52539,29749.25391,593.1599731,6914.350098,171.9812927,49.13751221,175.4911194,0.019846145,4353.737305,3961.900879,0.021700755,43.39193726,86783.875,43.39193726,0.000165625,58880.78125,7.352916241,14.8617506,671.3580322,1356.952148,104,070801030409,221.1188049
547,F070801030409_298,1751.183512,109561.1416,27.06160164,4492.226074,3881.716064,91.46821594,1066.227051,26.52037048,7.577248573,27.06160164,0.003060374,746.7425537,679.5357056,0.003722061,,,,,8373.942383,6.610728741,12.32303524,,,104,070801030409,34.0976181
548,F070801030409_301,1643.050525,144428.339,35.67380142,5921.851074,5926.636719,120.577446,1405.547729,34.96032715,9.988664627,35.67380142,0.00403432,885.0271606,805.3746948,0.004411327,16.28596306,32571.92383,16.28596306,6.21628E-05,11848.48828,7.352914333,14.71177101,363.6168823,727.5276489,104,070801030409,44.94898987
549,F070801030409_304,1549.720292,152475.5906,37.66147232,6251.804199,6261.595703,127.2957764,1483.862061,36.90824127,10.54521179,37.66147232,0.004259104,934.3146362,850.2263184,0.004656995,15.81611919,31632.24023,15.81611919,6.03695E-05,12513.40039,7.353106022,14.71772861,395.2805481,791.1801758,104,070801030409,47.45345306
550,F070801030409_333,2328.605911,292707.5801,72.29877472,12001.59668,14141.6377,244.3698578,2848.571777,70.85279846,20.24365616,72.29877472,0.008176208,1793.660889,1632.231445,0.008940319,17.18853569,34377.07422,17.18853569,6.56079E-05,26143.23438,7.352876663,16.01686668,698.232666,1520.969238,104,070801030409,91.09645081
551,F070801030409_360,2789.950733,479103.1874,118.3384857,19644.18945,24570.92773,399.9840698,4662.536133,115.9717178,33.13477707,118.3384857,0.013382801,3092.592529,2814.259277,0.01541471,28.85989571,57719.79297,28.85989571,0.000110157,44215.11719,6.980234623,15.71110249,680.6743164,1532.060913,104,070801030404,149.1064911
552,F070801030409_401,1578.85662,144522.2074,35.69698334,5925.699219,7680.563965,120.6558075,1406.461182,34.98304367,9.995155334,35.69698334,0.004036942,885.5996704,805.8956909,0.00441418,21.75463676,43509.27344,21.75463676,8.30365E-05,13606.26367,7.352935791,16.88340569,272.3878784,625.4420166,108,070801030409,44.97819901
553,F070801030409_404,2914.320342,314920.8607,77.7854538,12912.38574,12679.0293,262.9148254,3064.746826,76.22974396,21.7799263,77.7854538,0.008796692,1929.760132,1756.081665,0.00961869,23.45347595,46906.94922,23.45347595,8.95209E-05,25591.41406,7.352952957,14.57302094,550.5531616,1091.156616,104,070801030409,98.00967407
554,F070801030409_448,4904.478386,749065.332,185.0191345,30713.17578,42824.52734,625.3646851,7289.753906,181.3187561,51.80535889,185.0191345,0.020923659,4590.087891,4176.97998,0.022878822,77.82761383,155655.2344,77.82761383,0.000297065,73537.70313,7.352962017,17.60547256,394.6308289,944.8793335,104,070801030409,233.124115
555,F070801030409_456,2568.454028,250051.5987,61.7627449,10252.61523,9060.595703,208.7580719,2433.452148,60.52748871,17.29356766,61.7627449,0.006984697,1532.281738,1394.376343,0.007637501,19.13094711,38261.89453,19.13094711,7.3022E-05,19313.21094,7.352832317,13.85078812,535.9177856,1009.527161,104,070801030409,77.82106018
556,F070801030409_476,2420.002407,114305.7642,28.23352432,4686.765137,1380.619385,95.42931366,1112.400879,27.66885376,7.905386925,28.23352432,0.003192906,700.430481,637.3917236,0.003491224,3.987694979,7975.389648,3.987694979,1.52209E-05,6067.384766,7.353037357,9.519083023,1175.306885,1521.526855,104,070801030409,35.57424164
557,F070801030409_494,4384.522303,734530.0896,181.4289246,30117.20117,29572.91406,613.2297363,7148.299805,177.8003387,50.80009842,181.4289246,0.020517645,4501.068359,4095.972168,0.022435112,51.55485535,103109.7109,51.55485535,0.000196783,59690.11719,7.352882385,14.5728817,584.1777954,1157.798218,104,070801030409,228.6004333
558,F070801030409_495,3262.03055,423047.6983,104.4927826,17345.80273,21120.08203,353.1856079,4117.015625,102.4029236,29.25797844,104.4927826,0.011817002,2592.326172,2359.016846,0.012921183,36.23694229,72473.88281,36.23694229,0.000138315,38465.88281,7.35297966,16.30589485,478.6773376,1061.510132,104,070801030409,131.6609039
559,F070801030409_497,7284.672231,315947.4648,78.03902435,12954.47852,12720.35938,263.7719116,3074.737549,76.47824097,21.85092735,78.03902435,0.008825368,1936.035889,1761.792603,0.009649972,245.8976746,491795.3438,245.8976746,0.000938581,25674.83789,7.353009701,14.57313251,52.68239594,104.4126892,108,070801030409,98.32917023
560,F070801030409_516,2449.428065,331431.6984,81.8636322,13589.36328,14411.27246,276.6990662,3225.427002,80.22635651,22.92181778,81.8636322,0.00925789,2030.935181,1848.151001,0.010122987,23.3516655,46703.33203,23.3516655,8.91323E-05,28000.63672,7.352950573,15.15062141,581.9440918,1199.085205,108,070801030409,103.1481781
561,F070801030601_20,8464.707579,783766.6535,193.5903625,32136,29030.81055,654.3354492,7627.460449,189.7185516,54.20530319,193.5903625,0.021892972,5765.547852,5246.648438,0.02873778,468.0723267,936144.6875,468.0723267,0.001786612,61166.8125,6.125052929,11.65826416,68.65605927,130.6781158,105,070801030601,243.9238586
562,F070801030601_51,3523.512778,696572.5647,172.053421,28560.86719,38701.69531,581.5405884,6778.904785,168.6123505,48.17495728,172.053421,0.019457377,4496.32666,4091.657227,0.022411479,108.4955673,216991.1406,108.4955673,0.000414123,67262.5625,6.980268955,16.4389534,263.2445679,619.9567871,104,070801030601,216.7873077
563,F070801030601_135,2432.648015,214436.4874,52.96581268,8792.325195,12259.4668,179.0244446,2086.853027,51.90649796,14.83042717,52.96581268,0.00598986,1314.028687,1195.766113,0.006549641,72.61120605,145222.4063,72.61120605,0.000277154,21051.79297,7.352880478,17.60527611,121.0877151,289.9248352,105,070801030601,66.73692322
564,F070801030601_141,1153.45635,61421.07634,15.1710062,2518.386963,2225.586426,51.27799988,597.7376709,14.86758614,4.247881889,15.1710062,0.001715676,418.6593628,380.980011,0.002086764,46.9138298,93827.65625,46.9138298,0.000179068,4743.973633,6.610286236,12.45202732,53.68112183,101.1210022,105,070801030601,19.11546707
565,F070801030601_285,2922.933429,239141.4303,59.06793213,9805.276367,10205.75879,199.6496124,2327.276611,57.88657379,16.53902054,59.06793213,0.006679943,1465.425171,1333.536865,0.007304261,31.58569336,63171.38672,31.58569336,0.000120561,20011.03516,7.352834702,15.00598526,310.4341125,633.5474243,105,070801030601,74.42559814
566,F070801030601_378,1057.452657,69635.4157,17.19994736,2855.191162,4878.248535,58.1358223,677.6779175,16.85594749,4.815985203,17.19994736,0.001945128,449.4772644,409.0243225,0.002240373,17.56612778,35132.25781,17.56612778,6.70492E-05,7733.439453,6.980492592,18.90703964,162.5395813,440.2472534,104,070801030601,21.67193222
567,F070801030601_435,1104.477274,40124.46043,9.910741806,1645.183105,1744.686768,33.49830627,390.4832153,9.712527275,2.775007725,9.910741806,0.001120797,273.4945068,248.8800049,0.001363205,,,,,3389.869873,6.610346794,13.62049866,,,105,070801030601,12.48753548
568,F070801030601_474,1635.45481,69962.18835,17.28066063,2868.5896,4225.121094,58.40863419,680.8580322,16.93504715,4.8385849,17.28066063,0.001954255,428.7379456,390.1515198,0.002137,,,,,7093.710938,7.352501392,18.18193817,,,104,070801030601,21.77363205
569,F070801030601_525,1466.25149,57733.933,14.26028156,2367.206787,2463.891357,48.19975281,561.8551025,13.97507572,3.992878914,14.26028156,0.001612683,402.4404602,366.2208252,0.002005923,58.17283249,116345.6719,58.17283249,0.000222043,4831.098145,6.463878155,13.19176292,40.69264984,83.04732513,105,070801030601,17.96795464
570,F070801030601_528,1009.960405,57238.95229,14.13802147,2346.911621,1613.147827,47.78651428,557.0380249,13.85526085,3.958646059,14.13802147,0.001598857,398.9757996,363.0679626,0.001988654,68.65381622,137307.6406,68.65381622,0.000262049,3960.05957,6.464110851,10.90721321,34.1847229,57.68156433,105,070801030601,17.81390762
571,F070801030602_36,1037.507381,65717.63988,16.23225784,2694.554688,2487.106201,54.8650322,639.5509644,15.9076128,4.545032024,16.23225784,0.001835693,402.7002258,366.4572144,0.002007218,4.101148129,8202.296875,4.101148129,1.56539E-05,5181.661133,7.352985859,14.13988018,657.0244751,1263.465942,104,070801030602,20.45264435
572,F070801030602_68,2722.45153,310675.0366,76.73673248,12738.29785,21764.07031,259.3701477,3023.427246,75.20199585,21.48628426,76.73673248,0.008678094,1903.765991,1732.427002,0.009489126,40.54777908,81095.5625,40.54777908,0.000154769,34502.36719,7.352862835,19.91562462,314.1552429,850.9064331,104,070801030602,96.6882782
573,F070801030602_75,3656.64788,636743.2082,157.2755737,26107.74609,26148.63477,531.5914307,6196.657715,154.1300659,44.03715897,157.2755737,0.017786164,3901.834229,3550.669189,0.019448292,40.22644043,80452.88281,40.22644043,0.000153543,52256.38281,7.352908611,14.71733379,649.0195313,1299.055542,104,070801030602,198.1672211
574,F070801030602_88,4453.574186,483756.6458,119.4878922,19834.99023,25319.48242,403.8690796,4707.822754,117.0981369,33.45661163,119.4878922,0.013512786,3178.923096,2892.820068,0.015845016,25.33512497,50670.25,25.33512497,9.67031E-05,45154.47266,6.856627941,15.60915375,782.9047852,1782.287354,104,070801030602,150.5547485
575,F070801030602_105,2667.019704,287892.9363,71.10955811,11804.18652,15068.11328,240.3503113,2801.716553,69.6873703,19.91067696,71.10955811,0.008041721,1962.268311,1785.664185,0.009780725,29.10270882,58205.41797,29.10270882,0.000111084,26872.30078,6.6105299,15.04891109,405.6044006,923.3608398,104,070801030602,89.59804535
576,F070801030602_107,2135.150845,174556.7454,43.11551666,7157.175781,12790.64844,145.7304535,1698.751343,42.25320816,12.07234478,43.11551666,0.004875898,1069.649292,973.3808594,0.005331557,30.99042702,61980.85547,30.99042702,0.000118289,19947.82422,7.352903843,20.49333954,230.9479523,643.677002,104,070801030602,54.32555389
577,F070801030602_142,696.0460048,23772.50239,5.871808052,974.7201538,1550.510132,19.84671211,231.3492432,5.75437212,1.644106269,5.871808052,0.000664038,171.5249329,156.0876923,0.000854948,,,,,2525.230225,6.244695663,16.17827988,,,104,070801030602,7.398478508
578,F070801030602_165,1070.673547,63611.07224,15.71193504,2608.181152,2356.161865,53.10634232,619.0502319,15.3976965,4.399341583,15.71193504,0.00177685,433.5910645,394.5678711,0.00216119,15.9278698,31855.73828,15.9278698,6.0796E-05,4964.342773,6.610221863,12.58172035,163.749527,311.6765137,104,070801030602,19.79703903
579,F070801030602_186,1643.317545,73865.97533,18.24489594,3028.652832,2736.003906,61.6677475,718.848877,17.87999725,5.108571053,18.24489594,0.0020633,452.6445618,411.9065552,0.00225616,12.69307899,25386.1582,12.69307899,4.84489E-05,5764.656738,7.352766991,13.99505901,238.6066284,454.1574707,104,070801030602,22.98856735
580,F070801030602_203,1347.993788,62962.02613,15.55162048,2581.569092,1622.345459,52.56447601,612.7338257,15.24058819,4.354453564,15.55162048,0.00175872,429.169281,390.5440369,0.00213915,3.085815668,6171.631348,3.085815668,1.17784E-05,4203.914551,6.610187054,10.76425266,836.5921021,1362.334961,104,070801030602,19.59504128
581,F070801030602_204,1575.250648,110048.1107,27.18188286,4512.192383,2658.388184,91.87476349,1070.966187,26.63824463,7.610927105,27.18188286,0.003073976,803.2200317,730.9302368,0.004003568,7.200825691,14401.65137,7.200825691,2.74852E-05,7170.580566,6.173218727,9.810212135,626.621521,995.7997437,104,070801030602,34.24917221
582,F070801030602_206,1312.371286,88395.9138,21.83378983,3624.40918,3701.264404,73.79821014,860.2513428,21.3971138,6.113461018,21.83378983,0.002469165,570.5952759,519.2416992,0.002844074,5.837831974,11675.66406,5.837831974,2.22828E-05,7325.673828,6.980196476,14.10840797,620.8485107,1254.862061,104,070801030602,27.51057434
583,F070801030602_208,2466.229556,288879.4253,71.35321808,11844.63379,15817.58301,241.1738739,2811.316895,69.92615509,19.97890091,71.35321808,0.008069276,1770.21167,1610.892578,0.008823438,33.24726105,66494.51563,33.24726105,0.000126903,27662.2168,7.352838993,17.17198181,356.2589417,832.0148926,104,070801030602,89.90505981
584,F070801030602_211,3101.898213,311004.5839,76.81813049,12751.80957,15526.48047,259.6452942,3026.634277,75.2817688,21.50907707,76.81813049,0.008687299,1905.759277,1734.240967,0.009499061,32.85044098,65700.88281,32.85044098,0.000125389,28278.28906,7.352962971,16.30585861,388.1777344,860.8191528,104,070801030602,96.79084778
585,F070801030602_226,1436.084772,81033.91905,20.01537895,3322.552979,4110.758301,67.65197754,788.605957,19.61507225,5.604306221,20.01537895,0.002263522,496.5669556,451.8759155,0.002475087,11.77471161,23549.42188,11.77471161,4.49436E-05,7433.311523,7.352799416,16.44989586,282.177002,631.2945557,104,070801030602,25.21937943
586,F070801030602_269,1667.744666,88293.3916,21.80846786,3620.205566,4336.829102,73.7126236,859.2536621,21.37229919,6.106370926,21.80846786,0.002466301,541.0640259,492.3682556,0.002696878,3.165478706,6330.95752,3.165478706,1.20825E-05,7957.034668,7.352638245,16.16073799,1143.651855,2513.690674,104,070801030602,27.47867012
587,F070801030602_271,1965.17899,238051.4877,58.7987175,9760.586914,10734.29199,198.7396698,2316.669434,57.6227417,16.46364021,58.7987175,0.006649498,1458.729492,1327.443848,0.007270887,9.953957558,19907.91406,9.953957558,3.79938E-05,20494.87891,7.352919102,15.4393568,980.5734863,2058.967773,104,070801030602,74.08638
588,F070801030602_280,3633.721847,719562.7506,177.7319946,29503.51172,41137.84766,600.7341309,7002.640625,174.1773529,49.76495743,177.7319946,0.020099564,5252.060547,4779.375,0.026178354,36.08095169,72161.89844,36.08095169,0.000137719,70641.35938,6.173089981,14.7804594,817.7032471,1957.857422,104,070801030602,223.9423065
589,F070801030602_307,924.6607911,40719.10604,10.05761909,1669.564819,1639.39209,33.99475098,396.2702026,9.856466293,2.816133261,10.05761909,0.001137408,297.1952209,270.4476624,0.001481339,,,,,3308.957031,6.173337936,12.23511028,,,104,070801030602,12.67259979
590,F070801030602_310,739.027763,26217.05905,6.475613594,1074.951904,1351.071899,21.88757324,255.1391754,6.346101284,1.813171864,6.475613594,0.000732322,178.6772308,162.596283,0.000890598,,,,,2426.023926,6.611171246,14.92053699,,,104,070801030602,8.159273148
591,F070801030602_311,585.5865743,20627.01276,5.094871998,845.7487793,896.9012451,17.22066689,200.7379608,4.992974758,1.426564217,5.094871998,0.000576175,140.6018677,127.9477005,0.000700816,,,,,1742.650024,6.610113144,13.62001801,,,104,070801030602,6.419538975
592,F070801030602_362,1546.305222,154205.8996,38.08885574,6322.75,7326.010742,128.7403259,1500.700928,37.32707977,10.6648798,38.08885574,0.004307437,995.3999634,905.8139648,0.004961469,15.43109894,30862.19727,15.43109894,5.88998E-05,13648.76074,6.980185986,15.0679512,409.7407532,884.4970093,104,070801030602,47.99195862
593,F070801030602_372,1822.28245,193233.6238,47.72870636,7922.965332,9802.521484,161.3230286,1880.510986,46.77413177,13.36403751,47.72870636,0.0053976,1184.112793,1077.542603,0.005902088,25.93372726,51867.45313,25.93372726,9.89879E-05,17725.48633,7.352809429,16.44991684,305.5081482,683.4916382,104,070801030602,60.13816833
594,F070801030602_398,1570.097074,155927.3379,38.51405334,6393.333008,8788.90625,130.1775055,1517.453735,37.7437706,10.78393459,38.51405334,0.004355522,1147.030884,1043.798096,0.005717258,22.90932655,45818.65234,22.90932655,8.74439E-05,15182.23926,6.125066757,14.54518795,279.0711975,662.7099609,104,070801030602,48.52770615
595,F070801030602_408,1429.17344,112507.5754,27.78937149,4613.035645,4710.854492,93.9280777,1094.901245,27.23358345,7.781023979,27.78937149,0.003142677,689.444397,627.3944092,0.003436465,6.548792362,13097.58496,6.548792362,2.49965E-05,9323.890625,7.352688313,14.86129093,704.4100952,1423.757202,104,070801030602,35.01460648
596,F070801030602_419,3812.740598,569477.1913,140.6608734,23349.70508,24761.9375,475.4337463,5542.038574,137.8476563,39.3850441,140.6608734,0.015907221,3742.243408,3405.441406,0.018652827,36.4033165,72806.63281,36.4033165,0.00013895,48111.64063,6.856586933,14.12787247,641.4169922,1321.62793,104,070801030603,177.2326965
597,F070801030602_533,2482.371519,115530.3243,28.53598976,4736.974121,6232.829102,96.4516449,1124.317993,27.96526909,7.990077019,28.53598976,0.003227111,707.9627075,644.2460938,0.003528767,3.579739332,7159.478516,3.579739332,1.36637E-05,10969.80273,7.352740288,17.02734756,1323.273438,3064.413818,104,070801030602,35.95534515
598,F070801030602_584,2061.087404,72482.97798,17.90329552,2971.947021,3735.343262,60.51313782,705.3898315,17.54522896,5.012922764,17.90329552,0.002024669,512.9542847,466.7883911,0.002556768,22.35731888,44714.64063,22.35731888,8.53369E-05,6707.290039,6.36679697,14.36901665,132.9294891,300.0042114,104,070801030602,22.55815125
599,F070801030603_34,2961.177752,491704.2135,121.450943,20160.85742,31674.40625,410.5041809,4785.166992,119.0219269,34.00626373,121.450943,0.013734786,3013.041748,2741.86792,0.015018197,47.37592697,94751.85156,47.37592697,0.000180832,51835.26563,7.352964401,18.90509224,425.5506592,1094.126709,108,070801030603,153.0281982
600,F070801030603_35,1883.330635,93909.91266,23.19574928,3850.494385,5368.887695,78.40163422,913.9125366,22.73183441,6.494809628,23.19574928,0.002623188,575.4779663,523.6849365,0.002868411,50.96779633,101935.5859,50.96779633,0.000194542,9219.381836,7.352692604,17.60482597,75.54759216,180.8864136,108,070801030603,29.22664452
601,F070801030603_88,1454.205808,109305.7193,26.99851227,4481.75293,6513.121094,91.25497437,1063.741333,26.45854187,7.559583664,26.99851227,0.003053239,669.7932129,609.5118408,0.003338516,19.09307861,38186.15625,19.09307861,7.28775E-05,10994.87402,7.353020191,18.03882027,234.7318115,575.8565063,108,070801030603,34.01812744
602,F070801030603_117,2371.548291,337246.1412,83.29979706,13827.7666,21724.58789,281.5533142,3282.011963,81.63380432,23.32394409,83.29979706,0.009420305,2176.879395,1980.960205,0.010850431,32.92467117,65849.34375,32.92467117,0.000125672,35552.35547,6.980335236,17.94703102,419.9819336,1079.80896,108,070801030603,104.9577484
603,F070801030603_122,1644.842792,146061.0838,36.0770874,5988.796387,9173.681641,121.9405518,1421.437256,35.35554504,10.10158443,36.0770874,0.004079928,959.8275757,873.4431152,0.004784162,47.48400879,94968.01563,47.48400879,0.000181244,15162.47852,6.856538773,17.35943413,126.1223831,319.3175659,108,070801030603,45.45713043
604,F070801030603_160,3268.645234,478169.6798,118.1079102,19605.91406,24642.03516,399.2047424,4653.45166,115.7457504,33.07021332,118.1079102,0.013356725,2930.103027,2666.393799,0.014604798,18.90999794,37819.99609,18.90999794,7.21787E-05,44247.94922,7.352970123,16.59467888,1036.801514,2339.923584,108,070801030603,148.8159637
605,F070801030603_168,3511.599021,609824.1523,150.6265717,25004.01172,43702.79297,509.1177979,5934.687012,147.6140442,42.17544174,150.6265717,0.017034233,,,,127.7824402,255564.875,127.7824402,0.00048774,68706.80469,,,195.6764374,537.685791,108,070801030605,189.7894897
606,F070801030603_178,2400.743366,318076.4084,78.56487274,13041.76855,12806.07422,265.5492554,3095.456055,76.99357605,21.99816513,78.56487274,0.008884836,2339.844238,2129.258301,0.011662713,31.15883827,62317.67578,31.15883827,0.000118932,25847.84375,6.125029087,12.1393652,418.5575867,829.5509644,108,070801030603,98.991745
607,F070801030603_181,2486.06447,322855.406,79.74528503,13237.71777,16638.05664,269.5390625,3141.964111,78.150383,22.32868004,79.74528503,0.009018328,2374.981689,2161.233398,0.011837852,47.70613861,95412.27344,47.70613861,0.000182092,29875.77344,6.12507534,13.82348347,277.4845886,626.2459106,108,070801030603,100.4790649
608,F070801030603_191,1114.478203,64087.4267,15.82959461,2627.712646,4283.171875,53.50402832,623.6860352,15.5130024,4.432286263,15.82959461,0.001790156,392.7216797,357.3767395,0.001957481,4.372276783,8744.553711,4.372276783,1.66888E-05,6910.884766,7.352780342,19.33781433,600.9941406,1580.614624,108,070801030603,19.94528961
609,F070801030603_210,1396.128272,31172.552,7.699620247,1278.136963,1531.14624,26.02471733,303.3650513,7.545628071,2.155893564,7.699620247,0.000870744,201.2292175,183.1185913,0.001003006,2.395407915,4790.81543,2.395407915,9.14317E-06,2809.283203,6.979831696,15.34133244,533.5780029,1172.778687,108,070801030603,9.701521873
610,F070801030603_215,1919.313661,170654.2277,42.15159607,6997.165039,10306.06348,142.4723969,1660.772827,41.30856323,11.80244732,42.15159607,0.004766889,1045.738892,951.6223755,0.005212378,5.274528027,10549.05664,5.274528027,2.01326E-05,17303.22852,7.352880001,18.18287277,1326.595459,3280.526367,108,070801030603,53.11101151
611,F070801030603_283,415.9740157,11109.28915,2.743994474,455.5030823,545.6706543,9.274701118,108.1133804,2.689114571,0.768318474,2.743994474,0.000310316,75.68354034,68.87202454,0.000377237,,,,,1001.173706,6.613760471,14.53672504,,,108,070801030603,3.457432985
612,F070801030603_286,3497.818333,595307.7272,147.0410156,24408.80859,41224.41406,496.9986267,5793.416016,144.1001892,41.1714859,147.0410156,0.016628746,4057.606445,3692.421875,0.020224722,157.8766327,315753.2813,157.8766327,0.000602608,65633.21875,6.610514641,17.77511406,154.606842,415.7247314,108,070801030603,185.2716675
613,F070801030603_292,1574.566778,154902.8887,38.26101303,6351.328125,10726.85742,129.3222198,1507.483887,37.49579239,10.71308327,38.26101303,0.004326906,999.8868408,909.8970337,0.004983833,30.60814476,61216.28906,30.60814476,0.00011683,17078.18555,6.980271339,18.7693615,207.5045166,557.9620972,108,070801030603,48.20887756
614,F070801030603_300,1156.451978,61262.79741,15.13191128,2511.897217,3502.432373,51.14585876,596.1973267,14.82927322,4.236935139,15.13191128,0.001711255,395.4556885,359.8646851,0.001971108,47.76875305,95537.50781,47.76875305,0.000182331,6014.32959,6.980115891,16.7127533,52.58452606,125.905098,108,070801030603,19.06620789
615,F070801030603_302,2326.027376,294555.7745,72.75527954,12077.37598,14705.29688,245.9128418,2866.558105,71.3001709,20.37147903,72.75527954,0.008227834,1935.601318,1761.397217,0.009647806,231.0866852,462173.375,231.0866852,0.000882048,26782.67188,6.856702328,15.20535564,52.26340103,115.8988113,108,070801030603,91.67164612
616,F070801030603_303,1306.469676,59397.58831,14.67120457,2435.419922,2726.203125,49.58867264,578.0454712,14.37778091,4.107937336,14.67120457,0.001659154,383.4231262,348.9150391,0.001911133,,,,,5161.623047,6.979979992,14.79335213,,,108,070801030603,18.48571777
617,F070801030603_332,1276.638834,89993.95115,22.22850609,3689.932129,5434.869629,75.13234711,875.8031616,21.78393555,6.223981857,22.22850609,0.002513803,551.4585571,501.827301,0.002748688,3.984738588,7969.477051,3.984738588,1.52096E-05,9124.801758,7.352992058,18.18315125,926.0161133,2289.937256,108,070801030603,28.0079174
618,F070801030603_343,1045.08515,19599.03344,4.840961456,803.5996094,1388.774902,16.36244965,190.7338867,4.744142056,1.355469227,4.840961456,0.00054746,133.5593872,121.5390396,0.000665713,,,,,2192.374512,6.61186409,18.0384388,,,108,070801030603,6.099611282
619,F070801030603_352,1615.582247,158086.1461,39.04727936,6481.848145,9801.647461,131.9797974,1538.462769,38.26633453,10.93323803,39.04727936,0.004415824,1077.52124,980.5443115,0.005370794,31.79228783,63584.57813,31.79228783,0.00012135,16283.49609,6.610459328,16.60658836,203.8811493,512.1838379,108,070801030603,49.19957352
620,F070801030603_391,1980.372601,235451.5921,58.15654373,9653.986328,10237.87891,196.5691223,2291.36792,56.99341202,16.28383255,58.15654373,0.006576875,1442.774414,1312.924683,0.00719136,14.11114597,28222.29297,14.11114597,5.38616E-05,19891.86523,7.353038788,15.15080452,684.1390991,1409.65625,104,070801030603,73.27724457
621,F070801030603_407,891.1586194,48139.78492,11.89052677,1973.827393,969.0779419,40.18997955,468.4867554,11.65271664,3.32934761,11.89052677,0.00134469,316.3607483,287.8882751,0.001576868,16.26571465,32531.42969,16.26571465,6.20855E-05,2942.905273,6.856226921,10.22238636,121.3489532,180.9268951,108,070801030603,14.98206425
622,F070801030603_464,2412.606955,326154.888,80.56025696,13373.00293,15494.95996,272.2936707,3174.074219,78.9490509,22.55687141,80.56025696,0.009110493,2105.323242,1915.844116,0.010493767,23.23204613,46464.09375,23.23204613,8.86757E-05,28867.96289,6.980214596,15.06801224,575.6274414,1242.592407,104,070801030603,101.5059204
623,F070801030603_482,5218.992491,791240.828,195.4364777,32442.45508,35678.88672,660.5753174,7700.197266,191.5277405,54.72221375,195.4364777,0.022101749,4848.524414,4412.157227,0.024166971,175.0879974,350176,175.0879974,0.000668303,68121.34375,7.35296917,15.43946457,185.2922821,389.0691833,104,070801030603,246.2499542
624,F070801030603_485,1984.208202,234679.4544,57.96582413,9622.327148,15684.39355,195.9244843,2283.853516,56.80650711,16.2304306,57.96582413,0.006555307,1712.909668,1558.747803,0.008537822,15.60309887,31206.19727,15.60309887,5.95564E-05,25306.7207,6.173113346,16.23528862,616.6933594,1621.903442,104,070801030603,73.03694153
625,F070801030603_499,4328.618273,683688.3343,168.8710175,28032.58984,36334.28906,570.7840576,6653.518066,165.4935913,47.28388596,168.8710175,0.019097483,4189.474121,3812.421387,0.020882003,68.01132202,136022.6406,68.01132202,0.000259596,64366.87891,7.352962017,16.88346481,412.175354,946.4141846,104,070801030603,212.7774811
626,F070801030603_517,1612.306917,162491.3996,40.13537598,6662.472656,10205.62109,135.6575775,1581.333862,39.3326683,11.2379055,40.13537598,0.004538876,995.6925659,906.0802612,0.004962927,8.499947548,16999.89453,8.499947548,3.24439E-05,16868.09375,7.353071213,18.61655617,783.8251343,1984.493896,108,070801030603,50.5705719
627,F070801030603_519,3304.516414,478274.2575,118.1337433,19610.20117,24262.30664,399.2920532,4654.469727,115.7710648,33.0774498,118.1337433,0.013359646,2930.734863,2666.96875,0.014607946,50.92715836,101854.3203,50.92715836,0.000194387,43872.50781,7.352992535,16.45032692,385.0637207,861.475647,104,070801030603,148.8485107
628,F070801030603_539,1359.761891,87717.32678,21.66617966,3596.585938,4308.537109,73.23168945,853.6474609,21.23285675,6.066530228,21.66617966,0.00245021,537.5317383,489.1538696,0.002679272,5.005159378,10010.31836,5.005159378,1.91045E-05,7905.123047,7.352667809,16.16081047,718.5756836,1579.394897,108,070801030603,27.29938698
629,F070801030603_560,2743.661052,378549.2589,93.50166321,15521.27637,14935.95703,316.035614,3683.965576,91.63162994,26.1804657,93.50166321,0.010574025,2319.660156,2110.890625,0.011562107,33.62160873,67243.21875,33.62160873,0.000128332,30457.23438,7.352951527,14.42861843,461.6458435,905.8826904,108,070801030603,117.8120956
630,F070801030603_597,2417.050847,323846.2597,79.99002838,13278.34473,15646.0498,270.3663025,3151.607178,78.39022827,22.39720726,79.99002838,0.009046006,1984.438599,1805.839111,0.00989123,20.53238869,41064.77734,20.53238869,7.83713E-05,28924.39453,7.353005409,16.01714897,646.7023926,1408.720337,104,070801030603,100.7874374
631,F070801030603_609,2462.593392,274020.4043,67.6830368,11235.38379,14342.03711,228.7686615,2666.71167,66.32937622,18.95125008,67.6830368,0.007654218,1867.694824,1699.602295,0.009309333,21.96027756,43920.55859,21.96027756,8.38214E-05,25577.42188,6.610595703,15.04906273,511.6230469,1164.713013,104,070801030603,85.28062439
632,F070801030603_620,3812.179263,611586.199,151.0617981,25076.25781,26100.45703,510.5888672,5951.834961,148.0405579,42.29730225,151.0617981,0.017083453,3747.657959,3410.368652,0.018679814,41.95924759,83918.5,41.95924759,0.000160157,51176.71484,7.352946281,15.00621223,597.633667,1219.676636,104,070801030603,190.3378601
633,F070801030603_678,2442.763311,333145.0296,82.28681946,13659.6123,16900.06641,278.1294556,3242.100586,80.64108276,23.04030991,82.28681946,0.009305748,2041.414795,1857.6875,0.010175223,48.29694748,96593.89844,48.29694748,0.000184347,30559.67969,7.353019238,16.45038795,282.825592,632.7455444,104,070801030603,103.6813965
634,F070801030603_682,663.4576882,24454.3584,6.04022646,1002.677612,1673.746826,20.41596603,237.9849243,5.91942215,1.691263437,6.04022646,0.000683084,166.6958771,151.6932526,0.000830879,,,,,2676.424316,6.609902382,17.6436615,,,108,070801030603,7.610685349
635,F070801030603_694,2214.698812,284591.4684,70.29409027,11668.81934,17874.38281,237.5940247,2769.587158,68.88820648,19.68234444,70.29409027,0.0079495,1983.777832,1805.237793,0.009887937,28.1159935,56231.98438,28.1159935,0.000107318,29543.20313,6.463868141,16.36526871,415.0242615,1050.761475,108,070801030603,88.57054901
636,F070801030603_710,889.4224449,47275.9033,11.67714787,1938.406494,2093.712891,39.46876144,460.0796204,11.44360447,3.269601345,11.67714787,0.001320559,322.1906433,293.1934814,0.001605926,,,,,4032.119385,6.611356258,13.75241852,,,108,070801030603,14.71320534
637,F070801030603_738,1563.30119,135368.892,33.43611526,5550.39502,6213.098145,113.0140686,1317.382935,32.7673912,9.362112045,33.43611526,0.003781262,995.8008423,906.178772,0.004963467,13.93072891,27861.45703,13.93072891,5.3173E-05,11763.49316,6.125055313,12.98142624,398.4281921,844.4276733,108,070801030603,42.12950134
638,F070801030603_745,1435.533832,94473.0887,23.33485222,3873.585449,5857.516113,78.87180328,919.3931885,22.86815453,6.53375864,23.33485222,0.002638919,609.8135376,554.9302979,0.003039553,10.32249165,20644.98438,10.32249165,3.94005E-05,9731.101563,6.980309963,17.53571892,375.2568359,942.7086182,108,070801030603,29.40191269
639,F070801030603_778,1689.332658,119356.9211,29.48115921,4893.872559,4228.777344,99.64631653,1161.557617,28.89153671,8.254724503,29.48115921,0.003334,731.3850708,665.5604248,0.003645514,17.50279427,35005.58594,17.50279427,6.68074E-05,9122.650391,7.353010178,13.70672035,279.6052246,521.2110596,104,070801030603,37.14626312
640,F070801030603_794,1932.529368,142850.6257,35.28410339,5857.161133,6556.494141,119.2602692,1390.193726,34.57842255,9.879549026,35.28410339,0.00399025,875.3442383,796.5632324,0.004363063,7.894593716,15789.1875,7.894593716,3.01333E-05,12413.65527,7.353039742,15.58401775,741.9205322,1572.424805,108,070801030603,44.45796967
641,F070801030603_802,1209.741474,80937.5958,19.99158669,3318.603271,3649.664307,67.57156372,787.6685181,19.59175491,5.597644329,19.99158669,0.002260832,495.9508667,451.3152771,0.002472016,4.913064957,9826.129883,4.913064957,1.8753E-05,6968.267578,7.353181839,15.43991089,675.4649658,1418.313721,108,070801030603,25.18939972
642,F070801030604_239,2181.090797,198501.8603,49.02996063,8138.973633,8791.071289,165.7212677,1931.780396,48.04936218,13.72838879,49.02996063,0.005544757,1216.385132,1106.910522,0.006062947,10.99217224,21984.34375,10.99217224,4.19567E-05,16930.04492,7.352873802,15.29486275,740.4335938,1540.19104,104,070801030604,61.77775192
643,F070801030604_453,1289.904871,72206.85689,17.83509445,2960.625732,3837.398438,60.28261948,702.7026978,17.47839165,4.993826389,17.83509445,0.002016956,442.4918823,402.6676025,0.002205555,9.265106201,18530.21289,9.265106201,3.53645E-05,6798.024414,7.352530479,16.88247108,319.5458069,733.7233276,104,070801030604,22.47221756
644,F070801030605_13,3126.125479,610078.2717,150.6893311,25014.42969,26036.10352,509.3299255,5937.159668,147.6755371,42.19301224,150.6893311,0.017041331,3738.423096,3401.965088,0.018633787,39.98065567,79961.3125,39.98065567,0.000152604,51050.53125,7.352935314,15.00618935,625.6633301,1276.880737,108,070801030605,189.8685455
645,F070801030605_15,908.1540328,44602.52614,11.01682377,1828.792725,1400.678955,37.236866,434.0628662,10.79648685,3.084710598,11.01682377,0.001245883,287.919281,262.0065308,0.001435104,4.015925884,8031.852051,4.015925884,1.53286E-05,3229.47168,6.979950905,12.3259201,455.3850708,804.1661377,108,070801030605,13.88119698
646,F070801030605_85,2351.661445,270452.0073,66.80164337,11089.07324,20035.14844,225.7895508,2631.984863,65.46560669,18.70446014,66.80164337,0.007554542,1843.399292,1677.493408,0.009188235,40.62036133,81240.71875,40.62036133,0.000155046,31124.22266,6.610501766,18.55400658,272.992981,766.222229,108,070801030605,84.17006683
647,F070801030605_95,4270.368382,631377.0208,155.950119,25887.7207,47280.95703,527.1113892,6144.43457,152.8311157,43.6660347,155.950119,0.017636269,3868.927734,3520.724121,0.019284273,90.6942749,181388.5469,90.6942749,0.000346176,73168.67969,7.352953434,20.78228188,285.4394226,806.7618408,108,070801030605,196.4971466
648,F070801030605_137,2112.757041,263862.139,65.1739502,10818.87598,18697.10156,220.2879486,2567.853516,63.87047195,18.24870682,65.1739502,0.007370468,1703.200073,1549.912109,0.008489426,60.07711029,120154.2266,60.07711029,0.000229312,29515.97656,6.980315685,19.04364586,180.0831604,491.3015442,108,070801030605,82.11917877
649,F070801030605_177,3489.975896,157475.4083,38.89642715,6456.807129,11031.80371,131.4699249,1532.519287,38.11849976,10.89099979,38.89642715,0.004398765,1016.505432,925.0199585,0.005066667,22.20793533,44415.86719,22.20793533,8.47667E-05,17488.61133,6.980181217,18.9061985,290.7432556,787.4937744,108,070801030605,49.0094986
650,F070801030605_207,1279.77596,100693.3716,24.8712635,4128.629883,7053.988281,84.06487274,979.9277954,24.37383842,6.963953972,24.8712635,0.002812671,617.0082397,561.477478,0.003075414,24.96339989,49926.80078,24.96339989,9.52842E-05,11182.61816,7.353153229,19.91641426,165.3873291,447.9605408,108,070801030605,31.33779144
651,F070801030605_233,1468.026251,106073.9467,26.20026398,4349.243652,6320.551758,88.5568924,1032.290405,25.67625809,7.336073875,26.20026398,0.002962966,650.0130615,591.5119019,0.003239923,6.196352005,12392.7041,6.196352005,2.36512E-05,10669.79492,7.352757454,18.03817368,701.9039307,1721.947876,108,070801030605,33.01233292
652,F070801030605_251,525.1718554,18090.24894,4.468291283,741.7363281,0,15.10282421,176.0506744,4.378925323,1.251121521,4.468291283,0.000505315,123.3145828,112.2162704,0.000614649,,,,,741.7363281,6.609882355,6.609882355,,,108,070801030605,5.630046844
653,F070801030605_252,2768.092705,142448.6398,35.18481445,5840.679199,6767.445801,118.924675,1386.281738,34.48111725,9.851748466,35.18481445,0.003979021,872.8798218,794.3206177,0.00435078,,,,,12608.125,7.353049755,15.87284088,,,108,070801030605,44.33286667
654,F070801030605_259,3110.874791,373405.3622,92.23112488,15310.36719,23151.85742,311.7412109,3633.90625,90.38650513,25.82471466,92.23112488,0.010430341,2288.126953,2082.195557,0.011404933,112.646843,225293.6875,112.646843,0.000429968,38462.22656,7.352992058,18.47195625,135.9147491,341.4407959,108,070801030605,116.2112198
655,F070801030605_269,3024.067088,261432.4789,64.57382202,10719.25488,11578.08594,218.2595215,2544.208496,63.28234482,18.0806694,64.57382202,0.007302599,1781.948242,1621.572876,0.008881938,,,,,22297.33984,6.610405922,13.75043964,,,108,070801030605,81.36301422
656,F070801030605_308,1435.156329,97078.06517,23.97828293,3980.39502,3830.290527,81.04659271,944.7443237,23.49871635,6.713919163,23.97828293,0.002711684,594.8518677,541.3151855,0.002964978,6.416854382,12833.70898,6.416854382,2.44929E-05,7810.685547,7.353192806,14.4290905,620.3031616,1217.214111,104,070801030605,30.21263504
657,F070801030605_310,1517.712764,77010.02265,19.02147484,3157.564941,3100.500488,64.29258728,749.446106,18.64104462,5.326013088,19.02147484,0.002151123,471.9011841,429.4300842,0.002352143,6.176713467,12353.42773,6.176713467,2.35763E-05,6258.06543,7.352919579,14.57295513,511.2047119,1013.170776,104,070801030605,23.96705818
658,F070801030606_35,2805.226402,481910.2638,119.0318375,19759.28516,36864.16406,402.3276062,4689.854492,116.6511993,33.32891464,119.0318375,0.013461212,2953.058594,2687.283203,0.014719216,34.39979935,68799.59375,34.39979935,0.000131303,56623.44922,7.352885246,21.07089043,574.4011841,1646.040161,108,070801030606,149.9801178
659,F070801030606_53,2415.624829,325009.9875,80.27746582,13326.05957,25123.63477,271.3378296,3162.932129,78.67191315,22.47768974,80.27746582,0.009078512,2097.92041,1909.107544,0.010456868,27.37269592,54745.39063,27.37269592,0.00010448,38449.69531,6.980256081,20.14014053,486.837677,1404.67334,108,070801030606,101.1496048
660,F070801030606_77,1176.105115,75103.46257,18.55055618,3079.392334,4354.186035,62.70087814,730.8919067,18.17954445,5.194155693,18.55055618,0.002097867,460.1993713,418.7814331,0.002293817,52.79131699,105582.6406,52.79131699,0.000201502,7433.578125,7.35322094,17.75049591,58.33141708,140.8106232,108,070801030606,23.37369919
661,F070801030606_382,974.5897367,38092.8904,9.40894413,1561.884766,2852.602539,31.80223083,370.7124023,9.220765114,2.634504318,9.40894413,0.00106405,245.8811035,223.7518005,0.001225569,,,,,4414.487305,6.980434418,19.72939301,,,108,070801030606,11.85526943
662,F070801030607_31,1087.214771,64485.72636,15.9279747,2644.043701,3011.661377,53.83655548,627.5621948,15.60941505,4.459833145,15.9279747,0.001801281,423.7393799,385.6028442,0.002112085,3.432086706,6864.17334,3.432086706,1.31001E-05,5655.705078,6.856909275,14.6671772,770.3895264,1647.891113,108,070801030607,20.0692482
663,F070801030607_71,1435.360246,124832.0537,30.83351707,5118.36377,4523.277344,104.2172852,1214.840576,30.21684647,8.633384705,30.83351707,0.003486937,764.9638672,696.1171265,0.003812884,16.74120522,33482.41016,16.74120522,6.39005E-05,9641.640625,7.352733612,13.8506012,305.7344971,575.9227295,108,070801030607,38.85023117
664,F070801030607_74,6577.381862,804605.7355,198.7376099,32990.44141,42112.50391,671.7330933,7830.261719,194.7628632,55.64653015,198.7376099,0.022475071,4930.421387,4486.683594,0.024575179,43.61567688,87231.35156,43.61567688,0.000166479,75102.94531,7.352968216,16.73907852,756.3895264,1721.925537,108,070801030607,250.4093933
665,F070801030607_77,1906.361345,133716.3901,33.02794647,5482.63916,6998.621094,111.6344604,1301.301147,32.36738586,9.247824669,33.02794647,0.003735103,819.3864136,745.6416626,0.004084148,10.50341702,21006.83398,10.50341702,4.00911E-05,12481.25977,7.352914333,16.73895264,521.9862671,1188.304688,108,070801030607,41.61521149
666,F070801030607_79,1891.2889,136354.6484,33.67959976,5590.813477,5599.570313,113.8370438,1326.976196,33.00600815,9.430288315,33.67959976,0.003808798,896.0132446,815.3720703,0.004466086,,,,,11190.38379,6.856763363,13.72426701,,,108,070801030607,42.43629456
667,F070801030607_90,2419.214918,190213.4347,46.98271942,7799.131348,7351.855957,158.80159,1851.119141,46.04306412,13.15516186,46.98271942,0.005313237,1165.594116,1060.690674,0.005809784,140.7143097,281428.625,140.7143097,0.000537101,15150.9873,7.352880001,14.28407669,55.42528915,107.6719742,108,070801030607,59.19822693
668,F070801030607_110,1014.902968,60818.63576,15.02220345,2493.685791,2546.564209,50.7750473,591.8748169,14.7217598,4.206216812,15.02220345,0.001698848,315.469696,287.0774231,0.001572426,,,,,5040.25,8.686457634,17.55710983,,,108,070801030607,18.92797661
669,F070801030607_243,2190.270595,206095.5684,50.90560532,8450.330078,11616.65918,172.0609436,2005.680908,49.88749313,14.2535696,50.90560532,0.005756872,1262.889648,1149.229614,0.006294744,12.60123825,25202.47656,12.60123825,4.80984E-05,20066.98828,7.353038788,17.46125221,670.5952148,1592.46167,108,070801030607,64.14105988
670,F070801030607_327,3129.071954,611821.3268,151.119873,25085.89844,36948.80859,510.7851563,5954.123047,148.0974731,42.3135643,151.119873,0.017090021,4500.705078,4095.641602,0.022433301,301.4901123,602980.25,301.4901123,0.001150775,62034.70703,6.125022888,15.14651775,83.20637512,205.7603302,108,070801030607,190.4110413
671,F070802060407_2,2226.204603,235819.6561,58.2474556,9669.077148,11962.86133,196.8764038,2294.949707,57.08250809,16.30928802,58.2474556,0.006587156,1445.03772,1314.984375,0.007202642,106.138649,212277.2969,106.138649,0.000405127,21631.9375,7.35299778,16.45033836,91.09854889,203.8083038,108,070802060407,73.39179993
672,F070802060407_114,3542.433761,266839.1305,65.90926361,10940.9375,10528.3457,222.7733154,2596.824951,64.59107971,18.45459366,65.90926361,0.007453624,1207.886963,1099.177124,0.006020588,,,,,21469.2832,9.953752518,19.53214073,,,108,070802060407,83.04566956
673,F070802060407_119,2072.73803,100431.9047,24.80668068,4117.90918,4933.056641,83.84658051,977.3832397,24.31054688,6.945870399,24.80668068,0.002805367,615.4328003,560.0438232,0.003067561,,,,,9050.96582,7.352833748,16.16117477,,,108,070802060407,31.25641632
674,F070802060407_136,2386.655222,206297.5413,50.95549393,8458.612305,11461.92871,172.2295685,2007.646484,49.93638229,14.26753807,50.95549393,0.005762514,1438.047607,1308.623291,0.0071678,175.7840118,351568.0313,175.7840118,0.00067096,19920.54102,6.463748932,15.22251797,48.11935043,113.323967,108,070802060407,64.20391846
675,F070802060407_326,3162.340796,192249.1973,47.48554993,7882.601074,11455.41504,160.5011597,1870.930664,46.53583908,13.29595375,47.48554993,0.005370101,1310.37854,1192.444458,0.006531447,83.80303955,167606.0781,83.80303955,0.000319873,19338.01563,6.610455513,16.21712112,94.06104279,230.7555389,108,070802060407,59.83179474
676,F070802060601_2,3419.675209,614312.6566,151.7352295,25188.04883,57605.18359,512.8650513,5978.368164,148.700531,42.48586273,151.7352295,0.017159611,3764.378418,3425.584473,0.018763158,37.18904495,74378.09375,37.18904495,0.000141949,82793.23438,7.352920055,24.16908264,677.2975464,2226.280273,108,070802060601,191.1864014
677,F070802060601_18,2900.826391,417123.7635,103.0295715,17102.9082,37962.78906,348.2399597,4059.365234,100.9689789,28.84827995,103.0295715,0.011651528,2692.508789,2450.183105,0.013420533,108.35923,216718.4531,108.35923,0.000413603,55065.69531,6.980257034,22.47411346,157.8352661,508.1772461,108,070802060601,129.8172607
678,F070802060601_34,3633.151821,557016.6557,137.5831146,22838.79688,39918.36328,465.0309143,5420.774902,134.8314514,38.52327347,137.5831146,0.01555916,3413.29834,3106.101563,0.017013235,125.5591583,251118.3281,125.5591583,0.000479254,62757.16016,7.352881432,20.20447731,181.896698,499.8214417,108,070802060601,173.3547211
679,F070802060601_82,3402.08219,334472.3171,82.61466217,13714.03418,17236.72266,279.2375488,3255.017578,80.96237183,23.13210487,82.61466217,0.009342823,2331.496582,2121.661865,0.011621105,288.9628601,577925.75,288.9628601,0.001102959,30950.75781,6.46381712,14.58797836,47.45950317,107.1098099,108,070802060601,104.0944748
680,F070802060601_101,3554.701008,603511.6958,149.0673828,24745.18555,44708.29297,503.8477478,5873.254883,146.0860291,41.73886871,149.0673828,0.016857905,3698.195068,3365.357422,0.018433273,93.06465149,186129.2969,93.06465149,0.000355224,69453.47656,7.352914333,20.63777161,265.8924255,746.2927856,108,070802060601,187.8248901
681,F070802060601_108,4258.310934,854226.0671,210.9938354,35024.97656,61217.75,713.1591797,8313.157227,206.7739563,59.07827377,210.9938354,0.023861118,5234.531738,4763.423828,0.026090985,286.7842407,573568.4375,286.7842407,0.001094643,96242.72656,7.352899551,20.2045269,122.1300583,335.592804,108,070802060601,265.8522339
682,F070802060601_111,3425.050665,524258.6988,129.4918976,21495.6543,38415.07031,437.6826172,5101.980957,126.9020615,36.25773239,129.4918976,0.014644131,3212.524414,2923.397217,0.016012497,125.3265533,250653.1094,125.3265533,0.000478366,59910.72656,7.3529706,20.49352837,171.5171509,478.0369873,108,070802060601,163.15979
683,F070802060601_122,3029.230034,518750.1035,128.1312714,21269.79102,38846.83984,433.0837097,5048.37207,125.5686493,35.87675476,128.1312714,0.014490259,3348.499268,3047.134277,0.01669025,157.2330933,314466.1875,157.2330933,0.000600152,60116.63281,6.980260372,19.72890854,135.2755432,382.3408508,108,070802060601,161.4454041
684,F070802060601_128,3575.387246,618709.7859,152.8213196,25368.33984,45834.16406,516.5360718,6021.160156,149.7648926,42.7899704,152.8213196,0.017282436,3791.309814,3450.092041,0.018897394,145.7519684,291503.9375,145.7519684,0.000556329,71202.5,7.352945805,20.63785553,174.0514374,488.51828,108,070802060601,192.5548706
685,F070802060601_142,1518.831963,141678.6574,34.99462891,5809.108398,10267.42383,118.2818451,1378.78833,34.29473495,9.798496246,34.99462891,0.003957513,868.1569824,790.0228271,0.004327239,32.44013596,64880.26953,32.44013596,0.000123823,16076.53223,7.353089333,20.34945297,179.07164,495.5753784,108,070802060601,44.0932312
686,F070802060601_146,2386.782915,273554.898,67.56806183,11216.29785,20485.28516,228.3800507,2662.181641,66.21669769,18.91905785,67.56806183,0.007641216,1676.296387,1525.429688,0.008355327,41.19584656,82391.69531,41.19584656,0.000157243,31701.58203,7.352877617,20.78206635,272.2677002,769.5334473,108,070802060601,85.13575745
687,F070802060601_154,1629.301782,126073.2002,31.1400795,5169.253418,9136.5,105.2534714,1226.919189,30.51727867,8.719222069,31.1400795,0.003521606,772.5692749,703.0380249,0.003850792,26.53770256,53075.40625,26.53770256,0.000101293,14305.75391,7.352736473,20.34847832,194.789032,539.0728149,108,070802060601,39.23649979
688,F070802060601_156,1904.719336,210201.1689,51.91968918,8618.667969,15571.75293,175.4885559,2045.635742,50.88129425,14.53751278,51.91968918,0.005871554,1288.059814,1172.134399,0.006420202,67.6048584,135209.7188,67.6048584,0.000258045,24190.42188,7.35296917,20.63792419,127.4859238,357.8207703,108,070802060601,65.41880798
689,F070802060601_204,1486.125554,74660.37474,18.44111252,3061.224609,5410.62207,62.33095932,726.579834,18.07229042,5.163511276,18.44111252,0.00208549,457.4960938,416.3214417,0.002280342,11.50240421,23004.80859,11.50240421,4.39042E-05,8471.84668,7.353031158,20.34929276,266.1378174,736.5283203,108,070802060601,23.2358017
690,F070802060601_206,6585.94477,1516490.67,374.5731812,62179.14844,112341.9922,1266.057373,14758.18359,367.0817261,104.8804932,374.5731812,0.042360168,9292.708984,8456.365234,0.046318553,363.7404785,727481,363.7404785,0.001388382,174521.1406,7.352940083,20.63784409,170.9437103,479.7957764,108,070802060601,471.9622192
691,F070802060601_209,3187.238931,432873.3105,106.9197083,17748.67188,31021.68555,361.3886108,4212.636719,104.781311,29.93751907,106.9197083,0.012091461,2652.549316,2413.819824,0.013221359,174.752243,349504.4688,174.752243,0.000667022,48770.35938,7.352939606,20.20463943,101.5647736,279.0828857,108,070802060601,134.7188263
692,F070802060601_212,3816.257114,620175.0326,153.1832275,25428.41602,44446.9375,517.7593384,6035.418945,150.1195679,42.89130402,153.1832275,0.017323364,3800.273438,3458.248779,0.018942071,57.85890198,115717.8047,57.85890198,0.000220845,69875.35156,7.352974892,20.20541573,439.4901123,1207.685425,108,070802060601,193.0108643
693,F070802060601_223,3763.778189,764541.1595,188.8416595,31347.71484,56021.76953,638.28479,7440.361328,185.0648193,52.87566376,188.8416595,0.021355946,4684.94873,4263.303223,0.023351645,140.7236481,281447.3125,140.7236481,0.000537136,87369.48438,7.352917194,20.49337769,222.7608185,620.8585815,108,070802060601,237.9404907
694,F070802060601_231,3242.254377,534792.4377,132.0937347,21927.56055,39617.55469,446.4768372,5204.493164,129.4518585,36.9862442,132.0937347,0.01493837,3277.088867,2982.150879,0.016334312,37.84920502,75698.40625,37.84920502,0.000144469,61545.11719,7.352934837,20.63782883,579.3400269,1626.061035,108,070802060601,166.4381104
695,F070802060601_243,2121.239147,176973.0752,43.71234894,7256.25,12505.30371,147.7477417,1722.266602,42.83810043,12.23945808,43.71234894,0.004943393,1142.330444,1039.520752,0.005693829,36.8303299,73660.65625,36.8303299,0.00014058,19761.55469,6.980380058,19.01025581,197.0183258,536.5565186,108,070802060601,55.07756042
696,F070802060601_247,2404.122517,319196.1182,78.84143829,13087.67871,23646.125,266.4840698,3106.352783,77.26461029,22.07560349,78.84143829,0.008916113,1955.985474,1779.946777,0.009749409,83.07069397,166141.3906,83.07069397,0.000317077,36733.80469,7.35284853,20.63758659,157.5486908,442.1993103,108,070802060601,99.34020996
697,F070802060601_321,2224.213555,115024.493,28.41104889,4716.233887,7780.082031,96.02934265,1119.395386,27.84282875,7.955093861,28.41104889,0.003212982,704.8486938,641.4122925,0.003513246,19.35867691,38717.35547,19.35867691,7.38912E-05,12496.31641,7.352889538,19.48250198,243.6237793,645.5150146,108,070802060601,35.79792404
698,F070802060601_326,1465.760827,98869.60564,24.42079353,4053.851807,7085.450684,82.5422821,962.1792603,23.93237686,6.83782196,24.42079353,0.002761727,605.8623047,551.3347168,0.003019858,27.63420868,55268.41797,27.63420868,0.000105479,11139.30273,7.352796078,20.20424652,146.6968689,403.0982971,108,070802060601,30.77019882
699,F070802060601_356,2659.607292,226241.3011,55.88160324,9276.345703,16577.83789,188.8798218,2201.735107,54.76396942,15.64684868,55.88160324,0.006319604,1386.378174,1261.604126,0.006910259,38.61899567,77237.99219,38.61899567,0.000147407,25854.18359,7.352818012,20.49310303,240.2016296,669.4680176,108,070802060601,70.41082001
700,F070802060601_391,2072.418184,254810.598,62.93821716,10447.74414,17235.00195,212.7311707,2479.765869,61.67945099,17.62270164,62.93821716,0.00711763,1561.441895,1420.912109,0.007782847,12.79822063,25596.44141,12.79822063,4.88503E-05,27682.74609,7.352843285,19.48237801,816.3435059,2163.015137,108,070802060601,79.30215454
701,F070802060601_393,999.0627789,21102.41603,5.212296963,865.241272,1665.224976,17.61756325,205.364502,5.108050823,1.459443092,5.212296963,0.000589454,147.1111908,133.8711853,0.000733261,,,,,2530.466309,6.463237762,18.90224838,,,108,070802060601,6.567493916
702,F070802060601_403,2314.482207,306192.6795,75.6295929,12554.5127,22189.72266,255.6280212,2979.805908,74.11700439,21.1762867,75.6295929,0.008552887,1976.44104,1798.561401,0.009851367,59.65353775,119307.0781,59.65353775,0.000227695,34744.23438,6.980308056,19.31779099,210.4571381,582.4337769,108,070802060601,95.29328918
703,F070802060601_420,1010.082986,27902.07879,6.891813278,1144.041016,2044.525024,23.29432869,271.5374451,6.753976822,1.929707766,6.891813278,0.000779389,180.1203003,163.9094696,0.000897791,,,,,3188.565918,6.979712963,19.45321274,,,108,070802060601,8.683684349
704,F070802060601_433,2418.16001,181912.6779,44.93243027,7458.783203,13476.13477,151.8716125,1770.337769,44.03378296,12.58108044,44.93243027,0.005081371,1114.717651,1014.393066,0.005556196,31.10055351,62201.10547,31.10055351,0.000118709,20934.91797,7.352951527,20.63787651,239.8279877,673.1365356,108,070802060601,56.61486435
705,F070802060601_443,1033.599778,38693.92823,9.557400703,1586.528564,2741.827637,32.30401611,376.5615845,9.366252899,2.676072121,9.557400703,0.001080838,249.7718658,227.2924042,0.001244962,,,,,4328.356445,6.980121136,19.04311943,,,108,070802060601,12.04232502
706,F070802060602_64,3080.731017,525000.5393,129.6751404,21526.07422,38046.68359,438.3019714,5109.200684,127.0816345,36.30904007,129.6751404,0.014664854,3217.093262,2927.554932,0.016035272,149.418335,298836.6875,149.418335,0.000570323,59572.75781,7.352919102,20.34897995,144.0658112,398.6977844,108,070802060602,163.3906708
707,F070802060602_73,2084.932234,259595.3274,64.12004852,10643.92773,19648.94727,216.725769,2526.329834,62.83764648,17.95361328,64.12004852,0.007251283,1590.760498,1447.592041,0.007928982,95.05461884,190109.25,95.05461884,0.000362819,30292.875,7.352850437,20.92638969,111.9769669,318.6891479,108,070802060602,80.79125977
708,F070802060602_110,1302.362808,61522.93522,15.19616508,2522.563477,4012.699707,51.36303711,598.7288818,14.89224148,4.254926205,15.19616508,0.001718522,449.0696716,408.6534119,0.002238342,6.467046738,12934.09375,6.467046738,2.46844E-05,6535.263184,6.172867775,15.99219036,390.064209,1010.54834,108,070802060602,19.14716721
709,F070802060602_116,1451.046018,110103.1796,27.19548607,4514.450684,7890.497559,91.92074585,1071.502197,26.651577,7.61473608,27.19548607,0.003075515,723.5397949,658.4212036,0.00360641,7.391833305,14783.66602,7.391833305,2.82143E-05,12404.94824,6.856478214,18.84044456,610.7349243,1678.196411,108,070802060602,34.26631165
710,F070802060602_126,2456.946774,342482.2175,84.59310913,14042.45605,26198.48828,285.9247131,3332.968506,82.90124512,23.6860714,84.59310913,0.009566564,2210.69458,2011.732056,0.011018979,59.06929016,118138.5859,59.06929016,0.000225465,40240.94531,6.980281353,20.00313377,237.7285461,681.2498779,108,070802060602,106.5873184
711,F070802060602_150,2872.429918,297651.9304,73.52002716,12204.32422,18455.00195,248.4976959,2896.688965,72.04962921,20.58560753,73.52002716,0.008314319,1823.946045,1659.790894,0.009091271,94.0235672,188047.1406,94.0235672,0.000358884,30659.32617,7.352928638,18.47179985,129.8006897,326.0812988,108,070802060602,92.63523865
712,F070802060602_153,2792.91145,381203.5346,94.15727234,15630.10742,19644.97266,318.2515869,3709.796631,92.27412415,26.36403656,94.15727234,0.010648168,2335.951904,2125.716309,0.011643313,261.0408325,522081.6563,261.0408325,0.000996382,35275.07813,7.352866173,16.59444237,59.87610245,135.1324158,108,070802060602,118.6381607
713,F070802060602_158,1713.45659,91631.40323,22.63295746,3757.071045,4869.706543,76.49939728,891.7385254,22.18029785,6.337228298,22.63295746,0.002559542,591.4724731,538.2399292,0.002948134,75.28807831,150576.1563,75.28807831,0.000287371,8626.777344,6.980290413,16.02775383,49.90260315,114.58358,108,070802060602,28.51752663
714,F070802060602_163,2095.77009,258549.8664,63.86181641,10601.06152,17279.73047,215.8529358,2516.155518,62.58457947,17.88130951,63.86181641,0.00722208,1802.271606,1640.067139,0.008983238,58.0282135,116056.4219,58.0282135,0.000221491,27880.79297,6.463797092,16.99978828,182.6880493,480.4696045,108,070802060602,80.46588898
715,F070802060602_169,2377.464175,314877.8288,77.77482605,12910.62109,24340.41016,262.8789063,3064.328125,76.21932983,21.77695084,77.77482605,0.00879549,1929.507813,1755.852051,0.009617433,42.72328186,85446.5625,42.72328186,0.000163073,37251.03125,7.352909565,21.21535873,302.1917114,871.9140625,108,070802060602,97.99627686
716,F070802060602_172,8859.612349,1504335.437,371.5708618,61680.76172,109018.8828,1255.909546,14639.8916,364.1394348,104.0398407,371.5708618,0.042020638,9218.255859,8388.613281,0.045947451,447.8457947,895691.625,447.8457947,0.001709408,170699.6406,7.352915287,20.34897041,137.7276764,381.157196,108,070802060602,468.1792603
717,F070802060602_195,2192.126362,142863.1563,35.28720093,5857.675293,10353.26563,119.2707367,1390.315674,34.58145523,9.880415916,35.28720093,0.0039906,875.432312,796.6434326,0.004363502,39.22649384,78452.98438,39.22649384,0.000149726,16210.94141,7.352944851,20.34905624,149.3295593,413.2651062,108,070802060602,44.4618721
718,F070802060602_210,4266.567613,707154.3959,174.6671295,28994.74414,46692.01953,590.3748779,6881.884766,171.1737823,48.9067955,174.6671295,0.019752961,4333.273438,3943.278809,0.021598756,289.1092834,578218.5625,289.1092834,0.001103518,75686.76563,7.352952957,19.19386673,100.2899094,261.7929382,108,070802060602,220.0805817
719,F070802060602_218,2402.365977,305502.6147,75.45914459,12526.21777,22877.70508,255.0519104,2973.090332,73.9499588,21.12856102,75.45914459,0.008533612,2082.316162,1894.907715,0.010379091,67.87924194,135758.4844,67.87924194,0.000259092,35403.92188,6.610463142,18.68371773,184.5367889,521.5721436,108,070802060602,95.07852173
720,F070802060602_233,2669.463084,314947.675,77.79207611,12913.48438,24092.20508,262.9372253,3065.007813,76.23623657,21.78178215,77.79207611,0.008797441,1929.923584,1756.230469,0.009619506,65.2195816,130439.1641,65.2195816,0.00024894,37005.6875,7.352955341,21.07108879,198.0001068,567.4014893,108,070802060602,98.01802063
721,F070802060602_380,1457.577296,67028.7343,16.55609703,2748.312012,4911.530762,55.95960617,652.3102417,16.22497559,4.635707378,16.55609703,0.001872315,431.8608704,392.9933777,0.002152566,,,,,7659.842773,6.993278027,19.49102211,,,108,070802060602,20.86068344
722,F070802060602_460,1504.769944,83783.95617,20.6946373,3435.309814,2091.400146,69.94787598,815.3687134,20.28074455,5.794498444,20.6946373,0.002340339,50.04149628,45.53776169,0.000249427,,,,,5526.709961,75.43870544,121.3654251,,,108,070802060602,26.075243
723,F070802060602_497,1001.249067,60091.46237,14.84259129,2463.870117,2564.502686,50.16795731,584.7980957,14.54573917,4.155925751,14.84259129,0.001678536,387.8768616,352.9679565,0.001933332,49.20239258,98404.78906,49.20239258,0.000187803,5028.373047,6.980435848,14.24597645,50.07622528,102.197731,108,070802060602,18.70166397
724,F070802060602_502,3405.573958,558492.8806,137.9477386,22899.32422,36876.19141,466.2633667,5435.141113,135.1887817,38.62536621,137.9477386,0.015600394,3605.036133,3280.582764,0.017968932,98.00455475,196009.1094,98.00455475,0.000374079,59775.51563,6.980261326,18.22100449,233.6557159,609.9259033,108,070802060602,173.8141479
725,F070802060602_519,1636.825293,157556.7368,38.91651535,6460.141602,11037.50195,131.5378265,1533.310669,38.13818359,10.89662457,38.91651535,0.004401036,965.4750977,878.5823364,0.004812311,8.308736801,16617.47266,8.308736801,3.17141E-05,17497.64453,7.352915287,19.91577148,777.5119019,2105.933105,108,070802060602,49.03480911
726,F070802060602_538,2068.766505,222750.3751,55.01934433,9133.210938,17039.49609,185.9653778,2167.762207,53.91895676,15.40541649,55.01934433,0.006222092,1437.826172,1308.421875,0.007166697,46.921978,93843.95313,46.921978,0.000179099,26172.70703,6.980325699,20.00326347,194.646759,557.7920532,108,070802060602,69.32437134
727,F070802060602_554,2994.787373,470192.2061,116.1374741,19278.82031,25745.35547,392.5446472,4575.816406,113.8147278,32.51849365,116.1374741,0.01313389,3089.784912,2811.704346,0.015400716,51.8854866,103770.9766,51.8854866,0.000198045,45024.17578,6.856631279,16.01312637,371.5647888,867.760498,108,070802060602,146.3332214
728,F070802060603_46,2056.502978,226516.4301,55.94955826,9287.626953,15138.83008,189.1095123,2204.412598,54.83056641,15.66587639,55.94955826,0.006327289,1388.048096,1263.123779,0.006918583,32.78206635,65564.13281,32.78206635,0.000125128,24426.45703,7.352903366,19.33813477,283.31427,745.1164551,108,070802060603,70.4964447
729,F070802060603_60,1267.397192,54657.32875,13.50036049,2241.059814,3432.871582,45.63121796,531.9141846,13.23035336,3.780100822,13.50036049,0.001526744,372.5493164,339.0198669,0.001856934,9.217889786,18435.78125,9.217889786,3.51843E-05,5673.931641,6.610408306,16.73628044,243.120697,615.53479,108,070802060603,17.01045418
730,F070802060603_80,1654.609873,155718.3794,38.46244049,6384.765137,8150.190918,130.0030518,1515.420166,37.69319153,10.76948357,38.46244049,0.004349685,954.2175293,868.3379517,0.004756199,9.353453636,18706.90625,9.353453636,3.57017E-05,14534.95605,7.35285759,16.73882484,682.6104736,1553.966797,108,070802060603,48.462677
731,F070802060603_139,3142.335894,291452.8677,71.98886108,11950.15137,18552.28516,243.3223572,2836.361084,70.54908752,20.15688133,71.98886108,0.00814116,1785.973145,1625.235596,0.008901999,143.2186432,286437.2813,143.2186432,0.000546659,30502.4375,7.352873325,18.76800919,83.43991089,212.9781189,108,070802060603,90.70597076
732,F070802060603_149,2323.034832,210883.432,52.08820724,8646.642578,13924.2207,176.058136,2052.275391,51.04644394,14.58469772,52.08820724,0.005890612,1292.254272,1175.951416,0.006441109,68.06248474,136124.9688,68.06248474,0.000259792,22570.86328,7.352890968,19.19370461,127.039772,331.619751,108,070802060603,65.63114166
733,F070802060603_152,2774.076707,357773.6448,88.37008667,14669.43457,24957.15625,298.6908875,3481.781494,86.60268402,24.74362373,88.37008667,0.009993699,2192.381348,1995.067017,0.0109277,55.52754593,111055.0938,55.52754593,0.000211946,39626.58984,7.352852821,19.86228561,264.1830139,713.6384277,108,070802060603,111.3463058
734,F070802060603_203,2071.908869,251203.2355,62.04719925,10299.83496,17395.55078,209.7195282,2444.659668,60.80625534,17.37321663,62.04719925,0.007016866,1539.339722,1400.799194,0.007672681,100.8660812,201732.1719,100.8660812,0.000385002,27695.38672,7.352827549,19.77113342,102.1139603,274.5758057,108,070802060603,78.17947388
735,F070802060603_250,1105.745396,40062.11472,9.895341873,1642.626709,2612.9646,33.44625473,389.8764648,9.697435379,2.770695686,9.895341873,0.001119056,279.2535706,254.1207428,0.001391911,,,,,4255.591309,6.463961601,16.74633598,,,108,070802060603,12.46813107
736,F070802060603_254,4949.021022,401300.8395,99.12130737,16454.13672,27466.51367,335.0300293,3905.379395,97.13887787,27.75396538,99.12130737,0.011209546,2929.083008,2665.465576,0.014599713,119.2420044,238484,119.2420044,0.000455142,43920.64844,6.173081875,16.47766495,137.9894409,368.3320313,108,070802060603,124.8928452
737,F070802060603_270,2629.717535,186989.0327,46.18629074,7666.924316,11894.81738,156.1096649,1819.739868,45.26256561,12.93216133,46.18629074,0.005223169,1228.763062,1118.174438,0.006124644,44.77249527,89544.99219,44.77249527,0.000170895,19561.74219,6.856644154,17.49435616,171.2418365,436.9142761,108,070802060603,58.19472504
738,F070802060603_274,2577.444592,348053.1147,85.96911621,14270.87305,23541.78516,290.5756226,3387.183105,84.24973297,24.07135201,85.96911621,0.009722176,2132.80249,1940.85022,0.010630734,22.20870972,44417.42188,22.20870972,8.47697E-05,37812.65625,7.352897644,19.48252106,642.5800171,1702.604858,108,070802060603,108.3210831
739,F070802060603_295,3647.258026,259725.7873,64.15226746,10649.27637,17149.18555,216.834671,2527.599365,62.86922073,17.96263504,64.15226746,0.007254926,1591.556396,1448.316284,0.007932949,83.83607483,167672.1406,83.83607483,0.000319999,27798.46094,7.35286665,19.19363976,127.0249863,331.5811462,108,070802060603,80.83185577
740,F070802060603_325,2410.804053,324186.8174,80.07414246,13292.30762,24798.96289,270.6506042,3154.921143,78.47265625,22.4207592,80.07414246,0.009055518,2366.220215,2153.260498,0.011794182,48.59280396,97185.60938,48.59280396,0.000185477,38091.26953,6.173107147,17.6900425,273.5447693,783.8870239,108,070802060603,100.8934174
741,F070802060603_329,1599.575676,160296.968,39.59334946,6572.496094,11487.61426,133.8255157,1559.978027,38.80148315,11.08613777,39.59334946,0.004477579,982.2614136,893.8579102,0.004895981,13.14213276,26284.26563,13.14213276,5.0163E-05,18060.10938,7.352953911,20.20467567,500.1087952,1374.214478,108,070802060603,49.88761902
742,F070802060603_375,999.0968277,33427.92305,8.256696701,1370.611694,2261.01416,27.90763474,325.3138428,8.091563225,2.311875105,8.256696701,0.000933743,219.6907349,199.9185638,0.001095026,,,,,3631.625977,6.85585022,18.16552734,,,108,070802060603,10.40343857
743,F070802060603_392,1307.295496,81834.68452,20.21316719,3355.385742,5473.27832,68.32050323,796.3988037,19.80890465,5.659687042,20.21316719,0.00228589,501.4777527,456.3447571,0.002499564,6.829681873,13659.36328,6.829681873,2.60686E-05,8828.664063,7.352743149,19.34647942,491.2945862,1292.69043,108,070802060603,25.46859169
744,F070802060603_398,2191.096396,165161.1452,40.79480362,6771.9375,11171.25,137.8864288,1607.315308,39.97890854,11.42254543,40.79480362,0.00461345,1066.122681,970.1716309,0.005313979,26.22754288,52455.08594,26.22754288,0.000100109,17943.1875,6.980144024,18.4948597,258.1994629,684.1352539,108,070802060603,51.40145493
745,F070802060603_418,2328.070696,297196.778,73.4076004,12185.66211,22255.7168,248.117691,2892.259521,71.9394455,20.55412865,73.4076004,0.008301605,1821.172119,1657.266602,0.009077445,35.42360687,70847.21094,35.42360687,0.00013521,34441.37891,7.352867603,20.78203964,343.9983521,972.2719116,108,070802060603,92.49357605
746,F070802060603_426,877.7332442,46212.88288,11.41458225,1894.820679,3125.769287,38.58128738,449.7345276,11.18629074,3.196083069,11.41458225,0.001290866,322.1495667,293.1560974,0.001605721,7.152431965,14304.86426,7.152431965,2.73005E-05,5020.589844,6.463521481,17.12599564,264.9197693,701.9416504,108,070802060603,14.38237381
747,F070802060603_442,1969.829611,118419.2582,29.2495575,4855.426758,7532.931152,98.8635025,1152.432617,28.66456604,8.189876556,29.2495575,0.003307808,725.6251221,660.3188477,0.003616804,46.3202858,92640.57813,46.3202858,0.000176803,12388.35742,7.353154659,18.76117516,104.8228989,267.4499207,108,070802060603,36.8544426
748,F070802060603_454,1518.166437,123951.9883,30.61614037,5082.279297,6696.104492,103.4825516,1206.275879,30.00381851,8.572519302,30.61614037,0.003462354,759.5563354,691.1962891,0.003785931,15.19905949,30398.11719,15.19905949,5.80142E-05,11778.38379,7.352874279,17.04057693,334.3811646,774.9416504,108,070802060603,38.57633972
749,F070802060603_464,544.7817557,18482.89753,4.565275669,757.8357544,1413.865723,15.43063164,179.8718567,4.473969936,1.278277159,4.565275669,0.000516283,121.4318237,110.5029602,0.000605264,,,,,2171.701416,6.858058453,19.65287971,,,108,070802060603,5.752246857
750,F070802060603_485,2650.433896,345198.5234,85.26403809,14153.83008,21680.93945,288.1924438,3359.403076,83.55875397,23.87392998,85.26403809,0.009642439,2115.303467,1924.926147,0.010543512,36.44588852,72891.78125,36.44588852,0.000139112,35834.76953,7.352921009,18.61617851,388.3518982,983.2321777,108,070802060603,107.4326859
751,F070802060603_487,1162.342857,84454.8252,20.86034203,3462.816895,4284.297363,70.50795746,821.8974609,20.44313431,5.840895653,20.86034203,0.002359079,517.5310059,470.9532166,0.00257958,10.71579647,21431.5918,10.71579647,4.09017E-05,7747.114258,7.352783203,16.44985962,323.1506653,722.9620361,108,070802060603,26.28403091
752,F070802060603_495,2389.668732,320526.6422,79.17008209,13142.2334,22196.125,267.5948792,3119.30127,77.58667755,22.16762352,79.17008209,0.008953279,1964.092773,1787.324463,0.009789819,114.2999115,228599.8281,114.2999115,0.000436278,35338.35938,7.353020668,19.77165222,114.9802551,309.1722412,108,070802060603,99.75430298
753,F070802060603_498,2353.358645,265804.7223,65.65376282,10898.52441,19476.84766,221.9097137,2586.758301,64.34069061,18.38305283,65.65376282,0.007424729,1628.769653,1482.18042,0.008118435,84.54351807,169087.0313,84.54351807,0.000322699,30375.37109,7.353034973,20.49370766,128.9102325,359.2868042,108,070802060603,82.72373962
754,F070802060603_499,2581.1384,220147.7211,54.37648773,9026.49707,12940.5166,183.7925262,2142.433594,53.2889595,15.22541618,54.37648773,0.006149392,1349.030029,1227.61731,0.006724101,157.8978271,315795.6563,157.8978271,0.000602689,21967.01367,7.35285902,17.8940239,57.16669464,139.1217041,108,070802060603,68.51437378
755,F070802060603_505,1924.605992,85029.8564,21.00237465,3486.394287,5819.757813,70.98802948,827.4935913,20.58232689,5.880664825,21.00237465,0.002375141,579.5827637,527.4202881,0.002888871,5.030595779,10061.19141,5.030595779,1.92016E-05,9306.152344,6.610277176,17.64466095,693.0380249,1849.910522,108,070802060603,26.46299171
756,F070802060603_508,1896.962745,142741.9825,35.25727081,5852.707031,10574.36035,119.1695786,1389.136475,34.55212402,9.87203598,35.25727081,0.003987215,1041.849121,948.0827026,0.00519299,17.07843971,34156.87891,17.07843971,6.51877E-05,16427.06641,6.173202991,17.32661819,342.6956482,961.8599243,108,070802060603,44.42416
757,F070802060603_531,1722.598131,93622.14301,23.12467003,3838.695313,6558.617676,78.16138458,911.1119995,22.66217613,6.474907398,23.12467003,0.00261515,573.6836548,522.052124,0.002859467,,,,,10397.3125,7.353088379,19.91623497,,,108,070802060603,29.13708305
758,F070802060603_541,1098.528922,24703.35235,6.101727962,1012.886841,1273.064697,20.62384033,240.4080811,5.979693413,1.708483815,6.101727962,0.000690039,162.3367615,147.7264557,0.000809151,,,,,2285.95166,6.856502533,15.47422028,,,108,070802060603,7.688177109
759,F070802060603_555,3230.345733,488255.2953,120.5990601,20019.44336,34990.60938,407.6248169,4751.603027,118.1870804,33.76773834,120.5990601,0.013638447,2991.941895,2722.667236,0.014913027,61.20322418,122406.4453,61.20322418,0.00023361,55010.05469,7.352879047,20.20447159,327.0978699,898.8097534,108,070802060603,151.9548187
760,F070802060603_557,2572.840421,302653.5479,74.7554245,12409.40039,21689.53906,252.6733398,2945.36377,73.26031494,20.93151855,74.7554245,0.008454029,1854.594727,1687.681152,0.009244037,51.76334,103526.6797,51.76334,0.000197578,34098.9375,7.352929592,20.20460892,239.7333832,658.7468262,108,070802060603,94.1918335
761,F070802060603_564,2557.398058,175688.7804,43.39513016,7203.591797,11455.52246,146.6755371,1709.768188,42.52722931,12.15063667,43.39513016,0.004907519,1076.55896,979.6686401,0.005365998,57.14388657,114287.7734,57.14388657,0.000218116,18659.11328,7.353090286,19.04635239,126.060585,326.528595,108,070802060603,54.67786407
762,F070802060603_581,2941.190459,407146.4715,100.5651779,16693.82031,25899.55664,339.9103088,3962.268066,98.55387115,28.1582489,100.5651779,0.011372833,2494.912598,2270.370361,0.012435635,236.9723358,473944.6875,236.9723358,0.000904513,42593.375,7.352906227,18.76054001,70.44628143,179.7398682,108,070802060603,126.7121201
763,F070802060603_595,2345.174364,293366.9535,72.4616394,12028.63184,20079.12109,244.9203339,2854.988525,71.0124054,20.28925896,72.4616394,0.008194626,1927.834106,1754.328979,0.00960909,34.06362152,68127.24219,34.06362152,0.000130019,32107.75391,6.856543064,18.3020134,353.1225281,942.5819092,108,070802060603,91.30166626
764,F070802060603_639,5069.214661,637207.9082,157.3903503,26126.79883,39508.125,531.9793701,6201.179688,154.2425385,44.06929779,157.3903503,0.017799143,3904.672363,3553.251953,0.019462438,59.19931793,118398.6406,59.19931793,0.000225961,65634.92188,7.352926254,18.47179031,441.3361511,1108.710815,108,070802060603,198.3118286
765,F070802060704_4,2754.74303,462206.7166,114.165062,18951.40039,34612.5625,385.8778992,4498.103516,111.8817596,31.96621704,114.165062,0.012910832,2983.501953,2714.986816,0.014870959,58.7218132,117443.625,58.7218132,0.000224139,53563.96094,6.980291843,19.72899437,322.7318726,912.1646118,108,070802060704,143.8479767
766,F070802060704_36,2389.109466,315462.2628,77.91918182,12934.58398,22099.43555,263.3668213,3070.015869,76.3608017,21.81737137,77.91918182,0.008811816,1933.059692,1759.084351,0.009635137,75.10881805,150217.6406,75.10881805,0.000286687,35034.01953,7.353020668,19.91605377,172.2112579,466.4434814,108,070802060704,98.17817688
767,F070802060704_195,2379.859064,313808.0437,77.5105896,12866.75781,21730.86914,261.9857788,3053.917236,75.96038055,21.70296478,77.5105896,0.008765608,1922.926514,1749.863159,0.00958463,83.59272003,167185.4375,83.59272003,0.00031907,34597.625,7.353007793,19.77161789,153.9219971,413.8832397,108,070802060804,97.66334534
768,F070802060704_215,2578.007936,345371.354,85.30672455,14160.91602,21413.69336,288.336731,3361.084961,83.60059357,23.88588333,85.30672455,0.009647266,2229.340088,2028.699463,0.011111916,28.04871368,56097.42969,28.04871368,0.000107061,35574.60938,6.980292797,17.53567314,504.8686523,1268.315186,108,070802060704,107.4864807
769,F070802060704_241,3078.821099,582660.884,143.9172363,23890.26172,35656.93359,486.4402466,5670.338867,141.0388947,40.29682541,143.9172363,0.01627548,3570.429932,3249.091309,0.017796442,47.56103134,95122.0625,47.56103134,0.000181538,59547.19531,7.35290575,18.32733727,502.3074646,1252.016479,108,070802060704,181.3357239
770,F070802060704_388,2587.306839,237994.4577,58.78462982,9758.249023,18013.96289,198.6920471,2316.114502,57.60893631,16.45969582,58.78462982,0.006647905,1458.389282,1327.134277,0.007269192,18.44150352,36883.00781,18.44150352,7.03904E-05,27772.21094,7.352872372,20.92645073,529.1460571,1505.962402,108,070802060704,74.06863403
771,F070802060704_450,691.5040753,27110.54139,6.696303844,1111.586426,1135.157471,22.63350677,263.8343811,6.56237793,1.874965072,6.696303844,0.000757279,178.1365204,162.1042328,0.000887903,18.59948349,37198.96875,18.59948349,7.09934E-05,2246.743896,6.857232571,13.85987186,59.76436996,120.7960358,108,070802060704,8.437342644
772,F070802060704_482,3664.355671,511058.1943,126.2313766,20954.4082,32098.11328,426.6620483,4973.516113,123.706749,35.34478378,126.2313766,0.014275401,3131.647949,2849.799561,0.015609377,37.23230743,74464.61719,37.23230743,0.000142114,53052.52344,7.352941036,18.61623001,562.8017578,1424.90564,108,070802060704,159.0515289
773,F070802060704_501,3238.44106,344659.6193,85.13092804,14131.73438,23867.30664,287.7425232,3354.158447,83.42830658,23.83666039,85.13092804,0.009627386,2349.177979,2137.751953,0.011709237,112.9749527,225949.9063,112.9749527,0.000431221,37999.03906,6.61055851,17.77523232,125.087326,336.3492432,108,070802060704,107.2649689
774,F070802060704_527,1154.990005,81585.70321,20.15166855,3345.177002,4992.777344,68.11264038,793.975769,19.74863434,5.642467022,20.15166855,0.002278935,499.9450073,454.9499512,0.002491924,38.5734024,77146.80469,38.5734024,0.000147233,8337.954102,7.352846146,18.3271904,86.72237396,216.1581116,108,070802060704,25.39110184
775,F070802060801_7,3693.220858,671162.3906,165.7771149,27519.00195,41613.37109,560.3266602,6531.618164,162.4615784,46.41759109,165.7771149,0.018747596,4112.739746,3742.593262,0.020499529,69.70445251,139408.9063,69.70445251,0.000266059,69132.375,7.352923393,18.47178459,394.7954712,991.7927856,108,070802060801,208.8791656
776,F070802060801_49,3251.740548,281301.8453,69.48155212,11533.9375,16761.73047,234.847641,2737.573242,68.09191895,19.45483398,69.48155212,0.00785761,1723.740601,1568.604004,0.008591808,130.2295685,260459.1406,130.2295685,0.000497081,28295.66797,7.352994919,18.03875732,88.56619263,217.2752991,108,070802060302,87.54675293
777,F070802060801_55,1118.82541,61642.05237,15.22558689,2527.44751,3970.832764,51.46248245,599.8881226,14.92107487,4.26316452,15.22558689,0.001721849,397.8800964,362.0708923,0.001983193,34.13873672,68277.46875,34.13873672,0.000130306,6498.280273,6.980532169,17.94753647,74.03459167,190.3491669,108,070802060801,19.18423843
778,F070802060801_71,3328.382943,442502.8837,109.2982101,18143.50195,24941.85352,369.427948,4306.349609,107.1122437,30.60349846,109.2982101,0.012360443,3016.079346,2744.632324,0.015033338,320.0126343,640025.3125,320.0126343,0.001221475,43085.35547,6.610539913,15.69804287,56.69620514,134.6364136,108,070802060801,137.715744
779,F070802060801_73,1757.55702,178504.1775,44.0905304,7319.027832,11642.5459,149.0259857,1737.16687,43.20872116,12.34534836,44.0905304,0.004986161,1244.300659,1132.313599,0.006202089,34.17612076,68352.23438,34.17612076,0.000130449,18961.57422,6.463781834,16.74586868,214.156189,554.819397,108,070802060801,55.55406952
780,F070802060801_82,5584.446078,643049.0357,158.8331146,26366.29688,38316.89844,536.855957,6258.024902,155.6564484,44.47327042,158.8331146,0.017962305,3940.457031,3585.815918,0.019640803,65.97025299,131940.5,65.97025299,0.000251806,64683.19531,7.35294199,18.03862762,399.6694946,980.4903564,108,070802060801,200.129715
781,F070802060801_83,1645.792849,149818.4244,37.00514984,6142.85498,9289.032227,125.0774078,1458.00293,36.26504517,10.36144161,37.00514984,0.004184882,918.0375366,835.4141846,0.004575864,65.60617065,131212.3438,65.60617065,0.000250416,15431.88672,7.353065014,18.47213936,93.63227081,235.220047,108,070802060801,46.62648773
782,F070802060801_102,2628.433353,209913.3184,51.84859085,8606.866211,12169.90039,175.24823,2042.834473,50.8116188,14.51760578,51.84859085,0.005863514,1430.753174,1301.985352,0.007131442,98.61991882,197239.8438,98.61991882,0.000376428,20776.76563,6.610570908,15.957757,87.27310181,210.6751404,108,070802060801,65.32922363
783,F070802060801_103,2881.590542,289170.5937,71.42514038,11856.57324,19093.36914,241.4169769,2814.150635,69.99663544,19.9990387,71.42514038,0.008077409,1771.952271,1612.476563,0.008832114,102.311264,204622.5313,102.311264,0.000390518,30949.94141,7.353020668,19.1940403,115.8872681,302.5076599,108,070802060801,89.99567413
784,F070802060801_104,3378.300227,314610.873,77.70888519,12899.6748,15959.84961,262.6560364,3061.72998,76.15470886,21.7584877,77.70888519,0.008788033,1927.864868,1754.357056,0.009609245,34.9441185,69888.23438,34.9441185,0.00013338,28859.52344,7.352935791,16.45019913,369.1515198,825.8764038,108,070802060801,97.91319275
785,F070802060801_110,3203.514826,499050.9917,123.2655945,20462.08789,33353.20313,416.6376953,4856.664551,120.8002853,34.51436615,123.2655945,0.013940004,3058.069824,2782.843506,0.015242634,43.74838257,87496.75781,43.74838257,0.000166986,53815.28906,7.352942467,19.33823776,467.722168,1230.109253,108,070802060801,155.3146515
786,F070802060801_141,1120.543698,78177.21035,19.30977058,3205.421875,4595.339355,65.26702118,760.8049316,18.92357445,5.406735897,19.30977058,0.002183726,479.0314636,435.9186401,0.002387683,24.09954834,48199.09766,24.09954834,9.19869E-05,7800.76123,7.353257179,17.89499283,133.0075531,323.6891174,108,070802060801,24.33031082
787,F070802060801_166,1263.07305,98077.37275,24.22511101,4021.368408,5212.274414,81.88087463,954.4693604,23.74060822,6.783030987,24.22511101,0.002739598,600.9848633,546.8962402,0.002995547,85.03543091,170070.8594,85.03543091,0.000324577,9233.642578,7.353073597,16.88371849,47.29050446,108.5858231,108,070802060801,30.52363968
788,F070802060801_170,1260.048835,94658.48338,23.38064575,3881.187256,4649.475098,79.02658081,921.1974487,22.91303253,6.546580791,23.38064575,0.002644098,580.0405273,527.836853,0.002891152,80.61064148,161221.2813,80.61064148,0.000307687,8530.662109,7.353005409,16.16155052,48.14733124,105.8255081,108,070802060801,29.4596138
789,F070802060801_200,1569.350574,146208.2958,36.1134491,5994.83252,9300.657227,122.0634613,1422.869873,35.39118195,10.11176586,36.1134491,0.00408404,895.9475098,815.3122559,0.004465758,78.15724182,156314.4844,78.15724182,0.000298323,15295.49023,7.352805614,18.76028442,76.70220184,195.7015076,108,070802060801,45.50294876
790,F070802060801_211,3116.616828,340441.1369,84.08895874,13958.76758,16173.66992,284.2206726,3313.10498,82.40718079,23.54490852,84.08895874,0.00950955,2086.155273,1898.401245,0.010398226,374.1116028,748223.25,374.1116028,0.001427968,30132.4375,7.352906704,15.8725338,37.31177521,80.54398346,108,070802060801,105.9520874
791,F070802060801_212,2378.936632,228393.0941,56.41309357,9364.573242,11953.93359,190.6762543,2222.675781,55.284832,15.79566574,56.41309357,0.00637971,1399.536987,1273.578613,0.006975848,178.2618866,356523.7813,178.2618866,0.000680418,21318.50781,7.352960587,16.73905945,52.53267288,119.59095,108,070802060801,71.08049774
792,F070802060801_213,1866.061897,150237.8221,37.10874176,6160.05127,7258.469727,125.4275436,1462.084473,36.3665657,10.39044762,37.10874176,0.004196597,920.6369629,837.7796631,0.004588821,152.7044678,305408.9375,152.7044678,0.000582866,13418.52148,7.352829933,16.0167675,40.33969116,87.87248993,108,070802060801,46.75701141
793,F070802060801_222,3660.34957,127438.8665,31.47739983,5225.248535,6875.294434,106.3936081,1240.209595,30.84785271,8.813672066,31.47739983,0.003559753,780.9002075,710.6192017,0.003892317,122.6322556,245264.5,122.6322556,0.000468082,12100.54297,7.353092194,17.02816772,42.6090889,98.67340851,108,070802060801,39.66152573
794,F070802060801_241,3184.163488,466910.7489,115.3269577,19144.27539,15414.60059,389.8051147,4543.882324,113.0204163,32.29154968,115.3269577,0.013042229,3368.515869,3065.349365,0.016790021,56.51609039,113032.1797,56.51609039,0.00021572,34558.875,6.245381355,11.27404118,338.7402649,611.4873657,108,070802060801,145.3119659
795,F070802060801_274,1916.382762,200118.8564,49.42935944,8205.273438,10151.80078,167.071228,1947.516724,48.44077301,13.84022045,49.42935944,0.005589925,1226.284424,1115.918823,0.006112289,170.889267,341778.5313,170.889267,0.000652277,18357.07422,7.352930546,16.45018768,48.01514816,107.4208755,108,070802060801,62.28099442
796,F070802060801_275,3154.404995,427048.5942,105.4810028,17509.8457,19944.34766,356.5257874,4155.95166,103.3713837,29.53468132,105.4810028,0.011928759,2616.852783,2381.335938,0.013043433,400.7680969,801536.1875,400.7680969,0.001529715,37454.19531,7.352950573,15.72822857,43.69071579,93.4560318,108,070802060801,132.9060669
797,F070802060802_26,3163.886034,629691.558,155.5338135,25818.61328,43605.46094,525.7042847,6128.032227,152.4231415,43.54946899,155.5338135,0.017589189,3858.593994,3511.320557,0.019232765,76.51473236,153029.4688,76.51473236,0.000292053,69424.07813,7.352963924,19.77150154,337.4332275,907.3295288,108,070802060802,195.9726105
798,F070802060802_34,3981.863576,608161.9659,150.2160034,24935.85742,44563.07813,507.7301025,5918.510742,147.2116852,42.06048203,150.2160034,0.016987802,3726.667236,3391.26709,0.01857519,62.40294647,124805.8906,62.40294647,0.000238189,69498.9375,7.352962017,20.49350166,399.5942383,1113.712402,108,070802060802,189.272171
799,F070802060802_48,2662.478493,406030.8553,100.2896194,16648.07617,28117.19531,338.9789124,3951.410889,98.28382874,28.08109283,100.2896194,0.01134167,2488.085449,2264.157715,0.012401606,47.76685715,95533.71875,47.76685715,0.000182324,44765.27344,7.352878094,19.77127075,348.527771,937.1618042,108,070802060802,126.3649216
800,F070802060802_52,3044.909462,598124.4558,147.7367401,24524.29883,41901.08984,499.3501892,5820.827637,144.7820129,41.36628723,147.7367401,0.016707424,3665.172363,3335.306885,0.018268675,63.21161652,126423.2344,63.21161652,0.000241276,66425.39063,7.352936268,19.91582489,387.971405,1050.841553,108,070802060802,186.1483002
801,F070802060802_58,2391.278129,274384.8008,67.7730484,11250.32617,18779.91016,229.0729065,2670.258057,66.41758728,18.97645378,67.7730484,0.007664397,1681.348633,1530.027222,0.008380509,28.82463837,57649.27734,28.82463837,0.000110022,30030.23633,7.353023529,19.62725639,390.3024292,1041.825317,108,070802060802,85.39404297
802,F070802060802_60,2094.377785,237608.4329,58.68928146,9742.420898,16645.45313,198.3697662,2312.357666,57.5154953,16.43299866,58.68928146,0.006637122,1456.035889,1324.992676,0.007257461,15.47521114,30950.42188,15.47521114,5.90682E-05,26387.875,7.352811337,19.91548729,629.5501099,1705.170654,108,070802060802,73.94849396
803,F070802060802_62,2046.401666,153669.0681,37.95626068,6300.739258,10888.89355,128.29216,1495.476685,37.19713593,10.62775326,37.95626068,0.004292442,941.668396,856.9182129,0.004693649,19.25277519,38505.55078,19.25277519,7.3487E-05,17189.63281,7.352789402,20.05982971,327.2639465,892.8392334,108,070802060802,47.82489014
804,F070802060802_65,1188.313491,80282.28862,19.82972527,3291.734375,5365.52832,67.0244751,781.2911987,19.43313026,5.552322865,19.82972527,0.002242527,491.9440308,447.6690674,0.002452045,8.192166328,16384.33398,8.192166328,3.12691E-05,8657.262695,7.353053093,19.33853149,401.8148804,1056.773315,108,070802060802,24.98545265
805,F070802060802_74,1650.220513,147175.8001,36.35242081,6034.501953,9954.748047,122.8711853,1432.2854,35.62537384,10.17867756,36.35242081,0.004111065,901.8266602,820.6622314,0.004495062,19.38064384,38761.28906,19.38064384,7.39751E-05,15989.25,7.353210449,19.48335075,311.3674622,825.0112915,108,070802060802,45.80405045
806,F070802060802_85,2624.238071,384042.9575,94.85861206,15746.5293,27522.27734,320.6221008,3737.429199,92.96144104,26.56041145,94.85861206,0.010727481,2353.330566,2141.530762,0.011729934,68.0587616,136117.5156,68.0587616,0.000259777,43268.80469,7.352931499,20.20461464,231.3666687,635.7565918,108,070802060802,119.5218506
807,F070802060802_97,1969.837797,241605.3436,59.6765213,9906.302734,15369.08984,201.7066345,2351.254883,58.48299026,16.70942688,59.6765213,0.006748768,1559.544067,1419.185059,0.007773387,44.04351044,88087.01563,44.04351044,0.000168112,25275.39258,6.980275631,17.80979347,224.9208221,573.87323,108,070802060802,75.19241333
808,F070802060802_98,2366.480997,300838.2995,74.30706024,12334.97168,16472.38867,251.1578674,2927.698242,72.82092285,20.80597687,74.30706024,0.008403324,1941.904663,1767.133301,0.009679224,36.86556625,73731.13281,36.86556625,0.000140714,28807.35938,6.980215549,16.30174637,334.5932922,781.4164429,108,070802060802,93.62689972
809,F070802060802_122,1714.909275,163924.1651,40.48926926,6721.21875,11747.55664,136.8537292,1595.277222,39.67948532,11.33699512,40.48926926,0.004578898,1004.513794,914.1075439,0.005006896,20.31555176,40631.10547,20.31555176,7.75436E-05,18468.77539,7.352766037,20.20416069,330.8410645,909.095459,108,070802060802,51.01647949
810,F070802060802_130,2398.415281,321797.5084,79.4839859,13194.3418,22543.24805,268.6558838,3131.668945,77.89430237,22.25551605,79.4839859,0.008988778,1971.923828,1794.450684,0.009828852,52.83178329,105663.5703,52.83178329,0.000201657,35737.58984,7.352858543,19.91561508,249.7425079,676.4411011,108,070802060802,100.1498184
811,F070802060802_141,1873.174159,208984.5726,51.61919022,8568.785156,13630.56348,174.4728699,2033.796143,50.58680725,14.45337296,51.61919022,0.005837571,1280.607056,1165.352417,0.006383054,54.85948563,109718.9688,54.85948563,0.000209396,22199.34766,7.352956295,19.0494709,156.1951447,404.6583252,108,070802060802,65.04017639
812,F070802060802_142,1804.00745,170350.4009,42.07654953,6984.707031,11247.90332,142.2187347,1657.81604,41.23501968,11.78143406,42.07654953,0.004758402,1043.88916,949.9391479,0.005203158,47.09627533,94192.54688,47.09627533,0.000179764,18232.60938,7.35279417,19.19344902,148.3069916,387.1348572,108,070802060802,53.01645279
813,F070802060802_153,3733.070006,450595.4672,111.297081,18475.31641,30840.42188,376.1841431,4385.10498,109.0711365,31.16318321,111.297081,0.012586494,3071.254639,2794.841797,0.015308353,87.533638,175067.2813,87.533638,0.000334112,49315.73828,6.610505104,17.64526939,211.0653381,563.3918457,108,070802060802,140.234314
814,F070802060802_172,2366.661423,314437.0842,77.66596222,12892.5498,22027.61719,262.5109558,3060.038818,76.11264038,21.7464695,77.66596222,0.008783179,1926.819214,1753.405518,0.009604032,33.48291016,66965.82031,33.48291016,0.000127803,34920.16797,7.352862358,19.91562653,385.0486755,1042.925171,108,070802060802,97.85910797
815,F070802060802_186,2491.119036,342610.7972,84.6248703,14047.72852,23173.67383,286.032074,3334.219971,82.93237305,23.69496346,84.6248703,0.009570156,2099.427002,1910.478516,0.010464378,104.7139053,209427.8125,104.7139053,0.000399689,37221.40234,7.352989674,19.48276329,134.1534271,355.4580688,108,070802060802,106.6273346
816,F070802060802_192,3841.664426,604604.4628,149.3372955,24789.99023,40894.52734,504.7600708,5883.889648,146.3505554,41.81444168,149.3372955,0.01688843,3704.861572,3371.424072,0.018466502,112.6421432,225284.2813,112.6421432,0.00042995,65684.51563,7.352972984,19.48272133,220.0774078,583.1256104,108,070802060802,188.1649933
817,F070802060802_194,1391.784686,62361.60358,15.4033165,2556.950439,4569.547363,52.06320953,606.890686,15.09525013,4.312928677,15.4033165,0.001741948,382.1549377,347.7609863,0.001904812,5.628695488,11257.3916,5.628695488,2.14845E-05,7126.498047,7.352608681,20.49251747,454.2705078,1266.101196,108,070802060802,19.40817833
818,F070802060802_205,2388.51656,256020.0116,63.23694229,10497.33203,18759.87109,213.74086,2491.535645,61.9722023,17.7063446,63.23694229,0.007151413,1568.81311,1427.619873,0.007819587,22.41298676,44825.97266,22.41298676,8.55494E-05,29257.20313,7.353030205,20.4936924,468.3593445,1305.368286,108,070802060802,79.67854309
819,F070802060802_208,3377.96461,612476.2276,151.2816315,25112.75,42413.31641,511.3319092,5960.496094,148.2559967,42.3588562,151.2816315,0.017108314,3753.141113,3415.358398,0.018707147,74.72717285,149454.3438,74.72717285,0.00028523,67526.0625,7.352888584,19.77129555,336.0591431,903.6346436,108,070802060802,190.6148529
820,F070802060802_239,2730.950281,391751.1279,96.76252747,16062.5791,27128.3418,327.0573425,3812.443604,94.82727814,27.09350777,96.76252747,0.010942793,2400.571289,2184.519775,0.011965401,25.02326775,50046.53906,25.02326775,9.55127E-05,43190.92188,7.352910995,19.77135849,641.9057617,1726.030396,108,070802060802,121.920784
821,F070802060802_263,2407.313926,227333.0564,56.15126419,9321.109375,15742.56836,189.791275,2212.359863,55.0282402,15.72235394,56.15126419,0.0063501,1467.436035,1335.366821,0.007314284,69.44212341,138884.25,69.44212341,0.000265058,25063.67773,6.980186462,18.76913261,134.2284546,360.9290161,108,070802060802,70.75059509
822,F070802060802_273,2252.254383,270945.2139,66.92346954,11109.2959,18108.15234,226.2013245,2636.784668,65.58499908,18.73857117,66.92346954,0.007568319,1780.479004,1620.23584,0.008874614,22.41655159,44833.10547,22.41655159,8.5563E-05,29217.44922,6.856591702,18.03283691,495.5845032,1303.387329,108,070802060802,84.32357025
823,F070802060802_277,1943.536899,154578.4545,38.18087769,6338.025879,3858.55957,129.0513611,1504.326538,37.41725922,10.69064617,38.18087769,0.004317844,1015.777161,924.3572388,0.005063037,,,,,10196.58594,6.856684208,11.03100109,,,108,070802060802,48.10790634
824,F070802060802_279,1399.941999,120091.555,29.66261482,4923.994141,8219.510742,100.2596359,1168.707031,29.06936264,8.305532455,29.66261482,0.00335452,735.8850098,669.6553345,0.003667943,18.9243145,37848.62891,18.9243145,7.22333E-05,13143.50488,7.353027344,19.62726784,260.1940613,694.5300293,108,070802060802,37.37489319
825,F070802060802_280,4325.842524,423225.973,104.5368118,17353.11133,28285.57227,353.3344116,4118.750488,102.4460754,29.27030754,104.5368118,0.011821981,2593.433838,2360.024902,0.012926705,71.29372406,142587.4531,71.29372406,0.000272125,45638.68359,7.352935791,19.3382206,243.4030762,640.1500854,108,070802060802,131.7163849
826,F070802060803_10,1438.199625,116065.2311,28.6681118,4758.906738,6074.772461,96.89821625,1129.52356,28.09474945,8.027070999,28.6681118,0.003242053,711.2385864,647.2271118,0.003545096,7.961617947,15923.23633,7.961617947,3.03892E-05,10833.67969,7.352761745,16.7386055,597.7311401,1360.738403,108,070802060804,36.12181854
827,F070802060803_12,1074.545878,66304.89364,16.37730789,2718.633057,3737.30249,55.3553009,645.2659302,16.04976082,4.585646152,16.37730789,0.001852096,406.2855835,369.7198792,0.002025089,2.312258959,4624.518066,2.312258959,8.82579E-06,6455.935547,7.353223801,17.46169472,1175.747681,2792.046875,108,070802060803,20.63540649
828,F070802060803_14,1102.302042,62959.36467,15.5509634,2581.459961,2382.718994,52.56225586,612.7079468,15.23994446,4.354269981,15.5509634,0.001758646,385.7836304,351.0631104,0.001922899,2.726498127,5452.996582,2.726498127,1.04069E-05,4964.178711,7.353264809,14.1404171,946.8042603,1820.715942,108,070802060803,19.59421539
829,F070802060803_57,2423.983917,328265.7259,81.08163452,13459.55176,18238.50195,274.0559387,3194.616455,79.45999908,22.70285797,81.08163452,0.009169455,2011.546387,1830.507202,0.010026346,61.50233078,123004.6563,61.50233078,0.000234752,31698.05469,7.352908611,17.31654167,218.8462067,515.3959961,108,070802060803,102.1628571
830,F070802060803_92,2401.87969,248411.6262,61.35766983,10185.37305,16402.13477,207.3889313,2417.492188,60.13051605,17.18014717,61.35766983,0.006938888,1603.483765,1459.170166,0.0079924,22.92992973,45859.85938,22.92992973,8.75226E-05,26587.50781,6.980250359,18.22097778,444.1955566,1159.511108,108,070802060803,77.31066132
831,F070802060803_96,3224.916982,379714.8563,93.78956604,15569.06836,16510.71289,317.008728,3695.308838,91.91377258,26.26107788,93.78956604,0.010606584,2326.821289,2117.407471,0.011597802,22.19163895,44383.27734,22.19163895,8.47045E-05,32079.78125,7.352891922,15.15049934,701.5736084,1445.57959,108,070802060803,118.1748505
832,F070802060803_132,2250.531853,259079.4279,63.99261856,10622.77441,11682.49316,216.2950439,2521.309082,62.71276474,17.91793251,63.99261856,0.007236872,1587.59082,1444.707642,0.007913183,4.665081501,9330.163086,4.665081501,1.78064E-05,22305.26758,7.352888584,15.43929482,2277.082275,4781.324219,108,070802060803,80.63069916
833,F070802060803_135,1651.847517,138914.9543,34.31199265,5695.791016,6599.568848,115.9745331,1351.892456,33.6257515,9.607357979,34.31199265,0.003880315,851.241394,774.6296387,0.004242925,5.253191948,10506.38379,5.253191948,2.00512E-05,12295.35938,7.352921486,15.87256527,1084.253418,2340.550293,108,070802060803,43.23310852
834,F070802060803_136,2332.079758,325824.1225,80.4785614,13359.44141,14692.16797,272.0175476,3170.855225,78.86898804,22.53399658,80.4785614,0.009101253,1996.592041,1816.898804,0.009951808,17.43760109,34875.20313,17.43760109,6.65586E-05,28051.60938,7.352881432,15.43927956,766.128418,1608.685059,108,070802060803,101.4029846
835,F070802060803_139,2021.733912,207980.8708,51.37127686,8527.631836,9880.75,173.6349182,2024.02832,50.343853,14.38395786,51.37127686,0.005809535,1274.442139,1159.74231,0.006352325,3.792503119,7585.006348,3.792503119,1.44758E-05,18408.38281,7.353040218,15.87282181,2248.549805,4853.887207,108,070802060803,64.72781372
836,F070802060803_141,1660.527774,132710.0841,32.77939224,5441.378906,6518.509766,110.794342,1291.508057,32.123806,9.178230286,32.77939224,0.003706994,813.2073364,740.0186768,0.004053348,3.38940239,6778.804688,3.38940239,1.29372E-05,11959.88867,7.353029251,16.16160393,1605.409546,3528.612793,108,070802060803,41.30203629
837,F070802060803_169,2097.807289,163948.8379,40.49536133,6722.22998,9769.100586,136.8743286,1595.517212,39.68545532,11.33870125,40.49536133,0.004579586,1004.666504,914.246521,0.005007657,18.20536804,36410.73828,18.20536804,6.94891E-05,16491.33008,7.352754116,18.03816605,369.2443848,905.8498535,108,070802060803,51.02415466
838,F070802060803_171,2120.709131,188740.207,46.61883163,7738.726074,10334.46191,157.5716553,1836.781982,45.68645477,13.0532732,46.61883163,0.005272085,1156.577637,1052.485596,0.005764842,135.6384277,271276.8438,135.6384277,0.000517726,18073.1875,7.352809429,17.17190933,57.05408096,133.2453308,108,070802060803,58.73972702
839,F070802060803_179,1944.403218,150796.7971,37.2468071,6182.970215,10442.51367,125.8942108,1467.52417,36.5018692,10.42910576,37.2468071,0.00421221,924.052002,840.8873291,0.004605842,10.54556942,21091.13867,10.54556942,4.0252E-05,16625.48438,7.352911472,19.77135849,586.3097534,1576.537354,108,070802060803,46.93097687
840,F070802060803_184,1559.709908,152912.3783,37.76935577,6269.712891,10608.12988,127.6604233,1488.112671,37.01396942,10.57541943,37.76935577,0.004271305,937.0053101,852.6748047,0.004670407,20.27351761,40547.03516,20.27351761,7.73832E-05,16877.84375,7.352993965,19.79399872,309.2562866,832.506897,108,070802060803,47.5893898
841,F070802060803_204,1063.838182,47549.57401,11.74474525,1949.627686,2680.150635,39.69723892,462.7429504,11.5098505,3.288528681,11.74474525,0.001328203,312.4433899,284.3234863,0.001557342,18.19463348,36389.26563,18.19463348,6.94481E-05,4629.77832,6.857075691,16.28348923,107.1539993,254.4584503,108,070802060803,14.79837894
842,F070802060803_238,1320.039521,80540.57726,19.89352226,3302.324707,4604.555176,67.24010468,783.8047485,19.49565125,5.570186138,19.89352226,0.002249742,493.5202637,449.1034546,0.002459901,8.627673149,17255.3457,8.627673149,3.29315E-05,7906.879883,7.353149414,17.60592079,382.759613,916.4556885,108,070802060803,25.06583786
843,F070802060803_289,1581.403623,155124.0998,38.31565094,6360.397949,10547.01367,129.506897,1509.636597,37.54933929,10.72838211,38.31565094,0.004333085,950.5881958,865.0352783,0.004738109,41.5812645,83162.53125,41.5812645,0.000158714,16907.41211,7.352761269,19.5453434,152.9630737,406.6112976,108,070802060302,48.27772141
844,F070802060803_375,2377.048725,314048.9226,77.57008362,12876.63379,22759.0625,262.1868896,3056.26123,76.01868439,21.71962357,77.57008362,0.008772336,2063.74707,1878.009888,0.010286535,64.67929077,129358.5781,64.67929077,0.000246878,35635.69531,6.85653162,18.97524452,199.0843353,550.9598999,108,070802060803,97.73831177
845,F070802060803_379,2339.50598,303118.0334,74.87015533,12428.44531,22210.98047,253.0611267,2949.884033,73.37274933,20.96364403,74.87015533,0.008467004,1857.443604,1690.273682,0.009258237,40.59415054,81188.30469,40.59415054,0.000154946,34639.42578,7.352919102,20.49338341,306.1634521,853.310791,108,070802060803,94.33639526
846,F070802060803_380,2159.164342,265005.206,65.45628357,10865.74316,25030.04297,221.2422333,2578.977539,64.14715576,18.32775879,65.45628357,0.007402397,1623.893188,1477.742798,0.008094128,33.88546753,67770.9375,33.88546753,0.000129339,35895.78516,7.352932453,24.2909565,320.6608582,1059.326782,108,070802060803,82.47491455
847,F070802060803_409,5679.018035,376869.0758,93.08666229,15452.38574,27918.55078,314.6329041,3667.614502,91.22492981,26.0642662,93.08666229,0.010527093,2309.359131,2101.516846,0.011510763,73.090065,146180.125,73.090065,0.000278982,43370.9375,7.352967739,20.63792038,211.4156799,593.3903198,108,070802060803,117.2891998
848,F070802060803_514,2286.191717,149666.5398,36.96763611,6136.627441,3615.434326,124.9506073,1456.524902,36.22828293,10.35093784,36.96763611,0.004180639,917.1055908,834.5661011,0.004571219,8.991780281,17983.56055,8.991780281,3.43212E-05,9752.061523,7.353075504,11.68518734,682.4708252,1084.552856,108,070802060803,46.57921982
849,F070802060803_523,1454.325373,89224.50792,22.03845406,3658.383301,4875.557617,74.48997498,868.3150635,21.59768486,6.170767307,22.03845406,0.00249231,546.7247925,497.5195618,0.002725094,63.30405426,126608.1094,63.30405426,0.000241629,8533.941406,7.353245258,17.15297699,57.79066467,134.8087616,108,070802060801,27.76845169
850,F070802060803_528,3413.280695,262437.6397,64.82209778,10760.46777,13524.48242,219.0986938,2553.990723,63.52565765,18.15018654,64.82209778,0.007330677,1608.172363,1463.43689,0.00801577,31.02719879,62054.39844,31.02719879,0.000118429,24284.94922,7.352874279,16.59446335,346.8075867,782.6987305,108,070802060803,81.67584229
851,F070802060803_547,2318.53913,165093.9502,40.77820587,6769.182129,10502.01953,137.8303375,1606.661255,39.96264267,11.41789722,40.77820587,0.004611573,856.3597412,779.2873535,0.004268437,,,,,17271.20117,8.686374664,22.16281509,,,108,070802060803,51.38053894
852,F070802060803_558,1195.43405,94455.17538,23.33042908,3872.851318,5552.175293,78.85684967,919.2189331,22.86382103,6.532520294,23.33042908,0.002638419,578.809082,526.7162476,0.002885014,26.25206375,52504.12891,26.25206375,0.000100203,9425.026367,7.352822781,17.89393425,147.525589,359.0203857,108,070802060803,29.39634132
853,F070802060804_18,3191.681642,388287.2563,95.9069519,15920.55371,21573.31055,324.1654968,3778.733887,93.98881531,26.85394669,95.9069519,0.010846037,2379.321533,2165.182617,0.011859484,24.77067757,49541.35547,24.77067757,9.45486E-05,37493.86328,7.352984428,17.31672096,642.7177124,1513.639038,108,070802060804,120.8427582
854,F070802060804_20,1345.91977,81988.85363,20.25124741,3361.707031,3366.973145,68.44921875,797.8991699,19.84622192,5.670349121,20.25124741,0.002290197,603.1429443,548.8601074,0.003006304,5.900458813,11800.91797,5.900458813,2.25218E-05,6728.680176,6.12488842,12.25937176,569.7365723,1140.365601,108,070802060804,25.51657104
855,F070802060804_26,2621.545128,278846.2995,68.87503815,11433.25586,9654.90332,232.7976227,2713.676514,67.49753571,19.28501129,68.87503815,0.00778902,1708.704224,1554.920898,0.008516861,30.32380295,60647.60547,30.32380295,0.000115745,21088.16016,7.352950096,13.56220722,377.0389709,695.4325562,108,070802060804,86.782547
856,F070802060804_39,1489.057002,133712.4441,33.02697372,5482.477539,7429.088379,111.6311722,1301.262817,32.366436,9.247552872,33.02697372,0.003734993,878.689209,799.6071777,0.004379736,7.338526249,14677.05273,7.338526249,2.80108E-05,12911.56641,6.856463432,16.14738655,747.081543,1759.422241,108,070802060804,41.61399078
857,F070802060804_58,1603.715775,160788.2723,39.71470261,6592.640625,9321.834961,134.2356873,1564.759277,38.92041016,11.12011719,39.71470261,0.004491303,985.2702637,896.5959473,0.004910978,15.92966938,31859.33789,15.92966938,6.08029E-05,15914.47559,7.352967262,17.74988556,413.8592224,999.0462036,108,070802060804,50.04052734
858,F070802060804_94,2134.364076,132765.2385,32.79301453,5443.640625,5131.450684,110.8403854,1292.0448,32.13715363,9.182044029,32.79301453,0.003708535,813.6140747,740.3887939,0.004055376,,,,,10575.0918,7.352408409,14.28316021,,,108,070802060804,41.31919861
859,F070802060804_146,1649.037501,169860.4857,41.9555397,6964.619629,9847.804688,141.8097229,1653.048218,41.11642838,11.74755096,41.9555397,0.004744717,1040.858521,947.1812744,0.005188053,27.95262718,55905.25391,27.95262718,0.000106694,16812.42383,7.352995396,17.74995422,249.157959,601.4613037,108,070802060804,52.86397934
860,F070802060804_147,1544.762627,149217.1805,36.85664368,6118.202637,9852.515625,124.5754547,1452.151733,36.11951065,10.31986046,36.85664368,0.004168087,914.3626709,832.0700073,0.004557547,22.69667435,45393.34766,22.69667435,8.66322E-05,15970.71875,7.35299015,19.19396019,269.5638428,703.6589966,108,070802060804,46.4393692
861,F070802060804_151,2663.998951,287304.5295,70.96421814,11780.06055,14343.28809,239.8590546,2795.990234,69.54493713,19.86998177,70.96421814,0.008025284,2002.687744,1822.445801,0.009982191,57.74051285,115481.0313,57.74051285,0.000220393,26123.34766,6.46387434,14.3342247,204.0172424,452.4266663,108,070802060804,89.41491699
862,F070802060804_159,1477.88264,64776.19079,15.99971867,2655.953369,2399.318115,54.07904816,630.388916,15.67972469,4.479921341,15.99971867,0.001809395,396.8948669,361.1743164,0.001978282,,,,,5055.271484,7.353660583,13.99676323,,,108,070802060804,20.15964508
863,F070802060804_177,2005.949555,141474.9992,34.94432449,5800.757813,10024.82715,118.1118164,1376.806396,34.24543762,9.784410477,34.94432449,0.003951825,866.9303589,788.9066162,0.004321125,7.896307945,15792.61523,7.896307945,3.01399E-05,15825.58496,7.352908134,20.06015015,734.6164551,2004.175293,108,070802060804,44.02984619
864,F070802060804_188,3003.227991,521471.0934,128.80336,21381.35742,36531.20703,435.3553467,5074.852539,126.2272949,36.06494141,128.80336,0.014566265,3195.481201,2907.887939,0.015927548,84.68734741,169374.6875,84.68734741,0.000323248,57912.5625,7.352882385,19.91567802,252.4740448,683.8395996,108,070802060804,162.2922363
865,F070802060804_201,2405.984985,323642.3857,79.93966675,13269.98438,21369.47461,270.1960754,3149.622803,78.34087372,22.38310623,79.93966675,0.00904031,1983.210693,1804.72168,0.00988511,26.96913719,53938.27344,26.96913719,0.00010294,34639.46094,7.352925777,19.19379616,492.043335,1284.411133,108,070802060804,100.7239838
866,F070802060804_204,1670.073886,173104.4489,42.75679779,7097.628418,12405.45703,144.5179749,1684.617798,41.90166092,11.9719038,42.75679779,0.00483533,1060.744141,965.2771606,0.00528717,22.50134659,45002.69531,22.50134659,8.58867E-05,19503.08594,7.35294342,20.20464897,315.4312744,866.7519531,108,070802060804,53.87356567
867,F070802060804_209,1582.558168,150790.0624,37.24514389,6182.693848,10927.72656,125.888588,1467.458618,36.50024033,10.42864037,37.24514389,0.004212022,924.0147095,840.8533936,0.004605656,12.33329296,24666.58594,12.33329296,4.70757E-05,17110.41992,7.352879524,20.34887505,501.3011475,1387.335938,108,070802060804,46.92887878
868,F070802060804_217,2061.717173,138330.3638,34.16759872,5671.821289,4566.841797,115.4864807,1346.203369,33.4842453,9.56692791,34.16759872,0.003863985,892.9125977,812.5504761,0.004450631,,,,,10238.66309,6.980269432,12.60064888,,,108,070802060804,43.05117416
869,F070802060804_251,1190.436608,77107.13512,19.04546165,3161.546631,5401.672852,64.37365723,750.3911743,18.66455269,5.33272934,19.04546165,0.002153835,399.9397888,363.9452209,0.001993459,,,,,8563.219727,8.686875343,23.52886963,,,108,070802060804,23.99728203
870,F070802060804_252,2392.238818,317286.8342,78.36985016,13009.39551,23249.19727,264.8901062,3087.772217,76.80245209,21.94355774,78.36985016,0.008862781,1944.247925,1769.265625,0.009690904,19.66274643,39325.49219,19.66274643,7.50519E-05,36258.59375,7.352991581,20.49358368,661.6265869,1844.024902,108,070802060804,98.74600983
871,F070802060804_257,2407.393001,318475.9525,78.66355896,13058.15039,18720.35547,265.882843,3099.344238,77.09028625,22.02579689,78.66355896,0.008895996,1951.538818,1775.900269,0.009727244,30.34228134,60684.5625,30.34228134,0.000115815,31778.50586,7.352974892,17.89430809,430.3615112,1047.334106,108,070802060804,99.11608124
872,F070802060804_261,952.3426964,41743.59898,10.31066895,1711.571045,2857.086914,34.85005951,406.2403564,10.10445595,2.886987209,10.31066895,0.001166025,274.294342,249.6078491,0.001367192,3.005929947,6011.859863,3.005929947,1.14735E-05,4568.658203,6.857039928,18.30334282,569.3981934,1519.881836,108,070802060804,12.99144363
873,F070802060804_270,3936.275672,604261.5667,149.2526093,24775.93359,42331.01953,504.4738159,5880.552734,146.2675629,41.79072952,149.2526093,0.016878853,3900.470703,3549.428223,0.019441495,78.08857727,156177.1563,78.08857727,0.000298061,67106.95313,6.980260372,18.90641212,317.2798767,859.3696289,108,070802060804,188.0582886
874,F070802060804_271,1581.607679,156296.0318,38.60512161,6408.450195,10571.62402,130.4853058,1521.041748,37.83301926,10.80943394,38.60512161,0.004365821,1065.32312,969.4440308,0.005309993,20.15490341,40309.80859,20.15490341,7.69304E-05,16980.07422,6.610438347,17.51527023,317.9598694,842.4785767,108,070802060804,48.64245224
875,F070802060804_274,1559.688822,152028.7979,37.55111313,6233.484863,9793.331055,126.92276,1479.513916,36.80009079,10.51431179,37.55111313,0.004246624,1059.743164,964.366272,0.005282181,23.7833786,47566.75781,23.7833786,9.07801E-05,16026.81641,6.463814735,16.61901474,262.0941772,673.866272,108,070802060804,47.31440353
876,F070802060804_276,2452.697641,311228.1282,76.87334442,12760.97559,20800.38867,259.8319092,3028.809814,75.33587646,21.52453613,76.87334442,0.008693542,1907.144043,1735.501099,0.009505964,23.58543968,47170.87891,23.58543968,9.00246E-05,33561.36328,7.352905273,19.33814049,541.0531006,1422.969604,108,070802060804,96.8604126
877,F070802060804_285,1576.035611,155242.2403,38.34483337,6365.242188,11625.3877,129.6055298,1510.786377,37.57793808,10.73655319,38.34483337,0.004336385,951.2684937,865.6543579,0.0047415,8.841676712,17683.35352,8.841676712,3.37483E-05,17990.62891,7.353098869,20.78269386,719.9134521,2034.753052,108,070802060804,48.31449127
878,F070802060804_292,1520.474464,114638.6903,28.31575584,4700.415527,8677.080078,95.7072525,1115.640747,27.74944115,7.928411484,28.31575584,0.003202205,781.37854,711.0544434,0.003894701,13.52294922,27045.89844,13.52294922,5.16165E-05,13377.49609,6.610486031,18.81360245,347.5880432,989.2439575,108,070802060804,35.67785263
879,F070802060804_306,2353.579543,286245.1446,70.7025528,11736.62402,18900.20313,238.9746246,2785.680664,69.28849792,19.79671478,70.7025528,0.007995693,1754.055176,1596.190186,0.008742908,13.55954838,27119.0957,13.55954838,5.17562E-05,30636.82813,7.352898121,19.19371986,865.5615845,2259.428467,108,070802060804,89.08521271
880,F070802060804_308,1579.303066,155661.8558,38.4484787,6382.447266,10528.73145,129.9558563,1514.870117,37.67950821,10.76557446,38.4484787,0.004348106,1060.969604,965.4823608,0.005288294,8.941486359,17882.97266,8.941486359,3.41293E-05,16911.17969,6.610630512,17.51578331,713.8015747,1891.316406,108,070802060804,48.44508362
881,F070802060804_317,2495.704066,353322.2591,87.27059937,14486.91992,23613.67578,294.9746399,3438.46167,85.52518463,24.43576813,87.27059937,0.009869359,2165.085205,1970.227539,0.010791644,17.40244484,34804.88672,17.40244484,6.64244E-05,38100.59375,7.352917194,19.3381691,832.4646606,2189.381592,108,070802060804,109.9609528
882,F070802060804_358,2420.676001,272279.3002,67.25299072,11163.99609,15566.375,227.3151093,2649.767822,65.90792847,18.83083725,67.25299072,0.007605585,1668.452759,1518.291992,0.008316231,18.07435989,36148.71875,18.07435989,6.89891E-05,26730.37109,7.352996826,17.60555458,617.6703491,1478.911133,108,070802060804,84.73876953
883,F070802060804_367,1373.969872,110164.8029,27.21070671,4516.977539,4612.758789,91.97219086,1072.101807,26.66649246,7.618998051,27.21070671,0.003077236,675.0514526,614.296814,0.003364725,3.401561737,6803.123535,3.401561737,1.29836E-05,9129.736328,7.353086472,14.86209297,1327.912842,2683.983643,108,070802060804,34.28549194
884,F070802060804_369,1126.804896,59755.09073,14.75950718,2450.078125,1443.479858,49.88713455,581.5245972,14.46431732,4.132661819,14.75950718,0.00166914,407.2850342,370.6293945,0.00203007,12.39997482,24799.95117,12.39997482,4.73302E-05,3893.558105,6.610587597,10.50525951,197.5873413,313.9972534,108,070802060804,18.59697914
885,F070802060804_377,3007.09923,461392.0656,113.9638367,18917.99609,26006.54883,385.1977539,4490.175293,111.6845627,31.90987396,113.9638367,0.012888075,2978.242676,2710.200928,0.014844745,36.02554703,72051.09375,36.02554703,0.000137508,44924.54688,6.980292797,16.57609367,525.1272583,1247.019165,108,070802060804,143.5944366
886,F070802060804_385,632.907532,24910.51122,6.152896404,1021.380798,1885.494019,20.79678917,242.424118,6.029838562,1.722810984,6.152896404,0.000695826,181.8259277,165.4615936,0.000906293,2.555685043,5111.370117,2.555685043,9.75494E-06,2906.874756,6.172917843,17.56827545,399.6504822,1137.415039,108,070802060804,7.752649307
887,F070802060804_386,3375.912806,297299.8657,73.43306732,12189.88965,20827.08398,248.2037659,2893.262939,71.96440887,20.56125832,73.43306732,0.008304484,2169.960693,1974.664185,0.010815945,28.15370941,56307.41797,28.15370941,0.000107462,33016.97266,6.173145771,16.72029686,432.9763184,1172.739746,108,070802060804,92.52566528
888,F070802060804_416,1494.012711,139316.3321,34.41113281,5712.248047,9535.324219,116.3096313,1355.798584,33.72291183,9.635117531,34.41113281,0.003891526,853.677124,776.8461914,0.004255066,16.12893677,32257.875,16.12893677,6.15635E-05,15247.57227,7.353126049,19.62753105,354.1614685,945.3551025,108,070802060804,43.35802841
889,F070802060804_419,2418.809244,308167.6341,76.11740875,12635.49023,21092.13281,257.2768555,2999.025879,74.59506226,21.31287384,76.11740875,0.008608054,1989.20813,1810.179443,0.009915004,37.90389633,75807.79688,37.90389633,0.000144678,33727.625,6.980241776,18.63220024,333.3559875,889.819458,108,070802060804,95.9079361
890,F070802060804_461,793.9976436,28463.20103,7.030410767,1167.048218,1214.713745,23.76278877,276.9981689,6.889802456,1.968515038,7.030410767,0.000795063,194.0258331,176.5635071,0.000967102,,,,,2381.761963,6.609792709,13.48954868,,,108,070802060804,8.858317375
891,F070802060804_472,1633.175664,125473.7929,30.99202728,5144.676758,8082.721191,104.7530518,1221.085815,30.37218666,8.677767754,30.99202728,0.003504863,855.2186279,778.2489624,0.00426275,20.67920685,41358.41406,20.67920685,7.89317E-05,13227.39844,6.610579491,16.99635887,248.7850189,639.6472778,108,070802060804,39.04995346
892,F070802060805_24,4403.769116,872493.6141,215.5059204,35773.98438,54096.30078,728.4100342,8490.933594,211.1958008,60.34165955,215.5059204,0.024371386,5346.436035,4865.256836,0.026648762,76.1844635,152368.9375,76.1844635,0.000290793,89870.28125,7.352948666,18.47184753,469.5705872,1179.640503,108,070802060805,271.5374756
893,F070802060805_42,1578.010584,155583.696,38.42917252,6379.242676,10398.16504,129.8906097,1514.109375,37.66058731,10.76016808,38.42917252,0.004345923,953.4025879,867.5963745,0.004752137,17.06473923,34129.47656,17.06473923,6.51354E-05,16777.4082,7.352777004,19.33780289,373.8259583,983.1622925,108,070802060805,48.42075348
894,F070802060805_294,2755.279393,285414.6405,70.49741364,11702.57031,18615.54883,238.2812653,2777.598145,69.08746338,19.73927498,70.49741364,0.007972494,1748.963257,1591.556519,0.008717528,20.55098915,41101.98047,20.55098915,7.84422E-05,30318.11914,7.352909088,19.04935074,569.4407349,1475.263306,108,070802060805,88.82673645
895,F070802060805_344,4471.929191,1158831.842,286.2314758,47514.42578,72782.92969,967.4624023,11277.52051,280.5068359,80.14481354,286.2314758,0.032369681,7101.061035,6461.965332,0.035394508,132.1903839,264380.7813,132.1903839,0.000504565,120297.3594,7.352937222,18.61621857,359.4393616,910.0310669,108,070802060805,360.6516418
896,F070802060301_107,2612.855463,284874.6166,70.36402893,11680.42871,20644.80859,237.8304138,2772.342773,68.95674896,19.70192719,70.36402893,0.007957409,1745.665161,1588.555298,0.008701089,30.82396889,61647.9375,30.82396889,0.000117654,32325.23828,7.352862358,20.34882736,378.9397888,1048.70459,108,070802060301,88.65867615
897,F070802060301_110,4558.72241,927635.0911,229.1258698,38034.89453,66478.57813,774.4454346,9027.55957,224.5433502,64.15524292,229.1258698,0.025911653,5684.34375,5172.75293,0.028333027,259.490448,518980.9063,259.490448,0.000990464,104513.4688,7.352931023,20.20461273,146.5753174,402.7642212,108,070802060301,288.6986084
898,F070802060301_165,3071.271127,409658.5551,101.1856613,16796.82031,31007.33203,342.0075378,3986.715088,99.16194916,28.33198547,101.1856613,0.011443002,2510.313232,2284.38501,0.012512398,54.53322983,109066.4609,54.53322983,0.000208151,47804.15234,7.352885246,20.92648697,308.0107422,876.605896,108,070802060301,127.4939346
899,F070802060301_210,3496.803981,529234.4771,130.7209167,21699.67188,34518.16406,441.8367004,5150.404297,128.1064911,36.60185623,130.7209167,0.01478312,3243.028564,2951.156006,0.016164543,253.8275146,507655.0313,253.8275146,0.000968849,56217.83594,7.352939606,19.04942894,85.48983002,221.4804688,108,070802060301,164.7083435
900,F070802060301_256,2384.793918,304717.4527,75.26521301,12494.02539,23064.26953,254.3964233,2965.449463,73.75991058,21.0742588,75.26521301,0.00851168,1867.24353,1699.19165,0.009307084,52.62555313,105251.1016,52.62555313,0.000200869,35558.29688,7.352922916,20.92659569,237.4136658,675.6849976,108,070802060301,94.83416748
901,F070802060301_338,2455.10319,266767.0111,65.89144897,10937.98047,20621.38867,222.7131042,2596.123047,64.57362366,18.44960594,65.89144897,0.007451609,1634.696289,1487.573608,0.008147975,27.55294418,55105.88672,27.55294418,0.000105168,31559.36914,7.352900505,21.21533203,396.9804688,1145.408203,108,070802060301,83.02323151
902,F070802060301_343,1230.912185,70531.39829,17.42125511,2891.928467,1930.972168,58.88384247,686.3974609,17.0728302,4.877951622,17.42125511,0.001970155,42.12616348,38.33480835,0.000209974,,,,,4822.900391,75.43871307,125.8099518,,,108,070802060301,21.95078278
903,F070802060301_398,2859.838111,352085.7418,86.96517944,14436.21973,22680.51953,293.9423218,3426.427979,85.22587585,24.35025024,86.96517944,0.009834819,2157.489014,1963.314941,0.010753782,82.17921448,164358.4219,82.17921448,0.000313675,37116.73828,7.352982044,18.90513802,175.6675262,451.6560364,108,070802060301,109.5761261
904,F070802060302_11,2575.350926,358840.4741,88.63359833,14713.17773,23982.47852,299.5815735,3492.163818,86.86092377,24.81740761,88.63359833,0.0100235,2316.301025,2107.833984,0.011545365,130.2842865,260568.5781,130.2842865,0.00049729,38695.65625,6.980235577,18.35801888,112.9313278,297.0093994,108,070802060302,111.6783295
905,F070802060302_17,1437.272277,72317.9779,17.8625412,2965.181885,2562.202637,60.3753891,703.7841187,17.50529099,5.001511574,17.8625412,0.00202006,443.1273499,403.2458801,0.002208723,9.056023598,18112.04688,9.056023598,3.45665E-05,5527.384766,7.353284836,13.70723152,327.4264832,610.3544922,108,070802060302,22.50680161
906,F070802060302_27,1151.601835,75612.46587,18.67627907,3100.262207,5114.312988,63.12582397,735.8453979,18.30275345,5.229358196,18.67627907,0.002112085,488.0621643,444.1365662,0.002432696,21.18528366,42370.56641,21.18528366,8.08633E-05,8214.575195,6.980425358,18.49560738,146.3403625,387.749115,108,070802060302,23.53211212
907,F070802060302_38,1636.957621,86854.33438,21.4530201,3561.201416,4406.021484,72.51120758,845.2489624,21.02396011,6.006845474,21.4530201,0.002426104,638.9359131,581.4317017,0.00318471,14.26149368,28522.98633,14.26149368,5.44355E-05,7967.222656,6.124883652,13.70276642,249.7074585,558.652771,108,070802060302,27.03080559
908,F070802060302_43,1988.657204,236646.9228,58.45178986,9702.99707,15815.88379,197.5670471,2303.000488,57.28275299,16.36650085,58.45178986,0.006610264,1450.12439,1319.613159,0.007227996,23.21904373,46438.08984,23.21904373,8.86261E-05,25518.88086,7.352910042,19.33815193,417.8896179,1099.049561,108,070802060302,73.64925385
909,F070802060302_65,706.4264576,24912.79278,6.153460026,1021.474365,1143.435913,20.79869461,242.4463196,6.030390739,1.722968817,6.153460026,0.00069589,160.8149719,146.341629,0.000801566,,,,,2164.910156,6.980066776,14.79353619,,,108,070802060302,7.753359795
910,F070802060302_89,3948.638862,472208.6631,116.6355362,19361.49805,33840.63672,394.2281189,4595.439941,114.3028259,32.65795135,116.6355362,0.013190215,2893.56958,2633.148438,0.014422701,110.8572769,221714.5625,110.8572769,0.000423137,53202.13281,7.352983952,20.2047596,174.6524811,479.9155579,108,070802060302,146.9607849
911,F070802060302_101,1394.535349,95920.14616,23.692276,3932.917725,5097.629883,80.07989502,933.475647,23.21842957,6.633837223,23.692276,0.00267934,619.1636963,563.4389648,0.003086158,57.38490677,114769.8125,57.38490677,0.000219036,9030.547852,6.980201721,16.02755356,68.53575134,157.3679962,108,070802060302,29.85226631
912,F070802060302_115,888.5140805,41364.01498,10.21691132,1696.007324,1898.506226,34.53316116,402.5462952,10.01257324,2.860735178,10.21691132,0.001155422,267.0140991,242.9828339,0.001330904,40.94346237,81886.92188,40.94346237,0.000156279,3594.513672,6.97994709,14.79328251,41.42315292,87.79212952,108,070802060302,12.87330818
913,F070802060302_128,554.5979203,20045.90315,4.951338291,821.9221802,968.4816895,16.73552322,195.0827332,4.852311611,1.386374712,4.951338291,0.000559943,139.7496185,127.1721497,0.000696568,,,,,1790.403809,6.463067532,14.07858372,,,108,070802060302,6.238686562
914,F070802060302_150,749.5561785,13474.34727,3.328163862,552.4752197,943.93396,11.24919415,131.1296539,3.261600494,0.931885898,3.328163862,0.000376379,91.86064911,83.59319305,0.00045787,,,,,1496.40918,6.609093189,17.90108871,,,108,070802060302,4.193486214
915,F070802060302_152,4122.279145,345847.412,85.42430878,14180.43555,20329.2793,288.7341614,3365.717773,83.71582031,23.91880608,85.42430878,0.009660563,2119.272705,1928.538208,0.010563297,205.6199341,411239.875,205.6199341,0.000784843,34509.71484,7.352945328,17.8942337,68.96430206,167.8325348,108,070802060302,107.6346283
916,F070802060302_154,1735.668769,154522.2999,38.16700745,6335.723145,11322.62207,129.0044861,1503.780151,37.40366745,10.68676186,38.16700745,0.004316275,946.8717651,861.6533203,0.004719585,36.39917755,72798.35938,36.39917755,0.000138934,17658.3457,7.352983952,20.4935627,174.0622559,485.1303406,108,070802060302,48.09043121
917,F070802060302_176,2171.197654,83810.23147,20.70112801,3436.387207,4184.111816,69.96981049,815.6244507,20.28710556,5.79631567,20.70112801,0.002341073,513.5523071,467.3326111,0.002559749,99.00535583,198010.7188,99.00535583,0.000377899,7620.499023,7.35319376,16.30637169,34.70910263,76.97057343,108,070802060302,26.08342171
918,F070802060302_225,855.6712114,45741.91184,11.29825211,1875.509888,2504.596436,38.18809128,445.151123,11.07228661,3.163510561,11.29825211,0.00127771,318.8421631,290.1463623,0.001589236,14.52875614,29057.51367,14.52875614,5.54556E-05,4380.106445,6.4640131,15.09619617,129.0895081,301.4784241,108,070802060302,14.23579693
919,F070802060302_233,813.8443121,38894.69365,9.606988907,1594.760132,1534.620728,32.47162247,378.5153503,9.414849281,2.689956903,9.606988907,0.001086446,255.6032562,232.5989685,0.001274028,,,,,3129.380859,6.856265068,13.45397568,,,108,070802060302,12.10480595
920,F070802060302_249,2419.875665,314171.5671,77.60037994,12881.66309,21503.0625,262.2892761,3057.455078,76.04837036,21.72810555,77.60037994,0.008775762,1925.197876,1751.930054,0.009595951,87.99318695,175986.375,87.99318695,0.000335866,34384.72656,7.3528409,19.62676811,146.3938751,390.7657776,108,070802060302,97.776474
921,F070802060302_265,1562.415298,128239.8334,31.67523956,5258.089844,8570.6875,107.0623093,1248.004395,31.0417347,8.869067192,31.67523956,0.003582126,785.8091431,715.0863037,0.003916785,36.15793991,72315.875,36.15793991,0.000138013,13828.77734,7.353084087,19.33861351,145.4200592,382.4548035,108,070802060302,39.91080093
922,F070802060302_348,2235.187738,305137.2167,75.36888885,12511.23535,14250.75098,254.7468414,2969.53418,73.86151123,21.10328865,75.36888885,0.008523405,1969.623901,1792.357788,0.009817388,338.9458313,677891.625,338.9458313,0.001293742,26761.98633,6.980322361,14.93116283,36.91219711,78.95652771,108,070802060302,94.96479797
923,F070802060302_364,4568.431967,1014274.193,250.5257263,41587.26953,67787.26563,846.7769775,9870.713867,245.515213,70.14720154,250.5257263,0.028331745,6215.234375,5655.863281,0.030979197,334.0284424,668056.875,334.0284424,0.001274972,109374.5313,7.352948189,19.33825493,124.502182,327.4407654,108,070802060302,315.6624146
924,F070802060302_371,2280.865481,109554.514,27.05996513,4491.954102,7498.315918,91.46268463,1066.162598,26.5187664,7.576790333,27.05996513,0.003060189,671.3113403,610.8933105,0.003346082,40.94798279,81895.96875,40.94798279,0.000156297,11990.26953,7.353090763,19.62743568,109.6990356,292.8171082,108,070802060302,34.09555817
925,F070802060302_422,2048.879339,119289.4264,29.46448898,4891.10498,6531.687988,99.58997345,1160.900879,28.87519836,8.25005722,29.46448898,0.003332115,770.0095825,700.7087402,0.003838034,74.050354,148100.7031,74.050354,0.000282647,11422.79297,6.980225563,16.30177116,66.05107117,154.2570953,108,070802060302,37.12525558
926,F070802060302_463,2978.816099,139272.6051,34.4003334,5710.455566,6504.415527,116.2731247,1355.373169,33.71232605,9.63209343,34.4003334,0.003890305,853.4235229,776.6154175,0.004253802,18.10763168,36215.26172,18.10763168,6.91161E-05,12214.87109,7.353003025,15.72834015,315.3618164,674.5703125,108,070802060302,43.34442139
927,F070802060406_50,3400.443368,420408.854,103.8409882,17237.60352,31143.99219,350.9825439,4091.334961,101.7641678,29.0754776,103.8409882,0.01174329,3068.54834,2792.378906,0.015294863,48.53529739,97070.59375,48.53529739,0.000185257,48381.59375,6.173089027,17.32629967,355.1560364,996.8331299,108,070802060406,130.8396454
928,F070802060406_90,1391.529897,106873.981,26.39787292,4382.046875,7573.021973,89.22480774,1040.076172,25.86991501,7.391404629,26.39787292,0.002985314,702.3275146,639.118042,0.003500679,31.91431236,63828.625,31.91431236,0.000121816,11955.06836,6.856396675,18.70557213,137.3066406,374.5989685,108,070802060406,33.26131821
929,F070802060406_91,2318.036324,247685.9583,61.17843246,10155.62012,15357.00977,206.7830963,2410.430176,59.9548645,17.12996101,61.17843246,0.006918618,1598.792114,1454.900879,0.007969015,166.4811707,332962.3438,166.4811707,0.000635452,25512.62891,6.98028326,17.53564835,61.00161362,153.2463379,108,070802060406,77.08482361
930,F070802060406_110,3422.26396,557121.4864,137.6090088,22843.0957,39477.27344,465.1184387,5421.794922,134.8568268,38.53052139,137.6090088,0.015562088,3413.918701,3106.666016,0.017016327,66.61118317,133222.375,66.61118317,0.000254252,62320.36719,7.352929115,20.06020737,342.9318542,935.5841675,108,070802060406,173.3873444
931,F070802060406_172,3150.46875,370967.3164,91.62892914,15210.40234,25091.66602,309.70578,3610.179688,89.79634857,25.65609932,91.62892914,0.01036224,2528.481445,2300.918213,0.012602956,20.61167336,41223.34766,20.61167336,7.86739E-05,40302.07031,6.610579491,17.51564598,737.9508667,1955.303223,108,070802060406,115.452446
932,F070802060406_193,1327.384437,102574.5051,25.33590317,4205.759766,4790.512695,85.63535309,998.2345581,24.82918549,7.094052792,25.33590317,0.002865216,628.5256348,571.958313,0.003132821,,,,,8996.272461,7.353262901,15.72889519,,,108,070802060406,31.92323875
933,F070802060406_211,2626.189814,346018.2111,85.46649933,14187.43848,25354.49023,288.87677,3367.380127,83.75717163,23.93062019,85.46649933,0.009665336,2120.342529,1929.511719,0.010568629,30.3010788,60602.16016,30.3010788,0.000115658,39541.92969,7.352864742,20.49323082,468.2156372,1304.967773,108,070802060406,107.6877899
934,F070802060406_289,2200.193461,147345.8207,36.39441681,6041.473145,6644.166016,123.0131302,1433.940063,35.66652679,10.19043636,36.39441681,0.004115814,902.9244385,821.6612549,0.004500534,159.9299927,319859.9688,159.9299927,0.000610446,12685.63867,7.352754116,15.43901253,37.77573395,79.31994629,108,070802060406,45.85696411
935,F070802060406_291,1317.450708,70124.498,17.32075119,2875.244629,4009.062012,58.54413986,682.4376221,16.97433662,4.849810123,17.32075119,0.001958789,429.7269592,391.0515442,0.00214193,,,,,6884.306641,7.352597713,17.60460091,,,108,070802060406,21.82414627
936,F070802060501_30,1957.71335,153884.6841,38.00951767,6309.580078,11523.72754,128.472168,1497.574951,37.24932861,10.64266491,38.00951767,0.004298465,942.9847412,858.1160889,0.00470021,13.65597439,27311.94922,13.65597439,5.21243E-05,17833.30859,7.352828026,20.78193092,462.0380859,1305.897949,108,070802060501,47.89199448
937,F070802060501_46,3024.553274,251306.7476,62.07276535,10304.0791,14569.71973,209.805954,2445.666992,60.83131027,17.38037491,62.07276535,0.007019757,1539.929565,1401.335938,0.007675621,141.0462189,282092.4375,141.0462189,0.000538367,24873.79883,7.353039742,17.75006104,73.05462646,176.3521118,108,070802060501,78.21168518
938,F070802060501_59,2403.143554,230105.4499,56.83604431,9434.783203,17787.41016,192.105835,2239.340088,55.69932175,15.91409206,56.83604431,0.006427541,1410.015869,1283.114502,0.00702808,20.53819275,41076.38281,20.53819275,7.83934E-05,27222.19336,7.353033066,21.21571732,459.3774719,1325.442505,108,070802060501,71.61341095
939,F070802060501_70,1959.318751,151629.6319,37.45251846,6217.118164,11965.33105,126.5895157,1475.629272,36.70346832,10.48670483,37.45251846,0.004235474,929.1373291,845.5149536,0.00463119,12.66617489,25332.34961,12.66617489,4.83462E-05,18182.44922,7.353055477,21.50458527,490.8441772,1435.512207,108,070802060501,47.1901741
940,F070802060501_85,3023.667143,81930.65116,20.23687172,3359.320801,5343.748047,68.40062714,797.3327637,19.83213425,5.666324139,20.23687172,0.002288571,528.850647,481.2540894,0.002636002,25.68532753,51370.65625,25.68532753,9.80398E-05,8703.068359,6.980347633,18.08414459,130.7875366,338.8342285,108,070802060501,25.49845886
941,F070802060501_99,2022.103991,143411.1977,35.42256546,5880.145996,10277.50391,119.7282715,1395.649048,34.71411514,9.918318748,35.42256546,0.004005909,878.7905273,799.6994019,0.004380241,21.93796921,43875.9375,21.93796921,8.37363E-05,16157.65039,7.352945328,20.20465469,268.0350952,736.5153198,108,070802060501,44.63243484
942,F070802060501_101,4045.901945,441254.8289,108.9899445,18092.33008,29135.19141,368.3860168,4294.203613,106.8101425,30.51718521,108.9899445,0.012325582,2703.890137,2460.540039,0.013477262,56.90737915,113814.7578,56.90737915,0.000217213,47227.52344,7.352991581,19.19396591,317.9259033,829.9015503,108,070802060501,137.3273315
943,F070802060501_102,4550.367549,606696.4469,149.8540192,24875.76758,42990.12109,506.5065918,5904.248535,146.8569336,41.95912552,149.8540192,0.016946865,3717.70166,3383.108398,0.018530501,72.20103455,144402.0781,72.20103455,0.000275588,67865.89063,7.352932453,20.0602169,344.53479,939.9573364,108,070802060501,188.8160553
944,F070802060501_108,3167.230881,363101.0409,89.68595886,14887.86914,26898.61133,303.1385498,3533.626709,87.89224243,25.11206818,89.68595886,0.010142511,2224.979004,2024.730835,0.011090179,57.10495758,114209.9141,57.10495758,0.000217967,41786.48047,7.353011608,20.63804245,260.7106323,731.7487183,108,070802060501,113.0043106
945,F070802060501_148,2574.407673,392621.7307,96.97756958,16098.27637,28453.21875,327.7841797,3820.91626,95.03801727,27.15371895,96.97756958,0.010967112,2405.88623,2189.356445,0.011991892,69.00878906,138017.5781,69.00878906,0.000263404,44551.49609,7.352972031,20.34912872,233.2786407,645.5916138,108,070802060501,122.1917343
946,F070802060501_216,1861.608392,191729.3326,47.3571434,7861.285645,13159.93359,160.0671387,1865.87146,46.40999985,13.26000023,47.3571434,0.00535558,1174.893799,1069.15332,0.005856137,16.41312027,32826.24219,16.41312027,6.26482E-05,21021.21875,7.352814198,19.66155624,478.963501,1280.756958,108,070802060501,59.66999817
947,F070802060501_217,2907.115896,448924.6608,110.8843918,18406.80859,31449.69336,374.7892456,4368.845215,108.6667023,31.04763031,110.8843918,0.012539824,2750.923828,2503.340576,0.013711696,53.4094162,106818.8281,53.4094162,0.000203861,49856.5,7.352898121,19.91598701,344.6360168,933.4777222,108,070802060501,139.714325
948,F070802060501_254,2383.314059,316250.4906,78.11386871,12966.90234,22409.30469,264.0248718,3077.686523,76.55158997,21.87188339,78.11386871,0.008833832,2041.374756,1857.651001,0.010175022,88.86242676,177724.8594,88.86242676,0.000339184,35376.20703,6.980268478,19.04351616,145.9210968,398.1008301,108,070802060501,98.42347717
949,F070802060501_279,3773.382202,663192.4597,163.8085327,27192.2168,51265.52734,553.6728516,6454.056152,160.5323639,45.86639023,163.8085327,0.018524971,4063.881104,3698.131836,0.020255998,69.34541321,138690.8281,69.34541321,0.000264688,78457.74219,7.352960587,21.21550751,392.1271057,1131.404907,108,070802060501,206.3987579
950,F070802060501_284,2376.805358,327925.4452,80.99758148,13445.59863,24292.79492,273.7718201,3191.304688,79.37763214,22.6793232,80.99758148,0.009159949,2009.474731,1828.621948,0.010016019,33.70294952,67405.89844,33.70294952,0.000128643,37738.39453,7.352858543,20.6376152,398.9442749,1119.735718,108,070802060501,102.0569534
951,F070802060501_285,1897.734159,97526.39662,24.08901978,3998.777344,7381.840332,81.42088318,949.1073608,23.60723877,6.744925499,24.08901978,0.002724207,597.607605,543.822937,0.002978714,13.19590282,26391.80664,13.19590282,5.03682E-05,11380.61719,7.353086948,20.92706299,303.0317383,862.4356689,108,070802060501,30.35216522
952,F070802060501_286,3662.791821,182830.5786,45.15915298,7496.419434,13396.91406,152.6379395,1779.27063,44.25597,12.64456272,45.15915298,0.005107011,1120.364624,1019.531799,0.005584342,20.74011612,41480.23438,20.74011612,7.91641E-05,20893.33398,7.352806091,20.49306679,361.4454041,1007.387512,108,070802060501,56.90053177
953,F070802060501_288,2137.559969,216502.0211,53.47599792,8877.015625,16561.51563,180.7488708,2106.954346,52.40647888,14.973279,53.47599792,0.006047556,1422.684692,1294.643066,0.007091226,23.86753082,47735.05859,23.86753082,9.11013E-05,25438.53125,6.856728077,19.64906883,371.9285278,1065.821655,108,070802060501,67.37976074
954,F070802060501_289,4179.496958,717927.6167,177.328125,29436.46875,46247.17578,599.3690796,6986.728027,173.7815552,49.65187454,177.328125,0.02005389,4717.739746,4293.143066,0.023515088,198.0899048,396179.8125,198.0899048,0.000756101,75683.64063,6.856624126,17.62895775,148.6015625,382.0671387,108,070802060501,223.4334259
955,F070802060501_293,3129.081611,249192.4849,61.55054474,10217.39063,17055.65625,208.0408478,2425.091553,60.3195343,17.23415184,61.55054474,0.0069607,1833.108521,1668.128784,0.009136941,47.31481552,94629.63281,47.31481552,0.000180599,27273.04688,6.125061035,16.3494854,215.9448547,576.416626,108,070802060501,77.55368805
956,F070802060501_313,3070.191234,553231.4102,136.6481628,22683.5957,40983.51172,461.8707886,5383.9375,133.9152069,38.26148605,136.6481628,0.015453427,3390.084961,3084.977295,0.016897529,99.89404297,199788.0938,99.89404297,0.000381291,63667.10938,7.352921486,20.63778877,227.0765533,637.3464355,108,070802060501,172.1766968
957,F070802060501_316,1543.857897,97494.93881,24.08124924,3997.487305,7143.945313,81.3946228,948.8012085,23.59962463,6.742749691,24.08124924,0.002723328,597.4440918,543.6741333,0.002977899,5.82091713,11641.83398,5.82091713,2.22182E-05,11141.43262,7.35272646,20.49284935,686.7453003,1914.033936,108,070802060501,30.3423748
958,F070802060501_334,2347.823616,157457.7113,38.89205551,6456.081055,11537.71582,131.4551544,1532.347046,38.11421585,10.88977528,38.89205551,0.00439827,964.8475342,878.0112305,0.004809183,10.45134068,20902.67969,10.45134068,3.98923E-05,17993.79688,7.353073597,20.49381256,617.7275391,1721.673584,108,070802060501,49.00399017
959,F070802060501_337,3186.005434,458532.2239,113.2574615,18800.73828,34706.61328,382.8102112,4462.34375,110.9923096,31.71208954,113.2574615,0.012808192,3125.344727,2844.063721,0.01557796,36.54758453,73095.17188,36.54758453,0.000139501,53507.35156,6.610519409,18.81369591,514.4180908,1464.046143,108,070802060501,142.7044067
960,F070802060501_361,2397.024528,201986.419,49.89064407,8281.84668,15613.77637,168.6303711,1965.691406,48.8928299,13.96938038,49.89064407,0.005642091,1474.296143,1341.609497,0.007348477,17.01938629,34038.77344,17.01938629,6.49623E-05,23895.62305,6.173068047,17.81116104,486.6125183,1404.023804,108,070802060501,62.86220932
961,F070802060501_365,1658.004959,124068.4652,30.64491081,5087.055176,9490.728516,103.5797958,1207.409546,30.03201294,8.580574989,30.64491081,0.003465608,760.2680054,691.8438721,0.003789478,12.80564499,25611.28906,12.80564499,4.88786E-05,14577.7832,7.352894783,21.07091522,397.2510071,1138.387207,108,070802060501,38.61258698
962,F070802060501_384,1956.541472,229464.7205,56.67778778,9408.512695,17737.88086,191.5709229,2233.104736,55.54423141,15.86978054,56.67778778,0.006409644,1406.123413,1279.572266,0.007008677,23.08639717,46172.79297,23.08639717,8.81198E-05,27146.39453,7.35285759,21.21520996,407.5349121,1175.860962,108,070802060501,71.41400909
963,F070802060501_388,1720.048433,106895.1382,26.40309906,4382.914551,7918.818848,89.24247742,1040.282104,25.87503624,7.392867565,26.40309906,0.002985904,655.020752,596.0689087,0.003264884,16.57767105,33155.33984,16.57767105,6.32763E-05,12301.7334,7.353033543,20.63810539,264.3866272,742.0664673,108,070802060501,33.26790237
964,F070802060501_405,3368.781409,604008.0656,149.1899872,24765.53711,46204.14063,504.262146,5878.085449,146.206192,41.77319717,149.1899872,0.016871771,3701.2229,3368.112793,0.018448364,70.65775299,141315.5,70.65775299,0.000269698,70969.67969,7.352941513,21.07105255,350.499939,1004.414612,108,070802060501,187.9793854
965,F070802060501_406,677.6367195,20380.27505,5.033927917,835.632019,1509.775391,17.01467705,198.3367615,4.933249474,1.409499764,5.033927917,0.000569283,138.94664,126.4414444,0.000692565,,,,,2345.407471,6.608845711,18.54935646,,,108,070802060501,6.342749119
966,F070802060501_407,2362.619863,311177.4293,76.86082458,12758.89648,23553.23438,259.7895813,3028.316406,75.3236084,21.52103043,76.86082458,0.008692127,1906.843262,1735.227417,0.009504464,25.95528603,51910.57422,25.95528603,9.90702E-05,36312.13281,7.352867126,20.92643929,491.5721741,1399.026489,108,070802060501,96.84463501
967,F070802060501_416,6170.644056,785344.7525,193.9801483,32200.70508,56988.17188,655.6528931,7642.817871,190.1005402,54.31444168,193.9801483,0.021937054,4812.398926,4379.283203,0.02398691,147.3067017,294613.375,147.3067017,0.000562263,89188.875,7.352962494,20.36608887,218.5963287,605.4638062,108,070802060501,244.414978
968,F070802060501_428,2479.974555,310268.5965,76.63634491,12721.63281,23984.10742,259.0308533,3019.471924,75.10361481,21.45817566,76.63634491,0.008666741,1901.27356,1730.158936,0.009476703,33.89592743,67791.85156,33.89592743,0.000129379,36705.74219,7.352869511,21.21524239,375.3144836,1082.895386,108,070802060501,96.56179047
969,F070802060501_435,1784.080698,195216.1189,48.21837997,8004.250977,14776.04199,162.9781189,1899.804199,47.25401306,13.50114632,48.21837997,0.005452977,1424.859497,1296.622192,0.007102066,15.40227318,30804.54688,15.40227318,5.87898E-05,22780.29297,6.173155785,17.56895256,519.6798706,1479.021484,108,070802060501,60.75515747
970,F070802060501_445,1574.873948,155099.2628,38.30951691,6359.379883,11614.67969,129.4861603,1509.39502,37.54332733,10.72666454,38.30951691,0.004332392,950.4177856,864.880188,0.00473726,13.12662315,26253.24805,13.12662315,5.01038E-05,17974.05859,7.352902889,20.78213692,484.4642639,1369.282715,108,070802060501,48.26999283
971,F070802060501_447,1214.922122,87798.44847,21.68621635,3599.911865,6574.827148,73.29940796,854.4369507,21.2524929,6.072140694,21.68621635,0.002452476,538.0289917,489.6063843,0.00268175,8.102725029,16205.4502,8.102725029,3.09278E-05,10174.73926,7.352665424,20.78146744,444.2840881,1255.71814,108,070802060501,27.32463455
972,F070802060501_463,1134.768689,17906.20908,4.422833443,734.1903687,1587.201294,14.94917679,174.2596436,4.334376812,1.238393307,4.422833443,0.000500175,117.6467972,107.0585861,0.000586398,,,,,2321.391602,6.8578372,21.68337631,,,108,070802060501,5.572770119
973,F070802060501_483,1659.670612,169229.3162,41.79964066,6938.740234,12809.08105,141.2827911,1646.905884,40.96364594,11.70389938,41.79964066,0.004727087,1037.014404,943.6831055,0.005168892,15.59762096,31195.24219,15.59762096,5.95355E-05,19747.82031,7.352828503,20.92632675,444.8588867,1266.078979,108,070802060501,52.66754532
974,F070802060501_490,2174.314703,201427.5411,49.75260162,8258.931641,14597.41309,168.1637878,1960.252563,48.75754929,13.93072891,49.75260162,0.00562648,1234.282349,1123.196899,0.006152153,26.86444855,53728.89844,26.86444855,0.00010254,22856.34375,7.353057861,20.34936523,307.4297791,850.8026123,108,070802060501,62.6882782
975,F070802060501_524,7061.031407,932055.1041,230.2176056,38216.12109,70547.88281,778.135498,9070.573242,225.6132507,64.46092987,230.2176056,0.026035117,6352.858398,5781.101074,0.031665169,151.6963806,303392.7813,151.6963806,0.000579019,108764,6.610526562,18.81371689,251.9250641,716.9848022,108,070802060501,290.0741882
976,F070802060501_529,2409.791528,324362.226,80.11746979,13299.5,23397.71875,270.7970581,3156.628418,78.51512146,22.43289185,80.11746979,0.009060418,1987.62854,1808.741943,0.00990713,33.61917877,67238.35938,33.61917877,0.000128323,36697.21875,7.352900982,20.28880882,395.5926514,1091.55603,108,070802060501,100.9480133
977,F070802060501_542,1922.924777,229550.2633,56.69891357,9412.019531,17374.81445,191.642334,2233.937256,55.56493378,15.87569618,56.69891357,0.006412033,1406.612671,1280.017578,0.007011116,9.978287697,19956.57617,9.978287697,3.80867E-05,26786.83398,7.353039265,20.92692757,943.249939,2684.512207,108,070802060501,71.44062805
978,F070802060501_543,2462.981113,285196.5184,70.44354248,11693.62793,20208.8418,238.0991669,2775.475586,69.03466797,19.72419167,70.44354248,0.007966401,1747.643921,1590.355957,0.008710952,87.50917816,175018.3594,87.50917816,0.000334019,31902.46875,7.352837086,20.0599556,133.6274414,364.5614014,108,070802060501,88.75885773
979,F070802060501_547,2065.725757,167464.9215,41.36383438,6866.396484,13080.07324,139.8097534,1629.735107,40.53655624,11.58187389,41.36383438,0.004677801,1026.209106,933.8502808,0.005115034,14.89352417,29787.04883,14.89352417,5.68479E-05,19946.46875,7.352780819,21.35938644,461.0323486,1339.27124,108,070802060501,52.11843109
980,F070802060502_9,4470.87323,173152.096,42.76856613,7099.582031,12966.57617,144.5577545,1685.081543,41.91319656,11.97519875,42.76856613,0.004836661,1061.023438,965.531311,0.005288562,17.30330276,34606.60547,17.30330276,6.6046E-05,20066.1582,7.353031158,20.78250313,410.302124,1159.672119,108,070802060502,53.88839722
981,F070802060502_41,1480.314529,84230.79955,20.80500793,3453.631348,5565.994629,70.32093048,819.7172852,20.38890839,5.82540226,20.80500793,0.002352821,516.140625,469.6879578,0.00257265,32.92181778,65843.63281,32.92181778,0.000125661,9019.625977,7.353033543,19.20344353,104.9040298,273.9710693,108,070802060502,26.21430969
982,F070802060502_56,1195.930273,81988.00091,20.25103569,3361.671875,5545.543945,68.44850159,797.8908081,19.84601593,5.670289993,20.25103569,0.002290173,502.4123535,457.1952515,0.002504223,12.26605225,24532.10547,12.26605225,4.6819E-05,8907.21582,7.352814674,19.48230171,274.0630798,726.1680908,108,070802060502,25.51630592
983,F070802060502_72,2153.987476,163544.7713,40.3955574,6705.662598,10798.54004,136.5369873,1591.584961,39.58764648,11.31075573,40.3955574,0.0045683,1002.188354,911.991394,0.004995305,10.51445103,21028.90234,10.51445103,4.01332E-05,17504.20313,7.352769375,19.19338608,637.7567749,1664.775757,108,070802060502,50.89840317
984,F070802060502_83,1170.649647,57381.68628,14.1732769,2352.763916,4112.234375,47.9056778,558.427124,13.88981152,3.968517542,14.1732769,0.001602844,422.1013184,384.1122131,0.002103921,18.70286942,37405.73828,18.70286942,7.13881E-05,6464.998047,6.125199318,16.83101463,125.7969513,345.6687927,108,070802060502,17.85832977
985,F070802060502_85,2144.592422,107740.1307,26.61181259,4417.561035,7721.148926,89.94792938,1048.505371,26.07957649,7.451307297,26.61181259,0.003009508,792.546936,721.2177124,0.003950369,34.10390854,68207.82031,34.10390854,0.000130173,12138.70996,6.125142097,16.83085442,129.5323944,355.9331055,108,070802060502,33.53088379
986,F070802060502_86,1322.94116,65600.01943,16.20320511,2689.731934,4754.02002,54.76683426,638.406311,15.87914085,4.536897659,16.20320511,0.001832407,482.5725708,439.1410522,0.002405333,23.67670822,47353.41406,23.67670822,9.0373E-05,7443.751953,6.124984264,16.95070839,113.6024475,314.3913269,108,070802060502,20.41603851
987,F070802060502_87,1317.628362,61243.18991,15.12706757,2511.093262,4388.967285,51.1294899,596.0064697,14.82452583,4.235579014,15.12706757,0.001710707,446.9961853,406.7665405,0.002228006,11.19968319,22399.36719,11.19968319,4.27487E-05,6900.060547,6.173303604,16.9631958,224.2110901,616.0942383,108,070802060502,19.06010437
988,F070802060502_88,1839.866054,208404.9704,51.47602844,8545.020508,15774.31543,173.9889832,2028.155518,50.4465065,14.41328812,51.47602844,0.005821381,1533.069092,1395.092896,0.007641425,39.46001434,78920.03125,39.46001434,0.000150617,24319.33594,6.125054836,17.43205452,216.5488434,616.3032837,108,070802060502,64.85979462
989,F070802060502_89,4963.827707,84509.01042,20.87372589,3465.038574,5988.254395,70.55319214,822.4248047,20.45625114,5.844643116,20.87372589,0.002360592,621.6660767,565.7161255,0.003098631,20.04496765,40089.93359,20.04496765,7.65108E-05,9453.292969,6.125048161,16.71031189,172.863266,471.6043091,108,070802060502,26.30089378
990,F070802060502_92,1427.152163,104530.8773,25.81912613,4285.975098,6901.969238,87.26864624,1017.27356,25.30274391,7.229355335,25.81912613,0.002919863,674.743103,614.0162354,0.003363188,43.29800034,86596,43.29800034,0.000165267,11187.94434,6.980230808,18.22092628,98.98783112,258.3940125,108,070802060502,32.53210068
991,F070802060502_93,2062.846375,253459.4088,62.60447311,10392.34277,17755.88086,211.6031189,2466.616211,61.35238266,17.52925301,62.60447311,0.007079888,1553.128784,1413.347168,0.007741411,50.55397415,101107.9531,50.55397415,0.000192962,28148.22266,7.353000641,19.91600037,205.5692596,556.7954712,108,070802060502,78.88163757
992,F070802060502_96,2782.175074,349708.7712,86.37806702,14338.75879,21682.62305,291.9578552,3403.295898,84.65050507,24.18585968,86.37806702,0.009768424,2257.335449,2054.175293,0.011251457,20.92577934,41851.55859,20.92577934,7.98728E-05,36021.38281,6.980299473,17.53569031,685.2198486,1721.387817,108,070802060502,108.8363647
993,F070802060502_108,2191.88529,193691.0519,47.84169006,7941.720703,13724.82422,161.7049103,1884.962646,46.88485718,13.3956728,47.84169006,0.005410377,1186.876099,1080.057251,0.005915862,28.88295364,57765.91016,28.88295364,0.000110245,21666.54492,7.353055477,20.0605526,274.9622192,750.1499023,108,070802060502,60.28052902
994,F070802060502_118,798.9213743,35011.90952,8.647941589,1435.55835,2452.729248,29.23004341,340.7289124,8.474983215,2.421423674,8.647941589,0.000977988,230.0500946,209.3455811,0.001146661,,,,,3888.287598,6.857361794,18.57353592,,,108,070802060502,10.89640713
995,F070802060502_120,2808.114196,455976.6943,112.6262436,18695.95703,30107.24609,380.6766968,4437.474121,110.3737183,31.53534889,112.6262436,0.012736808,2794.137451,2542.665039,0.013927091,106.2669373,212533.875,106.2669373,0.000405616,48803.20313,7.352898121,19.19372177,175.9338989,459.2510681,108,070802060502,141.9090729
996,F070802060502_128,2857.774002,287603.9217,71.03816986,11792.33594,19539.91602,240.1090088,2798.903809,69.61740875,19.89068794,71.03816986,0.008033647,2115.677246,1925.266235,0.010545376,29.6866188,59373.23828,29.6866188,0.000113313,31332.25195,6.125041485,16.27424431,397.2273254,1055.433472,108,070802060502,89.50809479
997,F070802060502_149,1419.138009,110488.5194,27.29066467,4530.250488,6850.501465,92.2424469,1075.252197,26.74485207,7.641386032,27.29066467,0.003086278,677.0643921,616.1286011,0.003374758,7.467920303,14935.84082,7.467920303,2.85047E-05,11380.75195,7.352767944,18.47138977,606.6281128,1523.952026,108,070802060502,34.3862381
998,F070802060502_177,2383.160827,287521.2657,71.0177536,11788.94727,19215.98242,240.0400085,2798.099609,69.59739685,19.88497162,71.0177536,0.008031338,1855.9198,1688.886963,0.009250641,39.19924545,78398.49219,39.19924545,0.000149622,31004.92969,6.980305672,18.35820389,300.7442322,790.9573364,108,070802060502,89.48236847
999,F070802060502_192,2976.071183,535767.0562,132.3344574,21967.51953,37532.69922,447.2904663,5213.977539,129.6877747,37.0536499,132.3344574,0.014965594,3283.073486,2987.596924,0.016364142,38.92332458,77846.64844,38.92332458,0.000148569,59500.21875,7.352906227,19.91574478,564.3793335,1528.651978,108,070802060502,166.7414246
1000,F070802060502_198,1883.271544,184561.7806,45.58676147,7567.402344,13820.99414,154.083252,1796.118408,44.67502594,12.76429367,45.58676147,0.005155369,1130.961182,1029.174683,0.00563716,16.83627319,33672.54688,16.83627319,6.42633E-05,21388.39648,7.352884293,20.78208542,449.4701538,1270.375977,108,070802060502,57.43931961
1001,F070802060502_199,1236.85394,67587.14983,16.69402695,2771.208496,5170.13916,56.42581177,657.7446899,16.36014557,4.674327374,16.69402695,0.001887914,414.1700745,376.8947754,0.002064388,7.877003193,15754.00684,7.877003193,3.00662E-05,7941.347656,7.352737904,21.07046318,351.8099976,1008.16864,108,070802060502,21.03447342
1002,F070802060502_203,1501.254784,108219.3401,26.73017693,4437.209473,8104.056152,90.34799957,1053.168945,26.19557381,7.484449387,26.73017693,0.003022893,663.152771,603.4689941,0.003305417,9.705366135,19410.73242,9.705366135,3.7045E-05,12541.26563,7.352837563,20.78195572,457.1913452,1292.199097,108,070802060502,33.68002319
1003,F070802060502_205,1955.539181,207636.3077,51.28616714,8513.503906,15381.74707,173.3472443,2020.674927,50.26044464,14.3601265,51.28616714,0.00579991,1272.350708,1157.839111,0.006341901,17.83089256,35661.78516,17.83089256,6.80598E-05,23895.25,7.352924824,20.63779831,477.4580994,1340.104004,108,070802060502,64.62057495
1004,F070802060502_211,1322.831492,93700.11839,23.14392853,3841.89209,7167.67334,78.22647858,911.8707886,22.68104935,6.48029995,23.14392853,0.002617327,574.1859741,522.5092163,0.002861971,16.12483788,32249.67773,16.12483788,6.15478E-05,11009.56543,7.352773666,21.07056618,238.2592621,682.7706299,108,070802060502,29.16135025
1005,F070802060502_213,2547.602933,223127.076,55.11238861,9148.65625,16888.64063,186.2798767,2171.428223,54.01013947,15.43146896,55.11238861,0.006232614,1367.270386,1244.216064,0.006815019,26.19130898,52382.61719,26.19130898,9.99711E-05,26037.29688,7.352948189,20.92666817,349.3012085,994.119751,108,070802060502,69.44160461
1006,F070802060502_220,1570.772785,154385.0946,38.13311768,6330.097656,10592.8457,128.8899384,1502.444824,37.3704567,10.6772728,38.13311768,0.004312443,1126.841187,1025.425537,0.005616624,17.59365273,35187.30469,17.59365273,6.71542E-05,16922.94336,6.173142433,16.50333786,359.7944031,961.8777466,108,070802060502,48.04772949
1007,F070802060502_247,2225.269419,161321.7561,39.84647369,6614.514648,11952.67578,134.681076,1569.95105,39.04954529,11.15701294,39.84647369,0.004506204,988.5444946,899.5755005,0.004927299,23.57281685,47145.63672,23.57281685,8.99764E-05,18567.19141,7.352928638,20.63994789,280.5992432,787.6526489,108,070802060502,50.20655823
1008,F070802060502_253,2459.342272,265619.1001,65.60791779,10890.91406,19249.36133,221.7547607,2584.951904,64.29576111,18.37021637,65.60791779,0.007419545,1627.670654,1481.180298,0.008112957,28.25603867,56512.07813,28.25603867,0.000107852,30140.27539,7.352861881,20.34882355,385.4367065,1066.684448,108,070802060502,82.66597748
1009,F070802060502_262,2118.569493,32604.10401,8.053214073,1336.833496,2494.081055,27.21986389,317.2966309,7.892149925,2.254899979,8.053214073,0.000910731,227.2659302,206.8119965,0.001132784,,,,,3830.914551,6.464003563,18.52365685,,,108,070802060502,10.1470499
1010,F070802060502_270,3271.061972,477595.1496,117.9660034,19582.35742,34995.79297,398.7250977,4647.860352,115.6066818,33.03047943,117.9660034,0.013340677,2926.594238,2663.200684,0.014587307,79.43756104,158875.125,79.43756104,0.00030321,54578.14844,7.352941036,20.49344254,246.5125732,687.0571899,108,070802060502,148.6371613
1011,F070802060502_295,1907.150777,179679.007,44.38071442,7367.19873,12876.62012,150.0068207,1748.600098,43.49309921,12.42660046,44.38071442,0.005018978,1101.010742,1001.9198,0.005487875,39.23779297,78475.58594,39.23779297,0.000149769,20243.81836,7.35308218,20.20502853,187.7577209,515.9265137,108,070802060502,55.91970062
1012,F070802060502_301,2327.198977,301160.607,74.38667297,12348.1875,22552.55078,251.4269562,2930.834961,72.89894104,20.82826805,74.38667297,0.008412327,1943.978149,1769.020142,0.009689559,65.48197174,130963.9375,65.48197174,0.000249942,34900.73828,6.980241299,19.72885323,188.5738525,532.9824219,108,070802060502,93.727211
1013,F070802060502_304,1946.558076,230369.0645,56.90115738,9445.591797,17251.29492,192.3259125,2241.905518,55.763134,15.93232441,56.90115738,0.006434904,1411.649902,1284.60144,0.007036224,15.32062626,30641.25195,15.32062626,5.84782E-05,26696.88672,7.352935791,20.78223228,616.527771,1742.54541,108,070802060502,71.69545746
1014,F070802060502_320,2311.826916,306967.4528,75.820961,12586.2793,23481.75195,256.2748413,2987.345947,74.30454254,21.22986984,75.820961,0.00857453,1881.022583,1711.730591,0.009375764,39.65230179,79304.60938,39.65230179,0.000151351,36068.03125,7.352955818,21.0710907,317.4161072,909.6074829,108,070802060502,95.53440857
1015,F070802060502_327,1094.057397,65192.07581,16.10244179,2673.005371,4566.975098,54.42625427,634.4362183,15.78039265,4.508683681,16.10244179,0.001821012,399.4876709,363.533783,0.001991205,16.06142998,32122.85938,16.06142998,6.13058E-05,7239.980469,7.352838993,19.91556358,166.4238739,450.7680969,108,070802060502,20.28907585
1016,F070802060502_329,2418.433906,323913.4319,80.00661469,13281.09766,23473.94336,270.4223633,3152.260498,78.40647888,22.40185165,80.00661469,0.009047882,2382.777832,2168.327881,0.011876712,40.75114822,81502.29688,40.75114822,0.000155545,36755.03906,6.125041008,16.95086861,325.9073181,901.9387207,108,070802060502,100.8083344
1017,F070802060502_345,2415.872234,323734.2385,79.96235657,13273.75098,24503.66211,270.2727661,3150.516846,78.36310577,22.38945961,79.96235657,0.009042876,1983.783691,1805.243164,0.009887966,42.72964096,85459.28125,42.72964096,0.000163097,37777.41406,7.352888107,20.92649651,310.64505,884.1032715,108,070802060502,100.7525635
1018,F070802060502_346,2391.60399,315581.3438,77.94859314,12939.4668,24140.67969,263.4662476,3071.174561,76.38961792,21.82560539,77.94859314,0.008815141,1933.818604,1759.774902,0.009638919,48.48720932,96974.41406,48.48720932,0.000185074,37080.14844,7.352910042,21.070961,266.8634949,764.7408447,108,070802060502,98.21522522
1019,F070802060502_372,3169.638498,329381.8082,81.35730743,13505.31348,23339.78516,274.9877014,3205.478027,79.73016357,22.78004646,81.35730743,0.00920063,2245.05957,2043.00415,0.011190268,26.4961319,52992.26563,26.4961319,0.000101135,36845.09766,6.610517025,18.03476334,509.7088623,1390.583984,108,070802060502,102.5102081
1020,F070802060502_380,2294.880265,310237.1052,76.62856293,12720.3418,22732.62891,259.0045471,3019.165283,75.09599304,21.45599747,76.62856293,0.008665861,1901.043823,1729.949829,0.009475557,62.96160507,125923.2031,62.96160507,0.000240322,35452.96875,7.353012085,20.49363899,202.0333099,563.0886841,108,070802060502,96.55198669
1021,F070802060502_411,2503.869268,399499.3194,98.67633057,16380.27051,29595.00781,333.526001,3887.847412,96.70280457,27.62937164,98.67633057,0.011159224,2448.061523,2227.736084,0.012202111,83.26321411,166526.4219,83.26321411,0.000317812,45975.27734,7.352877617,20.63766861,196.728775,552.1679688,108,070802060502,124.3321762
1022,F070802060502_420,3324.428156,559813.4128,138.2739105,22953.46875,41471.10938,467.3658142,5447.992188,135.5084381,38.71669388,138.2739105,0.01563728,3430.406006,3121.669434,0.017098505,42.05625916,84112.51563,42.05625916,0.000160527,64424.57813,7.352946758,20.63786125,545.7800903,1531.866577,108,070802060502,174.2251282
1023,F070802060502_421,817.0778682,37896.66648,9.360476494,1553.839111,2868.424072,31.63841057,368.8027649,9.173267365,2.620933533,9.360476494,0.001058568,278.7702026,253.6808777,0.001389501,5.460722446,10921.44434,5.460722446,2.08433E-05,4422.263184,6.125172615,17.4323864,284.5482788,809.8311768,108,070802060502,11.7942009
1024,F070802060502_430,1590.165109,158011.0951,39.02873993,6478.770996,11578.26465,131.9171448,1537.7323,38.24816513,10.92804718,39.02873993,0.004413728,968.2549438,881.1119995,0.004826167,42.78439331,85568.78906,42.78439331,0.000163306,18057.03516,7.352948189,20.49346161,151.4283752,422.0472412,108,070802060502,49.17621231
1025,F070802060502_454,2238.169525,281857.6578,69.61884308,11556.72754,21560.95313,235.3116913,2742.982422,68.22646332,19.4932766,69.61884308,0.007873137,1727.171265,1571.72583,0.008608907,41.87679291,83753.58594,41.87679291,0.000159842,33117.67969,7.352890491,21.07090187,275.9697266,790.8361206,108,070802060502,87.71974182
1026,F070802060502_473,2778.129209,368733.6415,91.07720947,15118.81641,27315.87695,307.8409729,3588.442139,89.25566864,25.50161934,91.07720947,0.010299846,2380.149414,2165.936035,0.011863611,100.8109055,201621.8125,100.8109055,0.000384791,42434.69531,6.980268955,19.59185028,149.9720306,420.9335938,108,070802060502,114.7572861
1027,F070802060502_478,2250.967692,157220.8561,38.83355331,6446.369629,11646.95801,131.2574158,1530.041992,38.05688095,10.87339497,38.83355331,0.004391654,963.4135742,876.7063599,0.004802036,37.971138,75942.28125,37.971138,0.000144934,18093.32813,7.352940559,20.63784218,169.7702484,476.5021362,108,070802060502,48.93027496
1028,F070802060502_484,2406.739502,114928.5959,28.38736343,4712.302246,8428.84375,95.94928741,1118.462158,27.81961632,7.948461533,28.38736343,0.003210303,704.2764893,640.8916016,0.003510394,19.55494881,39109.89453,19.55494881,7.46404E-05,13141.14648,7.352728844,20.50447655,240.977478,672.0112915,108,070802060502,35.76807785
1029,F070802060502_492,2467.236206,290910.0465,71.8547821,11927.89355,21784.93555,242.8691711,2831.078369,70.41768646,20.11933899,71.8547821,0.008125997,1911.684326,1739.63269,0.009528594,39.49079895,78981.59375,39.49079895,0.000150735,33712.82813,6.8565588,19.37928009,302.0423584,853.6881714,108,070802060502,90.53702545
1030,F070802060502_507,2542.160528,293270.5645,72.43782806,12024.67969,21489.4082,244.839859,2854.050537,70.98907471,20.28259277,72.43782806,0.008191934,1893.05542,1722.68042,0.00943574,33.51128387,67022.57031,33.51128387,0.000127911,33514.08594,6.980215073,19.45461655,358.8247986,1000.083618,108,070802060502,91.27166748
1031,F070802060502_510,1575.606159,155394.9103,38.38254166,6371.501953,11636.81934,129.7329865,1512.272095,37.61489105,10.74711132,38.38254166,0.00434065,1143.136353,1040.254028,0.005697845,24.83719254,49674.38281,24.83719254,9.48025E-05,18008.32031,6.124948025,17.31146431,256.5306702,725.0545654,108,070802060502,48.36200333
1032,F070802060502_517,1798.327086,173954.3371,42.96672058,7132.475586,12746.50781,145.2275085,1692.888794,42.10738754,12.03068161,42.96672058,0.004859071,1065.952393,970.0166626,0.00531313,38.94170761,77883.41406,38.94170761,0.000148639,19878.98438,7.352941513,20.49344635,183.1577454,510.4805603,108,070802060502,54.13806915
1033,F070802060502_521,1808.044427,123930.401,30.61080933,5081.394531,8582.045898,103.4645386,1206.065918,29.99859238,8.571026802,30.61080933,0.003461751,844.7251587,768.6998901,0.004210446,34.21590042,68431.80469,34.21590042,0.000130601,13663.44043,6.610374928,17.77474022,148.5097351,399.3301392,108,070802060502,38.56961823
1034,F070802060502_561,1532.449347,129146.6491,31.89922142,5295.270996,9567.213867,107.8193665,1256.829346,31.26123619,8.931781769,31.89922142,0.003607456,791.3946533,720.1691284,0.003944625,18.53063965,37061.28125,18.53063965,7.07307E-05,14862.48438,7.352816105,20.63749123,285.7575989,802.0491943,108,070802060502,40.19301605
1035,F070802060502_570,3206.869677,642379.849,158.6678162,26338.85742,46035.88281,536.2972412,6251.511719,155.4944611,44.42698669,158.6678162,0.017943611,4725.493164,4300.19873,0.023553735,92.79034424,185580.6875,92.79034424,0.000354177,72374.74219,6.125032425,16.83055687,283.8534241,779.9813843,108,070802060502,199.9214478
1036,F070802060502_576,1592.164758,158215.7081,39.07928085,6487.160645,11720.6582,132.0879669,1539.723633,38.29769516,10.94219875,39.07928085,0.004419443,969.5068359,882.2512207,0.004832407,23.57868385,47157.36719,23.57868385,8.99988E-05,18207.81836,7.352962971,20.63790703,275.1282043,772.21521,108,070802060502,49.23989487
1037,F070802060502_578,1591.837007,158238.0394,39.08479691,6488.076172,11977.14551,132.1066132,1539.94104,38.30310059,10.94374275,39.08479691,0.004420067,969.6355591,882.3683472,0.004833049,23.58816719,47176.33203,23.58816719,9.0035E-05,18465.22266,7.353024483,20.92688751,275.0563965,782.8171997,108,070802060502,49.24684143
1038,F070802060502_602,3394.975874,676886.3728,167.1909332,27753.69531,49598.86328,565.1053467,6587.322754,163.8471069,46.8134613,167.1909332,0.018907484,4979.334473,4531.194336,0.024818981,123.25737,246514.75,123.25737,0.000470468,77352.5625,6.12502861,17.07111931,225.1686401,627.569458,108,070802060502,210.6605682
1039,F070802060502_604,597.1573203,18315.15455,4.523843288,750.9580078,1401.03418,15.29059029,178.2394257,4.433366299,1.266676068,4.523843288,0.000511598,124.8572311,113.620079,0.000622338,,,,,2151.992188,6.609377384,18.94024467,,,108,070802060502,5.700042248
1040,F070802060503_30,2484.323082,353429.7714,87.29715729,14491.32813,23620.86523,295.0643921,3439.508057,85.55121613,24.44320488,87.29715729,0.009872363,2165.751953,1970.834229,0.010794967,17.3299408,34659.87891,17.3299408,6.61476E-05,38112.19531,7.352890491,19.33810234,836.2018433,2199.210938,108,070802060503,109.9944229
1041,F070802060503_35,835.2470605,38672.269,9.552050591,1585.640381,1806.101685,32.28593063,376.3507996,9.361009598,2.674574137,9.552050591,0.001080233,269.5749817,245.3132324,0.001343669,,,,,3391.742188,6.463737488,13.82616901,,,108,070802060503,12.0355835
1042,F070802060503_38,686.1730719,24285.30563,5.998470306,995.7460938,1505.73584,20.27482986,236.3397369,5.878500938,1.679571629,5.998470306,0.000678362,156.7602234,142.6518097,0.000781355,,,,,2501.481934,6.980255604,17.53557777,,,108,070802060503,7.558072567
1043,F070802060503_54,1740.910015,94713.29981,23.39418411,3883.43457,6558.793457,79.07234192,921.730835,22.92630005,6.550371647,23.39418411,0.002645629,580.3822632,528.1478882,0.002892856,6.300231457,12600.46289,6.300231457,2.40477E-05,10442.22852,7.352930069,19.77140999,616.3955688,1657.435669,108,070802060503,29.47667122
1044,F070802060503_55,2063.563083,180260.5258,44.52434921,7391.041992,11902.24902,150.4922943,1754.259399,43.63386154,12.46681786,44.52434921,0.005035222,1104.610229,1005.195313,0.005505816,10.38858986,20777.17969,10.38858986,3.96528E-05,19293.29102,7.352841854,19.19357491,711.4577026,1857.161621,108,070802060503,56.10067749
1045,F070802060503_68,2402.974345,323190.9636,79.82817078,13251.47656,23681.82422,269.8192139,3145.22998,78.23160553,22.35188866,79.82817078,0.009027701,2202.859131,2004.601807,0.010979925,16.66883087,33337.66016,16.66883087,6.36242E-05,36933.30078,6.610527992,18.42425728,794.9853516,2215.710449,108,070802060503,100.5834961
1046,F070802060503_82,1539.213845,130862.9228,32.32314301,5365.641602,7797.634277,109.2522202,1273.53186,31.67667961,9.050479889,32.32314301,0.003655397,801.8790283,729.7098999,0.003996884,13.97815514,27956.31055,13.97815514,5.3354E-05,13163.27539,7.353116035,18.03905296,383.8590698,941.7033691,108,070802060503,40.72715759
1047,F070802060503_83,3336.003389,381263.7126,94.1721344,15632.57422,22411.08594,318.3018188,3710.38208,92.28868866,26.36819839,94.1721344,0.010649848,2461.013184,2239.521973,0.012266667,85.2522583,170504.5313,85.2522583,0.000325404,38043.66016,6.980317593,16.98740196,183.368454,446.2481079,108,070802060503,118.6568909
1048,F070802060503_92,2018.580969,243957.7299,60.25756073,10002.75488,16893.81055,203.6705627,2374.147949,59.05241013,16.87211609,60.25756073,0.006814477,1494.901489,1360.360352,0.007451183,29.60865402,59217.30859,29.60865402,0.000113015,26896.56641,7.353018761,19.77164841,337.8321228,908.4022217,108,070802060503,75.92453003
1049,F070802060503_96,1222.467719,91933.6447,22.70761108,3769.463379,7180.601563,76.75172424,894.6798706,22.25345802,6.358130932,22.70761108,0.002567985,563.3430176,512.6421509,0.002807925,20.39704895,40794.09766,20.39704895,7.78547E-05,10950.06445,7.353011131,21.36005402,184.8043518,536.84552,108,070802060503,28.61158943
1050,F070802060503_118,1587.370337,157634.4189,38.93570328,6463.32666,10408.29102,131.6026764,1534.06665,38.15699005,10.90199661,38.93570328,0.004403206,1074.424438,977.7262573,0.005355358,28.19322968,56386.46094,28.19322968,0.000107612,16871.61719,6.610569,17.25597191,229.2510223,598.4279785,108,070802060503,49.05898666
1051,F070802060503_123,1026.976552,51529.20184,12.72771263,2112.800293,2821.479736,43.01966858,501.4718628,12.47315884,3.563759565,12.72771263,0.001439366,364.6913147,331.8691101,0.001817766,,,,,4934.280273,6.366366386,14.86815166,,,108,070802060503,16.03691864
1052,F070802060503_133,2656.002428,262291.6261,64.78603363,10754.48145,18163.41211,218.9767914,2552.569824,63.49031448,18.14008904,64.78603363,0.007326599,1607.285034,1462.629395,0.008011347,38.6415596,77283.11719,38.6415596,0.000147493,28917.89453,7.3528409,19.77116966,278.3138428,748.3624878,108,070802060503,81.63040161
1053,F070802060503_135,2361.255928,233097.1655,57.57500076,9557.450195,16517.11328,194.6035004,2268.455078,56.42350006,16.12100029,57.57500076,0.006511109,1428.374146,1299.820435,0.007119584,35.08639145,70172.78125,35.08639145,0.000133923,26074.5625,7.352900505,20.06012726,272.397644,743.1531372,108,070802060503,72.54450226
1054,F070802060503_145,1393.395078,101234.0323,25.00480652,4150.797852,6765.800781,84.51624298,985.1893921,24.50471115,7.001345634,25.00480652,0.002827773,653.4715576,594.6591187,0.003257162,26.01717186,52034.34375,26.01717186,9.93064E-05,10916.59863,6.980129719,18.35774231,159.5406952,419.592041,108,070802060503,31.50605774
1055,F070802060503_164,2833.375738,256494.251,63.3540802,10516.77734,17348.88086,214.136795,2496.150879,62.08699799,17.73914337,63.3540802,0.00716466,1748.243164,1590.901245,0.008713938,41.8567009,83713.39844,41.8567009,0.000159765,27865.6582,6.610578537,17.51564217,251.2567139,665.739502,108,070802060503,79.82614136
1056,F070802060503_167,2096.423371,247858.4185,61.22103119,10162.69141,16764.76563,206.9270782,2412.108643,59.99660873,17.14188957,61.22103119,0.006923435,1518.798462,1382.106567,0.007570295,17.80864906,35617.29688,17.80864906,6.79749E-05,26927.45703,7.35304451,19.48291016,570.6604614,1512.043823,108,070802060503,77.1384964
1057,F070802060503_184,2365.057414,307489.9859,75.95002747,12607.7041,21540.94922,256.7110901,2992.431152,74.43103027,21.26600838,75.95002747,0.008589125,2218.380371,2018.726196,0.011057289,35.61878586,71237.57031,35.61878586,0.000135955,34148.65234,6.24537611,16.91594124,353.9622192,958.7258911,108,070802060503,95.69703674
1058,F070802060503_185,3149.178592,619864.6869,153.1065826,25415.69336,43923.21484,517.5002441,6032.399414,150.0444489,42.86984253,153.1065826,0.017314697,3798.375244,3456.521484,0.018932611,83.56967926,167139.3594,83.56967926,0.000318982,69338.90625,7.352968216,20.06031418,304.1257629,829.7136841,108,070802060503,192.9142914
1059,F070802060503_186,1813.279695,131385.7897,32.45228958,5387.080078,8886.731445,109.688736,1278.620239,31.80324364,9.086641312,32.45228958,0.003670002,805.0922241,732.6339111,0.004012899,10.1112051,20222.41016,10.1112051,3.8594E-05,14273.81152,7.353031158,19.4828701,532.7832031,1411.682495,108,070802060503,40.88988495
1060,F070802060503_194,3507.247864,594814.1068,146.9190826,24388.56836,43585.01953,496.5864868,5788.611816,143.9806976,41.13734436,146.9190826,0.016614957,4054.219971,3689.340088,0.020207843,65.90834808,131816.6875,65.90834808,0.000251569,67973.58594,6.610550404,18.42432022,370.0376282,1031.334961,108,070802060503,185.118042
1061,F070802060503_196,1588.649499,158244.1367,39.0862999,6488.325684,10575.9707,132.1116943,1540.000244,38.30457306,10.94416428,39.0862999,0.004420237,969.6732178,882.4026489,0.004833237,34.43371582,68867.42969,34.43371582,0.000131432,17064.29688,7.353021622,19.33844757,188.4294434,495.5694275,108,070802060503,49.24873734
1062,F070802060503_201,3201.30238,563663.1755,139.2248077,23111.31836,37217.57031,470.5798645,5485.45752,136.4403076,38.98294449,139.2248077,0.015744817,3454.013916,3143.152588,0.017216178,63.35035706,126700.7109,63.35035706,0.000241806,60328.89063,7.352910042,19.19375229,364.8175049,952.305481,108,070802060503,175.4232483
1063,F070802060503_207,1164.257128,83604.68889,20.6503582,3427.959473,3971.89209,69.79821014,813.6240845,20.23735046,5.782100201,20.6503582,0.002335332,610.2305298,555.3097534,0.003041631,21.9425354,43885.07031,21.9425354,8.37537E-05,7399.851563,6.17305851,13.32562828,156.2243958,337.2377625,108,070802060503,26.01945114
1064,F070802060503_257,2403.828655,324111.5093,80.05554199,13289.21973,21661.42773,270.587738,3154.188477,78.45442963,22.41555214,80.05554199,0.009053415,1986.071167,1807.324707,0.009899368,41.96953964,83939.07813,41.96953964,0.000160196,34950.64844,7.352978706,19.33833313,316.6396484,832.7622681,108,070802060503,100.8699799
1065,F070802060503_263,1262.380407,93053.45402,22.98420334,3815.377686,6668.636719,77.68660736,905.5776367,22.52451897,6.435576916,22.98420334,0.002599264,570.2261963,518.9058228,0.002842234,25.13351822,50267.03516,25.13351822,9.59336E-05,10484.01465,7.352736473,20.20408058,151.8043671,417.132782,108,070802060503,28.96009636
1066,F070802060503_272,2410.60761,323986.7127,80.02471924,13284.10352,22174.85156,270.483551,3152.973877,78.42422485,22.40692139,80.02471924,0.009049929,1985.340088,1806.659424,0.009895723,28.77430534,57548.61328,28.77430534,0.00010983,35458.95313,7.352854252,19.62680626,461.6654663,1232.31311,108,070802060503,100.8311462
1067,F070801010602_3,2018.875363,102216.6991,25.24752426,4191.088867,6913.781738,85.33663177,994.7524414,24.74257469,7.06930685,25.24752426,0.002855222,626.34729,569.9760132,0.003121963,,,,,11104.87109,7.353096962,19.48304939,,,108,070801010602,31.81188202
1068,F070801030401_142,5436.606092,549308.379,135.6791687,22522.74219,25654.21484,458.5955811,5345.759277,132.9655914,37.99016571,135.6791687,0.015343844,3366.022217,3063.080322,0.016777592,,,,,48176.95703,7.352971554,15.72827053,,,104,070801030401,170.9557495
1069,F070802060801_306,2811.11873,233365.3979,57.64125443,9568.448242,12965.82422,194.8274384,2271.06543,56.48843002,16.13955116,57.64125443,0.006518601,1430.020264,1301.318481,0.007127789,25.88752937,51775.0625,25.88752937,9.88116E-05,22534.27344,7.352887154,17.31649399,369.6161194,870.4682617,108,070802060801,72.62798309
1070,F070801010405_15,315.8991733,4729.407744,1.168163657,193.9151611,361.7802124,3.948393106,46.02564621,1.144800425,0.327085823,1.168163657,0.000132107,31.08340073,28.28589439,0.000154932,0.166842967,333.6859436,0.166842967,6.36832E-07,555.6953735,6.85554266,19.64567184,1162.261475,3330.64917,108,070801010405,1.471886277
1071,F070801010604_177,669.6094491,20456.81622,5.052833557,838.7703857,1070.695435,17.07857704,199.0816345,4.951776981,1.414793372,5.052833557,0.000571421,134.4424744,122.3426514,0.000670115,,,,,1909.46582,6.855911255,15.60752392,,,108,070801010604,6.366570473
1072,F070801010601_248,484.6432996,12996.53461,3.210144043,532.8839111,722.0897827,10.85028648,126.4796753,3.145941257,0.898840308,3.210144043,0.000363033,85.3989563,77.71305084,0.000425662,6.829638004,13659.27539,6.829638004,2.60684E-05,1254.973633,6.857070923,16.14881516,78.02520752,183.7540436,108,070801010601,4.044781685
1073,F070801010601_320,952.0793602,41351.30756,10.21377277,1695.486328,2430.673584,34.52255249,402.4226379,10.00949764,2.859856367,10.21377277,0.001155067,,,,,,,,4126.160156,,,,,108,070801010601,12.86935425
1074,F070801010601_442,72.3452143,256.078039,0.063251279,10.49971199,18.55792618,0.213789329,2.492100477,0.061986253,0.017710358,0.063251279,7.15303E-06,,,,0.214870229,429.7404785,0.214870229,8.20151E-07,29.05763817,,,48.86536407,135.233429,108,070801010601,0.079696611
1075,F070801010601_484,673.274767,18314.27416,4.523625851,750.921875,1179.761719,15.289855,178.2308655,4.433153152,1.266615272,4.523625851,0.000511573,127.6478729,116.1595612,0.000636248,,,,,1930.683594,6.46457243,16.62096214,,,108,070801010601,5.699768543
1076,F070801010603_1,1735.388314,84147.67492,20.78447533,3450.2229,5287.338379,70.25152588,818.9083252,20.36878586,5.819653034,20.78447533,0.002350499,515.6633911,469.2536926,0.002570271,6.859576702,13719.15332,6.859576702,2.61827E-05,8737.561523,7.352574825,18.62012291,502.9789734,1273.775635,108,070801010603,26.18843842
1077,F070801030301_276,908.5924669,45994.15036,11.3605547,1885.852051,3555.400146,38.39867401,447.6058655,11.1333437,3.18095541,11.3605547,0.001284756,302.264801,275.0609741,0.001506608,5.739481926,11478.96289,5.739481926,2.19074E-05,5441.251953,6.856123447,19.78198433,328.5753174,948.0388794,108,070801030301,14.31429863
1078,F070801030301_421,1400.82876,13379.52499,3.304742575,548.5872803,991.1587524,11.17002964,130.2068634,3.238647699,0.925327897,3.304742575,0.000373731,87.94142151,80.02669525,0.000438335,,,,,1539.746094,6.855053425,19.24040604,,,108,070801030301,4.163975716
1079,F070801030301_567,961.2668918,28362.7304,7.005594254,1162.928589,1438.809204,23.6789093,276.0204163,6.86548233,1.961566448,7.005594254,0.000792257,197.7003784,179.9073486,0.000985417,,,,,2601.737793,6.46404171,14.46154308,,,108,070801030301,8.827049255
1080,F070801030302_235,729.4329949,23742.94143,5.864506721,973.5081177,1797.119385,19.82203293,231.0615692,5.747216702,1.64206183,5.864506721,0.000663212,174.6474915,158.9292145,0.000870512,,,,,2770.627441,6.125419617,17.43309021,,,108,070801030302,7.389278412
1081,F070801030303_137,866.6961085,35610.90982,8.795894623,1460.11853,2437.342041,29.73012352,346.5582581,8.619976997,2.462850571,8.795894623,0.00099472,242.7332306,220.8872375,0.001209879,,,,,3897.460449,6.610243797,17.6445713,,,108,070801030303,11.08282757
1082,F070801030406_726,770.3543369,31608.49661,7.80729866,1296.011597,1730.722046,26.38866997,307.6075745,7.651152611,2.186043739,7.80729866,0.000882921,204.0364075,185.6731262,0.001016998,,,,,3026.733643,6.980071068,16.30140877,,,108,070801030406,9.83719635
1083,F070801030407_607,697.2178717,11091.17921,2.739521265,454.7605286,625.1588745,9.259581566,107.9371414,2.684730768,0.767065942,2.739521265,0.00030981,80.95677185,73.67066193,0.000403521,7.116080284,14232.16113,7.116080284,2.71618E-05,1079.919434,6.172884941,14.65874481,63.90604401,151.7576294,108,070801030407,3.45179677
1084,F070801030407_682,842.2401131,26031.05756,6.429671288,1067.325439,1488.21167,21.73228836,253.3290558,6.301077843,1.800307989,6.429671288,0.000727126,189.9915161,172.8922729,0.000946993,,,,,2555.537109,6.173355579,14.78109455,,,108,070801030407,8.10138607
1085,F070801030603_267,548.8241391,17198.33058,4.247987747,705.1659546,775.5125732,14.35819817,167.3707123,4.163027763,1.189436555,4.247987747,0.000480401,111.018364,101.0267105,0.00055336,,,,,1480.678467,6.979995251,14.65630722,,,108,070801030603,5.352464199
1086,F070802060602_436,2615.040028,414668.5153,102.4231262,17002.23828,61437.48438,346.190155,4035.471191,100.3746643,28.67847443,102.4231262,0.011582946,2541.020752,2312.328857,0.012665456,119.4150391,238830.0781,119.4150391,0.000455802,78439.71875,7.352863312,33.92238998,142.3793793,656.866333,108,070802060602,129.0531311
1087,F070802060603_588,2610.530718,307387.215,75.92464447,12603.49121,20800.87891,256.6253052,2991.430908,74.40615082,21.25889969,75.92464447,0.008586255,1883.595337,1714.071777,0.009388587,79.23760986,158475.2188,79.23760986,0.000302447,33404.37109,7.352954388,19.48831558,159.0594635,421.5721741,108,070802060603,95.66505432
1088,F070802060803_105,1121.663267,62292.03702,15.38613319,2554.098145,3059.686279,52.00513077,606.213623,15.07841015,4.30811739,15.38613319,0.001740005,381.7370605,347.3807373,0.001902729,60.27174759,120543.4922,60.27174759,0.000230055,5613.78418,7.352446079,16.16032028,42.37637329,93.14122009,108,070802060803,19.38652802
1089,F070802060502_496,1862.087747,94675.83433,23.38493156,3881.898682,7016.268555,79.04106903,921.366333,22.91723251,6.547780991,23.38493156,0.002644582,580.1685181,527.9533691,0.00289179,9.54328537,19086.57227,9.54328537,3.64263E-05,10898.16699,7.352730274,20.64229012,406.7675476,1141.97229,108,070802060502,29.4650135
1090,F070801010405_199,757.2775014,34636.9092,8.555316925,1420.182617,2705.362061,28.91697121,337.0794983,8.384210587,2.395488739,8.555316925,0.000967514,241.453186,219.7223969,0.001203499,,,,,4125.544922,6.463531494,18.77616882,,,108,070801010405,10.77969933
1091,F070801010405_237,2230.205209,166202.0743,41.05191422,6814.617676,12579.94824,138.7554626,1617.445435,40.23087692,11.4945364,41.05191422,0.004642527,1018.448547,926.788208,0.005076352,,,,,19394.56641,7.352939606,20.92664337,,,108,070801010405,51.72541428
1092,F070801010605_390,2958.691326,57267.06993,14.14496613,2348.064453,3320.10791,47.80998611,557.3116455,13.86206722,3.960590601,14.14496613,0.001599642,390.3332214,355.2032166,0.001945576,24.00593758,48011.875,24.00593758,9.16296E-05,5668.172363,6.610481739,15.95754814,97.81182098,236.1154327,108,070801010605,17.82265854
1093,F070801030408_210,4193.58953,1008167.12,249.0172729,41336.86719,66569.57031,841.6784058,9811.280273,244.0369263,69.72483826,249.0172729,0.028161155,6507.632324,5921.945313,0.032436624,295.8442993,591688.5625,295.8442993,0.001129225,107906.4375,6.980285168,18.22145081,139.7250824,364.7406311,108,070801030408,313.7617798
1094,F070802060804_56,1153.32427,68406.63786,16.8964386,2804.808838,3084.61377,57.10996246,665.7196655,16.55850983,4.731002808,16.8964386,0.001910804,,,,,,,,5889.422852,,,,,108,070802060804,21.28951263
1095,F070802060804_373,1143.997984,59452.37728,14.68473721,2437.66626,3255.312744,49.63441086,578.5786743,14.39104271,4.111726284,14.68473721,0.001660685,383.7460632,349.2089233,0.001912743,4.648267269,9296.535156,4.648267269,1.77422E-05,5692.979004,6.980538368,16.30250168,524.4247437,1224.75293,108,070802060804,18.50276947
1096,F070802060501_555,2110.661634,261310.9867,64.54381561,10714.27344,20008.42188,218.1580963,2543.026367,63.25294113,18.07226753,64.54381561,0.007299206,1601.241821,1457.130005,0.007981225,33.91875839,67837.52344,33.91875839,0.000129466,30722.69531,7.35299778,21.08438873,315.8804626,905.7730103,108,070802060501,81.32521057
1097,F070802060503_183,2342.74553,300811.894,74.30053711,12333.88867,17144.27734,251.1358185,2927.441162,72.81452942,20.80414963,74.30053711,0.008402586,1843.308594,1677.410767,0.009187782,55.26321793,110526.4375,55.26321793,0.000210937,29478.16602,7.35293293,17.57361221,223.1844025,533.4138794,108,070802060503,93.61868286
1098,F070600060901_445,788.5960638,20918.0602,5.166760921,857.682312,1044.305786,17.46365166,203.5703735,5.063425541,1.446693063,5.166760921,0.000584305,137.4657135,125.0937958,0.000685184,,,,,1901.988037,6.856313705,15.20449543,,,105,070600060901,6.510118484
1099,F070600060901_756,669.6353114,22905.27993,5.657604218,939.1622925,1198.846191,19.12270164,222.9096069,5.54445219,1.584129214,5.657604218,0.000639814,150.5433044,136.9944,0.000750368,,,,,2138.008545,6.85547924,15.60653973,,,105,070600060901,7.128581524
1100,F070600060901_757,1006.184621,37764.68282,9.327877045,1548.427612,1824.532959,31.52822495,367.5183411,9.141319275,2.611805677,9.327877045,0.001054882,,,,,,,,3372.960449,,,,,105,070600060901,11.75312519
1101,F070801030402_165,1039.16014,57090.97718,14.10147095,2340.844238,3815.573975,47.6629715,555.5979614,13.8194418,3.948411942,14.10147095,0.001594724,368.5265503,335.3591614,0.001836883,44.675457,89350.91406,44.675457,0.000170524,6156.417969,6.980111122,18.35768509,52.39664841,137.8031311,105,070801030402,17.76785278
1102,F070801030405_219,2162.864097,133667.8411,33.01595688,5480.648926,4090.016846,111.5939331,1300.828735,32.3556366,9.244467735,33.01595688,0.003733747,911.0651855,829.0693359,0.004541111,138.1906281,276381.25,138.1906281,0.000527468,9570.666016,6.610603809,11.54386711,39.66006088,69.2569809,105,070801030405,41.60010529
1103,F070801030601_75,682.2389714,30594.84221,7.55692625,1254.449707,1077.174316,25.5424099,297.7428894,7.405787945,2.115939379,7.55692625,0.000854607,208.4901733,189.726059,0.001039198,,,,,2331.624023,6.611899853,12.28942394,,,105,070801030601,9.521727562
1104,F070801030601_79,1640.994279,83014.36829,20.50454903,3403.755127,3217.126465,69.30537415,807.8792114,20.09445763,5.74127388,20.50454903,0.002318842,508.7151184,462.9307556,0.002535638,,,,,6620.881836,7.352622509,14.30210018,,,105,070801030601,25.83573151
1105,F070801030601_187,4586.758135,672241.6405,166.0436859,27563.25195,16273.16602,561.2276611,6542.121094,162.7228088,46.49223328,166.0436859,0.018777741,4119.358887,3748.616699,0.020532522,131.2372742,262474.5625,131.2372742,0.000500927,43836.41797,7.352912903,11.69402504,210.0260925,334.0241394,105,070801030601,209.2150421
1106,F070801030402_244,1627.35253,153390.2474,37.88739014,6289.306641,11116.16016,128.0593719,1492.763184,37.12964249,10.60846901,37.88739014,0.004284653,939.9515381,855.355896,0.004685092,14.85308361,29706.16797,14.85308361,5.66936E-05,17405.4668,7.352853775,20.34880066,423.4344177,1171.841919,105,070801030402,47.7381134
1107,F070801030404_146,1303.770582,59936.64926,14.80435276,2457.522461,723.9329224,50.03871155,583.2915039,14.5082655,4.145218849,14.80435276,0.001674212,386.8880615,352.0681458,0.001928404,11.28208065,22564.16211,11.28208065,4.30632E-05,3181.455322,6.980246544,9.036476135,217.8252869,281.9918823,104,070801030404,18.65348434
1108,F070801030409_141,2733.236014,306331.1526,75.66379547,12560.19043,40392.46094,255.7436218,2981.153564,74.15052032,21.18586349,75.66379547,0.008556755,1877.124756,1708.183472,0.009356335,72.3327179,144665.4375,72.3327179,0.000276091,52952.65234,7.352951527,30.99939346,173.6446686,732.0705566,104,070801030603,95.33638
