OBJECTID,Shape_Length,Shape_Area,riparianid,bioAc,opAcres,DirectCost,DirectCost_CP,meanPIdx,OpportunityCost,adjOCosts,bioBuffWidth,bioYield,energyPot,CO2red,N2Ored,SUM_cropAcres,SUM_pctWScropAcres,MEAN_Nrate,MEAN_NO3conc,SUM_cpNO3load,SUM_cpNO3LoadReduced,SUM_cpWSNO3LoadPct,SUM_cpSEDload,SUM_cpSEDloadlbs,SUM_cpSEDLoadReduced,SUM_cpWSSEDLoadPct,TotalCost,TotalCost_CP,DCredNO3,TCredNO3,DCredSED,TCredSED,MLRA,HUC12,FBndID,radial
1,842.4623251,6371.485561,94_10_2,3.199030399,1.573756933,234.4897766,234.4897766,79,405.3050537,2702.033691,100,10.81272316,126.0418015,1.542281747,0.440651953,125.142181,0.014152225,135.2499466,8.469914873,2975,2708,0.01483269,80.3401984,160681,72.30617854,0.00027599,639.7947998,639.7947998,0.086591497,0.23626101,3.243011713,8.84841156,104,070801030602,F070801030602_354,32
2,817.8243422,5882.106048,711_4_2,2.856173038,1.452880144,216.4791412,216.4791412,79,374.1743774,2494.49585,100,9.653864861,112.5332184,1.423822522,0.406806439,26.61762139,0.003010165,137.8013357,12.339715,735,669,0.003664354,36.70501958,73410,33.03451674,0.000126091,590.6535034,590.6535034,0.323586166,0.882890165,6.553119659,17.87988853,108,070802060501,F070802060501_106,16
3,804.3271959,5814.153787,696_17_1,2.986315489,1.436095953,213.978302,213.978302,92,430.7138977,2871.426025,100,10.09374619,117.6608276,1.407374024,0.402106881,74.22782397,0.008394363,131.0003586,11.79865265,1842,1676,0.009180055,50.79946929,101600,45.71952152,0.000174509,644.6921997,644.6921997,0.127672017,0.384661227,4.680239201,14.10102654,108,070802060601,F070802060601_34,16
4,806.5033897,5790.331442,421_19_2,2.883354425,1.430211902,213.1015778,213.1015778,86,400.973877,2673.15918,100,9.745738029,113.6041641,1.401607633,0.400459319,123.7539582,0.013995232,130.9993927,10.02382062,2650,2412,0.013211391,94.94816494,189895,85.45334625,0.000326172,614.0754395,614.0754395,0.088350572,0.254591793,2.493776798,7.186089993,108,070801030605,F070801030605_39,32
5,800.3050635,5747.160558,76_1_2,2.95579958,1.419548631,211.5127411,211.5127411,70,323.9409485,2159.606445,100,9.990602493,116.4585037,1.391157627,0.397473603,32.68536758,0.003696361,131.0017242,11.79874897,811,738,0.004042291,13.61519051,27230,12.25367165,4.67717E-05,535.4536743,535.4536743,0.286602616,0.725546956,17.26117325,43.69740677,104,070801030403,F070801030403_144,24
6,793.135669,5690.879614,53_2_2,2.857890368,1.405647278,209.4414368,209.4414368,78,357.4278564,2382.852295,100,9.659669876,112.6008835,1.377534389,0.393581241,98.74493905,0.011166983,134.3993256,12.06358776,2590,2357,0.012910136,64.62440039,129248,58.16196136,0.000222002,566.8692627,566.8692627,0.088859327,0.240504563,3.601003647,9.74639225,104,070801030601,F070801030601_201,32
7,787.5259999,5683.409307,411_10_1,2.912920237,1.403802156,209.1665192,209.1665192,76,347.8057251,2318.704834,100,9.8456707,114.7690582,1.375726104,0.393064618,37.21348953,0.004208443,142.3331909,12.65266228,990,901,0.004935101,22.53703499,45074,20.28333092,7.74206E-05,556.972229,556.972229,0.232149303,0.618171155,10.31223679,27.45960426,108,070802060602,F070802060602_223,16
8,790.0996147,5660.525595,137_25_2,2.844870329,1.398149848,208.3243256,208.3243256,50,227.8984222,1519.322754,100,9.615661621,112.0878906,1.370186806,0.391481966,41.91011445,0.00473958,136.4412933,10.39976746,235,214,0.001172155,20.40948505,40819,18.36853558,7.01119E-05,436.2227478,436.2227478,0.973478138,2.038424015,11.34136868,23.74836922,108,070802060602,F070802060602_108,32
9,777.8605125,5611.816609,845_156_1,2.755388498,1.38611865,206.5316772,206.5316772,50,225.9373627,1506.249023,100,9.313213348,108.5623093,1.358396292,0.38811323,141.2576387,0.015974709,136.1000854,9.026123694,2329,2119,0.011606525,161.3374219,322674,145.2036831,0.000554236,432.4690552,432.4690552,0.097466581,0.204091102,1.422358394,2.978361368,108,070802060302,F070802060302_93,32
10,777.3269319,5599.913182,516_4_1,2.86761117,1.383178592,206.0936127,206.0936127,79,356.2235718,2374.82373,100,9.692525864,112.9838791,1.355515003,0.387290001,199.9999993,0.022617833,135.1213407,12.11719669,5044,4590,0.02514108,159.3013072,318602,143.3711768,0.000547242,562.3171997,562.3171997,0.04490057,0.122509196,1.437482834,3.922107697,108,070802060603,F070802060603_374,24
11,770.3400692,5583.871891,405_9_2,2.745173931,1.379216313,205.5032349,205.5032349,32,143.879715,959.1981201,100,9.278687477,108.1598511,1.351631999,0.38618058,39.3388896,0.004448802,130.9985046,6.474260986,879,800,0.004381888,34.77190018,69544,31.29471016,0.000119451,349.3829346,349.3829346,0.256879032,0.436728656,6.566708565,11.16428089,108,070802060601,F070802060601_147,16
12,767.5594788,5516.481378,458_65_2,2.806429148,1.362570882,203.023056,203.023056,77,342.0323181,2280.215332,100,9.485730171,110.5733109,1.335319519,0.381519854,45.56197971,0.005152566,130.9989573,11.79855378,1130,1028,0.005630726,108.749348,217499,97.87441169,0.000373582,545.0553589,545.0553589,0.19749324,0.530209482,2.074322224,5.568925858,108,070802060801,F070802060801_140,24
13,759.2555337,5463.853159,588_6_2,2.634879351,1.349571705,201.0861816,201.0861816,19,83.59242249,557.2828369,100,8.905892372,103.8142471,1.322580218,0.377880067,30.2388585,0.003419687,131.0016378,9.136557192,644,586,0.003209733,61.25559529,122511,55.13003447,0.000210429,284.6785889,284.6785889,0.343150467,0.48579964,3.647488832,5.163765907,108,070801010602,F070801010602_670,24
14,760.7187165,5449.751154,137_25_1,2.844870329,1.346088529,200.5671844,200.5671844,61,267.6831665,1784.554443,100,9.615661621,112.0878906,1.31916678,0.376904786,20.46198302,0.002314029,140.0662028,9.70019874,498,453,0.002481244,20.60627859,41213,18.54564997,7.0788E-05,468.2503662,468.2503662,0.442753166,1.033665299,10.8147831,25.24852753,108,070802060602,F070802060602_99,32
15,761.4112296,5446.230425,696_12_2,2.644928455,1.345218897,200.4376221,200.4376221,56,306.1971436,2041.314331,100,8.939858437,104.2101822,1.318314552,0.376661301,51.33273488,0.005805176,146.0166016,7.900080153,1384,1259,0.006895996,46.38110629,92762,41.74299681,0.000159331,506.6347656,506.6347656,0.159203827,0.402410448,4.801706791,12.13700008,108,070802060601,F070802060601_85,16
16,759.3381996,5445.981835,606_18_2,2.844429016,1.345157504,200.4284668,200.4284668,2,8.770421028,58.46947479,100,9.614170074,112.0705032,1.318254352,0.376644105,200.0000011,0.022617833,130.9993108,6.958315838,3219,2929,0.016043186,108.7190565,217437,97.84715062,0.000373478,209.1988831,209.1988831,0.068428978,0.071423315,2.048383236,2.138017178,108,070801010602,F070801010602_4,24
17,760.1973966,5441.375458,496_12_2,2.633534193,1.344019771,200.2589417,200.2589417,78,341.756897,2278.379395,100,8.901345253,103.7612457,1.317139387,0.376325548,129.5953973,0.014655835,139.9041007,12.51506683,3328,3030,0.016596399,93.86546252,187730,84.47891651,0.000322452,542.0158691,542.0158691,0.066092059,0.17888312,2.370519876,6.415989876,108,070802060502,F070802060502_433,16
18,757.8348395,5440.356016,185_16_1,2.719674349,1.343767881,200.2214203,200.2214203,78,341.6932068,2277.95459,100,9.192499161,107.1551666,1.316892505,0.376255006,135.6357496,0.015338934,133.9134609,12.0304124,3364,3061,0.016766198,205.4843686,410968,184.9359241,0.000705893,541.9146118,541.9146118,0.065410458,0.177038416,1.082652926,2.93028307,108,070802060602,F070802060602_273,24
19,752.7830988,5406.628515,481_36_1,2.674338102,1.335437298,198.9801636,198.9801636,14,60.94932175,406.3287964,100,9.039262772,105.3689194,1.308728576,0.373922437,94.12901556,0.010644972,136.1003052,10.34970289,2272,2066,0.011316225,90.30914769,180619,81.27823284,0.000310236,259.9294739,259.9294739,0.096311793,0.125812918,2.448135853,3.198020697,108,070802060603,F070802060603_264,24
20,740.4082357,5336.674288,487_30_2,2.656409264,1.318158507,196.4056244,196.4056244,92,395.3423462,2635.615723,100,8.978663445,104.6625214,1.291795373,0.369084388,52.03430018,0.005884516,135.2498932,12.12988448,1384,1259,0.006895996,38.58851627,77177,34.72966524,0.000132562,591.7479858,591.7479858,0.156001285,0.470014274,5.655269623,17.03868866,108,070802060502,F070802060502_531,16
21,743.4332215,5328.476807,481_42_2,2.692947149,1.316133738,196.1039276,196.1039276,39,167.3332367,1115.554932,100,9.102161407,106.1021194,1.289811015,0.368517458,64.51249577,0.007295664,135.9575768,9.965643764,1628,1481,0.008111969,86.22660237,172451,77.60394241,0.000296211,363.4371643,363.4371643,0.132413179,0.245399848,2.526983976,4.683230877,108,070802060603,F070802060603_264,24
22,728.2958648,5299.277127,60_16_1,2.661181211,1.308921456,195.0292969,195.0292969,30,128.0124207,853.4161377,100,8.994792938,104.8505402,1.282742977,0.366497993,46.42624378,0.005250305,136.3397095,10.40421412,1176,1071,0.005866252,9.56059821,19121,8.604538485,3.28432E-05,323.0417175,323.0417175,0.182100177,0.301626265,22.66586304,37.54317856,104,070801030202,F070801030202_148,32
23,725.8447873,5249.071036,396_3_2,2.766469717,1.296520591,193.1815643,193.1815643,69,291.638916,1944.259399,100,9.350667953,108.998909,1.270590186,0.363025755,108.8144082,0.012305731,134.3991302,12.06357822,2721,2475,0.013556465,29.92749217,59855,26.93474272,0.000102809,484.8204956,484.8204956,0.078053154,0.195887074,7.172207355,17.9998188,108,070801030603,F070801030603_18,24
24,713.5323329,5109.827744,487_42_1,2.758332491,1.262127399,188.0569763,188.0569763,92,378.5371094,2523.580811,100,9.323163986,108.678299,1.236884832,0.353395671,48.05158615,0.005434114,131.0003967,11.79865551,1192,1085,0.005942935,46.45807564,92916,41.81226969,0.000159596,566.5941162,566.5941162,0.173324406,0.522206545,4.497650623,13.55090523,108,070802060502,F070802060502_530,16
25,696.6003092,5043.353037,397_10_1,2.530558586,1.245708227,185.6105194,185.6105194,30,121.8302155,812.201416,100,8.55328846,99.70401001,1.220794082,0.348798305,122.1097631,0.013809291,131.0003387,10.02387625,2963,2694,0.014756007,144.4372791,288875,129.9935526,0.00049618,307.4407349,307.4407349,0.068897747,0.114120543,1.427844048,2.365046024,108,070802060602,F070802060602_150,24
26,702.1047736,5031.796423,450_44_1,2.520658255,1.242853761,185.1852112,185.1852112,28,113.4475632,756.3170776,100,8.519824982,99.31393433,1.217996716,0.347999066,22.65892622,0.002562479,131.0007782,8.249121785,493,448,0.002453857,20.62918484,41258,18.56626636,7.08666E-05,298.632782,298.632782,0.413359851,0.666591048,9.974284172,16.08469772,108,070801030301,F070801030301_265,16
27,705.1974808,4994.897115,397_2_2,2.472081423,1.233739614,183.8272095,183.8272095,35,140.7696838,938.4645386,100,8.355635643,97.40000916,1.209064841,0.345447093,53.56835977,0.006058001,131.0011139,9.136529535,1288,1172,0.006419465,142.6416908,285283,128.3775198,0.000490012,324.5968933,324.5968933,0.156849161,0.276959807,1.431926847,2.528455973,108,070802060602,F070802060602_466,24
28,689.9399021,4979.936098,696_5_1,2.531208038,1.230044246,183.2765961,183.2765961,60,240.5961456,1603.974365,100,8.555482864,99.729599,1.205443382,0.344412386,21.08699653,0.002384711,136.6669846,8.53378435,498,453,0.002481244,16.33503053,32670,14.70152709,5.61151E-05,423.8727417,423.8727417,0.40458411,0.93570143,12.46650028,28.83188438,108,070802060601,F070802060601_87,16
29,685.0763232,4887.074123,163_19_1,2.441699743,1.207107306,179.8589935,179.8589935,72,283.3318481,1888.879028,100,8.252944946,96.20297241,1.182965159,0.337990046,199.9999984,0.022617833,144.684523,10.55987869,4189,3813,0.020885172,432.3359155,864673,389.1023254,0.001485187,463.1908569,463.1908569,0.047169942,0.121476755,0.462240875,1.190408826,108,070801030407,F070801030407_589,16
30,683.3416704,4862.779575,397_23_2,2.463993073,1.201106548,178.9648743,178.9648743,34,133.1305084,887.5367432,100,8.328296661,97.08132935,1.177084446,0.33630982,20.01107468,0.002263036,136.6677856,9.467794746,459,418,0.002289536,74.61293438,149225,67.15164176,0.000256315,312.0953979,312.0953979,0.428145647,0.746639729,2.665085554,4.647621155,108,070802060602,F070802060602_466,24
31,673.3015803,4839.870419,450_9_2,2.415896893,1.195448041,178.1217651,178.1217651,70,272.8012085,1818.674683,100,8.16573143,95.18634033,1.171539068,0.33472544,162.7139212,0.018401182,143.8446452,12.81564744,4514,4108,0.022500993,174.4979392,348995,157.0481429,0.000599446,450.9229736,450.9229736,0.04335973,0.109767035,1.134185791,2.871240377,108,070801030301,F070801030301_580,16
32,677.5245301,4836.189475,166_31_2,2.424834967,1.194538832,177.9862823,177.9862823,78,303.747345,2024.9823,100,8.195941925,95.53849792,1.170648098,0.334470868,71.51204205,0.008087237,136.6671702,12.24034532,1893,1723,0.009437491,49.19420528,98389,44.27478552,0.000168995,481.7336426,481.7336426,0.103300221,0.27959004,4.020037174,10.8805418,108,070802060406,F070802060406_172,32
33,671.5736787,4789.33077,128_18_1,2.472192287,1.182964683,176.261734,176.261734,78,300.8037109,2005.358032,100,8.356009483,97.40437317,1.159305334,0.331230104,42.20758426,0.004773221,140.4444122,12.58706633,1049,954,0.005225401,97.46301121,194926,87.71670781,0.000334811,477.0654297,477.0654297,0.184760734,0.500068605,2.009443045,5.438706398,108,070801030406,F070801030406_112,16
34,671.5019675,4782.783472,723_33_1,2.435447216,1.181347489,176.0207825,176.0207825,32,123.2380447,821.5869751,100,8.231811523,95.95661926,1.157720566,0.330777287,193.4520321,0.021877329,136.2139267,11.20332695,4888,4448,0.024363295,183.4410041,366881,165.0969053,0.000630168,299.2588196,299.2588196,0.039573018,0.067279413,1.066166401,1.812625289,108,070801010405,F070801010405_92,32
35,662.4635421,4712.758582,95_16_2,2.476243019,1.164051414,173.4436646,173.4436646,57,216.3038635,1442.025757,100,8.369701385,97.56397247,1.140770435,0.32593441,36.63479328,0.004142998,136.6645737,12.22550154,957,871,0.00477078,12.70657253,25414,11.43591523,4.36504E-05,389.7475281,389.7475281,0.199131653,0.447471321,15.16657448,34.08100891,104,070801030602,F070801030602_88,32
36,659.5010706,4702.049373,680_1_1,2.237517118,1.161406159,173.0495148,173.0495148,79,299.1083069,1994.05542,100,7.562808037,88.15817261,1.138177991,0.325193733,200.0000014,0.022617833,142.1912098,11.42324187,5131,4668,0.025568314,161.8984752,323798,145.7086246,0.000556164,472.1578369,472.1578369,0.037071448,0.101147778,1.187640905,3.240424871,108,070801030407,F070801030407_672,16
37,660.5178164,4700.337714,723_33_2,2.435447216,1.160983443,172.9865265,172.9865265,35,132.4682007,883.1213379,100,8.231811523,95.95661926,1.137763739,0.325075358,23.29009247,0.002633857,131.0046234,6.474476993,467,425,0.002327878,8.961947829,17924,8.065753043,3.07866E-05,305.4547119,305.4547119,0.407027125,0.718716979,21.44704056,37.87057495,108,070801010405,F070801010405_93,32
38,660.3981792,4689.825024,166_45_2,2.334946871,1.158386827,172.5996399,172.5996399,62,234.1328278,1560.885498,100,7.892120361,91.9969101,1.135219097,0.324348301,200.0000009,0.022617833,135.2520396,10.33882497,5066,4610,0.025250628,289.6566581,579313,260.6909883,0.000995046,406.7324829,406.7324829,0.03744027,0.088228308,0.662085176,1.560209274,108,070802060406,F070802060406_91,32
39,657.7480799,4676.963272,723_14_2,2.360343933,1.155209899,172.1262817,172.1262817,67,252.3209534,1682.139648,100,7.977962494,92.99755096,1.132105708,0.323458761,44.53999086,0.00503699,130.9987259,9.66883018,533,485,0.002656519,50.17735953,100355,45.1596229,0.000172372,424.4472351,424.4472351,0.354899555,0.875148952,3.811508417,9.398821831,108,070801010405,F070801010405_93,32
40,655.7739102,4674.410265,594_14_1,2.224257708,1.154579282,172.0323181,172.0323181,5,18.81961632,125.4641113,100,7.517991066,87.63575745,1.131487727,0.323282212,20.23389503,0.002288234,138.0830536,12.38991451,503,458,0.002508631,4.862161309,9725,4.375945292,1.67028E-05,190.8519287,190.8519287,0.375616401,0.416707277,39.31317902,43.61387634,108,070802060804,F070802060804_450,32
41,655.1918639,4671.098405,456_6_2,2.391163111,1.153761268,171.9104309,171.9104309,70,263.2882385,1755.254883,100,8.082131386,94.21183014,1.130686045,0.323053151,50.22288479,0.005679664,144.5998001,12.86687136,1367,1244,0.006813835,33.35748908,66715,30.02173967,0.000114592,435.1986694,435.1986694,0.13819167,0.349838167,5.726198196,14.49611759,108,070801030301,F070801030301_82,16
42,645.6565036,4659.354096,458_94_1,2.330905914,1.150860429,171.4782104,171.4782104,33,123.8094788,825.3965454,100,7.878461838,91.83769226,1.127843261,0.322240919,192.5848403,0.021779259,134.4000916,10.23382829,4809,4376,0.023968925,301.7307281,603460,271.5576553,0.001036524,295.2876892,295.2876892,0.039186064,0.067478903,0.631461501,1.087384939,108,070802060801,F070802060801_206,24
43,649.6339388,4642.284054,421_29_2,2.371034145,1.146644115,170.8499756,170.8499756,86,321.4720154,2143.146729,100,8.014095306,93.41874695,1.123711228,0.321060359,200.0000017,0.022617833,137.7983875,10.09610317,4154,3781,0.020709896,164.1046247,328208,147.694164,0.000563742,492.321991,492.321991,0.045186453,0.130209461,1.15678215,3.333388329,108,070801030605,F070801030605_37,32
44,650.0262263,4639.18702,487_18_2,2.601204157,1.145879149,170.7359924,170.7359924,92,343.6712952,2291.14209,100,8.792070389,102.487442,1.122961521,0.32084617,41.67118831,0.00471256,134.4000946,12.06364574,1130,1029,0.005636203,13.49435037,26988,12.14491543,4.63566E-05,514.4072876,514.4072876,0.165924191,0.499909908,14.05822849,42.35577393,108,070802060502,F070802060502_530,16
45,639.3024792,4560.715319,456_6_1,2.391163111,1.126496673,167.8480072,167.8480072,70,257.0662231,1713.77478,100,8.082131386,94.21183014,1.103966713,0.315419078,94.47676893,0.010684299,143.4660848,12.78124746,2654,2415,0.013227823,89.82013646,179640,80.83811969,0.000308556,424.9142456,424.9142456,0.069502279,0.175947934,2.076347351,5.256360054,108,070801030301,F070801030301_82,16
46,632.158304,4500.456244,590_16_2,2.142861366,1.111612678,165.6302948,165.6302948,69,250.0461578,1666.974365,100,7.242871284,84.42874146,1.089380383,0.311251551,94.58679204,0.010696741,131.000145,11.79863787,2347,2135,0.011694163,111.416432,222832,100.2747867,0.000382745,415.6764526,415.6764526,0.077578589,0.194696233,1.651764154,4.145373821,108,070802060802,F070802060802_60,24
47,626.6158588,4466.567788,56_4_1,2.123560667,1.103242278,164.3831024,164.3831024,54,194.2147522,1294.765015,100,7.177635193,83.66828918,1.081177473,0.308907837,68.36543274,0.00773139,149.1342316,13.25649762,1937,1763,0.009656585,62.69294115,125385,56.42364797,0.000215367,358.5978394,358.5978394,0.093240559,0.203402057,2.913372517,6.355453014,104,070801030405,F070801030405_397,32
48,629.2872805,4463.482951,508_2_1,2.372022152,1.102480292,164.2695618,164.2695618,33,118.6048279,790.6988525,100,8.017435074,93.45767212,1.080430746,0.308694482,85.19085436,0.009634163,143.2780507,9.885278791,2063,1877,0.010281004,37.64631807,75292,33.8816855,0.000129325,282.8743896,282.8743896,0.087517083,0.150705591,4.848329067,8.348887444,108,070802060502,F070802060502_8,16
49,620.930263,4462.020426,94_21_1,2.228076696,1.102119088,164.215744,164.215744,79,283.8397522,1892.265015,100,7.530899048,87.78622437,1.080076694,0.308593333,199.9999976,0.022617833,135.9271011,11.79069405,5060,4605,0.025223241,152.7479351,305499,137.4731415,0.000524729,448.055481,448.055481,0.035660315,0.097297609,1.194529653,3.259222031,104,070801030602,F070801030602_221,32
50,625.7491059,4444.194731,397_11_2,2.155107021,1.097716093,163.5596924,163.5596924,52,186.0846252,1240.564209,100,7.284261703,84.91121674,1.075761795,0.3073605,39.17044681,0.004429753,131.000473,6.474330366,854,777,0.004255908,93.93986177,187880,84.54587412,0.000322708,349.6443176,349.6443176,0.210501537,0.449992687,1.934567451,4.135557652,108,070802060602,F070802060602_155,24
51,613.4401638,4429.946085,456_7_1,2.139484406,1.094196677,163.0353088,163.0353088,70,249.6954346,1664.63623,100,7.231457233,84.29568481,1.072312713,0.306375057,200.0000023,0.022617834,137.8997372,12.33837055,5147,4685,0.02566143,199.4718745,398945,179.5246877,0.000685238,412.7307434,412.7307434,0.034799427,0.088096209,0.908149779,2.299019337,108,070801030301,F070801030301_568,16
52,619.1930785,4418.719608,836_53_1,2.171819448,1.09142375,162.6221313,162.6221313,35,124.5314636,830.2097778,100,7.340749741,85.56968689,1.069595218,0.305598646,29.46381482,0.003332038,135.2497101,8.459036311,229,209,0.001144768,10.27330729,20547,9.245976277,3.52915E-05,287.153595,287.153595,0.778096318,1.373940587,17.58842278,31.05714226,108,070802060302,F070802060302_364,32
53,616.5500234,4381.999958,711_1_2,2.212627172,1.08235395,161.2707367,161.2707367,39,137.6104584,917.4030762,100,7.478679657,87.17751312,1.060706854,0.303059101,72.19512486,0.008164486,131.0015055,9.136550516,1646,1498,0.008205085,56.98543668,113970,51.28689282,0.00019576,298.8811951,298.8811951,0.107657366,0.199520156,3.144482613,5.827632904,108,070802060501,F070802060501_71,16
54,599.9658651,4360.174287,166_4_1,2.207258224,1.076963067,160.4674988,160.4674988,78,273.8499451,1825.66626,100,7.460532665,86.9659729,1.055423856,0.301549673,200.0000014,0.022617833,134.8953762,12.09084463,5131,4670,0.025579269,265.110796,530222,238.5997205,0.000910725,434.3174438,434.3174438,0.034361348,0.093001597,0.672538519,1.82027638,108,070802060406,F070802060406_174,32
55,616.1215398,4358.53246,54_3_2,2.26533103,1.076557517,160.407074,160.407074,78,273.7462769,1824.97522,100,7.656818867,89.25404358,1.055026412,0.301436096,23.92077637,0.002705181,130.9989166,11.79855156,593,540,0.002957774,45.56639171,91133,41.00975144,0.000156532,434.1533508,434.1533508,0.297050148,0.803987682,3.911437273,10.58658791,104,070801030405,F070801030405_75,32
56,591.1525452,4316.20123,404_10_2,2.300456762,1.06610167,158.8491516,158.8491516,32,111.2157288,741.4381714,100,7.77554369,90.63799286,1.044779658,0.298508465,21.9949789,0.002487394,131.0008621,8.2491256,507,461,0.002525063,27.44139957,54883,24.6972599,9.42684E-05,270.0648804,270.0648804,0.344575167,0.585824013,6.431853294,10.93501377,108,070802060601,F070802060601_156,16
57,601.0416273,4289.790076,22_8_1,2.097115993,1.05957818,157.8771515,157.8771515,78,269.4293518,1796.195679,100,7.088252068,82.62637329,1.038386583,0.296681881,200.0000014,0.022617833,130.6663452,11.80339651,4975,4527,0.024796007,340.0572314,680114,306.0515146,0.001168186,427.3065186,427.3065186,0.034874566,0.094390661,0.515851557,1.396191478,105,070801030402,F070801030402_154,32
58,607.3046483,4272.603279,50_12_1,2.22341013,1.055333018,157.2446136,157.2446136,46,158.2574921,1055.049927,100,7.515126228,87.60235596,1.034226418,0.295493245,78.0464783,0.008826211,133.8320974,9.293876499,1966,1789,0.009798996,42.70023071,85400,38.43020687,0.000146686,315.5021057,315.5021057,0.087895259,0.176356688,4.091692924,8.209742546,104,070801030601,F070801030601_110,32
59,601.2499004,4271.219723,458_16_1,2.115299225,1.054991245,157.1936951,157.1936951,78,268.2631836,1788.421265,100,7.149711609,83.3427887,1.033891439,0.29539755,29.47596073,0.003333412,133.8326149,12.01208997,761,693,0.00379581,54.24806356,108497,48.82325649,0.000186356,425.4568787,425.4568787,0.226830736,0.613934875,3.219647884,8.714225769,108,070802060801,F070802060801_197,24
60,605.9434529,4260.583906,111_10_1,2.058161497,1.05236423,156.8022766,156.8022766,78,267.5950623,1783.967041,100,6.956585884,81.09156036,1.031316996,0.294661999,91.31808472,0.010327086,145.1667099,12.88818836,2511,2285,0.012515767,105.6542835,211308,95.08885479,0.00036295,424.3973389,424.3973389,0.06862244,0.185731873,1.649007916,4.46316576,108,070802060301,F070802060301_94,32
61,600.4325303,4248.967408,45_9_1,2.09768343,1.049494982,156.3747559,156.3747559,78,266.865387,1779.102539,100,7.090169907,82.64872742,1.028505087,0.293858588,75.12947083,0.008496329,147.9996948,13.12366676,2073,1886,0.0103303,69.66792414,139336,62.70113239,0.000239328,423.2401428,423.2401428,0.082913443,0.224411532,2.493970156,6.750119686,104,070801030405,F070801030405_248,32
62,596.9898603,4245.521769,96_15_2,2.129726887,1.048643827,156.2479248,156.2479248,78,266.6489563,1777.659668,100,7.198476791,83.91123962,1.027670979,0.293620259,200.0000024,0.022617834,135.0243332,11.04444622,4873,4436,0.024297567,208.911437,417823,188.0202956,0.000717665,422.8968811,422.8968811,0.035222705,0.095332928,0.831016243,2.249208689,104,070801030406,F070801030406_474,24
63,597.5944504,4236.886326,54_17_1,2.069263697,1.046510935,155.93013,155.93013,78,266.1065979,1774.043945,100,6.994111061,81.5289917,1.025580764,0.29302305,26.54655721,0.003002128,133.1223831,11.95591927,658,599,0.003280938,27.6953902,55390,24.92585068,9.51409E-05,422.0367432,422.0367432,0.260317415,0.704568863,6.255759716,16.93168831,105,070801030405,F070801030405_85,32
64,594.7989535,4205.265528,404_12_2,2.201278687,1.038700581,154.7663879,154.7663879,32,108.3572464,722.3816528,100,7.440321922,86.7303772,1.017926574,0.290836155,106.4667804,0.012040239,131.0018982,10.0239678,2558,2328,0.012751293,155.8480632,311696,140.2632537,0.000535379,263.1236267,263.1236267,0.066480406,0.113025613,1.103399396,1.875926971,108,070802060601,F070802060601_154,16
65,589.974738,4189.702644,612_5_2,2.076509237,1.034856558,154.193634,154.193634,80,269.8905945,1799.27063,100,7.018601418,81.81446075,1.014159441,0.289759845,31.68140841,0.003582824,141.5778046,12.62428093,813,740,0.004053246,21.82154346,43643,19.63938916,7.49627E-05,424.0842285,424.0842285,0.208369777,0.573086798,7.851243973,21.59355545,108,070802060804,F070802060804_167,32
66,594.0180777,4186.60268,461_1_1,2.147852421,1.034090877,154.0795441,154.0795441,47,158.4432526,1056.28833,100,7.259741306,84.6253891,1.013409019,0.289545447,36.63318828,0.004142817,130.999588,9.136448711,888,809,0.004431184,45.89935758,91799,41.30942187,0.000157676,312.5227966,312.5227966,0.190456793,0.386307538,3.729888678,7.565412045,108,070801030303,F070801030303_155,8
67,587.2132002,4156.393312,458_58_2,2.188239336,1.02662909,152.9677277,152.9677277,64,214.1957703,1427.971802,100,7.396248817,86.21662903,1.006096482,0.287456155,80.60261728,0.009115283,134.3003464,10.24927797,2046,1862,0.010198843,67.94770998,135896,61.15293744,0.000233418,367.1635132,367.1635132,0.082152382,0.197187707,2.501396179,6.004020691,108,070802060801,F070802060801_75,24
68,578.2460131,4144.642924,94_11_2,2.14734745,1.023726821,152.5352936,152.5352936,77,256.975769,1713.171753,100,7.258034229,84.60549164,1.003252268,0.286643505,34.70591402,0.003924863,131.0024923,11.79880301,861,783,0.004288773,10.22715521,20454,9.204439759,3.5133E-05,409.5110474,409.5110474,0.194808811,0.523002625,16.57192612,44.49060059,104,070801030602,F070801030602_217,32
69,583.2284121,4136.467083,425_18_2,2.063239098,1.021707416,152.2344055,152.2344055,78,259.7996216,1731.997437,100,6.973748207,81.29161835,1.001273274,0.286078066,37.87272114,0.004282994,130.9993642,11.79858271,940,855,0.004683142,116.8079999,233616,105.127198,0.000401266,412.0340271,412.0340271,0.178051934,0.481911153,1.448097229,3.919385672,108,070801030302,F070801030302_204,16
70,580.0790443,4135.425913,397_2_1,2.472081423,1.021450162,152.1960754,152.1960754,30,99.89782715,665.9855347,100,8.355635643,97.40000916,1.001021147,0.286006033,26.31142831,0.002975537,131.0002696,9.136484951,620,564,0.003089231,29.94643617,59893,26.95179355,0.000102874,252.0939026,252.0939026,0.269851208,0.446974993,5.646974087,9.353510857,108,070802060602,F070802060602_150,24
71,582.9764404,4133.009571,186_10_2,2.04971981,1.0208534,152.1071625,152.1071625,79,262.9101257,1752.734131,100,6.928052902,80.75895691,1.000436306,0.285838962,199.9999971,0.022617833,140.9173069,12.58307624,5423,4935,0.027030769,320.702884,641406,288.6325954,0.001101698,415.0172729,415.0172729,0.030822121,0.084096715,0.526992321,1.43787384,108,070801030407,F070801030407_150,16
72,578.7934481,4131.820025,523_6_2,2.162815571,1.020559549,152.0633698,152.0633698,55,182.9861603,1219.907715,100,7.310316563,85.2149353,1.000148416,0.285756677,32.11897152,0.003632308,133.1258888,9.794933009,796,724,0.003965608,40.72512993,81451,36.65261727,0.000139901,335.04953,335.04953,0.210032284,0.462775588,4.14877224,9.141217232,108,070802060502,F070802060502_92,16
73,574.8051316,4126.710268,137_4_1,2.127260685,1.019297481,151.8753204,151.8753204,33,109.6560211,731.0401611,100,7.190141201,83.81407166,0.99891156,0.285403281,101.6255845,0.011492753,137.800869,10.11995323,2676,2434,0.013331893,125.2274499,250455,112.7047025,0.000430189,261.5313416,261.5313416,0.06239742,0.107449196,1.347550869,2.320500612,108,070802060602,F070802060602_73,24
74,573.068627,4122.538169,617_4_1,2.138246298,1.018266916,151.7217712,151.7217712,29,96.26667023,641.777832,100,7.227272511,84.24690247,0.997901559,0.285114735,86.22359767,0.009750955,140.9155693,12.60338044,2250,2048,0.011217632,67.98126603,135963,61.1831407,0.000233533,247.9884338,247.9884338,0.074082896,0.121088102,2.479797125,4.053215027,108,070801010604,F070801010604_273,32
75,580.752903,4119.32952,397_7_1,2.106925726,1.017474413,151.6036835,151.6036835,36,119.4106293,796.0708618,100,7.121408939,83.01287079,0.99712491,0.284892827,41.72794887,0.004718979,131.0004222,7.53919425,841,766,0.004195657,44.95017195,89900,40.45515537,0.000154416,271.0143127,271.0143127,0.197916031,0.353804588,3.747450352,6.699129105,108,070802060602,F070802060602_159,24
76,580.7387332,4104.613574,119_13_2,2.12279892,1.013839602,151.0621033,151.0621033,78,257.7991028,1718.660645,100,7.175060272,83.63827515,0.993562818,0.283875078,200.0000011,0.022617833,150.738416,13.37971338,5772,5253,0.02877257,310.3277984,620656,279.2950171,0.001066057,408.8612061,408.8612061,0.028757302,0.077833846,0.540869296,1.463904381,104,070801030406,F070801030406_17,24
77,577.6460182,4100.823653,450_26_1,2.158137321,1.012903452,150.9226074,150.9226074,71,234.4463348,1562.975586,100,7.294504166,85.03060913,0.992645383,0.283612967,27.34920692,0.003092899,131.0008698,11.79868889,679,618,0.003385008,18.83279037,37666,16.94951057,6.46956E-05,385.3689575,385.3689575,0.244211346,0.623574376,8.904245377,22.73628807,108,070801030301,F070801030301_37,16
78,574.4502088,4100.229055,405_4_2,2.111027241,1.012756586,150.9007263,150.9007263,55,181.5870819,1210.580566,100,7.135272026,83.17447662,0.992501438,0.283571839,26.98042786,0.003051194,131.0005493,8.249110977,631,575,0.003149482,24.57965207,49160,22.1216861,8.44375E-05,332.487793,332.487793,0.262436032,0.57823962,6.82139349,15.02994823,108,070802060601,F070802060601_147,16
79,577.0113404,4093.788649,450_1_2,2.327376366,1.011165738,150.6636963,150.6636963,50,164.8197479,1098.79834,100,7.866532326,91.69863129,0.990942419,0.283126414,199.9999987,0.022617833,141.0488993,11.22029124,5035,4583,0.025102739,128.4234499,256846,115.5811037,0.000441168,315.4834595,315.4834595,0.032874469,0.068837762,1.303532243,2.729541779,108,070801030301,F070801030301_245,16
80,578.4276995,4093.004754,481_47_1,2.120936871,1.010972142,150.6348419,150.6348419,53,174.6755981,1164.504028,100,7.168766499,83.56491089,0.990752697,0.283072203,64.86964304,0.007336054,137.7980988,10.46542205,1635,1489,0.008155788,250.4242852,500850,225.3818551,0.000860273,325.3104248,325.3104248,0.101165108,0.218475774,0.668353915,1.443374515,108,070802060603,F070802060603_548,24
81,577.0059861,4081.975618,397_11_1,2.155107021,1.008247972,150.2289429,150.2289429,50,164.3444214,1095.629517,100,7.284261703,84.91121674,0.988083005,0.282309443,30.31258106,0.003428025,130.9997025,8.249070923,730,665,0.003642444,46.70934963,93418,42.03841639,0.000160459,314.5733643,314.5733643,0.22590819,0.473042667,3.573610783,7.482997417,108,070802060602,F070802060602_155,24
82,577.2269853,4075.08598,186_38_1,2.058654785,1.006546259,149.9753876,149.9753876,82,269.0692444,1793.794922,100,6.958253384,81.11100006,0.986415327,0.281832963,40.02863693,0.004526805,137.8009796,12.33966891,1007,916,0.005017261,36.03791814,72076,32.43412593,0.0001238,419.0446167,419.0446167,0.163728595,0.457472295,4.623999596,12.91986752,108,070801030407,F070801030407_318,16
83,579.3051616,4071.894021,696_18_1,1.985519767,1.005757809,149.8579102,149.8579102,32,173.6319427,1157.546265,100,6.711056709,78.22947693,0.985642672,0.281612188,37.53656662,0.004244979,138.0808067,6.738448083,851,775,0.004244954,13.46422955,26928,12.11780643,4.62532E-05,323.4898682,323.4898682,0.193365052,0.417406291,12.36675262,26.6954155,108,070802060601,F070802060601_243,16
84,576.0488198,4071.064289,714_11_2,2.015796423,1.005552888,149.8273773,149.8273773,8,26.22480965,174.8320618,100,6.813391685,79.42237854,0.985441804,0.281554818,76.36258507,0.008635781,130.9970449,11.798419,1894,1723,0.009437491,90.86704503,181734,81.78034019,0.000312152,176.0521851,176.0521851,0.086957268,0.102177702,1.832070827,2.152744532,108,070802060503,F070802060503_249,16
85,574.5774142,4055.709959,406_40_1,2.079140663,1.001760364,149.2622986,149.2622986,76,248.1960907,1654.640625,100,7.027495384,81.91814423,0.981725156,0.280492902,199.9999993,0.022617833,133.2663231,11.15294122,4785,4353,0.023842946,226.6684065,453337,204.001566,0.000778665,397.458374,397.458374,0.034289524,0.091306768,0.731672347,1.948310375,108,070801030603,F070801030603_260,24
86,578.1611825,4055.383445,139_5_2,2.078439474,1.001679659,149.2502747,149.2502747,86,280.8309021,1872.206055,100,7.025125504,81.89051819,0.981646061,0.280470312,30.79728603,0.003482839,131.0032501,11.79885674,764,695,0.003806765,22.37542743,44750,20.13788547,7.68655E-05,430.0811768,430.0811768,0.214748591,0.618821859,7.411417484,21.35681915,108,070801030407,F070801030407_234,24
87,575.5047171,4053.261633,396_15_1,2.031607628,1.001155615,149.1721802,149.1721802,70,228.4631653,1523.087769,100,6.866833687,80.04534149,0.981132507,0.280323565,30.17957992,0.003412984,149.6994095,13.27256155,852,775,0.004244954,20.84723931,41694,18.76251595,7.16157E-05,377.6353455,377.6353455,0.192480236,0.487271428,7.95054245,20.12711716,108,070801030603,F070801030603_20,24
88,569.1302214,4042.534677,520_14_2,2.029219151,0.998506069,148.7774048,148.7774048,44,143.225708,954.8380737,100,6.858760834,79.95123291,0.97853595,0.279581696,34.96718451,0.00395441,139.4978333,8.690674265,935,851,0.004661233,55.63620945,111273,50.07258851,0.000191125,292.0031128,292.0031128,0.174826562,0.343129396,2.97123456,5.831595898,108,070801010301,F070801010301_510,24
89,572.7448085,4038.736249,456_11_2,2.004038095,0.997567832,148.6376038,148.6376038,79,256.9129944,1712.753296,100,6.773648739,78.95909882,0.977616489,0.279318988,97.19586925,0.0109918,130.9999237,11.79862213,2412,2195,0.012022804,78.49357951,156987,70.6442247,0.000269646,405.5505981,405.5505981,0.067716449,0.184761092,2.104030609,5.740746498,108,070801030301,F070801030301_257,16
90,566.5220526,4037.488888,583_4_2,2.148967028,0.997259736,148.5917053,148.5917053,69,224.3229065,1495.486084,100,7.26350832,84.66930389,0.977314532,0.27923274,27.99478441,0.003165907,159.333786,7.656977594,534,487,0.002667474,34.40703444,68813,30.96633139,0.000118197,372.9146118,372.9146118,0.305116445,0.765738428,4.798492432,12.04258251,108,070801010301,F070801010301_127,24
91,571.7628406,4027.047076,139_1_1,2.032790661,0.994680643,148.2074127,148.2074127,86,278.8681946,1859.121338,100,6.870832443,80.09194946,0.974787056,0.278510571,27.58243656,0.003119275,130.9989853,11.79855633,684,623,0.003412395,17.48539162,34971,15.73685208,6.00669E-05,427.0756226,427.0756226,0.237893119,0.685514629,9.417856216,27.13856697,108,070801030407,F070801030407_235,24
92,568.7427096,4016.293896,76_13_1,1.978627563,0.992024601,147.8116608,147.8116608,78,252.2520142,1681.680054,100,6.687761307,77.95792389,0.972184122,0.277766883,23.44367027,0.002651225,130.9995575,11.79859638,582,530,0.002903001,10.73127937,21463,9.658151627,3.68648E-05,400.0636597,400.0636597,0.278889924,0.754837096,15.30434227,41.42238235,104,070801030403,F070801030403_145,24
93,566.3869561,4015.288593,836_74_1,1.901518345,0.991776288,147.7746735,147.7746735,15,48.49785995,323.3190613,100,6.42713213,74.91982269,0.971940756,0.277697355,30.44795322,0.003443334,135.2516327,12.11367607,776,707,0.003872493,124.3916321,248783,111.9524689,0.000427318,196.2725372,196.2725372,0.209016517,0.277613193,1.319976926,1.753177404,108,070802060302,F070802060302_14,24
94,569.4626025,4009.968695,133_8_1,1.990870953,0.990462244,147.5788727,147.5788727,78,251.8547363,1679.031616,100,6.72914362,78.44031525,0.970652997,0.277329415,25.33442113,0.002865049,139.499733,12.46113443,699,636,0.003483601,37.54407824,75088,33.78967118,0.000128974,399.4335938,399.4335938,0.232042253,0.628040254,4.367573738,11.82117462,108,070802060302,F070802060302_197,32
95,568.9654603,4006.895604,450_46_2,2.08881402,0.989703238,147.4657898,147.4657898,70,225.8501282,1505.66748,100,7.060191154,82.29927063,0.969909191,0.277116895,26.70531069,0.003020081,130.9993337,11.79858081,663,603,0.003302848,44.57494378,89150,40.11744938,0.000153127,373.315918,373.315918,0.244553551,0.61909771,3.675851583,9.305574417,108,070801030301,F070801030301_614,16
96,566.4412747,4004.314813,458_51_2,2.02884841,0.989065766,147.3708038,147.3708038,28,90.28192139,601.8794556,100,6.857507706,79.93663025,0.969284475,0.276938409,129.4031732,0.014634097,138.9330963,10.52936782,2687,2445,0.013392144,224.1735406,448348,201.7561895,0.000770095,237.6527252,237.6527252,0.060274359,0.097199477,0.73044008,1.177920341,108,070802060801,F070802060801_93,24
97,569.5449957,4001.240229,163_16_1,2.061839581,0.988306344,147.2576447,147.2576447,82,264.1940308,1761.293579,100,6.969017982,81.23648071,0.968540192,0.276725769,40.98307518,0.004634742,154.3742104,8.338563255,1099,1000,0.00547736,106.6161345,213232,95.954519,0.000366254,411.4516602,411.4516602,0.147257641,0.411451668,1.534660816,4.287986279,108,070801030407,F070801030407_144,16
98,562.0727702,3999.606836,526_16_1,2.010442495,0.98790288,147.197525,147.197525,68,218.9981232,1459.987549,100,6.795295715,79.21143341,0.968144834,0.276612818,68.84141684,0.007785218,134.3988831,10.24463437,1697,1544,0.008457043,149.1843736,298369,134.2659328,0.000512487,366.1956482,366.1956482,0.095335186,0.237173349,1.096313238,2.727390528,108,070801010301,F070801010301_265,24
99,568.3669224,3994.428773,139_4_1,1.991015673,0.986623883,147.006958,147.006958,84,270.1769714,1801.17981,100,6.729632854,78.4460144,0.966891408,0.276254684,96.07075334,0.010864561,133.1238861,11.95602179,2385,2171,0.011891348,80.68987016,161381,72.62088243,0.000277191,417.1839294,417.1839294,0.067713939,0.192162111,2.024307013,5.744682789,108,070801030407,F070801030407_235,24
100,565.7143926,3987.000063,186_39_2,1.993556738,0.984789014,146.7335663,146.7335663,79,253.622345,1690.815674,100,6.738221645,78.54613495,0.965093255,0.275740921,200.0000005,0.022617833,130.9976586,9.668887877,3453,3142,0.017209864,237.1647704,474328,213.448294,0.000814723,400.355896,400.355896,0.04670069,0.127420723,0.687443137,1.875657558,108,070801030407,F070801030407_403,16
101,566.41779,3985.124361,112_1_1,2.017256737,0.984325707,146.6645355,146.6645355,54,173.2805328,1155.203613,100,6.818327904,79.4799118,0.964639187,0.275611192,159.5578709,0.018044267,134.9661072,12.09537678,4083,3716,0.020353868,69.87260199,139745,62.88534117,0.000240031,319.9450684,319.9450684,0.039468389,0.086099319,2.332253218,5.087752819,104,070801030404,F070801030404_82,24
102,566.3516759,3983.814516,583_20_2,2.003304243,0.984002173,146.6163177,146.6163177,81,259.8353577,1732.235718,100,6.771168232,78.93018341,0.96432215,0.275520623,24.61761081,0.002783985,155.3642197,7.471249998,503,458,0.002508631,42.44369221,84887,38.19932413,0.000145805,406.4516602,406.4516602,0.320122957,0.887449026,3.838191509,10.64028454,108,070801010301,F070801010301_466,24
103,563.3015601,3983.810368,516_49_1,2.008657217,0.98400116,146.6161804,146.6161804,78,250.2117767,1668.078491,100,6.789261341,79.14109802,0.964321136,0.275520325,89.22337151,0.010090197,133.8337631,12.01217413,2232,2031,0.011124517,129.4517661,258903,116.5065868,0.000444701,396.8279419,396.8279419,0.07218916,0.195385501,1.258436799,3.406055927,108,070802060603,F070802060603_440,16
104,564.6518692,3980.307809,460_1_1,2.015285969,0.983136058,146.4872742,146.4872742,76,243.5814514,1623.876343,100,6.811666489,79.40226746,0.96347332,0.275278091,112.9702334,0.01277571,135.2495346,12.1135397,2946,2681,0.014684801,122.0170175,244034,109.8153123,0.00041916,390.0687256,390.0687256,0.054639041,0.145493746,1.333942175,3.5520432,108,070801030303,F070801030303_119,8
105,568.5763964,3979.01536,50_7_1,2.01854682,0.982816815,146.4397125,146.4397125,78,249.9102173,1666.068115,100,6.822688103,79.53074646,0.963160455,0.275188714,32.45396739,0.003670192,136.0987579,12.18952465,806,735,0.004025859,57.76588708,115532,51.98929799,0.000198441,396.3499146,396.3499146,0.199237704,0.539251566,2.816728115,7.623682976,104,070801030601,F070801030601_117,32
106,560.1431685,3962.634254,440_4_1,2.043514729,0.978770673,145.8368378,145.8368378,41,130.8223724,872.1491699,100,6.907079697,80.51448059,0.959195256,0.274055779,62.28389103,0.007043633,158.7673111,9.789221565,1812,1649,0.009032166,17.00300757,34005,15.30270682,5.84098E-05,276.6592102,276.6592102,0.088439561,0.167773932,9.530133247,18.07910347,108,070801030303,F070801030303_3,8
107,559.248228,3959.982049,94_23_1,1.961045027,0.978115559,145.739212,145.739212,73,232.7718658,1551.8125,100,6.628332138,77.26517487,0.958553255,0.273872346,32.52346533,0.003678052,131.0015564,8.249158343,803,731,0.00400395,20.71437216,41429,18.64293504,7.11593E-05,378.5110779,378.5110779,0.199369654,0.51779902,7.817396164,20.30319214,104,070801030602,F070801030602_221,32
108,560.9610952,3958.345402,21_3_2,1.990896702,0.97771132,145.6789856,145.6789856,78,248.612442,1657.41626,100,6.729230881,78.44132996,0.958157122,0.273759156,83.87937415,0.009485848,136.666036,12.24026537,2136,1944,0.010647987,131.7989984,263598,118.619101,0.000452764,394.2914429,394.2914429,0.074937753,0.202824816,1.228124142,3.324012995,104,070801030402,F070801030402_146,32
109,560.7004382,3953.984645,493_14_2,2.006176233,0.976634204,145.5184937,145.5184937,78,248.3384705,1655.589844,100,6.780875683,79.04334259,0.957101524,0.273457587,50.20025253,0.005677105,158.1994476,14.05357456,1483,1350,0.007394435,29.36205867,58725,26.42585342,0.000100866,393.8569641,393.8569641,0.107791476,0.291745901,5.506671429,14.90422916,108,070802060501,F070802060501_526,16
110,554.3604242,3931.82348,836_147_1,1.846211553,0.971160412,144.7028961,144.7028961,67,212.1208191,1414.138794,100,6.240195274,72.74073792,0.951737225,0.271924913,199.9999989,0.022617833,140.7147021,12.55583491,5445,4956,0.027145794,307.8343902,615669,277.0509505,0.001057492,356.8237305,356.8237305,0.029197518,0.071998328,0.522297084,1.287935376,108,070802060302,F070802060302_60,32
111,557.4382538,3927.628281,658_40_2,1.965072989,0.970124185,144.5485077,144.5485077,32,101.2031479,674.6876221,100,6.641946793,77.4238739,0.950721681,0.271634758,22.38128804,0.002531081,136.6672668,8.533798019,495,450,0.002464812,18.908035,37816,17.01723169,6.4954E-05,245.7516479,245.7516479,0.321218908,0.546114802,8.494243622,14.4413414,104,070801030401,F070801030401_524,24
112,554.6810545,3922.514165,664_17_2,1.958788872,0.968860984,144.3602905,144.3602905,65,205.3013458,1368.675659,100,6.620706558,77.17628479,0.949483752,0.271281064,87.39299726,0.009883201,,1.149999976,212,193,0.00105713,25.15192475,50304,22.63673265,8.64034E-05,349.6616211,349.6616211,0.747980773,1.811718225,6.377258301,15.44664669,104,070801030402,F070801030402_190,24
113,556.9779982,3921.284471,477_12_1,1.94948709,0.968557239,144.315033,144.315033,28,88.40989685,589.399292,100,6.5892663,76.80979156,0.949186087,0.271196038,200.0000022,0.022617834,135.5331482,11.16604418,5167,4703,0.025760022,262.5813273,525162,236.3231989,0.000902036,232.7249298,232.7249298,0.03068574,0.049484357,0.610668063,0.984773934,108,070802060704,F070802060704_450,32
114,554.42983,3909.890586,550_4_2,2.016594887,0.965742946,143.8957062,143.8957062,70,220.3825073,1469.216675,100,6.816090584,79.45384216,0.946428061,0.270408034,37.58409544,0.004250354,144.5992966,12.9260745,932,848,0.004644801,37.68434544,75369,33.91591013,0.000129456,364.2781982,364.2781982,0.169688329,0.429573357,4.24271965,10.74062824,108,070801010301,F070801010301_231,24
115,551.0374228,3907.777677,845_111_1,1.885778666,0.965221107,143.8179474,143.8179474,10,31.46620178,209.7746735,100,6.373931885,74.29968262,0.945916712,0.270261914,29.24235129,0.003306993,139.5018539,8.690863411,805,733,0.004014905,6.427048679,12854,5.784343716,2.20786E-05,175.2841492,175.2841492,0.196204573,0.239132538,24.86331367,30.30320358,108,070802060302,F070802060803_281,32
116,556.8153866,3902.185371,107_19_2,1.949278951,0.963839769,143.6121216,143.6121216,54,169.6740875,1131.160645,100,6.588562965,76.80158997,0.944562972,0.269875139,98.13649464,0.011098174,148.8508453,13.24113607,2882,2623,0.014367114,43.27391318,86549,38.94652222,0.000148657,313.2861938,313.2861938,0.054751094,0.119438119,3.687418461,8.044009209,104,070801030404,F070801030404_124,24
117,552.9953735,3890.933396,65_1_1,2.002367735,0.961060524,143.1980133,143.1980133,78,244.3782654,1629.188477,100,6.768002987,78.89328766,0.941839337,0.269096941,36.91969764,0.004175218,130.9992065,11.79857159,916,833,0.004562641,69.13552833,138271,62.22197473,0.000237499,387.5762939,387.5762939,0.171906382,0.465277672,2.301405907,6.22892952,104,070801030601,F070801030601_199,32
118,550.7216956,3883.805399,45_4_1,2.005153418,0.959299922,142.9356842,142.9356842,89,278.3309937,1855.539917,100,6.777418613,79.00304413,0.940113902,0.268603981,57.52394485,0.006505335,131.0000763,11.79863294,1427,1299,0.00711509,51.65564896,103311,46.49008488,0.000177451,421.2666626,421.2666626,0.110035166,0.324300736,3.07454133,9.061429977,104,070801030405,F070801030405_246,32
119,552.7751144,3881.317436,118_6_2,1.945632577,0.958685398,142.8441315,142.8441315,63,196.8945923,1312.630615,100,6.576238155,76.65792084,0.939511716,0.268431902,184.6143942,0.020877888,148.3953506,13.19637442,5058,4602,0.025206809,145.5140577,291028,130.9626529,0.000499879,339.7387085,339.7387085,0.031039577,0.073824145,1.09072423,2.594164848,104,070801030406,F070801030406_126,16
120,551.6284876,3874.145144,112_4_1,1.989324212,0.956913829,142.5801544,142.5801544,60,187.172348,1247.815674,100,6.723916054,78.37937164,0.937775552,0.267935872,114.6533604,0.012966053,131.0008179,11.79868526,2845,2588,0.014175407,70.95636749,141914,63.86072993,0.000243754,329.7525024,329.7525024,0.055092797,0.127415955,2.232673407,5.163619518,104,070801030404,F070801030404_92,24
121,546.8662395,3870.31195,34_2_1,1.923458338,0.955967069,142.4390869,142.4390869,79,246.1994629,1641.329712,100,6.501289368,75.78425598,0.936847746,0.26767078,200.0000006,0.022617833,131.1726803,10.44316744,4430,4030,0.022073759,106.0488152,212098,95.44393528,0.000364305,388.6385498,388.6385498,0.035344686,0.096436366,1.492384911,4.071904182,104,070801030403,F070801030403_160,32
122,546.4779463,3857.070632,489_11_2,1.840429902,0.952696443,141.951767,141.951767,78,242.2514191,1615.009521,100,6.220653057,72.51293945,0.933642507,0.266755015,79.58263188,0.008999933,141.5772502,9.755677551,2066,1880,0.010297436,105.1087266,210218,94.59785471,0.000361076,384.203186,384.203186,0.075506262,0.204363391,1.500581264,4.061436653,108,070802060502,F070802060502_443,16
123,547.1276399,3856.977364,25_8_1,1.898776174,0.952673435,141.948349,141.948349,78,242.2458038,1614.972046,100,6.417863369,74.81178284,0.933619976,0.266748548,108.8168316,0.012306005,144.4585876,12.87870955,2906,2645,0.014487616,131.1491678,262298,118.0342519,0.000450532,384.1941528,384.1941528,0.053666674,0.145252988,1.202602983,3.254937887,104,070801030403,F070801030403_293,32
124,545.9818489,3851.477061,405_5_2,1.921457171,0.951314807,141.7459106,141.7459106,33,102.342392,682.2825928,100,6.494525433,75.70541382,0.932288527,0.266368151,107.229216,0.012126463,131.0008138,10.27744435,2581,2348,0.01286084,73.61762998,147235,66.2558668,0.000252896,244.0883026,244.0883026,0.060368787,0.103955835,2.139371395,3.684025526,108,070802060601,F070802060601_266,16
125,545.0212452,3843.374193,549_5_1,1.899607778,0.949313402,141.4476929,141.4476929,86,266.1497498,1774.331665,100,6.420674324,74.84454346,0.930327117,0.265807748,113.5494213,0.012841209,158.7661514,9.789146225,3345,3044,0.016673082,97.60842323,195217,87.84757996,0.00033531,407.5974426,407.5974426,0.046467703,0.133901924,1.610149026,4.639825344,108,070801010301,F070801010301_187,24
126,547.5226927,3838.053213,590_4_1,1.941839576,0.94799912,141.2518616,141.2518616,43,132.8904419,885.9362793,100,6.563417912,76.50847626,0.929039121,0.265439749,50.04639316,0.005659705,158.2001801,7.601823032,1385,1260,0.006901473,70.40398383,140807,63.36358374,0.000241856,274.1423035,274.1423035,0.112104654,0.217573255,2.229227781,4.326496124,108,070802060802,F070802060802_44,24
127,544.5008181,3836.866644,526_16_2,2.010442495,0.947706044,141.2082062,141.2082062,68,210.0874481,1400.583008,100,6.795295715,79.21143341,0.928751945,0.265357703,22.03414726,0.002491823,130.9990692,11.79856205,547,498,0.002727725,54.02649879,108053,48.62385082,0.000185595,351.2956543,351.2956543,0.28355062,0.705412984,2.904093504,7.224760056,108,070801010301,F070801010301_265,24
128,542.3513701,3827.293067,481_17_1,1.783225656,0.945341408,140.8558655,140.8558655,48,147.9267426,986.1782837,100,6.027302742,70.25909424,0.926434577,0.264695585,199.999999,0.022617833,140.9722107,10.67188507,4521,4116,0.022544812,618.921276,1237841,557.0291476,0.002126157,288.7825928,288.7825928,0.034221541,0.070160978,0.252869815,0.518433511,108,070802060603,F070802060603_548,24
129,541.0148022,3818.174955,84_25_2,1.887245059,0.943089187,140.5202942,140.5202942,45,138.3511505,922.3410034,100,6.37888813,74.35745239,0.924227417,0.264064968,97.7638182,0.011056029,147.9992485,10.74331558,2694,2453,0.013435963,176.9831538,353965,159.2848396,0.000607983,278.87146,278.87146,0.057285078,0.113685876,0.882195055,1.750772119,104,070801030406,F070801030406_565,24
130,541.6590202,3815.959497,723_32_1,1.912267804,0.942542017,140.4387665,140.4387665,25,76.81717682,512.114502,100,6.463465214,75.34335327,0.923691154,0.263911754,20.34497392,0.002300796,142.3343811,6.901379287,515,469,0.002568882,16.36836433,32737,14.73152828,5.62296E-05,217.2559509,217.2559509,0.299443007,0.463232309,9.533210754,14.74768543,108,070801010405,F070801010405_92,32
131,538.1315184,3810.822418,850_37_1,1.866095901,0.941273153,140.2496948,140.2496948,78,239.3469391,1595.64624,100,6.307404041,73.52417755,0.922447681,0.26355648,21.40248919,0.00242039,140.4449819,12.50328223,563,513,0.002809885,32.50182295,65004,29.25164032,0.000111652,379.5966187,379.5966187,0.273391217,0.739954412,4.794592381,12.97693443,104,070801030403,F070801030403_134,24
132,542.059088,3799.03846,526_3_1,1.950722456,0.938362479,139.8160095,139.8160095,44,134.5987244,897.3248291,100,6.593441963,76.8584671,0.919595242,0.262741506,20.82365236,0.002354929,131.0018234,8.24917074,426,387,0.002119738,26.29165304,52583,23.66248733,9.03187E-05,274.4147339,274.4147339,0.361281693,0.709082007,5.908761978,11.59703636,108,070801010301,F070801010301_264,24
133,538.8038191,3791.154964,481_65_1,1.8636204,0.936415255,139.5258789,139.5258789,92,280.8487549,1872.325073,100,6.29903698,73.42664337,0.917686939,0.262196273,20.69814634,0.002340736,131.0008926,11.79869032,513,467,0.002557927,23.5542208,47108,21.19879842,8.09149E-05,420.3746338,420.3746338,0.298770607,0.900159836,6.581782341,19.83011627,108,070802060603,F070802060603_200,24
134,539.2653729,3788.49655,507_5_1,1.887079954,0.93575865,139.4280396,139.4280396,84,256.2481384,1708.320923,100,6.378330231,74.35095215,0.917043447,0.262012422,37.3343811,0.004222114,131.0007324,11.79867935,926,843,0.004617414,52.3788427,104757,47.14095788,0.000179935,395.676178,395.676178,0.165395066,0.469366759,2.957683563,8.393468857,108,070802060501,F070802060501_1,16
135,535.4464754,3787.380239,668_16_1,1.872853994,0.935482919,139.3869476,139.3869476,55,167.7320862,1118.213867,100,6.330246449,73.79045105,0.91677326,0.261935204,181.8711768,0.02056766,131.0013123,9.136540025,4498,4094,0.02242431,47.95290208,95905,43.15761149,0.000164731,307.1190186,307.1190186,0.034046642,0.075016856,3.229718685,7.116219044,104,070801030404,F070801030404_199,24
136,537.643071,3784.774848,430_2_2,1.874831557,0.934839368,139.2910614,139.2910614,70,213.3301697,1422.201172,100,6.336930752,73.86836243,0.916142583,0.261755019,130.9727575,0.0148116,137.6118342,12.33522622,3380,3076,0.016848358,105.9972676,211995,95.39754041,0.000364128,352.6212158,352.6212158,0.04528318,0.114636287,1.460111618,3.696334362,108,070801030302,F070801030302_1,16
137,545.3225871,3784.754943,50_7_2,2.01854682,0.93483448,139.2903442,139.2903442,78,237.7096558,1584.731079,100,6.822688103,79.53074646,0.916137815,0.261753649,22.16767091,0.002506923,130.9995461,11.79859567,550,500,0.00273868,26.16232236,52325,23.54609041,8.98744E-05,377,377,0.278580695,0.754000008,5.915646553,16.01115036,104,070801030601,F070801030601_117,32
138,536.8968155,3784.375312,658_40_1,1.965072989,0.934740722,139.2763672,139.2763672,37,112.7484283,751.656189,100,6.641946793,77.4238739,0.916045904,0.261727393,47.30296577,0.005349453,134.7779846,7.709996176,584,532,0.002913955,15.28855201,30577,13.75969673,5.25202E-05,252.0247955,252.0247955,0.261797696,0.473730832,10.12205219,18.31615829,104,070801030401,F070801030401_524,24
139,535.7511573,3782.623993,537_18_1,1.8923136,0.934308112,139.2119141,139.2119141,83,252.8044891,1685.363281,100,6.396019936,74.55715942,0.915621936,0.261606276,175.4378586,0.019840121,136.3109436,12.20850468,4470,4068,0.022281899,153.2135139,306428,137.8921654,0.000526329,392.0164185,392.0164185,0.034221217,0.096365884,1.009570837,2.842920065,108,070801010302,F070801010302_2,32
140,533.5435514,3770.645597,37_4_1,1.862660885,0.931349456,138.7710724,138.7710724,83,252.0045319,1680.030273,100,6.29579401,73.38883972,0.912722468,0.260777861,40.78983891,0.004612889,140.4458313,12.58717505,1031,938,0.005137763,30.94175005,61883,27.84757562,0.000106293,390.7756042,390.7756042,0.147943571,0.416605115,4.983237267,14.03266144,104,070801030403,F070801030403_101,32
141,533.2891161,3770.249479,45_24_2,1.934232593,0.931251645,138.7565002,138.7565002,78,236.7980347,1578.653564,100,6.537706375,76.20876312,0.912626624,0.260750473,87.18493135,0.009859671,131.0004476,11.79865901,2162,1968,0.010779444,108.1253236,216252,97.31278757,0.000371439,375.5545349,375.5545349,0.070506349,0.190830559,1.425881505,3.859251738,104,070801030405,F070801030405_247,32
142,533.8304197,3767.20313,119_4_2,1.844291329,0.930499196,138.6443787,138.6443787,78,236.6070404,1577.380249,100,6.233704567,72.66507721,0.911889195,0.26053977,43.9384613,0.004968964,149.4172668,13.29626179,1258,1145,0.006271577,62.6156832,125231,56.35411543,0.000215101,375.2514038,375.2514038,0.121086791,0.327730477,2.460235119,6.658811092,104,070801030406,F070801030406_17,24
143,537.7831786,3766.329726,72_3_1,1.932132244,0.930283427,138.6122284,138.6122284,65,197.1266937,1314.177979,100,6.530607224,76.12600708,0.911677778,0.260479361,199.9999999,0.022617833,136.6674442,11.02314492,5025,4573,0.025047965,56.610748,113220,50.94967351,0.000194473,335.7389221,335.7389221,0.030311005,0.073417649,2.720571518,6.589618683,104,070801030405,F070801030405_651,24
144,535.1675843,3765.427808,28_4_1,1.908854008,0.930060685,138.5790405,138.5790405,80,242.5596924,1617.064575,100,6.451926708,75.20884705,0.911459446,0.260416985,84.89330971,0.009600514,137.9976603,12.3904678,2291,2084,0.011414817,83.56893939,167137,75.21204643,0.000287081,381.1387329,381.1387329,0.066496663,0.182888061,1.842511177,5.067522526,104,070801030402,F070801030402_163,32
145,533.8969585,3764.376878,460_6_1,1.918085098,0.929801106,138.5403595,138.5403595,70,212.1806183,1414.537476,100,6.483127594,75.57255554,0.911205113,0.260344297,163.6648234,0.018508718,133.8327503,12.01209199,4138,3765,0.020622259,211.0369541,422073,189.9332524,0.000724967,350.7209778,350.7209778,0.036796909,0.093152985,0.729416013,1.846548557,108,070801030303,F070801030303_48,8
146,537.4271558,3757.541846,699_58_2,1.981066585,0.928112864,138.2888184,138.2888184,54,163.3848572,1089.232422,100,6.696004868,78.05402374,0.909550607,0.259871602,51.88086898,0.005867164,136.6655782,7.804140997,1350,1228,0.006726198,20.59998119,41199,18.53998291,7.07663E-05,301.6736755,301.6736755,0.112613045,0.2456626,7.45895052,16.27151871,108,070802060406,F070802060406_107,32
147,532.1962742,3753.365127,461_2_1,2.022926807,0.927081168,138.1351013,138.1351013,45,136.0027161,906.6847534,100,6.837492466,79.70331573,0.908539534,0.259582728,199.999999,0.022617833,130.9989878,9.862455086,4298,3910,0.021416476,231.063882,462129,207.9574945,0.000793765,274.1378174,274.1378174,0.035328671,0.070111975,0.664246798,1.318239689,108,070801030303,F070801030303_155,8
148,532.481203,3745.673567,507_3_1,1.888272047,0.925181389,137.8520203,137.8520203,84,253.3516693,1689.011108,100,6.382359505,74.3979187,0.906677783,0.259050786,47.42445533,0.005363192,131.0005569,11.79866695,1176,1070,0.005860775,68.72254955,137444,61.85029491,0.00023608,391.2036743,391.2036743,0.128833666,0.365610898,2.22880125,6.325008869,108,070802060501,F070802060501_1,16
149,530.3775909,3742.715082,28_4_2,1.908854008,0.924450636,137.7431488,137.7431488,80,241.0967255,1607.311523,100,6.451926708,75.20884705,0.905961633,0.258846164,200.000001,0.022617833,135.2495626,12.12442366,5107,4647,0.02545329,77.32677036,154653,69.59409317,0.000265638,378.8398743,378.8398743,0.029641306,0.081523538,1.979236245,5.443563461,104,070801030402,F070801030402_162,32
150,532.1088846,3742.220757,538_1_2,1.836675644,0.924328506,137.7249451,137.7249451,36,101.0326843,673.5512085,100,6.207963467,72.36502075,0.905841947,0.25881198,37.49429833,0.004240199,140.086881,9.786553711,997,907,0.004967965,13.84305362,27686,12.45874838,4.75545E-05,238.7576294,238.7576294,0.151846692,0.263238847,11.05447674,19.16385269,108,070802060603,F070802060603_37,24
151,517.0419944,3740.747283,138_24_1,2.114313126,0.92396456,137.6707153,137.6707153,29,87.35155487,582.343689,100,7.146378517,83.30393982,0.905485272,0.258710086,90.54607117,0.01023978,131.0008621,10.27744707,2125,1934,0.010593213,20.88863295,41778,18.79976994,7.17579E-05,225.0222778,225.0222778,0.071184441,0.11635071,7.322999954,11.96941662,108,070802060602,F070802060602_72,24
152,530.3785772,3732.691905,545_9_2,1.871787906,0.921974897,137.3742523,137.3742523,70,210.3945007,1402.630005,100,6.32664299,73.7484436,0.903535426,0.258152962,69.34724191,0.007842422,158.7679596,14.10889482,2066,1880,0.010297436,53.16991369,106340,47.85292308,0.000182653,347.7687378,347.7687378,0.073071413,0.184983373,2.870759964,7.267450333,108,070801010301,F070801010301_127,24
153,530.2925073,3732.625185,467_1_1,1.89188695,0.921958447,137.3718109,137.3718109,39,117.2176514,781.4509888,100,6.39457798,74.54034424,0.903519273,0.258148372,76.03361201,0.008598578,149.4189835,9.258464932,2171,1976,0.010823262,80.46705109,160934,72.42034566,0.000276425,254.5894623,254.5894623,0.069520146,0.128840819,1.896867633,3.515441179,108,070801030301,F070801030301_90,16
154,533.2518702,3730.147213,668_17_2,1.925781488,0.921346366,137.2806091,137.2806091,83,249.2973633,1661.982422,100,6.509141445,75.87579346,0.902919412,0.257976979,78.02424622,0.008823697,131.0014496,11.7987299,1936,1762,0.009651108,27.13029668,54261,24.41726643,9.31997E-05,386.5779724,386.5779724,0.077911809,0.219397262,5.622275829,15.83215618,104,070801030404,F070801030404_50,24
155,533.0029626,3729.847488,484_6_2,1.875293493,0.921272337,137.269577,137.269577,86,258.2874756,1721.916504,100,6.338491917,73.88656616,0.902846873,0.257956266,31.60251474,0.003573902,136.6667404,12.22566414,833,758,0.004151839,30.3729335,60747,27.3356404,0.000104339,395.5570679,395.5570679,0.181094423,0.521843076,5.021633625,14.47037888,108,070801030301,F070801030301_492,16
156,529.0980389,3725.377367,430_11_2,1.876836538,0.920168221,137.105072,137.105072,70,209.9823914,1399.882568,100,6.343707561,73.94735718,0.90176487,0.257647097,56.70003346,0.00641216,145.507431,12.98775082,1621,1474,0.008073628,50.21474904,100429,45.19327386,0.000172501,347.0874634,347.0874634,0.093015656,0.235473171,3.03374958,7.68006897,108,070801030302,F070801030302_137,16
157,530.063206,3721.44507,441_5_1,1.837171555,0.919196904,136.9603424,136.9603424,78,233.7329407,1558.219604,100,6.209640026,72.38455963,0.900812984,0.257375121,199.999999,0.022617833,137.4577606,12.03959106,5083,4626,0.025338265,271.4723834,542942,244.3251444,0.000932579,370.6932983,370.6932983,0.029606646,0.080132574,0.560565889,1.517213106,108,070801030303,F070801030303_681,8
158,527.3302029,3720.93348,507_18_2,1.864180326,0.919070542,136.9415131,136.9415131,84,251.6781311,1677.854248,100,6.300929546,73.44870758,0.900689125,0.257339746,133.6168152,0.015110614,135.2512283,12.12998033,3316,3018,0.016530671,122.2281659,244457,110.005347,0.000419886,388.6196289,388.6196289,0.045374922,0.128767267,1.244862318,3.532733917,108,070802060501,F070802060501_2,16
159,527.1619241,3718.873967,589_5_2,1.834853411,0.918561876,136.8657227,136.8657227,69,206.6213074,1377.475342,100,6.201804638,72.29322815,0.900190651,0.25719732,27.75370598,0.003138643,131.0005035,11.79866314,689,627,0.003434304,7.177245617,14354,6.459521294,2.46557E-05,343.48703,343.48703,0.218286633,0.547826231,21.18821526,53.17530823,108,070802060802,F070802060802_239,24
160,528.8715529,3714.649674,450_28_2,1.792439699,0.917518497,136.7102509,136.7102509,50,149.5553589,997.0357056,100,6.058446407,70.62212372,0.899168134,0.256905168,36.28235483,0.004103141,142.3346151,9.156672915,958,872,0.004776258,26.09601641,52192,23.48641467,8.96466E-05,286.265625,286.265625,0.156777814,0.32828626,5.820822716,12.18856239,108,070801030301,F070801030301_245,16
161,526.72921,3711.765846,550_17_2,1.81503582,0.916806161,136.6041107,136.6041107,31,92.65242767,617.6828613,100,6.134820938,71.51241302,0.898470044,0.256705731,200.0000021,0.022617833,134.3975,11.42342345,4909,4468,0.024472842,257.3362905,514672,231.6026617,0.000884017,229.2565308,229.2565308,0.030573884,0.051310774,0.589820981,0.989870012,108,070801010301,F070801010301_341,24
162,527.0937775,3710.804676,25_4_2,1.81961453,0.916568756,136.5687408,136.5687408,28,83.66431427,557.762085,100,6.150297165,71.69281006,0.898237407,0.256639242,199.9999979,0.022617833,130.9982758,10.02375497,4893,4453,0.024390682,63.46102189,126921,57.11491987,0.000218005,220.2330627,220.2330627,0.030668929,0.049457233,2.391122103,3.855963707,104,070801030403,F070801030403_78,32
163,526.3930972,3707.064054,396_12_1,1.825674534,0.915644825,136.431076,136.431076,70,208.9498901,1392.999268,100,6.170779705,71.93157959,0.897331953,0.256380558,44.87150044,0.005074481,133.1263504,9.794959712,928,845,0.004628369,41.06805286,82136,36.96124692,0.00014108,345.3809814,345.3809814,0.161456898,0.408734888,3.691192389,9.344408035,108,070801030603,F070801030603_38,24
164,527.0850412,3706.09964,163_9_2,1.845320106,0.915406585,136.3955841,136.3955841,77,229.7853546,1531.902344,100,6.23718214,72.70561218,0.897098482,0.256313831,199.9999997,0.022617833,137.3945988,8.960998118,3793,3452,0.018907845,314.6967271,629393,283.2270528,0.001081066,366.1809387,366.1809387,0.039512046,0.106077909,0.48157683,1.292888284,108,070801030407,F070801030407_66,16
165,527.3804465,3702.388727,448_7_1,1.865747809,0.914490044,136.2590179,136.2590179,86,256.3860168,1709.240112,100,6.306227684,73.5104599,0.89620024,0.256057203,56.48261598,0.006387572,134.4000305,12.06364079,1453,1322,0.007241069,76.2681072,152535,68.64129687,0.000262001,392.6450195,392.6450195,0.103070363,0.297008336,1.985087991,5.720244884,108,070801030303,F070801030303_146,8
166,527.6378016,3699.914924,711_2_1,1.817894101,0.913878977,136.1679688,136.1679688,79,235.360199,1569.067993,100,6.144482136,71.62503052,0.895601392,0.255886108,200.000005,0.022617834,141.48482,10.97792304,4935,4492,0.024604299,137.9983362,275996,124.1985023,0.00047406,371.5281677,371.5281677,0.03031344,0.082708851,1.096373677,2.991406202,108,070802060501,F070802060501_69,16
167,523.2762827,3699.323937,797_108_1,1.829999089,0.913733006,136.146225,136.146225,5,14.89384842,99.29232025,100,6.185397148,72.10196686,0.895458341,0.255845249,200.0000007,0.022617833,134.3114736,9.34076795,3839,3494,0.019137894,231.8781255,463756,208.690313,0.000796562,151.0400696,151.0400696,0.038965721,0.04322841,0.652384043,0.723752201,108,070802060803,F070802060803_262,32
168,528.7958804,3699.227706,48_1_1,1.881648302,0.913709223,136.1426697,136.1426697,78,232.3377991,1548.918701,100,6.359971046,74.13694,0.895435035,0.255838573,20.24814415,0.002289846,143.7492905,12.776052,546,497,0.002722248,19.41414481,38829,17.47272986,6.66927E-05,368.4804688,368.4804688,0.27392891,0.741409421,7.791722775,21.08889008,104,070801030601,F070801030601_376,32
169,525.721028,3699.024054,489_16_2,1.861981869,0.913658917,136.1351776,136.1351776,78,232.3248901,1548.832642,100,6.293498516,73.36208344,0.895385742,0.255824506,200.0000038,0.022617834,137.7052078,10.72120767,4262,3878,0.0212412,106.5560316,213112,95.90042612,0.000366048,368.460083,368.460083,0.03510448,0.095012918,1.4195472,3.842111111,108,070802060502,F070802060502_501,16
170,519.97468,3696.230596,549_1_1,1.915507555,0.912968934,136.0323639,136.0323639,68,202.3868561,1349.245728,100,6.474415302,75.47100067,0.894709527,0.255631298,200.0000002,0.022617833,134.570369,12.0871439,5100,4640,0.025414948,308.6586168,617316,277.7927563,0.001060323,338.41922,338.41922,0.029317319,0.072935179,0.489690095,1.21824348,108,070801010301,F070801010301_260,24
171,523.58773,3692.185136,496_19_2,1.854902864,0.911969721,135.8834839,135.8834839,86,255.6798248,1704.532227,100,6.269571781,73.08317566,0.893730342,0.255351514,85.88962066,0.009713186,142.3337021,12.67470241,2349,2137,0.011705117,89.76887345,179538,80.79198819,0.00030838,391.5632935,391.5632935,0.063586093,0.18323037,1.68189311,4.846560955,108,070802060502,F070802060502_405,16
172,528.8890546,3690.528246,10_7_1,1.93548286,0.911560476,135.8225098,135.8225098,70,208.0179138,1386.786133,100,6.541932106,76.25802612,0.893329263,0.255236924,35.6759197,0.00403456,134.773941,7.709830427,906,824,0.004513344,12.66994475,25340,11.40295049,4.35246E-05,343.8404236,343.8404236,0.164833143,0.417282075,11.91117287,30.15363693,104,070801030401,F070801030401_67,32
173,528.1420088,3688.640667,48_5_1,1.907295465,0.911094248,135.7530365,135.7530365,78,231.6726379,1544.484253,100,6.446658611,75.14743805,0.892872334,0.25510639,33.32798719,0.003769034,143.7492905,8.900701324,742,676,0.003702695,25.52783507,51056,22.9750523,8.76948E-05,367.4256592,367.4256592,0.200818107,0.543529093,5.908715248,15.99237537,104,070801030601,F070801030601_376,32
174,527.5897572,3664.869581,515_12_2,1.887310982,0.905222774,134.8781891,134.8781891,92,271.4944153,1809.962769,100,6.37911129,74.36005402,0.88711834,0.253462374,72.38720611,0.008186209,132.4155324,11.90353219,1802,1640,0.00898287,116.8944006,233788,105.2049613,0.000401563,406.3726196,406.3726196,0.082242802,0.247788176,1.282051563,3.862675428,108,070802060603,F070802060603_272,24
175,521.8718714,3664.701204,458_83_1,1.778946161,0.90518117,134.871994,134.871994,31,91.47760773,609.850708,100,6.012837887,70.09047699,0.88707757,0.253450722,151.0163417,0.017078312,138.0840632,10.73669221,3567,3246,0.017779509,247.5398273,495081,222.7858438,0.000850364,226.3496094,226.3496094,0.041550215,0.069731854,0.605388522,1.015996337,108,070802060801,F070802060801_206,24
176,521.1447054,3664.194731,93_13_1,1.794260263,0.905056119,134.853363,134.853363,43,126.8732834,845.8218994,100,6.064599514,70.69385529,0.886955023,0.253415704,37.98903083,0.004296148,131.0010414,8.249133865,909,827,0.004529776,30.4484019,60897,27.40356199,0.000104598,261.7266541,261.7266541,0.163063318,0.316477209,4.921015739,9.550826073,108,070801030406,F070801030406_391,24
177,515.138142,3656.801774,95_18_1,1.923915029,0.903230011,134.5812683,134.5812683,55,161.9489136,1079.659424,100,6.50283289,75.80225372,0.885165393,0.252904415,25.04335129,0.002832132,136.6700134,8.5339487,640,582,0.003187823,9.141639829,18284,8.227475882,3.14039E-05,296.5301819,296.5301819,0.231239289,0.509502053,16.35754013,36.04145432,104,070801030602,F070801030602_496,32
178,518.2704786,3641.556747,467_1_2,1.89188695,0.899464488,134.0202026,134.0202026,38,111.4255066,742.836731,100,6.39457798,74.54034424,0.88147521,0.251850069,82.51815733,0.00933191,136.0993576,8.519537886,2158,1964,0.010757534,90.33784223,180674,81.30405857,0.000310334,245.4457092,245.4457092,0.068238392,0.124972358,1.648382664,3.018861771,108,070801030301,F070801030301_91,16
179,514.586979,3634.516275,792_11_1,1.766923428,0.897725523,133.7611084,133.7611084,55,160.9621887,1073.081299,100,5.972201347,69.61678314,0.879770994,0.251363158,36.71492203,0.00415206,149.4167862,9.247482419,963,876,0.004798167,11.32555892,22651,10.19300341,3.89063E-05,294.7232971,294.7232971,0.152695328,0.336442113,13.12283516,28.91427422,108,070802060603,F070802060603_36,24
180,517.9229614,3634.211993,410_6_2,1.872276187,0.897650361,133.7499084,133.7499084,86,251.6650085,1677.766724,100,6.328293324,73.76768494,0.879697382,0.251342088,26.13618875,0.00295572,140.4450022,12.52504444,702,639,0.003500033,17.81323123,35626,16.0319083,6.11931E-05,385.414917,385.414917,0.209311277,0.603153229,8.342731476,24.0404892,108,070802060602,F070802060602_218,16
181,516.6767231,3634.010985,96_7_2,1.818282485,0.89760071,133.7425079,133.7425079,74,216.5370026,1443.580078,100,6.145794868,71.64032745,0.879648685,0.2513282,99.83278275,0.011290006,130.9994202,11.79858685,2477,2254,0.012345968,61.06237727,122125,54.95613838,0.000209765,350.2795105,350.2795105,0.05933563,0.15540351,2.433622837,6.373801231,104,070801030406,F070801030406_474,24
182,511.2937733,3632.204305,163_10_1,1.877732158,0.89715445,133.6760101,133.6760101,80,233.9772339,1559.848267,100,6.346734524,73.98265076,0.879211366,0.251203239,38.93115997,0.004402692,159.3324051,14.16382027,1160,1056,0.005784092,86.37278175,172746,77.73550224,0.000296713,367.6532593,367.6532593,0.126587138,0.348156482,1.719626307,4.729541302,108,070801030407,F070801030407_144,16
183,516.9950278,3624.477416,76_12_2,1.808171391,0.89524591,133.3916473,133.3916473,78,227.6431274,1517.62085,100,6.111619473,71.24195099,0.877340972,0.250668854,200,0.022617833,132.888298,11.94092957,4975,4527,0.024796007,90.79689538,181594,81.71720529,0.000311911,361.03479,361.03479,0.029465793,0.079751447,1.632357001,4.41809988,104,070801030403,F070801030403_361,24
184,516.95738,3622.769755,495_8_2,1.854361057,0.894824147,133.3287964,133.3287964,86,250.872345,1672.4823,100,6.26774025,73.06182861,0.876927674,0.250550747,28.51763725,0.003225036,142.3364716,12.65292645,759,691,0.003784855,14.64661407,29293,13.18195248,5.0315E-05,384.2011414,384.2011414,0.192950502,0.556007445,10.11449528,29.14599609,108,070802060501,F070802060501_468,16
185,516.9566601,3620.643828,489_16_1,1.861981869,0.89429903,133.2505493,133.2505493,78,227.4023743,1516.015869,100,6.293498516,73.36208344,0.876413047,0.250403732,35.25794029,0.003987291,139.4989929,12.46106195,927,844,0.004622891,41.69894755,83399,37.52905178,0.000143247,360.6529236,360.6529236,0.1578798,0.427313894,3.550597191,9.609966278,108,070802060502,F070802060502_502,16
186,513.3974303,3613.523242,617_9_1,1.919829845,0.892540216,132.9884949,132.9884949,68,197.8577423,1319.051636,100,6.489025116,75.64129639,0.8746894,0.249911264,90.52184806,0.01023704,144.5992065,12.91549492,2572,2341,0.012822499,93.87950291,187758,84.491553,0.000322501,330.8462524,330.8462524,0.056808412,0.141326889,1.573985696,3.915731668,108,070801010604,F070801010604_219,32
187,515.7178346,3611.623872,125_4_1,1.882605195,0.892071068,132.9185944,132.9185944,32,93.06085205,620.4057007,100,6.363205433,74.17464447,0.87422967,0.249779895,65.61439866,0.007420278,130.9990082,9.136418194,1133,1032,0.005652635,20.05434301,40108,18.04890895,6.88919E-05,225.9794464,225.9794464,0.128797084,0.218972325,7.364356041,12.52039337,104,070801030409,F070801030409_405,16
188,514.51547,3610.814984,46_2_1,1.884458184,0.891871274,132.8888245,132.8888245,51,148.2823944,988.5493164,100,6.369468689,74.24765015,0.874033868,0.249723956,38.82077408,0.004390209,130.9979706,11.7984848,963,876,0.004798167,15.21581745,30432,13.6942358,5.22703E-05,281.1712036,281.1712036,0.151699573,0.320971698,9.703996658,20.53208351,104,070801030405,F070801030405_238,32
189,514.3564272,3610.456448,723_88_1,1.833721042,0.891782761,132.8756256,132.8756256,77,223.8552704,1492.368408,100,6.197977066,72.24861145,0.873947084,0.249699175,46.76118243,0.005288183,130.9994354,11.7985878,1160,1056,0.005784092,33.90281813,67805,30.51253557,0.000116465,356.730896,356.730896,0.12582919,0.337813348,4.354787827,11.6912899,108,070801010405,F070801010405_28,32
190,515.0095337,3607.243894,65_4_1,1.83258307,0.890989244,132.7574005,132.7574005,78,226.5605774,1510.403809,100,6.194130898,72.2037735,0.873169482,0.249476984,105.9576687,0.011982664,135.2513695,12.12998819,2632,2395,0.013118276,58.14263731,116286,52.32837243,0.000199735,359.3179932,359.3179932,0.055431064,0.150028393,2.53700614,6.866600037,104,070801030601,F070801030601_490,32
191,514.7649946,3606.283501,723_76_1,1.75233686,0.890752017,132.7220459,132.7220459,77,223.5965271,1490.643555,100,5.922898769,69.04206848,0.872936964,0.24941057,200,0.022617833,137.7992249,12.32859688,5057,4601,0.025201331,184.5265532,369053,166.0738931,0.000633897,356.318573,356.318573,0.028846348,0.077443726,0.799174666,2.145542383,108,070801010405,F070801010405_28,32
192,516.5033385,3604.775759,64_8_1,1.907525778,0.890379608,132.6665649,132.6665649,78,226.4054871,1509.369873,100,6.447437286,75.15651703,0.872572005,0.249306291,200.0000001,0.022617833,134.8638756,12.09682534,5109,4650,0.025469722,251.1678691,502337,226.0510857,0.000862827,359.072052,359.072052,0.028530445,0.077219799,0.586887538,1.588455319,104,070801030601,F070801030601_255,32
193,511.89405,3604.710579,88_5_2,1.792967439,0.890363514,132.6641693,132.6641693,78,226.401535,1509.343506,100,6.060229778,70.64291382,0.872556269,0.249301791,125.7020321,0.014215538,134.4016449,12.0507082,3170,2886,0.01580766,65.89092189,131782,59.30182827,0.000226353,359.0657043,359.0657043,0.045968182,0.124416389,2.23710084,6.054884434,104,070801030405,F070801030405_176,24
194,513.1715044,3602.683741,430_5_2,1.796564698,0.889862895,132.5895691,132.5895691,70,203.0667114,1353.778076,100,6.072388649,70.78465271,0.872065663,0.249161616,44.37651147,0.005018503,137.8022537,12.36254215,1248,1136,0.00622228,35.7334701,71466,32.16012285,0.000122754,335.6562805,335.6562805,0.116716169,0.295472085,4.122794151,10.43703365,108,070801030302,F070801030302_143,16
195,509.9077142,3599.247891,836_16_1,1.752577901,0.889014244,132.4631195,132.4631195,41,118.8256302,792.1708984,100,5.923713207,69.05156708,0.87123394,0.248923987,125.9629757,0.014245048,136.6669362,10.65600114,2756,2509,0.013742695,348.0633708,696125,313.257034,0.001195689,251.2887573,251.2887573,0.052795187,0.100154944,0.422857612,0.802180707,108,070802060302,F070802060302_9,32
196,513.0268389,3598.437842,396_24_1,1.79141736,0.888814151,132.4333038,132.4333038,77,223.1100922,1487.400635,100,6.054990768,70.58184052,0.871037841,0.248867959,186.594845,0.021101855,133.9159197,10.6705126,4563,4152,0.022741997,213.7189114,427438,192.3470192,0.00073418,355.543396,355.543396,0.031896267,0.08563184,0.688512385,1.84844768,108,070801030603,F070801030603_42,24
197,513.1904868,3595.875077,434_38_1,1.786478996,0.88818115,132.3389893,132.3389893,25,72.38668823,482.5779114,100,6.038299084,70.3872757,0.870417535,0.248690724,42.5200303,0.004808555,149.7009315,10.89555595,1052,958,0.00524731,48.15850669,96317,43.34265685,0.000165437,204.7256775,204.7256775,0.138140902,0.213701129,3.053319693,4.723422527,108,070801030303,F070801030303_362,8
198,510.6962728,3595.486009,76_3_1,1.749109745,0.888085067,132.3246765,132.3246765,78,225.8219147,1505.479492,100,5.911991119,68.91492462,0.87032336,0.248663813,36.47029305,0.004124395,135.2493515,12.11352682,931,847,0.004639324,119.5809675,239162,107.6228721,0.000410792,358.1466064,358.1466064,0.156227484,0.42284134,1.229521871,3.327792645,104,070801030403,F070801030403_140,24
199,509.3386241,3595.309814,540_19_1,1.891425848,0.888041496,132.3181763,132.3181763,54,156.330719,1042.204834,100,6.393019199,74.52217865,0.870280683,0.248651624,24.69413242,0.002792639,130.9988861,8.249032776,605,551,0.003018025,27.92680716,55853,25.13412718,9.59359E-05,288.6488953,288.6488953,0.240141883,0.523863673,5.264482498,11.48434162,108,070802060503,F070802060503_168,24
200,514.6149589,3593.148077,49_4_1,1.834992766,0.887507558,132.2386322,132.2386322,78,225.6752777,1504.501831,100,6.202275753,72.29871368,0.869757414,0.24850212,47.83658504,0.0054098,143.7513046,12.77621698,1304,1187,0.006501626,45.71724302,91434,41.14551929,0.000157051,357.9139099,357.9139099,0.111405753,0.301528156,3.213925362,8.69873333,104,070801030601,F070801030601_28,32
201,513.7898715,3590.897866,45_22_1,1.871809006,0.886951745,132.1558075,132.1558075,78,225.5340881,1503.560547,100,6.326714516,73.74927521,0.869212687,0.248346493,200.0000003,0.022617833,139.71723,12.49771111,5153,4689,0.025683339,151.7536693,303507,136.5783008,0.000521314,357.6898804,357.6898804,0.02818422,0.076282762,0.967619359,2.6189363,104,070801030405,F070801030405_250,32
202,510.4712154,3590.841403,475_6_2,1.881011486,0.886937797,132.1537323,132.1537323,29,83.85109711,559.0073242,100,6.357818604,74.11185455,0.869199038,0.248342589,22.51763809,0.002546501,131.0026855,6.474408329,522,475,0.002601746,4.024414063,8049,3.621972561,1.38249E-05,216.0048218,216.0048218,0.278218389,0.454746991,36.48667526,59.63734436,108,070801030301,F070801030301_393,16
203,499.9306935,3589.830055,516_34_1,1.779283524,0.886687994,132.1165161,132.1165161,36,104.0617065,693.7446899,100,6.013978481,70.1037674,0.868954241,0.248272642,200.0000037,0.022617834,137.573233,11.29073389,5158,4694,0.025710726,369.8025208,739605,332.8222716,0.001270368,236.1782227,236.1782227,0.028145827,0.050314918,0.396958172,0.709622622,108,070802060603,F070802060603_351,16
204,510.6155728,3587.818638,467_3_1,1.878650665,0.886191189,132.0424805,132.0424805,42,121.3371735,808.9144897,100,6.349839211,74.01883698,0.868467391,0.24813354,66.25483966,0.007492705,155.5555623,10.6503776,1896,1726,0.009453923,63.5743134,127149,57.21688151,0.000218394,253.3796539,253.3796539,0.076502018,0.146801651,2.307753801,4.428407192,108,070801030301,F070801030301_90,16
205,511.5998507,3585.715656,484_9_1,1.812511563,0.885671794,131.9651031,131.9651031,86,248.3069458,1655.379639,100,6.126288891,71.41295624,0.867958367,0.247988105,31.06457233,0.003513067,145.1681061,12.88830185,850,774,0.004239476,16.31979179,32640,14.68781257,5.60628E-05,380.2720337,380.2720337,0.170497552,0.491307527,8.984666824,25.89031029,108,070801030301,F070801030301_491,16
206,513.6719033,3585.592043,455_5_1,1.813703299,0.885641217,131.9605408,131.9605408,80,230.975235,1539.834961,100,6.130317211,71.45990753,0.867928386,0.247979537,33.3445189,0.003770904,142.3311462,12.65249825,887,808,0.004425707,138.1099585,276219,124.2989619,0.000474444,362.935791,362.935791,0.163317502,0.449177951,1.061638355,2.919861794,108,070802060803,F070802060803_206,32
207,511.0772539,3583.875749,443_21_1,1.714954734,0.885217309,131.8973846,131.8973846,78,225.0929565,1500.619751,100,5.796546936,67.56921387,0.867512941,0.247860849,64.9262265,0.007342453,136.4581116,12.35039139,1641,1493,0.008177698,61.43832386,122878,55.29449117,0.000211057,356.9903564,356.9903564,0.088343859,0.239109412,2.385362148,6.456164837,108,070801030303,F070801030303_81,8
208,511.3225608,3582.008517,48_3_2,1.861787438,0.884756088,131.8286591,131.8286591,78,224.9754333,1499.836182,100,6.292841434,73.35442352,0.867060959,0.247731701,25.24443811,0.002854872,140.9331703,12.59847784,697,635,0.003478123,19.08048418,38160,17.17243573,6.55465E-05,356.8040771,356.8040771,0.207604185,0.561896205,7.67675972,20.77772141,104,070801030601,F070801030601_36,32
209,507.3592789,3581.804797,130_6_2,1.935556412,0.884705782,131.821167,131.821167,81,233.6154022,1557.436035,100,6.542180538,76.26092529,0.867011666,0.247717619,25.03335741,0.002831002,133.8327433,12.0085481,654,594,0.003253552,34.59007898,69180,31.13107035,0.000118826,365.4365845,365.4365845,0.221921161,0.615213096,4.234392166,11.7386446,108,070801030407,F070801030407_186,24
210,507.86692,3580.358247,405_6_1,1.869230866,0.884348512,131.7679291,131.7679291,32,92.25523376,615.0349121,100,6.318000317,73.64769745,0.866661549,0.247617587,106.3434501,0.012026292,131.0005249,8.756188904,2349,2137,0.011705117,66.98184133,133963,60.28365755,0.0002301,224.0231628,224.0231628,0.061660238,0.104830682,2.185798407,3.716150761,108,070802060601,F070802060601_146,16
211,509.4823998,3577.723292,664_19_1,1.803758621,0.883697629,131.6709442,131.6709442,22,63.37870789,422.5247192,100,6.096704006,71.06809235,0.86602366,0.247435331,177.1122456,0.020029476,137.3736668,12.27094781,4616,4200,0.02300491,73.53161389,147063,66.17845248,0.0002526,195.0496521,195.0496521,0.031350225,0.046440393,1.989634633,2.947328806,104,070801030402,F070801030402_273,32
212,510.5591179,3576.37039,33_6_2,1.834023714,0.883363485,131.6211548,131.6211548,78,224.6216431,1497.477661,100,6.199000359,72.26053619,0.865696192,0.247341782,162.9171104,0.01842416,135.9592972,12.16968465,4162,3787,0.020742761,50.33477984,100670,45.30130173,0.000172913,356.2427979,356.2427979,0.03475605,0.09406992,2.905460835,7.863853455,104,070801030403,F070801030403_271,32
213,506.7317638,3574.234199,836_97_1,1.795544982,0.882835865,131.5425415,131.5425415,31,87.76485443,585.098999,100,6.06894207,70.74446869,0.865179121,0.247194037,22.95455622,0.002595912,136.6648331,8.533674041,597,543,0.002974206,66.3408289,132682,59.70674515,0.000227898,219.3074036,219.3074036,0.242251456,0.403881043,2.203143835,3.673075914,108,070802060407,F070802060407_2,32
214,511.1919899,3573.874588,54_9_2,1.82717514,0.882746994,131.5292969,131.5292969,78,224.464447,1496.429688,100,6.175851822,71.99069977,0.865092039,0.247169152,199.9999999,0.022617833,135.0262469,12.13665599,5259,4785,0.026209165,323.3496446,646698,291.0146815,0.001110791,355.9937439,355.9937439,0.027487837,0.074397855,0.451967895,1.223284483,105,070801030405,F070801030405_506,32
215,508.0206564,3565.908334,549_20_1,1.81394136,0.880779386,131.2361298,131.2361298,68,195.2507324,1301.671509,100,6.131121635,71.46929169,0.863163769,0.246618226,30.85534191,0.003489405,135.249321,12.11352968,797,725,0.003971086,92.54568577,185092,83.2911129,0.000317919,326.4868774,326.4868774,0.181015357,0.450326741,1.575631857,3.919828415,108,070801010301,F070801010301_443,24
216,509.0228659,3565.05415,64_2_1,1.806440949,0.880568385,131.2046967,131.2046967,78,223.9109344,1492.739502,100,6.105770588,71.17377472,0.862957001,0.246559143,96.31843402,0.010892571,131.0000407,11.7986304,2390,2175,0.011913257,45.55974192,91120,41.00376735,0.00015651,355.1156311,355.1156311,0.060323998,0.163271561,3.199820518,8.660560608,104,070801030601,F070801030601_255,32
217,508.9433795,3564.867385,680_26_1,1.752679825,0.880522251,131.1978149,131.1978149,79,226.7693481,1511.795654,100,5.924057961,69.05558777,0.86291182,0.246546224,199.9999969,0.022617833,154.2968411,11.43775097,5539,5042,0.027616847,433.916982,867835,390.5252881,0.001490618,357.9671631,357.9671631,0.026020987,0.070997059,0.335952163,0.91662991,108,070801030407,F070801030407_609,16
218,510.4866296,3564.631117,48_6_2,1.841083288,0.880463898,131.1891174,131.1891174,78,223.8833771,1492.555908,100,6.22286129,72.53868103,0.8628546,0.246529892,36.82173485,0.004164139,140.442276,12.52484067,1000,910,0.004984397,16.30757561,32614,14.67681815,5.60208E-05,355.0725098,355.0725098,0.144163862,0.390189558,8.938526154,24.19274521,104,070801030601,F070801030601_95,32
219,510.1949487,3564.417702,186_36_1,1.794009447,0.880411148,131.1812592,131.1812592,43,123.4160156,822.7734375,100,6.063751698,70.68397522,0.862802923,0.246515125,27.76625827,0.003140063,135.247757,8.458947301,710,646,0.003538374,6.460294827,12920,5.814265201,2.21928E-05,254.5972748,254.5972748,0.20306696,0.394113421,22.56196785,43.78838348,108,070801030407,F070801030407_156,16
220,509.4512396,3562.860264,447_7_1,1.801695704,0.88002646,131.1239471,131.1239471,31,88.93547058,592.9031372,100,6.089731693,70.98680878,0.862425923,0.246407405,64.15417509,0.007255142,130.9989827,9.136416763,1403,1277,0.006994588,83.07283001,166146,74.76554842,0.000285377,220.0594177,220.0594177,0.102681242,0.172325313,1.753801703,2.943326473,108,070802060603,F070802060603_581,16
221,507.292766,3560.801309,397_24_1,1.793096185,0.879517913,131.048172,131.048172,78,223.6438141,1490.95874,100,6.060665131,70.64798737,0.861927569,0.246265009,50.75599453,0.005739953,130.9993642,11.79858271,1259,1146,0.006277054,28.5022313,57004,25.65200731,9.79126E-05,354.6919861,354.6919861,0.114352681,0.30950436,5.108690739,13.82706547,108,070802060602,F070802060602_148,24
222,504.2223232,3552.523235,481_29_2,1.745509505,0.877473235,130.743515,130.743515,31,88.67743683,591.1829224,100,5.899822235,68.77307129,0.85992378,0.245692506,30.78916705,0.003481921,135.2490234,4.909477472,490,446,0.002442902,56.38797879,112776,50.74918169,0.000193707,219.4209595,219.4209595,0.293146908,0.491975248,2.576268435,4.323635578,108,070802060603,F070802060603_216,24
223,505.2316196,3552.240645,149_27_2,1.791406989,0.877403438,130.7331085,130.7331085,51,145.8770905,972.513916,100,6.054955482,70.58143616,0.859855354,0.245672956,102.9865169,0.011646659,130.9999908,10.0238559,2504,2278,0.012477425,57.86626828,115732,52.07964207,0.000198786,276.610199,276.610199,0.057389423,0.121426776,2.510253668,5.311292171,104,070801030603,F070801030603_463,24
224,506.0233054,3551.861052,76_12_1,1.808171391,0.87730968,130.7191467,130.7191467,78,223.0819397,1487.212891,100,6.111619473,71.24195099,0.859763503,0.245646715,178.9851071,0.020241277,139.500782,12.44206095,4745,4318,0.023651239,143.6952267,287390,129.3257045,0.000493631,353.8010864,353.8010864,0.030273076,0.08193633,1.010774732,2.735736847,104,070801030403,F070801030403_140,24
225,504.3097185,3547.971782,664_19_2,1.803758621,0.876349032,130.576004,130.576004,22,62.85170364,419.0113525,100,6.096704006,71.06809235,0.858822048,0.245377734,47.98733547,0.005426848,139.4991608,3.969614536,119,109,0.000597032,21.65128612,43303,19.48615779,7.43778E-05,193.4277039,193.4277039,1.197944999,1.774566054,6.700962067,9.926415443,104,070801030402,F070801030402_274,32
226,504.4409894,3541.059014,430_11_1,1.876836538,0.874641597,130.3215942,130.3215942,70,199.5932159,1330.62146,100,6.343707561,73.94735718,0.857148767,0.244899645,90.28185455,0.0102099,140.0668945,12.4994812,2294,2087,0.011431249,172.264716,344529,155.0382416,0.000591774,329.9147949,329.9147949,0.062444463,0.158080876,0.840577066,2.127957582,108,070801030302,F070801030302_137,16
227,504.4170119,3540.473011,54_15_1,1.894873977,0.874496818,130.3000183,130.3000183,78,222.3665924,1482.44397,100,6.404674053,74.65803528,0.857006907,0.244859114,121.3575077,0.013724219,130.9985679,11.79852649,3011,2741,0.015013443,119.6672809,239335,107.7005544,0.000411088,352.666626,352.666626,0.047537401,0.128663495,1.209836125,3.27451086,105,070801030405,F070801030405_505,32
228,513.6398504,3539.141773,443_3_2,1.894833446,0.874168038,130.2510376,130.2510376,32,91.19313812,607.9542236,100,6.404537201,74.65644073,0.856684685,0.244767055,68.40693533,0.007736083,140.4473114,9.72794351,1915,1743,0.009547038,96.58523285,193171,86.92671115,0.000331796,221.4441833,221.4441833,0.074728079,0.127047718,1.498400569,2.547481537,108,070801030303,F070801030303_57,8
229,504.8088151,3536.454003,23_27_2,1.819622517,0.873504162,130.1521149,130.1521149,73,207.8764801,1385.843262,100,6.150323868,71.69313049,0.8560341,0.244581163,20.05510457,0.002268015,145.3080597,12.90658307,533,486,0.002661997,17.85669222,35714,16.07102301,6.13424E-05,338.028595,338.028595,0.267802715,0.695532084,8.098558426,21.03342056,105,070600060901,F070600060901_37,32
230,502.9211123,3529.284032,103_1_2,1.827087283,0.871733129,129.8882294,129.8882294,78,221.6640625,1477.760376,100,6.175555229,71.98723602,0.854298472,0.244085282,26.19264212,0.002962104,149.7027588,13.27284861,739,672,0.003680786,22.47832051,44956,20.23048821,7.72189E-05,351.5523071,351.5523071,0.193286061,0.523143291,6.420419693,17.37735176,108,070801030406,F070801030406_597,24
231,501.574736,3528.608952,842_8_1,1.793563128,0.871566415,129.8634033,129.8634033,78,221.6216431,1477.477661,100,6.062243462,70.66638947,0.854135096,0.244038597,200.0000004,0.022617833,133.2670247,11.9709746,5014,4561,0.024982237,88.54423225,177089,79.68980888,0.000304173,351.4850464,351.4850464,0.028472573,0.077063151,1.629611135,4.410665035,104,070801030602,F070801030602_93,32
232,503.5094742,3526.670636,103_1_1,1.827087283,0.87108767,129.7920685,129.7920685,78,221.5000153,1476.666748,100,6.175555229,71.98723602,0.853665888,0.243904546,27.99428749,0.003165851,157.9165878,14.02739429,824,749,0.004102542,32.57581544,65151,29.31823385,0.000111906,351.2920837,351.2920837,0.173287138,0.469014794,4.427008629,11.98203468,108,070801030406,F070801030406_598,24
233,503.6164764,3526.193997,387_9_1,1.78979075,0.870969892,129.7745209,129.7745209,86,244.1848755,1627.89917,100,6.049492836,70.5177536,0.853550494,0.24387157,26.31291389,0.002975705,131.0007629,11.79868126,653,594,0.003253552,36.56288826,73125,32.90659869,0.000125603,373.9594116,373.9594116,0.218475625,0.629561305,3.94372344,11.3642683,108,070802060601,F070802060601_108,8
234,504.9477697,3520.85489,496_24_2,1.85894084,0.869651139,129.5780182,129.5780182,78,221.1346893,1474.231201,100,6.283219814,73.24227142,0.852258086,0.243502319,42.57650173,0.004814941,139.4994087,12.4611156,1072,976,0.005345903,15.24886096,30497,13.72397494,5.23838E-05,350.7127075,350.7127075,0.132764369,0.359336793,9.441726685,25.55474663,108,070802060502,F070802060502_433,16
235,503.4505513,3520.218301,442_11_1,1.787011981,0.869493902,129.5545959,129.5545959,50,141.7275085,944.8500366,100,6.040100574,70.40827179,0.852104008,0.243458286,67.83671939,0.007671598,130.9993286,8.249053439,1670,1519,0.008320109,76.19870363,152397,68.57883364,0.000261762,271.2821045,271.2821045,0.085289396,0.178592563,1.889133811,3.955770254,108,070801030301,F070801030301_503,16
236,501.8418118,3520.08608,487_28_2,1.832719326,0.869461238,129.5497284,129.5497284,92,260.7684937,1738.456665,100,6.194591522,72.20914459,0.852072001,0.243449152,89.54394543,0.01012645,131.0004913,11.79866219,2221,2022,0.011075221,159.109063,318218,143.1981547,0.000546581,390.3182373,390.3182373,0.064070091,0.193035722,0.904688537,2.725721121,108,070802060502,F070802060502_356,16
237,501.470236,3519.556471,448_3_1,1.811253548,0.869330466,129.5302429,129.5302429,72,204.0489349,1360.326172,100,6.122036934,71.36338806,0.851943851,0.243412524,77.26915765,0.008738305,145.9590729,12.97772522,2087,1899,0.010401506,106.6564241,213313,95.99078107,0.000366393,333.5791626,333.5791626,0.068209715,0.175660431,1.349402905,3.47511673,108,070801030303,F070801030303_146,8
238,501.3221436,3519.509915,448_3_2,1.811253548,0.869318962,129.5285187,129.5285187,72,204.0462341,1360.308228,100,6.122036934,71.36338806,0.851932585,0.243409306,35.8361236,0.004052677,133.8320872,12.00850232,934,851,0.004661233,42.69467062,85391,38.42520513,0.000146667,333.5747681,333.5747681,0.152207419,0.391979754,3.370925903,8.681144714,108,070801030303,F070801030303_145,8
239,500.4486136,3518.474787,22_4_1,1.814522028,0.869063258,129.4904327,129.4904327,78,220.985199,1473.234619,100,6.133084297,71.49216461,0.851682007,0.243337706,46.80868231,0.005293555,145.1661174,12.89191977,1292,1176,0.006441375,17.74419921,35488,15.96977948,6.0956E-05,350.475647,350.475647,0.110110909,0.298023522,8.108467102,21.94618034,104,070801030402,F070801030402_291,32
240,499.1607084,3518.062418,186_23_2,1.729288459,0.868961394,129.4752502,129.4752502,35,99.14833069,660.9888916,100,5.844995022,68.13396454,0.85158217,0.243309185,50.87488055,0.005753398,130.9999339,9.136467308,1029,936,0.005126809,118.6926622,237386,106.8233948,0.00040774,228.6235809,228.6235809,0.138328254,0.24425596,1.212049603,2.14020133,108,070801030407,F070801030407_157,16
241,502.7522157,3512.430669,115_3_1,1.806772828,0.8675704,129.2679901,129.2679901,78,220.6056061,1470.704102,100,6.106892109,71.1868515,0.850219011,0.242919713,182.9241137,0.020686736,145.4490166,10.58301399,4915,4473,0.024500229,196.7717533,393543,177.0945765,0.000675962,349.8735962,349.8735962,0.028899617,0.078219004,0.729937613,1.975631356,108,070801030406,F070801030406_31,16
242,502.362357,3510.155507,54_31_2,1.835758686,0.867008388,129.1842499,129.1842499,78,220.4624481,1469.749634,100,6.204864502,72.32889557,0.849668205,0.242762342,199.9999983,0.022617833,132.8049178,11.93366163,4982,4533,0.024828871,483.725536,967451,435.3529818,0.001661724,349.646698,349.646698,0.028498622,0.077133618,0.296734512,0.803133786,104,070801030405,F070801030405_75,32
243,497.7080886,3505.880737,474_13_1,1.800609589,0.865952551,129.0269318,129.0269318,78,220.1944122,1467.962769,100,6.086060524,70.9440155,0.848633528,0.242466718,110.9068146,0.012542359,136.1001701,12.20436406,3066,2790,0.015281833,100.496659,200995,90.44699123,0.000345232,349.221344,349.221344,0.046246212,0.125168934,1.426547527,3.861060858,108,070801030301,F070801030301_36,16
244,499.7181236,3505.065099,149_27_1,1.791406989,0.865751088,128.9969177,128.9969177,40,112.8936768,752.6245117,100,6.054955482,70.58143616,0.848436058,0.242410302,29.97903088,0.003390304,130.9984741,8.249013384,729,663,0.003631489,43.55191639,87105,39.1967237,0.000149612,241.8905945,241.8905945,0.19456549,0.364842534,3.291012764,6.171194077,104,070801030603,F070801030603_464,24
245,497.540833,3504.352833,24_3_2,1.768031478,0.865575135,128.9706879,128.9706879,78,220.0984497,1467.322998,100,5.975946426,69.66043854,0.848263621,0.242361039,27.93759918,0.00315944,131.0006409,11.79867268,693,631,0.003456214,32.29754949,64596,29.0677944,0.000110951,349.0691528,349.0691528,0.204390943,0.553199947,4.436892986,12.00879383,104,070801030403,F070801030403_234,32
246,502.6901113,3504.241325,65_5_2,1.885125995,0.865547597,128.9665985,128.9665985,78,220.0914459,1467.276367,100,6.371726036,74.27396393,0.84823662,0.24235332,88.60405445,0.010020159,135.2471008,12.11335325,2208,2009,0.011004015,23.03343153,46067,20.73008823,7.91259E-05,349.0580444,349.0580444,0.064194426,0.173747167,6.221227646,16.83823204,104,070801030601,F070801030601_104,32
247,498.6988778,3496.778929,54_18_1,1.822207093,0.863704383,128.6919556,128.6919556,78,219.6225586,1464.150391,100,6.159060001,71.79496002,0.846430302,0.241837233,63.3777616,0.007167338,130.9997304,11.79860846,1572,1430,0.007832624,140.6629373,281326,126.5966439,0.000483214,348.3145142,348.3145142,0.089994371,0.243576586,1.016551137,2.751372337,105,070801030405,F070801030405_121,32
248,497.7303599,3495.704378,406_3_1,1.74846828,0.863438964,128.6524048,128.6524048,36,101.3331985,675.5546875,100,5.909822941,68.88964844,0.846170187,0.241762906,199.9999963,0.022617833,139.0296516,10.73825695,4407,4011,0.021969689,249.0774259,498155,224.1696834,0.000855646,229.9855957,229.9855957,0.032074895,0.057338718,0.573906362,1.025944233,108,070801030603,F070801030603_121,24
249,497.5883615,3494.667275,474_20_2,1.746327639,0.863182843,128.6142426,128.6142426,78,219.4901276,1463.267578,100,5.902587414,68.80530548,0.845919192,0.241691202,59.32699776,0.006709241,130.9994507,11.79858875,1472,1339,0.007334184,40.01964569,80039,36.01768112,0.000137478,348.1043701,348.1043701,0.09605246,0.259973377,3.570863962,9.664818764,108,070801030301,F070801030301_257,16
250,503.733349,3491.593227,455_25_1,1.735315561,0.862423539,128.5011139,128.5011139,80,224.9196014,1499.463989,100,5.865366459,68.37142944,0.845175087,0.241478592,48.75634384,0.005513814,142.3311462,12.65249825,1298,1181,0.006468762,179.7061005,359412,161.7354908,0.000617337,353.4207153,353.4207153,0.108807042,0.299255461,0.794514,2.185177326,108,070802060803,F070802060803_206,32
251,497.1851466,3491.224297,723_62_1,1.817254424,0.862332404,128.4875336,128.4875336,79,222.0848999,1480.56604,100,6.142320156,71.599823,0.84508574,0.241453066,26.85117804,0.003036577,142.3308945,12.65247822,715,651,0.003565761,12.31620712,24632,11.08458622,4.23094E-05,350.5724487,350.5724487,0.197369486,0.53851372,11.59154987,31.62702179,108,070801010405,F070801010405_161,32
252,497.5559914,3490.035921,60_12_2,1.660270572,0.862038851,128.4437866,128.4437866,40,112.409729,749.3981934,100,5.611714363,65.41465759,0.844798088,0.241370872,200.0000005,0.022617833,130.9175771,9.139930099,4996,4546,0.024900077,97.57070947,195141,87.81364053,0.000335181,240.8535156,240.8535156,0.028254243,0.052981414,1.462686062,2.742780209,104,070801030202,F070801030202_148,32
253,498.2340999,3488.565539,137_23_1,1.782584906,0.86167568,128.389679,128.389679,79,221.915802,1479.438721,100,6.025136948,70.23384857,0.844442189,0.241269186,104.6975155,0.011840155,131.000267,11.79864633,2596,2362,0.012937523,124.6848357,249370,112.2163519,0.000428325,350.305481,350.305481,0.05435634,0.148308843,1.144126296,3.121697187,108,070802060602,F070802060602_84,32
254,495.5040784,3482.410817,64_6_2,1.788407326,0.860155463,128.1631622,128.1631622,78,218.7203369,1458.13562,100,6.044816971,70.46324921,0.842952371,0.240843534,35.60663605,0.004026725,130.9995728,6.474298656,638,581,0.003182346,73.59314352,147187,66.23383021,0.000252812,346.8834839,346.8834839,0.220590636,0.5970456,1.935010552,5.237255573,104,070801030601,F070801030601_256,32
255,498.9717559,3481.674475,537_15_1,1.73028183,0.859973609,128.1360626,128.1360626,83,232.6911774,1551.274536,100,5.848352432,68.17310333,0.842774153,0.240792617,83.41682577,0.009433539,135.2497508,12.12442636,2106,1916,0.010494621,152.7355256,305470,137.4619741,0.000524686,360.82724,360.82724,0.066876858,0.1883232,0.932156444,2.624923944,108,070801010302,F070801010302_2,32
256,496.6051828,3479.421443,186_13_1,1.713291645,0.859417081,128.0531464,128.0531464,82,229.7390747,1531.593872,100,5.79092598,67.50369263,0.842228711,0.240636781,100.4788975,0.011363075,145.0247135,12.96746075,2768,2519,0.013797469,120.9878073,241977,108.8890269,0.000415625,357.7922363,357.7922363,0.050834913,0.142037407,1.17599678,3.285842896,108,070801030407,F070801030407_537,8
257,494.3377058,3478.198888,723_77_1,1.659269929,0.859115124,128.0081482,128.0081482,70,196.049881,1306.999268,100,5.608332157,65.37523651,0.841932833,0.240552232,51.44547629,0.005817926,137.8002574,12.33961805,1283,1168,0.006397556,85.24555087,170491,76.72099745,0.000292841,324.0580444,324.0580444,0.109596014,0.277446955,1.668489099,4.223850727,108,070801010405,F070801010405_99,32
258,495.9630697,3476.355945,538_1_1,1.836675644,0.858659923,127.9403305,127.9403305,36,99.55725861,663.7150879,100,6.207963467,72.36502075,0.841486752,0.240424782,20.36680436,0.002303265,158.196701,7.601654708,601,547,0.002996116,28.91004372,57820,26.01903915,9.93136E-05,227.4975891,227.4975891,0.233894572,0.415900528,4.917181015,8.743504524,108,070802060603,F070802060603_38,24
259,498.3507185,3475.671981,128_50_1,1.742089033,0.858491004,127.9151611,127.9151611,78,218.2967987,1455.312012,100,5.888260841,68.63830566,0.84132117,0.240377486,199.999997,0.022617833,143.4665298,12.79404628,5382,4898,0.026828107,508.4807828,1016962,457.6327009,0.001746765,346.2119751,346.2119751,0.026115794,0.070684358,0.279514909,0.75652808,108,070801030406,F070801030406_112,16
260,494.43728,3468.096814,442_5_2,1.767616987,0.856619895,127.6363678,127.6363678,25,69.81430054,465.4286804,100,5.974545479,69.64411163,0.839487493,0.239853576,200.0000002,0.022617833,134.7783695,10.99881395,5021,4568,0.025020578,88.05225378,176103,79.24702787,0.000302483,197.4506683,197.4506683,0.027941411,0.043224752,1.610613942,2.491584539,108,070801030301,F070801030301_592,16
261,495.4784173,3456.971978,842_6_2,1.75996232,0.853872061,127.2269363,127.2269363,78,217.1219788,1447.479858,100,5.948672771,69.34251404,0.836794615,0.239084184,25.45692384,0.002878902,141.2016678,12.61022234,631,574,0.003144004,9.584968042,19170,8.626471238,3.29269E-05,344.3489075,344.3489075,0.221649721,0.599910975,14.74843311,39.91770172,104,070801030602,F070801030602_95,32
262,490.3419837,3456.375618,540_6_2,1.730606675,0.853724778,127.2049942,127.2049942,75,208.7351379,1391.567627,100,5.849450588,68.18590546,0.836650252,0.239042938,26.84739122,0.003036149,131.0001106,11.79863548,666,607,0.003324757,32.64539106,65290,29.3808529,0.000112145,335.9401245,335.9401245,0.209563419,0.553443372,4.329520226,11.43398094,108,070802060503,F070802060503_178,24
263,497.3360381,3454.747482,115_3_2,1.806772828,0.853322625,127.1450729,127.1450729,78,216.9826813,1446.55127,100,6.106892109,71.1868515,0.836256146,0.23893033,200.0000001,0.022617833,138.4683367,12.44646748,5004,4554,0.024943895,406.5531408,813107,365.8978237,0.001396616,344.1277466,344.1277466,0.027919428,0.075566038,0.347487926,0.940502286,108,070801030406,F070801030406_33,16
264,493.1372018,3452.847811,186_36_2,1.794009447,0.852853417,127.0751572,127.0751572,46,127.8936691,852.6244507,100,6.063751698,70.68397522,0.835796356,0.238798961,95.71925331,0.010824811,130.9993155,10.46750693,2321,2111,0.011562706,288.6913829,577383,259.8222441,0.00099173,254.9688263,254.9688263,0.060196664,0.120781064,0.489084989,0.981320262,108,070801030407,F070801030407_157,16
265,494.7821062,3448.968619,76_17_2,1.755263805,0.851895273,126.9323959,126.9323959,78,216.6198578,1444.132324,100,5.93279171,69.15739441,0.834857345,0.238530681,55.24425519,0.006247527,134.9670746,12.09545155,1423,1294,0.007087703,113.6992874,227398,102.3293558,0.000390587,343.5522461,343.5522461,0.09809304,0.265496314,1.240429878,3.35731864,104,070801030403,F070801030403_116,24
266,490.6630298,3448.936204,487_4_2,1.670582533,0.851887226,126.9311981,126.9311981,92,255.497467,1703.316406,100,5.646568775,65.82095337,0.834849477,0.23852843,23.7287426,0.002683464,130.9992676,11.79857635,589,536,0.002935865,50.34656525,100693,45.31190872,0.000172954,382.4286499,382.4286499,0.236811936,0.713486314,2.801276684,8.439914703,108,070802060502,F070802060502_356,16
267,493.2655875,3447.516646,444_4_1,1.690161824,0.851536632,126.8789597,126.8789597,32,88.83220673,592.2147217,100,5.712747097,66.59237671,0.834505916,0.238430262,20.91838837,0.002365643,148.0014801,7.136910141,489,445,0.002437425,27.78330645,55567,25.00497602,9.54429E-05,215.7111664,215.7111664,0.285121262,0.484744191,5.074148655,8.626729965,108,070801030303,F070801030303_2,8
268,491.3355051,3447.245534,594_11_1,1.666172981,0.851469636,126.8689728,126.8689728,1,2.775784492,18.50522995,100,5.631664753,65.6472168,0.834440231,0.238411501,58.30798173,0.006594001,159.3335571,7.656966388,1679,1528,0.008369405,70.70523177,141410,63.63470998,0.000242891,129.6447601,129.6447601,0.083029434,0.08484605,1.993707061,2.037327766,108,070802060804,F070802060804_433,32
269,494.4273875,3440.383914,397_22_2,1.759575963,0.849774837,126.6164474,126.6164474,5,13.8512888,92.34192657,100,5.947366714,69.3272934,0.832779348,0.237936959,199.9999977,0.022617833,138.8694661,11.27961544,5157,4691,0.025694294,283.4208573,566841,255.0787761,0.000973625,140.4677429,140.4677429,0.026991356,0.029944094,0.49638173,0.550683796,108,070802060602,F070802060602_496,24
270,488.8887903,3434.902832,459_1_2,1.739219189,0.848420978,126.4147263,126.4147263,78,215.7364655,1438.243164,100,5.87856102,68.52523804,0.831452549,0.237557873,199.9999973,0.022617833,136.0370076,12.18797578,4974,4525,0.024785052,104.939604,209879,94.44564401,0.000360495,342.1511841,342.1511841,0.027936956,0.075613521,1.338491917,3.622731209,108,070801030303,F070801030303_55,8
271,488.0685579,3431.182519,21_4_2,1.726950288,0.847502053,126.2778091,126.2778091,78,215.5026855,1436.68457,100,5.837091923,68.0418396,0.830551982,0.237300575,62.59526062,0.007078846,130.9996796,11.79860497,1553,1413,0.007739509,90.92013626,181840,81.8281212,0.000312334,341.7804871,341.7804871,0.089368582,0.241882861,1.543208003,4.176809788,104,070801030402,F070801030402_255,32
272,489.7427333,3428.359981,128_22_2,1.704084754,0.846804917,126.1739349,126.1739349,79,218.0855408,1453.903564,100,5.759806633,67.14093781,0.829868793,0.23710537,199.9999981,0.022617833,150.8329293,13.39089952,5739,5223,0.028608249,408.7843746,817569,367.9059451,0.001404281,344.2594604,344.2594604,0.024157368,0.065912209,0.342951596,0.935726821,108,070801030406,F070801030406_230,16
273,488.0199733,3422.990911,477_2_1,1.753463507,0.845478773,125.9763336,125.9763336,45,124.0317383,826.8782349,100,5.926706791,69.08646393,0.828569174,0.236734062,42.03949159,0.004754211,130.9993744,9.668866801,1031,937,0.005132286,69.15431368,138309,62.2388815,0.000237563,250.0080719,250.0080719,0.134446457,0.26681757,2.024077654,4.016911507,108,070802060704,F070802060704_447,32
274,488.8594496,3422.230746,166_21_2,1.660063863,0.845291018,125.9483643,125.9483643,92,253.5192871,1690.12854,100,5.611015797,65.40651703,0.828385174,0.236681491,22.27050805,0.002518553,139.498642,12.4610548,608,554,0.003034457,48.05588675,96112,43.25029945,0.000165085,379.4676514,379.4676514,0.227343619,0.68495965,2.912080765,8.773757935,108,070802060406,F070802060406_155,32
275,488.1643553,3409.964975,166_18_1,1.818819165,0.842261374,125.4969482,125.4969482,92,252.6104889,1684.069946,100,6.147608757,71.66147614,0.825416148,0.235833183,36.0674822,0.004078841,140.6313744,12.57574129,926,843,0.004617414,23.23987795,46481,20.91589035,7.98351E-05,378.1074219,378.1074219,0.148869455,0.448525995,6.000076771,18.07752037,108,070802060406,F070802060406_116,32
276,487.3963021,3408.939813,190_9_1,1.722431898,0.842008114,125.4592056,125.4592056,87,238.8096771,1592.064453,100,5.821819782,67.86381531,0.825167954,0.235762268,116.6982613,0.013197309,139.4998398,12.46113682,3055,2780,0.01522706,53.42892814,106858,48.08603585,0.000183542,364.2688904,364.2688904,0.04512921,0.131031975,2.60905695,7.57535696,108,070801030605,F070801030605_111,32
277,486.4809771,3407.228243,460_3_1,1.759062767,0.841585398,125.396225,125.396225,70,192.0493164,1280.328735,100,5.945631981,69.3070755,0.824753702,0.235643908,23.89397049,0.002702149,136.6658401,12.22557211,610,555,0.003039935,34.53955102,69079,31.08559686,0.000118652,317.4455566,317.4455566,0.22593914,0.571973979,4.033901215,10.21198177,108,070801030303,F070801030303_236,8
278,487.2103035,3404.470203,549_4_2,1.682400823,0.840904117,125.2947159,125.2947159,75,205.6008453,1370.672363,100,5.686514854,66.28659058,0.82408601,0.235453159,71.49292564,0.008085075,140.445755,12.58715725,1957,1780,0.0097497,135.002121,270004,121.5019073,0.000463768,330.8955688,330.8955688,0.070390292,0.185896382,1.031216025,2.723377466,108,070801010301,F070801010301_185,24
279,485.3832569,3402.233813,94_17_2,1.7522645,0.84035176,125.21241,125.21241,77,210.9450989,1406.300659,100,5.922654152,69.03922272,0.823544741,0.235298499,38.44427216,0.004347631,136.6668167,10.03449848,924,840,0.004600982,12.06087422,24121,10.85478663,4.14323E-05,336.1575012,336.1575012,0.149062395,0.400187492,11.53522491,30.9685955,104,070801030602,F070801030602_217,32
280,486.5100799,3400.875368,186_8_2,1.770978928,0.840016186,125.1624146,125.1624146,81,221.8142548,1478.761719,100,5.985908985,69.77657318,0.823215842,0.235204533,199.9999956,0.022617833,137.4762704,10.90558092,5128,4667,0.025562837,322.3419558,644685,290.1077657,0.001107329,346.9766846,346.9766846,0.026818601,0.074346833,0.431434214,1.196026921,108,070801030407,F070801030407_332,16
281,488.4551376,3399.234319,481_56_2,1.656592369,0.839610875,125.1020203,125.1020203,33,90.32534027,602.1689453,100,5.599282265,65.26973724,0.822818637,0.235091045,199.999997,0.022617833,131.6552605,9.000984732,4283,3899,0.021356225,562.5665272,1125133,506.3098693,0.001932563,215.4273682,215.4273682,0.032085668,0.055251952,0.247085884,0.425485224,108,070802060603,F070802060603_162,24
282,485.5637079,3397.440733,67_8_2,1.705106497,0.839167833,125.0360107,125.0360107,78,213.3835907,1422.557251,100,5.763259888,67.18119812,0.822384477,0.234966993,161.052071,0.018213244,139.0276159,12.4091293,4353,3961,0.021695821,102.3013837,204604,92.07124579,0.000351432,338.4196167,338.4196167,0.03156678,0.085437924,1.358035445,3.675627708,104,070801030601,F070801030601_259,32
283,477.305568,3394.392702,723_25_2,1.672866583,0.838415027,124.9238358,124.9238358,70,191.3263092,1275.508789,100,5.654289246,65.91094208,0.82164675,0.234756202,34.11427516,0.003857955,131.00103,11.79870033,846,770,0.004217567,41.58836271,83177,37.42952835,0.000142867,316.2501526,316.2501526,0.162238747,0.410714477,3.337574482,8.449215889,108,070801010405,F070801010405_99,32
284,485.8297634,3392.959236,188_12_1,1.718671679,0.838060915,124.8710785,124.8710785,13,35.51702118,236.7801361,100,5.809110165,67.71566772,0.821299672,0.234657049,20.92398739,0.002366276,130.9991455,6.474283874,451,410,0.002245717,2.866829157,5734,2.580146313,9.84831E-06,160.388092,160.388092,0.304563612,0.391190469,48.39689636,62.16240311,108,070801030605,F070801030603_160,32
285,485.5667663,3392.481564,583_23_2,1.712130427,0.837942958,124.8535004,124.8535004,81,221.2670746,1475.11377,100,5.787000656,67.45793915,0.821184099,0.234624028,50.87087774,0.005752945,136.0997925,6.744705379,1063,967,0.005296607,35.85540003,71711,32.26985976,0.000123173,346.120575,346.120575,0.12911427,0.357932329,3.869043827,10.72581577,108,070801010301,F070801010301_235,24
286,488.8454414,3388.643103,103_22_1,1.718829036,0.836994827,124.7122269,124.7122269,75,204.6450195,1364.300171,100,5.809642315,67.72186279,0.820254922,0.234358549,31.85608174,0.003602578,131.0011261,8.249012431,449,409,0.00224024,55.8311255,111662,50.2480126,0.000191795,329.3572388,329.3572388,0.304919869,0.805274427,2.481933594,6.554632187,108,070801030406,F070801030406_468,24
287,484.8338698,3387.810607,186_43_1,1.718844414,0.836789191,124.6815872,124.6815872,41,111.8451385,745.6342773,100,5.80969429,67.72247314,0.820053399,0.234300971,114.6998904,0.012971315,133.8336378,10.6530631,2936,2672,0.014635505,104.7537603,209509,94.27838445,0.000359857,236.5267334,236.5267334,0.046662271,0.088520482,1.322483301,2.508811951,108,070801030407,F070801030407_156,16
288,487.239437,3387.798121,680_27_2,1.740948439,0.836786151,124.6811371,124.6811371,76,207.3217926,1382.145264,100,5.884405613,68.59336853,0.820050418,0.234300122,26.25228882,0.002968849,151.4003296,13.42155933,741,674,0.00369174,52.44444036,104889,47.19999528,0.00018016,332.0029297,332.0029297,0.184986845,0.492585957,2.641549826,7.033961296,108,070801030407,F070801030407_134,16
289,482.2208232,3387.042004,516_53_1,1.728360653,0.83659935,124.6533051,124.6533051,78,212.7303162,1418.202148,100,5.841858864,68.09741211,0.819867373,0.234247819,37.46049803,0.004236376,134.7793732,12.08342838,934,850,0.004655756,21.26946592,42539,19.14251995,7.30662E-05,337.383606,337.383606,0.14665094,0.396921903,6.511854649,17.62482643,108,070802060603,F070802060603_440,16
290,483.0264059,3385.880274,550_1_2,1.705042243,0.836312413,124.6105499,124.6105499,51,139.0453339,926.9688721,100,5.763042927,67.17866516,0.819586158,0.234167472,40.2487935,0.004551703,141.9532496,11.03629976,1011,920,0.005039171,57.77271551,115547,51.99544436,0.000198464,263.6558838,263.6558838,0.13544625,0.28658247,2.396566629,5.07074976,108,070801010301,F070801010301_341,24
291,481.8290106,3383.231389,186_25_1,1.673828602,0.835658133,124.5130615,124.5130615,58,158.0060425,1053.373657,100,5.657540798,65.94884491,0.818944991,0.233984277,70.78140111,0.00800461,137.3464142,9.11000262,1766,1607,0.008802117,43.51079751,87021,39.15971836,0.000149471,282.519104,282.519104,0.07748168,0.175805286,3.179620981,7.214533806,108,070801030407,F070801030407_159,16
292,481.9569,3377.657164,441_6_1,1.693590045,0.834281325,124.3079147,124.3079147,77,209.4211884,1396.141235,100,5.72433424,66.72744751,0.81759572,0.233598769,63.17786026,0.007144732,131.0004222,11.79865742,1567,1426,0.007810715,139.4893382,278979,125.5404035,0.000479182,333.7290955,333.7290955,0.087172449,0.234031618,0.990182519,2.658340216,108,070801030303,F070801030303_682,8
293,485.0124232,3376.776585,140_13_2,1.72026813,0.834063828,124.2755127,124.2755127,78,212.0857544,1413.905029,100,5.814506054,67.77856445,0.817382574,0.233537868,27.831707,0.003147465,130.9988785,11.79854822,691,629,0.003445259,31.80606656,63612,28.62546038,0.000109262,336.3612671,336.3612671,0.197576329,0.534755588,4.341432571,11.75042343,108,070801030407,F070801030407_232,16
294,481.9112913,3374.553226,686_4_1,1.63485992,0.833514631,124.1936798,124.1936798,31,84.23482513,561.5654907,100,5.525826454,64.41348267,0.816844344,0.233384103,108.8027575,0.012304413,137.1397909,9.157487699,2783,2532,0.013868674,109.9358647,219872,98.94227999,0.000377658,208.4284973,208.4284973,0.049049638,0.082317732,1.255213499,2.106566668,108,070801030408,F070801030408_106,16
295,484.459158,3374.12316,140_11_1,1.717046857,0.833408415,124.1778564,124.1778564,78,211.9190979,1412.793945,100,5.803618431,67.65164948,0.816740274,0.23335436,25.39644241,0.002872062,130.9997711,11.79861164,630,573,0.003138527,26.49454487,52989,23.84509064,9.10157E-05,336.0969543,336.0969543,0.216715276,0.586556613,5.207690716,14.09501648,108,070801030407,F070801030407_233,24
296,482.872015,3371.489547,130_3_1,1.766781211,0.83275789,124.080925,124.080925,86,233.4720001,1556.47998,100,5.971720695,69.61118317,0.816102743,0.233172208,39.39380316,0.004455012,130.9999817,11.79862652,978,891,0.004880327,34.84005581,69682,31.35605011,0.000119685,357.5529175,357.5529175,0.139260292,0.401293963,3.957160473,11.40299606,108,070801030407,F070801030407_183,24
297,479.7593917,3368.68482,94_12_2,1.84652257,0.832065165,123.9777069,123.9777069,79,214.2900696,1428.600464,100,6.241246223,72.75299072,0.815423846,0.23297824,24.2368412,0.002740924,130.9997864,11.79861259,601,547,0.002996116,19.18317795,38366,17.26486015,6.58992E-05,338.2677612,338.2677612,0.226650283,0.618405402,7.180927277,19.59284782,104,070801030602,F070801030602_354,32
298,484.4380948,3366.251963,389_8_1,1.725321293,0.831464231,123.8881683,123.8881683,92,249.3723602,1662.482422,100,5.831585884,67.97766113,0.814834952,0.232809991,83.84360504,0.009481803,139.5001373,12.42853451,2191,1994,0.010921855,95.10877228,190218,85.59789276,0.000326724,373.2605286,373.2605286,0.062130477,0.187191844,1.447327256,4.360627651,108,070802060601,F070802060601_126,16
299,481.728502,3365.273298,76_15_1,1.690207601,0.831222534,123.8521576,123.8521576,78,211.3632507,1409.088379,100,5.712901592,66.59417725,0.814598083,0.23274231,113.028914,0.012782346,140.9159966,12.55687928,3046,2771,0.015177763,88.98297534,177966,80.08467859,0.00030568,335.2153931,335.2153931,0.044695836,0.120972715,1.546514988,4.185761929,104,070801030403,F070801030403_359,24
300,481.1553374,3363.422403,444_2_2,1.754968524,0.830765307,123.7840271,123.7840271,27,73.12385559,487.4923706,100,5.93179369,69.14575958,0.814149976,0.232614279,71.84958825,0.00812541,130.9981728,9.6687989,1536,1399,0.007662826,60.65192263,121304,54.58673096,0.000208355,196.9078827,196.9078827,0.088480361,0.140749022,2.267657757,3.607248068,108,070801030303,F070801030303_1,8
301,480.5784105,3358.154483,128_7_1,1.680173635,0.829464138,123.5901566,123.5901566,29,78.4175415,522.7836304,100,5.678987026,66.19884491,0.812874854,0.23224996,164.64994,0.018620124,149.9867916,12.010326,4643,4226,0.023147321,626.115085,1252230,563.5035663,0.002150869,202.0076904,202.0076904,0.029245187,0.047801156,0.219324529,0.358485192,108,070801030406,F070801030406_336,16
302,480.3340827,3357.703958,128_7_2,1.680173635,0.829352856,123.5735779,123.5735779,48,129.7770996,865.1806641,100,5.678987026,66.19884491,0.812765777,0.232218802,27.55581433,0.003116264,143.5002594,6.948577583,724,659,0.00360958,72.10717773,144214,64.89646149,0.000247707,253.3506775,253.3506775,0.187516809,0.384447157,1.904165149,3.903921366,108,070801030406,F070801030406_336,16
303,480.6662022,3356.79074,128_39_1,1.699345946,0.829127312,123.5399704,123.5399704,78,210.8304749,1405.536499,100,5.743789196,66.95423126,0.812544763,0.232155651,32.51388571,0.003676968,143.7498779,12.77609777,849,773,0.004233999,35.62363089,71247,32.06126857,0.000122376,334.3704529,334.3704529,0.159818843,0.432562023,3.85324645,10.42910862,108,070801030406,F070801030406_36,16
304,479.074782,3353.427114,516_34_2,1.779283524,0.828296483,123.4161758,123.4161758,35,94.50854492,630.0569458,100,6.013978481,70.1037674,0.811730564,0.231923014,35.28166676,0.003989974,130.9995575,8.249064247,637,580,0.003176869,34.92153549,69843,31.4293828,0.000119965,217.9247131,217.9247131,0.212786511,0.375732273,3.926776886,6.933789253,108,070802060603,F070802060603_351,16
305,478.2070876,3344.78092,711_6_2,1.676029086,0.826160908,123.0979767,123.0979767,84,235.84729,1572.315308,100,5.664978504,66.03554535,0.809637666,0.23132506,50.57437034,0.005719413,155.9334564,13.84293938,1494,1360,0.007449209,33.95252294,67906,30.55727027,0.000116636,358.9452515,358.9452515,0.090513214,0.263930321,4.028434753,11.74664021,108,070802060501,F070802060501_146,16
306,473.6791386,3327.308698,836_50_1,1.687423468,0.821845233,122.4549408,122.4549408,39,104.4894104,696.5960693,100,5.703491211,66.48448181,0.805408359,0.230116665,31.4729439,0.003559249,159.3370056,5.488090118,652,594,0.003253552,13.97799683,27956,12.58019733,4.80181E-05,226.9443512,226.9443512,0.206153095,0.382061183,9.733943939,18.03980827,108,070802060302,F070802060302_38,32
307,476.0764832,3326.340618,115_16_1,1.678269386,0.821606159,122.4193192,122.4193192,78,208.9180145,1392.786743,100,5.672550678,66.12381744,0.805174053,0.230049729,199.9999993,0.022617833,141.313002,12.6181942,5465,4973,0.027238909,152.2632302,304524,137.036905,0.000523064,331.3373413,331.3373413,0.024616795,0.066627257,0.893331051,2.417869329,104,070801030406,F070801030406_163,24
308,474.2898247,3322.87314,76_15_2,1.690207601,0.82074964,122.2916946,122.2916946,78,208.6998444,1391.332275,100,5.712901592,66.59417725,0.804334641,0.229809895,28.95231438,0.003274193,139.5025787,12.42872429,757,689,0.003773901,20.62829506,41257,18.56546533,7.08636E-05,330.9915466,330.9915466,0.177491575,0.480394125,6.587052345,17.82834625,104,070801030403,F070801030403_115,24
309,478.0271299,3322.789119,140_7_2,1.71823895,0.820728898,122.2886047,122.2886047,78,208.6949463,1391.299683,100,5.807647705,67.69861603,0.804314315,0.229804099,157.4405815,0.017804824,140.2555211,12.5686725,4106,3737,0.020468893,186.9672051,373934,168.2704869,0.000642281,330.983551,330.983551,0.032723736,0.088569321,0.726738274,1.966973305,108,070801030407,F070801030407_232,24
310,476.285267,3322.545734,487_15_2,1.681624413,0.820668817,122.2796555,122.2796555,78,208.6791992,1391.194702,100,5.683890343,66.25600433,0.804255426,0.229787275,46.30401167,0.005236482,133.1226883,11.95594025,1153,1050,0.005751228,111.8947754,223789,100.7053009,0.000384388,330.9588623,330.9588623,0.116456814,0.315198928,1.214232564,3.286409616,108,070802060502,F070802060502_331,16
311,474.9951017,3321.628841,680_26_2,1.752679825,0.820442319,122.245903,122.245903,78,208.6216736,1390.811157,100,5.924057961,69.05558777,0.804033458,0.229723856,104.1936922,0.011783178,135.0460336,12.13641003,2586,2353,0.012888227,104.9222172,209843,94.42999612,0.000360435,330.8675842,330.8675842,0.051953211,0.14061521,1.294566393,3.50383997,108,070801030407,F070801030407_658,16
312,475.411987,3321.469055,723_29_1,1.727135539,0.820402861,122.2400284,122.2400284,41,109.6550446,731.0336304,100,5.83771801,68.04914093,0.803994775,0.229712799,199.9999994,0.022617833,144.316761,11.53852308,5348,4866,0.026652832,268.8120033,537624,241.9308057,0.00092344,231.8950806,231.8950806,0.025121255,0.047656201,0.505268574,0.958518207,108,070801010405,F070801010405_86,32
313,473.9912243,3319.710731,149_26_2,1.651015878,0.819968522,122.1753082,122.1753082,35,93.55841827,623.7227783,100,5.580433846,65.05002594,0.803569138,0.229591191,37.67008591,0.004260079,130.9991455,6.474283874,888,809,0.004431184,14.50244427,29005,13.05220008,4.98197E-05,215.7337341,215.7337341,0.151020154,0.266667157,9.360514641,16.52853394,104,070801030603,F070801030603_465,24
314,473.4932442,3316.671341,508_6_2,1.518719554,0.819217801,122.0634537,122.0634537,29,79.67819214,531.1879272,100,5.133272171,59.83755112,0.802833438,0.22938098,69.97582046,0.007913507,157.2088814,9.034622917,1238,1128,0.006178462,37.65450429,75310,33.8890541,0.000129353,201.7416382,201.7416382,0.108212285,0.178848967,3.601854801,5.95300293,108,070802060502,F070802060502_7,16
315,481.4598377,3315.104522,520_5_2,1.838626266,0.818830788,122.0057907,122.0057907,41,109.4448776,729.6325073,100,6.214556694,72.44187164,0.802454174,0.229272619,39.75555325,0.004495922,147.9997711,7.136836708,1005,914,0.005006307,58.55014038,117100,52.69512558,0.000201135,231.4506683,231.4506683,0.133485541,0.253228307,2.315314531,4.392259598,108,070801010301,F070801010301_509,24
316,473.5347383,3310.030686,515_1_1,1.708814383,0.8175776,121.8190613,121.8190613,17,45.31003189,302.0668945,100,5.775792599,67.32728577,0.80122602,0.228921726,62.04919665,0.007017092,138.4789307,8.519628644,1097,999,0.005471882,67.30025589,134601,60.57023001,0.000231194,167.1290894,167.1290894,0.121941,0.16729638,2.011203527,2.75926137,108,070802060603,F070802060603_306,24
317,474.4766917,3309.860591,186_23_1,1.729288459,0.817535579,121.8127975,121.8127975,39,103.9412231,692.9414673,100,5.844995022,68.13396454,0.801184893,0.228909969,33.69116993,0.003810106,134.7776235,9.349977344,878,799,0.00437641,8.859452404,17719,7.973506942,3.04345E-05,225.7540283,225.7540283,0.152456567,0.282545716,15.27719212,28.31301498,108,070801030407,F070801030407_159,16
318,471.9260225,3305.266199,443_24_2,1.598458648,0.816400766,121.6437149,121.6437149,78,207.5940857,1383.960571,100,5.40279007,62.97927094,0.80007273,0.228592217,22.9639435,0.002596973,137.7985891,12.33949947,570,519,0.00284275,66.68928786,133378,60.02035721,0.000229095,329.237793,329.237793,0.23438096,0.634369552,2.026707649,5.485435486,108,070801030303,F070801030303_82,8
319,472.3456581,3305.217343,186_4_1,1.654832959,0.816388667,121.6419144,121.6419144,34,90.48825836,603.2550659,100,5.593335629,65.20041656,0.800060868,0.22858882,131.4524562,0.014865849,132.2141113,10.54627626,3279,2983,0.016338964,161.9917924,323984,145.7926132,0.000556484,212.1301727,212.1301727,0.040778384,0.071113035,0.834348977,1.455013156,108,070801030407,F070801030407_156,16
320,471.433343,3298.82055,54_34_2,1.685376763,0.814808667,121.4064941,121.4064941,54,143.4389191,956.2594604,100,5.696573257,66.40384674,0.798512518,0.228146434,200.0000013,0.022617833,133.8331899,12.01293748,4981,4533,0.024828871,54.75173282,109505,49.27656059,0.000188087,264.8453979,264.8453979,0.026782814,0.058426075,2.463777781,5.37467289,104,070801030405,F070801030405_41,32
321,473.2332438,3298.256406,137_10_1,1.672758222,0.814669311,121.3857269,121.3857269,78,207.1537476,1381.025024,100,5.653922558,65.90667725,0.798375905,0.228107408,63.47080683,0.007177861,131.0016968,11.79874706,1575,1435,0.007860011,106.3419409,212683,95.7077498,0.000365312,328.5394897,328.5394897,0.084589355,0.228947386,1.268295646,3.432736635,108,070802060602,F070802060602_81,32
322,471.7674247,3296.689015,540_5_2,1.736448526,0.814282179,121.3280411,121.3280411,75,199.0912933,1327.275269,100,5.869195938,68.41606903,0.797996521,0.227999017,29.56460777,0.003343437,130.9997711,11.7986114,734,668,0.003658876,88.10125263,176205,79.29112825,0.000302651,320.419342,320.419342,0.181628808,0.47966966,1.530159116,4.041049004,108,070802060503,F070802060503_178,24
323,471.8358487,3296.215333,458_63_1,1.637209773,0.814165175,121.3106079,121.3106079,30,79.62532806,530.8355103,100,5.533769131,64.50606537,0.797881842,0.227966249,161.007898,0.018208249,136.6677144,9.467794269,4255,3872,0.021208336,63.16684175,126333,56.85015631,0.000216995,200.9359436,200.9359436,0.03133022,0.051894613,2.133865833,3.534483671,108,070802060801,F070802060801_235,24
324,473.0863373,3293.479576,421_33_1,1.79379952,0.813489437,121.2099228,121.2099228,45,119.3388443,795.5922852,100,6.063042164,70.67569733,0.797219634,0.227777049,52.74618065,0.005965022,134.7793172,12.0834252,1352,1230,0.006737152,26.73178822,53463,24.0586093,9.18307E-05,240.5487671,240.5487671,0.09854465,0.1955681,5.038110256,9.998448372,108,070801030605,F070801030605_51,32
325,473.5507023,3275.598527,184_8_2,1.731208086,0.809072852,120.551857,120.551857,42,110.7781525,738.5209961,100,5.851483345,68.20960236,0.792891383,0.226540402,22.40453875,0.002533711,131.0009613,6.47434777,70,63,0.000345074,1.698619246,3397,1.528757334,5.8352E-06,231.3300171,231.3300171,1.913521528,3.671905041,78.85610962,151.318985,108,070802060602,F070802060602_78,24
326,468.4053313,3272.4768,680_5_2,1.62899375,0.808301747,120.4369583,120.4369583,79,208.1700287,1387.800171,100,5.505999088,64.18235016,0.792135715,0.226324484,38.31442308,0.004332946,135.5328644,12.14022274,976,889,0.004869373,29.1503842,58302,26.23534566,0.000100139,328.6069946,328.6069946,0.135474637,0.369636655,4.590637207,12.52535439,108,070801030407,F070801030407_664,16
327,465.1230458,3268.447496,791_2_1,1.645690441,0.807306528,120.2886734,120.2886734,80,210.5455322,1403.636841,100,5.56243372,64.84020233,0.791160405,0.226045832,81.60995102,0.009229201,131.0021362,8.249185363,1556,1416,0.007755941,39.61531591,79231,35.6537838,0.000136089,330.834198,330.834198,0.084949628,0.23363997,3.373798132,9.279076576,108,070802060603,F070802060603_2,24
328,466.7186009,3263.530626,192_7_2,1.681289911,0.806092083,120.1077194,120.1077194,61,160.2992401,1068.661621,100,5.682759762,66.24282074,0.789970219,0.225705788,20.93029207,0.002366989,159.3326569,7.656922519,615,560,0.003067321,58.22886679,116458,52.40598121,0.000200031,280.4069519,280.4069519,0.214478076,0.5007267,2.291870356,5.350667,108,070801030407,F070801030407_55,8
329,466.6409879,3262.634583,549_9_1,1.631159663,0.805870771,120.0747452,120.0747452,68,178.6454315,1190.969482,100,5.513319492,64.26769257,0.789753377,0.225643814,49.3289299,0.005578568,158.2000885,14.05363655,1458,1327,0.007268456,71.2503261,142501,64.12529501,0.000244764,298.7201843,298.7201843,0.090485863,0.225109413,1.872502089,4.658382893,108,070801010301,F070801010301_260,24
330,464.4495899,3249.186163,481_53_2,1.673265457,0.802549005,119.5798035,119.5798035,76,198.8392944,1325.595337,100,5.655637264,65.92665863,0.78649801,0.224713728,120.3919157,0.013615021,133.8318138,9.839627528,3042,2768,0.015161331,54.58879101,109178,49.12991308,0.000187527,318.4190979,318.4190979,0.043200795,0.115035802,2.433951139,6.481165409,108,070802060603,F070802060603_638,24
331,471.5947454,3248.777218,420_1_2,1.782550216,0.802447975,119.5647507,119.5647507,52,136.0307922,906.8719482,100,6.025019646,70.23247528,0.786399007,0.224685431,199.9999992,0.022617833,138.3674342,11.5339812,5156,4692,0.025699771,102.8021166,205603,92.52190527,0.000353152,255.5955505,255.5955505,0.025482683,0.054474756,1.292285919,2.762540817,108,070801030303,F070801030302_38,16
332,463.9350936,3238.668889,694_22_2,1.621254921,0.799951196,119.1927261,119.1927261,5,13.03919601,86.92797089,100,5.479841709,63.87744522,0.783952177,0.223986328,199.9999979,0.022617833,140.1971494,10.40408845,4750,4323,0.023678625,135.9715027,271942,122.3743534,0.000467098,132.2319183,132.2319183,0.027571762,0.030587999,0.974000871,1.080552578,108,070801030303,F070801030303_526,16
333,465.2007142,3225.128995,590_17_1,1.745882511,0.796606839,118.6944199,118.6944199,32,83.10195923,554.0130615,100,5.901082993,68.78777313,0.780674696,0.223049909,28.55617833,0.003229394,158.2000275,9.752420863,809,736,0.004031337,30.45823835,60916,27.41241521,0.000104632,201.7963867,201.7963867,0.16126959,0.274179876,4.329951286,7.361495972,108,070802060802,F070802060802_43,24
334,458.2907973,3217.180393,455_33_1,1.628675818,0.794643581,118.4018936,118.4018936,80,207.2429199,1381.619507,100,5.504924297,64.16983032,0.778750718,0.222500205,71.80375481,0.008120227,141.6220818,10.30712402,1351,1230,0.006737152,530.2489882,1060499,477.224081,0.001821544,325.6448059,325.6448059,0.096261702,0.264751881,0.248105451,0.682372928,108,070802060803,F070802060803_206,32
335,462.2036194,3216.506536,455_8_2,1.632839322,0.794477105,118.3770905,118.3770905,80,207.1992798,1381.328491,100,5.518996716,64.33386993,0.77858758,0.222453594,20.78730061,0.002350818,139.5025177,12.45046933,517,471,0.002579836,0.067120396,134,0.060408358,2.30576E-07,325.576355,325.576355,0.251331389,0.6912449,1959.614502,5389.591309,108,070802060803,F070802060803_299,32
336,461.6314855,3207.047517,22_12_1,1.635428667,0.792140722,118.0289688,118.0289688,78,201.4251099,1342.834106,100,5.527749062,64.4358902,0.776297927,0.221799403,22.17945982,0.002508257,144.4579697,12.83211422,594,541,0.002963252,13.93022004,27861,12.53719803,4.7854E-05,319.454071,319.454071,0.218168154,0.590488136,9.414301872,25.48049927,104,070801030402,F070801030402_293,32
337,458.749126,3206.505196,723_46_1,1.655967116,0.792006791,118.0090103,118.0090103,78,201.3914795,1342.609863,100,5.597168922,65.24510193,0.776166677,0.221761897,27.98284149,0.003164556,142.3327942,12.65263081,744,677,0.003708172,12.83499146,25670,11.55149269,4.40916E-05,319.4004822,319.4004822,0.174311683,0.471788019,10.21590996,27.65014839,108,070801010405,F070801010405_161,32
338,461.0705119,3204.46421,115_8_2,1.674660087,0.791502655,117.9338989,117.9338989,78,201.2632904,1341.755249,100,5.660351276,65.98160553,0.775672615,0.221620739,200.0000002,0.022617833,138.7918606,11.17272805,4945,4500,0.024648118,221.8445294,443690,199.6600776,0.000762094,319.1972046,319.1972046,0.026207533,0.070932709,0.590673387,1.598703146,104,070801030406,F070801030406_20,24
339,458.8798785,3199.202476,694_52_2,1.606997371,0.790203035,117.7402496,117.7402496,77,198.3567657,1322.378418,100,5.431651115,63.31569672,0.774398983,0.221256852,199.9999985,0.022617833,145.9854177,11.8262132,5376,4893,0.02680072,147.7338491,295467,132.9604639,0.000507504,316.0970154,316.0970154,0.024062999,0.064601883,0.885528266,2.37737608,108,070801030303,F070801030303_541,16
340,460.755288,3199.159352,455_17_1,1.66149056,0.790192366,117.7386627,117.7386627,86,221.5383148,1476.922119,100,5.615838051,65.46273041,0.774388492,0.221253857,20.0419562,0.002266528,142.3328247,8.818422119,530,483,0.002645565,83.97509629,167950,75.57758592,0.000288476,339.2769775,339.2769775,0.243765354,0.702436805,1.557851553,4.489121437,108,070802060803,F070802060803_204,32
341,453.2606489,3198.018107,658_20_1,1.687523365,0.789910495,117.6966629,117.6966629,78,200.858139,1339.054199,100,5.703828812,66.48841858,0.774112284,0.22117494,42.27107659,0.004780401,130.9982452,11.79850388,1048,954,0.005225401,20.39933896,40799,18.35940433,7.00771E-05,318.5548096,318.5548096,0.123371765,0.333914906,6.410701752,17.3510437,104,070801030401,F070801030401_515,24
342,458.5914346,3197.417129,60_11_2,1.699969053,0.78976202,117.6745377,117.6745377,29,74.66379547,497.7586365,100,5.745895386,66.97878265,0.773966789,0.221133366,36.64035046,0.004143627,139.5017014,6.805649221,882,803,0.00439832,18.16858339,36337,16.35172462,6.24138E-05,192.3383331,192.3383331,0.146543637,0.239524692,7.196460247,11.76257133,104,070801030202,F070801030202_205,32
343,459.6554181,3189.748504,658_30_2,1.65379858,0.787867904,117.3923187,117.3923187,33,84.75862885,565.0574951,100,5.589838982,65.15966034,0.772110522,0.220603019,25.57651703,0.002892427,138.2245522,10.11943042,701,638,0.003494555,82.98744229,165975,74.68869789,0.000285084,202.1509399,202.1509399,0.184000507,0.31685099,1.571754813,2.706580162,104,070801030401,F070801030401_473,32
344,460.6212906,3182.025497,594_11_2,1.666172981,0.785960317,117.1080856,117.1080856,1,2.562228203,17.08152199,100,5.631664753,65.6472168,0.770241082,0.220068887,38.00301746,0.00429773,,1.149999976,92,83,0.000454621,20.43295992,40866,18.38966393,7.01926E-05,119.670311,119.670311,1.410940766,1.441810966,6.368146896,6.507476807,108,070802060804,F070802060804_433,32
345,456.2209114,3180.345997,458_28_1,1.529314041,0.785545468,117.0462723,117.0462723,78,199.7485046,1331.656738,100,5.169081688,60.25497437,0.769834578,0.219952732,23.47715092,0.002655011,131.00354,11.79887724,582,530,0.002903001,58.86695004,117734,52.98025608,0.000202223,316.7947693,316.7947693,0.220842019,0.597725987,2.209243298,5.979487419,108,070802060801,F070802060801_198,24
346,448.3919233,3170.330617,520_1_2,1.683129668,0.783071637,116.6776733,116.6776733,35,89.34848022,595.6565552,100,5.688978195,66.31530762,0.767410219,0.219260052,194.2133833,0.02196343,136.6655477,10.65591831,4863,4426,0.024242793,143.3151563,286631,128.9836404,0.000492325,206.0261536,206.0261536,0.026361879,0.046549063,0.904592812,1.597304583,108,070801010301,F070801010301_509,24
347,454.4794998,3157.609791,163_29_2,1.652866721,0.779929638,116.2095184,116.2095184,32,81.36218262,542.4145508,100,5.586689472,65.12294769,0.764331043,0.218380302,63.74200273,0.00720853,142.3358765,6.916101793,1261,1147,0.006282531,230.5308537,461062,207.4777675,0.000791934,197.571701,197.571701,0.101316057,0.172250822,0.56010586,0.952254832,108,070801030407,F070801030407_354,16
348,455.0008018,3153.989446,406_4_2,1.599498391,0.779035389,116.0762711,116.0762711,73,185.3948212,1235.965454,100,5.406304359,63.02023697,0.763454676,0.218129903,49.67072987,0.005617221,135.9586105,9.965701556,1295,1178,0.00645233,95.14071922,190282,85.62664648,0.000326833,301.4710999,301.4710999,0.09853673,0.255917728,1.355609179,3.520762682,108,070801030603,F070801030603_308,24
349,452.6006655,3149.306113,186_2_1,1.569575787,0.777878582,115.9039078,115.9039078,78,197.7989655,1318.65979,100,5.305166245,61.84128571,0.762320995,0.217805997,64.61141732,0.007306851,149.6997147,13.27258635,1783,1622,0.008884277,62.42412765,124849,56.18171471,0.000214443,313.7028809,313.7028809,0.071457401,0.193404987,2.063018322,5.5837183,108,070801030407,F070801030407_151,16
350,449.2948548,3130.385228,443_1_1,1.604730368,0.773205161,115.2075653,115.2075653,78,196.610672,1310.737793,100,5.423988819,63.22637558,0.757741034,0.216497451,54.63339424,0.006178445,115.7479248,10.89283657,1225,1115,0.006107256,66.48084712,132962,59.83276129,0.000228379,311.8182373,311.8182373,0.103325173,0.279657602,1.925493002,5.21149683,108,070801030303,F070801030303_81,8
351,449.9618164,3125.352653,489_21_1,1.564606309,0.771962106,115.0223541,115.0223541,29,72.98123169,486.5415344,100,5.288369179,61.64548874,0.756522894,0.21614939,199.9999971,0.022617833,130.9994125,11.79858589,4962,4515,0.024730278,99.7202485,199441,89.74822249,0.000342565,188.0035858,188.0035858,0.025475604,0.041639775,1.281611443,2.094789028,108,070802060502,F070802060502_253,8
352,449.1743593,3123.315036,443_1_2,1.604730368,0.771458805,114.9473648,114.9473648,78,196.1663208,1307.775513,100,5.423988819,63.22637558,0.756029606,0.216008469,85.82419872,0.009705787,136.0984421,12.20424628,2244,2042,0.011184768,134.745065,269489,121.2705591,0.000462885,311.113678,311.113678,0.056291558,0.15235734,0.94785881,2.565450907,108,070801030303,F070801030303_82,8
353,449.1721571,3112.964637,455_24_1,1.617860317,0.768902242,114.5664368,114.5664368,6,15.03971767,100.2647858,100,5.468368053,63.74369812,0.753524184,0.215292633,30.43668351,0.003442059,139.5010834,12.46127462,756,688,0.003768423,4.805944823,9612,4.325350199,1.65097E-05,129.6061554,129.6061554,0.166520983,0.188381046,26.48720551,29.96431541,108,070802060803,F070802060803_306,24
354,447.3219775,3109.515937,421_36_2,1.524513721,0.768050432,114.4395142,114.4395142,83,207.8186951,1385.458008,100,5.15285635,60.06584167,0.752689421,0.215054125,26.8221699,0.003033297,130.9990311,11.79855919,665,605,0.003313803,12.76219773,25524,11.48597747,4.38415E-05,322.2582092,322.2582092,0.189156219,0.532658219,9.963411331,28.05666351,108,070801030605,F070801030605_89,32
355,448.8613178,3107.824687,658_10_1,1.543404698,0.767632723,114.3772736,114.3772736,41,102.6017914,684.0119629,100,5.216707706,60.81014633,0.752280056,0.214937165,65.09417708,0.007361446,137.7996857,10.45464919,1727,1573,0.008615887,52.8227064,105645,47.54043531,0.00018146,216.9790649,216.9790649,0.072712824,0.137939647,2.405894518,4.56409502,104,070801030401,F070801030401_473,32
356,445.5486036,3104.723753,620_14_2,1.48263669,0.766866744,114.2631454,114.2631454,70,174.9989929,1166.659912,100,5.011312008,58.41588593,0.751529396,0.214722693,25.85311127,0.002923707,130.9967194,11.79839611,641,583,0.003193301,99.53473663,199069,89.58126068,0.000341928,289.262146,289.262146,0.19599168,0.496161491,1.275525093,3.229047537,115,070801010601,F070801010601_408,32
357,444.2965416,3100.887316,443_12_1,1.595557332,0.765919149,114.1219559,114.1219559,78,194.7579193,1298.386108,100,5.392983913,62.86495972,0.750600755,0.214457363,31.33639584,0.003543807,124.8985748,11.43626919,685,623,0.003412395,44.28035444,88560,39.85231969,0.000152115,308.8798828,308.8798828,0.183181316,0.495794356,2.863621473,7.750612259,108,070801030303,F070801030303_81,8
358,444.4203669,3098.119311,397_14_1,1.545378685,0.765235484,114.0200882,114.0200882,34,84.81861877,565.4574585,100,5.223380089,60.88792038,0.749930799,0.214265943,143.8582336,0.016268808,132.4164632,10.36736725,3509,3193,0.017489209,166.851281,333703,150.166157,0.000573178,198.8387146,198.8387146,0.035709392,0.06227332,0.759292841,1.324124694,108,070802060602,F070802060602_150,24
359,444.6593299,3097.902311,699_59_1,1.636270046,0.765181899,114.0121002,114.0121002,5,12.47244835,83.1496582,100,5.530592918,64.46903992,0.749878287,0.214250937,52.36634684,0.005922067,131.0007782,6.474341094,1207,1098,0.006014141,22.85861206,45717,20.57275009,7.85253E-05,126.4845505,126.4845505,0.103836156,0.115195401,5.541898727,6.148159504,108,070802060406,F070802060406_109,32
360,447.8471511,3092.862629,110_27_1,1.698232174,0.763937056,113.826622,113.826622,78,194.2538452,1295.025635,100,5.740024567,66.91034698,0.748658299,0.213902369,22.99538496,0.002600529,134.778361,12.08334986,570,519,0.00284275,74.7101558,149420,67.239141,0.000256649,308.0804749,308.0804749,0.21931912,0.593603969,1.692862511,4.581861973,108,070802060301,F070802060301_94,32
361,442.918962,3076.576892,714_8_2,1.607591271,0.759914517,113.2272644,113.2272644,8,19.81854057,132.1235962,100,5.4336586,63.33909607,0.744716227,0.212776065,33.71613753,0.00381293,130.9963379,11.79836941,836,761,0.004168271,61.8523015,123704,55.66707046,0.000212479,133.0458069,133.0458069,0.148787469,0.174830228,2.034008026,2.390027046,108,070802060503,F070802060503_249,16
362,443.5336588,3072.001488,576_5_1,1.533307672,0.758784354,113.0588684,113.0588684,69,170.6806641,1137.871094,100,5.182579994,60.412323,0.743608654,0.212459624,26.13912171,0.002956051,132.7003235,11.92463684,647,589,0.003226165,29.04139466,58082,26.13725465,9.97648E-05,283.7395325,283.7395325,0.191950545,0.481730968,4.325582981,10.85575104,108,070801010602,F070801010602_301,24
363,439.2584874,3060.456611,181_1_1,1.553369164,0.755932808,112.6339874,112.6339874,70,172.5038605,1150.025757,100,5.250387669,61.20274353,0.740814149,0.21166119,20.40485668,0.002307568,139.4971619,6.789151371,206,187,0.001024266,22.43427551,44868,20.19084787,7.70676E-05,285.1378479,285.1378479,0.60232079,1.524801373,5.578467369,14.12213326,108,070801030407,F070801030407_66,16
364,441.1743592,3059.600836,594_19_2,1.597624779,0.75572139,112.6024857,112.6024857,86,211.874054,1412.493652,100,5.399971962,62.94641495,0.740606964,0.211601987,46.1120491,0.005214773,130.9992371,11.79857349,1144,1041,0.005701931,95.36093551,190723,85.82484091,0.00032759,324.476532,324.476532,0.108167611,0.311696947,1.312003374,3.780683279,108,070802060804,F070802060804_508,32
365,441.704522,3054.477133,658_23_2,1.576159477,0.754455864,112.4139252,112.4139252,33,81.16436768,541.0957642,100,5.327418804,62.10068512,0.73936677,0.211247638,41.29852283,0.004670416,145.448761,8.999949574,1058,962,0.00526922,107.3098702,214620,96.57888007,0.000368637,193.5782928,193.5782928,0.116854392,0.201224834,1.163959742,2.004354239,104,070801030401,F070801030401_473,32
366,438.8999177,3052.468904,181_1_2,1.553369164,0.753959835,112.3400116,112.3400116,70,172.0536346,1147.02417,100,5.250387669,61.20274353,0.738880634,0.211108759,171.6184522,0.019408188,140.4712132,12.53225068,4527,4119,0.022561244,446.2398129,892481,401.6158266,0.00153295,284.3936462,284.3936462,0.027273612,0.069044344,0.279720068,0.708123624,108,070801030407,F070801030407_67,16
367,438.8898526,3028.171141,97_1_2,1.548001409,0.747958243,111.4457779,111.4457779,53,129.2320557,861.5470581,100,5.232244968,60.99125671,0.732999086,0.20942831,123.5721788,0.013974675,132.0278168,9.267736683,2109,1918,0.010505576,147.5022546,295004,132.7520285,0.000506709,240.6778259,240.6778259,0.058105201,0.125483751,0.839503407,1.812987924,108,070801030406,F070801030406_394,24
368,439.6616396,3027.252426,583_5_2,1.577353954,0.747731328,111.4119644,111.4119644,68,165.7569275,1105.046143,100,5.331456184,62.14774704,0.732776701,0.209364772,27.8301044,0.003147283,136.6658859,8.533728083,688,626,0.003428827,15.48983377,30979,13.94085062,5.32116E-05,277.1688843,277.1688843,0.177974388,0.442761809,7.991762161,19.88177681,108,070801010301,F070801010301_145,24
369,433.9704736,3024.425798,406_37_1,1.455290318,0.747033179,111.3079453,111.3079453,70,170.4729767,1136.486572,100,4.918881416,57.33843994,0.7320925,0.209169284,200.0000018,0.022617833,139.1678898,10.22387683,5133,4672,0.025590224,271.0728685,542144,243.965584,0.000931206,281.7809143,281.7809143,0.023824474,0.060312696,0.456244469,1.155002713,108,070801030603,F070801030603_307,24
370,425.7761391,2998.321527,516_2_1,1.521193266,0.740585446,110.347229,110.347229,78,188.3160553,1255.44043,100,5.141633034,59.93501282,0.725773752,0.207363918,95.69386625,0.01082194,137.3744278,12.28732538,2480,2258,0.012367878,99.61847138,199236,89.65662301,0.000342216,298.663269,298.663269,0.048869453,0.132268935,1.230776072,3.331190348,108,070802060603,F070802060603_441,16
371,430.465489,2996.920449,94_25_2,1.522154212,0.740239322,110.2956619,110.2956619,79,190.6410522,1270.940308,100,5.144881248,59.9728775,0.725434542,0.207267016,24.85729334,0.002811091,131.0013084,11.79871964,617,562,0.003078276,2.516443666,5033,2.264799347,8.64464E-06,300.9367065,300.9367065,0.196255624,0.535474539,48.69997025,132.8756561,104,070801030602,F070801030602_217,32
372,430.6951526,2993.81759,128_11_1,1.542176962,0.739472926,110.1814651,110.1814651,78,188.0331726,1253.554443,100,5.21255827,60.76177216,0.724683464,0.207052425,146.996918,0.016623759,143.7498779,12.77609777,4056,3691,0.020216934,441.6399449,883280,397.4759595,0.001517149,298.2146301,298.2146301,0.029851386,0.080795079,0.277202845,0.750270844,108,070801030406,F070801030406_36,16
373,429.0639317,2988.978937,405_8_2,1.527686477,0.738277793,110.0033875,110.0033875,61,146.8137817,978.7585449,100,5.163580418,60.19084549,0.723512232,0.206717789,71.49863949,0.008085722,131.0013336,10.02393474,1760,1601,0.008769253,70.28291214,140566,63.25461958,0.00024144,256.8171692,256.8171692,0.068709172,0.160410479,1.739056945,4.060053825,108,070802060601,F070802060601_358,16
374,427.5467863,2976.537937,458_48_1,1.524058938,0.735204875,109.5455246,109.5455246,78,186.947876,1246.319214,100,5.151319027,60.04792404,0.720500767,0.205857366,164.0854734,0.018556289,134.6429923,12.07791737,4077,3710,0.020321004,421.0817179,842162,378.9735297,0.001446526,296.4934082,296.4934082,0.029527096,0.079917364,0.289058506,0.782359123,108,070802060801,F070802060801_103,24
375,427.2296149,2962.732981,658_10_2,1.543404698,0.731795073,109.037468,109.037468,38,90.6547699,604.3651123,100,5.216707706,60.81014633,0.717159152,0.204902619,28.94861782,0.003273775,137.6104838,9.507423729,733,667,0.003653399,56.17754602,112355,50.55979133,0.000192985,199.6922302,199.6922302,0.16347447,0.299388647,2.15660429,3.949625254,104,070801030401,F070801030401_473,32
376,427.3728458,2958.942277,23_3_2,1.528746605,0.730858743,108.8979492,108.8979492,73,173.9295959,1159.53064,100,5.167163372,60.23261642,0.716241598,0.204640448,86.41282249,0.009772354,148.5670649,13.25177415,2407,2190,0.011995417,316.2959015,632591,284.6663163,0.001086559,282.8275452,282.8275452,0.049725089,0.129144996,0.382545948,0.993540585,105,070600060901,F070600060901_53,32
377,423.8512871,2941.861085,450_23_2,1.463143468,0.726639688,108.26931,108.26931,70,165.8191376,1105.460938,100,4.945425034,57.64785385,0.712106884,0.203459114,32.31629562,0.003654623,130.9997635,11.79861116,802,730,0.003998472,40.41688025,80834,36.37519222,0.000138843,274.0884399,274.0884399,0.148314118,0.375463605,2.976460218,7.535037518,108,070801030301,F070801030301_610,16
378,421.3716816,2936.758589,778_3_1,1.438892007,0.725379348,108.0815201,108.0815201,50,118.236824,788.2454834,100,4.863454819,56.69234467,0.710871756,0.203106225,30.88718605,0.003493006,,1.149999976,75,68,0.00037246,0.08351779,167,0.075166009,2.86905E-07,226.3183441,226.3183441,1.589434147,3.328210831,1437.904175,3010.91333,108,070802060804,F070802060804_94,32
379,423.3850909,2935.330481,141_6_1,1.514886022,0.725026608,108.0289612,108.0289612,70,165.4500732,1103.000488,100,5.120314598,59.68650818,0.710526049,0.203007445,27.00584793,0.003054069,139.5003815,12.42855358,706,642,0.003516465,27.07928276,54159,24.37135506,9.30244E-05,273.4790344,273.4790344,0.168269411,0.425979793,4.432620049,11.22133064,108,070801030409,F070801030409_185,16
380,419.824171,2904.867384,696_4_2,1.407955647,0.717502236,106.9078369,106.9078369,92,215.1932831,1434.621826,100,4.758890152,55.47345352,0.70315218,0.200900629,37.81094503,0.004276008,131.0011597,6.474354446,930,846,0.004633846,34.17629242,68353,30.75866318,0.000117405,322.1011353,322.1011353,0.126368597,0.380734205,3.475698471,10.47188377,108,070802060601,F070802060601_34,16
381,416.6946725,2899.910893,458_47_1,1.468241334,0.716278017,106.7254257,106.7254257,45,105.07798,700.5198975,100,4.962655544,57.84870911,0.701952457,0.200557843,57.44102705,0.006495958,142.3336029,9.799021572,1555,1415,0.007750464,95.46349752,190927,85.91714764,0.000327942,211.8034058,211.8034058,0.075424328,0.149684384,1.242190003,2.465205193,108,070802060801,F070802060801_272,24
382,407.7510192,2814.321805,450_10_1,1.403932571,0.695137501,103.5754852,103.5754852,70,158.6303711,1057.535767,100,4.745292187,55.31494141,0.681234777,0.194638506,25.54882717,0.002889296,159.3338013,14.16395712,761,693,0.00379581,20.64669514,41293,18.58202505,7.09268E-05,262.2058716,262.2058716,0.149459571,0.37836346,5.573961258,14.11072636,108,070801030301,F070801030301_151,24
383,399.304435,2811.034675,450_29_1,1.661818385,0.694325566,103.4545059,103.4545059,70,158.4450989,1056.300659,100,5.61694622,65.47564697,0.680439055,0.194411159,34.63116646,0.00391641,145.1667786,12.98127651,986,897,0.004913192,51.0394268,102079,45.93548393,0.000175334,261.8995972,261.8995972,0.1153339,0.291972786,2.252169609,5.701466084,108,070801030301,F070801030301_264,16
384,406.0219122,2801.847435,406_35_1,1.421616673,0.692056298,103.1163864,103.1163864,78,175.9752655,1173.168457,100,4.805064201,56.01169586,0.678215146,0.193775758,30.88149571,0.003492363,144.2213643,9.894708961,499,455,0.002492199,26.2896914,52579,23.66072142,9.0312E-05,279.0916443,279.0916443,0.226629421,0.61338824,4.35812521,11.79556751,108,070801030603,F070801030603_142,24
385,396.0829249,2798.476332,516_2_2,1.521193266,0.691223681,102.9923248,102.9923248,78,175.7643433,1171.762329,100,5.141633034,59.93501282,0.677399218,0.193542629,28.40928785,0.003212783,130.9992126,11.79857197,705,642,0.003516465,79.38956925,158780,71.4506108,0.000272724,278.7566528,278.7566528,0.160424188,0.434200406,1.441447735,3.90138936,108,070802060603,F070802060603_441,16
386,404.8345567,2784.251172,579_5_2,1.500766397,0.687710047,102.4687958,102.4687958,85,190.5641022,1270.427368,100,5.072590351,59.13019562,0.673955858,0.19255881,33.87394267,0.003830776,131.0000076,11.79862785,840,764,0.004184703,35.99653745,71993,32.39688256,0.000123658,293.0328979,293.0328979,0.134121463,0.383550912,3.162921429,9.045095444,108,070802060802,F070802060802_141,24
387,397.8176881,2749.9871,406_35_2,1.421616673,0.679246843,101.2077789,101.2077789,78,172.717926,1151.452881,100,4.805064201,56.01169586,0.665661931,0.190189123,183.1035814,0.020707031,137.1389821,12.26679881,4691,4270,0.023388325,202.2774181,404555,182.0496778,0.000694876,273.9257202,273.9257202,0.023702055,0.06415122,0.555934966,1.504675627,108,070801030603,F070801030603_297,24
388,397.8590002,2742.808019,516_19_1,1.381584644,0.677473605,100.9435654,100.9435654,37,81.71676636,544.7784424,100,4.669755936,54.4344368,0.663924158,0.189692616,80.86277568,0.009144704,135.2478447,9.933791041,1962,1785,0.009777087,109.1690241,218337,98.25212121,0.000375024,182.6603394,182.6603394,0.056551017,0.102330722,1.027393222,1.859098196,108,070802060603,F070802060603_452,16
389,384.1644482,2650.270078,399_18_2,1.309530735,0.654616714,97.53788757,97.53788757,48,102.4344254,682.8961792,100,4.426213741,51.59551239,0.641524374,0.183292687,34.84501896,0.003940594,130.9995677,9.136447996,836,761,0.004168271,46.95030812,93901,42.25527688,0.000161287,199.9723206,199.9723206,0.128170684,0.262775719,2.308300734,4.73248148,108,070802060601,F070802060601_134,16
390,375.1371916,2572.950221,53_4_2,1.311125636,0.63551873,94.69229126,94.69229126,78,161.5997009,1077.331299,100,4.431604862,51.6583519,0.622808337,0.177945241,74.35557556,0.00840881,131.0026194,11.79881223,1845,1679,0.009196487,92.57532883,185151,83.31779671,0.00031802,256.2919922,256.2919922,0.05639803,0.152645618,1.136519432,3.076077461,104,070801030601,F070801030601_264,32
391,370.6522608,2533.547511,53_22_2,1.340854764,0.625786245,93.24214935,93.24214935,78,159.1249237,1060.832764,100,4.532089233,52.82967758,0.613270521,0.175220147,200.0000005,0.022617833,139.7835373,9.858102001,4581,4170,0.022840589,424.574318,849147,382.1168909,0.001458524,252.3670654,252.3670654,0.022360228,0.06051968,0.244014725,0.660444677,105,070801030601,F070801030601_135,32
