OBJECTID,Shape_Length,Shape_Area,riparianid,bioAc,opAcres,DirectCost,DirectCost_CP,meanPIdx,OpportunityCost,bioBuffWidth,adjOCosts,bioYield,energyPot,CO2red,N2Ored,SUM_cropAcres,SUM_pctWScropAcres,MEAN_Nrate,MEAN_NO3conc,SUM_cpNO3load,SUM_cpNO3LoadReduced,SUM_cpWSNO3LoadPct,SUM_cpSEDload,SUM_cpSEDloadlbs,SUM_cpSEDLoadReduced,SUM_cpWSSEDLoadPct,TotalCost,TotalCost_CP,DCredNO3,TCredNO3,DCredSED,TCredSED,FBndID,MLRA,HUC12
20,855.2809608,6171.036551,703_9_1,3.062494755,1.524245977,457.2738037,847.4807739,78,387.5852661,100,2583.901855,10.35123253,120.6622925,1.493761063,0.426788867,185.0535256,0.020927549,145.8141588,12.98754624,4852,2426,0.013288074,54.7492688,109500,49.27434188,0.000188078,844.8590698,1235.06604,0.188488796,0.348251879,9.280160904,17.1460247,F070801030303_219,108,070801030303
21,807.1319431,6137.444715,703_11_2,3.050509453,1.515948892,454.784668,842.8675537,78,385.4752502,100,2569.834961,10.31072235,120.1900711,1.485629916,0.424465686,199.9999972,0.022617833,141.8800598,12.65848346,5142,2570,0.014076814,191.2077441,382415,172.0869704,0.000656849,840.2598877,1228.342773,0.176959008,0.326949358,2.642760515,4.882762909,F070801030303_219,108,070801030303
30,828.0783226,6015.823596,845_9_1,3.047483683,1.485908389,445.772522,826.1650391,92,445.6536865,100,2971.024658,10.30049515,120.0708542,1.456190228,0.416054338,45.6102103,0.005158021,135.2492905,12.1298511,1133,566,0.003100186,46.49572212,92992,41.84614897,0.000159725,891.4262085,1271.818726,0.787583947,1.574957967,10.65265369,21.30246735,F070802060302_371,108,070802060302
44,813.8632618,5846.469555,504_1_1,2.862143755,1.444077969,433.2233887,802.9073486,84,395.446228,100,2636.308105,9.674045563,112.7684631,1.415196419,0.404341817,20.07573771,0.002270348,159.0501556,14.1363554,596,298,0.001632253,11.39567901,22792,10.25611099,3.91471E-05,828.6696167,1198.353516,1.453769803,2.78077054,42.24051285,80.79764557,F070802060501_88,108,070802060501
50,805.9553341,5795.22222,703_11_1,3.050509453,1.431419849,429.4259644,795.8694458,78,363.9814453,100,2426.542969,10.31072235,120.1900711,1.4027915,0.400797546,199.9999968,0.022617833,141.9391949,12.6595996,4979,2488,0.013627671,141.5815118,283164,127.4233593,0.00048637,793.4074097,1159.85083,0.172598854,0.318893641,3.370072603,6.226545811,F070801030303_219,108,070801030303
51,803.2376729,5794.008276,489_13_2,2.924271584,1.431120038,429.3359985,795.7027588,78,363.9047241,100,2426.031494,9.884037971,115.216301,1.402497649,0.400713623,181.3652987,0.02051045,145.1670723,12.98130345,4723,2363,0.012943001,110.3176689,220636,99.28590107,0.00037897,793.2407227,1159.607422,0.181691065,0.335692227,4.324239254,7.989459991,F070802060502_465,108,070802060502
75,785.0161037,5621.624057,845_26_1,2.82172966,1.388541102,416.5623169,772.0288696,59,267.0720215,100,1780.480103,9.537446022,111.1761475,1.360770226,0.388791502,40.03676057,0.004527724,130.9990692,8.249041359,380,190,0.001040698,48.32292032,96646,43.49062967,0.000166002,683.6343384,1039.10083,2.192433357,3.59807539,9.578208923,15.71911812,F070802060302_200,108,070802060302
103,766.9472887,5527.816257,680_9_1,2.77848649,1.365370631,409.6111755,759.1460571,79,351.6373291,100,2344.248779,9.391283989,109.4723663,1.33806324,0.382303774,21.84313466,0.002470222,134.3979675,12.06349888,539,269,0.00147341,15.91807383,31836,14.32626665,5.46827E-05,761.2485352,1110.783447,1.522718072,2.829920292,28.59161949,53.13656235,F070801030407_620,108,070801030407
144,752.1777315,5415.668379,836_142_1,2.547434807,1.337670088,401.3010254,743.7445679,76,331.4211426,100,2209.474365,8.610329628,100.3689346,1.310916662,0.374547631,161.3267798,0.018244311,134.3054911,12.04594119,3971,1987,0.010883513,156.9401979,313880,141.2461767,0.000539131,732.722168,1075.165771,0.201963276,0.368758023,2.841145992,5.187553883,F070802060302_360,108,070802060302
152,750.4610561,5403.281526,845_115_1,2.699608564,1.334610581,400.3831787,742.043457,87,378.5222473,100,2523.481689,9.124676704,106.3645782,1.30791831,0.373690963,200.0000054,0.022617834,138.6900155,12.41577721,5177,2589,0.014180884,271.656621,543313,244.4909529,0.000933212,778.9053955,1120.565674,0.154647812,0.300851822,1.637619615,3.185825109,F070802060302_93,108,070802060302
155,749.7814933,5400.914237,84_32_2,2.691593647,1.33402586,400.2077637,741.7183838,78,339.2160645,100,2261.44043,9.097586632,106.04879,1.30734539,0.373527229,102.8378589,0.011629848,133.1267776,11.95622611,2628,1313,0.007191773,73.16850781,146337,65.8516556,0.000251353,739.4238281,1080.934448,0.304804087,0.563156009,6.077414036,11.22862911,F070801030406_420,104,070801030406
179,743.8833892,5327.02208,441_4_1,2.628984213,1.315774441,394.7323303,731.5706177,78,334.5749207,100,2230.499512,8.885966301,103.5819778,1.28945899,0.368416846,199.9999995,0.022617833,137.3124056,12.36442989,4864,2430,0.013309984,171.9662658,343933,154.7696372,0.000590749,729.307251,1066.145508,0.162441283,0.300126433,2.550450802,4.712211609,F070801030303_664,108,070801030303
181,741.6528195,5324.651137,443_23_2,2.806302071,1.315188885,394.5566711,731.2449951,78,334.426239,100,2229.508301,9.485301018,110.5682983,1.288885117,0.368252873,31.36640739,0.003547201,151.3997345,13.42150593,885,442,0.002420993,59.55302429,119106,53.5977211,0.00020458,728.9829102,1065.671265,0.892662168,1.649282575,7.36144495,13.60100555,F070801030303_741,108,070801030303
188,739.5501361,5302.585042,680_9_2,2.77848649,1.309738517,392.9215698,728.2145996,79,337.3100281,100,2248.733398,9.391283989,109.4723663,1.283543706,0.366726786,199.9999984,0.022617833,136.2898602,11.63396476,4676,2336,0.012795112,665.9031451,1331807,599.3128342,0.002287552,730.2315674,1065.524658,0.168202728,0.312599123,0.655620158,1.218448043,F070801030407_620,108,070801030407
208,729.455554,5266.514335,845_104_1,2.61792922,1.300829053,390.2487183,723.2609253,92,390.1446533,100,2600.964355,8.848600388,103.1464081,1.27481246,0.364232123,90.09343791,0.010188592,130.999766,11.79861101,2136,1068,0.00584982,76.6941843,153388,69.02476525,0.000263465,780.3933716,1113.405518,0.365401417,0.73070538,5.653749466,11.30599117,F070802060302_241,108,070802060302
228,729.1070117,5230.586989,399_2_1,2.449415207,1.291954994,387.5864868,718.3269653,92,387.4826355,100,2583.217529,8.27902317,96.50695801,1.266115904,0.361747384,200,0.022617833,135.8165398,12.1740826,5038,2518,0.013791991,217.7047252,435411,195.9342537,0.000747873,775.0690918,1105.80957,0.153926328,0.307811409,1.978145599,3.955760956,F070802060601_134,108,070802060601
248,723.345966,5190.717915,505_12_1,2.664166212,1.282107353,384.6322021,712.8516846,84,351.0920715,100,2340.61377,9.004881859,104.9681473,1.256465197,0.358990073,79.36999273,0.008975886,143.8442688,12.83496507,2001,1001,0.005482837,41.85899162,83718,37.67309192,0.000143797,735.7242432,1063.943726,0.384247959,0.734989226,10.20973301,19.52917099,F070802060502_142,108,070802060502
252,722.2149417,5185.952725,27_18_1,2.625869513,1.280930281,384.2790833,712.1972656,78,326.6483765,100,2177.655762,8.87543869,103.459259,1.255311728,0.358660489,21.41876057,0.00242223,144.6011353,12.92623281,622,312,0.001708936,8.922398137,17844,8.030158417,3.06508E-05,710.9274902,1038.845703,1.231663704,2.278613806,47.85448456,88.53218842,F070801030202_256,104,070801030202
259,725.8678759,5167.848989,62_1_1,2.617282629,1.27645874,382.9376221,709.7110596,78,324.5775452,100,2163.850342,8.84641552,103.1209335,1.250929594,0.357408434,27.0602932,0.003060226,131.0006714,11.79867458,671,336,0.001840393,10.72714615,21454,9.654431343,3.68506E-05,707.5151367,1034.288574,1.139695287,2.105699778,39.66444016,73.28398132,F070801030202_409,104,070801030202
285,679.6277497,5120.869629,53_2_1,2.857890368,1.264854789,379.4564514,703.2592773,78,321.6272888,100,2144.181885,9.659669876,112.6008835,1.239557743,0.354159355,79.86003949,0.009031305,131.0007629,11.79868158,1969,984,0.005389722,33.76819392,67537,30.39137501,0.000116003,701.0837402,1024.886597,0.385626465,0.712483466,12.48566246,23.06851006,F070801030601_201,104,070801030601
294,701.5189331,5105.609724,84_4_2,2.592284203,1.261085629,378.3256836,701.1636353,78,320.6688538,100,2137.79248,8.761920929,102.135994,1.235863924,0.353103966,50.45767307,0.005706216,150.1251793,13.31551075,1337,670,0.003669831,36.34968774,72699,32.71471974,0.000124871,698.9945068,1021.83252,0.564665198,1.043275356,11.56438732,21.36636162,F070801030406_565,104,070801030406
295,712.7187875,5105.219245,699_41_1,2.617374897,1.260989189,378.2967529,701.1099854,78,320.6443176,100,2137.628906,8.846727371,103.1245728,1.235769391,0.353076965,194.7261172,0.022021414,132.6998138,10.12882874,4213,2106,0.011535319,106.0752868,212150,95.46775776,0.000364396,698.94104,1021.754272,0.179628089,0.331880838,3.962560415,7.32122612,F070802060406_113,108,070802060406
318,724.8812276,5059.666835,843_18_1,2.694736481,1.24973774,374.9213257,694.854187,29,118.1502151,100,787.6680908,9.10820961,106.1726151,1.224743009,0.349926561,76.78722405,0.008683803,139.499733,12.46113443,1935,967,0.005296607,58.79880142,117598,52.91892242,0.000201989,493.0715332,813.0043945,0.387715966,0.509898186,7.084825516,9.317489624,F070802060302_80,108,070802060302
327,708.8600813,5047.652067,516_16_2,2.576052666,1.246770024,374.0310059,693.2041626,63,256.0616455,100,1707.077637,8.707057953,101.4964752,1.22183466,0.349095613,20.12376374,0.00227578,153.6669846,9.479218284,572,285,0.001561047,30.39327213,60787,27.35394549,0.000104409,630.0926514,949.2658081,1.312389493,2.210851431,13.67374992,23.03479958,F070802060603_467,108,070802060603
328,697.6114887,5046.548766,399_27_2,2.582954407,1.246497512,373.9492493,693.0526123,92,373.8492126,100,2492.328125,8.73038578,101.7684021,1.221567512,0.349019289,22.06413906,0.002495215,130.9994278,11.79858732,547,273,0.001495319,21.10156275,42203,18.99140671,7.24894E-05,747.7984619,1066.901855,1.369777441,2.739188433,19.69044495,39.3756218,F070802060601_134,108,070802060601
344,708.2574777,5024.132268,406_9_2,2.488586903,1.240960717,372.288208,689.9741821,55,222.5042572,100,1483.361694,8.411423683,98.05032349,1.216141462,0.347469002,106.9585049,0.012095848,141.8792297,10.73598041,2875,1437,0.007870966,103.6234708,207246,93.26112413,0.000355974,594.7924805,912.4784546,0.259073228,0.413912654,3.991890669,6.377710819,F070801030603_286,108,070801030603
347,706.5103764,5022.529959,44_3_1,2.66605711,1.240564942,372.1694946,689.7540894,77,311.4063721,100,2076.04248,9.011273384,105.0426483,1.215753675,0.347358197,30.1690731,0.003411795,131.0001678,11.7986393,748,374,0.002048532,10.85108852,21702,9.765979767,3.72763E-05,683.5758667,1001.160461,0.995105624,1.827742934,38.10877228,69.99562836,F070801030401_468,104,070801030401
350,674.3492825,5019.464185,103_17_2,2.658593178,1.239807606,371.9422913,689.3330078,71,286.9658813,100,1913.105835,8.986044884,104.7485733,1.215011477,0.347146124,26.76504341,0.003026836,130.9994202,11.79858685,664,332,0.001818483,14.19494319,28390,12.77544877,4.87633E-05,658.9082031,976.2988892,1.120308161,1.984663248,29.11383438,51.57612991,F070801030406_474,108,070801030406
354,700.4528534,5017.103314,588_2_2,2.585351229,1.239224553,371.7673645,689.0088501,8,32.31893158,100,215.459549,8.738487244,101.8628387,1.214440107,0.346982867,77.06795318,0.008715551,140.4437892,12.51407146,2048,1024,0.005608816,145.7965198,291593,131.2168701,0.000500849,404.0863037,721.3277588,0.363054067,0.394615531,2.83322835,3.079530001,F070801010602_638,108,070801010602
356,700.3333561,5010.799234,399_22_1,2.611282587,1.237667441,371.3002319,688.1431274,92,371.2011719,100,2474.674561,8.826134682,102.8845367,1.212914109,0.346546888,200.0000012,0.022617833,130.999842,11.79861661,4881,2440,0.013364757,162.5243004,325047,146.2718687,0.000558313,742.5014038,1059.344238,0.152172223,0.304303855,2.538425446,5.076173782,F070802060601_433,108,070802060601
360,691.1589315,5008.347374,593_3_1,2.547924042,1.237061858,371.1185608,687.8063965,73,294.3957214,100,1962.638184,8.611983299,100.3882065,1.212320566,0.346377313,199.9999993,0.022617833,132.3218323,11.89752998,4921,2459,0.013468827,69.875003,139751,62.8875024,0.000240039,665.5142822,982.2021484,0.150922552,0.270644277,5.901308537,10.58261585,F070802060802_57,108,070802060802
370,692.2934789,4996.826022,443_23_1,2.806302071,1.234215975,370.264801,686.2240601,78,313.8364258,100,2092.24292,9.485301018,110.5682983,1.209531665,0.345580459,199.9999977,0.022617833,143.2142317,12.78268115,5403,2702,0.014799826,211.4895854,422978,190.3406252,0.000726522,684.1011963,1000.060486,0.137033612,0.253183275,1.945274711,3.59408927,F070801030303_741,108,070801030303
383,697.2774482,4978.881113,458_91_2,2.480580091,1.229783654,368.9350891,683.7597046,78,312.7093811,100,2084.729248,8.384360313,97.73485565,1.205188036,0.34433943,173.3337683,0.019602171,137.7381334,11.09330595,4442,2222,0.012170693,428.8660207,857733,385.9794198,0.001473267,681.6444702,996.4691162,0.166037396,0.306770682,0.955841362,1.76601243,F070802060801_80,108,070802060801
403,647.3917387,4952.824394,166_13_1,2.6189816,1.223347664,367.004303,680.1812744,78,311.0728455,100,2073.818848,8.852157593,103.1878738,1.198880672,0.342537344,44.68512599,0.005053404,137.7996267,12.33956528,1101,550,0.003012548,43.38038756,86761,39.04234871,0.000149023,678.0771484,991.2541504,0.667280555,1.232867599,9.400159836,17.36773491,F070802060406_204,108,070802060406
414,690.3625157,4942.427593,186_1_2,2.559948444,1.220779657,366.2338867,678.753479,78,310.4198608,100,2069.46582,8.652626038,100.861969,1.196364045,0.341818303,78.55331128,0.008883528,130.9986572,11.7985328,1950,975,0.005340426,182.2540032,364507,164.0286008,0.00062609,676.6537476,989.1733398,0.375624508,0.69400382,2.232743979,4.125217915,F070801030407_296,108,070801030407
418,693.6427153,4936.779853,516_16_1,2.576052666,1.21938467,365.8153992,677.9779053,62,246.4618378,100,1643.078857,8.707057953,101.4964752,1.194996953,0.341427714,123.819103,0.014002599,139.4993496,10.198892,2604,1302,0.007131522,161.1816093,322364,145.0634457,0.000553701,612.2772217,924.4397583,0.280964196,0.470259011,2.521761417,4.220754623,F070802060603_467,108,070802060603
434,686.6172838,4916.683087,504_5_2,2.429029703,1.214420676,364.3262024,675.2178955,78,308.8030701,100,2058.687012,8.210120201,95.7037735,1.19013226,0.340037793,28.1694594,0.003185661,140.9168091,12.54060984,749,374,0.002048532,31.4675296,62935,28.3207774,0.000108099,673.1292725,984.0209961,0.974134207,1.799810886,12.86427307,23.76803589,F070802060501_289,108,070802060501
437,688.7513888,4914.278621,508_4_1,2.434615135,1.213826776,364.1480408,674.8876953,84,332.3943787,100,2215.962402,8.228999138,95.92383575,1.189550281,0.339871496,37.40644002,0.004230263,149.8892873,13.37550322,1079,539,0.002952297,73.02319646,146047,65.7208786,0.000250854,696.5424194,1007.282104,0.675599337,1.292286515,5.540827274,10.59849548,F070802060502_8,108,070802060502
439,684.8641159,4910.756347,836_7_1,2.34539628,1.212956786,363.8870239,674.4039917,92,363.7898865,100,2425.265869,7.927439213,92.40861511,1.188697696,0.339627892,88.54904062,0.010013937,145.0249252,10.57045829,2376,1188,0.006507103,120.7209935,241442,108.6488931,0.000414708,727.6768799,1038.193848,0.30630222,0.612522602,3.349201441,6.697508335,F070802060302_364,108,070802060302
443,687.970535,4906.817249,533_5_2,2.354090929,1.211983919,363.5951843,673.8630371,84,331.8895569,100,2212.597168,7.956827164,92.75118256,1.18774426,0.339355499,129.422611,0.014636295,131.0039978,11.79890951,3205,1602,0.00877473,48.7865321,97573,43.90787894,0.000167595,695.4847412,1005.752563,0.226963282,0.434135288,8.280863762,15.83963394,F070802060501_219,108,070802060501
448,674.7898582,4896.669387,441_4_2,2.628984213,1.209477305,362.8432007,672.4693604,78,307.5456848,100,2050.304688,8.885966301,103.5819778,1.185287714,0.338653654,108.9366262,0.012319552,143.0878974,12.77444956,3004,1502,0.008226994,102.5351584,205069,92.28164133,0.000352235,670.388916,980.0150146,0.241573364,0.446330845,3.931910992,7.264596939,F070801030303_662,108,070801030303
463,677.5158657,4886.697604,590_8_2,2.525508404,1.207014322,362.1043091,671.0999756,69,271.5056152,100,1810.037476,8.536218643,99.50502777,1.182874084,0.337963998,53.8923237,0.006094638,131.0009155,11.79869223,1298,649,0.003554806,32.88840675,65776,29.59956694,0.00011298,633.6099243,942.6055908,0.557941914,0.976286471,12.23343277,21.40605354,F070802060802_192,108,070802060802
467,663.2757611,4882.28998,699_66_1,2.413811207,1.205925584,361.7776794,670.4946289,78,306.6427612,100,2044.285034,8.15868187,95.10416412,1.181807041,0.33765915,158.5663466,0.017932136,132.4162699,11.90358305,3953,1977,0.01082874,115.1091163,230219,103.5982056,0.00039543,668.4204102,977.1373901,0.182993263,0.338098347,3.492123127,6.452046394,F070802060406_107,108,070802060406
473,686.47077,4879.559694,186_35_1,2.461854458,1.205251217,361.5753784,670.1196899,58,227.8887177,100,1519.258057,8.32106781,96.99706268,1.181146145,0.337470353,77.04497258,0.008712952,131.0002472,10.023871,1513,757,0.004146361,95.79103497,191581,86.21193455,0.000329067,589.4641113,898.0084229,0.477642506,0.778684437,4.194029331,6.837384224,F070801030407_386,108,070801030407
475,681.7316656,4876.311095,450_15_1,2.306549072,1.204448819,361.3346558,669.6735229,63,247.3697052,100,1649.131348,7.796135902,90.8780365,1.18035984,0.337245673,25.95613968,0.002935358,130.9989548,6.474323452,623,312,0.001708936,62.16508865,124330,55.94857788,0.000213553,608.7043457,917.0432129,1.158123851,1.950975418,6.458334923,10.87971115,F070801030301_264,108,070801030301
491,677.5573595,4863.039408,388_4_2,2.473117352,1.201170683,360.3511963,667.8508911,78,305.4334717,100,2036.223145,8.359136581,97.44082642,1.177147269,0.336327791,94.36548528,0.010671714,136.666983,12.2717083,2499,1248,0.006835745,82.55998767,165120,74.3039887,0.000283615,665.784668,973.2843628,0.288742959,0.5334813,4.84968853,8.960281372,F070802060601_43,108,070802060601
492,676.4710361,4863.006675,474_21_1,2.394419193,1.201162696,360.3488159,667.8464355,78,305.4316711,100,2036.211182,8.093136787,94.34011841,1.177139401,0.336325556,199.9999987,0.022617833,132.1905917,11.90157141,4998,2499,0.013687922,89.9462021,179893,80.9515822,0.000308989,665.7805176,973.2780762,0.144197211,0.266418785,4.451411724,8.224429131,F070801030301_22,108,070801030301
501,669.8140608,4857.979433,498_14_2,2.434098482,1.199920893,359.9762573,667.1560059,91,355.9685364,100,2373.123535,8.22725296,95.90348053,1.175922513,0.335977852,43.1956425,0.004884959,130.9928589,6.474062145,280,140,0.00076683,15.63191414,31264,14.06872272,5.36997E-05,715.9448242,1023.124512,2.571259022,5.113891602,25.58698845,50.88911438,F070802060704_471,108,070802060704
507,676.8310393,4851.104388,845_125_1,2.358404875,1.198222756,359.4668274,666.211853,77,300.7778625,100,2005.185791,7.971408367,92.92115021,1.174258351,0.335502386,199.9999995,0.022617833,135.7209905,8.491145889,1809,907,0.004967965,183.7828774,367566,165.4045911,0.000631342,660.2446899,966.9897461,0.396325052,0.72794342,2.173257828,3.991695166,F070802060302_200,108,070802060302
524,675.0343296,4841.66406,166_34_2,2.292019606,1.195891023,358.7673035,664.9154053,77,300.1916504,100,2001.27771,7.747026443,90.30557251,1.171973228,0.334849477,161.9767804,0.018317819,132.4164658,11.90359497,4063,2032,0.011129995,97.7160728,195432,87.94446588,0.00033568,658.9589844,965.1070557,0.176558718,0.324290842,4.079475403,7.492898941,F070802060406_122,108,070802060406
551,666.8084048,4811.471907,476_9_1,2.458193302,1.188433528,356.5300598,660.769043,78,302.1949463,100,2014.632935,8.308692932,96.85281372,1.164664865,0.332761377,130.2817563,0.014733455,130.9996923,11.79860608,3189,1594,0.008730911,249.470993,498941,224.5238926,0.000856998,658.7249756,962.9639893,0.223670051,0.413252801,1.58793819,2.933874846,F070802060704_566,108,070802060704
552,676.2036079,4807.706502,450_43_1,2.460869551,1.187503457,356.2510376,660.2518921,70,270.9883118,100,1806.588745,8.317739487,96.95825958,1.16375339,0.332500964,70.97100314,0.008026052,138.366214,12.3976305,1761,879,0.004814599,79.13017881,158260,71.21716163,0.000271833,627.2393799,931.2402344,0.405291289,0.713582933,5.00232029,8.807418823,F070801030301_294,108,070801030301
553,676.7609671,4807.419301,60_5_2,2.435685396,1.187432528,356.2297668,660.2124634,76,294.1980286,100,1961.32019,8.232616425,95.96600342,1.163683891,0.332481116,200.0000012,0.022617833,132.0620251,11.87733054,4990,2496,0.013671489,108.6433727,217286,97.77903438,0.000373218,650.4277954,954.4105225,0.142720252,0.26058805,3.64321208,6.652017117,F070801030202_367,104,070801030202
557,677.2778866,4804.071845,432_5_1,2.282525539,1.186605692,355.98172,659.7527466,83,321.071167,100,2140.474365,7.714936256,89.9315033,1.162873626,0.332249582,200.0000001,0.022617833,133.8324451,10.8185155,4654,2328,0.012751293,76.87861913,153757,69.19075841,0.000264098,677.0528564,980.8239136,0.152913108,0.290830255,5.144931793,9.785307884,F070801030606_65,108,070801030606
568,672.3195808,4793.126121,128_18_2,2.472192287,1.183902144,355.1706543,658.2495728,78,301.0422974,100,2006.948608,8.356009483,97.40437317,1.16022408,0.331492603,61.0699115,0.006906345,147.2921066,13.13879323,1668,834,0.004568118,91.57271973,183146,82.41544661,0.000314576,656.2129517,959.2918701,0.4258641,0.786826074,4.309515476,7.962256908,F070801030406_112,108,070801030406
571,672.1672696,4791.328318,658_33_1,2.391541243,1.18345809,355.0374146,658.0026855,78,300.9294434,100,2006.196289,8.083409309,94.22672272,1.159788966,0.331368268,40.6420753,0.004596178,131.0007477,11.79868031,695,348,0.001906121,28.98672795,57973,26.0880549,9.9577E-05,655.9668579,958.9321289,1.020222425,1.884962201,13.60919476,25.1443367,F070801030401_557,104,070801030401
587,670.4831541,4779.852491,53_16_1,2.403871298,1.180623531,354.1870728,656.4266968,78,300.2089539,100,2001.393066,8.125084877,94.71253204,1.157011032,0.330574602,21.47129569,0.002428171,131.0023804,11.79879522,532,266,0.001456978,6.00444746,12009,5.404002666,2.06268E-05,654.3959961,956.6356201,1.331530333,2.460135221,65.54161835,121.0946808,F070801030601_471,104,070801030601
599,669.0765148,4772.75829,474_23_2,2.408416748,1.178871274,353.661377,655.4524536,78,299.7633972,100,1998.422607,8.14044857,94.89161682,1.155293822,0.330083966,35.78063391,0.004046402,138.4372082,12.37508965,778,390,0.00213617,10.91988125,21840,9.827892892,3.75126E-05,653.4248047,955.2158203,0.906824052,1.675448179,35.98547363,66.486763,F070801030301_354,108,070801030301
609,663.786738,4759.281592,498_2_1,2.448057175,1.175542593,352.6627808,653.6016846,78,298.9165344,100,1992.776855,8.274433136,96.45345306,1.152031779,0.329151928,39.04773518,0.004415876,130.9996948,11.79860592,968,484,0.002651042,24.65344445,49307,22.1881002,8.4691E-05,651.5793457,952.5181885,0.728642106,1.346238375,15.89423084,29.36616135,F070802060704_472,108,070802060704
611,653.8312897,4757.083213,443_8_1,2.39294529,1.174999595,352.4998779,653.2998047,78,298.7789001,100,1991.859375,8.088154793,94.28204346,1.151499629,0.328999877,200.0000012,0.022617833,137.2842144,12.30868253,5037,2518,0.013791991,215.1270891,430254,193.6143823,0.000739018,651.2788086,952.0787354,0.139992014,0.25864926,1.820628524,3.363793612,F070801030303_406,108,070801030303
618,662.7308817,4751.105489,797_34_1,2.380521059,1.173523068,352.0569153,652.4788208,12,41.5292511,100,276.8616638,8.046161652,93.79252625,1.150052547,0.328586459,200.0000004,0.022617833,133.8353764,8.405204044,2025,1012,0.005543088,23.11863863,46237,20.8067748,7.94186E-05,393.5861816,694.0080566,0.34788233,0.388919145,16.92030144,18.91625214,F070802060803_121,108,070802060803
633,666.5344379,4739.660223,450_43_2,2.460869551,1.17069602,351.2088013,650.9069824,70,267.152832,100,1781.018921,8.317739487,96.95825958,1.147282124,0.32779488,199.9999958,0.022617833,142.3332837,12.71576921,5199,2598,0.01423018,202.4058286,404811,182.1652506,0.000695317,618.3616333,918.0598145,0.135184303,0.238014489,1.927968144,3.394509315,F070801030301_294,108,070801030301
655,663.8559167,4726.000729,714_6_1,2.411004543,1.167322159,350.1966553,649.0311279,2,7.610936642,100,50.73957825,8.149195671,94.99357605,1.143975735,0.326850206,200.0000015,0.022617833,134.7775794,12.08581946,4037,2018,0.011053312,157.3110263,314623,141.5799209,0.000540405,357.8075867,656.6420898,0.173536494,0.177308023,2.473490953,2.527248144,F070802060503_156,108,070802060503
656,661.3618756,4725.962644,507_1_1,2.42117238,1.167312741,350.1938171,649.0258789,84,319.6569214,100,2131.046143,8.183562279,95.39419556,1.143966436,0.326847553,142.7004796,0.016137878,132.4166565,11.90360753,3542,1770,0.009694926,122.6607361,245321,110.3946642,0.000421372,669.850708,968.6828003,0.197849616,0.378446728,3.172198772,6.067781448,F070802060501_85,108,070802060501
662,645.0730558,4722.499216,389_2_1,2.36888504,1.166457295,349.9371948,648.5502319,86,327.0279541,100,2180.186279,8.006831169,93.3340683,1.143128157,0.326608032,199.9999975,0.022617833,134.0361622,12.02828469,5014,2509,0.013742695,236.5332808,473069,212.8799508,0.000812554,676.9651489,975.578186,0.139472783,0.26981473,1.6438241,3.180032492,F070802060601_297,108,070802060601
664,662.8395846,4720.281869,60_19_1,2.110824108,1.165909648,349.7728882,648.2457886,76,288.8653259,100,1925.768799,7.134585381,83.16647339,1.142591476,0.326454699,51.47466087,0.005821226,131.0002136,11.79864273,1222,612,0.003352144,22.04048473,44081,19.83643603,7.57148E-05,638.6381836,937.111084,0.571524322,1.043526411,17.63284874,32.1952095,F070801030202_320,104,070801030202
670,660.6727504,4715.836466,474_23_1,2.408416748,1.164811611,349.4434814,647.6352539,78,296.1879578,100,1974.586426,8.14044857,94.89161682,1.141515374,0.326147258,78.74575283,0.008905292,133.8344065,12.00866747,1622,811,0.004442139,33.3455013,66690,30.01095177,0.000114551,645.6314697,943.8232422,0.430879742,0.796093047,11.64386559,21.51319504,F070801030301_354,108,070801030301
671,662.7448056,4714.394777,458_6_2,2.347087622,1.164455533,349.3366699,647.4372559,76,288.5054932,100,1923.369995,7.933156013,92.47525024,1.141166449,0.32604754,45.83709331,0.005183679,136.0979538,9.993358684,1119,559,0.003061844,32.55598761,65112,29.30038942,0.000111838,637.8421631,935.942749,0.624931455,1.141041398,11.92259502,21.76906776,F070802060801_126,108,070802060801
690,660.7385543,4704.333315,388_7_2,2.348297596,1.161970377,348.5911255,646.055542,85,321.9816589,100,2146.544434,7.937245846,92.52292633,1.138731003,0.325351715,123.8584248,0.014007046,136.6666718,12.27168617,3537,1769,0.009689449,189.966099,379933,170.9694846,0.000652583,670.5727539,968.0372314,0.197055474,0.379068822,2.038908482,3.92217803,F070802060601_43,108,070802060601
694,659.8264547,4703.474709,160_15_2,2.3595891,1.161758304,348.5274963,645.9376221,78,295.4118958,100,1969.412598,7.975410938,92.96781158,1.138523102,0.325292319,39.73451996,0.004493544,130.999939,11.79862356,986,492,0.002694861,101.3500609,202701,91.21505356,0.000348164,643.9393921,941.3494873,0.708389223,1.30881989,3.82094264,7.05957365,F070802060602_257,108,070802060602
696,653.8843045,4700.6473,516_20_2,2.350420713,1.161059856,348.3179626,645.5492554,79,310.999939,100,2073.333008,7.944422245,92.60657501,1.137838602,0.325096756,60.73401527,0.006868359,136.0989056,12.20426726,1523,760,0.004162793,44.03435354,88069,39.63091792,0.00015127,659.3178711,956.5491943,0.458313107,0.867523491,8.789046288,16.63645172,F070802060603_458,108,070802060603
702,660.8184179,4699.389385,401_1_1,2.429074287,1.160749197,348.224762,645.3765259,92,348.1318665,100,2320.87915,8.210270882,95.70552826,1.137534261,0.325009763,37.25758074,0.004213429,131.0003586,11.79865265,925,462,0.00253054,16.18098967,32362,14.56289064,5.55859E-05,696.3566284,993.5084229,0.753733277,1.507265449,23.91178894,47.81719971,F070802060601_252,108,070802060601
705,654.3308542,4697.663922,87_9_1,2.390895605,1.160323024,348.0968933,645.1395874,63,238.3071136,100,1588.714111,8.081227303,94.20128632,1.137116551,0.324890435,110.5462868,0.012501587,143.2403595,9.066617608,2873,1435,0.007860011,74.78310823,149566,67.3047986,0.0002569,586.4039917,883.4467163,0.242576227,0.408643901,5.171947479,8.712662697,F070802060301_400,108,070802060301
706,625.407873,4697.242526,489_15_2,2.369190216,1.160218954,348.0656738,645.0817261,78,295.0204773,100,1966.803223,8.007863045,93.34609222,1.137014627,0.324861318,33.33609879,0.003769952,159.3336538,14.16394265,906,453,0.002481244,15.69454271,31388,14.12508839,5.39149E-05,643.0861816,940.1021729,0.768356919,1.419616342,24.6416626,45.52793884,F070802060502_465,108,070802060502
729,652.3188729,4675.025554,388_4_1,2.473117352,1.154731274,346.4193726,642.0305786,78,293.625061,100,1957.500366,8.359136581,97.44082642,1.13163662,0.32332477,200.0000023,0.022617834,138.4376392,12.37427449,5183,2592,0.014197316,163.5619599,327124,147.2057673,0.000561878,640.0444336,935.6556396,0.133649454,0.246930718,2.353300333,4.347957611,F070802060601_321,108,070802060601
750,643.8034969,4661.283691,458_54_1,2.315701008,1.151337028,345.401123,640.1433716,78,292.7619934,100,1951.746582,7.827069283,91.23861694,1.128310323,0.322374374,199.9999996,0.022617833,132.0311196,10.98246593,4673,2335,0.012789635,277.3031276,554607,249.5728116,0.000952609,638.1630859,932.9053955,0.147923395,0.273303241,1.383969307,2.557021618,F070802060801_245,108,070802060801
752,645.3326152,4659.968036,84_4_1,2.592284203,1.151012063,345.3036194,639.9627075,78,292.6793823,100,1951.195923,8.761920929,102.135994,1.127991796,0.322283387,199.9999992,0.022617833,134.3995956,12.06361189,4735,2366,0.012959433,133.7517783,267504,120.3765996,0.000459472,637.9830322,932.6420898,0.145944044,0.269646257,2.868527889,5.299892426,F070801030406_565,104,070801030406
781,651.8534777,4642.577856,138_27_1,2.333708286,1.146716714,344.0150146,637.5744629,80,299.0631104,100,1993.754028,7.887934208,91.94810486,1.123782396,0.321080685,37.39689445,0.004229184,130.9989115,11.79855092,927,462,0.00253054,47.50254726,95004,42.7522912,0.000163184,643.078125,936.6375732,0.744621217,1.391944051,8.046703339,15.0419569,F070802060602_107,108,070802060602
784,654.7842793,4641.607799,21_11_1,2.289515972,1.146477103,343.9431458,637.4412842,78,291.5261841,100,1943.507935,7.738564014,90.20693207,1.123547554,0.3210136,40.82885182,0.004617301,131.0006053,11.79867013,860,429,0.002349787,82.17578238,164351,73.95820262,0.000282295,635.4693604,928.9674683,0.801732302,1.481280565,4.650506973,8.592276573,F070801030402_309,105,070801030402
796,651.35954,4636.60216,699_8_2,2.221656084,1.145240784,343.5722351,636.7539063,78,291.2118225,100,1941.412109,7.509197712,87.5332489,1.122335911,0.320667416,59.08861566,0.006682282,142.332283,12.7211411,1548,774,0.004239476,46.52734578,93055,41.87461019,0.000159834,634.7840576,927.9656982,0.443891764,0.820134461,8.204786301,15.15916348,F070802060406_107,108,070802060406
817,648.5211911,4625.827881,782_1_1,2.271583557,1.142579436,342.7738342,635.2741699,19,70.7713623,100,471.809082,7.67795229,89.5003891,1.11972785,0.319922239,63.10430358,0.007136413,138.1407135,12.37565765,1042,521,0.002853704,13.70920897,27419,12.33828819,4.70947E-05,413.5451965,706.0455322,0.657915235,0.793752789,27.78131294,33.51722717,F070802060804_446,108,070802060804
822,606.4773504,4619.740769,658_6_1,2.469745636,1.141075969,342.3227844,634.4382324,69,256.6734009,100,1711.156006,8.347740173,97.30797577,1.118254423,0.319501281,23.14757916,0.00261774,134.7776388,9.349976867,264,132,0.000723011,28.39234519,56785,25.55311034,9.75351E-05,598.9962158,891.1116333,2.593354464,4.537849903,13.39652157,23.44122505,F070801030401_524,104,070801030401
858,641.6480197,4598.237024,836_61_1,2.419306517,1.135764599,340.7293701,631.4851074,92,340.6385193,100,2270.92334,8.17725563,95.32067871,1.113049269,0.318014085,30.9782486,0.003503304,139.5009842,12.46124411,822,412,0.002256672,54.46064758,108922,49.01458168,0.000187087,681.3679199,972.1236572,0.827013016,1.653805614,6.951591969,13.90133095,F070802060302_373,108,070802060302
863,644.4968971,4597.437273,487_11_1,2.293668509,1.13556695,340.6700745,631.3752441,78,288.75177,100,1925.011841,7.752599716,90.3705368,1.112855554,0.317958742,29.15551007,0.003297172,143.2770844,12.79696337,824,413,0.002262149,14.40601337,28812,12.96541184,4.94884E-05,629.421875,920.1270142,0.82486701,1.52402389,26.27529907,48.54623032,F070802060502_335,108,070802060502
869,643.5575564,4593.206574,504_2_1,2.21579504,1.13452208,340.3566284,630.7942505,78,288.4862061,100,1923.241333,7.489387035,87.30232239,1.111831665,0.317666173,40.14828825,0.004540336,149.4171371,13.29625893,1077,539,0.002952297,24.36092854,48722,21.92483521,8.36862E-05,628.8428345,919.2804565,0.631459415,1.16668427,15.52379417,28.68175888,F070802060501_475,108,070802060501
878,643.807628,4586.576495,399_15_2,2.303212166,1.132884383,339.8653259,629.883728,92,339.7746582,100,2265.164307,7.784857273,90.74655914,1.11022675,0.317207634,81.02793598,0.009163382,133.1255913,11.95614362,1881,939,0.005143241,85.81814277,171636,77.23632845,0.000294808,679.6400146,969.6583862,0.361943901,0.723791301,4.400330067,8.79948616,F070802060601_132,108,070802060601
886,655.3526873,4579.705651,115_11_1,2.183448315,1.13118732,339.3562012,628.9401245,79,291.3253174,100,1942.168823,7.380055428,86.02786255,1.108563542,0.316732436,200.0000018,0.022617833,147.2695825,13.10606636,5005,2502,0.013704354,151.2579574,302515,136.1321644,0.000519611,630.6815186,920.2654419,0.135633975,0.252070963,2.492843628,4.632862091,F070801030406_56,108,070801030406
901,637.5360435,4571.596322,559_9_1,2.263918638,1.129184246,338.7552795,627.826416,79,290.8100891,100,1938.733887,7.652044773,89.19839478,1.106600523,0.316171587,23.46228218,0.00265333,139.5014038,12.42863274,613,306,0.001676072,56.28582001,112572,50.65723801,0.000193357,629.5653687,918.6364746,1.107043386,2.057403088,6.687203884,12.42794514,F070802060501_268,108,070802060501
910,640.4716462,4566.004576,507_19_2,2.241069555,1.127803087,338.3409119,627.0585327,84,308.8375854,100,2058.917236,7.574815273,88.29814148,1.105247021,0.315784872,40.15114784,0.00454066,130.9993362,11.79858065,996,498,0.002727725,20.23953152,40479,18.21557856,6.95281E-05,647.1784668,935.8961182,0.679399431,1.299555182,18.57426071,35.52884674,F070802060501_101,108,070802060501
919,621.3087387,4562.535853,27_11_1,2.407396793,1.12694633,338.0838928,626.5821533,74,271.8632507,100,1812.421631,8.137001038,94.8514328,1.10440743,0.315544963,28.74539213,0.003250792,141.8806824,12.7006958,809,404,0.002212853,32.04626227,64092,28.84163662,0.000110087,609.9471436,898.4454346,0.836841345,1.509770155,11.72207737,21.14814568,F070801030202_256,104,070801030202
969,636.9703862,4539.625771,399_3_2,2.337009668,1.121287584,336.386261,623.4359131,92,336.2965698,100,2241.977051,7.899092674,92.07817841,1.098861814,0.313960522,33.14986992,0.003748891,131.0004272,11.79865789,822,412,0.002256672,23.37084889,46742,21.03376293,8.0285E-05,672.6828613,959.7324829,0.816471517,1.632725358,15.99268055,31.98110008,F070802060601_83,108,070802060601
1025,635.8298549,4513.73225,458_36_2,2.218265295,1.114891887,334.4675598,619.8798828,79,287.1286926,100,1914.191284,7.497736931,87.39965057,1.092594028,0.312169731,21.06934766,0.002382715,130.9987335,11.79853821,481,240,0.001314566,47.71612549,95432,42.94451141,0.000163917,621.5962524,907.0085449,1.393614888,2.589984417,7.788365841,14.47440529,F070802060801_140,108,070802060801
1038,632.9956868,4506.843557,399_15_1,2.303212166,1.113190413,333.9571228,618.9338989,92,333.8677368,100,2225.784912,7.784857273,90.74655914,1.090926647,0.311693311,67.1376543,0.007592541,130.9999008,11.7986207,1665,832,0.004557163,84.28077888,168561,75.8526988,0.000289527,667.8248291,952.8016357,0.401390761,0.802674055,4.402705669,8.804232597,F070802060601_132,108,070802060601
1041,612.4660892,4506.37211,137_39_1,2.34972167,1.113073945,333.9221802,618.8691406,78,283.0324097,100,1886.88269,7.94205904,92.5790329,1.090812445,0.311660707,199.9999961,0.022617833,137.4218292,10.72152116,5201,2601,0.014246612,166.0602368,332121,149.4542156,0.00057046,616.9545898,901.9015503,0.128382236,0.237198994,2.234277487,4.128050804,F070802060602_108,108,070802060602
1046,633.6741407,4504.125857,406_23_1,2.286832094,1.112519145,333.7557373,618.5606689,78,282.8913269,100,1885.942139,7.729492664,90.10118103,1.090268731,0.311505347,39.08756554,0.00442038,136.6676992,12.24039809,1029,514,0.002815363,17.95622712,35912,16.16060507,6.16843E-05,616.6470947,901.4520264,0.649330199,1.199702501,20.65242767,38.15742493,F070801030603_116,108,070801030603
1056,634.699797,4499.757574,658_33_2,2.391541243,1.111440063,333.4320068,617.9606934,78,282.6169739,100,1884.113159,8.083409309,94.22672272,1.089211226,0.311203212,39.75588539,0.00449596,131.0001424,9.136478037,941,470,0.002574359,19.32513635,38650,17.39262226,6.63869E-05,616.0489502,900.5776367,0.709429801,1.310742497,19.17088699,35.42013168,F070801030401_557,104,070801030401
1062,631.2104406,4496.555402,183_8_2,2.208642721,1.110649228,333.1947632,617.5209961,65,235.3464203,100,1568.976074,7.465212345,87.02052307,1.088436246,0.31098178,67.30942591,0.007611967,133.2658813,11.96938248,1423,712,0.00389988,18.48004939,36959,16.63204493,6.34838E-05,568.5411987,852.8674316,0.467970163,0.798512936,20.0333004,34.18348312,F070801030603_803,108,070801030603
1075,635.011966,4492.190606,115_9_2,2.254934788,1.109571099,332.8713379,616.9215088,79,285.7589417,100,1905.05957,7.621679783,88.84442902,1.087379694,0.310679913,53.60900494,0.006062598,131.0006332,11.7986722,1318,660,0.003615057,12.24273801,24485,11.01846373,4.2057E-05,618.630249,902.6804199,0.504350483,0.937318563,30.21032143,56.14487457,F070801030406_20,104,070801030406
1113,609.1415665,4478.737588,128_34_2,2.231836796,1.10624814,331.8744507,615.0739746,78,281.2967834,100,1875.31189,7.543608189,87.93437195,1.084123135,0.309749484,25.43581295,0.002876515,131.0009613,6.47434777,492,246,0.00134743,43.74610138,87492,39.37149048,0.000150279,613.1712646,896.3707275,1.349083185,2.492566109,8.429308891,15.57399178,F070801030406_522,108,070801030406
1117,631.9203953,4476.660944,511_1_2,2.302044868,1.105735302,331.7205811,614.7888184,86,310.0040283,100,2066.693604,7.780911446,90.70056915,1.083620548,0.309605896,50.18624115,0.00567552,153.6669846,13.64383125,1436,718,0.003932744,34.28884983,68578,30.85996532,0.000117791,641.7246094,924.7928467,0.46200639,0.89376688,10.74922085,20.79472923,F070801010301_255,108,070801010301
1127,626.8757283,4470.37552,487_11_2,2.293668509,1.10418272,331.2548218,613.9255981,78,280.7714539,100,1871.809692,7.752599716,90.3705368,1.08209908,0.30917117,199.9859931,0.022616249,137.5160522,12.30948601,4854,2427,0.013293552,186.3370275,372674,167.7033245,0.000640116,612.0262451,894.6970215,0.136487365,0.25217399,1.975242972,3.649457932,F070802060502_335,108,070802060502
1132,629.5868461,4466.975481,588_3_1,2.310511827,1.103342891,331.0028687,613.4586182,10,35.96897507,100,239.7931671,7.809529781,91.03416443,1.081276059,0.308936,200.0000026,0.022617834,134.0685488,12.02721095,5005,2501,0.013698876,290.8239928,581648,261.7415936,0.000999057,366.9718323,649.4276123,0.13234821,0.146730036,1.264616966,1.402038693,F070801010602_457,108,070801010602
1141,626.5576068,4462.628101,161_19_1,2.254979372,1.102269173,330.6807556,612.8616333,86,309.0318604,100,2060.212402,7.621830463,88.84618378,1.080223799,0.308635354,24.70790339,0.002794196,141.1996994,12.61005974,638,320,0.001752755,20.79340458,41586,18.7140646,7.14308E-05,639.7126465,921.8934937,1.033377409,1.999101996,17.67017365,34.18352127,F070802060602_191,108,070802060602
1145,627.8774425,4461.31646,588_16_1,2.212760925,1.101945162,330.5835571,612.6815186,5,17.96170425,100,119.7446976,7.479131699,87.1827774,1.079906225,0.308544636,49.18436867,0.005562219,138.5554708,12.36798954,1243,621,0.00340144,33.95524836,67911,30.55972266,0.000116645,348.5452576,630.6432495,0.532340646,0.561264515,10.81762314,11.40538025,F070801010602_457,108,070801010602
1146,628.2677855,4460.791858,140_14_2,2.259800673,1.101815581,330.5446777,612.609436,78,280.1696777,100,1867.797852,7.638126373,89.03614807,1.079779267,0.308508366,200.0000028,0.022617834,135.5326258,12.17441098,5301,2652,0.014525958,244.6994825,489399,220.229534,0.000840607,610.7143555,892.7791138,0.124639772,0.230284452,1.500909805,2.773081064,F070801030407_244,108,070801030407
1154,626.6197868,4454.574895,474_1_2,2.199697971,1.100280046,330.0840149,611.7556763,78,279.7789917,100,1865.193237,7.434978962,86.66809845,1.078274488,0.308078408,114.1419506,0.012908218,130.9992752,11.79857647,2750,1376,0.007536847,83.27048218,166542,74.94343247,0.000286056,609.8630371,891.534668,0.239886642,0.443214417,4.40444231,8.137644768,F070801030301_268,108,070801030301
1157,626.3293718,4453.388434,399_19_1,2.239117861,1.099986911,329.9960632,611.5927124,91,326.3195496,100,2175.463623,7.568218231,88.22124481,1.077987194,0.307996333,51.1941967,0.005789509,130.9994863,11.79859161,1269,635,0.003478123,58.89723611,117795,53.00751346,0.000202327,656.3156128,937.9122314,0.519678831,1.033567905,6.225458145,12.38155842,F070802060601_132,108,070802060601
1161,625.5158209,4451.814992,443_8_2,2.39294529,1.099598289,329.8794861,611.3766479,78,279.6058655,100,1864.039063,8.088154793,94.28204346,1.07760632,0.307887524,112.1229331,0.012679889,133.9143829,12.03047943,2818,1409,0.0077176,149.6728854,299346,134.7055981,0.000514166,609.4853516,890.9825439,0.234123126,0.432565898,2.448892117,4.524573326,F070801030303_406,108,070801030303
1163,626.9007321,4451.514017,723_73_1,2.343169212,1.099524021,329.8572083,611.3353271,78,279.5867004,100,1863.911377,7.919911861,92.32086945,1.077533484,0.307866722,47.11552866,0.005328256,150.1533203,13.3342947,1216,607,0.003324757,40.15987159,80318,36.14388372,0.00013796,609.4439087,890.9219971,0.543422103,1.004026175,9.126224518,16.86160469,F070801010405_187,108,070801010405
1166,628.9527975,4450.55248,658_29_1,2.313185215,1.099286437,329.7859192,611.2032471,67,240.1056519,100,1600.704346,7.818565845,91.13949585,1.077300668,0.307800204,22.94369531,0.002594683,131.0007019,8.24911797,556,278,0.001522706,31.46335268,62927,28.31701815,0.000108085,569.8916016,851.3088989,1.186280251,2.049969673,11.64620972,20.12541008,F070801030401_557,104,070801030401
1187,623.6629653,4441.417505,388_11_2,2.14486742,1.097030163,329.1090393,609.9487915,79,282.5290222,100,1883.526855,7.249651909,84.50777435,1.075089574,0.307168454,90.53965171,0.010239054,134.6424146,12.09747655,1968,983,0.005384244,73.43588687,146872,66.09229743,0.000252271,611.6380615,892.4777832,0.334800661,0.622215748,4.97953701,9.254302025,F070802060601_321,108,070802060601
1196,625.9494227,4437.943344,503_3_1,2.189638138,1.096171975,328.851593,609.4716187,84,300.1755676,100,2001.17041,7.400977135,86.27174377,1.074248552,0.306928158,24.0901835,0.002724339,133.8323364,12.00851854,601,300,0.001643208,13.81956887,27639,12.43761182,4.74738E-05,629.0271606,909.6472168,1.096171975,2.096757174,26.44009209,50.57459259,F070802060501_85,108,070802060501
1198,625.7894662,4436.603277,460_9_1,2.269313574,1.09584105,328.7523193,609.2875977,70,250.0709229,100,1667.139526,7.67027998,89.41095734,1.073924184,0.306835502,85.93155465,0.009717928,134.3996246,12.05055809,2114,1056,0.005784092,111.3316719,222663,100.1985043,0.000382453,578.8232422,859.3585205,0.311318487,0.548128068,3.281010151,5.776765347,F070801030303_119,108,070801030303
1231,619.762953,4422.740378,845_155_1,2.07183814,1.092416883,327.7250671,607.3837891,69,245.7282867,100,1638.188599,7.002812862,81.6304245,1.070568562,0.305876732,200.0000022,0.022617834,137.182097,9.884435049,4402,2203,0.012066623,246.9656619,493932,222.2690959,0.000848392,573.4533691,853.1120605,0.148763075,0.260305673,1.47445178,2.579995871,F070802060302_360,108,070802060302
1233,628.2397368,4421.581214,566_9_1,2.250901461,1.092130542,327.6391602,607.2246094,76,270.5863342,100,1803.908936,7.608047009,88.68551636,1.070287943,0.305796564,138.7420931,0.015690228,133.5495949,10.79574568,3483,1740,0.009530606,74.24148661,148483,66.81733802,0.000255039,598.2254639,877.8109131,0.188298374,0.343807727,4.903505325,8.953146935,F070802060503_256,108,070802060503
1246,620.0692711,4416.617962,476_16_2,2.196151018,1.090904593,327.2713928,606.5429688,86,305.8460083,100,2038.973389,7.422990322,86.52835083,1.069086552,0.3054533,34.05493164,0.003851244,130.9990387,11.79856014,845,422,0.002311446,87.26810455,174536,78.54129028,0.000299789,633.1174316,912.3889771,0.775524616,1.500278234,4.166870594,8.060950279,F070802060704_426,108,070802060704
1250,624.0761482,4415.722242,106_15_2,2.211866856,1.090683341,327.2050171,606.4199219,43,152.8919983,100,1019.279968,7.476109982,87.14755249,1.06886971,0.305391341,33.05070128,0.003737676,154.8003845,9.54174308,93,48,0.000262913,0.225056261,450,0.202550635,7.73127E-07,480.0970154,759.3118896,6.81677103,10.00202084,1615.42334,2370.256836,F070801030404_196,104,070801030404
1253,621.3924481,4413.884573,694_30_2,2.124254704,1.090229511,327.0688477,606.1676025,69,245.2360382,100,1634.906982,7.179980755,83.69563293,1.06842494,0.305264264,37.47212272,0.004237691,147.4332466,10.73154228,274,138,0.000755876,29.84384141,59689,26.85945795,0.000102521,572.3048706,851.4036255,2.37006402,4.147136688,12.17704582,21.3073864,F070801030303_543,108,070801030303
1254,615.8684518,4413.304546,87_3_2,2.322500944,1.090086222,327.0258789,606.0879517,78,277.1870728,100,1847.913818,7.85005331,91.50653839,1.068284512,0.30522415,200.0000046,0.022617834,142.3327827,12.72117424,4988,2494,0.013660535,292.869875,585740,263.5828803,0.001006085,604.2129517,883.2750244,0.131125048,0.242266625,1.240694642,2.292307377,F070802060301_400,108,070802060301
1272,615.9692918,4405.183361,424_14_1,2.169357061,1.088080287,326.4240723,604.9726563,78,276.677002,100,1844.513306,7.332427025,85.47267151,1.066318631,0.304662466,200.0000006,0.022617833,134.5834746,12.07847769,4834,2417,0.013238778,176.925442,353851,159.2328981,0.000607785,603.1010742,881.6496582,0.135053396,0.249524653,2.049978733,3.787540674,F070801030303_745,108,070801030303
1277,618.5753037,4404.452715,138_27_2,2.333708286,1.087899804,326.3699341,604.8723145,79,280.1777039,100,1867.851318,7.887934208,91.94810486,1.066141844,0.304611951,26.75343513,0.003025524,130.9994049,11.79858589,664,332,0.001818483,44.80423355,89608,40.32381058,0.000153914,606.5476074,885.0500488,0.983041942,1.826950669,8.093727112,15.04192162,F070802060602_107,108,070802060602
1292,616.1947099,4397.23764,463_5_1,2.267704725,1.086117744,325.8353271,603.8814697,84,297.4223938,100,1982.815918,7.664842129,89.3475647,1.064395428,0.304112971,21.2914187,0.002407829,146.6780396,13.04495653,602,300,0.001643208,26.35161578,52704,23.71645516,9.05247E-05,623.2576904,901.303833,1.086117744,2.077525616,13.7387867,26.27954674,F070801030301_200,108,070801030301
1295,619.5863611,4396.46037,598_16_2,2.227391243,1.085925698,325.77771,603.7746582,6,21.24060249,100,141.6040192,7.528582573,87.75921631,1.064207196,0.304059207,200.0000011,0.022617833,141.1294136,9.492217075,4290,2146,0.011754414,32.49130447,64983,29.2421748,0.000111616,347.0183105,625.0152588,0.151806951,0.161704704,11.14068031,11.86704826,F070802060804_364,108,070802060804
1302,620.615087,4390.888952,504_18_2,2.118901968,1.084549546,325.3648682,603.0095215,78,275.7791138,100,1838.527466,7.161888599,83.48474121,1.062858582,0.303673863,26.70452857,0.003019993,140.4457906,12.58714581,742,372,0.002037578,17.07837093,34156,15.37053359,5.86687E-05,601.1439819,878.7886353,0.874636769,1.615978479,21.16809273,39.11015701,F070802060501_293,108,070802060501
1319,609.5415543,4384.041936,542_2_1,2.271390438,1.082858324,324.8574829,602.0692139,75,264.7588501,100,1765.05896,7.6772995,89.49278259,1.061201215,0.303200334,52.210614,0.005904455,134.4000651,12.0691131,1297,650,0.003560284,25.13508458,50271,22.62157626,8.63456E-05,589.616333,866.828064,0.499780744,0.907102048,14.36051464,26.06433487,F070802060502_69,108,070802060502
1341,617.8327323,4376.374027,137_18_2,2.155141354,1.080964327,324.2893066,601.0161743,79,278.3913574,100,1855.942383,7.284377575,84.91256714,1.059345007,0.302670002,21.68548894,0.002452394,135.2499008,12.11356926,540,270,0.001478887,52.7965486,105593,47.51689303,0.00018137,602.6806641,879.4075317,1.201071501,2.232150555,6.824716091,12.68350315,F070802060602_56,108,070802060602
1361,612.370093,4370.687805,845_129_1,2.138524294,1.079559922,323.867981,600.2352905,81,285.0686035,100,1900.457397,7.22821188,84.25785828,1.057968736,0.30227679,199.9999969,0.022617833,140.6335236,12.53125534,5141,2571,0.014082291,236.3837395,472768,212.745368,0.00081204,608.9365845,885.303894,0.125969648,0.236848146,1.522326827,2.862278938,F070802060302_93,108,070802060302
1363,615.9849315,4370.23162,93_10_2,2.223334551,1.079447269,323.8341675,600.1726685,79,278.0005493,100,1853.337036,7.514870644,87.59938049,1.057858348,0.302245229,143.8155246,0.016263978,132.4168371,11.90362136,3367,1685,0.009229351,187.0348998,374069,168.3314175,0.000642514,601.8347168,878.1732178,0.192186445,0.357171953,1.923789263,3.575296402,F070801030406_391,108,070801030406
1368,615.7391516,4369.039677,110_12_2,2.106306553,1.079152822,323.7458496,600.0089722,78,274.4069824,100,1829.379883,7.119316101,82.98847961,1.057569742,0.302162796,200.0000006,0.022617833,136.0150019,12.22091858,4922,2462,0.013485259,405.8835231,811769,365.2951681,0.001394316,598.152832,874.4159546,0.1314971,0.242954031,0.886258245,1.637450695,F070802060301_94,108,070802060301
1369,610.9670814,4368.829352,559_9_2,2.263918638,1.079100847,323.7302551,599.9800415,79,277.9111633,100,1852.741089,7.652044773,89.19839478,1.05751884,0.302148223,70.52673161,0.007975809,137.3750572,12.28737164,1589,795,0.004354501,128.755424,257511,115.8798811,0.000442309,601.6414185,877.8912354,0.407207876,0.756781638,2.793670893,5.191940308,F070802060501_268,108,070802060501
1377,615.287913,4366.376735,458_35_1,2.262477875,1.078495026,323.5485229,599.6432495,6,21.09536362,100,140.6357574,7.647175312,89.14163208,1.056925178,0.301978618,87.55043793,0.009901006,156.5009308,3.69819746,1266,633,0.003467169,19.44102669,38882,17.49692345,6.6785E-05,344.6438904,620.7385864,0.511135101,0.544461131,18.49173737,19.69739914,F070802060801_241,108,070802060801
1389,606.0514701,4361.27743,455_9_2,2.305542469,1.077235579,323.1706848,598.9429932,86,302.0132751,100,2013.421875,7.792733669,90.83837128,1.055690885,0.301625967,32.34958404,0.003658387,133.8328094,12.00855096,797,398,0.002179989,85.77189538,171543,77.19470412,0.000294649,625.18396,900.9562988,0.811986625,1.570814013,4.186436176,8.09879303,F070802060803_570,108,070802060803
1398,614.2708871,4357.502895,489_20_2,2.142114162,1.076303244,322.8909607,598.4246216,78,273.6822815,100,1824.548584,7.240345955,84.39929962,1.054777145,0.301364899,21.80151689,0.002465515,142.3338013,12.68204212,601,301,0.001648685,23.87957799,47760,21.49161984,8.20326E-05,596.5732422,872.1069336,1.072727442,1.981970906,15.02404022,27.75841141,F070802060502_520,108,070802060502
1418,608.0481848,4352.032182,836_108_1,2.082790136,1.074952006,322.4855957,597.6733398,92,322.3995972,100,2149.330566,7.039830685,82.0619278,1.053452969,0.300986558,21.21166897,0.00239881,139.5009842,12.46124411,557,278,0.001522706,39.77913761,79558,35.80122375,0.000136652,644.8851929,920.072937,1.160020113,2.319730997,9.007669449,18.01293755,F070802060302_373,108,070802060302
1419,611.3365689,4351.397145,389_19_1,2.306370497,1.074795127,322.4385376,597.5861206,86,301.3295593,100,2008.86377,7.795532227,90.87099457,1.053299189,0.30094263,60.84929705,0.006881396,136.6657613,12.240249,1527,764,0.004184703,92.99981022,185999,83.6998291,0.000319479,623.7680664,898.9156494,0.422039956,0.816450357,3.852320194,7.452441216,F070802060601_24,108,070802060601
1422,610.3919625,4349.842356,836_59_1,2.179762125,1.074411035,322.3233032,597.3725586,79,276.7038269,100,1844.692139,7.367596149,85.88262939,1.052922845,0.300835103,131.1388459,0.014830383,149.7954076,10.29133496,3511,1756,0.009618243,137.8943023,275789,124.1048728,0.000473703,599.0270996,874.076416,0.183555409,0.341131598,2.597184896,4.826781273,F070802060302_93,108,070802060302
1426,613.1225815,4349.015029,399_19_2,2.239117861,1.07420671,322.2620239,597.2589111,92,322.1759338,100,2147.8396,7.568218231,88.22124481,1.052722573,0.300777882,23.16487539,0.002619696,131.0001297,11.79863691,560,280,0.001533661,16.98089439,33962,15.28280455,5.83338E-05,644.4379883,919.4348145,1.150935769,2.301564217,21.08657646,42.16752243,F070802060601_132,108,070802060601
1440,609.5800581,4343.099575,489_31_2,2.105080366,1.072745562,321.8236694,596.4465332,78,272.7775879,100,1818.517212,7.115171432,82.94016266,1.051290631,0.300368756,22.65706174,0.002562268,153.6668816,13.64382029,658,329,0.001802051,16.98631515,33972,15.28768362,5.83524E-05,594.6012573,869.2241211,0.978187442,1.80729866,21.05117226,38.89413834,F070802060502_520,108,070802060502
1465,594.5195398,4336.90131,576_6_1,2.245575428,1.071214676,321.3644104,595.5953369,66,230.4820862,100,1536.547241,7.590044975,88.47566986,1.049790382,0.299940109,186.6716095,0.021110537,131.0004787,11.79866111,4302,2151,0.0117818,183.579462,367158,165.2215144,0.000630643,551.8464966,826.0773926,0.149402335,0.256553471,1.945051789,3.340040207,F070801010602_735,108,070801010602
1470,623.78069,4335.322038,617_1_1,2.427476406,1.070824504,321.247345,595.378418,7,24.43619537,100,162.9079742,8.204870224,95.6425705,1.049407959,0.299830854,28.81254779,0.003258387,130.9971161,4.699474573,538,270,0.001478887,38.35708237,76714,34.52137375,0.000131767,345.6835327,619.8146362,1.189805031,1.280309439,9.305751801,10.01360893,F070801010604_73,108,070801010604
1472,613.1260018,4335.121891,507_12_1,2.227852106,1.070775151,321.2325439,595.3510132,84,293.2210693,100,1954.807129,7.530139923,87.77737427,1.049359679,0.299817055,162.2630989,0.018350199,132.4160767,11.90356636,3984,1991,0.010905423,122.1082239,244215,109.8974018,0.000419474,614.4536133,888.5720825,0.161342308,0.308615565,2.92302227,5.59115696,F070802060501_102,108,070802060501
1479,566.7834551,4331.8817,188_11_1,2.505004168,1.06997478,320.9924316,594.9060059,58,202.3107452,100,1348.738281,8.466914177,98.69716644,1.048575282,0.299592942,26.75380419,0.003025565,130.999939,11.79862309,649,324,0.001774664,6.937274933,13875,6.24354744,2.38314E-05,523.3031616,797.2167358,0.990717411,1.615133166,51.41186905,83.81504059,F070801030605_13,108,070801030605
1482,610.5186742,4331.590215,590_19_1,2.087242603,1.069902778,320.9708252,594.8659668,69,240.6639099,100,1604.426025,7.054880142,82.23735809,1.04850471,0.299572766,43.51362228,0.004920919,130.9984589,11.79851866,1079,539,0.002952297,26.6209507,53242,23.95885563,9.14499E-05,561.6347656,835.5299072,0.595493197,1.041993976,13.3967514,23.44163513,F070802060802_196,108,070802060802
1505,610.058293,4325.248704,458_58_1,2.188239336,1.068336487,320.500946,593.9951172,63,219.414856,100,1462.765747,7.396248817,86.21662903,1.046969771,0.299134225,41.34265044,0.004675406,135.2493515,8.459019462,1073,536,0.002935865,149.038635,298077,134.1347775,0.000511987,539.9157715,813.4099731,0.597949505,1.007305503,2.38939476,4.025173664,F070802060801_75,108,070802060801
1511,611.3057107,4323.422465,566_9_2,2.250901461,1.067885399,320.3656311,593.7442627,74,257.6164551,100,1717.442993,7.608047009,88.68551636,1.046527743,0.299007922,199.9999987,0.022617833,137.1955068,11.59218755,5019,2508,0.013737218,99.6643635,199329,89.69792739,0.000342373,577.9820557,851.3607178,0.127737492,0.230455369,3.571605682,6.443650246,F070802060503_256,108,070802060503
1538,607.7425615,4315.243567,160_5_2,2.140366554,1.065865159,319.759552,592.6210327,78,271.0281982,100,1806.854614,7.234438896,84.33044434,1.044547796,0.298442245,187.2460074,0.021175495,130.9995372,11.79859511,4645,2323,0.012723906,510.8367267,1021673,459.7530584,0.001754858,590.7877197,863.649231,0.137649402,0.254321009,0.695502818,1.285010934,F070802060602_257,108,070802060602
1541,607.4841779,4313.910419,161_19_2,2.254979372,1.065535903,319.6607666,592.4379883,86,298.7336426,100,1991.557617,7.621830463,88.84618378,1.044225216,0.298350066,47.14353421,0.005331423,141.1996994,12.61005974,1329,665,0.003642444,37.13646178,74273,33.42281713,0.000127573,618.3944092,891.1716309,0.480692893,0.929916382,9.564147949,18.50216293,F070802060602_191,108,070802060602
1554,606.5767796,4309.748236,389_3_2,2.129253626,1.064507842,319.352356,591.866333,92,319.2666626,100,2128.444336,7.19687748,83.89259338,1.043217659,0.298062205,200.000005,0.022617834,141.9281246,12.66536154,5003,2501,0.013698876,167.0925651,334184,150.3833033,0.000574007,638.6190186,911.1329956,0.127689868,0.255345464,2.123589277,4.246608734,F070802060601_330,108,070802060601
1557,604.7532671,4308.425815,463_5_2,2.267704725,1.064181209,319.254364,591.6847534,84,291.4151917,100,1942.767944,7.664842129,89.3475647,1.042897582,0.297970742,27.33834344,0.00309167,144.5054118,12.85257943,768,385,0.002108783,24.87619883,49753,22.38857961,8.54563E-05,610.6695557,883.0999756,0.829232097,1.586154699,14.25969696,27.27593994,F070801030301_200,108,070801030301
1583,606.6580758,4298.196599,533_15_2,2.153650522,1.061654568,318.4963684,590.2799683,84,290.7234497,100,1938.156372,7.279338837,84.85382843,1.040421486,0.297263265,35.3059178,0.003992717,131.0000407,11.7986304,790,395,0.002163557,13.32366189,26647,11.99129532,4.57703E-05,609.2198486,881.003418,0.806319892,1.542328715,26.5606308,50.80517578,F070802060501_225,108,070802060501
1585,607.2600238,4296.636237,507_12_2,2.227852106,1.061269164,318.3807373,590.0656738,84,290.618042,100,1937.453613,7.530139923,87.77737427,1.040043831,0.29715538,32.10821915,0.003631092,131.0000153,11.79862881,797,398,0.002179989,15.47003365,30940,13.9230299,5.31436E-05,608.9987793,880.6837158,0.799951613,1.530147672,22.86720276,43.74039078,F070802060501_102,108,070802060501
1587,574.4037473,4296.449391,399_31_2,2.159660578,1.06122303,318.3669128,590.039978,92,318.2820129,100,2121.880127,7.299652576,85.09062958,1.039998531,0.297142446,23.74583983,0.002685397,131.0004272,11.79865789,590,294,0.001610344,11.14562392,22291,10.03106192,3.82881E-05,636.6489258,908.3220215,1.082880616,2.165472507,31.73810577,63.46775055,F070802060601_83,108,070802060601
1592,603.5837781,4293.721773,589_15_2,2.25749445,1.060549259,318.1647644,589.6654053,69,238.5595703,100,1590.397095,7.630331039,88.94528198,1.039338231,0.296953797,52.0227679,0.005883211,143.7516479,12.79256177,1369,684,0.003746514,42.29919267,84599,38.06927276,0.000145309,556.7243652,828.2249756,0.465153158,0.813924491,8.357521057,14.62398243,F070802060802_149,108,070802060802
1609,601.7244169,4290.049422,44_4_2,2.128606558,1.059642196,317.8926697,589.1610718,71,245.264679,100,1635.0979,7.194690228,83.86709595,1.038449407,0.296699822,20.37811735,0.002304544,131.0007121,11.79867776,506,253,0.001385772,11.3432354,22687,10.2089119,3.8967E-05,563.1573486,834.4257813,1.256492734,2.225918293,31.13874245,55.16330719,F070801030401_468,104,070801030401
1618,609.1699496,4288.22998,516_20_1,2.350420713,1.059192777,317.757843,588.9111938,79,291.4226074,100,1942.817383,7.944422245,92.60657501,1.038008928,0.296573967,200,0.022617833,134.9220475,12.09756947,4504,2254,0.012345968,92.51211176,185026,83.26089968,0.000317803,609.1804199,880.3338013,0.140975088,0.270266384,3.816411257,7.316524506,F070802060603_458,108,070802060603
1632,602.0793738,4281.999249,576_3_2,2.180113554,1.057653785,317.2961426,588.055481,69,237.9086456,100,1586.057617,7.368783951,85.89647675,1.036500692,0.296143055,62.07468012,0.007019974,131.001236,11.79871464,1541,770,0.004217567,85.77543628,171551,77.19789398,0.000294661,555.2047729,825.9641113,0.412072927,0.721045136,4.110165596,7.191967964,F070801010602_512,108,070801010602
1636,603.6105797,4278.287293,458_85_1,2.264092684,1.056736946,317.0210876,587.5457153,80,275.5967407,100,1837.311646,7.65263319,89.2052536,1.035602212,0.295886338,53.51759521,0.00605226,133.2690002,11.96960278,1329,664,0.003636967,41.56295904,83127,37.40666332,0.00014278,592.6177979,863.1424561,0.4774414,0.892496705,8.474989891,15.84257317,F070802060801_135,108,070802060801
1640,603.5308049,4277.189195,592_5_1,2.222617865,1.056465745,316.9397278,587.3949585,79,272.0818787,100,1813.87915,7.512448311,87.5711441,1.035336375,0.295810401,45.88788047,0.005189422,131.0016418,11.79874325,1084,542,0.002968729,33.73098767,67462,30.35788812,0.000115875,589.0216064,859.4768066,0.584759653,1.086755753,10.44011116,19.40258789,F070802060704_236,108,070802060704
1649,601.0531133,4274.036032,128_5_1,2.199376583,1.055686951,316.7060852,586.9619141,78,268.4394531,100,1789.596313,7.433892727,86.65543365,1.034573197,0.295592338,79.41303575,0.008980754,146.5840378,13.05253911,2156,1079,0.005910071,226.799436,453599,204.119493,0.000779115,585.1455078,855.4013672,0.293518156,0.542303503,1.551571965,2.866681099,F070801030406_824,108,070801030406
1650,606.2165199,4273.985153,138_10_2,2.150183201,1.055674314,316.702301,586.954895,79,271.878418,100,1812.522827,7.267619133,84.71721649,1.0345608,0.295588821,77.94231701,0.008814432,144.5998917,12.92612553,1972,986,0.005400677,123.4785309,246957,111.1306801,0.000424181,588.5806885,858.833313,0.321199089,0.596937835,2.849818707,5.296293259,F070802060602_107,108,070802060602
1666,603.1416957,4270.307188,498_1_1,2.112662315,1.054765821,316.4297485,586.4497681,92,316.3449097,100,2108.966064,7.140798569,83.2388916,1.033670545,0.295334429,200.0000017,0.022617833,136.0356886,12.20857016,5064,2533,0.013874152,189.4873314,378974,170.5385983,0.000650939,632.7746582,902.7946777,0.124922916,0.249812335,1.855472922,3.710448265,F070802060704_471,108,070802060704
1674,599.6760804,4267.646303,186_34_1,2.204189062,1.05410862,316.2325745,586.0844116,82,281.7835083,100,1878.556763,7.450159073,86.845047,1.033026457,0.295150399,102.4410515,0.011584973,140.4702214,11.13472502,2623,1312,0.007186296,70.3143234,140628,63.28288971,0.000241548,598.0161133,867.8679199,0.241030931,0.455804974,4.997126102,9.449886322,F070801030407_315,108,070801030407
1681,603.1606272,4266.162679,84_5_2,2.274410725,1.05374217,316.1226501,585.8806763,78,267.9455261,100,1786.303467,7.687508106,89.61178589,1.032667279,0.29504782,30.49138322,0.003448245,140.4447988,12.52502219,703,351,0.001922553,21.85590601,43712,19.67031515,7.50808E-05,584.0681763,853.8261719,0.900634348,1.664011955,16.07105255,29.692873,F070801030406_418,104,070801030406
1691,599.3600125,4263.688902,186_34_2,2.204189062,1.053131104,315.9393311,585.5408936,75,257.4905396,100,1716.603638,7.450159073,86.845047,1.032068491,0.294876695,195.8400787,0.022147391,132.2150051,10.54632907,4862,2430,0.013309984,338.1726531,676345,304.3553817,0.001161712,573.4298706,843.0314331,0.130016193,0.235979363,1.038060546,1.884079933,F070801030407_315,108,070801030407
1695,599.0921901,4262.63342,458_14_1,2.088054657,1.052870512,315.861145,585.3959961,77,264.2910156,100,1761.940063,7.057624817,82.26935577,1.031813145,0.294803739,77.0539155,0.008713963,131.0004272,11.79865742,1733,866,0.004743393,99.14040375,198281,89.22636414,0.000340573,580.1521606,849.6870117,0.364735723,0.669921637,3.539998055,6.502026081,F070802060801_245,108,070802060801
1697,599.6095833,4262.294755,194_22_2,2.147902727,1.052786827,315.8360596,585.3494873,70,240.2458191,100,1601.638794,7.25991106,84.62736511,1.031731129,0.294780314,93.26096479,0.010546805,138.5371922,11.00697832,2027,1013,0.005548565,191.083269,382167,171.9749376,0.000656421,556.0819092,825.5953369,0.311782897,0.548945606,1.836523771,3.233505487,F070801030408_134,108,070801030408
1704,595.6240228,4261.056065,161_14_2,2.166320086,1.052480817,315.7442322,585.1793213,78,267.6248169,100,1784.165405,7.322161674,85.35301208,1.031431198,0.294694632,28.40425968,0.003212214,131.0004171,11.79865678,705,352,0.001928031,11.5138061,23028,10.36242545,3.95529E-05,583.3690186,852.8041382,0.89700067,1.657298326,30.47010803,56.29656982,F070802060602_76,108,070802060602
1726,599.7014626,4257.3807,102_7_2,2.135316133,1.051573038,315.4719238,584.6746216,78,267.3939819,100,1782.626587,7.217368603,84.13145447,1.030541539,0.294440448,48.97364616,0.005538389,143.7504425,12.77614403,1324,662,0.003626012,19.95038795,39901,17.95534897,6.85348E-05,582.8659058,852.0686035,0.476543695,0.88046211,17.56980133,32.46196365,F070801030406_335,104,070801030406
1732,598.6300483,4255.877555,164_19_2,2.107156277,1.051201701,315.3605042,584.4681396,77,263.8727112,100,1759.151367,7.122188091,83.0219574,1.030177712,0.294336468,171.0661039,0.019345723,145.9707934,12.99096553,4269,2136,0.01169964,382.4159533,764833,344.1743647,0.001313699,579.2332153,848.3408203,0.14764069,0.271176606,0.916281223,1.682964444,F070801030407_121,108,070801030407
1738,591.0125101,4254.104418,593_11_1,2.202127457,1.050763845,315.2291565,584.2246704,73,250.060379,100,1667.069214,7.443190575,86.76382446,1.029748559,0.294213891,43.92796326,0.004967777,130.9994278,11.79858685,1090,544,0.002979684,11.3530395,22706,10.21773529,3.90007E-05,565.2895508,834.2850342,0.579465389,1.039135218,30.85117722,55.32434845,F070802060802_57,108,070802060802
1745,600.1164759,4253.059115,499_3_2,2.065496445,1.050505638,315.1517029,584.0811157,78,267.1220703,100,1780.813843,6.981378078,81.38056183,1.029495478,0.294141591,144.0392169,0.016289275,131.0000555,11.79863132,3479,1740,0.009530606,105.61998,211239,95.05798166,0.000362832,582.2738037,851.203186,0.181121662,0.334640115,3.31536293,6.125459194,F070802060704_478,108,070802060704
1773,588.11907,4243.879262,476_16_1,2.196151018,1.048238158,314.4714355,582.8204346,86,293.8838196,100,1959.225464,7.422990322,86.52835083,1.027273417,0.293506682,123.3519917,0.013949774,134.3042425,12.04585536,2982,1492,0.00817222,179.0875127,358175,161.1787629,0.000615212,608.3552246,876.7042236,0.210771739,0.407744795,1.951072454,3.774413109,F070802060704_426,108,070802060704
1774,602.1586416,4243.630936,184_13_1,2.128015518,1.048176885,314.453064,582.786377,79,269.9476624,100,1799.651123,7.19269228,83.84381104,1.027213335,0.293489516,21.31276512,0.002410243,131.0009613,11.79869556,529,264,0.001446023,49.84237671,99685,44.85813904,0.000171222,584.4007568,852.7340088,1.191110134,2.213639259,7.009944439,13.02775288,F070802060602_78,108,070802060602
1775,598.9568811,4243.299895,658_18_2,2.102758408,1.048095107,314.4285278,582.7409058,78,266.5092468,100,1776.728271,7.107323647,82.84867859,1.027133226,0.293466628,169.3407736,0.019150607,133.9554482,12.03527439,4088,2043,0.011190246,334.1239285,668248,300.7115352,0.001147803,580.9377441,849.2501221,0.153905302,0.284355223,1.045615077,1.931877136,F070801030401_516,104,070801030401
1779,599.6413651,4242.300006,93_10_1,2.223334551,1.047848105,314.3544312,582.6035767,78,266.4467468,100,1776.311646,7.514870644,87.59938049,1.026891112,0.293397456,58.51356697,0.006617251,131.0002441,11.79864454,1452,726,0.003976563,54.69664955,109393,49.22698402,0.000187897,580.8011475,849.050293,0.432995081,0.800001562,6.385815144,11.79843044,F070801030406_391,108,070801030406
1782,599.3670767,4241.449138,450_18_1,2.138329029,1.047637939,314.2913818,582.4866943,70,239.0709229,100,1593.806152,7.227551937,84.25016022,1.026685238,0.293338627,21.9910275,0.002486947,149.6996307,13.34373951,623,311,0.001703459,28.67139603,57342,25.80425612,9.84937E-05,553.3623047,821.5576172,1.010583162,1.779299974,12.17982769,21.44461441,F070801030301_281,108,070801030301
1785,596.9216251,4240.80783,163_7_1,2.191888094,1.04747951,314.243866,582.3986206,82,280.0117493,100,1866.744995,7.408581734,86.36038971,1.026529908,0.293294251,142.0965372,0.016069579,131.0004679,11.7986606,3523,1760,0.009640153,399.962325,799925,359.9660963,0.001373975,594.2556152,862.4104004,0.178547651,0.337645233,0.872981846,1.650865555,F070801030407_335,108,070801030407
1811,596.9008965,4235.94813,498_5_2,2.099765301,1.046279192,313.8837585,581.7312012,91,310.3889771,100,2069.259766,7.097206593,82.73075104,1.025353551,0.29295817,200.0000072,0.022617834,131.0020655,11.79877307,4960,2480,0.013583852,215.3174924,430635,193.7857466,0.000739672,624.2727051,892.1201782,0.126566038,0.251722872,1.619746327,3.221458435,F070802060704_556,108,070802060704
1812,596.4954143,4235.692002,423_8_1,2.160670996,1.046215892,313.8647766,581.6960449,78,266.0317688,100,1773.545166,7.303068161,85.13043976,1.025291562,0.292940438,20.4780283,0.002315843,131.0010529,11.79870176,506,254,0.001391249,28.67135116,57342,25.80421685,9.84936E-05,579.8965454,847.7277832,1.23568809,2.283057213,12.16331387,22.47293663,F070801030303_774,108,070801030303
1815,568.8100568,4232.566193,84_16_1,2.14040637,1.045443892,313.6331787,581.2667847,79,269.2436218,100,1794.95752,7.234573364,84.33200836,1.02453506,0.292724282,72.38594246,0.008186066,136.666153,12.24028015,1819,909,0.00497892,60.40438032,120809,54.36394274,0.000207505,582.8768311,850.510376,0.345030993,0.641228616,5.769139767,10.72175407,F070801030406_416,104,070801030406
1862,593.6241682,4220.917551,46_5_1,2.043480635,1.042566657,312.769989,579.6670532,69,234.5147552,100,1563.431641,6.906964779,80.51313782,1.021715283,0.291918665,200.0000005,0.022617833,135.2389325,12.1253912,5078,2540,0.013912493,97.81342536,195627,88.03208362,0.000336015,547.284729,814.1818237,0.123137794,0.215466425,3.552909136,6.216877937,F070801030405_235,104,070801030405
1864,594.2055526,4220.359928,450_15_2,2.306549072,1.042428851,312.7286682,579.5904541,60,203.8992157,100,1359.328125,7.796135902,90.8780365,1.021580219,0.291880071,33.93533051,0.003837718,135.2491531,9.451398462,849,425,0.002327878,23.16745567,46336,20.85070992,7.95863E-05,516.6278687,783.4896851,0.735832155,1.215595007,14.99846649,24.77747154,F070801030301_264,108,070801030301
1866,569.2395529,4220.344359,660_2_2,2.097648621,1.042425036,312.7275085,579.5883179,78,265.0678406,100,1767.118896,7.090052128,82.64735413,1.021576524,0.291878998,21.52839612,0.002434628,131.0051956,11.79899406,532,266,0.001456978,9.317133904,18634,8.385420799,3.20068E-05,577.7953491,844.6561279,1.175667286,2.17216301,37.29419327,68.90475464,F070801030601_474,104,070801030601
1869,591.3073384,4217.665163,184_9_2,2.12538743,1.041763306,312.5289917,579.2203979,92,312.4456482,100,2082.970947,7.18380928,83.74026489,1.020928025,0.291693717,23.18576685,0.002622059,130.9995728,6.474298656,571,286,0.001566525,64.474617,128949,58.02715683,0.000221487,624.9746094,891.6660156,1.092758656,2.185225964,5.385909081,10.77038097,F070802060602_148,108,070802060602
1871,596.4929971,4217.501793,440_2_2,2.110794783,1.041722894,312.5168762,579.197937,70,237.7211609,100,1584.807739,7.134486198,83.16531372,1.020888448,0.291682422,85.11188235,0.009625232,141.9559733,12.68419902,2010,1006,0.005510224,71.51293177,143026,64.36163757,0.000245666,550.2380371,816.9190674,0.310652971,0.546956301,4.855638981,8.549161911,F070801030303_54,108,070801030303
1872,595.7714681,4216.982748,128_34_1,2.231836796,1.041594744,312.4784241,579.1266479,78,264.856781,100,1765.711914,7.543608189,87.93437195,1.020762801,0.29164654,42.86561625,0.004847637,149.5115204,13.3387537,1244,622,0.003406918,112.9620658,225924,101.6658561,0.000388054,577.3352051,843.9833984,0.502376914,0.928191662,3.073582888,5.678752422,F070801030406_522,108,070801030406
1892,593.7901415,4211.428763,93_17_2,2.079281807,1.040222883,312.066864,578.3639526,78,264.5078735,100,1763.385864,7.027972698,81.92370605,1.019418478,0.291262418,118.3531256,0.013384456,139.924242,12.50733066,3017,1510,0.008270813,58.36838223,116736,52.53154443,0.000200511,576.574707,842.8718262,0.206666797,0.381837547,5.940561295,10.97578049,F070801030406_424,108,070801030406
1894,599.9071913,4211.102468,515_10_2,2.147871971,1.040142298,312.0426941,578.3190918,92,311.959198,100,2079.728027,7.25980711,84.62615204,1.019339442,0.291239858,29.98654133,0.003391153,131.0009155,11.79869223,444,222,0.001215974,37.55754924,75116,33.80179387,0.00012902,624.0018921,890.2783203,1.405597687,2.810819387,9.231542587,18.46061516,F070802060603_275,108,070802060603
1903,594.9309537,4209.042528,594_12_2,2.097970486,1.039633512,311.8900452,578.0362549,7,23.72438812,100,158.1625824,7.09114027,82.66003418,1.01884079,0.291097373,64.0546337,0.007243885,158.9546254,14.1270593,1905,952,0.005214446,21.18398997,42367,19.06559098,7.27725E-05,335.6144409,601.7606201,0.327615589,0.352536172,16.35879326,17.60314941,F070802060802_276,108,070802060804
1912,599.3378219,4205.46202,450_18_2,2.138329029,1.038749099,311.6247253,577.5444946,70,237.0421295,100,1580.280884,7.227551937,84.25016022,1.017974138,0.290849745,41.77251816,0.004724019,152.7213694,13.58537006,1243,621,0.00340144,51.43326718,102866,46.28994121,0.000176687,548.6668701,814.5866089,0.501811147,0.883521557,6.732017994,11.85283184,F070801030301_281,108,070801030301
1928,591.1449136,4202.093249,396_9_2,2.116322517,1.037917018,311.3750916,577.0818481,75,253.7703552,100,1691.802368,7.153170109,83.38311005,1.017158628,0.290616751,96.35593963,0.010896813,136.6652374,12.24021339,2402,1201,0.006578309,29.19542459,58391,26.27588269,0.000100294,565.1454468,830.8521729,0.259263188,0.470562398,11.85022354,21.50814247,F070801030603_187,108,070801030603
1929,593.4203364,4201.710721,152_6_1,2.054311275,1.037822604,311.3467712,577.0293579,86,290.9637756,100,1939.758545,6.943572044,80.93986511,1.017066121,0.290590316,28.51170394,0.003224365,158.5795695,14.0905625,845,423,0.002316923,68.97128085,137942,62.07415418,0.000236934,602.3105469,867.9931641,0.736044347,1.423902035,5.015723228,9.703081131,F070801030407_681,108,070801030407
1939,591.6289335,4198.585168,463_6_2,2.18290782,1.037050486,311.1151428,576.6000977,86,290.747467,100,1938.316406,7.378228664,86.00656891,1.0163095,0.29037413,68.04812789,0.007695506,141.6717656,12.64258909,1789,894,0.004896759,48.47960162,96959,43.63164282,0.00016654,601.8626099,867.3475342,0.348003507,0.67322439,7.130493641,13.79417706,F070801030301_200,108,070801030301
1941,591.3334511,4198.511151,588_16_2,2.212760925,1.037032247,311.1096802,576.5899048,10,33.80722046,100,225.3814697,7.479131699,87.1827774,1.016291618,0.290369034,22.16602665,0.002506737,138.0822029,12.32700157,577,287,0.001572002,36.88745388,73775,33.198709,0.000126718,344.9169006,610.3970947,1.084005833,1.201801062,9.371137619,10.38946724,F070801010602_457,108,070801010602
1944,585.5889174,4198.269988,166_57_1,2.179485559,1.036972642,311.0917969,576.5567627,78,263.6812744,100,1757.875122,7.366661072,85.87173462,1.016233206,0.290352345,38.69728838,0.004376244,145.7337392,12.99202061,995,497,0.002722248,38.62966387,77260,34.7666972,0.000132703,574.7730713,840.2380371,0.62593925,1.156485081,8.947982788,16.53228951,F070802060406_204,108,070802060406
1958,593.4493274,4192.561571,483_20_1,2.227163315,1.035562754,310.6688232,575.7728882,75,253.1947174,100,1687.964844,7.527812004,87.75023651,1.014851451,0.289957583,24.28051913,0.002745864,140.6333008,12.54955482,601,300,0.001643208,32.75379986,65508,29.4784199,0.000112518,563.8635254,828.9675903,1.035562754,1.879545093,10.53885555,19.1280098,F070801010403_48,108,070801010403
1962,595.895132,4191.163499,723_86_2,2.150027275,1.035217404,310.5652161,575.5808716,78,263.2349243,100,1754.899536,7.267092228,84.71107483,1.014513016,0.289860874,89.55070277,0.010127214,145.5211372,12.92524076,2321,1161,0.006359214,38.97113158,77943,35.0740183,0.000133876,573.8001709,838.8157959,0.267498046,0.494229257,8.854566574,16.35969353,F070801010405_187,108,070801010405
1965,588.3305471,4189.82402,498_7_1,2.170569897,1.034886479,310.4659424,575.3969116,78,263.1509399,100,1754.3396,7.336526394,85.52045441,1.014188766,0.289768219,35.65457445,0.004032146,130.9992905,11.79857731,884,442,0.002420993,10.61735275,21235,9.555617854,3.64734E-05,573.6168823,838.5478516,0.702411652,1.297775745,32.49040985,60.02928162,F070802060704_482,108,070802060704
1999,590.2873528,4179.650054,680_21_2,2.008504868,1.032373548,309.7120667,573.9996948,79,265.8769531,100,1772.513062,6.788746357,79.13509369,1.011726022,0.289064586,134.4546752,0.015205367,140.5701023,12.56929376,3226,1614,0.008840458,204.9269863,409853,184.4342926,0.000703978,575.5889893,839.8766479,0.191891,0.356622666,1.679254174,3.120835066,F070801030407_658,108,070801030407
2006,591.1156908,4177.313824,499_5_2,2.174902678,1.031796455,309.5389404,573.678833,78,262.3654175,100,1749.102783,7.351171017,85.69116211,1.011160493,0.288902998,42.4118765,0.004796324,130.9998055,11.79861379,1052,526,0.002881091,28.44955987,56899,25.60460415,9.77317E-05,571.9043579,836.0442505,0.588477075,1.087270617,12.08919048,22.33599663,F070802060704_482,108,070802060704
2008,591.7530061,4176.847431,496_13_1,2.086820126,1.031681299,309.5043945,573.6148071,78,262.3356934,100,1748.904663,7.053452015,82.22071075,1.011047721,0.288870752,41.07474321,0.004645108,142.3348033,12.68213272,1113,556,0.003045412,28.88434052,57768,25.99590755,9.92253E-05,571.8400879,835.9505005,0.55666256,1.028489351,11.90588951,21.99731255,F070802060502_423,108,070802060502
2012,588.9731087,4175.406059,34_4_1,2.053176403,1.03132534,309.3976135,573.4168701,74,248.7961731,100,1658.641113,6.939736366,80.89514923,1.010698795,0.288771093,45.38209271,0.005132223,134.1706292,12.16086333,1281,641,0.003510987,16.81093489,33621,15.12984159,5.775E-05,558.1937866,822.2130127,0.482679576,0.870817125,20.44949532,36.89356613,F070801030403_166,104,070801030403
2016,588.6696218,4174.83857,137_6_2,2.198845863,1.03118515,309.3555298,573.3389282,79,265.5714111,100,1770.476074,7.432098866,86.63452911,1.010561466,0.288731843,199.9999995,0.022617833,130.9995384,10.61541784,4106,2053,0.011245019,396.7209554,793442,357.0488589,0.00136284,574.9269409,838.9103394,0.150684625,0.28004235,0.866423547,1.61021924,F070802060602_56,108,070802060602
2021,586.6944308,4173.061513,458_64_2,2.179242849,1.030746222,309.223877,573.0949097,77,258.737793,100,1724.918579,7.365840912,85.86216736,1.01013124,0.288608938,200.0000019,0.022617833,135.5333405,10.30853675,4016,2010,0.011009493,300.7787733,601558,270.7008946,0.001033254,567.9616699,831.8327026,0.153842717,0.282568008,1.142308235,2.098115206,F070802060801_93,108,070802060801
2023,588.1327456,4172.769743,425_24_2,2.100291491,1.0306741,309.20224,573.0548096,70,235.1996918,100,1567.997925,7.098985195,82.75148773,1.010060668,0.288588762,61.48418403,0.006953195,137.8004425,12.32869663,1249,626,0.003428827,55.08960545,110180,49.58064604,0.000189247,544.4019165,808.2545166,0.49393329,0.869651616,6.236349583,10.98012924,F070801030302_56,108,070801030302
2034,587.7171372,4170.266263,425_8_1,2.025299549,1.030055761,309.0167236,572.7109985,82,275.3544617,100,1835.696411,6.84551239,79.79679871,1.009454608,0.288415611,121.2632346,0.013713558,140.3086177,12.53774588,2919,1458,0.00798599,115.6454926,231291,104.0809445,0.000397273,584.3712158,848.0654297,0.211945623,0.400803298,2.969003916,5.614583969,F070801030302_81,108,070801030302
2047,588.457616,4164.493779,399_6_2,2.15743804,1.028630018,308.5890198,571.9182739,92,308.5067139,100,2056.711426,7.292140484,85.00305939,1.008057475,0.288016409,200.0000026,0.022617834,131.0001297,11.79863663,4887,2445,0.013392144,183.4429548,366886,165.0986583,0.000630175,617.0957031,880.4249878,0.126212284,0.252390891,1.869118929,3.737739086,F070802060601_134,108,070802060601
2054,587.4912469,4163.880592,496_32_1,2.07450366,1.028478503,308.5435486,571.8340454,86,288.3441467,100,1922.294312,7.011822224,81.73544312,1.00790894,0.28797397,50.15101338,0.005671536,139.5821969,12.49046803,1356,678,0.00371365,41.9348858,83870,37.74139729,0.000144057,596.8876953,860.1782227,0.455078989,0.880365312,8.17520237,15.8151989,F070802060502_386,108,070802060502
2064,588.6412362,4162.512428,483_6_1,2.08196497,1.028140545,308.4421692,571.6461182,71,237.9731293,100,1586.487549,7.037041664,82.02941895,1.007577777,0.287879348,200.0000016,0.022617833,147.8461082,13.12362576,5064,2532,0.013868674,204.3330247,408667,183.8997248,0.000701937,546.4152832,809.6192627,0.121817604,0.215803817,1.677230239,2.971267462,F070801010403_48,108,070801010403
2066,586.3796377,4161.782885,533_15_1,2.153650522,1.02796042,308.3881226,571.5460205,84,281.4966736,100,1876.644531,7.279338837,84.85382843,1.007401228,0.287828922,57.6907959,0.006524204,131.0005188,11.79866409,1432,716,0.003921789,20.98314476,41966,18.88483047,7.20826E-05,589.8847656,853.0427246,0.43070966,0.82386142,16.32993889,31.23590469,F070802060501_225,108,070802060501
2070,584.8040313,4161.182741,27_7_1,2.07796979,1.027812123,308.3436279,571.463562,62,208.3791046,100,1389.194092,7.023538113,81.87200928,1.007255912,0.287787408,200.0000036,0.022617834,138.264439,11.02595723,4871,2434,0.013331893,448.8999285,897799,404.0099332,0.001542089,516.7227173,779.8426514,0.126681849,0.21229364,0.763208032,1.278985143,F070801030202_256,104,070801030202
2072,588.1879573,4160.889215,443_2_1,1.935852647,1.027739644,308.3218994,571.4232178,78,261.3336487,100,1742.224365,6.543181896,76.27259064,1.007184863,0.287767112,63.67227602,0.007200645,137.7998657,12.33958371,1666,833,0.004562641,79.48334408,158967,71.53500843,0.000273046,569.6555176,832.7568359,0.370134324,0.683860183,4.310083866,7.963311195,F070801030303_741,108,070801030303
2074,591.1671344,4160.28626,464_1_1,2.205914736,1.027590752,308.2772217,571.3404541,73,244.5458221,100,1630.30542,7.455991745,86.91304016,1.007038951,0.287725419,26.49029073,0.002995765,130.999588,11.79859829,646,323,0.001769187,38.42985503,76860,34.58686919,0.000132017,552.8230591,815.8862915,0.954418659,1.711526513,8.913128853,15.98361111,F070801030303_670,108,070801030303
2077,587.4668269,4158.166916,559_15_2,2.078551292,1.027067184,308.1201477,571.0493774,64,214.2872467,100,1428.581665,7.025503159,81.89492035,1.006525874,0.287578821,25.45335007,0.002878498,130.9997177,8.249071558,623,311,0.001703459,16.69931841,33398,15.0293861,5.73665E-05,522.4074097,785.3366089,0.990740001,1.679766536,20.50118065,34.75906372,F070802060501_73,108,070802060501
2094,586.1957272,4155.175508,396_19_2,2.03995657,1.026328325,307.8984985,570.6385498,76,254.2828674,100,1695.219116,6.895053387,80.37429047,1.005801797,0.287371933,42.53799804,0.004810587,134.3979614,12.06349583,1102,550,0.003012548,16.20213108,32404,14.58191773,5.56586E-05,562.1813965,824.9213867,0.559815466,1.022148013,21.11508942,38.55332565,F070801030603_190,108,070801030603
2105,586.8013242,4151.432672,425_51_2,2.041686058,1.025403857,307.6211548,570.1245728,70,233.9970856,100,1559.980591,6.900898933,80.44242859,1.004895806,0.28711307,66.74699894,0.007548362,130.9979248,11.79848118,1656,828,0.004535254,127.4217435,254843,114.6795713,0.000437727,541.6182251,804.1216431,0.371523142,0.654128313,2.682440758,4.722883224,F070801030302_21,108,070801030302
2110,585.9509025,4150.632806,396_14_1,2.062488317,1.025206327,307.5618896,570.0147095,78,260.6894836,100,1737.929932,6.97121048,81.26203918,1.00470221,0.287057757,200.0000043,0.022617834,131.0010071,11.79869866,4954,2477,0.01356742,223.1226035,446245,200.810341,0.000766485,568.2513428,830.7042236,0.124167092,0.229411125,1.531603813,2.829791307,F070801030603_275,108,070801030603
2121,585.5315099,4147.893877,550_19_1,2.033038855,1.024529815,307.3589478,569.6385498,64,213.7579041,100,1425.052734,6.8716712,80.10173035,1.004039168,0.286868334,57.27207999,0.006476852,140.3914228,11.12360971,1450,725,0.003971086,55.06289017,110126,49.55660188,0.000189155,521.1168213,783.3964844,0.423943371,0.718781829,6.202179432,10.51558781,F070801010301_516,108,070801010301
2125,581.3304762,4147.358224,845_96_1,2.230853081,1.024397492,307.3192444,569.5650024,92,307.2372742,100,2048.248535,7.540283203,87.89561462,1.003909588,0.28683129,32.04363459,0.003623788,135.2497673,12.12988472,799,399,0.002185466,36.18761659,72375,32.56885481,0.000124314,614.5565186,876.8022461,0.770223677,1.540241957,9.435985565,18.86945343,F070802060302_373,108,070802060302
2131,576.7715034,4146.404145,699_67_1,2.047778845,1.024161816,307.2485352,569.43396,78,260.4237671,100,1736.158447,6.921492577,80.68248749,1.00367856,0.286765307,200.0000026,0.022617834,135.2495861,12.12170136,4994,2497,0.013676967,257.8559,515712,232.0703056,0.000885802,567.6723022,829.8577271,0.123047069,0.227341726,1.32394588,2.446122169,F070802060406_111,108,070802060406
2156,588.963297,4142.018088,194_23_1,2.118737221,1.023078442,306.9235229,568.831604,68,226.7959747,100,1511.973145,7.161331654,83.4782486,1.002616882,0.286461949,93.07203302,0.010525439,148.6797974,13.234198,2504,1251,0.006852177,210.5758,421150,189.5182179,0.000723383,533.7194824,795.6275635,0.245342538,0.426634282,1.619493484,2.816190958,F070801030408_219,108,070801030408
2162,582.272941,4141.190689,814_33_1,2.058026552,1.022874117,306.8622437,568.7180176,54,167.330368,100,1115.535767,6.956129551,81.08624268,1.002416611,0.286404759,199.9999975,0.022617833,130.9997498,11.79860992,4725,2362,0.012937523,42.21234013,84426,37.99110584,0.00014501,474.192627,736.0484009,0.129916281,0.200758949,8.077212334,12.48167515,F070801030409_385,108,070801030409
2174,584.7164367,4138.077097,108_1_1,2.088923931,1.022105098,306.6315308,568.2904053,48,159.9387817,100,1066.258545,7.060563087,82.30360413,1.00166297,0.286189437,199.9999978,0.022617833,133.5400422,10.98168683,4174,2083,0.01140934,52.87566632,105752,47.58809972,0.000181642,466.5703125,728.229187,0.147206694,0.223989591,6.443449974,9.804347992,F070801030404_32,104,070801030404
2177,582.8013353,4137.871615,576_8_1,2.148704529,1.022054315,306.6163025,568.262207,67,223.2368469,100,1488.245605,7.262621403,84.65895844,1.001613259,0.286175221,27.36389589,0.00309456,131.0018005,11.79875437,679,340,0.001862302,25.62599945,51252,23.06339979,8.8032E-05,529.8531494,791.4990234,0.901812673,1.558391571,13.29449749,22.97376633,F070801010602_10,108,070801010602
2179,589.844903,4136.845352,389_12_2,2.250346661,1.021800756,306.5402222,568.1212158,86,286.4718323,100,1909.812256,7.606171608,88.66365814,1.001364708,0.286104202,49.22882776,0.005567247,130.9999084,11.79862118,1215,608,0.003330235,68.6120491,137224,61.75084305,0.0002357,593.012085,854.5930176,0.504177988,0.97534883,4.964146137,9.603303909,F070802060601_24,108,070802060601
2202,583.4892166,4130.483466,194_25_2,2.038127422,1.020229459,306.0688477,567.2475586,75,249.4460754,100,1662.973877,6.888870716,80.30222321,0.999824882,0.28566426,40.48381567,0.004578281,158.199707,14.05360031,1166,583,0.003193301,40.57003403,81140,36.51303101,0.000139369,555.5148926,816.6936035,0.524989426,0.952855706,8.382454872,15.21415424,F070801030408_139,108,070801030408
2226,579.9790846,4125.678739,483_13_1,2.014240265,1.019042611,305.7127686,566.5877075,70,232.5453644,100,1550.30249,6.808132172,79.36106873,0.998661757,0.285331935,23.69940254,0.002680146,149.7003098,13.27263689,661,330,0.001807529,40.05392623,80108,36.04853559,0.000137596,538.2581177,799.1330566,0.92640233,1.631085157,8.480587959,14.93148327,F070801010403_48,108,070801010403
2236,575.7389712,4123.39818,525_12_2,2.115194321,1.018479347,305.5437927,566.2745361,80,265.618927,100,1770.792847,7.149356842,83.33865356,0.998109758,0.285174221,42.65115154,0.004823383,131.0014877,11.79873252,1058,530,0.002903001,66.05246732,132104,59.44721887,0.000226907,571.1627197,831.8934326,0.576497734,1.077665567,5.13974905,9.607896805,F070802060502_63,108,070802060502
2243,583.7116017,4122.555823,425_20_2,1.995768905,1.018271327,305.4813843,566.1588745,78,258.9258423,100,1726.172241,6.745698929,78.63329315,0.99790591,0.285115957,200.0000007,0.022617833,137.3666849,11.67410238,5213,2609,0.014290431,146.542972,293085,131.888675,0.000503413,564.4072266,825.0847168,0.117087536,0.216330871,2.316206217,4.279421329,F070801030302_224,108,070801030302
2249,585.6191466,4121.151185,424_12_2,2.230397224,1.017924309,305.3772888,565.9659424,78,258.8377686,100,1725.585083,7.538742542,87.8776474,0.997565806,0.285018802,191.7788041,0.021688105,131.0004272,11.79865766,4758,2379,0.013030638,235.9702098,471941,212.3731905,0.000810619,564.2150879,824.8037109,0.128363714,0.23716481,1.437927723,2.656715155,F070801030303_731,108,070801030303
2261,588.6092375,4117.64796,481_38_1,2.078492403,1.017059088,305.1177368,565.4848633,92,305.036438,100,2033.576294,7.025304317,81.89260101,0.99671793,0.284776539,200.0000017,0.022617833,135.7225774,12.19286855,4976,2489,0.013633148,116.9836698,233968,105.2853002,0.00040187,610.1541748,870.5213013,0.122586474,0.245140284,2.898008823,5.795245647,F070802060603_200,108,070802060603
2273,581.1131082,4116.403047,44_15_2,2.300668001,1.016751528,305.0254517,565.3138428,76,251.9103546,100,1679.402344,7.776257992,90.64631653,0.996416509,0.28469044,26.05047313,0.002946026,131.0007121,11.79867776,646,324,0.001774664,17.02425825,34049,15.32183248,5.84828E-05,556.935791,817.2241821,0.941436589,1.718937635,19.90789604,36.34916306,F070801030401_468,104,070801030401
2276,579.497448,4116.14499,432_4_2,1.991673112,1.01668787,305.0063477,565.2784424,79,261.837616,100,1745.584106,6.731854916,78.47192383,0.996354103,0.284672618,53.95295095,0.006101494,130.9998271,11.79861546,1338,669,0.003664354,20.79822683,41596,18.71840394,7.14473E-05,566.8439941,827.1160889,0.455913812,0.84730041,16.29446411,30.28270912,F070801030606_69,108,070801030606
2283,582.0106473,4114.599952,544_1_2,2.062474251,1.016306162,304.8918457,565.0662231,70,231.9210663,100,1546.140381,6.971162796,81.26148224,0.995980024,0.284565717,52.91950243,0.005984622,151.9678802,13.54513121,1521,761,0.004168271,37.34166399,74683,33.60749718,0.000128278,536.8129272,796.9873047,0.400646329,0.705404639,9.072137833,15.97301102,F070801010301_201,108,070801010301
2287,583.9618909,4113.199806,103_11_2,2.15615201,1.015960336,304.7880859,564.8739624,78,258.3384094,100,1722.256104,7.287793636,84.95239258,0.995641112,0.284468889,29.81672904,0.003371949,133.8325704,12.00853252,742,371,0.0020321,27.68217911,55365,24.91396198,9.50955E-05,563.1264648,823.2124023,0.821531236,1.517861128,12.23362541,22.60284615,F070801030406_344,108,070801030406
2288,580.036544,4113.167669,559_16_1,2.018369675,1.015952468,304.7857361,564.8695679,79,265.0812378,100,1767.208252,6.822089672,79.52376556,0.995633423,0.284466684,139.4904532,0.015774859,140.4451074,12.5032924,3432,1716,0.009399149,322.3823266,644765,290.1441007,0.001107468,569.8669434,829.9508057,0.177614063,0.332090288,1.050463319,1.964082479,F070802060501_268,108,070802060501
2296,578.4525738,4112.112663,425_52_2,1.989130259,1.015691876,304.70755,564.7246704,70,231.7801819,100,1545.201172,6.723260403,78.37173462,0.995378017,0.284393728,172.0037832,0.019451764,135.2495743,11.12874277,3605,1803,0.009875679,223.2392282,446478,200.9153016,0.000766885,536.4877319,796.5048828,0.169000298,0.297552824,1.516597033,2.670218468,F070801030302_29,108,070801030302
2298,582.5229929,4111.974059,475_2_1,2.086019278,1.015657544,304.6972656,564.7055664,86,284.7497559,100,1898.331665,7.05074501,82.18916321,0.9953444,0.284384102,113.901947,0.012881076,133.8329366,12.00856336,2887,1444,0.007909307,55.10577202,110212,49.59519482,0.000189303,589.4470215,849.4553223,0.211009189,0.408204317,6.143685341,11.88516426,F070801030301_301,108,070801030301
2299,583.208694,4111.593499,33_1_1,2.013002872,1.015563607,304.6690674,564.6533813,65,215.1977234,100,1434.651489,6.803949833,79.31231689,0.995252311,0.284357816,200.0000036,0.022617834,131.0005035,11.79866295,4835,2417,0.013238778,65.15777904,130315,58.64200175,0.000223834,519.8668213,779.8510742,0.126052573,0.215087637,5.195406914,8.865093231,F070801030403_166,104,070801030403
2311,581.7138448,4109.936533,115_20_2,2.000248432,1.015154362,304.5462952,564.4258423,79,261.4425659,100,1742.950439,6.760839462,78.80979156,0.994851291,0.284243226,199.9999994,0.022617833,149.2738597,13.28162877,5282,2640,0.014460229,162.016732,324034,145.8150575,0.00055657,565.9888916,825.8684082,0.115358442,0.214389727,2.088579178,3.881553173,F070801030406_238,108,070801030406
2331,580.3362404,4105.073672,415_4_2,2.023937225,1.013953209,304.1859741,563.7579956,89,294.1885376,100,1961.256958,6.840908051,79.74312592,0.993674159,0.283906907,33.559643,0.003795232,130.9985657,11.79852676,781,391,0.002141648,58.25006407,116500,52.42505765,0.000200104,598.3745117,857.9465332,0.777969241,1.530369639,5.802301407,11.41390324,F070802060601_155,108,070802060601
2332,576.2723552,4105.065607,593_11_2,2.202127457,1.013951182,304.1853638,563.7568359,69,228.078186,100,1520.52124,7.443190575,86.76382446,0.993672132,0.283906341,22.26309836,0.002517715,130.9989548,11.79855347,552,276,0.001511751,9.136287034,18272,8.222658247,3.13855E-05,532.2635498,791.835022,1.102120876,1.928491116,36.99355698,64.73132324,F070802060802_57,108,070802060802
2344,580.3523108,4103.106187,27_16_1,2.027501345,1.013467193,304.0401611,563.4877319,71,234.5771179,100,1563.847412,6.852954388,79.88355255,0.993197858,0.2837708,115.2147052,0.013029535,130.9999466,11.7986238,2710,1355,0.007421822,179.7054644,359411,161.7349162,0.000617335,538.6173096,798.0648193,0.224383876,0.397503555,1.879867196,3.330247641,F070801030202_256,104,070801030202
2356,576.5364274,4101.637183,186_28_1,2.127059221,1.013104439,303.9313354,563.2860718,82,270.822113,100,1805.480713,7.189460278,83.80613708,0.992842376,0.283669233,35.69878581,0.004037146,145.4499512,12.94133782,824,413,0.002262149,25.72862148,51458,23.15576008,8.83845E-05,574.753418,834.1081543,0.73591125,1.39165473,13.12551785,24.82118607,F070801030407_315,108,070801030407
2359,581.9098791,4101.21815,549_12_1,2.147335768,1.013000846,303.9002686,563.2284546,69,227.8634186,100,1519.089478,7.257995129,84.60502625,0.99274081,0.283640236,177.4050934,0.020062594,135.7225444,12.19286839,4077,2039,0.011168336,145.2986703,290597,130.7688066,0.000499139,531.7636719,791.0918579,0.149043784,0.260796309,2.323950768,4.066441059,F070801010301_289,108,070801010301
2361,580.8773732,4100.750629,389_28_2,2.125924587,1.012885451,303.8656311,563.1643066,90,297.1799011,100,1981.199341,7.185625076,83.76142883,0.99262774,0.28360793,36.76533264,0.004157761,136.0999084,12.21705341,915,457,0.002503153,24.02831537,48057,21.62548411,8.25436E-05,601.0455322,860.3442383,0.664913833,1.315198064,14.05127525,27.79339027,F070802060601_330,108,070802060601
2366,581.6069699,4100.134671,106_12_2,2.035706282,1.012733221,303.8199768,563.0796509,54,178.2815552,100,1188.543701,6.880687237,80.20682526,0.992478549,0.283565313,199.9999948,0.022617833,143.9208893,10.88019663,4815,2407,0.013184004,63.11371183,126228,56.80233908,0.000216812,482.101532,741.3612061,0.126223505,0.200291455,5.348722935,8.487353325,F070801030404_22,104,070801030404
2369,580.438956,4099.595623,137_34_1,2.105593204,1.012600064,303.7800293,563.0056152,79,260.7850342,100,1738.566895,7.116905212,82.96037292,0.992348075,0.28352803,43.83139133,0.004956856,130.9999962,11.79862738,1052,526,0.002881091,79.44913483,158899,71.50422192,0.000272929,564.5650635,823.7906494,0.577528596,1.073317647,4.248420715,7.89554882,F070802060602_91,108,070802060602
2370,582.238379,4099.240893,111_8_2,2.002789259,1.012512445,303.7537231,562.9569092,75,247.5590668,100,1650.393799,6.769427776,78.90989685,0.992262185,0.283503473,200.0000004,0.022617833,136.2383842,10.6259243,1846,924,0.00506108,108.2901543,216580,97.46113873,0.000372005,551.3128052,810.5159912,0.328737795,0.596658885,3.116665125,5.656744957,F070802060301_94,108,070802060301
2377,580.70625,4096.764673,432_14_1,1.995147586,1.011900902,303.570282,562.6168823,83,273.800293,100,1825.335327,6.743598938,78.60881805,0.99166286,0.283332258,95.13847741,0.010759131,132.4153671,11.90351915,2302,1150,0.006298963,45.22347858,90447,40.7011311,0.000155354,577.3706055,836.4171753,0.26397416,0.502061367,7.458521843,14.18561554,F070801030606_69,108,070801030606
2380,578.348919,4096.454547,664_14_2,2.017841339,1.01182425,303.5472717,562.5742798,78,257.2867737,100,1715.245117,6.820303917,79.50294495,0.991587758,0.283310801,47.56176019,0.00537872,138.9377594,10.54968284,1170,585,0.003204255,18.04501653,36090,16.24051476,6.19894E-05,560.8340454,819.861084,0.518884242,0.958690703,18.69074249,34.53302002,F070801030402_188,104,070801030402
2393,579.143555,4093.70156,69_6_2,2.046088696,1.01114428,303.3432922,562.196228,64,210.9648895,100,1406.432617,6.915779591,80.61589813,0.990921378,0.283120394,108.3825905,0.012256897,143.5596313,12.80487029,2636,1319,0.007224637,38.9333626,77867,35.04002581,0.000133746,514.3081665,773.1611328,0.229979753,0.389922798,8.657051086,14.67773342,F070801030405_171,104,070801030405
2402,578.7276052,4092.177666,425_24_1,2.100291491,1.010767937,303.2303772,561.9869995,70,230.6571655,100,1537.714478,7.098985195,82.75148773,0.990552604,0.283015013,199.9999983,0.022617833,137.1821261,12.27456925,4588,2294,0.012565063,162.7200009,325441,146.448001,0.000558986,533.8875732,792.644165,0.132184118,0.232732162,2.070566893,3.645577669,F070801030302_56,108,070801030302
2406,579.0686993,4091.533212,119_31_1,2.028439522,1.010608673,303.1826172,561.8984375,78,256.9769592,100,1713.179688,6.856125355,79.92051697,0.9903965,0.282970428,171.8449521,0.019433802,138.6498184,12.40720105,4333,2167,0.011869438,131.4207065,262841,118.2786356,0.000451465,560.1595459,818.8753662,0.13990891,0.25849542,2.56329155,4.735931873,F070801030406_114,104,070801030406
2410,579.2093239,4090.314043,458_36_1,2.218265295,1.01030755,303.0922546,561.7310181,76,250.3135376,100,1668.756958,7.497736931,87.39965057,0.990101397,0.282886118,38.07924943,0.004306351,131.0003052,11.79864883,943,471,0.002579836,58.50520372,117010,52.65468454,0.000200981,553.4057617,812.0445557,0.643507957,1.174959183,5.756225586,10.5100956,F070802060801_140,108,070802060801
2415,576.3436626,4088.808099,60_45_2,2.086574554,1.009935617,302.9806824,561.524231,76,250.2216492,100,1668.144287,7.052621841,82.21103668,0.989736915,0.282781959,35.03596231,0.003962188,130.9999441,11.79862372,869,434,0.002377174,22.66778386,45336,20.40100614,7.78698E-05,553.2023315,811.7458496,0.69811219,1.274659753,14.85126209,27.11642456,F070801030202_320,104,070801030202
2422,576.1125314,4087.585842,60_45_1,2.086574554,1.00963366,302.8901062,561.3563232,76,250.1468353,100,1667.645508,7.052621841,82.21103668,0.989440978,0.282697439,36.44682503,0.004121741,131.0003586,11.79865313,821,410,0.002245717,22.95254087,45905,20.65728617,7.8848E-05,553.0369263,811.5031738,0.738756359,1.348870516,14.66262817,26.77200317,F070801030202_320,104,070801030202
2451,577.4169835,4082.64473,22_1_1,2.052986622,1.008413196,302.5239563,560.6777344,78,256.41922,100,1709.461426,6.939094543,80.88767242,0.988244951,0.282355696,37.84941617,0.004280359,141.6189384,12.61811566,746,373,0.002043055,72.37150764,144743,65.13435992,0.000248615,558.9431763,817.0969238,0.811056197,1.498507142,4.644613743,8.58138752,F070801030402_459,105,070801030402
2456,575.7215923,4081.413767,474_1_1,2.199697971,1.008109212,302.4327698,560.508728,78,256.3417969,100,1708.945313,7.434978962,86.66809845,0.987947047,0.282270581,48.82226503,0.005521269,130.999733,11.79860854,1211,605,0.003313803,40.90266261,81804,36.81239654,0.000140511,558.7745361,816.8505249,0.499888867,0.923594296,8.215514183,15.17897701,F070801030301_274,108,070801030301
2467,574.8910882,4079.756784,194_13_1,2.134963274,1.007699966,302.3099976,560.281189,70,229.9569702,100,1533.046509,7.216176033,84.11755371,0.987545967,0.282155991,92.98484471,0.010515579,139.5004069,10.8453119,2146,1072,0.005871729,175.8849865,351770,158.2964848,0.000604211,532.2669678,790.2381592,0.282005608,0.496517688,1.909770727,3.362468719,F070801030408_181,108,070801030408
2469,573.2559124,4079.370045,38_5_1,1.991761327,1.007604361,302.281311,560.2280273,76,249.6440582,100,1664.293701,6.732153416,78.4753952,0.987452269,0.282129228,46.29242134,0.005235171,136.6676712,12.22572517,1215,608,0.003330235,23.19336224,46387,20.87402701,7.96753E-05,551.925354,809.8720703,0.49717322,0.907771945,14.48121643,26.4407711,F070801030401_542,104,070801030401
2485,573.7549041,4076.133759,166_14_1,2.075311661,1.006805062,302.0415039,559.7836304,78,256.0104065,100,1706.736084,7.014553547,81.76728058,0.986668944,0.281905413,71.42762536,0.008077691,143.2403381,12.77967758,2049,1023,0.005603339,47.57682174,95153,42.81913924,0.000163439,558.0518799,815.7940674,0.295250744,0.545505285,7.053890228,13.0327673,F070802060406_103,108,070802060406
2503,576.3435905,4073.827004,594_18_1,2.065498352,1.006235242,301.870575,559.4667969,15,49.20481491,100,328.0321045,6.981384277,81.38063812,0.986110508,0.281745881,36.71881127,0.0041525,158.1998749,14.05361652,1070,535,0.002930387,14.79124175,29583,13.31211719,5.08118E-05,351.0753784,608.6716309,0.564244092,0.656215668,22.67637634,26.37261772,F070802060804_453,108,070802060804
2509,569.302204,4072.987586,399_31_1,2.159660578,1.006027937,301.8083801,559.3515625,92,301.7279053,100,2011.519409,7.299652576,85.09062958,0.985907376,0.281687826,27.08774973,0.003063331,131.0000031,11.79862804,671,336,0.001840393,19.52860674,39057,17.5757464,6.70859E-05,603.5362549,861.0794678,0.898239255,1.796238899,17.17186737,34.33915329,F070802060601_83,108,070802060601
2510,541.9996772,4072.982729,576_7_2,2.46803689,1.006026745,301.8080139,559.3508911,69,226.2954102,100,1508.636108,8.341964722,97.24065399,0.985906184,0.281687498,36.77039623,0.004158333,131.000782,11.79868245,912,455,0.002492199,57.56779194,115136,51.81101274,0.00019776,528.1033936,785.6463013,0.663314342,1.160666823,5.825170994,10.19287872,F070801010602_10,108,070801010602
2526,569.7600874,4070.345432,592_42_1,2.203736305,1.005375266,301.6125793,558.9886475,84,275.3115234,100,1835.410156,7.448628902,86.82720947,0.985267758,0.281505078,81.13581228,0.009175581,130.9992472,11.79857445,1649,825,0.004518822,38.94932914,77899,35.05439603,0.000133801,576.9240723,834.3001709,0.365591019,0.699301898,8.604129791,16.45796585,F070802060704_226,108,070802060704
2535,576.0663808,4069.264832,84_7_2,2.083788872,1.005108356,301.5325012,558.840271,78,255.5789795,100,1703.859863,7.043206215,82.10128021,0.985006213,0.281430334,30.68530369,0.003470175,148.0001602,13.12370682,847,424,0.0023224,8.3139925,16628,7.482593298,2.85607E-05,557.1114502,814.4192505,0.711161554,1.313942075,40.29785919,74.45433044,F070801030406_565,104,070801030406
2536,576.4771196,4068.490238,194_1_2,2.050797462,1.004917145,301.4751587,558.7339478,70,229.3220978,100,1528.813965,6.931695461,80.80142212,0.984818816,0.281376809,23.53774095,0.002661863,140.4448853,12.58710162,587,293,0.001604866,59.09813741,118196,53.18832204,0.000203018,530.7972412,788.0560303,1.028925419,1.811594725,5.668070316,9.979582787,F070801030408_24,108,070801030408
2542,576.7661059,4066.868706,583_1_1,2.095125675,1.004516602,301.3549805,558.5112305,83,271.802124,100,1812.01416,7.081524849,82.54795074,0.98442626,0.281264663,31.8951092,0.003606991,150.8336411,13.40831327,637,319,0.001747278,57.01188469,114024,51.31069756,0.000195851,573.1571045,830.3133545,0.944686472,1.796730757,5.873141289,11.17032337,F070801010301_220,108,070801010301
2550,573.1251658,4065.681622,525_10_2,2.007926702,1.004223347,301.2669983,558.3482056,79,258.6272888,100,1724.181885,6.786792278,79.11231232,0.984138906,0.281182528,28.35735047,0.003206909,131.0022329,11.79878521,704,353,0.001933508,41.59865499,83197,37.43878937,0.000142902,559.8942871,816.9754639,0.853447616,1.586102843,8.04692173,14.95492458,F070802060502_63,108,070802060502
2552,574.3609461,4065.518285,460_5_2,2.037902594,1.004183054,301.2549133,558.3258057,70,229.1545715,100,1527.697144,6.888110638,80.29336548,0.984099388,0.281171262,38.676875,0.004373936,135.2503662,12.11360693,964,483,0.002645565,41.16587279,82332,37.04928534,0.000141416,530.4094849,787.4803467,0.623716176,1.098156333,8.131194115,14.31632137,F070801030303_119,108,070801030303
2557,572.4885835,4064.47605,425_19_1,2.001822472,1.003925562,301.1776733,558.1826172,70,229.0958405,100,1527.305664,6.766160011,78.87180328,0.983847022,0.28109917,31.77383357,0.003593276,136.6682587,12.24045769,844,423,0.002316923,15.56715446,31136,14.01043915,5.34772E-05,530.2734985,787.2784424,0.712003946,1.25360167,21.49666214,37.84845734,F070801030302_30,108,070801030302
2577,576.0470355,4061.402295,160_5_1,2.140366554,1.003166318,300.9498901,557.760498,78,255.0850677,100,1700.567139,7.234438896,84.33044434,0.983102977,0.280886561,34.36930943,0.003886797,131.0022888,11.79878902,852,426,0.002333355,10.20576,20412,9.185183764,3.50595E-05,556.0349731,812.8455811,0.706455112,1.305246472,32.76470947,60.53607559,F070802060602_257,108,070802060602
2579,574.5857712,4060.389989,496_27_2,1.990443945,1.002916336,300.8749084,557.62146,86,281.1775208,100,1874.516846,6.72770071,78.42349243,0.982858002,0.280816585,199.9999982,0.022617833,136.099408,12.21704025,5089,2544,0.013934403,128.4305717,256861,115.5875136,0.000441193,582.0524292,838.7989502,0.118268438,0.228794187,2.603005171,5.035599709,F070802060502_294,108,070802060502
2580,578.3720832,4060.111114,425_14_2,2.03308773,1.002847433,300.8542175,557.5831909,78,255.0040436,100,1700.026978,6.871836662,80.10365295,0.98279047,0.280797273,51.04507032,0.005772644,136.6634521,12.2183218,1265,632,0.003461691,13.40235317,26805,12.06211805,4.60406E-05,555.8582764,812.5872192,0.476035148,0.879522562,24.94207191,46.08297348,F070801030302_127,108,070801030302
2585,575.8256844,4058.791154,464_3_2,2.115372896,1.002521396,300.7564087,557.4019165,86,281.0668945,100,1873.779297,7.149960518,83.3456955,0.982470989,0.280705988,35.76646304,0.004044799,131.0004272,11.79865766,888,444,0.002431948,9.439771086,18880,8.495793597,3.24281E-05,581.8233032,838.468811,0.67737931,1.310412884,35.40062714,68.48368835,F070801030303_669,108,070801030303
2591,573.639453,4058.116486,184_13_2,2.128015518,1.002354741,300.7064209,557.3092651,79,258.1465149,100,1720.976807,7.19269228,83.84381104,0.982307673,0.280659318,20.76661217,0.002348479,131.0010071,8.249132593,423,212,0.0011612,40.48553061,80971,36.43697691,0.000139078,558.8529053,815.4558105,1.418426514,2.636098623,8.252781868,15.33752155,F070802060602_78,108,070802060602
2594,575.062989,4057.625304,186_42_1,2.070684433,1.002233505,300.6700439,557.2418213,82,267.9170532,100,1786.113647,6.998913288,81.58496857,0.982188821,0.280625373,200.0000006,0.022617833,138.7436167,11.82605655,4466,2232,0.012225467,220.2994075,440600,198.2694701,0.000756786,568.5870972,825.1588745,0.134708807,0.254743338,1.516471744,2.867749214,F070801030407_473,108,070801030407
2595,562.4603431,4057.536639,184_9_1,2.12538743,1.002211571,300.6634827,557.2296143,92,300.5831604,100,2003.887695,7.18380928,83.74026489,0.982167363,0.280619234,25.02566918,0.002830132,130.9995728,6.474298656,586,293,0.001604866,66.14689636,132294,59.53220749,0.000227232,601.2466431,857.8127441,1.026155233,2.052036285,5.050434113,10.09951878,F070802060602_148,108,070802060602
2602,575.8821056,4056.106673,543_1_1,2.035708427,1.001858354,300.5574951,557.0332642,70,228.6240692,100,1524.1604,6.880694389,80.20690918,0.981821179,0.28052035,144.7096624,0.016365095,140.2558873,12.56870238,3556,1778,0.009738745,138.3000274,276600,124.4700236,0.000475097,529.1815796,785.6573486,0.169042468,0.297627449,2.414697886,4.251478195,F070801010301_171,108,070801010301
2605,574.9593716,4055.605548,410_1_1,2.089823484,1.001734614,300.5203857,556.9644165,81,264.5180359,100,1763.453613,7.063603401,82.33904266,0.981699944,0.28048569,93.62979656,0.010588516,138.9336823,7.402937518,1696,847,0.004639324,45.80099299,91601,41.22089365,0.000157338,565.0384521,821.4824219,0.354805648,0.667105615,7.290486813,13.70757389,F070802060602_241,108,070802060602
2624,578.1959989,4052.559158,494_3_2,2.040583611,1.000982165,300.2946472,556.5460815,78,254.5291748,100,1696.861206,6.897172451,80.39899445,0.980962515,0.280275017,87.67413259,0.009914995,133.9130511,12.0303857,2181,1090,0.005970322,56.48332769,112967,50.83499561,0.000194035,554.8238525,811.0752563,0.275499672,0.509012699,5.907242298,10.91421032,F070802060501_455,108,070802060501
2629,572.310261,4051.883245,96_14_1,1.981800795,1.000815153,300.2445374,556.4532471,78,254.4872742,100,1696.581787,6.698486805,78.08295441,0.980798841,0.280228257,159.13635,0.017996597,145.0403781,12.93922562,3619,1809,0.009908543,212.0465094,424092,190.8418585,0.000728435,554.7318115,810.9405518,0.16597265,0.306651086,1.573263526,2.906761646,F070801030406_489,104,070801030406
2635,574.2332928,4051.349715,499_8_1,2.006047964,1.000683427,300.2050171,556.3800049,78,254.4535065,100,1696.356689,6.780442238,79.03829193,0.980669737,0.280191362,200.0000001,0.022617833,130.9998058,11.79861381,4962,2480,0.013583852,94.16305445,188326,84.74674992,0.000323475,554.6585083,810.8334961,0.12105041,0.223652631,3.542377949,6.544894218,F070802060704_363,108,070802060704
2645,574.2193408,4049.623076,103_18_2,2.093644142,1.000256896,300.0770569,556.1428223,75,244.5628052,100,1630.418701,7.076517105,82.48957825,0.980251729,0.280071944,31.74690992,0.003590232,130.9994202,11.79858685,775,388,0.002125216,28.0076983,56015,25.20692825,9.62138E-05,544.6398926,800.7056274,0.773394465,1.403711081,11.90454674,21.6067543,F070801030406_344,108,070801030406
2659,571.8546615,4047.719477,699_50_2,2.094305754,0.999786735,299.9360352,555.8814087,5,16.29652405,100,108.6434937,7.078753471,82.51564789,0.979790986,0.279940277,22.76586723,0.002574573,131.0000458,11.79863071,565,282,0.001544615,117.4988632,234998,105.7489777,0.000403639,316.2325439,572.1779175,1.063602924,1.121392012,2.836302042,2.990407467,F070802060406_164,108,070802060406
2669,572.6025147,4046.695398,130_7_2,2.013195038,0.999533772,299.8601379,555.7407837,86,280.2292786,100,1868.19519,6.804599285,79.31988525,0.97954309,0.279869467,95.75572664,0.010828935,136.0997345,12.1895977,2533,1265,0.00692886,81.76559445,163531,73.58903563,0.000280886,580.0894165,835.9700928,0.237043589,0.458568722,4.074793816,7.882823944,F070801030407_189,108,070801030407
2672,573.0910703,4045.711392,128_54_2,2.030597925,0.999290705,299.7872009,555.6056519,78,254.0996246,100,1693.997559,6.863420963,80.00556183,0.97930491,0.279801399,147.6801309,0.016701023,138.555403,10.33248058,1953,977,0.00535138,337.1716231,674344,303.4544546,0.001158273,553.8868408,809.7052612,0.306844622,0.566926122,0.987914979,1.825271726,F070801030406_824,108,070801030406
2676,573.2785196,4045.071522,54_23_1,2.111131668,0.999132693,299.7398071,555.5177612,78,254.0593414,100,1693.729004,7.135624886,83.17858887,0.979150057,0.279757142,39.13330376,0.004425553,133.8350779,12.00871499,972,486,0.002661997,16.57484601,33150,14.91736156,5.69389E-05,553.7991333,809.5770874,0.616748571,1.139504433,20.09335327,37.12446976,F070801030405_106,104,070801030405
2687,570.467269,4042.613762,103_16_2,2.061517954,0.99852562,299.5576782,555.1802368,78,253.9050903,100,1692.700562,6.967930794,81.22380829,0.978555083,0.279587179,26.73196739,0.003023096,135.2482605,12.1134429,292,146,0.000799694,17.46415743,34929,15.7177417,5.99939E-05,553.4627686,809.0853271,2.051764965,3.790840864,19.05856895,35.21261215,F070801030406_344,108,070801030406
2691,571.2027307,4042.108174,10_1_1,1.996392608,0.998400748,299.5202332,555.1108398,75,244.1089783,100,1627.393188,6.747807026,78.65786743,0.978432715,0.279552221,200.0000006,0.022617833,142.0267839,12.65866382,5083,2540,0.013912493,177.0281589,354057,159.3253422,0.000608138,543.6292114,799.2198486,0.117921352,0.214027256,1.87992835,3.412070036,F070801030401_97,104,070801030401
2693,572.2396609,4042.055989,137_27_2,1.987703204,0.998387814,299.5163574,555.1036377,79,257.1246948,100,1714.164673,6.718436718,78.31550598,0.978420079,0.279548585,108.2622008,0.012243282,131.0003967,11.79865551,2447,1223,0.006698811,224.2362507,448473,201.8126271,0.00077031,556.6410522,812.2283325,0.244902983,0.455143958,1.484130859,2.758207321,F070802060602_91,108,070802060602
2704,571.9086532,4040.506526,440_5_1,2.038081646,0.998005092,299.4015198,554.8908081,53,172.435318,100,1149.568848,6.888715744,80.30041504,0.978044987,0.279441416,83.99395676,0.009498807,156.2178841,11.33112037,2475,1237,0.006775494,31.71535049,63431,28.54381534,0.000108951,471.836853,727.3261108,0.242038414,0.381436408,10.48919106,16.53026581,F070801030303_3,108,070801030303
2714,574.0764226,4039.28026,137_28_2,2.014168739,0.997702241,299.3106689,554.7224731,78,253.6957092,100,1691.304688,6.807890415,79.35824585,0.977748215,0.279356629,49.5917449,0.005608289,135.249588,12.11354303,1170,584,0.003198778,41.89806366,83796,37.70825863,0.000143931,553.0063477,808.4182129,0.512518287,0.94692868,7.93753624,14.66539097,F070802060602_267,108,070802060602
2728,569.0039747,4037.246735,699_55_2,2.018634319,0.997199953,299.1599731,554.4431763,78,253.5680084,100,1690.453369,6.822984219,79.53419495,0.97725594,0.279215991,84.11091256,0.009512033,146.5824852,13.05241871,2256,1128,0.006178462,60.54773474,121096,54.49295974,0.000207997,552.7279663,808.0111694,0.265212744,0.490007073,5.489882946,10.14310741,F070802060406_107,108,070802060406
2741,570.3753056,4034.005274,209_3_1,1.978204966,0.996399283,298.9197998,553.9979858,78,253.364151,100,1689.09436,6.686332703,77.94127655,0.976471305,0.278991789,171.7659325,0.019424866,130.9992894,11.79857731,3924,1963,0.010752057,128.2315205,256464,115.4083722,0.000440509,552.2839355,807.3621216,0.152277023,0.281346887,2.590105057,4.785475254,F070802060601_201,108,070802060601
2748,571.8101099,4032.872523,494_3_1,2.040583611,0.996119499,298.8358459,553.8424683,78,253.2932739,100,1688.621826,6.897172451,80.39899445,0.976197124,0.278913468,75.05659138,0.008488087,130.9999733,11.79862571,1759,879,0.004814599,36.50813013,73016,32.8573171,0.000125415,552.1291504,807.1357422,0.339972526,0.628133297,9.094955444,16.80384064,F070802060501_456,108,070802060501
2753,572.1875075,4031.434167,656_13_1,2.074501991,0.995764256,298.7292786,553.6448975,73,237.8867645,100,1585.911743,7.011816502,81.73538208,0.975848973,0.278813988,31.21050669,0.00352957,131.000293,7.065915691,256,128,0.000701102,15.66343827,31326,14.09709447,5.3808E-05,536.6160278,791.5316772,2.333822489,4.192312717,21.19083977,38.0657196,F070801030202_256,104,070801030202
2759,569.9247758,4029.758091,493_17_1,1.991125107,0.995350242,298.605072,553.4147339,86,279.0565186,100,1860.376831,6.73000288,78.45033264,0.975443244,0.278698057,200.0000043,0.022617834,138.6908003,12.38923713,5035,2517,0.013786514,166.9222737,333843,150.2300435,0.000573422,577.6616211,832.4712524,0.118635312,0.229504019,1.987652183,3.845180511,F070802060501_322,108,070802060501
2771,569.7865928,4027.10975,185_10_1,1.938226581,0.994696081,298.4088135,553.0510254,78,252.9311218,100,1686.20752,6.551205635,76.36612701,0.974802136,0.278514892,32.71270269,0.003699452,130.9995473,11.79859543,791,395,0.002163557,13.24938929,26499,11.92445052,4.55151E-05,551.3399658,805.9821777,0.755465329,1.395797372,25.02495384,46.23609161,F070802060602_148,108,070802060602
2773,544.1800249,4026.678319,576_9_2,2.155624628,0.994589567,298.3768616,552.9918213,69,223.7229004,100,1491.485962,7.286011219,84.93161011,0.974697769,0.27848509,34.12218531,0.003858849,131.0005264,11.79866457,846,423,0.002316923,60.69245237,121385,54.62320713,0.000208494,522.0997314,776.7147217,0.705382645,1.234278321,5.46245575,9.558203697,F070801010602_10,108,070801010602
2781,573.9912692,4025.918991,542_2_2,2.271390438,0.994401991,298.3205872,552.8875122,76,246.3725281,100,1642.483521,7.6772995,89.49278259,0.974513948,0.278432548,65.08308803,0.007360192,142.0500965,12.69364417,1867,934,0.005115854,47.20581745,94411,42.48523489,0.000162164,544.6931152,799.2600098,0.319401056,0.583183229,7.021747589,12.82076263,F070802060502_70,108,070802060502
2787,565.558336,4024.789709,161_9_1,2.207365036,0.994123042,298.236908,552.7324219,79,256.0256348,100,1706.837524,7.460893631,86.97018433,0.974240601,0.278354466,25.85682356,0.002924127,130.9985886,11.79852772,642,320,0.001752755,23.9054139,47811,21.51487213,8.21213E-05,554.2625732,808.7580566,0.931990325,1.732070565,13.86189556,25.7618351,F070802060602_76,108,070802060602
2789,570.7434536,4024.64991,106_10_1,2.037396669,0.994088531,298.2265625,552.7131958,54,174.9993286,100,1166.662231,6.8864007,80.27342987,0.974206746,0.27834478,166.963606,0.018881775,143.9627857,11.54721285,4600,2301,0.012603404,60.32002029,120639,54.28801765,0.000207215,473.2258911,727.7125244,0.129607365,0.205660969,5.493413925,8.716949463,F070801030404_195,104,070801030404
2810,567.0035269,4020.047887,42_2_2,2.039101362,0.99295181,297.8855286,552.0811768,58,187.7472992,100,1251.648682,6.8921628,80.34059143,0.973092794,0.278026521,199.9999972,0.022617833,144.7616294,9.108761271,2208,1104,0.006047005,28.20694256,56415,25.38624879,9.68982E-05,485.6328125,739.8284912,0.269823849,0.439884782,11.73412895,19.12975883,F070801030403_143,104,070801030403
2816,572.4625769,4018.32461,128_44_2,2.051038027,0.992526174,297.757843,551.8445435,78,252.3795624,100,1682.530396,6.932508469,80.81089783,0.972675622,0.277907342,200.0000006,0.022617833,140.7016748,9.078260054,3775,1885,0.010324823,533.905732,1067811,480.5151646,0.001834106,550.1373901,804.2241211,0.157961726,0.29185006,0.619663775,1.144890785,F070801030406_497,108,070801030406
2821,565.7488858,4017.796808,853_23_1,1.958847284,0.992395818,297.71875,551.7720947,40,126.1836319,100,841.2242432,6.620903969,77.17858124,0.972547889,0.277870834,199.999999,0.022617833,139.0045071,10.51374171,4200,2100,0.011502455,45.15123225,90303,40.63610864,0.000155106,423.9023743,677.9557495,0.14177084,0.201858267,7.326457977,10.43166733,F070801030401_351,104,070801030401
2824,567.4685303,4017.384419,107_4_2,1.96667397,0.992293954,297.6881714,551.7154541,78,252.3203125,100,1682.135376,6.647357941,77.48695374,0.972448051,0.277842313,199.9999984,0.022617833,135.3453857,10.84644069,4679,2338,0.012806067,74.67392151,149347,67.20652872,0.000256524,550.0084839,804.0357666,0.127325997,0.235247433,4.429453373,8.183855057,F070801030404_173,104,070801030404
2828,568.0080898,4016.426361,519_4_2,2.095780849,0.992057323,297.6171875,551.5838623,68,219.9191589,100,1466.127686,7.083739281,82.57376862,0.972216189,0.277776062,26.18545723,0.002961292,145.1660385,12.88813257,703,351,0.001922553,19.39326954,38787,17.45394325,6.6621E-05,517.536377,771.5030518,0.847912192,1.474462628,17.0515728,29.65154457,F070801010301_509,108,070801010301
2857,568.2848918,4012.088213,44_10_2,1.949656248,0.990985811,297.2957458,550.9880981,73,235.8347473,100,1572.231689,6.589838028,76.81645966,0.971166074,0.277476013,69.66038573,0.007877835,130.9998245,9.668892169,1641,821,0.004496912,24.04560809,48092,21.64104733,8.2603E-05,533.1304932,786.822876,0.362114191,0.649367213,13.73758602,24.63515282,F070801030401_514,104,070801030401
2889,559.1112401,4006.79406,166_11_1,2.086272955,0.989678144,296.9034424,550.2610474,78,251.655365,100,1677.702393,7.051602364,82.19915771,0.969884574,0.277109891,21.9690436,0.002484461,130.998764,11.79854059,545,273,0.001495319,16.9685173,33937,15.27166605,5.82913E-05,548.5588379,801.9163818,1.087558389,2.00937295,19.44145775,35.92004013,F070802060406_202,108,070802060406
2893,568.7312723,4006.18257,588_11_1,2.000510693,0.989527106,296.8581238,550.177063,5,16.12929153,100,107.5286102,6.761726379,78.82012177,0.969736576,0.277067602,55.43795872,0.006269433,137.6109568,12.29325708,1364,681,0.003730082,85.89227486,171785,77.30304813,0.000295062,312.9874268,566.3063354,0.435915023,0.459599733,3.840186596,4.048836708,F070801010602_638,108,070801010602
2911,568.2301065,4004.11124,494_2_2,1.995234728,0.98901546,296.7046509,549.8925781,78,251.4868927,100,1676.579346,6.743893147,78.61225128,0.969235122,0.276924342,112.0671701,0.012673583,134.612009,12.0801965,2879,1439,0.00788192,117.4809119,234962,105.732819,0.000403578,548.1915283,801.3794556,0.206188083,0.380953103,2.806173563,5.184686661,F070802060501_455,108,070802060501
2912,566.7904579,4004.074069,103_3_1,1.931361318,0.989006281,296.7018738,549.8875122,78,251.4841614,100,1676.561035,6.528001308,76.09563446,0.969226182,0.276921749,28.65657005,0.003240748,135.9600258,12.16974878,558,278,0.001522706,11.45726538,22915,10.31153902,3.93587E-05,548.1860352,801.3717041,1.067272902,1.971892238,28.77377129,53.16238785,F070801030406_344,108,070801030406
2913,568.6269991,4004.058148,129_11_2,1.991591334,0.989002347,296.7007141,549.8853149,86,277.2767029,100,1848.511353,6.731578827,78.46869659,0.969222307,0.276920646,200.0000029,0.022617834,133.0242429,11.94964484,4899,2448,0.013408576,119.5992274,239198,107.639304,0.000410855,573.977417,827.1619873,0.121201269,0.234467894,2.756434679,5.332414627,F070801030407_530,108,070801030407
2921,556.5897894,4003.102648,102_7_1,2.135316133,0.988766372,296.6299133,549.7540894,78,322.9714966,100,2153.143311,7.217368603,84.13145447,0.968991041,0.276854575,195.3916315,0.022096677,142.0491013,12.65658731,4701,2350,0.012871795,63.96597317,127932,57.56937671,0.00021974,619.6014404,872.7255859,0.126225501,0.263660192,5.152564049,10.7626915,F070801030406_335,104,070801030406
2927,566.0742678,4001.908908,487_26_1,2.003791809,0.988471508,296.5414429,549.5901489,78,251.348526,100,1675.65686,6.772816181,78.94939423,0.968702078,0.276772022,51.28481449,0.005799757,133.2662689,11.96940632,1305,652,0.003571238,41.63504437,83270,37.47154042,0.000143027,547.8899536,800.9386597,0.454818159,0.840322018,7.913777828,14.62149525,F070802060502_393,108,070802060502
2953,566.0049902,3997.889828,499_5_1,2.174902678,0.987478793,296.2436523,549.038208,78,251.0960999,100,1673.973999,7.351171017,85.69116211,0.967729211,0.276494056,90.16464311,0.010196644,131.0005455,11.79866612,2237,1119,0.006129165,134.5399312,269080,121.0859394,0.00046218,547.3397217,800.1342773,0.264739633,0.489132911,2.446557045,4.520258427,F070802060704_483,108,070802060704
2969,564.5195382,3995.182702,460_5_1,2.037902594,0.986810148,296.0430298,548.6664429,70,225.1899872,100,1501.266602,6.888110638,80.29336548,0.967073917,0.276306838,21.46361083,0.002427302,133.8327789,12.0085535,561,280,0.001533661,28.94140696,57883,26.04726588,9.94213E-05,521.2330322,773.8564453,1.057296515,1.861546516,11.36560822,20.01104546,F070801030303_119,108,070801030303
2970,566.2542093,3995.086712,137_15_2,1.976102352,0.986786425,296.0359192,548.6532593,79,254.1365814,100,1694.243896,6.679225922,77.85842896,0.967050672,0.276300192,138.7752373,0.015693976,133.124176,9.794834781,3195,1596,0.008741866,261.8346391,523670,235.651175,0.00089947,550.1724854,802.789856,0.185486168,0.344719589,1.256246328,2.334690094,F070802060602_113,108,070802060602
2973,566.6759127,3994.681952,458_30_1,2.020842552,0.986686468,296.0059509,548.5976563,79,254.1112213,100,1694.074829,6.830447674,79.62119293,0.966952741,0.276272207,90.2924454,0.010211097,135.8177032,12.17416795,2359,1179,0.006457807,77.4160004,154831,69.67440113,0.000265944,550.1171875,802.7088623,0.251065254,0.466596425,4.248417377,7.895542622,F070802060801_73,108,070802060801
2978,558.3105934,3994.303118,44_4_1,2.128606558,0.986592889,295.9778748,548.5456543,83,266.952301,100,1779.682007,7.194690228,83.86709595,0.96686101,0.276246011,64.38339233,0.007281064,131.0001678,11.7986393,1597,798,0.004370933,23.15715408,46314,20.84143829,7.95509E-05,562.9301758,815.4979248,0.370899588,0.705426276,14.20141315,27.01014137,F070801030401_468,104,070801030401
2981,566.6502256,3993.794693,540_16_1,2.072238684,0.986467302,295.9401855,548.4758301,85,273.3500977,100,1822.333984,7.004166603,81.64620209,0.966737986,0.276210845,56.18329306,0.006353722,135.2500814,12.1244572,1267,634,0.003472646,48.64403741,97287,43.77963215,0.000167105,569.2902832,821.8259277,0.466782629,0.897934198,6.759768486,13.00354195,F070802060503_154,108,070802060503
2988,565.7192895,3992.476024,69_7_2,2.006536484,0.986141562,295.8424683,548.2947388,83,266.8300781,100,1778.867188,6.782093525,79.05754089,0.966418743,0.276119649,20.13015048,0.002276502,143.2786509,12.79707495,502,251,0.001374817,5.698310167,11396,5.128479004,1.95752E-05,562.6725464,815.1248169,1.178655267,2.241723299,57.68619919,109.7152863,F070801030405_165,104,070801030405
2992,566.3086713,3991.25823,446_1_2,1.996103287,0.985840797,295.7522278,548.1275024,84,269.962616,100,1799.750732,6.746829033,78.64646912,0.966123998,0.276035428,114.7321856,0.012974967,137.8083213,12.3779504,3102,1550,0.008489907,195.0083312,390017,175.5074984,0.000669905,565.7148438,818.0900879,0.190807894,0.36497733,1.685125828,3.223308802,F070802060603_425,108,070802060603
2998,565.2809527,3990.735556,686_3_1,2.009228945,0.985711694,295.713501,548.0557251,77,247.432724,100,1649.551514,6.791193962,79.16362,0.965997458,0.275999278,63.11405802,0.007137516,149.1340892,13.2230374,1747,873,0.004781735,116.7884073,233577,105.1095657,0.000401199,543.1462402,795.4884644,0.338732541,0.622160614,2.813383341,5.167429447,F070801030408_110,108,070801030408
3000,564.3565917,3990.544832,137_33_1,2.03852725,0.985664546,295.6993713,548.02948,79,253.8469696,100,1692.31311,6.890222073,80.31797028,0.965951264,0.275986075,54.44235909,0.006156841,133.1248589,11.95609164,1297,650,0.003560284,60.57204139,121144,54.51483798,0.000208081,549.5463257,801.8764648,0.45492211,0.845455885,5.424199581,10.08067417,F070802060602_97,108,070802060602
3012,560.2465157,3988.344986,594_39_1,2.038452148,0.985121191,295.5363464,547.727356,7,22.48044777,100,149.8696594,6.889968395,80.3150177,0.965418756,0.275833935,39.17399862,0.004430155,149.5097961,13.3386097,839,420,0.002300491,12.20794836,24417,10.9871535,4.19375E-05,318.0167847,570.2078247,0.703657985,0.757182837,26.89835358,28.94441986,F070802060802_276,108,070802060804
3022,566.5782334,3986.914611,458_30_2,2.020842552,0.984767914,295.4303589,547.5309448,79,253.617157,100,1690.781006,6.830447674,79.62119293,0.965072572,0.275735021,122.8423465,0.013892139,137.3746605,8.574892322,2288,1144,0.006266099,96.30044699,192601,86.67040253,0.000330817,549.0474854,801.1480713,0.258243322,0.4799366,3.408664942,6.334890366,F070802060801_72,108,070802060801
3025,566.1086535,3986.77147,440_1_1,2.035173893,0.984732568,295.4197693,547.5112915,63,202.2443695,100,1348.295776,6.878887653,80.18585205,0.965037942,0.275725126,23.05201569,0.002606933,155.1791687,10.62290558,636,318,0.0017418,11.33667965,22673,10.20301207,3.89445E-05,497.6641235,749.7556763,0.928992987,1.56498158,28.95417213,48.77619553,F070801030303_54,108,070801030303
3027,565.3108431,3986.134035,187_2_1,1.9737252,0.984575093,295.3725281,547.4237671,69,221.4700775,100,1476.467163,6.671191216,77.76477051,0.964883566,0.275681019,200.0000037,0.022617834,145.1667233,11.64601023,4672,2336,0.012795112,64.16229512,128325,57.74606515,0.000220414,516.8425903,768.8938599,0.126443714,0.221251115,5.11502409,8.950264931,F070801030607_27,108,070801030607
3031,569.2499478,3985.832612,442_3_1,2.040518284,0.984500647,295.3501892,547.3823853,76,243.9198761,100,1626.132568,6.896951675,80.39642334,0.96481061,0.275660187,142.3926015,0.016103061,143.8066437,10.89888579,3525,1762,0.009651108,52.30221853,104605,47.07199776,0.000179672,539.2700806,791.3022461,0.167622134,0.306055665,6.274435043,11.45628166,F070801030303_291,108,070801030301
3033,564.4497623,3985.592423,34_1_1,2.058734179,0.98444134,295.3323975,547.3493652,76,243.9050751,100,1626.033813,6.958521366,81.11412811,0.964752495,0.275643587,26.356219,0.002980603,130.9999313,11.79862309,652,326,0.001785619,7.849525094,15699,7.064572781,2.69652E-05,539.2374878,791.2544556,0.905927598,1.654102683,41.80470657,76.3298111,F070801030403_166,104,070801030403
3055,547.8371939,3982.335673,504_9_2,2.132910967,0.983636916,295.0910645,546.9020996,78,250.1192017,100,1667.461304,7.209239006,84.03668976,0.963964164,0.275418341,62.78014457,0.007099754,142.3319244,12.65256071,1670,836,0.004579073,69.04791069,138096,62.14311808,0.000237198,545.2102661,797.0213013,0.352979749,0.652165413,4.748571873,8.773461342,F070802060501_289,108,070802060501
3072,564.0139337,3979.04281,430_20_1,1.980104923,0.982823551,294.8470764,546.4498901,69,221.0762177,100,1473.841431,6.692754745,78.01613617,0.963167071,0.275190592,85.47311544,0.009666083,143.2779694,12.79703935,2246,1122,0.006145597,95.45858479,190918,85.91272497,0.000327925,515.9232788,767.526123,0.262787044,0.459824681,3.431937218,6.005202293,F070801030302_156,108,070801030302
3083,560.3209037,3977.47359,27_7_2,2.07796979,0.982436001,294.7308044,546.234436,61,195.3670502,100,1302.447021,7.023538113,81.87200928,0.962787271,0.275082082,22.0271697,0.002491034,131.0004349,8.249105573,487,244,0.001336476,9.642122269,19284,8.677909851,3.31232E-05,490.0978394,741.6015015,1.20791316,2.008597612,33.96334076,56.47648239,F070801030202_256,104,070801030202
3089,562.1162479,3976.650296,499_10_1,2.03950882,0.98223263,294.6697998,546.1213379,78,249.7619934,100,1665.079956,6.893539906,80.35664368,0.962587953,0.275025129,200.0000053,0.022617834,130.9995537,11.79859606,4960,2479,0.013578374,76.17822927,152356,68.56040631,0.000261692,544.4317627,795.8833008,0.118866399,0.219617486,4.297958851,7.940906525,F070802060704_476,108,070802060704
3125,504.1593248,3970.445607,399_1_2,2.166469812,0.980700076,294.210022,545.2692261,92,294.1315613,100,1960.877075,7.322668076,85.35890961,0.961086094,0.274596035,83.39693451,0.00943129,130.9999161,11.79862165,1984,992,0.005433541,69.6719265,139344,62.70473289,0.000239341,588.3415527,839.4007568,0.296582669,0.593086243,4.691990852,9.38272953,F070802060601_133,108,070802060601
3128,564.1126098,3970.058937,493_9_2,1.983511329,0.980604529,294.181366,545.2161255,78,249.3480225,100,1662.32019,6.704268456,78.15034485,0.960992455,0.274569273,36.69024705,0.004149269,154.7994919,13.73753119,870,435,0.002382651,16.7374764,33475,15.06372905,5.74976E-05,543.5294189,794.5641479,0.676279008,1.249492884,19.52911949,36.08199692,F070802060501_294,108,070802060501
3131,562.6059957,3969.931226,138_16_1,1.972476482,0.980572999,294.1719055,545.1986084,79,252.5367737,100,1683.578491,6.66697073,77.71557617,0.960961521,0.274560452,82.92318159,0.009377713,135.2503433,12.11360216,2041,1020,0.005586907,107.3670998,214734,96.63039017,0.000368834,546.7086792,797.7353516,0.288403839,0.535988927,3.044300079,5.657730103,F070802060602_181,108,070802060602
3146,562.6132895,3967.94773,389_16_1,2.013565779,0.980083108,294.0249329,544.9262085,92,293.9465332,100,1959.643555,6.805852413,79.33448792,0.960481465,0.274423271,109.8296614,0.012420545,131.0002975,11.7986486,2726,1363,0.007465641,110.3636694,220728,99.32730341,0.000379128,587.9714355,838.8727417,0.215718955,0.431380361,2.960162163,5.919534683,F070802060601_311,108,070802060601
3156,561.1607247,3965.942895,430_9_1,1.942768931,0.979587913,293.8763733,544.6508789,70,223.5419617,100,1490.279785,6.566558838,76.54509735,0.959996164,0.274284601,34.88837925,0.003945498,139.4990845,12.46109915,948,474,0.002596268,36.68755235,73374,33.01879825,0.000126031,517.418335,768.1928711,0.619992375,1.091599822,8.900274277,15.67041683,F070801030302_137,108,070801030302
3161,562.5715052,3965.494254,393_13_2,1.93564415,0.979477108,293.8431396,544.5892944,51,162.8478546,100,1085.652344,6.542477131,76.26438141,0.959887564,0.274253577,199.9999991,0.022617833,136.4082905,11.28406885,5065,2531,0.013863197,188.1371084,376274,169.3233959,0.0006463,456.690979,707.4371338,0.116097644,0.180438951,1.735396028,2.697152138,F070801030408_176,108,070801030408
3166,544.4548789,3964.817705,84_16_2,2.14040637,0.979309976,293.7929993,544.4963379,78,249.0189362,100,1660.126221,7.234573364,84.33200836,0.959723771,0.274206787,42.80390438,0.004840658,133.1253853,11.95612812,856,428,0.00234431,27.07480472,54151,24.36732334,9.3009E-05,542.8119507,793.5152588,0.686432242,1.268252254,12.05684376,22.27622414,F070801030406_416,104,070801030406
3169,564.9325162,3964.653284,489_28_2,2.003373861,0.979269385,293.7808228,544.4737549,78,249.0084991,100,1660.056641,6.77140379,78.93292999,0.959684014,0.274195433,199.9999975,0.022617833,138.235179,11.5731277,5136,2568,0.014065859,85.70506886,171410,77.13456196,0.000294419,542.7893066,793.4822388,0.114400633,0.211366549,3.808679581,7.036914349,F070802060502_261,108,070802060502
3173,561.1610373,3963.619751,102_5_1,1.999337912,0.979014099,293.7042236,544.3318481,78,248.9435272,100,1659.623535,6.757761955,78.77391052,0.959433794,0.274123937,61.81958343,0.006991125,140.348896,12.51920509,1599,800,0.004381888,70.25972986,140519,63.23375711,0.000241361,542.6477661,793.2753906,0.36713028,0.678309679,4.64473772,8.581615448,F070801030406_756,104,070801030406
3177,562.1363965,3963.300708,566_1_2,1.94608736,0.978935301,293.680603,544.2880249,75,239.3496857,100,1595.664551,6.577775478,76.67584229,0.959356606,0.274101883,39.84850979,0.004506435,138.9326782,12.41781402,1055,528,0.002892046,26.16065741,52321,23.54459143,8.98687E-05,533.0302734,783.6376953,0.55621326,1.009527087,12.47337818,22.63918114,F070802060503_256,108,070802060503
3186,547.9413095,3961.186056,845_34_1,1.950186133,0.978412926,293.5238647,543.9975586,19,60.60289764,100,404.0193176,6.591629028,76.83733368,0.958844662,0.273955613,91.81063652,0.010382788,131.0002899,11.79864788,2278,1140,0.00624419,47.5275383,95055,42.77478504,0.00016327,354.12677,604.6004639,0.257477075,0.310637504,6.862076759,8.278867722,F070802060302_80,108,070802060302
3208,558.9435954,3958.04821,658_22_2,2.005402803,0.977637887,293.2913513,543.5666504,55,175.290329,100,1168.602173,6.778261662,79.01287079,0.95808512,0.273738623,28.89563525,0.003267783,136.6672668,8.533798019,645,323,0.001769187,24.53793955,49076,22.08414614,8.42942E-05,468.581665,718.8569946,0.908022761,1.450717211,13.28062916,21.21801186,F070801030401_616,104,070801030401
3213,560.5745296,3957.587118,559_4_1,1.960015059,0.977524042,293.2572021,543.5033569,82,261.3111572,100,1742.074341,6.62485075,77.22459412,0.95797354,0.273706734,66.07824433,0.007472734,131.0009359,11.79869366,1639,818,0.00448048,46.14574575,92292,41.53117061,0.000158523,554.5683594,804.8145142,0.35850513,0.677956402,7.061134815,13.35306358,F070802060501_73,108,070802060501
3226,560.6791076,3956.055648,112_12_2,1.992747664,0.977145731,293.1437073,543.2930298,48,152.9034882,100,1019.356567,6.735486984,78.51425934,0.957602799,0.273600817,200.000003,0.022617834,137.4234294,12.32870541,4774,2385,0.013063503,58.36859489,116736,52.53173473,0.000200511,446.0471802,696.1965332,0.122911409,0.187021881,5.580316544,8.49100399,F070801030404_81,104,070801030404
3232,560.3006456,3955.228289,701_10_2,2.006307364,0.976941407,293.082428,543.1794434,78,248.4164276,100,1656.109497,6.781318665,79.04850769,0.957402587,0.273543596,144.7924532,0.016374458,148.283783,13.20143914,3919,1959,0.010730147,80.5853492,161170,72.52681524,0.000276832,541.4988403,791.5958862,0.14960818,0.276415944,4.041021824,7.466187954,F070801030302_115,108,070801030302
3243,562.2672287,3953.540633,194_1_1,2.050797462,0.976524532,292.9573669,542.9476318,70,222.8426514,100,1485.617676,6.931695461,80.80142212,0.956994057,0.273426861,25.926266,0.00293198,138.0829468,12.38993263,635,317,0.001736323,47.66776717,95336,42.90099047,0.000163751,515.8000488,765.7902832,0.924155712,1.627129436,6.828685284,12.02303314,F070801030408_24,108,070801030408
3251,560.0784717,3952.336639,496_9_1,1.957404375,0.976227164,292.8681641,542.7822876,86,273.6950378,100,1824.633545,6.616026878,77.12173462,0.95670265,0.273343593,199.9999982,0.022617833,137.0925827,12.27395236,4441,2218,0.012148783,90.44409211,180888,81.39968309,0.000310699,566.5632324,816.4772949,0.132041559,0.255438775,3.597903013,6.960263252,F070802060502_542,108,070802060502
3260,561.2942906,3951.260687,458_92_1,1.986553788,0.975961387,292.7884216,542.6345215,78,248.1674652,100,1654.449707,6.714551926,78.2702179,0.956442177,0.273269176,139.8649229,0.015817208,138.933493,10.52939341,3352,1676,0.009180055,262.5172601,525035,236.265532,0.000901815,540.9558716,790.802002,0.174694762,0.322766036,1.239234567,2.289609671,F070802060801_197,108,070802060801
3262,557.7781601,3950.879239,508_5_1,1.9136374,0.975867152,292.7601318,542.5821533,81,257.6874695,100,1717.916504,6.468094349,75.39731598,0.95634979,0.273242801,199.9999976,0.022617833,139.4996887,12.50818825,5315,2659,0.014564299,379.4349465,758870,341.491457,0.001303458,550.4476318,800.2696533,0.110101588,0.207013026,0.857298553,1.611892819,F070802060502_8,108,070802060502
3286,557.6683771,3949.162319,160_14_2,2.056167364,0.975443065,292.6329346,542.3463745,78,248.0354309,100,1653.56958,6.949845791,81.01299286,0.955934227,0.273124069,40.07365108,0.004531896,130.9993286,11.79858036,931,466,0.00255245,81.9513284,163902,73.75619596,0.000281524,540.668335,790.3818359,0.627967656,1.160232425,3.967570782,7.330480099,F070802060602_417,108,070802060602
3290,557.0816659,3948.705667,108_3_2,2.007149935,0.975330293,292.5990906,542.2836304,48,152.6196594,100,1017.464417,6.784166813,79.08171082,0.95582366,0.273092479,113.261446,0.012808642,140.3200955,11.41381725,2596,1300,0.007120567,32.56683831,65132,29.31015405,0.000111876,445.21875,694.9033203,0.225076228,0.342475951,9.982857704,15.1899147,F070801030404_81,104,070801030404
3315,559.4147308,3944.453214,723_36_2,2.03169775,0.97427994,292.2839966,541.699646,78,247.7397308,100,1651.598145,6.867138386,80.04888916,0.954794347,0.272798389,20.07492197,0.002270256,145.3543752,12.90886466,484,241,0.001320044,17.6035375,35207,15.8431839,6.04728E-05,540.0237427,789.4393921,1.212796688,2.240762472,18.44856453,34.08555603,F070801010405_242,108,070801010405
3317,559.175118,3944.046168,476_14_2,1.964086533,0.974179387,292.2538147,541.6437378,78,247.7140045,100,1651.426758,6.63861227,77.38500977,0.954695821,0.272770226,199.9999998,0.022617833,138.386312,12.00131637,4476,2235,0.012241899,285.5079743,571017,256.9571763,0.000980795,539.9678345,789.3577271,0.130762339,0.241596341,1.137363911,2.101392269,F070802060704_563,108,070802060704
3319,562.8238107,3943.878984,118_10_1,1.93981719,0.974138081,292.2414246,541.6207886,40,107.7781143,100,718.520752,6.556581974,76.42879486,0.95465529,0.272758663,200.0000016,0.022617833,145.1993453,12.93557728,4255,2128,0.011655821,253.231943,506464,227.9087526,0.000869918,400.0195313,649.3989258,0.137331501,0.187979102,1.282273769,1.755174041,F070801030406_68,104,070801030406
3324,559.7696551,3943.255608,441_8_2,1.843301892,0.973984122,292.1952515,541.5351563,78,247.6644592,100,1651.096436,6.230360508,72.626091,0.95450443,0.272715569,28.88022736,0.003266041,137.7984924,12.36226439,717,359,0.001966372,16.72504327,33450,15.0525388,5.74549E-05,539.8597412,789.199585,0.813914359,1.503787637,19.41169167,35.86502838,F070801030303_645,108,070801030303
3328,558.9061612,3942.683058,135_10_1,1.932972193,0.97384274,292.152832,541.456543,78,247.6287079,100,1650.858032,6.533445835,76.15910339,0.954365909,0.272675961,78.37049875,0.008862854,146.1112722,13.02875106,1981,991,0.005428063,41.46547849,82931,37.31893112,0.000142445,539.7815552,789.0852661,0.294806093,0.544683695,7.828542233,14.46401405,F070801030603_811,104,070801030603
3341,559.3833151,3940.85759,389_18_2,2.004807949,0.973391831,292.0175476,541.2058716,86,272.900116,100,1819.334106,6.776250839,78.98943329,0.953924,0.272549719,92.48660487,0.010459233,139.4997152,12.45025794,2430,1215,0.006654992,102.8884826,205777,92.59963429,0.000353449,564.9176636,814.105957,0.24034366,0.464952797,3.153549671,6.100646973,F070802060601_66,108,070802060601
3347,558.4433151,3940.452098,70_4_2,2.077572346,0.973291695,291.9875183,541.1502075,78,247.4886169,100,1649.924072,7.022194386,81.85635376,0.953825831,0.272521675,79.3065023,0.008968706,135.2490794,12.12438933,1757,880,0.004820076,33.88367879,67767,30.49531172,0.000116399,539.4761353,788.6387939,0.331804007,0.613041043,9.574832916,17.69046211,F070801030601_517,104,070801030601
3349,559.7374907,3940.061561,144_6_2,1.96873641,0.973195195,291.9585571,541.0965576,78,247.4640808,100,1649.760498,6.6543293,77.56821442,0.953731298,0.272494644,65.31549835,0.007386475,151.3999329,13.42152309,1843,922,0.005050126,42.52819443,85056,38.27537537,0.000146095,539.4226074,788.5606689,0.316657871,0.58505708,7.627842903,14.09320259,F070801030407_506,108,070801030407
3350,555.404159,3940.035623,855_27_1,1.924475074,0.973188818,291.9566345,541.0929565,37,103.515564,100,690.1037598,6.504725933,75.82431793,0.95372504,0.272492856,104.5195441,0.011820028,131.0013618,11.79872346,2558,1279,0.007005543,240.9242368,481848,216.8318179,0.000827638,395.4721985,644.6085205,0.228269458,0.309204221,1.346465826,1.823866129,F070801030401_80,104,070801030401
3351,554.74453,3939.876325,92_7_2,2.009432793,0.973149478,291.9448547,541.071106,78,247.4522552,100,1649.681641,6.791882992,79.17165375,0.953686476,0.272481859,199.9999984,0.022617833,140.4443207,12.52649956,4981,2491,0.013644103,336.4271577,672855,302.7844431,0.001155715,539.3970947,788.5233765,0.117199861,0.21653837,0.964200318,1.781455755,F070801030406_677,108,070801030406
3368,558.8399506,3937.272458,53_23_1,2.123055696,0.972506285,291.7518921,540.713501,78,247.2885437,100,1648.590332,7.175928116,83.64839172,0.953056157,0.272301763,199.9999991,0.022617833,135.0483776,12.11417157,4648,2323,0.012723906,197.4542077,394908,177.7087881,0.000678307,539.0404053,788.0020752,0.125592723,0.23204495,1.641741514,3.033279419,F070801030601_471,104,070801030601
3415,557.9603726,3931.007209,92_6_2,2.000636816,0.970958769,291.2876282,539.8530884,78,246.895401,100,1645.96936,6.762152672,78.8250885,0.951539576,0.271868467,35.78005092,0.004046336,142.3325551,12.68193817,974,487,0.002667474,70.69419718,141388,63.62477565,0.000242853,538.1830444,786.7484741,0.598126531,1.105098605,4.578210831,8.458702087,F070801030406_677,108,070801030406
3421,556.7987511,3930.325365,166_54_1,1.880795002,0.970790386,291.2371216,539.7594604,78,246.8525848,100,1645.683838,6.357087135,74.10332489,0.95137459,0.27182132,135.1230812,0.015280957,141.540976,12.64069042,3731,1865,0.010215276,70.55293727,141106,63.49764347,0.000242368,538.0897217,786.6120605,0.156159312,0.288519949,4.586581707,8.474168777,F070802060406_146,108,070802060406
3428,555.4618102,3929.175843,425_6_1,1.921945214,0.97050643,291.1519165,539.6015625,78,246.7801208,100,1645.200806,6.496174812,75.72463989,0.951096296,0.271741807,200.0000019,0.022617833,143.927247,12.15556321,4900,2448,0.013408576,133.3953772,266790,120.0558379,0.000458248,537.9320068,786.3817139,0.118934609,0.21974346,2.42513752,4.480681896,F070801030302_224,108,070801030302
3429,554.3364967,3929.103239,483_18_1,1.996722817,0.970488489,291.1465454,539.5916138,70,221.4654541,100,1476.436401,6.748923302,78.67087555,0.951078713,0.271736771,133.7586611,0.015126655,148.9710192,13.21904373,3277,1638,0.008971915,154.3451807,308691,138.9106644,0.000530216,512.6119995,761.0570679,0.177745149,0.312949926,2.095926523,3.690227747,F070801010403_175,108,070801010403
3437,560.8425187,3928.098701,415_1_1,1.955885053,0.970240355,291.072113,539.4536133,86,272.016571,100,1813.443848,6.610891342,77.06187439,0.950835526,0.271667302,49.57858133,0.0056068,130.9972748,11.7984354,1230,616,0.003374053,43.56820416,87137,39.21138465,0.000149668,563.0886841,811.4702148,0.472519666,0.914104998,7.423152924,14.3603363,F070802060601_160,108,070802060601
3447,558.7205061,3926.299011,128_44_1,2.051038027,0.969795883,290.9387512,539.2064819,78,246.5997009,100,1643.998047,6.932508469,80.81089783,0.950399995,0.271542847,200.0000013,0.022617833,149.2950156,13.30798967,4180,2090,0.011447681,429.1384239,858277,386.2245736,0.001474203,537.5384521,785.8061523,0.139205143,0.257195443,0.753289044,1.391776919,F070801030406_497,108,070801030406
3448,553.4649803,3926.047771,814_3_1,1.918887854,0.969733775,290.9201355,539.1719971,47,114.2346573,100,761.5643921,6.485840797,75.60417938,0.950339079,0.271525443,88.59093547,0.010018675,142.3345439,9.799070686,1072,536,0.002935865,9.271145344,18543,8.344030917,3.18488E-05,405.1547852,653.4066772,0.542761445,0.75588578,34.86565781,48.5562439,F070801030409_380,108,070801030409
3454,557.5697103,3925.672652,387_7_1,1.978542566,0.969641149,290.892334,539.1204834,82,259.2044678,100,1728.029785,6.687473774,77.95457458,0.950248301,0.271499515,26.37978481,0.002983268,130.9998322,8.249076962,601,301,0.001648685,31.3589735,62718,28.22307587,0.000107726,550.0968018,798.3249512,0.966419697,1.82756412,10.30689716,19.49102974,F070802060601_209,108,070802060601
3464,557.5687844,3923.937809,496_38_2,1.94806397,0.969212651,290.7637939,538.8822632,36,113.7467422,100,758.3116455,6.584456444,76.75372314,0.949828386,0.27137953,55.67510605,0.006296251,139.4985962,12.46104908,1480,740,0.004053246,37.23183727,74464,33.50865269,0.000127901,404.5105286,652.6290283,0.392924041,0.546635866,8.677274704,12.07182312,F070802060502_433,108,070802060502
3504,556.6654731,3920.43531,165_3_1,1.893551707,0.968347549,290.5042725,538.4012451,78,246.2314148,100,1641.542725,6.400204659,74.60593414,0.94898057,0.271137327,101.8586432,0.011519109,136.4400299,12.24963188,2546,1272,0.006967201,25.70603938,51413,23.13543577,8.8307E-05,536.7357178,784.6326904,0.228383869,0.421962053,12.55668068,23.1997242,F070802060406_104,108,070802060406
3506,554.1228423,3919.898597,658_22_1,2.005402803,0.968214929,290.4644775,538.3275146,59,186.2263641,100,1241.509033,6.778261662,79.01287079,0.948850632,0.271100193,56.33987929,0.00637143,131.0020111,7.805480972,1001,500,0.00273868,37.00323891,74007,33.30291562,0.000127116,476.6908569,724.553894,0.580928981,0.953381717,8.721893311,14.31378746,F070801030401_616,104,070801030401
3513,549.1905794,3919.237923,163_27_2,1.936300039,0.968051791,290.4155273,538.2368164,80,252.4676361,100,1683.117554,6.544693947,76.29022217,0.948690772,0.271054506,59.38596344,0.006715909,141.1989136,12.60999727,1655,827,0.004529776,196.0065079,392013,176.4058514,0.000673334,542.8831787,790.7044678,0.3511675,0.656448841,1.646291971,3.077466965,F070801030407_367,108,070801030407
3516,558.3405058,3918.933339,533_10_1,2.080122948,0.967976511,290.3929443,538.1949463,84,265.0701599,100,1767.134399,7.030815601,81.95684052,0.948616982,0.271033436,22.59095787,0.002554793,131.0024058,11.79879729,545,272,0.001489842,10.88330832,21767,9.794977454,3.7387E-05,555.4631348,803.2651367,1.067621112,2.042143822,29.64712715,56.70897675,F070802060501_219,108,070802060501
3533,552.1963869,3916.345297,93_1_1,2.01318574,0.96733731,290.2012024,537.8395386,78,245.9744873,100,1639.829956,6.804567814,79.31951904,0.947990537,0.270854443,68.66155335,0.007764878,138.0837479,12.38998008,2023,1011,0.005537611,221.1607878,442322,199.0447166,0.000759745,536.1756592,783.8140259,0.28704372,0.530341923,1.457969904,2.693744659,F070801030406_697,108,070801030406
3535,556.6367567,3915.84685,111_19_1,1.926852465,0.967214167,290.1642456,537.7710571,78,245.9431,100,1639.620605,6.512761116,75.91798401,0.947869897,0.270819962,34.49520493,0.003901034,142.3330078,12.65264797,918,459,0.002514108,65.55696106,131114,59.00126648,0.000225205,536.1073608,783.7141724,0.632166088,1.16798985,4.91793251,9.086370468,F070802060301_94,108,070802060301
3537,552.6724935,3915.470357,612_2_1,1.961220145,0.967121184,290.1363525,537.7193604,71,223.8495636,100,1492.330444,6.628923893,77.27207184,0.947778761,0.270793945,102.72336,0.011616899,140.7466675,12.55902977,2422,1212,0.00663856,33.03643958,66071,29.73279564,0.000113489,513.9859009,761.5689087,0.239386424,0.424080789,9.758125305,17.28683472,F070802060804_167,108,070802060804
3544,554.2480337,3914.380458,556_5_2,1.955045342,0.96685195,290.0555725,537.5697021,85,267.9144592,100,1786.096436,6.608053207,77.02878571,0.947514892,0.270718545,199.9999974,0.022617833,135.1721566,12.12384649,4944,2472,0.013540033,140.3881643,280776,126.3493465,0.00048227,557.9700317,805.4841309,0.1173364,0.22571604,2.295663357,4.416089535,F070802060501_19,108,070802060501
3549,553.5000478,3913.295336,84_33_2,2.025789499,0.966583967,289.9751892,537.4207153,78,245.7830048,100,1638.553345,6.847168446,79.8161087,0.947252274,0.270643502,81.30668863,0.009194906,133.8361104,12.00878779,2046,1023,0.005603339,42.8862056,85772,38.59758694,0.000147325,535.7581787,783.2037354,0.2834557,0.523712814,7.51278019,13.88061333,F070801030406_420,104,070801030406
3555,556.0758431,3912.666041,416_2_2,1.986107588,0.966428518,289.9285583,537.3342285,91,286.7000427,100,1911.333618,6.71304369,78.25263977,0.947099924,0.270599991,32.23411745,0.003645329,131.0019226,8.249175509,795,397,0.002174512,20.55779934,41115,18.50201941,7.06214E-05,576.6286011,824.0343018,0.730298638,1.452464938,15.67010307,31.16571236,F070802060601_356,108,070802060601
3565,558.942542,3910.921758,441_7_1,1.923832297,0.965997696,289.7993164,537.0947266,78,245.6341705,100,1637.561157,6.502552986,75.79899597,0.946677744,0.270479351,34.39190942,0.003889352,140.0673396,12.55034558,943,471,0.002579836,20.23594227,40472,18.21234772,6.95158E-05,535.4334717,782.7288818,0.615285158,1.136801481,15.91224384,29.3994751,F070801030303_664,108,070801030303
3573,542.6766644,3910.092329,589_12_2,2.025601864,0.965792835,289.737854,536.980835,69,217.2450714,100,1448.300537,6.846534252,79.80871582,0.946476996,0.270421982,21.88903594,0.002475413,142.3353729,12.68217119,576,288,0.00157748,22.65825534,45316,20.39242935,7.7837E-05,506.9829102,754.2258911,1.006034255,1.76035738,14.2081089,24.86133003,F070802060802_149,108,070802060802
3578,555.107561,3909.714781,475_5_2,1.983483315,0.965699553,289.7098694,536.9289551,82,258.1504211,100,1721.002808,6.704173565,78.14924622,0.946385562,0.270395875,79.32455796,0.008970748,139.4997406,8.690761685,2097,1049,0.00574575,39.68151474,79363,35.71336317,0.000136316,547.8602905,795.0793457,0.276177198,0.52226913,8.112086296,15.34048462,F070801030301_301,108,070801030301
3595,554.0288709,3907.934401,93_21_2,1.973212957,0.96525979,289.5779419,536.6844482,79,248.5930023,100,1657.286621,6.66945982,77.74459076,0.945954621,0.270272732,190.5012062,0.021543623,137.610939,12.33516598,3316,1660,0.009092417,146.5804982,293162,131.9224482,0.000503542,538.1709595,785.2774658,0.174444541,0.324199378,2.195061922,4.079449654,F070801030406_690,108,070801030406
3599,554.4546785,3907.34827,498_1_2,2.112662315,0.965115011,289.5345154,536.6039429,92,289.4570313,100,1929.713501,7.140798569,83.2388916,0.945812702,0.270232201,33.28427017,0.00376409,130.9979706,9.136363357,771,386,0.002114261,48.8638314,97728,43.9774487,0.00016786,578.9915771,826.0609741,0.750089407,1.499978185,6.583704472,13.16564751,F070802060704_471,108,070802060704
3602,553.7653794,3907.003393,54_24_1,1.830190897,0.965029836,289.5089417,536.5565796,78,245.3877869,100,1635.918579,6.18604517,72.10951996,0.945729256,0.270208359,195.7891725,0.022141634,133.8334554,12.00860198,4856,2428,0.013299029,89.43406075,178867,80.49065444,0.000307229,534.8967285,781.9443359,0.119237617,0.220303431,3.596801996,6.645451546,F070801030405_118,104,070801030405
3604,556.1022291,3906.76584,545_3_1,1.941685915,0.964971185,289.4913635,536.5239868,70,220.2063904,100,1468.042603,6.562898159,76.50242615,0.945671737,0.270191938,200.0000018,0.022617833,136.4300117,12.24529433,4967,2484,0.013605761,227.480272,454962,204.7322454,0.000781454,509.6977539,756.7303467,0.116542414,0.205192327,1.413999796,2.4895823,F070801010301_495,108,070801010301
3611,553.2459265,3906.268536,93_26_2,1.968414187,0.96484834,289.4544983,536.4556885,79,248.486618,100,1656.577393,6.653239727,77.5555191,0.945551395,0.270157546,20.84562993,0.002357415,141.1993713,12.61003923,270,134,0.000733966,17.75653315,35513,15.98087969,6.09983E-05,537.9411011,784.9423218,2.160108089,4.014485836,18.11255074,33.6615448,F070801030406_693,108,070801030406
3622,553.6307537,3905.21578,103_23_2,2.009868383,0.964588284,289.3764954,536.3110962,78,245.2755127,100,1635.170044,6.793354988,79.18881226,0.945296526,0.270084709,80.88686516,0.009147428,138.1394287,12.3755621,1999,998,0.005466405,73.45332198,146907,66.10799097,0.000252331,534.6519775,781.5866089,0.289956421,0.535723448,4.377329826,8.087554932,F070801030406_344,108,070801030406
3626,552.4662429,3904.872225,526_6_1,1.970336199,0.964503467,289.3510437,536.263916,86,270.4078369,100,1802.718872,6.659736156,77.63124847,0.945213377,0.270060956,200.0000036,0.022617834,133.4283665,11.98790891,4984,2493,0.013655057,155.2515387,310504,139.7263835,0.00053333,559.7589111,806.6717529,0.116065398,0.224532261,2.070840359,4.00610733,F070801010301_248,108,070801010301
3631,551.5968732,3904.340678,703_25_1,1.933392406,0.964372158,289.3116455,536.190918,78,245.2205505,100,1634.803711,6.534866333,76.17565918,0.945084691,0.27002421,55.70643499,0.006299794,145.1672414,12.93778674,1179,590,0.003231642,18.30516399,36610,16.47464744,6.2883E-05,534.5322266,781.411499,0.49035871,0.905986845,17.5610218,32.44574738,F070801030303_221,108,070801030303
3639,552.2756083,3903.298235,658_25_1,1.872763276,0.964114666,289.2344055,536.0477295,78,245.154953,100,1634.366333,6.329939842,73.78687286,0.944832385,0.269952118,29.97320307,0.003389645,131.0007133,11.79867768,743,372,0.002037578,6.203301558,12406,5.58297126,2.131E-05,534.3893433,781.2026978,0.777511835,1.436530471,51.80653763,95.71772766,F070801030401_540,104,070801030401
3649,552.1275229,3901.976051,559_13_2,1.95219481,0.963788092,289.1364136,535.8661499,78,245.0714722,100,1633.809814,6.598418236,76.91647339,0.944512308,0.269860655,200.0000011,0.022617833,134.8638153,12.09682499,4892,2447,0.013403099,180.7422483,361486,162.6680248,0.000620897,534.2078857,780.9376221,0.118159547,0.218311355,1.777463078,3.284037352,F070802060501_268,108,070802060501
3651,551.4826767,3901.933498,61_3_1,1.966251135,0.963777602,289.1332703,535.8603516,78,245.0691223,100,1633.794189,6.64592886,77.47029114,0.944502056,0.269857734,37.23748779,0.004211156,147.9999084,13.12368488,1028,514,0.002815363,15.6336937,31267,14.07032394,5.37058E-05,534.2023926,780.9294434,0.562516093,1.039304256,20.54915428,37.96660233,F070801030202_169,104,070801030202
3653,554.9948703,3901.894293,494_4_2,1.970542073,0.963767886,289.1303711,535.8549194,78,245.0665588,100,1633.7771,6.660432339,77.63935852,0.944492519,0.269855022,30.44285519,0.003442757,136.1019745,12.18978233,796,397,0.002174512,37.76722116,75534,33.99049942,0.00012974,534.1968994,780.9215088,0.728288114,1.345584154,8.506211281,15.71606541,F070802060501_486,108,070802060501
3684,556.1946612,3898.100158,612_6_1,2.028655291,0.962830722,288.8492126,535.3338623,86,269.9380798,100,1799.587158,6.856854916,79.92901611,0.943574131,0.269592613,30.82039723,0.003485453,139.1602997,12.44781761,788,394,0.00215808,13.86092617,27722,12.47483339,4.76159E-05,558.7872925,805.2719727,0.733119845,1.418241858,23.15455437,44.79316711,F070802060804_381,108,070802060804
3686,552.605002,3897.732407,166_14_2,2.075311661,0.962739885,288.8219604,535.2833862,78,244.8054962,100,1632.036621,7.014553547,81.76728058,0.943485081,0.269567162,24.06459212,0.002721445,145.7329254,12.99194876,683,341,0.00186778,15.17345029,30347,13.6561051,5.21248E-05,533.6274414,780.0888672,0.846985221,1.564889908,21.1496582,39.07610703,F070802060406_103,108,070802060406
3696,552.4535601,3896.200373,105_5_1,1.953402996,0.962361515,288.7084656,535.072998,86,269.8076782,100,1798.717896,6.602502346,76.96408081,0.943114281,0.269461215,40.26685405,0.004553745,131.0000916,11.79863405,971,486,0.002661997,55.17186546,110344,49.65467894,0.00018953,558.5161133,804.8806763,0.594050348,1.149210095,5.814325333,11.24800587,F070802060602_531,108,070802060602
3706,552.9893716,3894.512149,496_28_2,1.898121357,0.96194452,288.5833435,534.8411255,86,269.6908264,100,1797.938843,6.415650368,74.78598022,0.942705631,0.269344479,78.35605942,0.008861221,153.9500275,13.65621662,2214,1108,0.006068914,77.91475582,155830,70.12328029,0.000267658,558.2741699,804.5319824,0.260454267,0.503857553,4.115371227,7.961324215,F070802060502_542,108,070802060502
3710,547.0406518,3894.361101,185_7_2,2.059152842,0.961907208,288.5721741,534.8204346,78,244.5937653,100,1630.625122,6.959936619,81.13062286,0.942669034,0.269334018,29.35071026,0.003319247,130.9995728,11.79859734,654,327,0.001791097,73.864151,147728,66.47773743,0.000253743,533.1659546,779.4141846,0.882483721,1.630476952,4.340884209,8.020217896,F070802060602_148,108,070802060602
3722,552.6513012,3892.363416,578_4_2,1.973205209,0.961413741,288.4241333,534.5460205,79,247.6022949,100,1650.682007,6.669433594,77.74428558,0.942185462,0.269195855,59.66953067,0.006747977,143.1435896,12.73583439,1637,819,0.004485957,98.03181915,196064,88.22863776,0.000336765,536.0264282,782.1483154,0.352166206,0.654488921,3.269053459,6.075424671,F070802060501_123,108,070802060501
3745,551.2906415,3889.21841,70_2_1,2.010891199,0.960636973,288.1911011,534.1141357,78,244.270752,100,1628.47168,6.796812057,79.22911072,0.941424251,0.268978357,44.33679354,0.005014011,138.0833702,12.38995504,922,460,0.002519585,29.98329278,59966,26.98496398,0.000103,532.461853,778.3848877,0.626502395,1.157525778,10.67969227,19.73179817,F070801030601_307,104,070801030601
3750,550.0600914,3888.940131,434_2_1,1.944017172,0.96056819,288.1704712,534.0759277,86,269.304718,100,1795.364746,6.570777893,76.59427643,0.941356838,0.268959105,28.43838578,0.003216073,125.7495651,11.43945742,608,304,0.001665117,6.351883978,12704,5.716695607,2.18204E-05,557.4752197,803.3806152,0.947929204,1.833800077,50.40857315,97.51703644,F070801030303_508,108,070801030303
3755,550.9959157,3888.336885,106_18_2,1.892783046,0.960419238,288.1257629,533.993103,54,169.0721893,100,1127.147949,6.39760685,74.57565308,0.941210866,0.268917382,78.43962169,0.008870671,131.0009888,11.79869728,1821,912,0.004995352,20.58056998,41161,18.52251282,7.06996E-05,457.197937,703.0653076,0.315927386,0.501313508,15.55543613,24.68336487,F070801030404_45,104,070801030404
3765,551.7190567,3887.338931,159_19_1,1.925702929,0.960172713,288.0518188,533.8560181,66,206.5906677,100,1377.271118,6.508875847,75.87269592,0.940969229,0.26884836,106.2001638,0.012010088,135.2467346,12.11332464,2642,1320,0.007230115,35.15963507,70319,31.64367104,0.000120783,494.6424866,740.4466553,0.218221068,0.374729156,9.102983475,15.63164043,F070801030603_629,108,070801030603
3766,551.1831443,3887.257966,556_17_2,1.929570317,0.960152745,288.0458374,533.8449097,79,247.2777405,100,1648.518311,6.521947861,76.02507019,0.940949678,0.268842757,53.33261084,0.00603134,138.4792206,12.38816357,1354,677,0.003708172,52.17609353,104352,46.95848539,0.000179239,535.3236084,781.1226807,0.425473899,0.790729105,6.134052753,11.39993382,F070802060501_221,108,070802060501
3768,552.7976252,3887.194462,699_15_2,1.940861821,0.96013701,288.0411072,533.8361816,16,50.08063507,100,333.8709106,6.560112953,76.46995544,0.940934241,0.268838376,38.08275717,0.004306747,131.0000458,6.474315345,813,406,0.002223808,167.4167023,334833,150.6750336,0.00057512,338.1217346,583.9168091,0.709460855,0.83281213,1.911671042,2.244046211,F070802060406_164,108,070802060406
3791,548.7776309,3883.81085,184_4_2,1.897954345,0.959301293,287.7903748,533.371521,67,209.5305939,100,1396.870605,6.415085793,74.77940369,0.940115273,0.268604368,200.0000003,0.022617833,132.5457139,10.26232101,4313,2156,0.011809187,459.5220136,919045,413.5698163,0.001578578,497.3209839,742.9020996,0.133483469,0.230668366,0.695868909,1.202507973,F070802060602_148,108,070802060602
3802,551.7964147,3883.033766,61_2_1,2.036401272,0.959109366,287.7328186,533.2648315,86,268.895874,100,1792.63916,6.883036137,80.23420715,0.939927161,0.268550634,22.68859291,0.002565834,147.9999542,13.1236887,494,247,0.001352908,8.727519274,17455,7.854767561,2.99813E-05,556.6286621,802.1607056,1.164910197,2.253557444,36.63161469,70.86507416,F070801030202_407,104,070801030202
3811,552.9078865,3882.452881,61_8_2,2.003085852,0.958965838,287.6897583,533.1849976,86,268.8551025,100,1792.36731,6.770430088,78.92158508,0.939786494,0.268510431,93.2700727,0.010547835,151.7772624,13.47038714,2581,1290,0.007065794,28.79849505,57597,25.91864598,9.89304E-05,556.5448608,802.0401001,0.223015323,0.431430131,11.09972191,21.47275925,F070801030202_407,104,070801030202
3829,548.8508729,3879.938054,133_9_2,2.021918297,0.958344698,287.503418,532.8396606,92,287.426239,100,1916.174927,6.834084034,79.66358185,0.939177811,0.268336505,38.08962687,0.004307524,135.2509918,12.12997103,904,452,0.002475767,60.31497659,120630,54.28347865,0.000207198,574.9296875,820.2658691,0.636069536,1.271968365,5.29633379,10.5912466,F070802060302_373,108,070802060302
3840,550.9339901,3879.016704,68_2_2,1.912655473,0.958117127,287.4351501,532.7131348,78,243.6299591,100,1624.199707,6.464775562,75.35862732,0.938954771,0.268272787,96.61580271,0.010926201,132.6995728,11.92457619,2384,1192,0.006529013,46.36408307,92728,41.7276739,0.000159273,531.0651245,776.3430786,0.241136864,0.445524424,6.888357639,12.72692871,F070801030202_181,104,070801030202
3844,552.1046573,3878.583074,112_10_1,1.982033134,0.958010018,287.4030151,532.6535645,59,184.2632599,100,1228.421753,6.699272156,78.09210205,0.938849807,0.268242806,27.16357637,0.003071906,130.9990997,11.79856396,671,336,0.001840393,10.9495039,21899,9.854553223,3.76144E-05,471.6662598,716.9168091,0.855366111,1.403768659,29.16448975,47.8627739,F070801030404_92,104,070801030404
3853,552.1713215,3877.074326,28_5_1,1.985897064,0.95763737,287.2911987,532.4463501,78,243.5079346,100,1623.38623,6.712332249,78.24434662,0.938484609,0.268138468,40.36101638,0.004564394,148.9407349,13.22206879,1120,559,0.003061844,9.611911047,19224,8.650719464,3.30194E-05,530.7991333,775.9542847,0.513937771,0.949551225,33.21009445,61.3589592,F070801030402_472,104,070801030402
3863,548.7780175,3875.862062,458_13_1,1.941445231,0.957337916,287.2013855,532.2799072,78,243.4318085,100,1622.878662,6.562084675,76.49294281,0.938191175,0.268054605,47.78806052,0.005404312,133.8345591,12.00868448,1212,605,0.003313803,60.75280402,121505,54.67752324,0.000208702,530.6331787,775.711731,0.474713027,0.877079606,5.252640724,9.704776764,F070802060801_103,108,070802060801
3866,556.2757971,3875.572054,594_8_2,2.106738329,0.957266271,287.1798706,532.2400513,5,15.60343456,100,104.0228958,7.1207757,83.00549316,0.938120961,0.268034548,57.47838067,0.006500182,158.9546254,14.1270593,1705,852,0.00466671,20.0872006,40175,18.07848078,6.90048E-05,302.7832947,547.8435059,0.337065578,0.355379462,15.88517761,16.74827003,F070802060804_453,108,070802060804
3878,548.8243575,3873.305688,128_41_1,1.902052522,0.956706524,287.0119629,531.928833,78,243.2713318,100,1621.808838,6.428937435,74.94087219,0.93757242,0.267877817,166.8814555,0.018872485,156.6138153,13.91179562,4659,2329,0.01275677,569.1010776,1138202,512.1909759,0.001955011,530.2833252,775.2001953,0.123233989,0.227687135,0.560361207,1.035323501,F070801030406_540,108,070801030406
3891,547.3882266,3871.851475,462_11_1,1.923371553,0.956347287,286.9041748,531.7290649,78,243.1800079,100,1621.200073,6.500995636,75.78083801,0.937220335,0.267777234,106.8724874,0.01208612,138.9325294,12.41780448,2812,1405,0.00769569,56.78950837,113579,51.11055755,0.000195087,530.0841675,774.9090576,0.204202265,0.37728411,5.61340332,10.37132454,F070801030301_116,108,070801030301
3908,547.9134273,3870.099341,92_10_2,1.99016571,0.955914557,286.774353,531.4884644,78,243.0696869,100,1620.4646,6.726759911,78.41252899,0.936796248,0.267656088,32.37885904,0.003661698,159.334198,14.16399574,964,482,0.002640087,40.17008495,80340,36.15307713,0.000137995,529.8440552,774.5581665,0.594967544,1.099261522,7.932225227,14.65557289,F070801030406_401,108,070801030406
3916,548.0889388,3869.488585,56_13_2,1.884432316,0.955763698,286.7290955,531.4046021,66,205.6417236,100,1370.944824,6.369381428,74.24663544,0.936648428,0.267613828,200.0000032,0.022617834,144.2598389,12.84529533,5098,2551,0.013972744,86.2918942,172585,77.66270396,0.000296435,492.3708191,737.0463257,0.112398706,0.193010911,3.691979408,6.33986187,F070801030405_252,104,070801030405
3918,545.4657681,3869.23197,423_8_2,2.160670996,0.955700278,286.710083,531.3693848,78,243.0154724,100,1620.103149,7.303068161,85.13043976,0.936586261,0.267596066,36.47417649,0.004124834,131.000679,11.79867554,904,453,0.002481244,60.28598532,120571,54.25738729,0.000207098,529.7255859,774.3848877,0.632914066,1.169372201,5.284258842,9.763197899,F070801030303_774,108,070801030303
3919,548.3235398,3869.030865,543_4_2,1.97776401,0.955650628,286.6951904,531.3417358,70,218.0791016,100,1453.860718,6.684842587,77.92390442,0.936537623,0.267582178,69.13840126,0.007818804,147.7756012,13.19590893,1848,924,0.00506108,108.4680987,216936,97.62128961,0.000372616,504.774292,749.4208374,0.310276181,0.546292543,2.936810017,5.170739651,F070801010301_129,108,070801010301
3920,551.2505535,3869.015797,107_2_1,1.937640429,0.955646873,286.6940613,531.3396606,60,186.9243317,100,1246.162231,6.549224854,76.34303284,0.936533928,0.267581135,132.2961886,0.014961266,131.0002391,11.79864438,2539,1268,0.006945292,36.1498334,72301,32.5348493,0.000124184,473.6184082,718.2639771,0.226099417,0.373516083,8.811906815,14.55726433,F070801030404_124,104,070801030404
3937,546.9777667,3867.374757,680_22_1,1.845011473,0.955241561,286.5724792,531.1143188,7,21.79859543,100,145.3239746,6.236138821,72.69345093,0.936136723,0.267467648,170.6877501,0.019302935,157.7466309,11.87119331,4941,2471,0.013534555,361.0496583,722099,324.9446907,0.0012403,308.3710632,552.9129028,0.115974292,0.124796063,0.881911576,0.948995531,F070801030407_658,108,070801030407
3941,547.1020558,3867.050862,542_3_2,1.973412871,0.955161572,286.5484619,531.0698242,75,233.5367889,100,1556.911865,6.670135498,77.75246429,0.936058342,0.267445236,22.23189533,0.002514187,140.3489227,12.53553247,602,301,0.001648685,18.43652054,36873,16.59286868,6.33343E-05,520.0852661,764.6066284,0.95198822,1.727858067,17.26937485,31.34390259,F070802060502_178,108,070802060502
3942,548.2116588,3866.994205,533_4_1,1.929462552,0.955147564,286.544281,531.0620728,84,261.5576172,100,1743.717407,6.521583557,76.02082825,0.936044633,0.267441332,199.9999988,0.022617833,131.0015313,11.79873541,4767,2383,0.013052548,83.81036723,167621,75.42933024,0.000287911,548.1019287,792.6196899,0.120245188,0.230005011,3.798844337,7.266429901,F070802060501_225,108,070802060501
3945,549.5345595,3866.790184,410_8_1,1.979775786,0.955097198,286.5291748,531.0340576,86,267.7711182,100,1785.140747,6.691642284,78.0031662,0.935995281,0.267427206,172.1798698,0.019471678,142.0100446,12.65311759,4326,2164,0.011853006,192.6267811,385255,173.3640965,0.000661723,554.300293,798.8051758,0.132407203,0.256146163,1.652759552,3.197318792,F070802060602_218,108,070802060602
3946,549.704092,3866.715729,29_6_2,1.986186862,0.955078781,286.5236206,531.0238037,56,174.358902,100,1162.3927,6.713311672,78.25576019,0.935977221,0.26742205,30.96490812,0.003501796,148.9407349,10.20405158,542,271,0.001484364,4.459823608,8920,4.013841271,1.53207E-05,460.8825073,705.3826904,1.057282686,1.700673461,71.38389587,114.8233032,F070801030402_304,104,070801030402
3951,550.3313657,3865.636672,563_7_2,1.984167695,0.954812229,286.4436646,530.8756104,79,245.90242,100,1639.349487,6.706486702,78.1762085,0.935715973,0.267347425,200.000001,0.022617833,134.6300063,12.06851757,4936,2467,0.013512646,177.185806,354370,159.4672252,0.00060868,532.3460693,776.7780151,0.116110116,0.215786815,1.796254158,3.33827877,F070802060501_231,108,070802060501
3957,548.9607474,3865.02469,481_26_1,1.925011992,0.954661071,286.3983154,530.7915649,92,286.3218994,100,1908.812622,6.506540298,75.84547424,0.935567856,0.267305106,164.3493547,0.018586132,132.416626,11.90360626,4112,2057,0.011266929,110.5979066,221196,99.53811741,0.000379933,572.7202148,817.1134644,0.139231071,0.278425008,2.877272844,5.753777981,F070802060603_200,108,070802060603
3963,548.0154149,3864.660244,133_6_2,1.923830032,0.954571068,286.3713074,530.7415161,78,242.7282257,100,1618.188232,6.502545357,75.79890442,0.935479641,0.267279893,75.93928604,0.008587911,137.3767319,12.28750682,1933,966,0.005291129,110.3119354,220625,99.28074265,0.00037895,529.0995483,773.4697266,0.296450615,0.547722101,2.884459734,5.329327106,F070802060302_378,108,070802060302
3966,545.5198822,3864.197619,580_1_2,1.906456232,0.954456806,286.3370361,530.6779785,70,217.8069763,100,1452.046509,6.443821907,75.11437225,0.935367644,0.267247915,127.6542852,0.014436317,132.545664,11.91910172,3167,1582,0.008665183,88.4190242,176837,79.57712235,0.000303742,504.1440125,748.4849854,0.180996865,0.318675101,3.598233223,6.335288525,F070802060802_186,108,070802060802
3978,547.5769109,3863.113811,165_5_2,2.009750605,0.954189122,286.2567444,530.5291748,77,239.520462,100,1596.803101,6.792956829,79.18417358,0.935105324,0.267172962,47.20230484,0.005338069,130.9997864,11.79861259,1171,586,0.003209733,26.4434166,52887,23.79907417,9.08401E-05,525.7772217,770.0496216,0.488492727,0.897230744,12.02806187,22.09233856,F070802060407_23,108,070802060406
3980,546.7797615,3862.939132,525_2_1,1.952367306,0.954145968,286.2438049,530.505188,79,245.7307587,100,1638.205078,6.599001408,76.92327118,0.935063064,0.267160863,31.4466818,0.003556279,130.9993286,11.79858017,781,391,0.002141648,57.85254955,115705,52.06729251,0.000198739,531.9745483,776.2359619,0.732081354,1.360548735,5.497574329,10.21705818,F070802060502_63,108,070802060502
3985,545.4793796,3862.617558,87_1_2,1.918873429,0.954066515,286.2199402,530.4609985,78,242.6000366,100,1617.333618,6.48579216,75.60361481,0.934985161,0.26713863,199.9999975,0.022617833,142.718405,12.74446731,5474,2737,0.014991533,244.1174733,488235,219.7057229,0.000838607,528.8199463,773.0610352,0.10457433,0.193211526,1.302742362,2.406946659,F070802060301_400,108,070802060301
3988,548.3948611,3862.304103,128_12_1,1.905602455,0.953989089,286.1967163,530.4179077,70,217.7003784,100,1451.335815,6.440936089,75.08073425,0.934909284,0.267116934,137.7239782,0.01557509,153.666448,8.656087065,2250,1125,0.006162029,326.9654313,653931,294.2688868,0.001123212,503.8970947,748.1182861,0.254397094,0.447908521,0.97256875,1.712369561,F070801030406_608,108,070801030406
3989,548.0573881,3862.189096,434_5_1,1.906936407,0.953960717,286.1882019,530.4021606,70,217.6936798,100,1451.29126,6.445445061,75.13329315,0.934881508,0.267109007,166.8432927,0.018868169,142.9996779,12.75964652,4474,2237,0.012252853,148.3854112,296770,133.5468687,0.000509743,503.881897,748.0958252,0.127933934,0.225248948,2.142979383,3.773071527,F070801030303_565,108,070801030303
3993,546.157212,3861.471749,505_5_1,1.973157525,0.953783512,286.1350403,530.3036499,84,261.184082,100,1741.227173,6.669272423,77.74240875,0.93470782,0.267059386,199.9999994,0.022617833,143.1097983,12.36068815,4730,2366,0.012959433,181.1158227,362232,163.0042403,0.00062218,547.3190918,791.4877319,0.120936193,0.231326744,1.755384088,3.357698441,F070802060502_160,108,070802060502
4000,547.6918855,3860.842671,478_1_2,1.900479913,0.953628123,286.0884399,530.2172241,86,267.3591919,100,1782.394653,6.423622131,74.87890625,0.934555531,0.267015874,167.179401,0.018906179,135.8572497,12.16790063,4069,2033,0.011135472,79.61154512,159223,71.65039113,0.000273486,553.4476318,797.576416,0.140722305,0.272231996,3.992838383,7.724279404,F070801030301_622,108,070801030301
4007,549.9457735,3859.726441,425_42_2,1.941751122,0.953352451,286.0057373,530.0639648,78,242.4181671,100,1616.121094,6.563118935,76.50499725,0.934285402,0.266938686,33.83466261,0.003826334,131.0004272,11.79865789,815,408,0.002234763,93.32644377,186652,83.99379558,0.000320601,528.4238892,772.4821167,0.700994432,1.295156598,3.405081749,6.291225433,F070801030302_203,108,070801030302
4014,547.3307436,3858.96793,128_36_2,1.945525527,0.953165054,285.9495239,529.9597778,70,217.5122681,100,1450.081787,6.575876236,76.65370941,0.93410176,0.266886204,36.92675078,0.004176015,140.4416199,9.727640718,341,170,0.000931151,24.73602402,49472,22.26242083,8.49747E-05,503.461792,747.4720459,1.682056069,2.961539984,12.84449387,22.61487198,F070801030406_608,108,070801030406
4018,547.7768293,3858.758286,388_5_1,1.964662433,0.953113317,285.9339905,529.9310303,86,267.2148438,100,1781.432251,6.640559196,77.40769958,0.934051037,0.266871721,61.85163999,0.00699475,142.0499878,12.69365168,1543,771,0.004223044,48.17250329,96345,43.35525294,0.000165485,553.1488037,797.145874,0.370861202,0.717443347,6.595140457,12.75851822,F070802060601_72,108,070802060601
4019,548.4887566,3858.751158,161_7_2,1.953158736,0.953111529,285.9334717,529.9299927,86,267.2143555,100,1781.429077,6.601676464,76.95445251,0.934049308,0.266871214,199.9999986,0.022617833,132.1333079,11.88261223,4591,2294,0.012565063,252.4971696,504994,227.2474544,0.000867394,553.1478271,797.1443481,0.124644056,0.241128087,1.258247137,2.434121132,F070802060602_312,108,070802060602
4027,550.8355816,3858.294694,423_5_2,1.951755166,0.952998817,285.8996582,529.8673706,86,267.1826172,100,1781.217407,6.596932411,76.89915466,0.933938861,0.266839683,55.12036643,0.006233516,131.0001831,11.79864057,1366,683,0.003741037,59.50145366,119002,53.55130745,0.000204403,553.0822754,797.0499878,0.418593943,0.809783697,5.338799,10.32808208,F070801030303_737,108,070801030303
4034,548.9920346,3857.750887,10_7_2,1.93548286,0.952864468,285.8593445,529.7926636,70,217.4427948,100,1449.618652,6.541932106,76.25802612,0.933807194,0.266802043,200.0000038,0.022617834,138.7966339,11.39169956,4983,2490,0.013638625,188.8993527,377799,170.0094168,0.000648919,503.302124,747.2354736,0.114802949,0.202129364,1.681432366,2.960436821,F070801030401_67,104,070801030401
4041,551.8592571,3856.953439,106_12_1,2.035706282,0.952667475,285.8002319,529.6831055,54,167.707428,100,1118.049561,6.880687237,80.20682526,0.933614135,0.266746879,177.3480038,0.020056138,139.6899516,12.48202085,4270,2135,0.011694163,55.67634315,111353,50.1087107,0.000191263,453.5076599,697.3905029,0.133864284,0.21241577,5.703603745,9.050475121,F070801030404_22,104,070801030404
4065,546.767796,3853.752654,184_1_1,1.933592796,0.951876879,285.5630493,529.2435303,79,245.1463928,100,1634.309326,6.535543442,76.1835556,0.932839334,0.266525537,89.42322154,0.010112798,131.0013809,6.474362552,1710,854,0.004677665,117.5206456,235041,105.7685833,0.000403714,530.7094727,774.3898926,0.334382951,0.621439636,2.699885368,5.017647743,F070802060602_78,108,070802060602
4069,547.2019403,3853.669477,483_5_2,1.911536098,0.951856375,285.5569153,529.2321167,70,217.2136536,100,1448.091064,6.460991859,75.31452179,0.932819247,0.266519785,148.1976004,0.016759543,144.8255798,12.92076015,3983,1993,0.010916378,163.5472951,327095,147.1925642,0.000561828,502.7705688,746.4458008,0.14327994,0.252268225,1.940022707,3.415733576,F070801010403_48,108,070801010403
4071,547.3395728,3853.52756,69_8_1,1.939433455,0.951821327,285.5463867,529.2126465,55,170.661377,100,1137.742554,6.555284977,76.41368103,0.932784915,0.26650998,57.98127395,0.006557054,130.999649,10.27737405,1335,667,0.003653399,15.59646159,31194,14.03681532,5.35779E-05,456.2077637,699.8740234,0.428105533,0.683969676,20.34267616,32.50080109,F070801030405_626,104,070801030405
4072,547.3872078,3853.339398,61_5_2,1.944716811,0.951774836,285.5324402,529.1868286,78,242.0173035,100,1613.44873,6.573143005,76.62184143,0.932739317,0.266496956,93.33487701,0.010555163,147.9999313,13.12368679,2576,1288,0.007054839,35.89501667,71790,32.30551529,0.000123309,527.5497437,771.2041016,0.221686676,0.409588307,8.838504791,16.3300209,F070801030202_169,104,070801030202
4083,544.4818211,3852.114137,423_9_1,2.005386114,0.951472163,285.4416504,529.0184937,86,266.7547302,100,1778.364868,6.778204918,79.01221466,0.932442725,0.266412199,27.91112375,0.003156446,135.2494659,12.11353588,702,351,0.001922553,20.65856791,41317,18.59271097,7.09676E-05,552.1964111,795.7731934,0.813224077,1.573209167,15.35234165,29.69961739,F070801030303_699,108,070801030303
4112,546.192526,3849.25415,119_24_1,1.928187132,0.950765789,285.2297363,528.6257935,54,167.3728027,100,1115.818726,6.517272472,75.97057343,0.931750476,0.26621443,200.0000022,0.022617834,145.7051185,10.36050169,5263,2630,0.014405456,62.39351526,124788,56.15416371,0.000214338,452.6025391,695.9985962,0.108452372,0.172092214,5.079404831,8.059999466,F070801030406_117,104,070801030406
4113,541.7995225,3849.158767,526_11_2,2.034227848,0.950742245,285.2226868,528.6126709,55,170.4676514,100,1136.45105,6.875689983,80.14857483,0.931727409,0.266207814,47.96242791,0.005424031,131.0023702,7.539277029,958,478,0.002618178,10.77439427,21549,9.696955204,3.70129E-05,455.6903381,699.0803223,0.596700191,0.95332706,29.41363335,46.99313736,F070801010301_248,108,070801010301
4132,543.2499331,3846.814504,559_16_2,2.018369675,0.950163186,285.0489502,528.2907104,70,217.6302795,100,1450.86853,6.822089672,79.52376556,0.931159914,0.26604569,46.24068701,0.005229321,138.4702343,12.35479259,1097,548,0.003001593,92.18419173,184369,82.96577478,0.000316677,502.6792297,745.9210205,0.520162344,0.91729784,3.435741425,6.058874607,F070802060501_268,108,070802060501
4134,546.9075869,3846.800411,396_28_1,1.914135218,0.950159729,285.0479126,528.2888184,70,216.8264465,100,1445.509644,6.469777107,75.41693115,0.931156516,0.266044736,199.9999998,0.022617833,141.0335173,12.59531593,5150,2576,0.014109678,130.463459,260928,117.4171138,0.000448176,501.8743591,745.1152344,0.110655248,0.194827005,2.427652121,4.27428627,F070801030603_16,108,070801030603
4137,547.8648218,3846.24847,416_3_2,1.944253087,0.950023353,285.007019,528.2130127,86,266.3485718,100,1775.657104,6.571575642,76.60356903,0.931022882,0.266006529,26.97389156,0.003050455,131.0002174,11.79864287,605,302,0.001654163,19.66564041,39330,17.69907695,6.75566E-05,551.3555908,794.5615845,0.943731844,1.825680733,16.10293198,31.1516571,F070802060601_144,108,070802060601
4154,544.0025404,3844.144357,161_8_2,1.958009481,0.94950366,284.8511047,527.9240112,86,266.2028503,100,1774.685669,6.618072033,77.14557648,0.930513561,0.265861034,200.0000017,0.022617833,140.1924727,12.50827079,5208,2604,0.014263044,140.522147,281044,126.4699347,0.00048273,551.0539551,794.1268311,0.109389827,0.21161826,2.252322674,4.35719347,F070802060602_192,108,070802060602
4156,545.5760544,3843.94106,69_10_2,1.959066749,0.949453413,284.8360291,527.8961182,60,185.7129669,100,1238.086426,6.621645451,77.18723297,0.930464327,0.265846968,179.1556383,0.020260562,151.643461,13.46283763,4819,2409,0.013194959,53.02060419,106042,47.71854347,0.00018214,470.5490112,713.6090698,0.118238285,0.195329607,5.96908474,9.860925674,F070801030405_171,104,070801030405
4164,546.8928474,3842.999718,69_7_1,2.006536484,0.949220955,284.7662964,527.7668457,83,256.8398438,100,1712.265625,6.782093525,79.05754089,0.930236518,0.265781879,65.88970375,0.007451412,140.4450429,12.58708795,1595,798,0.004370933,25.10044312,50201,22.59039855,8.62266E-05,541.6061401,784.6066895,0.356849998,0.678704441,12.60563374,23.97505951,F070801030405_165,104,070801030405
4166,542.0511277,3842.822847,423_2_1,2.044669867,0.949177265,284.7531738,527.7425537,86,266.1113281,100,1774.075562,6.910984039,80.55998993,0.930193722,0.265769631,200.0000008,0.022617833,131.8498199,11.86160412,5039,2518,0.013791991,115.3827499,230765,103.8444735,0.00039637,550.864502,793.8538818,0.113087043,0.218770653,2.742111921,5.30470705,F070801030303_699,108,070801030303
4167,545.7600233,3842.46759,106_5_2,1.849443316,0.949089468,284.7268372,527.6937256,54,167.077713,100,1113.85144,6.251118183,72.86806488,0.930107653,0.265745044,199.9999997,0.022617833,140.7643703,12.59021854,4344,2171,0.011891348,53.23689212,106473,47.91320376,0.000182883,451.8045654,694.7714233,0.131150082,0.208108962,5.942554951,9.429646492,F070801030404_12,104,070801030404
4197,545.1494661,3839.821867,194_9_1,1.90983665,0.948436022,284.5307922,527.3304443,78,241.1681976,100,1607.787964,6.455247879,75.24756622,0.92946732,0.265562087,53.10598898,0.006005712,144.5998535,12.92611408,1546,773,0.004233999,51.34073782,102681,46.20666289,0.000176369,525.6989746,768.4986572,0.368086398,0.680076301,6.157787323,11.37712479,F070801030408_139,108,070801030408
4198,545.9523678,3839.350232,543_2_1,1.907913446,0.948319495,284.4958496,527.265625,70,216.4062958,100,1442.708618,6.448747635,75.17179108,0.929353118,0.265529454,33.72365159,0.00381378,140.4448242,12.5870746,997,498,0.002727725,39.74072948,79481,35.76665652,0.00013652,500.9021606,743.671936,0.571276784,1.005827665,7.954219818,14.0047245,F070801010301_171,108,070801010301
4205,544.4810026,3838.809828,425_19_2,2.001822472,0.94818604,284.4558105,527.1914673,70,216.3761902,100,1442.507935,6.766160011,78.87180328,0.929222345,0.265492082,27.29936989,0.003087263,134.3970703,12.06346207,599,298,0.001632253,52.53299935,105066,47.27969748,0.000180465,500.8320007,743.567627,0.95454967,1.680644274,6.016447544,10.59296131,F070801030302_30,108,070801030302
4218,545.1194484,3837.833442,93_27_1,1.922266126,0.94794488,284.3834534,527.057373,78,241.0434265,100,1606.956177,6.497259617,75.7372818,0.928985953,0.265424579,63.54640538,0.00718641,143.2784017,12.79707146,1660,829,0.004540731,73.61624664,147232,66.25462082,0.000252891,525.4268799,768.1008301,0.343043983,0.633808076,4.292281151,7.930418491,F070801030406_401,108,070801030406
4237,544.3453063,3834.918209,526_3_2,1.950722456,0.947224796,284.16745,526.6569824,42,129.6940155,100,864.62677,6.593441963,76.8584671,0.928280294,0.265222937,124.4959351,0.014079142,136.4420227,9.078407798,2250,1126,0.006167507,82.34742761,164696,74.11268353,0.000282885,413.8614502,656.3510132,0.252368957,0.367550135,3.834262133,5.584218979,F070801010301_266,108,070801010301
4248,543.791949,3834.136198,723_87_1,1.952971458,0.947031617,284.1094971,526.5495605,78,240.8110962,100,1605.407349,6.601043701,76.94707489,0.92809099,0.265168846,34.10163522,0.003856525,139.4982834,12.46104336,908,454,0.002486721,40.56968212,81139,36.51271343,0.000139367,524.9205933,767.3606567,0.625791848,1.156212807,7.781111717,14.37637901,F070801010405_36,108,070801010405
4251,543.0543733,3833.283685,387_14_1,1.921929121,0.946821094,284.0463257,526.4325562,86,265.4507751,100,1769.671875,6.496120453,75.72400665,0.927884698,0.265109897,199.9999987,0.022617833,132.6997231,11.92458405,4775,2385,0.013063503,141.085369,282171,126.9768315,0.000484665,549.4970703,791.8833008,0.119096994,0.23039709,2.236993313,4.327538013,F070802060601_209,108,070802060601
4253,550.9193401,3832.912024,61_1_2,1.998598337,0.946729243,284.0187683,526.3814697,79,243.8205872,100,1625.470581,6.755262375,78.74477386,0.927794635,0.265084177,25.25389671,0.002855942,147.9999542,13.1236887,697,348,0.001906121,8.553367615,17107,7.698030949,2.93831E-05,527.8393555,770.2020264,0.816145897,1.51677978,36.89498901,68.56809998,F070801030202_407,104,070801030202
4256,543.1134669,3832.691235,592_43_2,1.967283845,0.946674764,284.0024414,526.3511963,86,265.4098511,100,1769.399048,6.649419308,77.51098633,0.927741289,0.265068948,120.0864626,0.013580478,132.8898392,11.94103463,3066,1533,0.008396792,74.17492938,148350,66.75743663,0.00025481,549.4122925,791.7610474,0.185259253,0.358390272,4.254244328,8.229978561,F070802060704_226,108,070802060704
4259,544.9660068,3832.614019,397_30_2,1.959104419,0.946655691,283.9967041,526.3405762,76,234.5432739,100,1563.621826,6.621772766,77.18871307,0.927722573,0.265063584,163.4146866,0.018480431,138.155674,10.11217763,2828,1415,0.007750464,266.3764853,532751,239.7388378,0.000915073,518.539978,760.8838501,0.200704381,0.36645934,1.184608698,2.162936926,F070802060602_60,108,070802060602
4261,541.666732,3832.557947,169_5_1,1.88824749,0.946641803,283.9925537,526.3328247,78,240.7120819,100,1604.747192,6.382276535,74.39694977,0.927708983,0.26505971,192.8638332,0.02181081,140.7748699,12.57285392,5229,2615,0.014323295,58.1090899,116217,52.29818108,0.00019962,524.7046509,767.0449219,0.108601362,0.200651869,5.430256844,10.03294277,F070801030603_515,108,070801030603
4274,543.7592737,3831.546514,27_4_1,1.871687651,0.946392,283.9176025,526.1939697,80,246.8187866,100,1645.458618,6.326304436,73.74449158,0.927464187,0.264989763,33.55380251,0.003794572,132.699649,11.92458248,832,417,0.002284059,27.2452933,54491,24.52076492,9.35947E-05,530.7363892,773.0127563,0.680857539,1.272749186,11.57866001,21.64436531,F070801030202_216,104,070801030202
4276,545.4234685,3831.123546,483_21_2,1.906162024,0.946287513,283.886261,526.1358643,86,265.3012695,100,1768.675171,6.442827702,75.1027832,0.927361786,0.264960498,117.0835608,0.013240882,145.450386,12.94137883,3078,1540,0.008435134,162.424427,324849,146.1819832,0.00055797,549.1875,791.4371338,0.184341729,0.356615245,1.942005754,3.756875515,F070801010403_26,108,070801010403
4277,544.1573726,3831.110508,112_3_2,1.927931666,0.946284294,283.8852844,526.1340942,52,160.4141083,100,1069.427368,6.51640892,75.96051025,0.927358627,0.264959604,103.0030722,0.011648532,135.7227071,12.19287221,2390,1194,0.006539967,28.42859044,56857,25.58573127,9.76596E-05,444.2993774,686.5482178,0.237759873,0.372110039,11.09545326,17.36512375,F070801030404_81,104,070801030404
4279,543.1178216,3831.009216,93_8_2,1.878896952,0.94625926,283.8777771,526.1201782,78,240.6148071,100,1604.098755,6.350671768,74.02854156,0.92733407,0.2649526,93.94672758,0.010624357,138.5272914,12.39993981,2334,1167,0.006392079,111.0330955,222065,99.92978445,0.000381428,524.4925537,766.7349854,0.243254304,0.449436635,2.84077239,5.248610973,F070801030406_578,108,070801030406
4280,541.6175609,3830.869033,660_3_1,1.903262615,0.94622463,283.8674011,526.1008911,66,203.5896912,100,1357.264648,6.433027744,74.98854828,0.927300155,0.264942884,42.94055904,0.004856112,131.0025279,9.13660416,914,458,0.002508631,12.27139246,24542,11.0442536,4.21554E-05,487.4570923,729.6905518,0.619797826,1.06431675,25.70272446,44.13671494,F070801030601_474,104,070801030601
4302,543.0556758,3828.447049,129_6_1,1.952859282,0.945626438,283.6879272,525.7683105,86,265.1157227,100,1767.43811,6.600664139,76.94265747,0.926713884,0.264775395,33.27892715,0.003763486,133.8321431,12.00850582,848,424,0.0023224,33.67047048,67341,30.30342293,0.000115667,548.8036499,790.8840332,0.66907531,1.29434824,9.361579895,18.11028671,F070801030407_199,108,070801030407
4324,541.7588831,3826.208301,45_24_1,1.934232593,0.945073426,283.5220337,525.4608154,78,240.3132782,100,1602.088501,6.537706375,76.20876312,0.926171958,0.264620572,25.02999155,0.002830621,131.0000763,11.79863294,572,286,0.001566525,9.899109095,19798,8.909198113,3.4006E-05,523.8353271,765.7741089,0.991335809,1.831592083,31.82351875,58.7971344,F070801030405_673,104,070801030405
4345,542.7279988,3823.230368,93_1_2,2.01318574,0.944337904,283.3013611,525.0518799,78,240.126236,100,1600.841553,6.804567814,79.31951904,0.925451159,0.264414608,199.999996,0.022617833,136.8442516,12.24846023,4997,2500,0.013693399,301.4440183,602888,271.2996139,0.001035539,523.4276123,765.1781006,0.113320544,0.209371045,1.044237971,1.929334164,F070801030406_697,108,070801030406
4347,543.9021146,3823.105747,462_8_2,1.899677753,0.944307148,283.2921448,525.03479,78,240.1182404,100,1600.78833,6.420910835,74.8473053,0.925421,0.264405996,54.99870178,0.006219757,130.9969533,11.79841296,1364,682,0.003735559,33.25101196,66502,29.9259102,0.000114226,523.4104004,765.1530151,0.415384382,0.767463923,9.466450691,17.49020767,F070801030301_364,108,070801030301
4356,543.0687002,3822.516289,481_23_2,1.88815546,0.944161534,283.2484741,524.9537964,87,267.7830811,100,1785.220581,6.381965637,74.39332581,0.925278306,0.264365226,90.72816292,0.010260372,131.0003916,9.13649115,2239,1119,0.006129165,50.2980413,100596,45.26823563,0.000172787,551.0315552,792.7368774,0.253126442,0.492432117,6.25711298,12.17258739,F070802060603_200,108,070802060603
4359,543.5731921,3822.057853,159_7_2,1.947249413,0.944048285,283.2144775,524.8908691,65,200.043808,100,1333.625366,6.581703186,76.72162628,0.925167322,0.264333516,168.0780921,0.019007811,144.2242381,11.1474099,2857,1430,0.007832624,29.49789625,58995,26.54810707,0.000101333,483.2583008,724.9346924,0.198052078,0.337942868,10.66797256,18.20311737,F070801030603_624,104,070801030603
4362,542.8989399,3821.378227,138_12_1,1.964837909,0.943880439,283.1641235,524.7975464,79,243.0869751,100,1620.579834,6.641151905,77.41461182,0.925002813,0.264286518,77.86791091,0.008806017,135.2502708,12.11359596,1878,940,0.005148718,94.16654155,188333,84.74988587,0.000323487,526.2510986,767.8845215,0.301238418,0.559841573,3.341174126,6.209460735,F070802060602_181,108,070802060602
4364,543.9568682,3821.203403,556_5_1,1.955045342,0.943837225,283.1511536,524.7734985,84,258.4603577,100,1723.069092,6.608053207,77.02878571,0.924960494,0.264274418,27.81733552,0.003145839,135.2504539,12.12992764,700,350,0.001917076,17.40720835,34814,15.66648817,5.97983E-05,541.6115112,783.2338867,0.809003294,1.54746151,18.07368469,34.57134247,F070802060501_19,108,070802060501
4367,543.3645958,3820.797275,129_9_1,1.8920964,0.943736911,283.1210632,524.7177124,86,264.5860901,100,1763.907227,6.395285606,74.54859924,0.924862146,0.264246345,62.44475627,0.007061825,137.3747559,12.28734875,1612,807,0.004420229,38.37782538,76755,34.54004323,0.000131838,547.7071533,789.303833,0.350831538,0.678695381,8.196893692,15.85716438,F070801030407_153,108,070801030407
4378,543.9873945,3819.132768,416_1_1,1.951254845,0.943325818,282.9977417,524.4891357,86,264.4708252,100,1763.138794,6.595241547,76.87944031,0.924459279,0.264131218,28.91622591,0.003270112,131.0012398,11.79871488,655,328,0.001796574,22.25260305,44506,20.0273428,7.64435E-05,547.4685669,788.9599609,0.862797976,1.66911149,14.1305685,27.33605576,F070802060601_144,108,070802060601
4383,540.9168977,3818.661325,498_9_1,1.934235811,0.94320935,282.9627991,524.4243774,78,239.8393707,100,1598.929199,6.537716866,76.20889282,0.924345136,0.264098614,76.63890719,0.00866703,130.9958191,11.79833269,1884,942,0.005159673,54.94236946,109885,49.44813156,0.000188741,522.8021851,764.2637329,0.300385147,0.554991722,5.722416401,10.57273865,F070802060704_471,108,070802060704
4396,542.6783194,3817.336988,159_19_2,1.925702929,0.94288224,282.8646851,524.2425537,67,205.9443054,100,1372.962036,6.508875847,75.87269592,0.924024582,0.264007032,41.63983969,0.004709015,146.1084747,10.04258379,463,231,0.00126527,9.072973356,18146,8.165675923,3.1168E-05,488.8089905,730.1868896,1.224522471,2.116056204,34.64069366,59.86142349,F070801030603_629,108,070801030603
4404,542.0315804,3816.838741,578_9_1,1.894122839,0.942759156,282.8277588,524.1740723,75,230.5046082,100,1536.697388,6.402135372,74.62844086,0.923904002,0.263972551,119.9929511,0.013569903,130.9998093,11.79861426,2925,1462,0.0080079,179.9510107,359901,161.9559125,0.000618179,513.3323975,754.6787109,0.193452641,0.351116538,1.746325612,3.169581175,F070802060501_241,108,070802060501
4406,541.2124779,3816.66128,496_33_2,1.863248587,0.942715347,282.8146057,524.1497192,86,264.2995605,100,1761.99707,6.297780037,73.41199493,0.923861027,0.263960302,101.6502346,0.01149554,145.1658325,12.93466043,2643,1322,0.007241069,87.85870513,175717,79.07283596,0.000301818,547.1141357,788.4492798,0.213929355,0.413853347,3.576634169,6.91911602,F070802060502_340,108,070802060502
4437,541.8991525,3814.627205,37_1_1,1.924409747,0.942212939,282.6638794,523.8704224,54,165.8670502,100,1105.780273,6.504505157,75.82174683,0.923368692,0.263819635,200.0000023,0.022617834,140.6849559,10.82156458,3040,1520,0.008325587,52.05681605,104114,46.85113334,0.000178829,448.5309448,689.7374878,0.185963079,0.295086145,6.033234596,9.573534966,F070801030403_327,104,070801030403
4439,539.838064,3814.344003,425_22_1,1.885341406,0.942142963,282.6428833,523.8314819,78,239.5681152,100,1597.120728,6.372454166,74.28244781,0.923300087,0.263800025,80.23019582,0.009073166,139.5008011,12.46122026,1695,848,0.004644801,102.4655312,204931,92.21897657,0.000351996,522.2109985,763.3995972,0.333305299,0.615814865,3.064910173,5.66272831,F070801030302_188,108,070801030302
4447,542.706784,3812.999155,130_6_1,1.935556412,0.941810787,282.5432434,523.6467896,81,248.6945496,100,1657.963623,6.542180538,76.26092529,0.922974586,0.263707012,45.15653805,0.005106715,130.9998016,11.79861355,1120,560,0.003067321,59.82971382,119660,53.84674239,0.000205531,531.237793,772.3413086,0.504541516,0.948638916,5.247174263,9.865736961,F070801030407_197,108,070801030407
4449,539.6991771,3812.936702,686_16_1,1.898981094,0.941795349,282.5386047,523.6381836,70,214.9176941,100,1432.784668,6.418556213,74.81985474,0.922959447,0.263702691,53.80857871,0.006085167,145.9602081,12.97783833,1443,720,0.003943699,117.9862042,235973,106.1875851,0.000405313,497.4562988,738.5559082,0.392414719,0.690911531,2.660749912,4.684693813,F070801030408_113,108,070801030408
4455,541.9572265,3812.320671,425_27_1,1.943349361,0.941643178,282.4929504,523.5535889,78,239.4411011,100,1596.274048,6.568521023,76.56796265,0.922810316,0.263660103,200.0000004,0.022617833,140.7205541,12.5882966,5155,2578,0.014120633,265.3995221,530799,238.8595676,0.000911717,521.934082,762.9946899,0.109578334,0.202456981,1.182673812,2.185108662,F070801030302_14,108,070801030302
4457,542.1996582,3812.088077,136_3_1,1.88696146,0.941585779,282.4757385,523.5216675,83,254.7740479,100,1698.493652,6.377929688,74.34628296,0.922754049,0.26364401,115.4096569,0.013051582,132.2133004,11.88854095,2867,1433,0.007849056,42.07933157,84158,37.87139837,0.000144554,537.2497559,778.2957153,0.197121933,0.37491259,7.458814621,14.18616104,F070801030603_786,104,070801030603
4483,542.9216619,3809.760051,174_1_2,1.906180143,0.941010714,282.3032227,523.2019653,65,199.4001465,100,1329.334351,6.442888737,75.10350037,0.922190487,0.263482988,199.9999974,0.022617833,135.2496541,12.11355082,4003,2000,0.010954719,46.72589761,93452,42.05330861,0.000160516,481.7033691,722.6021118,0.141151607,0.240851685,6.712985039,11.45458889,F070801030603_747,108,070801030603
4505,540.9378816,3807.473058,493_11_2,1.912275195,0.94044584,282.1337585,522.8878784,78,239.1365662,100,1594.243774,6.463490009,75.34364319,0.921636939,0.263324827,45.91714031,0.005192731,141.2003784,12.61010075,1231,616,0.003374053,24.48413944,48969,22.03572631,8.41094E-05,521.2703247,762.0244141,0.458009362,0.84621805,12.80346966,23.65569115,F070802060501_294,108,070802060501
4514,539.8763716,3806.705943,185_1_1,1.772865653,0.940256357,282.0769043,522.7825317,78,239.0880127,100,1593.920044,5.992285728,69.85090637,0.921451211,0.263271779,99.33595175,0.01123382,132.6988098,11.92452183,2387,1194,0.006539967,100.0640473,200128,90.05764012,0.000343746,521.164917,761.8705444,0.236245319,0.436486542,3.132181883,5.787014961,F070802060602_201,108,070802060602
4526,538.9562602,3805.923341,686_22_2,1.850941539,0.940063059,282.0189209,522.6750488,70,214.5223846,100,1430.14917,6.256182194,72.92709351,0.921261787,0.263217658,74.34656954,0.008407792,135.7231827,10.3870936,1911,955,0.005230878,67.2058509,134412,60.48526484,0.00023087,496.5413208,737.1974487,0.295307785,0.519938529,4.662605286,8.209294319,F070801030408_113,108,070801030408
4536,539.9571351,3805.344792,92_7_1,2.009432793,0.939920187,281.9760437,522.5956421,78,239.0028992,100,1593.352661,6.791882992,79.17165375,0.921121776,0.263177663,56.15544859,0.006350573,133.1258049,11.9561584,1429,715,0.003916312,62.30248577,124605,56.0722361,0.000214025,520.9789429,761.5985107,0.394372076,0.728641868,5.028799534,9.291210175,F070801030406_677,108,070801030406
4540,538.9966326,3805.081506,432_2_2,1.919640183,0.939855158,281.956543,522.5594482,79,242.0500793,100,1613.667236,6.48838377,75.63381958,0.921058059,0.263159454,22.4702067,0.002541137,138.5563711,12.40805817,562,281,0.001539138,8.252284728,16504,7.42705635,2.83488E-05,524.0065918,764.6094971,1.003404021,1.864792109,37.96343231,70.55374146,F070801030606_65,108,070801030606
4565,541.6533274,3802.827815,528_5_2,1.902335525,0.939298451,281.7895203,522.249939,77,235.7824402,100,1571.882935,6.42989397,74.95201874,0.920512497,0.263003558,64.58267665,0.007303601,131.0007477,11.79868031,1522,761,0.004168271,87.65112245,175303,78.88600874,0.000301105,517.5719604,758.0323486,0.370288461,0.680120826,3.572110176,6.561010838,F070802060502_104,108,070802060502
4568,538.3932163,3802.722014,49_1_2,1.880286455,0.939272344,281.7817078,522.2354126,77,235.7761383,100,1571.840942,6.355368137,74.0832901,0.920486927,0.262996256,28.85358343,0.003263028,130.9984512,11.79851818,716,358,0.001960895,9.48421786,18968,8.535796165,3.25808E-05,517.5578613,758.0115356,0.787099719,1.445692301,33.01176453,60.63381195,F070801030601_302,104,070801030601
4573,540.143326,3802.407398,59_1_2,1.907844424,0.93919462,281.7583923,522.1921997,78,238.8184204,100,1592.122803,6.448513985,75.16906738,0.920410752,0.262974501,35.92981985,0.004063273,139.5000534,12.46116352,805,402,0.002201899,13.27276856,26544,11.9454918,4.55954E-05,520.5767822,761.0106201,0.700891495,1.294967175,23.58700562,43.57934952,F070801030202_169,104,070801030202
4604,535.0141621,3799.233228,97_4_1,1.936064482,0.93841058,281.5231628,521.7562866,82,250.8556824,100,1672.371216,6.543898106,76.28093719,0.919642389,0.262754977,61.57706253,0.006963699,139.5000992,8.690773447,1516,758,0.004151839,48.61618805,97232,43.75457001,0.000167009,532.3788452,772.6119385,0.371402591,0.702346742,6.434143066,12.16738796,F070801030406_706,108,070801030406
4606,542.0318207,3799.039303,194_24_1,1.877725601,0.938362718,281.5088196,521.7296753,70,214.1341858,100,1427.561279,6.346712589,73.98239136,0.91959548,0.262741566,156.8146539,0.017734038,134.4001099,12.05712366,3882,1942,0.010637032,297.0355821,594072,267.3320175,0.001020395,495.6430054,735.8638916,0.144958198,0.255222976,1.053030729,1.854035378,F070801030408_31,108,070801030408
4621,538.3409232,3797.627264,612_2_2,1.961220145,0.938013911,281.4041748,521.5357056,69,210.9964752,100,1406.643188,6.628923893,77.27207184,0.919253647,0.262643903,29.2577214,0.003308731,145.1763382,12.88900757,460,230,0.001259793,9.324943742,18650,8.392449475,3.20336E-05,492.4006348,732.5321655,1.223496437,2.14087224,33.53063583,58.67186356,F070802060804_167,108,070802060804
4624,539.3531625,3797.480946,106_20_1,1.899985433,0.937977791,281.3933411,521.515625,54,165.1216125,100,1100.810791,6.421950817,74.85942841,0.919218242,0.262633771,89.07133771,0.010073003,139.2160136,10.83102245,2331,1163,0.006370169,36.22257179,72445,32.6003146,0.000124434,446.5149536,686.637207,0.241954714,0.383933753,8.631614685,13.69664574,F070801030404_12,104,070801030404
4646,539.6532018,3796.241872,533_6_1,1.921417832,0.937671721,281.3015137,521.345459,79,241.4877167,100,1609.918091,6.494392395,75.70386505,0.918918312,0.262548089,199.9999981,0.022617833,131.0020638,11.79877293,4962,2478,0.013572897,79.54878281,159096,71.59390492,0.000273271,522.7892456,762.8331909,0.113519579,0.21097225,3.929126501,7.302147388,F070802060501_380,108,070802060501
4684,536.9175336,3793.290463,836_62_1,1.908138514,0.936942756,281.0828247,520.9401855,92,281.0079041,100,1873.385986,6.44950819,75.18065643,0.91820389,0.262343973,80.4619123,0.009099371,145.3086243,12.95317936,2136,1068,0.00584982,123.5431672,247087,111.1888481,0.000424403,562.0906982,801.9481201,0.263186157,0.526302159,2.527976751,5.055279255,F070802060302_93,108,070802060302
4693,539.0825738,3792.368118,169_2_1,1.94718945,0.936714947,281.0144958,520.8135376,72,219.8657379,100,1465.771606,6.58150053,76.71926117,0.917980671,0.262280196,21.78859221,0.002464054,135.2489319,12.11350346,524,262,0.001435068,7.816044837,15633,7.034440461,2.68502E-05,500.880249,740.6792603,1.072574377,1.911756635,39.94837952,71.20399475,F070801030603_515,108,070801030603
4700,539.7861448,3791.81646,119_25_1,1.886034012,0.936578691,280.9736023,520.7377319,78,238.1533508,100,1587.688965,6.37479496,74.30973816,0.917847097,0.262242019,175.4705312,0.019843816,138.4183239,12.38878571,4474,2237,0.012252853,80.65540609,161311,72.58986665,0.000277072,519.1269531,758.8911133,0.125602856,0.232063904,3.870700121,7.151507378,F070801030406_73,104,070801030406
4703,538.4238068,3791.617424,463_2_2,1.86021626,0.936529517,280.9588623,520.7103882,78,238.1407318,100,1587.604858,6.287530899,73.29251862,0.917798936,0.262228251,65.70566937,0.007430599,147.0562286,13.08176327,1734,867,0.004748871,23.10875195,46218,20.79787695,7.93846E-05,519.0996094,758.8511353,0.324058652,0.598730803,13.50901604,24.95925903,F070801030301_481,108,070801030301
4755,539.6718764,3787.134166,434_27_1,1.965852499,0.935422122,280.6266479,520.0947266,59,179.9189148,100,1199.459473,6.644581318,77.45458984,0.916713655,0.261918187,200.000001,0.022617833,139.1938723,10.94174339,4240,2120,0.011612002,361.4157677,722833,325.2741866,0.001241558,460.5455627,700.0136719,0.132371053,0.217238471,0.862738788,1.415868759,F070801030303_586,108,070801030303
4759,537.7368716,3786.861632,107_11_2,1.899459004,0.935354829,280.6064453,520.057312,54,164.6598663,100,1097.732422,6.420171261,74.83868408,0.916647732,0.261899352,199.9999993,0.022617833,135.4629774,12.15927368,4939,2469,0.013523601,60.60025721,121202,54.54023134,0.000208178,445.2662964,684.7171631,0.113651864,0.180342764,5.144944191,8.16399765,F070801030404_103,104,070801030404
4768,538.0575555,3786.097049,161_7_1,1.953158736,0.935165942,280.5497742,519.9522705,86,262.1831055,100,1747.887329,6.601676464,76.95445251,0.9164626,0.261846453,74.26266765,0.008398303,130.9997864,11.79861259,1842,920,0.005039171,34.34999067,68700,30.91499257,0.000118001,542.7329102,782.135376,0.304945409,0.589927077,9.074877739,17.55565453,F070802060602_310,108,070802060602
4771,538.7549251,3785.966953,416_7_2,1.929911971,0.935133815,280.5401306,519.9343872,86,262.1741638,100,1747.827759,6.523102283,76.03852844,0.916431129,0.261837482,47.77338222,0.005402652,131.0012436,11.79871511,1184,592,0.003242597,32.47287162,64946,29.22558462,0.000111553,542.7142944,782.1085205,0.473885357,0.916747093,9.599127769,18.56983566,F070802060601_144,108,070802060601
4780,536.7583773,3785.19729,136_4_2,1.843631148,0.934943736,280.4831238,519.8287354,78,237.7374878,100,1584.916626,6.231473446,72.6390686,0.916244864,0.261784256,200.000001,0.022617833,133.9955917,12.03212502,5059,2529,0.013852242,84.33286615,168663,75.89957935,0.000289705,518.2205811,757.5662231,0.110906735,0.204911262,3.695450306,6.82771349,F070801030603_520,104,070801030603
4801,537.6112378,3783.147017,581_5_2,1.961567283,0.934437335,280.3312073,519.5471802,68,207.1455078,100,1380.970093,6.630097389,77.28575134,0.915748596,0.261642456,31.28452682,0.003537941,131.0010579,11.79870224,776,388,0.002125216,16.05709481,32114,14.45138502,5.51603E-05,487.4767151,726.692688,0.722503126,1.2563833,19.39822388,33.73217773,F070801010301_132,108,070801010301
4816,537.153816,3782.106372,578_6_1,1.950690269,0.93418026,280.2540894,519.4042358,79,240.5886688,100,1603.924438,6.593333244,76.85719299,0.915496647,0.261570483,22.21986389,0.002512826,139.499588,12.42849159,581,290,0.001588434,72.34654236,144693,65.11188507,0.000248529,520.8427734,759.9929199,0.966393411,1.796009541,4.304192543,7.999196529,F070802060501_123,108,070802060501
4817,537.04591,3782.079356,556_15_1,1.865576863,0.934173584,280.2520752,519.4005127,79,240.5870667,100,1603.913818,6.305649757,73.50373077,0.915490091,0.261568606,199.9999953,0.022617833,130.9994659,11.79858983,4961,2480,0.013583852,158.5637917,317128,142.7074165,0.000544708,520.8391113,759.9875488,0.113004871,0.210015774,1.963822722,3.649698973,F070802060501_261,108,070802060501
4831,536.6129981,3780.815072,135_4_2,1.895219684,0.933861315,280.1583862,519.2268677,76,231.3734741,100,1542.489868,6.405842304,74.67165375,0.915184081,0.261481166,42.15746492,0.004767553,130.9991646,11.79856873,1047,524,0.002870136,20.74003169,41480,18.66602868,7.12474E-05,511.5318604,750.6003418,0.534653425,0.976205826,15.00899792,27.40442848,F070801030603_519,104,070801030603
4846,536.4980676,3779.759804,159_13_2,1.90384233,0.933600664,280.0802002,519.0819702,58,176.525177,100,1176.834473,6.434987068,75.01139069,0.914928675,0.26140818,108.8976059,0.012315139,140.2083549,12.50087738,2877,1438,0.007876443,39.76317739,79525,35.78686023,0.000136597,456.6053772,695.6071777,0.194770649,0.317528069,7.826341629,12.75902271,F070801030603_613,104,070801030603
4847,536.4879895,3779.459133,159_13_1,1.90384233,0.933526397,280.0579224,519.0406494,58,176.5111542,100,1176.740967,6.434987068,75.01139069,0.914855897,0.261387378,97.02490807,0.010972466,138.2261086,12.36191463,2505,1254,0.006868609,37.95620632,75912,34.16058493,0.000130389,456.5690918,695.5518188,0.223331675,0.364090174,8.19827652,13.36537647,F070801030603_613,104,070801030603
4862,538.1832502,3778.270906,545_10_1,1.962331176,0.933232903,279.9698792,518.8775024,70,212.9637451,100,1419.758301,6.632679462,77.3158493,0.914568245,0.261305213,59.78390127,0.006760912,149.8888041,13.37546666,1585,792,0.004338069,102.5225574,205046,92.27030098,0.000352192,492.9336243,731.8412476,0.353497326,0.622390926,3.034236193,5.342278481,F070801010301_201,108,070801010301
4869,535.5378179,3777.795053,37_10_2,1.877093196,0.933115363,279.9346008,518.8121338,56,170.3495026,100,1135.66333,6.344574928,73.95747375,0.91445303,0.261272311,52.87232711,0.005979287,149.7000793,11.21401317,1353,676,0.003702695,20.73319767,41467,18.65987801,7.1224E-05,450.2841187,689.1616211,0.414104432,0.66610074,15.00195217,24.13113976,F070801030403_101,104,070801030403
4887,536.7580773,3776.046399,96_5_1,1.881919861,0.932683468,279.8050537,518.5720215,78,237.1627502,100,1581.084961,6.360888958,74.14764404,0.914029777,0.261151373,199.9999983,0.022617833,135.1935425,12.12115224,4821,2410,0.013200437,178.6679086,357335,160.8011178,0.000613771,516.9677734,755.7347412,0.116101682,0.214509442,1.740069032,3.214951277,F070801030406_872,104,070801030406
4888,536.2159242,3776.024613,703_25_2,1.933392406,0.932678103,279.8034363,518.5690308,78,237.161377,100,1581.075806,6.534866333,76.17565918,0.914024532,0.261149883,199.9999982,0.022617833,137.5816322,12.30713808,5090,2545,0.01393988,131.5767107,263154,118.4190383,0.000452,516.9648438,755.7304077,0.109942414,0.203129604,2.362824678,4.365555286,F070801030303_221,108,070801030303
4889,536.4259062,3776.006067,34_5_2,1.936983585,0.932673514,279.802063,518.5664673,79,240.2005157,100,1601.336792,6.5470047,76.31715393,0.914020061,0.261148572,139.0689884,0.015727196,135.5331726,12.17444817,2995,1497,0.008199607,39.10251354,78206,35.19226256,0.000134327,520.0025635,758.7669678,0.186908528,0.347363114,7.950669765,14.77604771,F070801030403_160,104,070801030403
4897,533.382818,3775.326863,797_111_1,1.94111228,0.932505727,279.751709,518.4732056,8,22.11835289,100,147.4556885,6.560959339,76.47982025,0.913855612,0.261101604,199.9999995,0.022617833,132.4176661,9.215260476,1435,717,0.003927267,9.323934697,18648,8.391541272,3.20302E-05,301.8700562,540.5915527,0.39016974,0.421018213,33.33734512,35.9731369,F070802060803_108,108,070802060803
4899,536.5906462,3775.190552,112_12_1,1.992747664,0.93247205,279.7416077,518.4544678,48,145.9132233,100,972.7548218,6.735486984,78.51425934,0.913822591,0.261092186,48.29641342,0.005461801,130.9990082,11.79855728,870,435,0.002382651,16.83918858,33678,15.15526962,5.7847E-05,425.6548462,664.3676758,0.643084168,0.978516877,18.45837212,28.08625984,F070801030404_81,104,070801030404
4900,533.8158505,3775.179486,92_5_2,1.972468495,0.932469308,279.7407837,518.4529419,78,237.1082916,100,1580.721924,6.66694355,77.71525574,0.913819909,0.261091411,38.11740998,0.004310666,139.9670258,12.54217739,994,497,0.002722248,23.41080141,46822,21.06972086,8.04222E-05,516.8490601,755.5612183,0.562858701,1.039937735,13.27690983,24.5304184,F070801030406_385,108,070801030406
4903,538.1430608,3774.942481,159_7_1,1.947249413,0.932410777,279.7232361,518.4204102,65,197.577652,100,1317.184326,6.581703186,76.72162628,0.913762569,0.26107502,199.9999994,0.022617833,137.2343986,11.35181327,4688,2347,0.012855363,89.30737158,178614,80.3766377,0.000306794,477.3009033,715.9980469,0.119183317,0.203366384,3.480155945,5.938303947,F070801030603_624,104,070801030603
4911,533.9860706,3774.508508,54_22_2,1.832121611,0.932303607,279.6910706,518.3607788,78,237.0661621,100,1580.44104,6.192571163,72.18559265,0.913657546,0.261045009,27.03464085,0.003057325,130.9999237,11.79862213,670,335,0.001834915,11.37588051,22752,10.23829217,3.90791E-05,516.7572021,755.4269409,0.83489871,1.542558789,27.31813812,50.47298813,F070801030405_115,104,070801030405
4925,539.1534986,3773.801989,27_10_2,1.946990609,0.932129085,279.6387329,518.2637939,70,212.711853,100,1418.078979,6.58082819,76.71143341,0.913486481,0.260996133,21.08573914,0.002384569,131.0003662,11.7986536,523,262,0.001435068,15.34776783,30696,13.81299114,5.27236E-05,492.3505859,730.975647,1.067323446,1.879200697,20.24461746,35.6440239,F070801030202_256,104,070801030202
4926,536.0163963,3773.762451,159_14_1,1.913941979,0.93211931,279.6358032,518.2583618,65,197.5160828,100,1316.773926,6.46912384,75.40931702,0.913476944,0.260993421,47.0120182,0.00531655,145.4507523,12.92509842,1258,629,0.003445259,19.82096481,39642,17.83886814,6.80902E-05,477.151886,715.7744141,0.444572031,0.758588076,15.67564678,26.74787903,F070801030603_624,104,070801030603
4933,532.3047499,3773.394402,525_11_2,1.798858166,0.932028413,279.6085205,518.2078247,84,255.2264099,100,1701.509399,6.080140591,70.87501526,0.913387835,0.26096797,25.02888051,0.002830495,144.2215322,12.87168407,649,324,0.001774664,10.44906085,20899,9.404154912,3.58953E-05,534.8349609,773.4342041,0.862989247,1.650725245,29.73244476,56.8721962,F070802060502_61,108,070802060502
4937,536.357832,3773.286324,474_7_1,1.854174018,0.93200171,279.6005249,518.1929321,77,233.9497528,100,1559.665039,6.267107964,73.05445862,0.913361669,0.26096049,87.49085751,0.009894268,133.9136353,12.03042425,2242,1120,0.006134643,47.33907303,94678,42.60516569,0.000162622,513.550293,752.1427002,0.249643326,0.458527058,6.562596798,12.05370998,F070801030301_36,108,070801030301
4938,536.6016995,3773.200935,493_15_2,1.892427087,0.93198061,279.5941772,518.1812134,78,236.9835205,100,1579.890137,6.39640379,74.56163025,0.913340986,0.260954559,200.0000039,0.022617834,134.5888507,12.08620739,5122,2559,0.014016563,108.1673641,216336,97.35062728,0.000371583,516.5776978,755.1647339,0.109259158,0.201867014,2.872032642,5.306362152,F070802060501_531,108,070802060501
4965,535.7191871,3771.158664,458_13_2,1.941445231,0.931476176,279.4428406,517.9007568,78,236.8557892,100,1579.038574,6.562084675,76.49294281,0.912846625,0.260813326,200.0000014,0.022617833,132.4156113,10.71026414,3627,1815,0.009941408,225.1551743,450310,202.6396576,0.000773467,516.298645,754.7565308,0.153963,0.284462065,1.379013538,2.547865868,F070802060801_104,108,070802060801
4970,536.3006658,3770.942179,493_18_1,1.899731994,0.93142271,279.4268188,517.8710327,85,258.0967102,100,1720.644775,6.421093941,74.84944153,0.912794232,0.260798365,172.7952668,0.019541273,137.2339447,12.26627655,4452,2226,0.012192602,100.0992366,200199,90.0893129,0.000343867,537.5235596,775.9677734,0.125528663,0.24147509,3.101664543,5.966562748,F070802060501_322,108,070802060501
4972,538.1810246,3770.93284,137_8_2,1.896478415,0.931420386,279.4261169,517.869751,78,236.8415375,100,1578.943604,6.410097122,74.72125244,0.912791967,0.260797709,20.24708344,0.002289726,131.0005798,11.79866886,499,250,0.00136934,19.0316124,38063,17.12845039,6.53786E-05,516.2676392,754.7113037,1.117704511,2.065070629,16.31356621,30.14094162,F070802060602_66,108,070802060602
4987,536.2178318,3770.000061,69_8_2,1.939433455,0.931190014,279.3569946,517.7416382,56,169.9980316,100,1133.32019,6.555284977,76.41368103,0.912566185,0.260733217,30.93872614,0.003498835,130.9995651,11.79859686,762,381,0.002086874,10.24797556,20496,9.223177955,3.52045E-05,449.3550415,687.7396851,0.733220458,1.179409504,30.28858376,48.72019577,F070801030405_626,104,070801030405
5024,535.503239,3766.41096,107_2_2,1.937640429,0.930303514,279.0910645,517.2487793,59,178.9345093,100,1192.896729,6.549224854,76.34303284,0.911697447,0.260484993,134.275462,0.0151851,132.213307,11.88854408,3245,1624,0.008895232,47.72262209,95445,42.95035849,0.00016394,458.0255737,696.1832886,0.171854109,0.28203544,6.497991562,10.66406918,F070801030404_124,104,070801030404
5029,533.6871937,3765.814706,507_6_2,1.928160787,0.930156231,279.046875,517.1668701,84,254.7139893,100,1698.093262,6.517183304,75.96953583,0.911553085,0.260443747,105.2798188,0.011906007,133.1241817,11.95604241,2198,1100,0.006025096,58.30527597,116611,52.47474827,0.000200294,533.7608643,771.8808594,0.253678977,0.485237151,5.317736149,10.17176628,F070802060501_102,108,070802060501
5041,537.8956203,3765.056568,416_1_2,1.951254845,0.929968953,278.9906921,517.0627441,86,260.7260742,100,1738.173828,6.595241547,76.87944031,0.911369562,0.260391295,80.36006689,0.009087853,130.999472,11.79859028,1993,996,0.00545545,55.0172801,110034,49.51555204,0.000188999,539.7167969,777.7888184,0.280111134,0.541884363,5.634405136,10.89994526,F070802060601_144,108,070802060601
5051,538.3320908,3764.569451,404_6_1,1.9290694,0.929848671,278.9545898,516.9958496,92,278.8802185,100,1859.201416,6.520254612,76.00533295,0.911251724,0.260357618,164.6965834,0.018625399,135.2506294,9.933952022,4011,2005,0.010982106,127.2226808,254445,114.5004108,0.000437043,557.8348389,795.8760986,0.139129475,0.278221875,2.436275959,4.871902466,F070802060601_242,108,070802060601
5052,535.8260282,3764.499846,581_11_1,1.86993432,0.929831445,278.9494324,516.9862671,86,260.6875305,100,1737.91687,6.320377827,73.67541504,0.911234796,0.26035279,199.9999999,0.022617833,143.87163,12.85506153,5425,2713,0.014860076,219.8969843,439795,197.907286,0.000755404,539.6369629,777.6738281,0.102819547,0.198907837,1.409495473,2.726716042,F070801010301_114,108,070801010301
5060,536.1702075,3763.809875,542_7_2,1.814239025,0.929661036,278.8983154,516.8915405,73,221.2405243,100,1474.936768,6.132127762,71.48101807,0.911067843,0.260305077,52.74058485,0.005964389,130.9999466,11.79862404,1295,648,0.003549329,49.02069116,98041,44.11862129,0.000168399,500.138855,738.1320801,0.430398643,0.771819234,6.321555614,11.33623028,F070802060502_76,108,070802060502
5064,534.7106851,3763.707283,166_46_1,1.846249461,0.929635704,278.8907166,516.8774414,78,236.3877716,100,1575.918457,6.240323067,72.74222565,0.911042988,0.260297984,27.50172116,0.003110147,138.1405914,12.37564697,698,348,0.001906121,18.09464152,36189,16.28517787,6.21598E-05,515.2785034,753.2651978,0.801410079,1.480685353,17.12543297,31.64095116,F070802060406_122,108,070802060406
5066,533.6881444,3763.299853,519_6_1,1.948033214,0.929535091,278.8605347,516.8215332,52,157.5747528,100,1050.498291,6.584352493,76.75251007,0.910944402,0.260269821,47.28123329,0.005346995,134.399234,12.06358604,1192,595,0.003259029,54.72212015,109445,49.24990737,0.000187985,436.4353027,674.3963013,0.46867317,0.733504713,5.662153721,8.861647606,F070801010301_273,108,070801010301
5070,536.6345603,3762.918187,556_9_2,1.85454011,0.929440796,278.8322449,516.769104,84,254.5178375,100,1696.785645,6.268345356,73.06887817,0.910851955,0.260243416,137.7044046,0.015572876,133.5512375,11.00837095,3401,1699,0.009306034,69.4521072,138904,62.50689585,0.000238586,533.3500977,771.2869263,0.164115503,0.313920021,4.460823536,8.532660484,F070802060501_193,108,070802060501
5075,535.5121473,3762.693957,138_1_2,1.89791584,0.929385424,278.8156128,516.7382813,79,239.3536987,100,1595.691284,6.414955616,74.77788544,0.910797715,0.260227919,199.9999998,0.022617833,131.5970218,11.84361443,4876,2438,0.013353803,226.3841935,452770,203.7457786,0.000777689,518.1693115,756.09198,0.114362434,0.212538689,1.368448496,2.543215036,F070802060602_107,108,070802060602
5080,536.2933375,3762.378323,425_30_2,1.855917096,0.929307461,278.7922363,516.6949463,70,212.0677795,100,1413.785156,6.272999763,73.1231308,0.910721302,0.260206103,26.08808107,0.002950279,136.6650645,12.24018669,647,323,0.001769187,22.967445,45935,20.67070068,7.88992E-05,490.8600159,728.7626953,0.863133848,1.519690394,13.48731422,23.74665642,F070801030302_181,108,070801030302
5091,537.1738687,3762.024949,593_4_1,1.972135067,0.92922014,278.7660522,516.6464233,69,209.0184937,100,1393.456665,6.665816307,77.70211792,0.91063571,0.260181636,72.4360833,0.008191736,131.0001068,11.7986351,1797,899,0.004924146,30.76313599,61525,27.68682232,0.000105679,487.7845459,725.664917,0.310084611,0.542585731,10.0685463,17.61793137,F070802060802_57,108,070802060802
5100,535.0856654,3761.606865,459_9_1,1.90632236,0.929116905,278.7350769,516.5889893,63,190.8219757,100,1272.146484,6.443369389,75.10910034,0.910534561,0.260152727,87.51783946,0.009897319,151.399704,8.512902021,2398,1199,0.006567354,36.47355545,72947,32.82620077,0.000125296,469.5570679,707.4109497,0.232472956,0.391623914,8.49123764,14.3043375,F070801030303_57,108,070801030303
5102,535.023993,3761.391575,161_22_2,1.804107904,0.929063737,278.7191162,516.5594482,86,260.4722595,100,1736.481689,6.097884655,71.08184814,0.910482466,0.260137856,45.15641689,0.005106702,130.9968147,11.79840279,1110,555,0.003039935,43.01574582,86032,38.71417153,0.00014777,539.1914063,777.0317383,0.50219661,0.971516073,7.199408054,13.92749405,F070802060602_194,108,070802060602
5108,534.9967357,3760.692218,93_25_1,1.90683043,0.928891003,278.6672974,516.4633789,78,236.1983032,100,1574.655396,6.445086956,75.12911987,0.910313189,0.260089487,23.19095421,0.002622646,131.0010834,11.79870415,575,288,0.00157748,12.00059223,24001,10.80053329,4.12252E-05,514.8656006,752.6616821,0.967594802,1.787727833,25.80125427,47.67038727,F070801030406_424,108,070801030406
5115,533.3922486,3760.165265,499_2_2,1.912991285,0.928760827,278.6282349,516.3909912,78,236.1652985,100,1574.435303,6.465910435,75.37185669,0.910185635,0.260053039,84.42027694,0.009547019,131.0010529,11.79870176,2095,1046,0.005729318,75.25767487,150516,67.73190767,0.00025853,514.7935181,752.5562744,0.266374975,0.492154419,4.113692284,7.600458145,F070802060704_476,108,070802060704
5120,535.1958583,3759.967209,525_3_2,1.924477458,0.928711891,278.6135559,516.3638306,74,224.0424652,100,1493.616455,6.504734039,75.82440948,0.910137653,0.26003933,26.64193695,0.003012914,143.7491646,10.48352478,731,365,0.001999236,10.01413057,20029,9.012717417,3.44012E-05,502.6560059,740.406311,0.763324797,1.377139688,30.91337967,55.77185822,F070802060502_4,108,070802060502
5127,535.4729107,3759.372187,578_4_1,1.973205209,0.928564906,278.569458,516.2821045,79,239.1421814,100,1594.28125,6.669433594,77.74428558,0.909993589,0.259998173,196.0497568,0.022171104,134.6431798,12.07794516,4905,2453,0.013435963,267.9788766,535958,241.1809909,0.000920578,517.7116699,755.4243164,0.113562763,0.211052448,1.155022502,2.146569014,F070802060501_123,108,070802060501
5132,532.4810085,3758.952885,93_2_1,1.838017464,0.928461373,278.5384216,516.2245483,78,236.0891571,100,1573.927734,6.212499142,72.41788483,0.909892142,0.259969175,25.1590487,0.002845216,137.8001938,12.36238956,636,317,0.001736323,14.87021397,29740,13.38319292,5.10831E-05,514.6275635,752.3137207,0.878670096,1.623430848,20.81255341,38.45327377,F070801030406_424,108,070801030406
5140,535.1589114,3758.334327,459_9_2,1.90632236,0.928308606,278.4925842,516.1395874,61,184.6034088,100,1230.689453,6.443369389,75.10910034,0.909742415,0.259926409,50.54434055,0.005716017,137.8004608,9.542217106,1227,614,0.003363099,27.92219362,55843,25.12997455,9.592E-05,463.0960083,700.742981,0.453570992,0.754228055,11.08208752,18.42803383,F070801030303_4,108,070801030303
5159,534.4003111,3756.860391,723_39_2,1.846044183,0.927944541,278.3833618,515.9371948,77,232.9322052,100,1552.881348,6.239629269,72.73413849,0.909385622,0.259824485,199.9999999,0.022617833,142.4201038,12.71905195,5055,2526,0.01383581,205.4710091,410942,184.9239115,0.000705847,511.3155518,748.8693848,0.110207193,0.202421039,1.505394101,2.765005112,F070801010405_239,108,070801010405
5173,534.1750891,3755.5888,129_5_2,1.954168677,0.927630424,278.2891235,515.7625122,86,260.0703735,100,1733.80249,6.605090141,76.99424744,0.909077823,0.259736508,56.28438451,0.006365154,132.8885396,11.94094372,1393,697,0.00381772,13.98815866,27976,12.58934297,4.8053E-05,538.3594971,775.8328857,0.399267048,0.772395253,22.10513496,42.76311493,F070801030407_527,108,070801030407
5225,534.2178933,3752.075119,183_6_2,1.926562905,0.926762581,278.0287781,515.2799683,65,196.3809814,100,1309.206543,6.511782646,75.90657806,0.908227324,0.25949353,200.000001,0.022617833,137.9254727,11.00479946,5205,2603,0.014257567,48.7722825,97544,43.89505456,0.000167546,474.4097595,711.6609497,0.106810905,0.182255,6.33394289,10.80781841,F070801030603_456,108,070801030603
5230,532.6612118,3751.697947,194_10_1,1.885953426,0.926669419,278.000824,515.2282104,78,235.6334991,100,1570.890015,6.374522686,74.30656433,0.90813601,0.259467423,148.2960042,0.016770671,154.8002472,13.73760128,4288,2145,0.011748936,112.0473391,224095,100.842604,0.000384912,513.6343384,750.8616943,0.129604116,0.239456564,2.756779432,5.093425751,F070801030408_139,108,070801030408
5237,534.2642478,3751.402381,460_13_1,1.889483452,0.926596403,277.9789124,515.1876221,70,211.4493103,100,1409.662109,6.386454105,74.44564819,0.908064485,0.259446979,20.34588457,0.002300899,132.6993103,11.92455788,506,252,0.001380295,29.52268323,59044,26.57041534,0.000101418,489.4282227,726.6369629,1.103090882,1.942175508,10.46197128,18.42004395,F070801030303_370,108,070801030303
5246,533.5030268,3750.884747,21_1_1,1.901526213,0.926468551,277.9405518,515.1165161,78,235.5823822,100,1570.549194,6.427158833,74.9201355,0.907939196,0.259411186,200.0000012,0.022617833,125.3643066,11.5027894,4760,2379,0.013030638,264.7312951,529464,238.2581657,0.000909421,513.5229492,750.6989136,0.116830833,0.215856642,1.166552067,2.155321598,F070801030402_309,105,070801030402
5256,533.8106447,3749.788572,174_3_2,1.851672888,0.926197767,277.8593445,514.9659424,54,163.047821,100,1086.985474,6.258654594,72.95590973,0.907673836,0.259335369,43.42564327,0.00491097,134.3999329,12.05058193,1099,549,0.00300707,20.9889399,41978,18.89004582,7.21025E-05,440.9071655,678.0137939,0.506119013,0.803109586,14.70930004,23.34071541,F070801030603_747,108,070801030603
5259,529.6003363,3749.539265,130_2_1,1.862187266,0.926136196,277.8408508,514.9317017,86,259.6514282,100,1731.009521,6.294192791,73.37017822,0.907613456,0.259318143,82.08843175,0.009283312,134.2384971,12.05982535,2017,1009,0.005526656,51.83051413,103660,46.64746335,0.000178051,537.4923096,774.5831299,0.275362581,0.532698035,5.956183434,11.52243423,F070801030407_486,108,070801030407
5263,535.8423848,3749.334324,404_6_2,1.9290694,0.926085591,277.8256836,514.9035645,91,274.7322998,100,1831.548706,6.520254612,76.00533295,0.907563865,0.259303957,23.75320261,0.00268623,131.0008647,9.136516422,588,295,0.001615821,36.76914692,73538,33.09223151,0.000126312,552.5579834,789.6358643,0.941781998,1.873077869,8.395495415,16.69751358,F070802060601_242,108,070802060601
5266,533.539465,3748.848264,578_6_2,1.950690269,0.925965548,277.7896729,514.836853,79,238.4726868,100,1589.817871,6.593333244,76.85719299,0.907446265,0.25927034,47.52990127,0.005375117,144.3575156,12.83511897,1183,590,0.003231642,81.65546197,163310,73.48991662,0.000280508,516.2623291,753.3095703,0.470829964,0.875020921,3.779969931,7.024940968,F070802060501_123,108,070802060501
5270,534.1977924,3748.458701,545_5_2,1.908437967,0.925869286,277.7607727,514.7833252,70,211.2831421,100,1408.554321,6.450520515,75.19245911,0.907351911,0.259243399,199.9999992,0.022617833,135.2496395,10.90263159,5029,2515,0.013775559,235.8090823,471617,212.2281728,0.000810066,489.0439148,726.0664673,0.110441662,0.194450855,1.30878365,2.304330826,F070801010301_95,108,070801010301
5272,532.3666982,3748.324052,209_1_2,1.847983599,0.925836027,277.7507935,514.7648315,78,235.4213867,100,1569.475952,6.246184349,72.8105545,0.907319307,0.259234101,38.08863581,0.004307412,131.0006866,11.79867601,942,470,0.002574359,19.74289131,39486,17.76860208,6.7822E-05,513.1721802,750.1862183,0.590959132,1.091855645,15.63154984,28.88084221,F070802060601_116,108,070802060601
5273,532.2530559,3748.28818,556_11_1,1.874125957,0.925827205,277.7481689,514.7599487,84,253.5283813,100,1690.189209,6.334545612,73.84056091,0.907310665,0.259231627,48.17253295,0.005447792,134.7767893,9.349927992,1220,610,0.003341189,20.94280816,41886,18.84852687,7.1944E-05,531.2765503,768.2883301,0.455324858,0.870945156,14.73580265,28.18663597,F070802060501_80,108,070802060501
5274,530.1460147,3748.202926,686_19_2,1.883724332,0.925806105,277.7418213,514.7481689,70,211.2689514,100,1408.459717,6.366988182,74.21874237,0.907289982,0.259225696,33.00185418,0.003732152,130.9982834,11.79850674,819,410,0.002245717,43.68624544,87373,39.31762218,0.000150074,489.0107727,726.0170898,0.677419066,1.192709208,7.064054489,12.43744564,F070801030408_113,108,070801030408
5283,532.6057288,3747.67058,133_7_2,1.86932826,0.925674617,277.7023926,514.6751099,86,259.5221252,100,1730.147461,6.318329334,73.65153503,0.907161117,0.25918889,199.9999967,0.022617833,128.7998421,11.68046856,4910,2453,0.013435963,243.9069849,487813,219.516296,0.000837884,537.2244873,774.1972656,0.113209292,0.219007134,1.265065074,2.447310209,F070802060302_270,108,070802060302
5287,531.5711353,3747.506155,526_10_1,1.897601366,0.925634027,277.6902161,514.6525269,86,259.5106812,100,1730.071167,6.413892746,74.7654953,0.90712136,0.259177536,59.23252515,0.006698557,130.9996185,11.79860058,1103,552,0.003023502,38.35960773,76719,34.52364708,0.000131775,537.2009277,774.163208,0.50306201,0.973190069,8.043478966,15.56037617,F070801010301_248,108,070801010301
5289,531.1070535,3747.472912,159_5_1,1.868425012,0.925625801,277.6877441,514.6479492,45,135.7892761,100,905.2618408,6.315276623,73.61594391,0.907113314,0.259175211,199.9999973,0.022617833,133.8340302,11.04564263,4186,2093,0.011464114,81.59106608,163183,73.43196127,0.000280287,413.4770203,650.4372559,0.1326745,0.197552323,3.781565189,5.630750179,F070801030603_613,104,070801030603
5296,530.2625504,3746.832828,169_3_1,1.89070785,0.92546773,277.6403198,514.5600586,65,196.1066132,100,1307.377441,6.390592575,74.49388885,0.906958401,0.259130955,199.9999977,0.022617833,134.0925501,12.03373632,5007,2505,0.013720786,55.82985132,111659,50.24686651,0.00019179,473.7469482,710.666687,0.110834457,0.189120531,5.525525093,9.428387642,F070801030603_535,108,070801030603
5341,531.2062934,3744.169833,434_2_2,1.944017172,0.924809933,277.4429932,514.1943359,86,259.2797241,100,1728.531494,6.570777893,76.59427643,0.906313717,0.258946776,92.49450195,0.010460126,127.499588,11.55917104,2234,1116,0.006112733,54.11899231,108238,48.70709203,0.000185913,536.7227173,773.4740601,0.248604834,0.480934322,5.696151733,11.01939583,F070801030303_508,108,070801030303
5342,532.522756,3744.08066,581_9_2,1.889597893,0.924787939,277.4363708,514.1820679,86,259.2735596,100,1728.490356,6.38684082,74.45015717,0.9062922,0.258940637,45.03044204,0.005092455,140.066213,9.700182289,1122,562,0.003078276,22.04365693,44088,19.83929168,7.57257E-05,536.7099609,773.4556274,0.493659019,0.954999924,13.98418713,27.05287933,F070801010301_114,108,070801010301
5365,530.5896433,3742.487541,34_9_1,1.891212821,0.924394429,277.3183289,513.9633179,73,219.987381,100,1466.58252,6.392299175,74.51378632,0.905906558,0.258830428,200,0.022617833,130.5269961,11.86191641,4830,2416,0.013233301,64.71061285,129421,58.23955276,0.000222298,497.3057251,733.9506836,0.114784077,0.205838457,4.761683464,8.53896904,F070801030403_160,104,070801030403
5407,532.2399184,3739.563221,59_10_1,1.893550515,0.92367214,277.1016541,513.5617065,78,234.8713531,100,1565.809082,6.400200844,74.60588837,0.905198693,0.25862819,95.59920818,0.010811235,140.4444682,12.52499739,2598,1300,0.007120567,35.4132449,70826,31.87192109,0.000121654,511.9730225,748.4330444,0.213155121,0.393825412,8.694225311,16.06344986,F070801030202_409,104,070801030202
5408,532.5889088,3739.552009,425_34_1,1.844007611,0.923669338,277.1007996,513.5601807,78,234.8704376,100,1565.802979,6.232745647,72.65390015,0.905195951,0.258627415,175.2202256,0.019815509,142.3328522,12.74467545,4440,2220,0.012159738,125.1591903,250317,112.6432746,0.000429955,511.9712524,748.430603,0.12482018,0.230617687,2.459985256,4.54506731,F070801030302_203,108,070801030302
5410,536.0725502,3739.452438,137_13_2,1.817284822,0.923644781,277.0934448,513.5465088,86,258.9523315,100,1726.348877,6.142422676,71.60102081,0.905171871,0.25862053,81.57921152,0.009225725,133.8328056,12.01210022,1938,968,0.005302084,93.43892853,186878,84.09503501,0.000320987,536.0457764,772.4988403,0.286253572,0.55376631,3.295003653,6.374285698,F070802060602_172,108,070802060602
5423,529.8310554,3738.728907,128_8_1,1.922338843,0.923466027,277.0397949,513.4470825,78,234.8189392,100,1565.459595,6.497505188,75.74015045,0.904996693,0.258570492,29.85020447,0.003375735,158.1999207,14.05362034,882,441,0.002415516,56.07646942,112153,50.46882248,0.000192637,511.8587341,748.2659912,0.62820816,1.160677433,5.489325523,10.1420784,F070801030406_497,108,070801030406
5478,528.2043452,3733.954991,29_3_1,1.870848775,0.922286868,276.6860657,512.7915039,78,234.519104,100,1563.460693,6.323468685,73.71144104,0.903841138,0.258240312,77.44687322,0.008758402,138.3660711,12.39527082,1958,978,0.005356858,27.91021816,55819,25.1191956,9.58789E-05,511.2051697,747.3106079,0.282910079,0.522704661,11.014925,20.35117531,F070801030402_171,104,070801030402
5482,527.9018883,3733.799845,29_3_2,1.870848775,0.922248542,276.6745605,512.7702026,78,234.5093536,100,1563.395752,6.323468685,73.71144104,0.903803587,0.258229584,199.9999994,0.022617833,137.0468837,12.27365385,4583,2287,0.012526721,266.4371976,532872,239.7934781,0.000915281,511.1838989,747.279541,0.120977074,0.223517224,1.153803468,2.131767273,F070801030402_303,104,070801030402
5484,531.2201824,3733.732572,581_12_2,1.88930285,0.922231972,276.6695862,512.7609863,67,201.4336548,100,1342.890991,6.385843754,74.43852997,0.903787315,0.258224964,200,0.022617833,130.9980913,11.79849313,4279,2138,0.011710595,209.7201935,419440,188.7481744,0.000720444,478.103241,714.1946411,0.129405797,0.223621726,1.465813279,2.533021688,F070801010301_132,108,070801010301
5490,531.9847423,3733.504574,493_16_2,1.946598649,0.922175646,276.6526794,512.7296753,78,234.4908295,100,1563.272217,6.579503536,76.69598389,0.903732121,0.258209169,44.04192352,0.004980664,141.2003784,12.61010075,1142,571,0.003127572,18.74034119,37481,16.86630726,6.4378E-05,511.1434937,747.22052,0.484505564,0.895172477,16.40268135,30.3055954,F070802060501_294,108,070802060501
5495,530.0548614,3733.006867,70_7_2,1.865497589,0.922052681,276.6158142,512.6613159,54,162.318161,100,1082.121094,6.305381775,73.50060272,0.9036116,0.258174747,199.9999987,0.022617833,138.2406955,12.38285806,5019,2509,0.013742695,73.35931058,146719,66.02337983,0.000252008,438.93396,674.9794922,0.11024943,0.17494379,4.189664364,6.648159504,F070801030601_108,104,070801030601
5497,532.1019495,3732.92531,495_1_1,1.807573915,0.922032535,276.6097717,512.6500854,86,258.500885,100,1723.339233,6.109600067,71.21841431,0.903591871,0.258169115,28.10576046,0.003178457,131.0004807,11.79866123,684,342,0.001873257,10.55762541,21115,9.501862496,3.62682E-05,535.1106567,771.151001,0.808800519,1.564651012,29.11111069,56.31639481,F070802060501_355,108,070802060501
5499,531.6019505,3732.868805,463_1_1,1.813806891,0.922018588,276.6055908,512.642334,78,234.4506683,100,1563.004395,6.13066721,71.46398926,0.903578222,0.25816521,44.90572894,0.005078351,140.9176331,12.54067612,1114,558,0.003056367,13.20905122,26418,11.88814591,4.53765E-05,511.0562744,747.0930176,0.495708942,0.915871441,23.26734543,42.98872757,F070801030301_481,108,070801030301
5501,530.6435947,3732.856009,106_8_1,1.837240815,0.922015429,276.6046143,512.640564,52,156.2999268,100,1041.999512,6.209874153,72.38729095,0.903575122,0.258164316,54.61293677,0.006176131,131.0009537,9.668955874,1269,633,0.003467169,22.90302451,45805,20.61272214,7.86779E-05,432.904541,668.9404907,0.436974108,0.683893442,13.41912079,21.00181389,F070801030404_45,104,070801030404
5504,530.9044606,3732.719005,496_36_1,1.850376964,0.921981573,276.5944824,512.6217651,86,258.4867554,100,1723.244995,6.254274368,72.90485382,0.903541923,0.258154839,67.59777921,0.007644576,136.6677094,12.24038696,1708,854,0.004677665,50.22854221,100458,45.2056883,0.000172548,535.0812378,771.1085205,0.323881119,0.62655884,6.118577003,11.83659077,F070802060502_404,108,070802060502
5524,528.8099561,3731.415043,161_3_1,1.95165062,0.921659529,276.4978638,512.442688,78,234.3595886,100,1562.397217,6.596579075,76.89503479,0.903226316,0.258064657,32.33736297,0.003657005,136.6654867,12.24022897,804,402,0.002201899,30.39425805,60789,27.3548332,0.000104412,510.8574524,746.8022461,0.687805653,1.270789623,10.10782528,18.67521667,F070802060602_77,108,070802060602
5553,529.7761719,3729.499064,37_10_1,1.877093196,0.921186268,276.3558655,512.1795654,55,165.1687012,100,1101.124634,6.344574928,73.95747375,0.902762532,0.257932156,142.7801392,0.016146887,138.0837364,12.38999319,3207,1604,0.008785685,18.91429466,37828,17.02286539,6.49756E-05,441.5245667,677.3482666,0.172291681,0.27526468,16.23439217,25.93714714,F070801030403_101,104,070801030403
5560,532.0669998,3729.185184,129_11_1,1.991591334,0.921108723,276.3326111,512.1364746,86,258.2419128,100,1721.612793,6.731578827,78.46869659,0.902686536,0.25791043,21.39435247,0.002419469,139.4982529,12.42838812,559,279,0.001528183,24.96034487,49921,22.46431133,8.57453E-05,534.5745239,770.378418,0.990439475,1.916037679,12.30096054,23.79661369,F070801030407_529,108,070801030407
5570,530.065839,3728.711034,493_2_2,1.887121797,0.9209916,276.2974854,512.0713501,78,234.1895142,100,1561.263428,6.378471851,74.3526001,0.902571797,0.257877648,69.75539303,0.007888579,131.000412,11.79865678,1730,866,0.004743393,32.49017859,64980,29.24116135,0.000111612,510.4869995,746.2608643,0.319050223,0.589476883,9.448923111,17.4578228,F070802060501_531,108,070802060501
5590,528.8305447,3727.473,389_23_2,1.886404037,0.920685828,276.2057495,511.9013062,86,258.12323,100,1720.821533,6.376045704,74.32431793,0.902272105,0.257792026,32.04738635,0.003624212,142.3325755,12.68194675,847,422,0.002311446,47.99934685,95998,43.1994127,0.00016489,534.3289795,770.0245361,0.654515982,1.266182423,6.393738747,12.36889458,F070802060601_297,108,070802060601
5595,531.0058766,3727.253127,507_15_1,1.882466316,0.920631528,276.1894531,511.8711243,84,252.1056824,100,1680.70459,6.362736225,74.16917419,0.902218878,0.257776827,38.76752485,0.004384187,139.4987946,12.46106339,987,493,0.002700338,22.32474404,44650,20.09226914,7.66913E-05,528.295166,763.9768066,0.56022203,1.071592569,13.7460556,26.29345512,F070802060501_8,108,070802060501
5596,529.8420462,3727.217167,59_12_2,1.865873337,0.920622647,276.1867981,511.8661804,78,234.095932,100,1560.639526,6.306652069,73.51541138,0.902210176,0.257774353,41.90070915,0.004738516,131.0001755,11.79864025,1039,520,0.002848227,16.5827806,33166,14.92450261,5.69662E-05,510.2827148,745.9620972,0.531128466,0.981312931,18.50559425,34.19093704,F070801030202_171,104,070801030202
5599,528.9505531,3726.769198,458_5_1,1.875394106,0.920512021,276.153595,511.8046875,78,234.0677948,100,1560.451904,6.338831902,73.89052582,0.902101755,0.257743359,61.5800593,0.006964038,136.66775,12.24039523,1578,789,0.004321637,112.9630848,225926,101.6667772,0.000388058,510.2213745,745.8724976,0.350004554,0.646668434,2.716261864,5.018565655,F070802060801_272,108,070802060801
5612,528.4396487,3725.844106,135_2_1,1.862973452,0.920283496,276.0850525,511.6776123,78,234.0096588,100,1560.064453,6.296850204,73.40115356,0.90187782,0.257679373,30.21114138,0.003416553,136.6667226,12.24031607,713,357,0.001955417,12.23983209,24480,11.01584898,4.2047E-05,510.0947266,745.6872559,0.773347497,1.428836823,25.06253052,46.30553055,F070801030603_530,104,070801030603
5624,529.1108964,3725.358784,498_4_1,1.835789204,0.920163631,276.0491028,511.6109924,92,275.9754639,100,1839.836426,6.204967499,72.33009338,0.90176034,0.257645816,34.90826319,0.003947746,136.6672414,12.24035867,874,437,0.002393606,49.81192138,99625,44.83072796,0.000171117,552.0245361,787.5864258,0.631691337,1.263213992,6.157587051,12.31353092,F070802060704_556,108,070802060704
5634,527.9093036,3724.694051,169_5_2,1.88824749,0.919999421,275.9998169,511.5196838,78,233.9374542,100,1559.583008,6.382276535,74.39694977,0.901599407,0.257599831,63.02120769,0.007127016,131.0011749,11.79871035,1563,782,0.004283295,14.11634307,28232,12.70470893,4.84933E-05,509.9372559,745.4571533,0.352940947,0.652093649,21.72421455,40.13765717,F070801030603_516,108,070801030603
5640,526.024072,3724.338798,130_8_2,1.949175239,0.919911683,275.9735107,511.4708862,86,257.9064331,100,1719.376221,6.58821249,76.79750061,0.901513457,0.257575274,98.56040859,0.011146114,137.3749275,12.28736115,2561,1280,0.00701102,76.90580869,153811,69.21522808,0.000264192,533.8799438,769.3773193,0.215604305,0.417093694,3.987179041,7.713330746,F070801030407_187,108,070801030407
5666,525.8516948,3722.631895,387_14_2,1.921929121,0.919490099,275.8470154,511.2364807,86,257.7880554,100,1718.587036,6.496120453,75.72400665,0.901100278,0.257457227,25.92104506,0.002931389,131.0003242,11.79865026,642,320,0.001752755,26.27068543,52542,23.64361727,9.02467E-05,533.6350708,769.0245361,0.862021923,1.667609572,11.66687012,22.56994247,F070802060601_108,108,070802060601
5668,526.7214665,3722.475238,112_13_1,1.869426012,0.919451356,275.8354187,511.2149658,54,161.8600464,100,1079.067017,6.318659782,73.65538788,0.90106231,0.257446378,72.35553475,0.008182627,148.0012258,13.12379837,1946,973,0.005329471,26.52749206,53055,23.87474279,9.11289E-05,437.6954651,673.0750122,0.283489645,0.449841172,11.55344009,18.33299255,F070801030404_159,104,070801030404
5672,528.3100648,3722.364207,452_3_1,1.859235883,0.919423938,275.827179,511.199707,70,209.8125458,100,1398.750244,6.284217358,73.25389099,0.901035488,0.257438689,44.50757015,0.005033324,140.4441477,12.58703454,707,354,0.001938985,12.75139058,25503,11.47625136,4.38044E-05,485.6397095,721.0122681,0.779172838,1.371863604,24.03460503,42.31692886,F070801030301_135,108,070801030301
5674,529.045093,3722.323941,183_6_1,1.926562905,0.919413984,275.8241882,511.1941833,65,194.8238068,100,1298.825439,6.511782646,75.90657806,0.901025712,0.257435918,101.3153006,0.011457663,136.6662598,12.2256217,2689,1344,0.007361571,23.38623908,46773,21.04761519,8.03378E-05,470.6480103,706.0180054,0.205226332,0.35018453,13.10477161,22.36110878,F070801030603_455,108,070801030603
5683,527.6528785,3721.985786,21_1_2,1.901526213,0.919330478,275.7991333,511.1477356,78,233.7671661,100,1558.447754,6.427158833,74.9201355,0.900943875,0.257412523,23.7253381,0.002683079,131.0002747,11.79864693,580,290,0.001588434,35.36755596,70735,31.83080074,0.000121497,509.5662842,744.914917,0.951031506,1.757125139,8.664536476,16.0085907,F070801030402_309,105,070801030402
5697,529.3110148,3721.018493,410_6_1,1.872276187,0.919091582,275.727478,511.0149231,86,257.6764832,100,1717.843262,6.328293324,73.76768494,0.900709748,0.257345647,28.9869324,0.003278108,139.5009079,12.46123552,783,392,0.002147125,25.04383126,50088,22.53944795,8.60321E-05,533.4039307,768.6914063,0.703386426,1.36072433,12.23310661,23.66534996,F070802060602_218,108,070802060602
5706,530.349117,3720.685276,138_1_1,1.89791584,0.919009268,275.7027893,510.9691467,79,236.6816254,100,1577.877441,6.414955616,74.77788544,0.900629103,0.257322609,65.41158445,0.007397342,130.9991394,11.79856701,1593,796,0.004359978,58.88752875,117775,52.99877428,0.000202294,512.3843994,747.6507568,0.346360296,0.64369899,5.202059746,9.667853355,F070802060602_181,108,070802060602
5709,527.658156,3720.564878,194_2_2,1.849221826,0.918979526,275.6938477,510.9526062,70,209.7107391,100,1398.071533,6.250369549,72.85933685,0.900599957,0.257314265,28.55583688,0.003229356,143.4653542,10.89752169,637,318,0.0017418,23.6711838,47341,21.30406588,8.13167E-05,485.4046021,720.6633301,0.866961777,1.526429534,12.94090271,22.7845993,F070801030408_219,108,070801030408
5716,526.8475558,3720.153587,460_7_2,1.896993756,0.918877959,275.6633911,510.8961487,70,209.6879578,100,1397.919678,6.411839008,74.74155426,0.900500417,0.257285833,72.08325446,0.008151835,133.1244545,11.95606303,1721,861,0.004716007,89.04913165,178098,80.14421783,0.000305907,485.3513489,720.5841064,0.320166528,0.563706577,3.439591646,6.055974483,F070801030303_163,108,070801030303
5719,528.5614012,3719.983379,493_1_1,1.925727844,0.918835878,275.6507568,510.8727417,78,233.6415863,100,1557.610596,6.508960247,75.87368011,0.90045917,0.257274032,67.58265901,0.007642867,131.0000076,11.79862809,1677,838,0.004590027,41.01003754,82020,36.90903306,0.00014088,509.2923584,744.5143433,0.328938842,0.607747436,7.468381882,13.79858303,F070802060501_531,108,070802060501
5721,528.1861909,3719.952415,128_13_1,1.919954062,0.918828249,275.648468,510.8684998,78,233.6391907,100,1557.594604,6.489444733,75.64618683,0.90045166,0.257271916,124.9138778,0.014126406,143.4866852,12.9500536,3370,1685,0.009229351,321.4756665,642951,289.3281021,0.001104353,509.2876587,744.5076904,0.163589597,0.302247882,0.952719331,1.760242581,F070801030406_284,108,070801030406
5725,531.6833137,3719.718393,443_13_2,1.891982436,0.918770432,275.631134,510.8363647,78,233.624939,100,1557.499634,6.394900799,74.54410553,0.900395036,0.257255733,31.66732788,0.003581232,149.6992035,13.27254248,820,410,0.002245717,62.06359482,124127,55.85723448,0.000213205,509.256073,744.4613037,0.672271073,1.24208796,4.93456459,9.117101669,F070801030303_741,108,070801030303
5734,527.5520201,3719.275864,194_4_1,1.897328258,0.918661118,275.5983276,510.7755737,70,209.6384735,100,1397.589844,6.412969589,74.75473022,0.900287867,0.257225126,200.0000003,0.022617833,141.3046847,12.62501205,5350,2673,0.014640982,303.7726533,607547,273.395396,0.001043539,485.2368164,720.4140625,0.103104502,0.181532666,1.008057714,1.774853706,F070801030408_37,108,070801030408
5738,533.0929312,3719.204168,56_2_2,1.880146503,0.918643415,275.5930176,510.7657471,78,233.5925751,100,1557.283813,6.354895115,74.07777405,0.900270522,0.257220149,20.27561149,0.002292952,147.9996033,13.12365882,559,280,0.001533661,3.744259849,7488,3.369833753,1.28625E-05,509.1856079,744.3583374,0.984260798,1.818520069,81.78237915,151.1011047,F070801030405_242,104,070801030405
5745,531.2584642,3718.86874,33_1_2,2.013002872,0.918560565,275.5681763,510.7196655,63,188.653717,100,1257.691406,6.803949833,79.31231689,0.90018934,0.257196963,49.02442896,0.005544132,131.0006027,11.79867029,825,412,0.002256672,11.36489309,22730,10.2284036,3.90414E-05,464.2218933,699.3734131,0.668854773,1.126752138,26.94146538,45.38556671,F070801030403_166,104,070801030403
5748,523.8725024,3718.736116,845_71_1,1.847400308,0.918527842,275.5583496,510.7014771,92,275.4848633,100,1836.565796,6.244213104,72.78757477,0.900157273,0.257187784,26.13769905,0.002955891,135.2497673,9.933907771,634,318,0.0017418,33.72308829,67445,30.35077997,0.000115848,551.0432129,786.1863403,0.866535664,1.7328403,9.079119682,18.15581703,F070802060302_373,108,070802060302
5749,530.7439078,3718.675605,102_12_2,1.862711549,0.918512881,275.5538635,510.6931763,78,233.5595093,100,1557.063354,6.295965195,73.39083862,0.90014261,0.257183611,27.42981648,0.003102015,150.0767008,13.33789285,787,394,0.00215808,49.18216014,98365,44.26394367,0.000168954,509.1133728,744.2526855,0.699375272,1.292165875,6.225244522,11.50176239,F070801030406_756,104,070801030406
5753,530.5294955,3718.508356,143_1_2,1.948293805,0.918471575,275.5414734,510.6701965,78,233.5489502,100,1556.993042,6.585233212,76.76277924,0.900102139,0.257172048,57.02744377,0.006449186,137.8004862,12.33962854,1416,709,0.003883448,103.443518,206887,93.09916314,0.000355356,509.0904236,744.2191162,0.388633966,0.718040109,2.959655762,5.468259811,F070801030407_506,108,070801030407
5770,528.1795614,3717.369151,159_5_2,1.868425012,0.918190181,275.4570618,510.5137329,50,149.6648407,100,997.765625,6.315276623,73.61594391,0.899826407,0.257093251,63.56421191,0.007188424,139.5011177,10.19898765,431,215,0.001177632,2.605940619,5212,2.345346576,8.95209E-06,425.1218872,660.1785889,1.281195641,1.977311134,117.4483414,181.2618561,F070801030603_613,104,070801030603
5775,525.539388,3716.944531,797_114_1,1.869224429,0.918085277,275.4255981,510.4554138,5,13.64104462,100,90.94029999,6.317978382,73.64744568,0.899723589,0.257063866,46.0377247,0.005206368,131.0001221,11.79863596,1140,570,0.003122095,16.73751879,33475,15.06376696,5.74978E-05,289.0666504,524.0964355,0.483202815,0.507134497,18.28397942,19.18953323,F070802060803_262,108,070802060803
5788,528.0438827,3716.103237,143_3_2,1.874178886,0.917877495,275.3632507,510.3398743,78,233.3978882,100,1555.985962,6.334724426,73.84265137,0.89951992,0.257005692,26.27301899,0.002971194,141.2004089,12.61010647,653,327,0.001791097,50.04560184,100092,45.04104204,0.00017192,508.7611389,743.737793,0.842089474,1.555844426,6.113607407,11.29550076,F070801030407_507,108,070801030407
5823,526.1841964,3713.812069,680_20_2,1.854456186,0.917311609,275.1934814,510.0252686,79,236.2444153,100,1574.962769,6.268062115,73.06557465,0.898965359,0.256847262,28.02474331,0.003169295,136.6664429,12.24030272,633,316,0.001730846,60.89517069,121791,54.80565453,0.000209191,511.4378967,746.2696533,0.870865464,1.618474364,5.021260738,9.331845284,F070801030407_635,108,070801030407
5834,528.5848713,3712.980288,496_37_1,1.852890968,0.917106152,275.1318359,509.9110107,78,233.2017517,100,1554.678345,6.262771606,73.00390625,0.898764014,0.256789714,20.26449776,0.002291695,159.3334961,14.16392708,604,302,0.001654163,11.85085773,23702,10.66577148,4.07108E-05,508.3335876,743.112793,0.911032557,1.683223844,25.79577446,47.66027451,F070802060502_570,108,070802060502
5835,526.106292,3712.934417,70_14_1,1.895853639,0.917094827,275.1284485,509.9047241,59,176.3940125,100,1175.960083,6.40798521,74.69663239,0.898752928,0.256786555,109.0045595,0.012327235,134.5427895,12.09436905,2735,1367,0.007487551,59.38547627,118772,53.4469282,0.000204005,451.5224609,686.2987061,0.201264411,0.330301732,5.147694111,8.448052406,F070801030601_307,104,070801030601
5837,527.3575275,3712.80721,493_13_1,1.873557091,0.917063355,275.1190186,509.8872375,78,233.1908875,100,1554.605957,6.332623005,73.81814575,0.898722112,0.256777734,98.78431797,0.011171436,137.79953,12.3395586,2478,1239,0.006786448,56.52656078,113054,50.87390661,0.000194184,508.309906,743.078125,0.222049251,0.410258204,5.407861233,9.991563797,F070802060501_294,108,070802060501
5851,528.2456334,3711.984209,694_11_1,1.849702716,0.916860104,275.0580444,509.774231,77,230.1504059,100,1534.33606,6.251995087,72.87828827,0.898522913,0.256720841,200.0000019,0.022617833,145.1668523,11.2644895,5063,2532,0.013868674,173.9215802,347843,156.5294256,0.000597466,505.2084351,739.9246216,0.108632721,0.199529395,1.757228971,3.227561951,F070801030303_266,108,070801030303
5864,528.4224113,3711.749516,434_9_1,1.786020041,0.916802108,275.0406189,509.7419739,69,206.2253265,100,1374.835449,6.036747932,70.3691864,0.898466051,0.256704599,199.9999982,0.022617833,141.1986023,9.323977709,5117,2559,0.014016563,150.7559497,301511,135.6803577,0.000517886,481.2659302,715.9672852,0.107479729,0.188067973,2.027121782,3.547056675,F070801030303_586,108,070801030303
5870,529.2426949,3711.545452,559_13_1,1.95219481,0.916751742,275.0255127,509.7139587,79,236.1002502,100,1574.001709,6.598418236,76.91647339,0.898416698,0.256690502,37.97004183,0.004294,139.5008911,12.42859325,883,441,0.002415516,90.33374184,180668,81.30036871,0.00031032,511.1257629,745.814209,0.623640597,1.159015298,3.382832289,6.286881447,F070802060501_268,108,070802060501
5878,527.3969563,3711.145758,396_5_2,1.912123799,0.916652977,274.9958801,509.6590576,75,224.1212158,100,1494.141479,6.462978363,75.337677,0.8983199,0.256662846,51.04692154,0.005772854,137.2326355,10.68916667,778,388,0.002125216,13.71925341,27438,12.34732782,4.71292E-05,499.1170959,733.7802734,0.708752275,1.286384225,22.27169228,40.42308426,F070801030603_365,108,070801030603
5893,530.0597387,3710.656709,545_5_1,1.908437967,0.916532218,274.9596558,509.5919189,70,209.1526184,100,1394.35083,6.450520515,75.19245911,0.898201585,0.25662902,23.48278475,0.002655649,131.0000153,11.79862881,582,291,0.001593912,18.67186159,37344,16.80467564,6.41427E-05,484.1122742,718.7445068,0.944878519,1.663616061,16.36209297,28.80818939,F070801010301_95,108,070801010301
5913,528.6590745,3709.49813,559_6_2,1.876646757,0.916246057,274.8738098,509.4328003,84,250.9048157,100,1672.69873,6.343066216,73.93988037,0.897921145,0.256548882,132.476452,0.014981652,136.665921,12.23439713,3254,1628,0.008917141,107.784323,215567,97.00589315,0.000370267,525.7786255,760.3376465,0.168841407,0.32295984,2.833578348,5.420068741,F070802060501_185,108,070802060501
5917,533.2641169,3709.312713,389_29_1,1.900179505,0.916200221,274.8600769,509.4073181,86,256.8658142,100,1712.438721,6.422606945,74.86707306,0.897876203,0.256536067,48.68160081,0.005505362,130.9998474,11.79861689,1115,557,0.003050889,65.21676731,130433,58.69509268,0.000224037,531.7258911,766.2731323,0.493465126,0.954624593,4.682846069,9.059120178,F070802060601_313,108,070802060601
5921,528.3270417,3708.953372,483_14_1,1.820721865,0.916111469,274.8334351,509.3579712,78,232.948822,100,1552.992188,6.15403986,71.73644257,0.89778924,0.256511211,119.372049,0.013499685,150.6433182,13.40448475,3180,1589,0.008703524,126.48439,252969,113.8359511,0.000434507,507.7822571,742.3067627,0.172959998,0.319560885,2.414293766,4.46064949,F070801010403_233,108,070801010403
5923,529.7695609,3708.769635,163_5_2,1.899289727,0.91606611,274.8198242,509.3327637,82,244.8826294,100,1632.550903,6.419599056,74.83201599,0.897744775,0.256498516,200.0000007,0.022617833,133.5506897,12.0015378,4899,2450,0.013419531,424.9247165,849849,382.4322404,0.001459728,519.7024536,754.2153931,0.112171359,0.212123454,0.718610525,1.358940005,F070801030407_367,108,070801030407
5929,526.5608525,3708.337234,397_30_1,1.959104419,0.915959299,274.7877808,509.2733765,76,226.9377899,100,1512.918579,6.621772766,77.18871307,0.897640109,0.256468594,50.12062299,0.005668099,148.7935394,11.20637757,1321,660,0.003615057,48.73776481,97475,43.86398748,0.000167427,501.7255859,736.2111816,0.416345119,0.760190308,6.264541626,11.43821239,F070802060602_60,108,070802060602
5944,528.3240333,3707.856657,528_2_1,1.940715432,0.915840566,274.7521667,509.2073669,75,223.9232635,100,1492.821777,6.559617996,76.46418762,0.897523761,0.256435364,26.85556829,0.003037074,136.6656189,12.24023279,704,352,0.001928031,21.69259977,43386,19.52333975,7.45198E-05,498.675415,733.1306152,0.78054595,1.416691542,14.07301044,25.54252625,F070802060502_71,108,070802060502
5946,526.7456841,3707.77818,102_2_1,1.858010888,0.915821195,274.7463684,509.1965942,78,232.8750153,100,1552.500122,6.280076981,73.20562744,0.897504747,0.25642994,163.719662,0.01851492,139.9848371,12.48964855,3839,1919,0.010511053,342.8458974,685691,308.5613085,0.001177765,507.6213989,742.0715942,0.143171638,0.264523923,0.89041096,1.645123243,F070801030406_492,104,070801030406
5951,527.5898082,3707.488428,144_4_1,1.839897275,0.915749669,274.7249146,509.1568298,78,232.8561249,100,1552.374146,6.218852997,72.49195099,0.897434652,0.256409913,20.05504149,0.002268008,149.6997147,13.27258635,554,276,0.001511751,17.26018614,34520,15.53416753,5.92933E-05,507.5810547,742.0129395,0.995380104,1.839061737,17.68520355,32.67513657,F070801030407_506,108,070801030407
5960,526.6643873,3707.263761,447_3_2,1.871212125,0.915694177,274.708252,509.1259766,86,256.7240295,100,1711.49353,6.324697018,73.72576141,0.897380292,0.256394356,44.9318924,0.00508131,131.0005417,11.798666,1115,557,0.003050889,101.5670223,203135,91.4103241,0.000348909,531.432251,765.8499756,0.493192554,0.95409739,3.005221367,5.813700676,F070802060603_581,108,070802060603
5971,526.7694116,3706.665944,556_10_2,1.848462224,0.915546477,274.6639404,509.0438538,84,250.7135773,100,1671.423828,6.247802258,72.82941437,0.897235572,0.256353021,53.21442456,0.006017975,130.9985886,11.79852796,1320,661,0.003620535,23.06760039,46135,20.76084038,7.92432E-05,525.3775024,759.7574463,0.41552791,0.794822216,13.22990513,25.30617714,F070802060501_19,108,070802060501
5985,527.9695136,3705.746977,37_1_2,1.924409747,0.915319502,274.5958557,508.9176331,54,161.1326294,100,1074.217529,6.504505157,75.82174683,0.897013128,0.256289452,124.8121111,0.014114898,149.5445501,13.28091977,3228,1615,0.008845936,28.68511155,57371,25.81660036,9.85409E-05,435.7284851,670.050293,0.170028389,0.269800931,10.6364069,16.87784195,F070801030403_221,104,070801030403
6001,526.046319,3705.063484,430_16_2,1.862956882,0.915150702,274.5451965,508.8237915,70,208.837265,100,1392.248413,6.296794415,73.40049744,0.896847665,0.256242186,200.000001,0.022617833,156.3386972,13.90030398,5556,2779,0.015221582,134.5232682,269046,121.0709407,0.000462123,483.3824463,717.6610718,0.098792799,0.17394115,2.26763916,3.99255538,F070801030302_156,108,070801030302
6006,529.6143144,3704.793923,581_14_2,1.873935461,0.915084124,274.525238,508.7867737,86,256.5529175,100,1710.352783,6.333901882,73.83305359,0.896782458,0.256223559,20.66908379,0.002337449,144.6003494,9.000760198,327,163,0.00089281,6.305197727,12611,5.674677957,2.166E-05,531.078125,765.3397217,1.684203863,3.258147955,48.37723541,93.58735657,F070801010301_114,108,070801010301
6039,525.3728638,3702.647195,135_4_1,1.895219684,0.914553881,274.3661499,508.4919434,78,232.5525208,100,1550.350098,6.405842304,74.67165375,0.896262825,0.256075084,26.39985359,0.002985537,130.9989471,11.79855347,609,305,0.001670595,10.75316399,21507,9.677847505,3.69399E-05,506.9186707,741.0444336,0.899561167,1.662028432,28.34991455,52.37928009,F070801030603_519,104,070801030603
6056,527.9317536,3700.673172,416_6_1,1.97218883,0.914066255,274.2198792,508.2208252,86,256.2676392,100,1708.450928,6.665998459,77.70423889,0.895784914,0.25593856,31.21771276,0.003530385,131.001442,11.79872942,775,388,0.002125216,32.09350097,64187,28.88415012,0.00011025,530.4875488,764.4884644,0.706752241,1.367235899,9.493783951,18.36604309,F070802060601_88,108,070802060601
6064,525.0742841,3700.344177,112_6_1,1.851019621,0.913985014,274.1954956,508.1756592,60,178.7754669,100,1191.836426,6.256446362,72.93017578,0.895705342,0.255915791,75.80210148,0.008572396,143.7504234,12.79245996,1980,989,0.005417109,35.99035585,71980,32.39132103,0.000123636,452.9709473,686.9511108,0.277245194,0.458009034,8.465091705,13.98433113,F070801030404_126,104,070801030404
6079,525.9752406,3699.75993,430_4_1,1.876974821,0.913840711,274.1522217,508.0954285,70,208.538559,100,1390.25708,6.344174862,73.95280457,0.8955639,0.255875409,65.88849868,0.007451275,139.3407942,12.45496913,1447,726,0.003976563,73.09535423,146190,65.78581901,0.000251102,482.6907959,716.6339722,0.377620131,0.664863348,4.167345047,7.33730793,F070801030302_35,108,070801030302
6100,524.053939,3698.683049,37_11_1,1.878731608,0.913574696,274.0724182,507.9475403,83,247.1950378,100,1647.966919,6.350112915,74.02202606,0.89530319,0.255800903,199.9999995,0.022617833,133.1331367,10.1814517,4171,2085,0.011420295,50.92261434,101845,45.83035207,0.000174932,521.2674561,755.1425781,0.131449595,0.250008374,5.9801507,11.37384796,F070801030403_101,104,070801030403
6103,525.1303003,3698.630141,160_4_1,1.859326839,0.913561642,274.0684814,507.9402771,78,232.3003845,100,1548.669189,6.284524918,73.25747681,0.895290434,0.255797267,72.47076401,0.008195658,131.0004171,11.79865678,1796,898,0.004918669,69.28133772,138562,62.35320471,0.000238,506.368866,740.2406616,0.305198759,0.563885152,4.395419121,8.120975494,F070802060602_271,108,070802060602
6109,529.0807982,3698.32372,556_4_1,1.907488108,0.913485944,274.0457764,507.8981934,84,250.1488647,100,1667.659058,6.447309971,75.1550293,0.895216227,0.255776078,75.66422987,0.008556805,136.667923,12.24040699,1891,946,0.005181582,38.29509211,76590,34.46558237,0.000131554,524.1946411,758.0470581,0.289688975,0.554116964,7.951288223,15.20922089,F070802060501_19,108,070802060501
6110,526.530358,3698.25888,194_21_1,1.867942452,0.91346997,274.0409851,507.8893127,70,208.4532013,100,1389.687988,6.313645363,73.59693146,0.895200551,0.255771577,83.67409298,0.009462633,133.8332621,10.45736127,1644,821,0.004496912,87.67689476,175355,78.90920834,0.000301193,482.4942017,716.3425293,0.333789259,0.58769089,3.472864389,6.114548683,F070801030408_31,108,070801030408
6112,528.487084,3698.09098,581_3_2,1.900182128,0.913428485,274.0285339,507.8662415,62,184.6221619,100,1230.814453,6.422615528,74.86717224,0.8951599,0.255759984,30.5235253,0.00345188,130.9991302,6.47428292,743,371,0.0020321,16.27941513,32559,14.651474,5.59241E-05,458.6506958,692.4884033,0.738621414,1.236255288,18.70313835,31.3040657,F070801010301_132,108,070801010301
6116,527.2529435,3697.802133,410_9_1,1.90225327,0.913357139,274.0071411,507.8265686,86,256.0688171,100,1707.125488,6.429615974,74.94877625,0.895089984,0.255739987,21.94063944,0.002481249,130.9998474,4.699538787,318,159,0.0008709,4.130669117,8261,3.717602253,1.41899E-05,530.0759277,763.8953857,1.723315358,3.333810806,73.70533752,142.585434,F070802060602_217,108,070802060602
6124,526.7119783,3697.357082,474_10_2,1.83745718,0.913247228,273.9741821,507.7654724,86,256.037384,100,1706.915894,6.210605145,72.39581299,0.894982278,0.255709231,170.4800782,0.01927945,138.0828425,12.34526539,4315,2157,0.011814665,78.6554072,157310,70.78986696,0.000270202,530.0115967,763.8028564,0.127016306,0.245717019,3.870245695,7.487111092,F070801030301_529,108,070801030301
6125,524.8671498,3697.286311,139_2_1,1.870355844,0.913229704,273.9689026,507.7557068,78,232.2160339,100,1548.106934,6.321802616,73.6920166,0.894965112,0.255704314,41.17873764,0.004656869,131.0009537,11.79869509,1021,511,0.002798931,28.1232214,56246,25.31089878,9.66106E-05,506.1849365,739.9717407,0.536142647,0.990577161,10.82414722,19.99869537,F070801030407_508,108,070801030407
6131,525.2030086,3697.115648,474_33_1,1.824113846,0.913187563,273.9562683,507.7322998,78,232.2052612,100,1548.035034,6.165504932,71.87008667,0.894923806,0.255692512,45.1033107,0.005100696,135.2508036,12.12452332,1119,559,0.003061844,25.98788071,51976,23.38909278,8.92752E-05,506.1615295,739.937561,0.490082771,0.905476809,11.71299267,21.64092255,F070801030301_372,108,070801030301
6133,526.9798627,3697.082045,533_6_2,1.921417832,0.913179278,273.9537964,507.7276917,79,235.1799774,100,1567.866455,6.494392395,75.70386505,0.8949157,0.255690187,49.80259805,0.005632134,131.0022583,11.79878693,1236,617,0.003379531,19.52734796,39054,17.57461317,6.70815E-05,509.1337891,742.9076538,0.444009393,0.825176299,15.58804131,28.96984291,F070802060501_380,108,070802060501
6140,525.2906655,3696.868151,508_17_2,1.902151108,0.913126409,273.9379272,507.6982727,84,250.0505524,100,1667.003662,6.429270744,74.94475555,0.894863904,0.255675405,55.10885072,0.006232214,159.3332977,9.825938344,1535,768,0.004206612,49.30026078,98601,44.37023425,0.000169359,523.9884644,757.7488403,0.356690019,0.682276666,6.173912048,11.80945873,F070802060502_8,108,070802060502
6145,527.1808908,3696.638937,88_9_1,1.86459446,0.913069844,273.9209595,507.6668396,40,119.0641861,100,793.7612305,6.302329063,73.46501923,0.894808471,0.25565955,99.59078664,0.011262639,146.3004799,10.64995887,2327,1163,0.006370169,25.0116456,50023,22.5104815,8.59215E-05,392.9851379,626.7310181,0.235529631,0.33790639,12.16859627,17.4578743,F070801030405_361,104,070801030405
6158,524.5709469,3695.537391,703_22_2,1.940732241,0.912797749,273.839325,507.5155334,78,232.1062164,100,1547.374756,6.55967474,76.46485138,0.8945418,0.255583376,29.94813347,0.003386809,149.7000046,13.27261162,838,418,0.002289536,12.61542225,25231,11.35388041,4.33373E-05,505.9455566,739.6217651,0.655117989,1.210396051,24.11856651,44.56146622,F070801030303_602,108,070801030303
6174,524.6003169,3694.149333,135_15_2,1.855218649,0.912454903,273.7364807,507.3249207,77,229.0444336,100,1526.962891,6.270638943,73.09561157,0.894205809,0.255487382,200.0000005,0.022617833,135.0473426,12.11854683,5074,2536,0.013890584,65.33320213,130666,58.79988245,0.000224437,502.7809143,736.3693848,0.107940249,0.198257461,4.655391693,8.550712585,F070801030603_519,104,070801030603
6194,525.5610722,3693.096385,138_20_2,1.877132773,0.912194788,273.6584473,507.1802979,78,231.9527893,100,1546.351929,6.34470892,73.95903015,0.89395088,0.255414546,52.71716923,0.005961741,131.0002251,11.79864335,1308,655,0.003587671,59.10127057,118201,53.19114379,0.000203028,505.6112366,739.1330566,0.417799145,0.771925569,5.144812107,9.505553246,F070802060602_395,108,070802060602
6205,526.6094,3692.543171,186_6_2,1.887518764,0.912058175,273.6174622,507.1043396,82,243.8113861,100,1625.40918,6.379813194,74.36824036,0.893817008,0.255376279,39.35846257,0.004451016,135.2503777,12.12991929,978,490,0.002683906,60.6308997,121262,54.56780863,0.000208283,517.428833,750.9157104,0.558402956,1.055977225,5.01426506,9.482309341,F070801030407_318,108,070801030407
6214,525.1819072,3692.070426,102_4_1,1.893859267,0.911941409,273.582428,507.0394287,78,231.8884583,100,1545.923096,6.401244164,74.61805725,0.893702567,0.255343586,40.61271352,0.004592858,138.2243652,12.36176848,1016,507,0.002777021,56.67976516,113359,51.01178807,0.00019471,505.4708862,738.9278564,0.539610326,0.996984005,5.36312151,9.908903122,F070801030406_756,104,070801030406
6219,526.0899613,3691.714247,59_14_1,1.845644236,0.911853433,273.5560303,506.990509,78,231.8660583,100,1545.773682,6.238277435,72.71838379,0.893616378,0.255318969,20.48420319,0.002316541,141.1999054,12.61007261,577,289,0.001582957,8.78441447,17569,7.905973122,3.01768E-05,505.4220886,738.8565674,0.946560681,1.748865366,34.60118484,63.929142,F070801030202_196,104,070801030202
6228,524.4183477,3691.295261,112_6_2,1.851019621,0.911749959,273.5249939,506.9329834,60,178.3381042,100,1188.920654,6.256446362,72.93017578,0.893514931,0.255290002,101.3446173,0.011460978,139.1582794,12.44766808,2682,1340,0.007339662,29.31862258,58638,26.38676014,0.000100717,451.8630981,685.2711182,0.204123124,0.337211281,10.3659935,17.12461472,F070801030404_126,104,070801030404
6231,524.6147233,3691.199119,533_4_2,1.929462552,0.911726177,273.5178528,506.9197693,84,249.6669769,100,1664.446533,6.521583557,76.02082825,0.893491626,0.255283326,21.86678673,0.002472897,131.0000407,11.7986304,460,230,0.001259793,6.871059954,13742,6.183954,2.36039E-05,523.1848145,756.586731,1.189208031,2.274716616,44.23025513,84.60360718,F070802060501_225,108,070802060501
6247,523.7880265,3690.402014,60_28_1,1.855288506,0.911529303,273.4588013,506.8103027,76,225.8404999,100,1505.603271,6.270874977,73.09836578,0.893298745,0.255228192,31.86361766,0.00360343,136.666748,12.22565365,842,420,0.002300491,9.36005754,18720,8.424051405,3.21542E-05,499.2993164,732.6508179,0.65109241,1.188807845,32.46167374,59.2706871,F070801030202_146,104,070801030202
6249,526.0494625,3690.363853,209_7_2,1.835358024,0.911519885,273.4559631,506.8050537,78,231.7812805,100,1545.208496,6.203510284,72.31310272,0.893289506,0.255225569,55.0316,0.006223478,131.0003662,11.79865328,1366,683,0.003741037,51.23541546,102470,46.11187387,0.000176007,505.2372437,738.5863037,0.40037477,0.739732444,5.930272102,10.9567709,F070802060601_114,108,070802060601
6252,523.0044228,3690.216493,389_27_1,1.865845323,0.911483467,273.4450378,506.7848206,86,255.5432892,100,1703.621948,6.306557178,73.51430511,0.893253803,0.255215377,27.48381346,0.003108122,130.999588,11.79859829,682,341,0.00186778,40.12836801,80257,36.11553235,0.000137851,528.9883423,762.328125,0.801891625,1.551285505,7.571397305,14.64711475,F070802060601_24,108,070802060601
6253,526.3361788,3690.199606,466_2_1,1.878181815,0.911479294,273.4437866,506.7825012,78,231.7709503,100,1545.139648,6.348254681,74.00036621,0.893249691,0.255214214,200.0000018,0.022617833,146.2557115,13.01019126,5327,2665,0.014597163,73.00064114,146001,65.70057858,0.000250776,505.2147217,738.5534668,0.102605551,0.189574003,4.161969185,7.689653873,F070801030301_162,108,070801030301
6256,526.333845,3690.06219,59_10_2,1.893550515,0.911445379,273.4336243,506.7636414,78,231.7623291,100,1545.082153,6.400200844,74.60588837,0.893216491,0.255204707,60.55840278,0.006848499,142.3333397,12.67467022,1663,832,0.004557163,24.51908022,49039,22.06717185,8.42295E-05,505.1959534,738.526001,0.328646183,0.607206702,12.39096832,22.89355278,F070801030202_409,104,070801030202
6266,523.637662,3689.225989,389_17_1,1.84292233,0.91123879,273.3716431,506.6487732,86,255.4741669,100,1703.161133,6.229077339,72.61113739,0.893014014,0.255146861,200.0000002,0.022617833,132.9612826,11.94899031,4812,2407,0.013184004,185.5210345,371044,166.9689297,0.000637313,528.8458252,762.1229248,0.113573596,0.219711602,1.637260556,3.167330742,F070802060601_59,108,070802060601
6269,524.7399644,3688.980203,434_7_1,1.8837744,0.911178112,273.3534241,506.6150208,86,255.4577789,100,1703.05188,6.367157459,74.22071075,0.892954528,0.255129874,34.24663806,0.003872924,123.3739586,11.30577374,772,386,0.002114261,36.34804833,72696,32.71324348,0.000124865,528.8112183,762.0728149,0.70816952,1.369977236,8.35604763,16.16505051,F070801030303_16,108,070801030303
6304,526.4194959,3687.07504,59_2_1,1.879606009,0.910707533,273.2122498,506.3533936,78,231.574707,100,1543.831421,6.353068352,74.05648041,0.892493367,0.254998118,34.02276802,0.003847606,141.1999054,12.61007261,903,451,0.002470289,13.62592173,27251,12.26332951,4.68086E-05,504.7869568,737.9281006,0.605792105,1.119261503,22.27879906,41.16230774,F070801030202_405,104,070801030202
6313,525.4779989,3686.382902,59_1_1,1.907844424,0.910536587,273.1609802,506.2583313,78,231.5310059,100,1543.540039,6.448513985,75.16906738,0.892325878,0.254950255,26.95956703,0.003048835,142.3335622,12.68201987,669,335,0.001834915,7.387550459,14775,6.648795597,2.53782E-05,504.6919861,737.7893066,0.815405905,1.506543279,41.08428192,75.90727997,F070801030202_169,104,070801030202
6317,525.2292114,3686.280947,194_26_2,1.918591499,0.910511374,273.1534119,506.2443237,70,207.7786102,100,1385.190674,6.484839439,75.59250641,0.892301142,0.254943192,199.9999961,0.022617833,134.3991318,10.10632669,4273,2136,0.01169964,322.9998341,646000,290.699851,0.001109589,480.9320068,714.0229492,0.127880812,0.225155428,0.939640701,1.654393673,F070801030408_24,108,070801030408
6326,524.0679694,3685.488526,556_17_1,1.929570317,0.910315692,273.094696,506.1355286,79,234.4422913,100,1562.948608,6.521947861,76.02507019,0.892109394,0.254888386,40.03230686,0.00452722,136.6674143,12.24037107,1021,510,0.002793453,45.63982898,91279,41.07584535,0.000156785,507.5369873,740.5778198,0.535479784,0.995170534,6.648547173,12.35609341,F070802060501_221,108,070802060501
6343,524.7030331,3684.428834,472_1_2,1.807150245,0.910053909,273.0161743,505.9899597,65,192.8402405,100,1285.601563,6.108167648,71.20172119,0.891852856,0.254815102,108.0875855,0.012223535,148.2830353,10.79110096,2984,1492,0.00817222,109.9786716,219958,98.98080558,0.000377806,465.8564148,698.8302002,0.182986706,0.31223619,2.75827384,4.706532955,F070801030301_600,108,070801030301
6349,526.0731225,3684.130515,590_9_2,1.820948958,0.909980237,272.9940796,505.9490051,86,255.121933,100,1700.812866,6.154807568,71.74539185,0.891780615,0.254794478,112.9616938,0.012774744,130.9975739,11.79845651,2798,1399,0.007662826,53.81045016,107621,48.42940361,0.000184853,528.1160278,761.0709229,0.195135146,0.377495378,5.636949062,10.90486336,F070802060802_208,108,070802060802
6353,521.9852343,3683.791749,462_11_2,1.923371553,0.909896553,272.9689636,505.9024963,78,231.3679657,100,1542.453125,6.500995636,75.78083801,0.891698599,0.254771024,20.90974557,0.002364666,141.199028,12.61001015,521,260,0.001424113,8.632393152,17264,7.769153923,2.96545E-05,504.3369141,737.2704468,1.049880624,1.939757347,35.1349678,64.91529083,F070801030301_116,108,070801030301
6359,523.9749753,3683.363602,563_5_2,1.832216978,0.909790814,272.9372559,505.843689,78,231.3413696,100,1542.275757,6.192893505,72.18934631,0.891595006,0.25474143,187.5916059,0.021214578,137.5522585,12.29323518,4491,2244,0.012291195,167.7339053,335466,150.9605105,0.00057621,504.2786255,737.1850586,0.121629789,0.224723101,1.808004379,3.340467215,F070802060501_138,108,070802060501
6374,522.3055531,3682.253438,64_10_2,1.846009135,0.909516573,272.8549805,505.6912231,78,231.2718811,100,1541.8125,6.239511013,72.73275757,0.891326249,0.25466463,199.999999,0.022617833,135.1286011,12.12511955,5112,2558,0.014011086,78.7498244,157500,70.87484236,0.000270526,504.1268616,736.9631348,0.10666731,0.197078526,3.849814177,7.112916946,F070801030601_267,104,070801030601
6390,527.1167723,3681.429644,434_19_1,1.916138172,0.909313142,272.7939453,505.5780945,86,254.9349823,100,1699.566528,6.476547241,75.49584198,0.891126871,0.254607677,45.43879223,0.005138635,130.9981639,11.79849815,1128,564,0.003089231,31.45188558,62904,28.3066982,0.000108045,527.7289429,760.5130615,0.483677208,0.935689628,9.637081146,18.64325333,F070801030303_19,108,070801030303
6391,524.6515011,3681.339641,125_9_1,1.873791575,0.90929091,272.787262,505.5657349,67,198.6071167,100,1324.047485,6.333415508,73.82738495,0.891105115,0.254601449,179.9943342,0.020355409,131.0000992,9.668907809,4445,2223,0.01217617,52.59302974,105185,47.333727,0.000180671,471.3943787,704.1728516,0.122711316,0.212053254,5.763063431,9.958952904,F070801030409_281,104,070801030409
6408,524.5601279,3680.07104,526_4_1,1.81800437,0.908977568,272.6932678,505.3915405,68,201.5021515,100,1343.347656,6.144854546,71.62937164,0.890798032,0.254513711,112.4096439,0.012712313,130.9999161,9.668897319,2334,1167,0.006392079,132.0590811,264118,118.8531761,0.000453658,474.1954346,706.8936768,0.233670324,0.406337142,2.29437089,3.989758253,F070801010301_265,108,070801010301
6431,523.6970079,3678.544032,507_10_2,1.864807963,0.90860039,272.5801086,505.1818237,84,248.8110657,100,1658.740479,6.303050995,73.47343445,0.890428364,0.254408121,58.36223383,0.006600136,134.5414925,12.06284344,1450,725,0.003971086,26.62317558,53246,23.96085763,9.14576E-05,521.3911743,753.9929199,0.375972569,0.719160259,11.37605858,21.7601223,F070802060501_102,108,070802060501
6434,523.6892146,3678.454324,93_20_1,1.862736225,0.908578217,272.5734558,505.1694946,78,231.0332642,100,1540.221802,6.296048641,73.39180756,0.890406668,0.254401892,199.9999973,0.022617833,141.5782199,12.64613756,5435,2717,0.014881986,240.3146976,480629,216.2832254,0.000825544,503.60672,736.2027588,0.100321479,0.185353965,1.260261655,2.328459501,F070801030406_423,108,070801030406
6449,523.2924089,3677.665011,194_5_2,1.851684332,0.90838325,272.5149841,505.0610962,78,230.9836273,100,1539.890869,6.258693218,72.95635986,0.890215576,0.254347324,35.37966943,0.004001057,142.0496025,12.6936183,905,452,0.002475767,91.79269311,183586,82.61342317,0.000315332,503.4985962,736.0447388,0.602909267,1.113934994,3.298676729,6.094634056,F070801030408_140,108,070801030408
6450,524.3506947,3677.620397,109_6_1,1.87014997,0.908372223,272.5116577,505.0549622,76,225.0582581,100,1500.388428,6.321106911,73.68390656,0.890204787,0.254344225,200.0000023,0.022617834,133.2667558,10.01005058,3418,1708,0.00935533,124.1599285,248320,111.7439364,0.000426522,497.5699158,730.1132202,0.159550145,0.291317284,2.438715458,4.452768803,F070801030406_337,108,070801030406
6461,527.1558778,3677.000873,455_1_1,1.90079391,0.908219218,272.4657593,504.9698792,86,254.6283417,100,1697.522217,6.424683571,74.89128113,0.890054822,0.254301369,137.4506818,0.015544183,131.0003166,11.79865003,3398,1699,0.009306034,60.65227079,121304,54.58704448,0.000208356,527.0941162,759.5982056,0.160368308,0.310237855,4.991399765,9.656029701,F070802060803_201,108,070802060803
6465,521.4927514,3676.678221,44_9_2,1.895635366,0.908139527,272.441864,504.9255676,64,189.4741364,100,1263.160889,6.407247543,74.68803406,0.88997674,0.254279077,33.80491281,0.003822969,131.0007121,9.136508316,636,319,0.001747278,24.21474484,48429,21.79327083,8.3184E-05,461.9160156,694.3997192,0.854049742,1.44801259,12.50119209,21.19535065,F070801030401_468,104,070801030401
6482,524.1951343,3676.146152,474_26_1,1.820898175,0.908008099,272.4024353,504.8525085,86,254.5688324,100,1697.125488,6.154635906,71.74338531,0.889847934,0.254242271,36.5817962,0.004137005,139.4988594,12.46907783,952,476,0.002607223,10.6244926,21249,9.562043309,3.64979E-05,526.9712524,759.4213257,0.572274029,1.107082486,28.48789024,55.11073685,F070801030301_300,108,070801030301
6489,522.9613158,3675.842807,209_6_1,1.805719852,0.907933176,272.3799438,504.8108521,86,254.5480652,100,1696.987061,6.103332996,71.14536285,0.889774501,0.25422129,40.85700989,0.004620485,131.0009766,11.79869652,1014,507,0.002777021,73.3219223,146644,65.98973083,0.00025188,526.9279785,759.3588867,0.537238538,1.039305687,4.12761116,7.984999657,F070802060601_107,108,070802060601
6491,521.1645927,3675.762542,487_3_2,1.703943849,0.907913327,272.3739929,504.7998047,78,230.8641968,100,1539.094604,5.759330273,67.13539124,0.88975507,0.254215717,108.3273732,0.012250652,136.3834915,12.23066444,2788,1394,0.007635439,124.2598485,248520,111.8338623,0.000426865,503.2381897,735.6640015,0.195390239,0.361003011,2.43552351,4.499873161,F070802060502_329,108,070802060502
6505,523.5337597,3675.009514,140_5_1,1.867131114,0.907727361,272.3182068,504.6964111,78,230.8169098,100,1538.779419,6.310903072,73.56496429,0.889572799,0.254163653,200.0000005,0.022617833,132.0621052,11.87733793,4870,2435,0.013337371,185.057152,370116,166.5514371,0.00063572,503.1351318,735.5133057,0.111834995,0.206626341,1.635039687,3.020899296,F070801030407_244,108,070801030407
6512,526.0863565,3674.478587,425_42_1,1.941751122,0.907596231,272.2788696,504.6235046,78,230.7833862,100,1538.555908,6.563118935,76.50499725,0.889444292,0.254126936,99.53890228,0.011256771,138.0835915,12.38996005,2440,1219,0.006676901,76.99936872,153999,69.29943243,0.000264513,503.0622559,735.4068604,0.223362491,0.412684381,3.929020166,7.259254932,F070801030302_203,108,070801030302
6514,527.1773987,3674.173884,434_5_2,1.906936407,0.90752095,272.2562866,504.5816345,70,207.0957642,100,1380.638428,6.445445061,75.13329315,0.889370561,0.254105866,27.7868208,0.003142388,152.2665507,13.51014487,729,364,0.001993759,40.23343213,80467,36.21008925,0.000138212,479.3520508,711.6773682,0.747956812,1.316901207,7.518796444,13.23808002,F070801030303_565,108,070801030303
6550,526.4992293,3672.584893,109_6_2,1.87014997,0.907128453,272.1385498,504.3634338,76,224.7501221,100,1498.334106,6.321106911,73.68390656,0.888985872,0.253995955,142.48546,0.016113562,131.0012894,9.668974757,2327,1161,0.006359214,183.368568,366737,165.0317118,0.000629919,496.8886719,729.1135254,0.234400123,0.427983344,1.649007559,3.010867834,F070801030406_770,108,070801030406
6564,523.0318151,3671.963928,425_31_2,1.951213717,0.906975091,272.0925293,504.2781372,70,206.9717712,100,1379.811768,6.59510231,76.87782288,0.888835609,0.25395304,25.91746217,0.002930984,142.3345439,12.68210951,637,318,0.0017418,50.16028135,100321,45.14425173,0.000172314,479.0643005,711.2498779,0.855636895,1.506491542,6.027180195,10.61185646,F070801030302_29,108,070801030302
6603,522.1455654,3669.159186,592_29_2,1.840504885,0.906282306,271.8847046,503.8929749,84,248.1761932,100,1654.507935,6.220906734,72.51589203,0.888156652,0.253759056,38.35814556,0.004337891,131.0005341,11.79866552,951,475,0.002601746,13.72100773,27442,12.34890725,4.71353E-05,520.0609131,752.0691528,0.572388828,1.094865084,22.01690483,42.11392212,F070802060704_238,108,070802060704
6611,522.1223053,3668.663243,102_1_1,1.854380727,0.906159818,271.8479309,503.8248596,76,224.509964,100,1496.733154,6.267807007,73.06259918,0.888036609,0.253724754,30.26342049,0.003422465,131.0005239,11.79866473,750,374,0.002048532,15.20323857,30406,13.68291434,5.22271E-05,496.3579102,728.3348389,0.726866126,1.327160239,19.86769295,36.27574539,F070801030406_23,104,070801030406
6629,520.3277076,3667.963975,494_1_1,1.881737113,0.905987084,271.7961121,503.7288208,78,230.3743134,100,1535.828735,6.360271454,74.14044189,0.887867332,0.253676385,26.65124287,0.003013967,130.9947205,11.79825528,662,331,0.001813006,14.85887194,29718,13.37298489,5.10441E-05,502.1704102,734.1031494,0.821136296,1.51713109,20.32426643,37.55110931,F070802060501_456,108,070802060501
6638,523.6528809,3667.135662,664_21_1,1.879368186,0.905782521,271.7347412,503.6150818,78,230.3223724,100,1535.482422,6.352264404,74.04710388,0.887666881,0.253619105,200.000001,0.022617833,131.849968,10.88783085,4546,2274,0.012455516,46.49039078,92982,41.84135189,0.000159707,502.0571289,733.937439,0.119496368,0.220781505,6.494406223,11.9990654,F070801030402_188,104,070801030402
6657,524.2254069,3666.100488,88_9_2,1.86459446,0.905526817,271.6580505,503.4729004,41,121.0326004,100,806.8840332,6.302329063,73.46501923,0.887416303,0.253547519,33.72336005,0.003813747,133.8340149,12.00864188,836,418,0.002289536,16.28565468,32572,14.65708907,5.59455E-05,392.6906433,624.5054932,0.649899662,0.939451277,18.53424263,26.79185677,F070801030405_360,104,070801030405
6669,522.8287995,3665.285494,56_7_2,1.863666296,0.905325532,271.5976563,503.3609924,77,227.2548218,100,1515.032104,6.299191952,73.42845154,0.887219012,0.253491163,174.0636108,0.019684709,143.14408,12.74518803,4350,2176,0.011918734,34.84281462,69686,31.35853336,0.000119694,498.852478,730.6158447,0.124815099,0.229252055,8.661045074,15.90802956,F070801030405_242,104,070801030405
6680,519.9221461,3664.675623,164_13_2,1.893630624,0.905174851,271.5524597,503.2772217,77,227.21698,100,1514.779907,6.400471687,74.60904694,0.887071371,0.253448963,83.65367854,0.009460325,143.9383901,12.83060376,2014,1007,0.005515701,157.585824,315173,141.8272434,0.000541349,498.7694397,730.4942017,0.269664794,0.49530232,1.914670587,3.516739368,F070801030407_121,108,070801030407
6687,522.63921,3664.214201,64_12_1,1.875315428,0.905060887,271.51828,503.2138672,78,230.1388702,100,1534.259155,6.338566303,73.88742828,0.886959672,0.253417045,200.0000041,0.022617834,133.1258812,11.96432388,4549,2275,0.012460993,67.0539858,134109,60.34858875,0.000230348,501.6571655,733.3527222,0.119348697,0.22050865,4.499165535,8.312657356,F070801030601_213,104,070801030601
6688,521.0982223,3664.210657,496_15_1,1.878739834,0.905060053,271.5180054,503.2133789,78,230.1386719,100,1534.257813,6.350140572,74.0223465,0.886958838,0.253416806,115.7496352,0.01309003,145.7340485,13.00981579,3321,1661,0.009097894,70.35031676,140701,63.31528425,0.000241672,501.6566772,733.3520508,0.163466588,0.302020878,4.288348675,7.923152924,F070802060502_570,108,070802060502
6691,515.4743574,3664.162809,399_25_2,1.755132675,0.905048192,271.5144653,503.2067871,92,271.4420471,100,1809.613647,5.932348251,69.15222931,0.886947215,0.253413498,74.23035216,0.008394649,133.1250076,11.95610237,1741,871,0.00477078,41.80217791,83605,37.62195969,0.000143601,542.956543,774.6488037,0.311727285,0.623371482,7.216914654,14.43190479,F070802060601_433,108,070802060601
6692,525.0167154,3664.069884,93_4_1,1.902371883,0.905025244,271.5075684,503.1940308,79,233.0802002,100,1553.868042,6.430016994,74.95345306,0.886924744,0.253407061,26.65969846,0.003014923,137.3753471,10.08737457,693,346,0.001895166,33.26884878,66537,29.94196355,0.000114287,504.5877686,736.274231,0.78470397,1.458346128,9.0677948,16.85219383,F070801030406_693,108,070801030406
6700,526.0924447,3663.666865,135_9_2,1.899856806,0.904925704,271.4777222,503.1387024,78,230.1043701,100,1534.029175,6.421515942,74.85435486,0.886827171,0.253379196,37.93772957,0.004290346,146.1114655,13.02876472,968,483,0.002645565,18.32406907,36648,16.49166231,6.2948E-05,501.5820923,733.243042,0.562065661,1.038472295,16.46151352,30.41428375,F070801030603_812,104,070801030603
6702,521.8674672,3663.485679,425_41_1,1.893752456,0.904880941,271.4642944,503.1138,78,230.0931244,100,1533.954102,6.400883198,74.61384583,0.886783302,0.253366649,52.96262455,0.005989499,143.7503738,12.77614403,1059,529,0.002897523,92.33316803,184666,83.09985065,0.000317189,501.5574341,733.2069092,0.513164997,0.948123693,3.26672411,6.035599709,F070801030302_75,108,070801030302
6704,521.8142442,3663.322401,474_15_1,1.843104959,0.904840648,271.4522095,503.0914001,78,230.0830994,100,1533.887329,6.229694843,72.61833191,0.886743844,0.253355384,32.56705856,0.003682982,130.9996567,11.79860306,807,403,0.002207376,16.6829505,33365,15.01465559,5.73103E-05,501.5353088,733.1744995,0.67357868,1.244504452,18.07914925,33.40304947,F070801030301_512,108,070801030301
6710,522.2171073,3663.067544,163_27_1,1.936300039,0.904777706,271.4333191,503.0563965,82,241.8650513,100,1612.433716,6.544693947,76.29022217,0.886682153,0.253337771,158.9533161,0.017975898,139.2189274,10.17522523,3048,1525,0.008352973,303.3762218,606754,273.0386002,0.001042177,513.2983398,744.9214478,0.177989066,0.336589068,0.994120657,1.879947901,F070801030407_367,108,070801030407
6711,520.216455,3662.982167,138_20_1,1.877132773,0.904756606,271.4269714,503.0446777,78,230.0613403,100,1533.74231,6.34470892,73.95903015,0.88666147,0.25333184,200.0000003,0.022617833,133.631425,11.9946441,4955,2477,0.01356742,237.4189234,474837,213.6770329,0.000815596,501.4883118,733.1060181,0.109578915,0.202457935,1.270267367,2.346945286,F070802060602_395,108,070802060602
6714,522.7077821,3662.81752,56_7_1,1.863666296,0.904715955,271.4147949,503.0220642,77,227.1017761,100,1514.011841,6.299191952,73.42845154,0.886621654,0.253320456,66.66946435,0.007539594,147.9990616,13.1236124,1651,825,0.004518822,22.38544178,44771,20.14689779,7.68998E-05,498.516571,730.1238403,0.328987628,0.604262531,13.47179127,24.74408531,F070801030405_242,104,070801030405
6725,521.159087,3662.289318,133_1_1,1.845950246,0.904585481,271.3756409,502.9495239,86,253.6095886,100,1690.730591,6.239311695,72.73043823,0.886493742,0.253283948,41.03435406,0.004640541,124.2502327,11.5554862,578,289,0.001582957,0.560648561,1121,0.504583716,1.92597E-06,524.9852295,756.559082,0.939016044,1.816557884,537.8208618,1040.432373,F070802060302_270,108,070802060302
6727,520.6310628,3662.150003,425_1_2,1.844767213,0.904551029,271.3652954,502.9303589,78,230.0091705,100,1533.394531,6.235313416,72.68383026,0.886460006,0.253274292,114.8349224,0.012986586,134.6106033,12.08009386,2871,1434,0.007854534,173.1082064,346215,155.7973828,0.000594672,501.3744507,732.9395142,0.189236611,0.349633515,1.741783381,3.218118668,F070801030302_75,108,070801030302
6731,519.8963189,3661.594657,448_6_1,1.826448441,0.904413879,271.3241577,502.854126,78,229.9743652,100,1533.162476,6.173395634,71.96206665,0.886325598,0.253235877,45.91100192,0.005192037,142.8981819,12.76794338,1347,673,0.003686263,32.68670341,65374,29.4180325,0.000112287,501.2985229,732.8284912,0.403156251,0.744871497,9.22305584,17.04051781,F070801030303_121,108,070801030303
6732,523.0575352,3661.533639,59_3_1,1.88599062,0.904398799,271.3196411,502.8457336,78,229.9704132,100,1533.136108,6.374648094,74.30802917,0.886310816,0.253231674,183.0028453,0.020695639,138.6501846,12.39495214,4542,2272,0.012444561,63.83569932,127671,57.4521296,0.000219292,501.2900391,732.8161621,0.119418859,0.220638216,4.72253418,8.725351334,F070801030202_405,104,070801030202
6733,520.1838607,3661.503517,493_17_2,1.991125107,0.904391348,271.3174133,502.8415833,86,253.5551605,100,1690.367676,6.73000288,78.45033264,0.886303544,0.253229588,33.7572422,0.003817578,131.0000305,11.79862976,837,418,0.002289536,22.01489019,44030,19.8134017,7.56269E-05,524.8725586,756.3967285,0.649084747,1.255676031,13.69363117,26.4907856,F070802060501_322,108,070802060501
6738,520.5303626,3661.205309,435_1_1,1.846046925,0.904317737,271.2953186,502.8006592,78,229.9499969,100,1533,6.239638805,72.7342453,0.886231363,0.253208965,157.3147559,0.017790595,144.1760597,10.51096275,3996,1998,0.010943764,40.53371661,81068,36.48034514,0.000139244,501.2453003,732.7506714,0.135783449,0.250873536,7.436753273,13.74014664,F070801030303_575,108,070801030303
6749,523.3564565,3660.951763,109_2_2,1.917803764,0.904255092,271.2765198,502.7658386,80,235.8295898,100,1572.197266,6.482176781,75.56147003,0.88616997,0.253191411,53.83587202,0.006088254,131.0006866,8.249117335,1174,587,0.00321521,186.7133519,373426,168.0420152,0.000641409,507.1061096,738.595459,0.46214059,0.863894582,1.614337444,3.017734051,F070801030406_345,108,070801030406
6764,518,3660,29_1_2,1.851719379,0.904020011,271.2059937,502.6351318,78,229.8742065,100,1532.494751,6.258811474,72.95774078,0.885939598,0.253125608,57.81551487,0.006538308,145.166748,8.975461761,1531,765,0.00419018,14.49805961,28996,13.04825365,4.98046E-05,501.0802002,732.5093384,0.354517639,0.655006826,20.78484917,38.40208817,F070801030402_303,104,070801030402
6767,523.4246242,3659.714377,537_26_2,1.873649478,0.90394944,271.184845,502.5958862,83,244.5905457,100,1630.603638,6.332935333,73.8217926,0.885870457,0.253105849,22.73190424,0.002570732,131.0060616,11.7990551,564,282,0.001544615,31.37601882,62751,28.23841715,0.000107785,515.7753906,747.1864014,0.961648405,1.828990698,9.603401184,18.26502419,F070801010302_42,108,070801010302
6781,520.2518531,3659.058498,194_8_2,1.830870152,0.903787434,271.1362305,502.5057983,70,206.2442932,100,1374.961914,6.188341141,72.13628387,0.88571167,0.25306049,199.9999996,0.022617833,140.0276601,11.1464089,4413,2208,0.01209401,473.3350377,946668,426.0015234,0.00162603,477.3805237,708.7501221,0.122797206,0.216204941,0.636467755,1.120607495,F070801030408_219,108,070801030408
6786,522.2185057,3658.87607,194_9_2,1.90983665,0.903742373,271.1227112,502.4807739,78,229.8036041,100,1532.024048,6.455247879,75.24756622,0.885667503,0.253047854,61.25896335,0.006927725,144.5994415,12.926085,1420,710,0.003888925,136.2904091,272581,122.6613712,0.000468193,500.9263306,732.2843628,0.381862968,0.705530047,2.210335016,4.083815098,F070801030408_139,108,070801030408
6791,519.2270524,3658.503685,494_1_2,1.881737113,0.903650403,271.0951233,502.4296265,78,229.7802277,100,1531.868164,6.360271454,74.14044189,0.885577381,0.253022105,23.1383868,0.002616701,130.9958878,11.79833746,574,287,0.001572002,17.38789552,34776,15.64910554,5.9732E-05,500.8753662,732.2098389,0.944582283,1.74521029,17.32336235,32.0066452,F070802060501_478,108,070802060501
6794,518.6571741,3658.195185,797_123_1,1.854678392,0.903574228,271.0722656,502.3872681,14,41.17427826,100,274.4951782,6.268813133,73.07432556,0.885502756,0.253000796,38.77703866,0.004385263,131.0011749,11.79871082,951,476,0.002607223,11.89217186,23784,10.70295429,4.08527E-05,312.2465515,543.5615234,0.569479525,0.65598017,25.32686424,29.17386627,F070802060803_121,108,070802060803
6798,520.6617791,3657.939924,137_8_1,1.896478415,0.903511167,271.0533447,502.3522034,78,229.744812,100,1531.63208,6.410097122,74.72125244,0.885440946,0.252983123,59.23257469,0.006698562,130.9988136,11.79854417,1463,731,0.00400395,50.09505737,100191,45.08555222,0.00017209,500.7981567,732.0970459,0.370798022,0.68508637,6.011978149,11.10772991,F070802060602_66,108,070802060602
6818,519.1681357,3656.136893,44_9_1,1.895635366,0.903065801,270.9197388,502.1045837,68,200.1916199,100,1334.61084,6.407247543,74.68803406,0.885004461,0.25285843,27.68919432,0.003131348,131.0001678,6.474319637,664,332,0.001818483,9.575913429,19152,8.618322372,3.28958E-05,471.1113586,702.2962036,0.81602329,1.419010162,31.43532181,54.66392899,F070801030401_468,104,070801030401
6830,520.3421732,3655.335253,107_8_1,1.883745551,0.902867794,270.8603516,501.9945068,54,158.9408417,100,1059.605591,6.367060184,74.21957397,0.884810448,0.252802968,38.02663793,0.004300401,133.8341675,12.01220202,932,467,0.002557927,11.78015181,23559,10.60213642,4.04679E-05,429.8012085,660.9353638,0.580000758,0.920345187,25.54771423,40.53911209,F070801030404_103,104,070801030404
6842,521.3701714,3654.601299,528_1_2,1.876545668,0.902686536,270.8059692,501.8937073,75,220.7067566,100,1471.378418,6.342724323,73.93589783,0.884632826,0.252752244,21.2415066,0.002402184,130.9993668,11.79858303,527,263,0.001440546,26.22164748,52443,23.59948331,9.00782E-05,491.5127258,722.6004639,1.02968049,1.868869662,11.47508049,20.82726669,F070802060502_104,108,070802060502
6873,520.8864642,3653.411661,183_5_1,1.837921977,0.902392685,270.717804,501.7303467,65,191.2170105,100,1274.780029,6.212176323,72.41412354,0.884344816,0.25266996,20.24757767,0.002289782,131.000145,11.79863787,502,251,0.001374817,6.924777269,13849,6.232299566,2.37884E-05,461.9348145,692.9473877,1.078557014,1.840377688,43.43786621,74.11948395,F070801030603_800,108,070801030603
6908,518.5222021,3651.334791,447_2_1,1.825734377,0.901879668,270.5639038,501.4450989,86,252.8509827,100,1685.673218,6.170982361,71.93393707,0.883842051,0.252526313,92.56732348,0.010468361,139.2184906,10.83119316,2351,1174,0.00643042,188.408013,376817,169.5672104,0.000647231,523.414917,754.2960815,0.230463296,0.445838928,1.595614552,3.086769581,F070802060603_426,108,070802060603
6919,524.8444284,3650.916226,499_12_1,1.90168488,0.901776314,270.5328979,501.3876343,78,229.3036804,100,1528.691162,6.427694798,74.92638397,0.883740783,0.252497375,43.47720519,0.004916801,130.9994736,11.79859042,1077,538,0.002946819,24.4677391,48935,22.02096577,8.40531E-05,499.8365784,730.6912842,0.502849281,0.929064274,12.28524208,22.69821358,F070802060704_476,108,070802060704
6934,518.9962228,3650.155825,593_1_1,1.843367577,0.9015885,270.4765625,501.2832031,70,205.7423096,100,1371.615356,6.230582237,72.628685,0.883556724,0.252444774,33.74365616,0.003816042,130.9999695,11.79862499,837,418,0.002289536,8.678699493,17357,7.810829639,2.98136E-05,476.2188721,707.0255127,0.64707309,1.139279604,34.62840271,60.96905136,F070802060802_57,108,070802060802
6943,519.9963566,3649.431238,507_15_2,1.882466316,0.901409507,270.4228516,501.1836853,84,246.8412628,100,1645.608398,6.362736225,74.16917419,0.883381307,0.252394676,25.97732051,0.002937754,139.4991913,12.49599616,749,374,0.002048532,9.025628008,18051,8.123065285,3.10054E-05,517.2640991,748.0249634,0.72305578,1.383059144,33.29074097,63.67843628,F070802060501_8,108,070802060501
6952,518.7072911,3648.616812,592_40_1,1.818653107,0.901208341,270.3624878,501.0718384,70,205.6555328,100,1371.036865,6.14704752,71.65493011,0.883184195,0.25233835,94.31409975,0.010665903,131.0002403,11.79864454,2275,1137,0.006227758,41.38054995,82761,37.24249491,0.000142153,476.0180054,706.727356,0.237785831,0.418661386,7.259516239,12.78158188,F070802060704_238,108,070802060704
6955,519.7376261,3648.496855,481_41_1,1.841410398,0.901178718,270.3536072,501.0553589,92,283.992157,100,1893.281006,6.223967075,72.55156708,0.883155167,0.252330035,57.03586795,0.006450139,133.1256866,9.794918895,1294,646,0.003538374,98.5215984,197043,88.66943942,0.000338447,554.3457642,785.0474854,0.41850403,0.858120382,3.049005508,6.251824379,F070802060603_311,108,070802060603
6978,515.5684374,3646.537876,845_76_1,1.975414157,0.900694847,270.2084656,500.7863464,92,270.1364136,100,1800.909424,6.67689991,77.83131409,0.882680953,0.252194554,20.29104117,0.002294697,130.9996338,6.47430104,497,248,0.001358385,26.65843391,53317,23.99258995,9.15787E-05,540.3448486,770.9227295,1.089550257,2.178809881,11.26216316,22.52132225,F070802060302_364,108,070802060302
6993,519.8530309,3645.636501,194_5_1,1.851684332,0.900472224,270.1416626,500.6625671,78,228.9719849,100,1526.479858,6.258693218,72.95635986,0.8824628,0.252132237,61.93426286,0.007004094,147.1496086,13.09933805,1817,909,0.00497892,58.14478721,116289,52.3303103,0.000199743,499.1136475,729.6345215,0.29718554,0.549079895,5.162240982,9.537754059,F070801030408_139,108,070801030408
6999,518.5425692,3645.173634,135_12_2,1.840699196,0.900357902,270.1073608,500.598999,78,228.9425964,100,1526.283936,6.221563339,72.52355194,0.882350743,0.252100199,46.92950318,0.005307218,140.0668823,12.53671017,1189,596,0.003264506,19.56341776,39126,17.60707617,6.72055E-05,499.0499573,729.541626,0.453200281,0.837332129,15.34084129,28.34371567,F070801030603_528,104,070801030603
7001,520.3921695,3645.114721,137_30_2,1.79701364,0.900343359,270.1029968,500.5909119,79,231.8744354,100,1545.82959,6.073905945,70.80233765,0.882336497,0.252096146,200.0000032,0.022617834,131.9447734,11.86863973,4841,2419,0.013249733,241.6304974,483262,217.4674485,0.000830064,501.977417,732.465332,0.111658946,0.207514435,1.242038727,2.308287621,F070802060602_267,108,070802060602
7031,519.4057377,3643.524996,165_8_2,1.820090652,0.899950683,269.985199,500.3725891,78,228.8394623,100,1525.596436,6.15190649,71.71157074,0.88195169,0.251986206,56.86594582,0.006430922,130.9981461,11.79849672,1410,705,0.003861538,30.22508866,60450,27.2025792,0.000103831,498.824646,729.2120361,0.382957727,0.707552671,9.924984932,18.33740234,F070802060407_23,108,070802060406
7036,520.6689216,3643.299428,48_8_2,1.821722507,0.899894953,269.9684753,500.3415833,78,228.8252869,100,1525.501953,6.157422066,71.77586365,0.881897032,0.251970589,72.20869573,0.008166021,138.3802582,12.39371166,1729,866,0.004743393,78.12634959,156253,70.31371597,0.000268384,498.7937622,729.1668701,0.311741889,0.575974345,3.839485168,7.09383297,F070801030601_36,104,070801030601
7037,517.1696124,3643.220842,60_17_1,1.814393163,0.899875522,269.9626465,500.33078,76,222.9531555,100,1486.35437,6.132648945,71.48709106,0.881878018,0.251965135,200.0000066,0.022617834,130.998645,10.02377675,4559,2279,0.012482902,146.5827919,293167,131.9245144,0.00050355,492.915802,723.2839355,0.118456624,0.216286004,2.046341896,3.736347198,F070801030202_367,104,070801030202
7072,519.106638,3640.950185,425_46_1,1.842769742,0.899314702,269.7944031,500.0189819,78,228.6777496,100,1524.518311,6.228561878,72.60512543,0.881328404,0.251808107,34.52862449,0.003904813,133.8319092,12.00849406,857,429,0.002349787,61.36444068,122729,55.22799509,0.000210803,498.472168,728.6967163,0.628891408,1.16193974,4.885102272,9.025715828,F070801030302_12,108,070801030302
7082,521.1100521,3640.455631,461_3_2,1.871317506,0.899192512,269.7577515,499.9510498,86,252.0974884,100,1680.649902,6.325053215,73.7299118,0.881208658,0.251773894,54.54992537,0.006169006,131.0000153,8.249085863,1353,677,0.003708172,52.77945248,105559,47.50150878,0.000181311,521.8552246,752.0485229,0.398460478,0.770834923,5.678930283,10.98607635,F070801030303_238,108,070801030303
7083,518.78047,3640.438826,474_28_1,1.835600734,0.899188399,269.7565308,499.948761,85,249.1646271,100,1661.097534,6.204330444,72.32266998,0.881204605,0.251772761,199.9999998,0.022617833,134.8534692,11.67546321,4873,2433,0.013326416,62.54270428,125083,56.28843445,0.000214851,518.9211426,749.1134033,0.110874034,0.213284478,4.792397022,9.21896553,F070801030301_514,108,070801030301
7104,517.8303935,3639.221808,406_5_1,1.750272632,0.898887813,269.6663513,499.7816162,78,228.5691986,100,1523.794678,5.915921688,68.96073914,0.880910039,0.2516886,22.64718273,0.002561151,139.5018539,12.46130466,624,312,0.001708936,9.711137339,19423,8.740023226,3.33603E-05,498.2355347,728.3508301,0.864315212,1.596908808,30.85419083,57.0062027,F070801030603_116,108,070801030603
7132,520.0367144,3637.792505,461_3_1,1.871317506,0.898534775,269.5604248,499.5853271,83,243.1250916,100,1620.833984,6.325053215,73.7299118,0.880564094,0.251589745,35.50888011,0.00401567,131.0002645,9.136484712,837,418,0.002289536,31.55863929,63117,28.40277484,0.000108412,512.6855469,742.7104492,0.644881427,1.226520419,9.490636826,18.05054474,F070801030303_238,108,070801030303
7141,470.6550591,3636.695831,399_29_2,1.982273221,0.898263872,269.4791565,499.4347229,92,269.4071655,100,1796.047729,6.700083256,78.1015625,0.880298615,0.251513898,62.22596693,0.007037083,133.1254463,11.95613337,1152,577,0.003160436,35.73770297,71475,32.16393268,0.000122768,538.8863525,768.8419189,0.467034936,0.933945179,8.378302574,16.75436783,F070802060601_433,108,070802060601
7144,515.9373912,3636.624785,106_9_1,1.81702137,0.898246348,269.4739075,499.4249573,48,140.5575867,100,937.0505981,6.141532421,71.59064484,0.880281448,0.251508981,76.26891271,0.008625188,152.0797668,13.54236259,2247,1124,0.006156552,34.73460162,69468,31.26114112,0.000119322,410.0314941,639.9825439,0.239745468,0.364796698,8.620091438,13.11633205,F070801030404_59,104,070801030404
7153,517.4661905,3636.360811,447_6_2,1.873674035,0.89818114,269.4543457,499.3887024,86,251.8140717,100,1678.760498,6.333018303,73.82275391,0.880217493,0.251490712,31.13286765,0.00352079,141.2018166,12.61023593,772,385,0.002108783,70.91992852,141840,63.82793462,0.000243629,521.2684326,751.2027588,0.699881434,1.353943944,4.22157383,8.166775703,F070802060603_581,108,070802060603
7154,518.1021711,3636.353163,33_10_1,1.83805871,0.898179233,269.4537659,499.3876648,78,228.3890228,100,1522.593506,6.212638378,72.41950989,0.880215645,0.251490176,36.27692308,0.004102527,131.0000229,11.79862881,835,417,0.002284059,9.857253099,19714,8.871528266,3.38622E-05,497.8427734,727.7766724,0.646172106,1.193867564,30.37286949,56.11691284,F070801030403_225,104,070801030403
7158,519.7847372,3636.095555,186_45_2,1.779389024,0.898115575,269.4346619,499.3522644,82,240.084259,100,1600.561768,6.014334679,70.10792542,0.880153239,0.251472354,145.9639232,0.016506938,138.0432717,12.35233116,3553,1777,0.009733268,225.5516739,451104,202.9965143,0.000774829,509.5189209,739.4365234,0.151623338,0.286729842,1.327287078,2.509988546,F070801030407_318,108,070801030407
7165,518.768202,3635.708191,137_24_1,1.938460231,0.89801991,269.4059753,499.2990723,71,207.855545,100,1385.703613,6.551995754,76.37533569,0.88005954,0.251445562,21.60035158,0.002442766,130.999115,8.249043266,533,266,0.001456978,35.6904974,71381,32.12144756,0.000122606,477.2615356,707.1546021,1.012804389,1.794216275,8.387105942,14.85803318,F070802060602_113,108,070802060602
7175,519.4829571,3635.485026,70_5_2,1.848222136,0.897964776,269.3894348,499.2684021,65,190.2786713,100,1268.524414,6.246990681,72.81995392,0.880005479,0.251430124,92.20683174,0.010427594,135.2522583,12.13005495,2321,1160,0.006353737,31.3203013,62640,28.18827111,0.000107593,459.6680908,689.5470581,0.232232273,0.396265596,9.556791306,16.30706978,F070801030601_267,104,070801030601
7178,518.0248558,3635.204403,135_1_1,1.835547805,0.897895515,269.3686523,499.2299194,74,216.6083069,100,1444.05542,6.20415163,72.32058716,0.879937589,0.251410753,28.83280344,0.003260678,143.2780507,12.79704444,742,370,0.002026623,24.56529912,49131,22.10876945,8.43882E-05,485.9769592,715.8382568,0.72802341,1.31345129,12.18379211,21.98118591,F070801030603_482,104,070801030603
7188,510.7747735,3634.719633,686_13_1,1.98075819,0.897775769,269.3327332,499.1633301,70,204.8724365,100,1365.816284,6.694962502,78.04187012,0.879820228,0.251377225,47.33949566,0.005353584,148.0011978,13.12379599,1306,652,0.003571238,31.22885203,62457,28.10596728,0.000107279,474.2051697,704.0357666,0.41308701,0.727308571,9.582759857,16.87204552,F070801030408_116,108,070801030408
7206,511.2220052,3633.860024,458_70_1,1.840746164,0.897563398,269.2690125,499.0452576,78,228.2324219,100,1521.549438,6.221722126,72.52539825,0.879612148,0.251317739,28.76265717,0.003252745,145.1666565,12.88818407,774,387,0.002119738,38.21238852,76425,34.39115047,0.00013127,497.5014343,727.27771,0.695785582,1.285533428,7.829601765,14.46597195,F070802060801_93,108,070802060801
7217,515.3835298,3633.331868,537_4_1,1.883009553,0.897432983,269.2298889,498.9727478,86,251.6039734,100,1677.359863,6.364572525,74.19057465,0.879484296,0.251281232,46.50455136,0.005259161,148.8505249,13.24112892,1279,640,0.00350551,33.20696068,66414,29.88626385,0.000114075,520.8338623,750.5767212,0.420671701,0.813802898,9.008482933,17.42719841,F070801010302_10,108,070801010302
7232,518.05693,3632.462149,133_2_2,1.889833212,0.897218168,269.1654358,498.853302,84,245.6942139,100,1637.961426,6.387636185,74.45942688,0.879273832,0.251221091,29.18255579,0.003300231,115.7508354,10.89300299,615,307,0.001681549,3.755069256,7510,3.379562378,1.28996E-05,514.8596191,744.5474854,0.876760364,1.677067161,79.64505768,152.3450623,F070802060302_270,108,070802060302
7234,518.0777077,3632.373236,161_6_2,1.828544497,0.897196174,269.158844,498.8410645,80,233.9887085,100,1559.924683,6.18048048,72.04465485,0.879252255,0.251214921,134.2669946,0.015184142,133.832784,12.01943127,3310,1654,0.009059553,95.77423292,191549,86.19681007,0.00032901,503.1475525,732.8297729,0.162732065,0.304200441,3.122607946,5.837194443,F070802060602_192,108,070802060602
7261,517.7324754,3630.644157,430_6_2,1.833473563,0.896769106,269.0307312,498.6036377,70,204.6427002,100,1364.284668,6.197140694,72.23886108,0.878833711,0.251095355,50.54892468,0.005716536,151.6850014,13.51758862,1155,577,0.003160436,39.14468777,78288,35.23021936,0.000134472,473.6734314,703.2463379,0.466257781,0.82092452,7.636362553,13.44508934,F070801030302_143,108,070801030302
7274,517.4597779,3630.107272,124_9_1,1.899034023,0.896636486,268.9909363,498.5298767,53,154.9207764,100,1032.805176,6.418735027,74.82193756,0.878703773,0.251058221,200.0000018,0.022617833,138.405304,10.96399598,3677,1838,0.010067387,42.34540743,84691,38.1108675,0.000145468,423.9117126,653.4506836,0.146349803,0.230637491,7.058116436,11.12311935,F070801030409_482,104,070801030409
7275,517.5904274,3630.094857,664_21_2,1.879368186,0.896633446,268.9900208,498.5281982,78,227.9959564,100,1519.973022,6.352264404,74.04710388,0.878700793,0.251057357,188.0085226,0.021261727,139.4969574,10.59319121,4343,2172,0.011896825,41.3502655,82701,37.21523905,0.000142049,496.9859619,726.5241699,0.123844393,0.2288149,7.227953434,13.35436726,F070801030402_188,104,070801030402
7280,517.409132,3629.88529,194_16_2,1.836533546,0.89658165,268.9744873,498.4993896,78,227.9825897,100,1519.883911,6.207483292,72.35942078,0.87865001,0.251042873,25.68337028,0.002904511,140.0658112,12.55023193,484,242,0.001325521,64.71235802,129425,58.24112297,0.000222304,496.9570923,726.4819946,1.111464858,2.05354166,4.618291378,8.532752991,F070801030408_139,108,070801030408
7281,518.8264521,3629.818385,102_8_1,1.853285074,0.896565139,268.9695435,498.4902039,78,227.9785767,100,1519.857178,6.264103413,73.01943207,0.878633857,0.251038253,114.5971276,0.012959694,141.8790741,12.64009953,2553,1277,0.006994588,91.73794131,183476,82.56414597,0.000315144,496.9481201,726.46875,0.21062611,0.389152795,3.25770402,6.018933773,F070801030406_756,104,070801030406
7289,519.2328624,3629.195213,484_12_1,1.825442791,0.89641124,268.9233704,498.4046631,86,251.3174744,100,1675.449829,6.169996738,71.9224472,0.878482997,0.250995159,31.88237124,0.003605551,132.700647,11.92465229,687,344,0.001884212,8.716951851,17434,7.845256783,2.9945E-05,520.2408447,749.722168,0.781753957,1.512328029,34.27846527,66.31278992,F070801030301_489,108,070801030301
7293,519.0971779,3628.952557,194_21_2,1.867942452,0.896351278,268.9053955,498.3713074,70,204.547226,100,1363.648193,6.313645363,73.59693146,0.878424227,0.250978351,140.594768,0.015899745,132.4144847,10.36724654,2962,1480,0.008106492,402.8217835,805643,362.5395989,0.001383798,473.4526367,702.9185181,0.181692839,0.319900423,0.741726935,1.305933595,F070801030408_31,108,070801030408
7295,517.2361038,3628.923578,104_8_2,1.808057904,0.896344125,268.9032288,498.3673401,86,251.2989197,100,1675.326172,6.111235619,71.23748016,0.878417253,0.250976354,200.0000015,0.022617833,136.4820684,12.24653983,4982,2490,0.013638625,245.3129852,490625,220.7816885,0.000842714,520.2021484,749.6662598,0.107993267,0.20891653,1.217959881,2.35618329,F070802060602_278,108,070802060602
7296,512.1423768,3628.874921,166_3_1,1.963604927,0.896332085,268.8996277,498.3606262,78,227.9193268,100,1519.462158,6.636984825,77.36603546,0.878405452,0.250972986,64.92431396,0.007342237,132.4176509,11.90368001,1595,798,0.004370933,25.99797368,51995,23.39817595,8.93098E-05,496.8189697,726.2799683,0.336966962,0.622580171,11.49233246,21.23323441,F070802060406_122,108,070802060406
7316,516.0924885,3627.534276,129_1_2,1.814952493,0.896000981,268.800293,498.1765442,86,251.2028351,100,1674.685547,6.134539604,71.50912476,0.878080964,0.250880271,35.761771,0.004044269,135.2502098,12.12992048,938,470,0.002574359,47.48250676,94965,42.73425547,0.000163115,520.0031128,749.3793945,0.571915507,1.106389642,6.290042877,12.16829681,F070801030407_191,108,070801030407
7324,515.9564441,3627.208895,462_3_2,1.759677529,0.895920575,268.7761841,498.1318359,78,227.8144073,100,1518.762695,5.947710037,69.3312912,0.878002167,0.25085777,199.9999969,0.022617833,141.4983288,12.63861245,5317,2658,0.014558822,131.1677892,262335,118.0510101,0.000450596,496.5905762,725.946228,0.101119705,0.186828658,2.276780128,4.206576347,F070801030301_116,108,070801030301
7329,515.309981,3626.877806,70_10_2,1.843653321,0.895838797,268.7516479,498.0863647,54,157.7034607,100,1051.356445,6.231548309,72.63993835,0.877921999,0.250834852,84.00889421,0.009500496,131.0023468,11.79879284,1869,935,0.005121331,27.37718135,54754,24.63946354,9.40478E-05,426.4551086,655.7897949,0.287434906,0.456101716,10.9073658,17.30780792,F070801030601_267,104,070801030601
7330,515.8583265,3626.86194,53_1_2,1.813356161,0.895834923,268.7504883,498.0842285,78,227.7928467,100,1518.619019,6.129143715,71.44623566,0.877918243,0.25083378,171.9213568,0.019442443,134.7788849,10.99232382,3328,1665,0.009119804,415.1296434,830258,373.6166686,0.001426079,496.543335,725.8770752,0.161411703,0.298224211,0.719321489,1.329018116,F070801030601_203,104,070801030601
7332,515.8180854,3626.813765,109_3_1,1.920952916,0.895823002,268.7468872,498.0775757,80,233.6306458,100,1557.537598,6.49282074,75.68554688,0.877906561,0.250830442,29.24054408,0.003306789,131.0009689,8.249130686,356,178,0.00097497,21.28683949,42574,19.15815544,7.31259E-05,502.377533,731.708252,1.509814024,2.822345734,14.02780628,26.22264671,F070801030406_345,108,070801030406
7336,518.1224373,3626.5994,430_16_1,1.862956882,0.895770073,268.7310181,498.0481567,70,204.4145813,100,1362.763916,6.296794415,73.40049744,0.877854645,0.25081563,52.08646119,0.005890414,149.7012512,13.34387779,1510,755,0.004135406,51.60728896,103215,46.44656104,0.000177285,473.1455994,702.4627686,0.355935127,0.626682937,5.785810947,10.18688107,F070801030302_156,108,070801030302
7343,516.0468455,3626.236482,27_13_1,1.868956566,0.895680428,268.7041321,497.9983215,61,178.1150055,100,1187.43335,6.317073345,73.6368866,0.877766848,0.250790507,124.771181,0.014110269,135.2501068,9.92086761,3221,1611,0.008824026,80.26925477,160539,72.24233101,0.000275746,446.8191528,676.1133423,0.166793376,0.277355164,3.719483137,6.185004711,F070801030202_216,104,070801030202
7345,515.7792179,3626.133895,842_22_1,1.77317369,0.895655096,268.6965332,497.9842224,78,227.746933,100,1518.312866,5.993327141,69.86304474,0.877741992,0.250783414,200.0000007,0.022617833,132.4999102,11.91361831,4835,2418,0.013244255,67.37802756,134756,60.64022487,0.000231461,496.4434814,725.7311401,0.111123465,0.205311611,4.430994987,8.186702728,F070801030602_388,104,070801030602
7353,518.5052774,3625.579123,425_37_2,1.802407026,0.895518064,268.655426,497.9080505,78,227.7121124,100,1518.080811,6.092135906,71.01483917,0.877607703,0.250745058,200.0000009,0.022617833,133.8327823,12.0310617,5250,2625,0.014378069,238.1493834,476299,214.3344434,0.000818105,496.3675537,725.6201782,0.102344923,0.189092398,1.253440261,2.315855265,F070801030302_15,108,070801030302
7358,519.6914849,3625.354052,537_26_1,1.873649478,0.895462453,268.6387329,497.8771362,83,242.2940063,100,1615.293335,6.332935333,73.8217926,0.877553225,0.250729501,32.03863335,0.003623222,131.0011597,11.79870939,795,397,0.002174512,56.81516075,113630,51.1336441,0.000195175,510.9327393,740.1711426,0.676671863,1.286984205,5.253659248,9.99210453,F070801010302_42,108,070801010302
7359,515.9313762,3625.312966,495_7_2,1.805562496,0.895452321,268.6356812,497.8714905,86,251.0490112,100,1673.660034,6.102801323,71.13916016,0.877543271,0.25072664,31.18860179,0.003527093,130.9987717,11.79854107,772,386,0.002114261,13.30189837,26604,11.97170826,4.56955E-05,519.6846924,748.9205322,0.695947349,1.346333385,22.43921089,43.40940094,F070802060501_363,108,070802060501
7364,515.6945903,3625.0563,27_13_2,1.868956566,0.895388901,268.6166687,497.8362427,60,175.1380615,100,1167.587036,6.317073345,73.6368866,0.877481103,0.250708878,47.23386544,0.005341638,130.9994202,8.249057889,1076,538,0.002946819,45.72542763,91451,41.15288544,0.000157079,443.7547302,672.9743042,0.499287486,0.824822903,6.52728653,10.78307724,F070801030202_216,104,070801030202
7385,516.9124486,3624.244545,658_48_1,1.828893065,0.895188391,268.5565186,497.7247314,78,227.6283264,100,1517.522217,6.181658745,72.05838776,0.877284646,0.25065276,54.99809249,0.006219688,133.125351,11.95612717,1359,679,0.003719127,36.79590823,73592,33.11631677,0.000126404,496.184845,725.3530273,0.395517707,0.73075825,8.109492302,14.98309231,F070801030401_557,104,070801030401
7413,513.8912081,3623.180845,563_1_1,1.825276732,0.894925654,268.4776917,497.5786743,79,230.4789124,100,1536.526123,6.169435501,71.91590118,0.877027154,0.250579178,30.32826567,0.003429798,131.0005646,11.79866727,752,376,0.002059487,20.20089984,40402,18.18080974,6.93954E-05,498.956604,728.0576172,0.714036405,1.3270123,14.76709175,27.44413567,F070802060501_130,108,070802060501
7417,514.4048936,3623.10678,159_17_1,1.856271625,0.894907355,268.4721985,497.5684814,65,189.6308746,100,1264.205811,6.274198055,73.13710022,0.877009213,0.250574052,191.0416683,0.021604743,136.2614267,12.19987733,4929,2465,0.013501691,73.45154436,146904,66.10638855,0.000252325,458.1030884,687.1993408,0.108913668,0.185843036,4.06121397,6.929785252,F070801030603_625,104,070801030603
7433,518.1320736,3622.118722,70_5_1,1.848222136,0.894663334,268.3989868,497.4328003,66,192.4950867,100,1283.300537,6.246990681,72.81995392,0.876770079,0.250505745,30.22761357,0.003418416,131.0008087,11.7986846,636,318,0.0017418,8.569847756,17140,7.712862885,2.94397E-05,460.8940735,689.9278564,0.844021976,1.449352384,34.79887772,59.75654984,F070801030601_267,104,070801030601
7437,516.2982338,3622.019831,96_9_1,1.904905081,0.894638896,268.3916626,497.41922,78,227.4886322,100,1516.59082,6.438579082,75.0532608,0.876746118,0.250498891,64.77813134,0.007325705,138.3657318,12.36035404,1684,842,0.004611937,43.89636806,87792,39.50673106,0.000150796,495.8803101,724.9078369,0.318754941,0.588931501,6.793568134,12.5517931,F070801030406_489,104,070801030406
7438,514.2466681,3622.013026,49_1_1,1.880286455,0.894637227,268.3911743,497.4183044,78,227.4883575,100,1516.589111,6.355368137,74.0832901,0.876744509,0.250498414,45.75959113,0.005174914,140.442276,12.52484067,1164,582,0.003187823,18.61916225,37238,16.75724636,6.39617E-05,495.8795166,724.9066772,0.461153209,0.852026641,16.01642418,29.59194565,F070801030601_304,104,070801030601
7446,515.9349667,3621.640758,387_10_2,1.830070615,0.894545257,268.3635864,497.367157,86,250.7944336,100,1671.962891,6.185638905,72.1047821,0.876654327,0.250472665,31.89758015,0.003607271,130.9999466,11.79862356,792,396,0.002169034,31.40314007,62806,28.26282644,0.000107878,519.15802,748.1616211,0.677685797,1.311005116,9.495285034,18.36893463,F070802060601_108,108,070802060601
7453,514.2424662,3621.075844,159_17_2,1.856271625,0.894405723,268.3217163,497.2895813,65,189.5244141,100,1263.496094,6.274198055,73.13710022,0.876517594,0.250433594,27.48517227,0.003108275,142.3313192,12.66009394,735,367,0.002010191,8.905786574,17811,8.015207767,3.05937E-05,457.8461304,686.8139648,0.731121838,1.247537136,33.47657776,57.12217712,F070801030603_625,104,070801030603
7458,516.6478493,3620.830758,442_12_1,1.846197486,0.894345224,268.3035583,497.2559509,70,204.0896149,100,1360.597412,6.240147591,72.74018097,0.876458347,0.250416666,24.13252255,0.002729127,134.7757874,12.08315404,606,304,0.001665117,12.80856673,25618,11.52770998,4.40008E-05,472.3931885,701.3455811,0.882577479,1.553924918,23.27466202,40.97892761,F070801030301_47,108,070801030301
7473,517.2672931,3619.779041,48_9_1,1.849127412,0.894085407,268.2256165,497.1114807,78,227.3480835,100,1515.653931,6.250050545,72.85562134,0.876203716,0.250343919,84.17710337,0.009519518,146.8665771,13.09124931,2439,1219,0.006676901,60.64815587,121296,54.58334017,0.000208342,495.5737,724.4595947,0.220037416,0.406541169,4.914056301,9.079211235,F070801030601_36,104,070801030601
7491,515.5476843,3618.761121,425_53_1,1.831342697,0.893833995,268.1502075,496.9717102,78,227.2841034,100,1515.227295,6.189938545,72.1548996,0.87595731,0.250273526,81.75959212,0.009246124,139.4985657,12.46103811,2019,1010,0.005532133,50.88392639,101767,45.79553413,0.0001748,495.4343262,724.2557983,0.265495241,0.490529031,5.855379105,10.81839848,F070801030302_224,108,070801030302
7497,515.9892262,3618.039345,701_9_2,1.849497795,0.893655717,268.0967102,496.8725891,78,227.2386169,100,1514.924072,6.251302719,72.87021637,0.875782609,0.250223607,73.41185641,0.008302086,151.4008331,13.42160368,2053,1026,0.005619771,50.11679161,100234,45.10511136,0.000172164,495.3353271,724.1112061,0.261302829,0.48278296,5.943820953,10.98180008,F070801030302_115,108,070801030302
7506,508.0516993,3617.192029,406_2_2,2.020970821,0.893446445,268.0339355,496.7562256,78,227.1855316,100,1514.57019,6.830881596,79.62625122,0.875577509,0.250165015,38.25338483,0.004326043,152.5329692,13.53291702,804,402,0.002201899,27.04124534,54082,24.33712137,9.28938E-05,495.2194824,723.9417725,0.666751087,1.231889248,11.0133791,20.3483181,F070801030603_260,108,070801030603
7532,514.596678,3615.649792,578_8_1,1.807503223,0.893065512,267.9196472,496.5444336,75,218.3544922,100,1455.696655,6.109360695,71.21562958,0.875204206,0.250058353,200.000002,0.022617833,132.2603472,11.89360799,4564,2283,0.012504812,218.7101012,437419,196.8390886,0.000751326,486.2741394,714.8989258,0.117354207,0.212997869,1.361109972,2.4704144,F070802060501_241,108,070802060501
7548,513.0581432,3614.888775,59_8_1,1.808059454,0.892877519,267.8632507,496.4399109,78,227.0407104,100,1513.604736,6.111240864,71.2375412,0.875019968,0.250005692,50.17471534,0.005674217,137.8002116,12.33961042,1338,668,0.003658876,17.95819017,35916,16.16237153,6.16911E-05,494.9039612,723.4805908,0.4009929,0.740874171,16.57326317,30.62075233,F070801030202_171,104,070801030202
7549,517.2096307,3614.843866,119_33_2,1.864072204,0.892866433,267.8599243,496.4337463,78,227.0380402,100,1513.586914,6.300563812,73.44444275,0.87500912,0.250002593,34.6840404,0.003922389,143.4693604,12.75973988,508,254,0.001391249,19.61677386,39234,17.65509647,6.73888E-05,494.8979492,723.4718018,1.054566622,1.948417068,15.17181873,28.03145027,F070801030406_74,104,070801030406
7553,514.8064998,3614.516661,425_40_1,1.812950134,0.892785609,267.8356934,496.3887939,78,227.0173645,100,1513.449097,6.127771378,71.43023682,0.874929905,0.249979973,36.86513609,0.004169048,142.3337504,12.68203449,917,459,0.002514108,41.66087482,83322,37.49478846,0.000143116,494.8530579,723.4061279,0.583520055,1.078111291,7.143278122,13.19791603,F070801030302_188,108,070801030302
7565,513.2517019,3613.69656,495_2_1,1.801301837,0.892583072,267.7749329,496.2761841,84,244.4249268,100,1629.499512,6.088400364,70.97129059,0.874731421,0.249923259,29.72706717,0.003361809,144.6003723,12.92615199,821,410,0.002245717,9.101740301,18203,8.191566184,3.12669E-05,512.1998291,740.7011108,0.65310961,1.249267817,32.68910217,62.52770615,F070802060501_363,108,070802060501
7567,516.0112828,3613.573459,443_5_2,1.924177289,0.892552674,267.7658081,496.2592773,78,226.9582977,100,1513.055298,6.50371933,75.81258392,0.874701619,0.24991475,200,0.022617833,137.233106,12.28993972,5362,2681,0.014684801,270.3041602,540609,243.2737428,0.000928566,494.7241211,723.2175903,0.099875346,0.184529692,1.100677013,2.033610821,F070801030303_741,108,070801030303
7581,515.3297756,3612.86637,425_5_2,1.841713428,0.892377973,267.7133789,496.1621399,70,203.6406555,100,1357.60437,6.224991322,72.56350708,0.874530435,0.24986583,200.0000011,0.022617833,133.4286259,11.9879194,4961,2480,0.013583852,204.780856,409561,184.3027695,0.000703476,471.3540344,699.8027954,0.107948944,0.190062106,1.452573776,2.557498455,F070801030302_181,108,070801030302
7611,513.1337708,3611.032767,447_7_2,1.801695704,0.891925097,267.5775146,495.9103394,81,235.5217438,100,1570.14502,6.089731693,70.98680878,0.874086618,0.249739021,33.07791507,0.003740754,131.0006104,6.474335372,819,410,0.002245717,77.77320862,155546,69.99588776,0.000267171,503.0992432,731.4320679,0.652628064,1.227071285,3.822760582,7.187554359,F070802060603_581,108,070802060603
7612,514.9505544,3610.902969,474_8_1,1.824908257,0.891893029,267.5679016,495.8925171,86,250.0509338,100,1667.006226,6.168190002,71.90138245,0.874055147,0.249730051,25.00232819,0.002827492,130.9984131,11.79851532,620,310,0.001697981,9.969595909,19939,8.97263632,3.42482E-05,517.6188354,745.9434814,0.863122284,1.669738173,29.82043266,57.68860245,F070801030301_300,108,070801030301
7620,515.1291851,3610.703815,474_8_2,1.824908257,0.891843855,267.5531616,495.8651733,86,250.0370789,100,1666.913818,6.168190002,71.90138245,0.874006987,0.249716282,117.3369809,0.013269541,137.798291,12.32853317,3114,1556,0.008522771,47.97863323,95957,43.18076991,0.000164819,517.59021,745.9022217,0.171949327,0.332641512,6.196118355,11.98659039,F070801030301_299,108,070801030301
7638,516.5155485,3610.127601,194_3_2,1.857661128,0.891701519,267.5104675,495.7860413,78,226.741745,100,1511.611572,6.278894424,73.19184875,0.873867512,0.249676421,30.41557915,0.003439672,148.0005493,13.12374067,840,420,0.002300491,19.82872148,39657,17.84584838,6.81168E-05,494.2521973,722.527771,0.636929691,1.176790953,14.99006748,27.69564056,F070801030408_134,108,070801030408
7641,512.9035337,3609.888604,59_14_2,1.845644236,0.891642511,267.4927673,495.7532349,78,226.7268219,100,1511.512207,6.238277435,72.71838379,0.873809636,0.249659896,60.37766843,0.00682806,136.7801941,12.24920158,1449,724,0.003965608,24.1852553,48371,21.76672941,8.30827E-05,494.2196045,722.4800415,0.369465142,0.682623744,12.28906536,22.70527649,F070801030202_405,104,070801030202
7648,514.5550288,3609.674723,84_21_2,1.860999346,0.891589642,267.4768982,495.7238464,78,226.7133484,100,1511.422363,6.290177822,73.32337189,0.873757839,0.249645099,45.1628393,0.005107428,151.3993835,13.42147446,1272,636,0.003483601,28.26391411,56528,25.43752289,9.70939E-05,494.1902466,722.4371948,0.420561165,0.77702868,10.5150528,19.42760849,F070801030406_463,104,070801030406
7650,514.759972,3609.628324,723_67_2,1.884872198,0.891578197,267.4734497,495.7174683,77,223.8039551,100,1492.026367,6.370868206,74.26396179,0.873746634,0.249641895,29.19626427,0.003301781,131.0002899,11.79864788,724,362,0.001982804,12.21951199,24439,10.9975605,4.19772E-05,491.2774048,719.5214233,0.738876939,1.357119918,24.32116127,44.67148972,F070801010405_41,108,070801010405
7660,514.8289174,3608.918852,559_6_1,1.876646757,0.89140296,267.4208984,495.6200562,84,244.1017914,100,1627.345215,6.343066216,73.93988037,0.873574913,0.249592826,21.34018335,0.002413344,131.0018463,11.79875803,529,264,0.001446023,14.19718647,28394,12.77746744,4.8771E-05,511.5227051,739.7218628,1.012957931,1.93758595,20.92910004,40.03318405,F070802060501_185,108,070802060501
7665,512.0466486,3608.431327,56_12_1,1.808303952,0.891282558,267.3847656,495.5531006,78,226.6353302,100,1510.902222,6.112067223,71.24717712,0.873456895,0.249559119,78.08652519,0.00883074,139.5041656,8.691006462,1602,801,0.004387365,18.8117896,37624,16.93061092,6.46234E-05,494.0200806,722.1884155,0.333813697,0.616754174,15.79297829,29.17910576,F070801030405_201,104,070801030405
7669,514.0651142,3608.258031,556_16_2,1.80908227,0.891239762,267.3719177,495.5292969,79,229.529892,100,1530.199219,6.114697933,71.27783966,0.873414993,0.249547139,25.39543959,0.002871949,130.9989421,11.79855283,598,299,0.001637731,56.91830033,113837,51.22646874,0.000195529,496.9017944,725.0592041,0.894220471,1.661878943,5.219409466,9.700098991,F070802060501_261,108,070802060501
7670,487.0451996,3608.205889,450_31_1,1.894671559,0.891226828,267.368042,495.5221252,70,203.3778992,100,1355.852661,6.403989792,74.65006256,0.873402297,0.249543518,142.6071366,0.016127322,142.332666,12.74468384,3933,1967,0.010773966,143.5844836,287169,129.2260332,0.00049325,470.7459412,698.9000244,0.135926813,0.239321783,2.068995237,3.642810345,F070801030301_281,108,070801030301
7698,514.2563114,3606.557539,194_7_1,1.838392377,0.890819728,267.2459106,495.2957764,78,226.5176239,100,1510.117432,6.213766098,72.43266296,0.873003364,0.249429524,199.9999984,0.022617833,143.815763,12.82588306,5411,2706,0.014821735,325.4051086,650810,292.8646016,0.001117852,493.7635498,721.8134155,0.098760501,0.182469904,0.912523746,1.685978889,F070801030408_139,108,070801030408
7700,513.6710218,3606.465553,528_1_1,1.876545668,0.890797019,267.2391052,495.2831421,76,220.703186,100,1471.354614,6.342724323,73.93589783,0.872981071,0.249423161,143.4143455,0.016218609,148.3393463,13.22416983,4061,2028,0.011108085,119.1382173,238276,107.2243952,0.000409271,487.9422913,715.9863281,0.131774709,0.240602702,2.492334843,4.550664902,F070802060502_104,108,070802060502
7707,513.6265104,3606.065478,425_50_2,1.823045135,0.890698195,267.2094727,495.2282104,78,226.4865875,100,1509.910645,6.161892414,71.82798004,0.872884214,0.24939549,121.0366014,0.013687928,138.4803772,12.38825054,3163,1582,0.008665183,84.90538152,169811,76.41484465,0.000291672,493.6960449,721.7147827,0.168906108,0.312070817,3.496826649,6.460734844,F070801030302_188,108,070801030302
7709,515.0974893,3605.922264,430_20_2,1.980104923,0.890662789,267.198822,495.2084961,69,200.3455963,100,1335.637329,6.692754745,78.01613617,0.872849524,0.24938558,48.7632097,0.005514591,147.2920303,13.13877869,1248,625,0.00342335,50.81238121,101624,45.73114222,0.000174554,467.5444336,695.5540771,0.427518129,0.748071074,5.842819691,10.22376442,F070801030302_156,108,070801030302
7723,512.8055138,3605.452154,425_2_1,1.867836833,0.890546679,267.1640015,495.1439514,78,226.4482117,100,1509.654785,6.313288689,73.59277344,0.872735739,0.249353066,123.5771847,0.013975241,148.9448395,13.23874728,3411,1706,0.009344375,163.0060778,326012,146.7054672,0.000559969,493.6122131,721.5921631,0.156602576,0.289338917,1.821090937,3.364647627,F070801030302_75,108,070801030302
7731,513.2691884,3604.957347,466_4_2,1.814723969,0.89042449,267.1273499,495.0760193,78,226.4171448,100,1509.447632,6.133767128,71.50012207,0.872615993,0.249318853,102.2162447,0.01155955,149.4174652,13.29628992,2715,1358,0.007438254,32.55614567,65113,29.30053043,0.000111839,493.5444946,721.4931641,0.196706444,0.363434821,9.116808891,16.8442173,F070801030301_179,108,070801030301
7746,515.6655936,3604.381202,119_25_2,1.886034012,0.890282154,267.0846558,494.9968872,78,226.3809509,100,1509.206299,6.37479496,74.30973816,0.872476518,0.249279007,145.6871188,0.016475635,142.0393025,12.6893855,3894,1947,0.010664419,81.74101733,163482,73.56691665,0.000280802,493.4656067,721.3778076,0.137177527,0.253449202,3.630499601,6.707710743,F070801030406_73,104,070801030406
7767,514.0532686,3603.053407,430_4_2,1.876974821,0.889954209,266.9862671,494.8145447,70,203.0871124,100,1353.914063,6.344174862,73.95280457,0.87215513,0.249187171,37.55664223,0.004247249,144.6009445,12.92620564,1106,553,0.00302898,28.52533048,57051,25.67279838,9.7992E-05,470.0733643,697.9016724,0.482796133,0.850042224,10.39957809,18.31017303,F070801030302_143,108,070801030302
7783,512.4127208,3602.279,680_20_1,1.854456186,0.889762938,266.928894,494.7081909,79,229.149353,100,1527.662354,6.268062115,73.06557465,0.871967673,0.249133617,43.1639234,0.004881372,136.6660258,12.24027348,962,480,0.002629133,18.32828546,36657,16.49545652,6.29625E-05,496.0782471,723.8575439,0.556101859,1.03349638,16.18196487,30.07362938,F070801030407_620,108,070801030407
7802,513.9767969,3601.344538,135_12_1,1.840699196,0.889532089,266.8596191,494.579834,78,226.1901703,100,1507.934448,6.221563339,72.52355194,0.871741474,0.24906899,55.58654355,0.006286236,136.6667389,12.27168541,1282,641,0.003510987,26.26381033,52527,23.63742987,9.02231E-05,493.0498047,720.7700195,0.416317672,0.769188464,11.28970528,20.85885811,F070801030603_528,104,070801030603
7817,514.9560888,3600.682339,135_5_2,1.843647599,0.889368534,266.8105469,494.4888916,78,226.1486359,100,1507.657593,6.231528759,72.6397171,0.871581137,0.249023184,88.97785842,0.010062432,141.5242484,12.66376713,1803,901,0.004935101,36.08865374,72178,32.47978905,0.000123974,492.9591675,720.6375122,0.296127141,0.547124505,8.214663506,15.17741299,F070801030603_476,104,070801030603
7825,511.3773543,3600.216857,474_36_2,1.784312487,0.889253557,266.776062,494.4249878,78,226.1194,100,1507.462646,6.030976295,70.3019104,0.871468484,0.248990998,116.1066773,0.013130407,133.8340912,12.0086511,2881,1441,0.007892875,65.82608208,131652,59.24347472,0.00022613,492.8954468,720.5443726,0.185132593,0.34205097,4.503045559,8.31982708,F070801030301_36,108,070801030301
7830,514.8092117,3600.062787,136_8_2,1.813322067,0.889215529,266.7646484,494.4038391,78,226.1095123,100,1507.396729,6.129028797,71.44489288,0.871431231,0.248980343,34.9823935,0.00395613,136.6674296,12.24036598,869,434,0.002377174,11.57297009,23146,10.4156732,3.97562E-05,492.8741455,720.5133667,0.614665091,1.135654688,25.61184883,47.32043076,F070801030603_520,104,070801030603
7843,514.0330129,3599.158107,545_8_2,1.831431508,0.888992071,266.6976318,494.2796021,70,202.867981,100,1352.453247,6.190238476,72.15840149,0.871212244,0.248917773,75.95347031,0.008589515,141.5241263,12.66374711,2090,1045,0.005723841,90.08857099,180176,81.07971505,0.000309478,469.5656128,697.147583,0.255213052,0.449345082,3.289326191,5.791406631,F070801010301_106,108,070801010301
7855,513.2510172,3598.560637,166_49_1,1.810792089,0.88884449,266.6533508,494.1975403,89,257.8887939,100,1719.258667,6.1204772,71.34520721,0.871067584,0.248876452,199.9999989,0.022617833,138.8018705,12.41488354,5246,2624,0.014372591,147.0982602,294196,132.3884345,0.000505321,524.5421143,752.0863037,0.101620942,0.199901715,2.014173985,3.962144613,F070802060406_116,108,070802060406
7858,514.4022975,3598.498957,466_5_2,1.877295136,0.888829231,266.6487732,494.1890564,78,226.0114899,100,1506.743286,6.345257759,73.96543121,0.871052623,0.248872191,99.686234,0.011273433,143.0429497,12.76103592,2722,1361,0.007454686,35.57618344,71152,32.0185653,0.000122213,492.6602783,720.2005615,0.195921212,0.361984044,8.327942848,15.38670731,F070801030301_179,108,070801030301
7893,513.9632999,3596.868,425_17_2,1.828238606,0.888426423,266.5279236,493.9650879,78,225.9084015,100,1506.05603,6.179446697,72.0326004,0.870657921,0.248759404,42.09119003,0.004760058,130.9997482,11.79860973,1003,501,0.002744157,121.2649975,242530,109.1384954,0.000416577,492.4363403,719.8734741,0.531991839,0.982906878,2.442107439,4.512031555,F070801030302_224,108,070801030302
7909,512.1450954,3596.221023,59_4_1,1.83918798,0.888266563,266.4799805,493.8762207,78,225.8684235,100,1505.789551,6.21645546,72.46400452,0.87050122,0.248714641,21.0799675,0.002383916,131.000824,11.79868603,523,262,0.001435068,5.732782841,11466,5.159504414,1.96936E-05,492.3483887,719.7446289,1.017099142,1.879192352,51.64836884,95.42552185,F070801030202_171,104,070801030202
7911,510.7556926,3595.991512,425_36_1,1.859378457,0.888209879,266.4629517,493.844696,78,225.8540039,100,1505.693359,6.284698963,73.25951385,0.870445669,0.248698771,21.1584425,0.002392791,139.5005646,12.42856789,461,230,0.001259793,12.229702,24459,11.00673199,4.20122E-05,492.3169556,719.6987305,1.158534527,2.140508413,24.20908928,44.72871399,F070801030302_269,108,070801030302
7924,514.1414293,3595.603676,474_5_2,1.839049339,0.888114095,266.4342346,493.7914429,86,248.9912262,100,1659.941528,6.215986729,72.45854187,0.870351791,0.248671949,39.89198198,0.004511351,139.4991531,12.46109676,989,494,0.002705816,15.40427792,30808,13.86385013,5.29177E-05,515.4254761,742.7826538,0.539340556,1.043371439,19.21791077,37.17765808,F070801030301_299,108,070801030301
7927,512.5674523,3595.490645,425_28_2,1.864441276,0.8880862,266.4258728,493.7759399,78,225.8225555,100,1505.483643,6.301811695,73.45898438,0.870324492,0.248664141,200.0000015,0.022617833,136.9237865,10.57269417,4853,2425,0.013282597,175.5654343,351131,158.0088931,0.000603113,492.2484131,719.5985107,0.109866336,0.202989042,1.686144829,3.115320921,F070801030302_224,108,070801030302
7932,515.5002936,3595.302159,135_9_1,1.899856806,0.888039649,266.4118958,493.7500305,77,222.9156189,100,1486.104126,6.421515942,74.85435486,0.870278835,0.248651102,199.999995,0.022617833,142.5517179,12.72064026,5107,2552,0.013978222,131.84531,263691,118.6607794,0.000452923,489.3275146,716.6656494,0.104393378,0.191742763,2.245155334,4.123751163,F070801030603_811,104,070801030603
7942,512.3541267,3594.884164,489_10_1,1.789872289,0.887936413,266.3809204,493.6926575,78,225.7844086,100,1505.22937,6.049768448,70.52096558,0.870177686,0.248622194,22.45681087,0.002539622,138.0825233,12.38979387,501,250,0.00136934,13.49494244,26990,12.14544856,4.63587E-05,492.1653442,719.4770508,1.065523624,1.968661427,21.93257141,40.52261734,F070802060502_486,108,070802060502
7947,509.6626247,3594.756951,55_4_2,1.815242887,0.887904942,266.3714905,493.6751404,83,240.2488403,100,1601.658936,6.135520935,71.52056885,0.870146871,0.248613387,199.9999986,0.022617833,131.8491791,10.07629941,4138,2067,0.011321702,40.05214378,80104,36.04692912,0.00013759,506.6203308,733.9239502,0.128868639,0.245099336,7.389575005,14.05446529,F070801030405_155,104,070801030405
7965,511.7401045,3593.931717,194_14_1,1.806205034,0.887701154,266.3103333,493.5618286,69,199.6794891,100,1331.196533,6.104972839,71.16448212,0.869947135,0.248556316,93.01778555,0.010519304,139.3811289,12.46074947,2336,1167,0.006392079,195.2126813,390425,175.6914122,0.000670607,465.9898071,693.241333,0.228200793,0.399305761,1.515784621,2.65231967,F070801030408_219,108,070801030408
7966,511.4687098,3593.880816,481_23_1,1.88815546,0.887688577,266.3065796,493.5548401,65,188.1010437,100,1254.006958,6.381965637,74.39332581,0.869934797,0.248552799,170.6571179,0.019299471,132.2131304,10.54621403,4096,2048,0.011217632,143.4515296,286902,129.1063741,0.000492794,454.4076233,681.6558838,0.13003251,0.221878722,2.062691212,3.519637346,F070802060603_200,108,070802060603
7972,514.6603518,3593.649928,434_18_2,1.794666171,0.887631536,266.2894592,493.5231323,68,196.7699738,100,1311.799805,6.065971851,70.7098465,0.869878888,0.248536825,45.08695241,0.005098846,154.6402222,11.63130528,1254,627,0.003434304,77.79592782,155591,70.01633464,0.000267249,463.0594482,690.2930908,0.424704075,0.738531828,3.80324769,6.613591671,F070801030303_362,108,070801030303
7976,512.3797331,3593.346681,194_11_2,1.817046523,0.887556612,266.2669983,493.4814758,70,202.5401306,100,1350.267578,6.141617298,71.59163666,0.869805455,0.248515844,130.2856329,0.014733894,137.5932426,10.10033567,3026,1514,0.008292722,162.0208554,324042,145.818769,0.000556584,468.8071289,696.0216064,0.175869882,0.309648037,1.826013207,3.214998484,F070801030408_134,108,070801030408
7980,512.0218764,3593.184367,484_20_2,1.849389195,0.887516558,266.2549744,493.459198,86,248.8229675,100,1658.819824,6.250935555,72.86593628,0.869766235,0.248504639,28.0203882,0.003168802,135.249279,12.11352587,679,339,0.001856825,20.18458579,40369,18.16612717,6.93393E-05,515.0779419,742.2821655,0.785412908,1.519403934,14.65667248,28.35375595,F070801030301_4,108,070801030301
7984,514.0532449,3593.056287,483_9_2,1.803518772,0.887484908,266.2454834,493.4416199,78,225.6695557,100,1504.463745,6.095893383,71.05863953,0.869735181,0.248495772,37.78951687,0.004273585,149.6999969,13.27261162,1066,533,0.002919433,68.93129158,137863,62.03816247,0.000236797,491.9150391,719.1112061,0.499522477,0.922917545,4.291640282,7.929233074,F070801010403_23,108,070801010403
7988,513.2592199,3592.765154,425_1_1,1.844767213,0.887412965,266.223877,493.4016113,78,225.6511688,100,1504.341064,6.235313416,72.68383026,0.869664729,0.248475626,45.23536862,0.00511563,133.8318431,12.00848611,1123,562,0.003078276,80.66564122,161331,72.59907329,0.000277108,491.875061,719.0527954,0.473707974,0.875222504,3.667042255,6.775225163,F070801030302_14,108,070801030302
7992,514.8517825,3592.380573,476_18_1,1.858246565,0.887318015,266.1954041,493.3488159,78,225.6272278,100,1504.181519,6.280873299,73.21491241,0.869571626,0.248449042,35.60212788,0.004026215,131.0002136,11.79864216,847,424,0.0023224,36.02391988,72048,32.42152868,0.000123752,491.8226318,718.9760742,0.627819359,1.159959078,8.21045208,15.169631,F070802060704_563,108,070802060704
8004,512.7020761,3591.61968,209_8_2,1.771649718,0.887130082,266.1390381,493.2443237,78,225.5793152,100,1503.862061,5.988175869,69.8030014,0.869387507,0.248396426,199.9999968,0.022617833,132.214325,11.88861602,4773,2386,0.01306898,216.3976717,432794,194.7579052,0.000743383,491.7183533,718.8236084,0.111541927,0.206084803,1.366512179,2.52476716,F070802060601_114,108,070802060601
8012,515.5043043,3591.124041,129_9_2,1.8920964,0.887007654,266.1022949,493.1762695,86,248.6814728,100,1657.876465,6.395285606,74.54859924,0.869267523,0.248362139,56.97425584,0.006443171,132.8892644,11.9409949,1468,734,0.004020382,12.61193942,25225,11.35074526,4.33253E-05,514.7837524,741.8577271,0.362537175,0.701340258,23.44359589,45.35241699,F070801030407_153,108,070801030407
8037,513.8707958,3590.10652,33_7_2,1.826137185,0.886756301,266.026886,493.036499,78,225.4842529,100,1503.228394,6.172343731,71.94980621,0.869021177,0.248291761,25.88905846,0.002927772,128.6654994,11.64052359,624,312,0.001708936,,,,,491.5111389,718.520752,0.852650285,1.575356245,,,F070801030403_336,104,070801030403
8041,512.8514339,3589.973782,396_16_2,1.822545886,0.886723518,266.0170593,493.01828,70,202.3501282,100,1349.000854,6.160204887,71.80831146,0.86898905,0.248282582,200.0000029,0.022617834,138.4152195,11.9216368,5090,2548,0.013956312,228.2877592,456575,205.4589834,0.000784228,468.3671875,695.3684082,0.104402296,0.18381758,1.294745326,2.279613972,F070801030603_350,108,070801030603
8052,511.9757463,3589.078976,59_6_1,1.821348906,0.886502504,265.9507446,492.8953857,78,225.4197845,100,1502.798584,6.156159401,71.76114655,0.868772447,0.248220697,50.76331806,0.005740781,136.666748,12.22565365,1328,664,0.003636967,16.26596928,32532,14.63937187,5.58779E-05,491.3705444,718.3151855,0.400528222,0.740015864,18.1668148,33.56500244,F070801030202_409,104,070801030202
8060,514.7446185,3588.861579,556_7_1,1.856981397,0.886448801,265.9346313,492.8655396,84,242.7450714,100,1618.300537,6.276597023,73.16506958,0.868719816,0.248205662,69.66382859,0.007878224,134.3992493,12.06358452,1689,845,0.004628369,28.59003764,57181,25.73103399,9.82143E-05,508.6796875,735.6105957,0.314715534,0.601987779,10.33517075,19.76911163,F070802060501_80,108,070802060501
8073,513.4103254,3588.216813,135_11_1,1.842818856,0.886289537,265.8868713,492.7769775,78,225.3657074,100,1502.437988,6.228727818,72.60706329,0.868563771,0.248161077,93.97448337,0.010627496,130.9996368,11.79860191,2331,1165,0.006381124,48.49413916,96988,43.64472601,0.00016659,491.2525635,718.1427002,0.228229076,0.42167601,6.092073441,11.25571442,F070801030603_519,104,070801030603
8079,512.9463822,3587.89411,50_8_1,1.7583673,0.886209846,265.8629456,492.732666,78,225.3454437,100,1502.302979,5.943281651,69.27967072,0.86848563,0.248138756,30.58773839,0.003459142,131.0006638,11.79867458,532,266,0.001456978,31.0200842,62040,27.91807538,0.000106562,491.208374,718.078125,0.999484777,1.846647978,9.522968292,17.59463692,F070801030601_117,104,070801030601
8081,511.0339586,3587.873204,50_10_2,1.749335766,0.88620466,265.8613892,492.7297974,74,213.7879639,100,1425.253052,5.912755013,68.92382813,0.868480563,0.24813731,39.86328356,0.004508106,137.3736267,12.28725719,935,467,0.002557927,94.67579977,189351,85.20822137,0.000325236,479.649353,706.5177612,0.56929636,1.027086377,3.120137691,5.629144192,F070801030601_40,104,070801030601
8091,510.7631868,3587.307584,425_11_1,1.839432597,0.886064947,265.8194885,492.6520996,78,225.308548,100,1502.057007,6.217282295,72.47364807,0.868343651,0.24809818,89.93122008,0.010170247,141.5388733,12.64053745,2557,1279,0.007005543,171.9754929,343951,154.777942,0.000590781,491.1280518,717.9606323,0.207833841,0.383993775,1.71742487,3.173114061,F070801030302_269,108,070801030302
8103,511.2723766,3586.838866,109_7_1,1.884000301,0.885949194,265.7847595,492.587738,80,231.0551147,100,1540.367432,6.367920876,74.22961426,0.868230224,0.24806577,20.55912295,0.002325014,131.0010757,11.79870367,373,186,0.001018789,94.33202505,188664,84.89882255,0.000324055,496.8398743,723.6428223,1.42895031,2.671182156,3.130605936,5.852140903,F070801030406_781,108,070801030406
8104,509.9470311,3586.779526,46_4_2,1.83334136,0.885934532,265.780365,492.5795898,54,155.9599152,100,1039.732788,6.196693897,72.23365021,0.868215859,0.248061672,41.03546918,0.004640667,130.996816,9.136302322,866,433,0.002371697,9.55787505,19115,8.602087712,3.28338E-05,421.7402954,648.5394897,0.613811493,0.973996043,30.89719391,49.027668,F070801030405_99,104,070801030405
8106,511.7413475,3586.713197,474_32_2,1.818656206,0.88591814,265.7754517,492.5704956,78,225.2712708,100,1501.808472,6.14705801,71.65505219,0.868199766,0.248057082,23.59356281,0.002668176,130.9997203,11.79860783,586,294,0.001610344,12.90195647,25804,11.61176078,4.43216E-05,491.0467224,717.8417969,0.903998137,1.670226932,22.8884716,42.28873825,F070801030301_515,108,070801030301
8109,512.1789365,3586.596923,33_3_2,1.826232314,0.885889411,265.7668152,492.5545044,73,210.8238983,100,1405.492676,6.172665119,71.95355225,0.868171632,0.248049036,30.21909294,0.003417452,131.0003265,11.79865055,706,352,0.001928031,0.236820284,474,0.213138252,8.1354E-07,476.5906982,703.378418,0.755019367,1.353950858,1246.922241,2236.063721,F070801030403_337,104,070801030403
8139,509.2233187,3584.764038,410_4_1,1.830059648,0.885436714,265.631012,492.3028259,86,248.2410431,100,1654.940308,6.185601711,72.10434723,0.867727995,0.247922286,57.3563647,0.006486383,136.6681519,12.24042829,1446,724,0.003965608,31.02703161,62054,27.92432854,0.000106586,513.8720703,740.5438843,0.366893649,0.709768057,9.512530327,18.40230751,F070802060602_519,108,070802060602
8140,508.8826853,3584.743891,389_24_1,1.792033315,0.885431767,265.6295166,492.3000488,92,265.5584106,100,1770.389404,6.057072639,70.60610962,0.867723107,0.247920901,194.8368895,0.022033941,132.4165675,11.90360371,4834,2416,0.013233301,193.5781678,387156,174.2203502,0.000664992,531.1879272,757.8584595,0.10994599,0.21986255,1.524675608,3.048943043,F070802060601_311,108,070802060601
8141,512.0246002,3584.670277,496_40_1,1.791070819,0.885413587,265.6240845,492.2899475,86,248.2345123,100,1654.896729,6.05381918,70.56819153,0.867705345,0.247915804,59.45828415,0.006724088,138.5552241,12.41365941,1406,701,0.003839629,35.66741737,71336,32.10067554,0.000122527,513.8585815,740.5244751,0.378921658,0.733036518,8.274719238,16.00771904,F070802060502_561,108,070802060502
8142,510.1213179,3584.510882,59_8_2,1.808059454,0.885374188,265.6122437,492.2680359,78,225.1329498,100,1500.886353,6.111240864,71.2375412,0.867666721,0.247904778,91.65861293,0.010365596,135.8169225,12.17411264,2221,1109,0.006074392,38.18054869,76361,34.3624942,0.00013116,490.7451782,717.401001,0.239506081,0.442511439,7.729713917,14.2814188,F070801030202_171,104,070801030202
8154,512.6690305,3583.751002,458_7_2,1.839163065,0.885186493,265.5559387,492.1636963,76,219.3134918,100,1462.089966,6.216371059,72.46302795,0.867482781,0.247852221,170.6682253,0.019300727,139.2152812,10.83097231,3474,1738,0.009519651,228.2677635,456536,205.440985,0.000784159,484.8694458,711.4771729,0.152793974,0.278981268,1.292614222,2.360139847,F070802060801_126,108,070802060801
8180,509.7718947,3582.799836,136_4_1,1.843631148,0.884951532,265.4854736,492.0330505,78,225.0254974,100,1500.169922,6.231473446,72.6390686,0.867252529,0.247786433,30.45003761,0.003443569,131.0004349,11.79865813,755,377,0.002064965,9.087143356,18174,8.178428991,3.12167E-05,490.5109863,717.0585327,0.704205513,1.301090121,32.46166992,59.97618866,F070801030603_520,104,070801030603
8183,510.5276061,3582.611091,466_4_1,1.814723969,0.884904921,265.4714661,492.0071411,78,225.0136261,100,1500.09082,6.133767128,71.50012207,0.867206812,0.247773379,200.0000047,0.022617834,140.9171505,12.58306873,4897,2448,0.013408576,57.49082243,114980,51.74174142,0.000197496,490.4851074,717.020752,0.108444229,0.200361565,5.130702019,9.479485512,F070801030301_180,108,070801030301
8190,512.1509063,3582.270558,93_15_2,1.813012838,0.884820819,265.4462585,491.9603882,78,224.9922485,100,1499.948364,6.12798357,71.43270874,0.867124379,0.247749835,23.13649082,0.002616486,131.0005493,11.798666,574,286,0.001566525,22.9860636,45972,20.68745744,7.89631E-05,490.4385071,716.9526367,0.928133786,1.714819908,12.83126545,23.70704651,F070801030406_391,108,070801030406
8202,510.3293507,3581.721041,86_3_1,1.814997077,0.884685099,265.4055176,491.8849182,58,167.276001,100,1115.17334,6.134690285,71.51088715,0.866991401,0.247711822,200.0000011,0.022617833,142.9017809,11.59592661,2754,1377,0.007542324,41.01950359,82039,36.91755283,0.000140913,432.6815186,659.1608887,0.192741841,0.314220428,7.18914175,11.72021103,F070801030405_664,104,070801030405
8223,511.2931724,3580.86044,578_8_2,1.807503223,0.884472549,265.3417664,491.7667236,75,216.25354,100,1441.690308,6.109360695,71.21562958,0.866783082,0.247652307,20.75837362,0.002347547,123.3763885,11.34588265,477,239,0.001309089,34.48296404,68966,31.03466773,0.000118458,481.5953064,708.0202637,1.110216618,2.01504302,8.549850464,15.51797867,F070802060501_241,108,070802060501
8225,509.7495081,3580.769589,507_9_2,1.834723353,0.884450078,265.335022,491.7542419,85,245.0810852,100,1633.873901,6.201364994,72.2881012,0.866761088,0.247646019,90.5570375,0.01024102,135.2492701,12.1472888,2243,1123,0.006151075,40.88140956,81763,36.79326906,0.000140438,510.4161072,736.8353271,0.236273393,0.454511225,7.211509705,13.87254047,F070802060501_8,108,070802060501
8230,510.0794887,3580.490452,545_2_1,1.801220775,0.884381115,265.3143311,491.7159119,70,201.8153839,100,1345.435913,6.088126183,70.9681015,0.866693497,0.247626707,21.85011357,0.002471011,130.9989281,11.79855204,542,272,0.001489842,17.32210006,34644,15.58989042,5.95059E-05,467.1296997,693.531311,0.975420356,1.71738863,17.01835823,29.96362877,F070801010301_95,108,070801010301
8237,508.5730397,3580.226043,476_12_1,1.831068397,0.884315848,265.2947693,491.6796265,78,224.8639069,100,1499.092773,6.189011097,72.14409637,0.866629541,0.247608438,140.6363664,0.015904449,132.4164988,11.90359799,3539,1770,0.009694926,242.1690984,484338,217.9521917,0.000831914,490.1586914,716.5435181,0.149884045,0.276925802,1.217215419,2.248927593,F070802060704_566,108,070802060704
8240,513.4101556,3579.922431,410_9_2,1.90225327,0.884240866,265.2722473,491.6379089,86,247.9057617,100,1652.705078,6.429615974,74.94877625,0.866556048,0.247587442,33.17703819,0.003751964,142.3337453,9.799030393,879,439,0.002404561,64.23204792,128464,57.80884337,0.000220654,513.1779785,739.5437012,0.604264796,1.168970346,4.588783264,8.877153397,F070802060602_217,108,070802060602
8254,510.8122401,3579.373195,430_17_1,1.77452147,0.884105206,265.2315674,491.5625,78,224.8101196,100,1498.734131,5.997882366,69.91614532,0.86642313,0.247549459,145.7337781,0.016480911,132.8895289,11.94101191,3736,1867,0.01022623,80.52988004,161059,72.47689047,0.000276641,490.041687,716.3726196,0.142062977,0.262475461,3.659533024,6.761351109,F070801030302_1,108,070801030302
8270,510.3150875,3578.758144,452_3_2,1.859235883,0.883953273,265.1859741,491.4780273,70,201.7180023,100,1344.786621,6.284217358,73.25389099,0.866274238,0.247506917,50.36700588,0.005695963,140.4448853,12.58708668,1124,562,0.003078276,18.23930145,36477,16.4153711,6.26568E-05,466.9039917,693.1960449,0.471861154,0.830790043,16.15473557,28.44309616,F070801030301_135,108,070801030301
8274,508.8534486,3578.645645,703_6_1,1.784903288,0.883925498,265.1776428,491.4625854,77,221.8829803,100,1479.219849,6.032973289,70.32518768,0.866246998,0.247499138,200.0000004,0.022617833,141.9852173,11.26212041,4951,2473,0.01354551,288.289878,576582,259.4608894,0.000990351,487.0606079,713.3455811,0.107229128,0.196951315,1.022033215,1.877202392,F070801030303_637,108,070801030303
8282,507.7673574,3578.363006,55_7_1,1.813137412,0.883855641,265.1566772,491.4237366,54,155.5938263,100,1037.292236,6.128404617,71.43761444,0.866178513,0.247479573,199.999999,0.022617833,140.9641711,12.60145998,4903,2452,0.013430486,45.94382693,91887,41.34944361,0.000157829,420.7504883,647.0175781,0.108138941,0.171594813,6.412581444,10.17548084,F070801030405_658,104,070801030405
8291,509.3614478,3577.829219,542_6_1,1.824087381,0.883723795,265.1171265,491.3504333,74,213.1893616,100,1421.262451,6.165415287,71.86904144,0.86604929,0.247442663,97.4417901,0.011019611,131.001297,11.79871909,2143,1072,0.005871729,51.90917683,103819,46.71825898,0.000178322,478.306488,704.5397949,0.247310758,0.446181417,5.674807549,10.23810577,F070802060502_70,108,070802060502
8301,509.8896936,3577.523417,425_38_1,1.7989043,0.883648276,265.0944824,491.3084412,70,201.6483765,100,1344.32251,6.080296516,70.87683105,0.86597532,0.247421518,29.17615879,0.003299507,139.4974823,12.460958,776,388,0.002125216,39.43396621,78869,35.49056768,0.000135466,466.7428589,692.9567871,0.683233202,1.202945471,7.469434738,13.15118027,F070801030302_182,108,070801030302
8314,509.6419609,3577.07993,93_6_1,1.75765872,0.883538723,265.061615,491.2475281,78,224.6660004,100,1497.773315,5.940886497,69.25175476,0.865867972,0.247390836,20.79110062,0.002351248,145.1667938,12.98128319,615,308,0.001687027,68.06789431,136136,61.2611064,0.000233831,489.7276001,715.9135132,0.860589683,1.59002471,4.326752186,7.994102955,F070801030406_696,108,070801030406
8322,508.2364561,3576.70825,425_36_2,1.859378457,0.883446932,265.0340881,491.1965027,78,224.6428833,100,1497.619263,6.284698963,73.25951385,0.865777969,0.247365147,33.23472205,0.003758487,147.9999619,13.15970325,970,484,0.002651042,14.89868741,29797,13.40881866,5.11809E-05,489.6769714,715.8393555,0.54759109,1.01172924,19.76565552,36.5190239,F070801030302_270,108,070801030302
8328,508.7534253,3576.468002,578_2_2,1.83611238,0.883387625,265.0162964,491.1635132,79,227.5074768,100,1516.716553,6.206059933,72.34282684,0.865719855,0.247348532,199.9999979,0.022617833,135.2091304,12.12516476,4787,2394,0.013112799,209.3375396,418674,188.4037829,0.000719129,492.5237732,718.6710205,0.110700205,0.205732569,1.406640053,2.614192486,F070802060501_122,108,070802060501
8331,511.7858135,3576.322116,186_18_1,1.790414095,0.883351564,265.0054626,491.1434631,82,236.1375427,100,1574.250244,6.051599503,70.54231262,0.865684509,0.247338444,170.1920773,0.01924688,140.1225601,10.64924016,4206,2104,0.011524365,69.75988317,139519,62.78389451,0.000239643,501.1430054,727.2810059,0.125953168,0.238185838,4.220914841,7.982031345,F070801030407_386,108,070801030407
8345,509.378069,3575.76006,479_4_2,1.784932256,0.883212745,264.9638367,491.0662842,86,247.6169434,100,1650.779663,6.033071041,70.32633209,0.865548491,0.247299567,37.39049035,0.004228459,145.8749962,12.94990396,973,486,0.002661997,20.69148029,41383,18.62233248,7.10806E-05,512.5808105,738.6832275,0.545193076,1.054692984,14.22828388,27.52505875,F070801030301_585,108,070801030301
8357,509.4284442,3575.292274,593_7_1,1.87056911,0.883097172,264.9291382,491.0020142,87,250.4636688,100,1669.757813,6.322523594,73.70042419,0.865435243,0.247267202,65.13010985,0.00736551,131.0015767,11.7987388,1616,808,0.004425707,23.84350131,47687,21.45915183,8.19087E-05,515.3928223,741.4656982,0.327882588,0.637862384,12.34574127,24.0173893,F070802060802_52,108,070802060802
8365,511.7353831,3574.771567,105_4_1,1.870041728,0.882968605,264.8905945,490.930542,86,247.5490723,100,1650.327148,6.320741177,73.67964172,0.865309238,0.247231215,42.50462484,0.004806813,136.6667124,12.24031893,1060,531,0.002908478,58.91019058,117820,53.01917028,0.000202372,512.4396973,738.4796143,0.498852342,0.965046525,4.996128559,9.665177345,F070802060602_531,108,070802060602
8366,509.6266511,3574.724249,135_2_2,1.862973452,0.882956862,264.8870544,490.9240112,78,224.5183411,100,1496.78894,6.296850204,73.40115356,0.865297735,0.247227922,20.75167236,0.002346789,136.6654104,12.24022357,517,258,0.001413159,13.95952942,27919,12.5635761,4.79546E-05,489.4053955,715.4423828,1.026694059,1.896920085,21.0837307,38.95430756,F070801030603_530,104,070801030603
8381,516.2860339,3573.985493,423_7_2,1.816372752,0.882774413,264.8323364,490.8225708,86,247.4946289,100,1649.964233,6.139339924,71.56508636,0.865118921,0.247176841,63.36614942,0.007166025,130.999855,11.79861736,1298,649,0.003554806,48.51901533,97038,43.66711318,0.000166676,512.3269653,738.3171997,0.40806216,0.789409816,6.064800739,11.73255825,F070801030303_699,108,070801030303
8382,510.0078719,3573.953941,474_17_2,1.850387692,0.882766604,264.8299866,490.8182373,86,247.4924622,100,1649.949707,6.254310608,72.90527344,0.865111291,0.24717465,29.44030094,0.003329379,135.2479668,12.12974954,607,303,0.00165964,12.63867687,25277,11.37480928,4.34172E-05,512.3224487,738.3106689,0.874026358,1.690833211,23.28214836,45.04009247,F070801030301_529,108,070801030301
8384,509.7984262,3573.899913,27_19_2,1.752231121,0.882753253,264.8259888,490.8108215,78,224.4664917,100,1496.443237,5.922541142,69.03790283,0.865098178,0.24717091,62.42815804,0.007059948,130.9994202,11.79858685,1549,774,0.004239476,96.18748771,192376,86.56873874,0.000330429,489.2924805,715.2773438,0.342152447,0.632160842,3.059141159,5.652069092,F070801030202_216,104,070801030202
8405,508.6892061,3572.459387,701_3_2,1.84017837,0.882397473,264.7192383,490.6130066,60,172.5969391,100,1150.64624,6.219802856,72.50302887,0.864749551,0.247071296,32.10851744,0.003631125,154.0452932,10.53930506,891,445,0.002437425,16.43343738,32867,14.79009324,5.64532E-05,437.3161621,663.2099609,0.59487468,0.982732952,17.89841652,29.56818199,F070801030302_39,108,070801030302
8412,510.5062183,3572.30978,27_4_2,1.871687651,0.882360518,264.7081604,490.5924377,78,224.3667145,100,1495.778076,6.326304436,73.74449158,0.864713311,0.24706094,67.44163936,0.007626919,130.9994202,11.79858685,1673,837,0.00458455,69.1901275,138381,62.27111399,0.000237686,489.0748901,714.9591675,0.316258252,0.584318876,4.250897884,7.853960991,F070801030202_216,104,070801030202
8427,508.0940169,3571.722782,474_30_2,1.820780754,0.8822155,264.6646423,490.5118103,78,224.3296661,100,1495.531128,6.154239178,71.7387619,0.864571214,0.247020334,199.9999932,0.022617832,135.2489395,12.12981796,5089,2544,0.013934403,100.9451865,201891,90.85066634,0.000346773,488.9943237,714.8414917,0.104034841,0.192214757,2.913183212,5.382396698,F070801030301_433,108,070801030301
8433,509.7368361,3571.334086,483_17_1,1.796951413,0.882119536,264.6358643,490.4584656,78,224.305191,100,1495.36792,6.07369566,70.79988861,0.864477158,0.246993467,32.10108066,0.003630284,144.5987663,12.86679077,819,409,0.00224024,44.79164076,89584,40.31247544,0.000153871,488.94104,714.7636719,0.647031426,1.195454836,6.564614773,12.1287775,F070801010403_23,108,070801010403
8445,509.3395574,3570.74916,483_12_2,1.766643882,0.881975055,264.5925293,490.3781433,86,247.2700043,100,1648.466675,5.971256256,69.6057663,0.864335537,0.246953011,40.5582569,0.004586699,137.7983907,12.33947754,902,451,0.002470289,43.31471049,86629,38.98323984,0.000148797,511.8625488,737.6481323,0.586679637,1.134950161,6.787340641,13.13032341,F070801010403_26,108,070801010403
8453,511.335269,3570.406286,425_17_1,1.828238606,0.881890357,264.5671082,490.3310242,78,224.2468719,100,1494.979126,6.179446697,72.0326004,0.864252567,0.246929303,22.81835386,0.002580509,131.0006663,11.79867458,557,278,0.001522706,15.66800485,31336,14.10120437,5.38237E-05,488.8139648,714.5778809,0.951680243,1.758323669,18.76202202,34.66469574,F070801030302_224,108,070801030302
8468,508.6613585,3569.513329,425_2_2,1.867836833,0.881669819,264.500946,490.2084045,78,224.1909637,100,1494.606445,6.313288689,73.59277344,0.864036441,0.246867552,64.00969124,0.007238803,145.4497757,12.92501163,1743,871,0.00477078,73.46571732,146932,66.11914444,0.000252374,488.6918945,714.399353,0.303675026,0.561069906,4.000368595,7.391079903,F070801030302_75,108,070801030302
8471,508.9977748,3569.410017,64_4_2,1.838389874,0.881644249,264.4932861,490.1942139,78,224.1845093,100,1494.563354,6.213757992,72.43256378,0.864011347,0.246860385,23.93121225,0.002706361,143.4669342,12.78130658,661,330,0.001807529,8.588932514,17178,7.730039462,2.95052E-05,488.6777954,714.3787231,0.801494777,1.480841756,34.21629333,63.21802139,F070801030601_214,104,070801030601
8473,508.1900382,3569.319742,71_8_2,1.792469859,0.881621957,264.4865723,490.1817932,50,143.7043457,100,958.0289917,6.058547974,70.6233139,0.863989532,0.246854141,33.42585874,0.003780102,136.6623917,12.22531271,791,396,0.002169034,7.869271755,15739,7.082344532,2.7033E-05,408.190918,633.8861084,0.667895377,1.030785203,37.34449387,57.63499832,F070801030405_666,104,070801030405
8474,507.1120956,3569.316467,55_7_2,1.813137412,0.881621182,264.4863586,490.181366,54,155.2004242,100,1034.669434,6.128404617,71.43761444,0.863988757,0.246853933,175.5406024,0.01985174,135.2510732,12.12452682,4627,2313,0.012669133,51.59339751,103186,46.43405888,0.000177237,419.6867676,645.3817749,0.114347756,0.18144694,5.69595623,9.038338661,F070801030405_136,104,070801030405
8484,510.4629722,3568.596825,64_12_2,1.875315428,0.881443441,264.4330444,490.08255,78,224.1334381,100,1494.2229,6.338566303,73.88742828,0.863814592,0.246804163,23.85555718,0.002697805,142.4749985,12.69309521,554,276,0.001511751,7.093515389,14187,6.384164076,2.43681E-05,488.5664673,714.2160034,0.958090723,1.770168304,41.42015076,76.52787018,F070801030601_214,104,070801030601
8502,508.2579934,3567.676391,460_12_1,1.774215221,0.881216049,264.3648071,489.9561157,70,201.0934143,100,1340.622803,5.99684763,69.90408325,0.863591731,0.24674049,62.28492403,0.00704375,131.0000203,11.79862881,1546,774,0.004239476,82.95854044,165917,74.66268873,0.000284984,465.4582214,691.0495605,0.341556609,0.601367235,3.540788651,6.234147549,F070801030303_151,108,070801030303
8523,506.5073683,3566.647525,664_12_1,1.827130437,0.880961955,264.2885742,489.8148499,58,166.5722809,100,1110.481934,6.175700665,71.98893738,0.863342702,0.246669352,101.3653444,0.011463322,139.4987437,9.608819574,2600,1300,0.007120567,37.47764639,74955,33.72988128,0.000128746,430.8608398,656.387146,0.203298897,0.331431419,7.835443497,12.77386189,F070801030402_203,104,070801030402
8540,506.841147,3565.977768,425_25_1,1.764535904,0.880796492,264.2389526,489.7228394,83,238.3259125,100,1588.839355,5.964131355,69.52271271,0.863180578,0.246623024,88.78031059,0.010040091,149.4165611,13.26598644,2538,1269,0.006950769,126.617105,253234,113.9553969,0.000434963,502.5648804,728.0487671,0.208226129,0.396032214,2.31879282,4.410189152,F070801030302_81,108,070801030302
8547,508.9475104,3565.755462,209_2_1,1.801771045,0.880741596,264.2224731,489.6923218,78,223.9547119,100,1493.031372,6.089986324,70.98977661,0.863126755,0.246607646,200.0000033,0.022617834,130.9997864,11.79861249,4483,2240,0.012269285,194.0546238,388110,174.6491597,0.000666628,488.1771851,713.6470337,0.11795646,0.217936248,1.512875676,2.795187712,F070802060601_114,108,070802060601
8548,508.837829,3565.734829,415_3_2,1.776284456,0.88073653,264.2209473,489.6895142,86,246.9230042,100,1646.15332,6.0038414,69.98561096,0.863121808,0.246606231,43.9685659,0.004972368,131.0018768,11.7987601,933,467,0.002557927,32.5297838,65059,29.2768057,0.000111748,511.1439514,736.6125488,0.56578362,1.094526649,9.024924278,17.45900726,F070802060601_160,108,070802060601
8550,507.8610939,3565.481705,130_10_2,1.795003295,0.880674005,264.2022095,489.6547546,86,246.9057465,100,1646.03833,6.067111015,70.72312927,0.863060534,0.246588722,27.82890651,0.003147148,136.6665955,12.24030876,653,328,0.001796574,26.60635445,53213,23.94571954,9.13998E-05,511.1079712,736.5604858,0.805494547,1.55825603,11.03337955,21.34444046,F070801030407_189,108,070801030407
8557,509.8181307,3564.962216,165_1_1,1.813798308,0.880545676,264.1636963,489.5834045,78,223.9049377,100,1492.699585,6.130638123,71.46365356,0.862934768,0.246552795,81.07463092,0.009168662,135.2495842,12.1298604,1887,944,0.005170627,10.63063029,21262,9.567567356,3.6519E-05,488.068634,713.4883423,0.279834419,0.517021835,27.61033058,51.01282501,F070802060406_104,108,070802060406
8559,507.8060149,3564.654201,540_15_1,1.907392502,0.880469561,264.1408691,489.5410767,5,14.35164833,100,95.67765808,6.446986675,75.15126801,0.862860143,0.246531472,35.68257236,0.004035312,135.2505112,12.1136117,904,452,0.002475767,45.53420639,91068,40.98078537,0.000156422,278.4925232,503.8927307,0.584382474,0.616133928,6.445480824,6.795685291,F070802060503_21,108,070802060503
8562,508.5450705,3564.612815,458_87_1,1.79688704,0.880459368,264.1378174,489.5354004,5,14.35149193,100,95.67661285,6.073478222,70.79734802,0.862850189,0.246528625,199.9999985,0.022617833,134.0715663,9.155445004,3411,1705,0.009338898,323.1039052,646205,290.7935162,0.001109946,278.4893188,503.8869019,0.154919535,0.163336843,0.908334613,0.957687497,F070802060801_241,108,070802060801
8564,508.3344279,3564.569616,186_17_1,1.790533304,0.880448699,264.134613,489.52948,82,235.3614655,100,1569.076416,6.05200243,70.54701233,0.862839699,0.24652563,68.94015629,0.007796385,140.6337179,12.56046486,1846,924,0.00506108,66.9932337,133987,60.29391015,0.000230139,499.4960938,724.8909302,0.285859972,0.540580213,4.380784035,8.28435421,F070801030407_473,108,070801030407
8571,509.2725395,3564.102667,452_1_1,1.860064983,0.880333364,264.1000061,489.4653625,70,200.8920746,100,1339.280518,6.28701973,73.28656006,0.862726688,0.24649334,123.4124379,0.01395661,142.3332611,12.74473534,3375,1687,0.009240306,58.6138016,117227,52.75241983,0.000201354,464.9920654,690.3574219,0.156550094,0.27563253,5.006405354,8.814611435,F070801030301_135,108,070801030301
8580,508.8030388,3563.523695,430_18_1,1.796960473,0.880190372,264.0570984,489.3858337,70,200.859024,100,1339.060181,6.073726177,70.80023956,0.862586558,0.2464533,199.9999986,0.022617833,145.6677372,12.97775471,5404,2702,0.014799826,192.573012,385146,173.3157081,0.000661539,464.9161377,690.244873,0.097726539,0.172063708,1.523561239,2.682481289,F070801030302_143,108,070801030302
8588,509.43666,3563.21538,556_7_2,1.856981397,0.880114198,264.0342712,489.3435059,84,241.0104675,100,1606.73645,6.276597023,73.16506958,0.862511933,0.246431977,61.70356405,0.006978005,135.2496567,12.12986588,1604,803,0.00439832,18.66339934,37327,16.79705977,6.41137E-05,505.0447388,730.3540039,0.328809798,0.628947377,15.71907711,30.06744957,F070802060501_193,108,070802060501
8593,509.2768137,3562.943633,105_1_2,1.809719682,0.880047083,264.0141296,489.3061829,86,246.7303619,100,1644.869141,6.11685276,71.30295563,0.862446129,0.246413186,28.36745644,0.003208052,131.0005264,11.79866457,704,352,0.001928031,27.61269951,55225,24.85142922,9.48568E-05,510.7445068,736.0365601,0.750040114,1.450978756,10.62370014,20.55191612,F070802060602_531,108,070802060602
8597,507.2269427,3562.81512,149_5_2,1.797958612,0.880015314,264.0046082,489.2885132,78,223.7702942,100,1491.802002,6.077100277,70.83956909,0.862415016,0.24640429,107.6131274,0.012169879,136.4395325,12.24959087,2795,1398,0.007657349,38.48928144,76978,34.64035275,0.000132221,487.7749023,713.0588379,0.188844502,0.34890908,7.621302605,14.08111858,F070801030603_791,104,070801030603
8599,508.6074377,3562.660355,86_4_2,1.814213753,0.879977107,263.9931335,489.2672729,62,177.8608246,100,1185.73877,6.132042408,71.48001862,0.862377584,0.246393591,199.9999979,0.022617833,143.1836014,11.13029458,3049,1525,0.008352973,6.651522898,13303,5.986370608,2.28497E-05,441.8539429,667.1281128,0.173110247,0.289740294,44.09902954,73.80998993,F070801030405_407,104,070801030405
8605,510.9259187,3562.453925,70_9_1,1.881948709,0.879926145,263.9778442,489.2389221,54,154.9020691,100,1032.68042,6.36098671,74.14878082,0.862327635,0.246379316,53.18413427,0.006014549,136.6656982,12.27161903,1294,647,0.003543852,16.86785397,33736,15.18106867,5.79455E-05,418.8799133,644.1409912,0.408002853,0.647418737,17.38862038,27.59225464,F070801030601_267,104,070801030601
8607,507.2259689,3562.299638,135_8_1,1.834225535,0.879887998,263.9664001,489.2177124,76,218.0010529,100,1453.340332,6.199682236,72.26848602,0.862290263,0.246368647,26.0061357,0.002941012,147.432724,13.13567944,732,367,0.002010191,16.84448993,33690,15.16004106,5.78652E-05,481.9674683,707.21875,0.719254494,1.31326282,17.4119854,31.79196358,F070801030603_476,104,070801030603
8613,507.7931237,3562.150626,425_10_2,1.798160434,0.879851222,263.9553528,489.1972656,77,220.8600159,100,1472.400146,6.077782154,70.84751892,0.862254202,0.246358335,25.88859179,0.002927719,139.4996376,12.47914124,642,320,0.001752755,46.36110684,92722,41.72499797,0.000159263,484.8153687,710.057251,0.824860454,1.515048027,6.326072216,11.61930275,F070801030302_21,108,070801030302
8615,507.6793966,3562.12953,578_10_2,1.790910959,0.879845977,263.9537964,489.1943665,75,215.122345,100,1434.148926,6.053278923,70.56188965,0.862249076,0.246356875,30.1266737,0.003407,126.5023804,11.63670953,680,340,0.001862302,53.23903024,106478,47.91512686,0.00018289,479.0761414,704.3167114,0.776334703,1.409047484,5.508778095,9.998432159,F070802060501_133,108,070802060501
8641,508.1485806,3560.522232,703_2_2,1.798955202,0.87944901,263.8347168,488.9736633,69,197.8230286,100,1318.82019,6.080468655,70.87883759,0.861860037,0.246245727,149.327893,0.016887367,142.008643,11.23839395,3208,1605,0.008791162,99.09511547,198190,89.18560366,0.000340418,461.6577454,686.7966919,0.164382994,0.287637234,2.958265781,5.176370621,F070801030303_572,108,070801030303
8649,509.2299684,3560.030353,388_14_2,1.830830574,0.879327476,263.7982483,488.9060669,86,246.528244,100,1643.521606,6.18820715,72.13472748,0.861740947,0.246211693,25.18148685,0.002847753,139.4996262,12.46113348,635,317,0.001736323,31.37289858,62745,28.23560858,0.000107774,510.3264771,735.4343262,0.832171142,1.609862685,9.342750549,18.07386208,F070802060601_72,108,070802060601
8655,503.8532834,3559.685192,658_8_1,1.901572227,0.879242241,263.7726746,488.8586731,78,223.5737152,100,1490.491455,6.427314281,74.92194366,0.861657381,0.246187821,64.11769986,0.007251017,130.9988098,8.249028961,1577,788,0.004316159,29.43875653,58877,26.4948805,0.00010113,487.3463745,712.432373,0.334736884,0.61845988,9.955609322,18.39398193,F070801030401_531,104,070801030401
8664,508.8211816,3559.337078,49_8_1,1.802978277,0.879156232,263.7468567,488.8108521,78,223.5517883,100,1490.345215,6.09406662,71.03734589,0.8615731,0.246163741,70.97452163,0.008026449,137.1317627,12.28462696,1803,902,0.004940578,27.1538133,54307,24.43843219,9.32805E-05,487.298645,712.3626709,0.292402267,0.540242374,10.79229832,19.93984795,F070801030601_304,104,070801030601
8671,507.9226584,3558.976347,442_2_1,1.792359352,0.879067183,263.7201538,488.7613525,70,200.6026154,100,1337.35083,6.05817461,70.61895752,0.861485839,0.246138811,113.7580338,0.012864801,130.9993286,11.79858017,2448,1224,0.006704288,75.17848444,150357,67.66063404,0.000258258,464.3227539,689.3639526,0.215457648,0.379348665,3.897689581,6.862524509,F070801030301_47,108,070801030301
8686,505.6308427,3558.021277,27_15_1,1.857658505,0.878831267,263.6493835,488.630188,78,223.4692078,100,1489.794678,6.278885841,73.19174194,0.861254632,0.246072754,199.9999979,0.022617833,136.4648405,12.21759517,4996,2499,0.013687922,235.8836292,471768,212.2952664,0.000810322,487.1185913,712.0993652,0.105501957,0.194925413,1.24189949,2.294533491,F070801030202_216,104,070801030202
8688,509.2937278,3557.958733,84_3_1,1.73146379,0.87881583,263.6447449,488.6216125,78,223.4646454,100,1489.764282,5.852347374,68.21967316,0.861239493,0.246068433,199.9999964,0.022617833,133.8337667,12.01280509,4924,2465,0.013501691,167.1702323,334342,150.4532101,0.000574273,487.109375,712.0862427,0.106955275,0.197610289,1.752337098,3.237613678,F070801030406_529,104,070801030406
8707,507.4775362,3556.912075,128_15_2,1.797548294,0.878557265,263.5671692,488.4778442,78,223.3994446,100,1489.32959,6.075713158,70.8234024,0.860986114,0.245996028,107.2198996,0.012125409,149.0397364,13.27041324,2714,1356,0.0074273,161.8642793,323729,145.6778522,0.000556046,486.9666138,711.8773193,0.194371074,0.359119922,1.809246659,3.342763662,F070801030406_284,108,070801030406
8734,508.4879487,3555.383213,474_32_1,1.818656206,0.878179669,263.4538879,488.2678833,78,223.3034668,100,1488.689819,6.14705801,71.65505219,0.860616088,0.245890304,27.96422946,0.003162451,130.9996567,11.79860306,694,346,0.001895166,15.84782705,31695,14.26304406,5.44414E-05,486.7573547,711.5713501,0.761427402,1.406813145,18.47108459,34.12717056,F070801030301_512,108,070801030301
8745,509.0208624,3554.357857,415_1_2,1.955885053,0.877926409,263.3779297,488.1270752,86,246.1354523,100,1640.903076,6.610891342,77.06187439,0.860367894,0.24581939,89.86580503,0.010162849,131.0004608,11.79866028,2089,1045,0.005723841,83.58314276,167166,75.22482896,0.00028713,509.5133667,734.2625122,0.252036303,0.48757261,3.501209974,6.773207188,F070802060601_160,108,070802060601
8747,506.6864583,3554.172784,135_1_2,1.835547805,0.877880692,263.3641968,488.1016541,78,223.2275085,100,1488.18335,6.20415163,72.32058716,0.860323071,0.24580659,59.32029599,0.006708483,148.0007655,13.2021931,1712,856,0.00468862,23.78618939,47572,21.40757033,8.17118E-05,486.5917053,711.3291626,0.307668447,0.568448246,12.30238628,22.72988892,F070801030603_482,104,070801030603
8749,507.6789752,3554.099376,425_35_2,1.84354651,0.877862573,263.3587646,488.0915833,78,223.2229004,100,1488.15271,6.231187344,72.63573456,0.860305309,0.245801523,50.59832038,0.005722122,136.6634521,12.2183218,1310,655,0.003587671,41.22038606,82440,37.09834669,0.000141603,486.581665,711.3144531,0.402074456,0.742872775,7.098935127,13.1159935,F070801030302_106,108,070801030302
8759,504.5402247,3553.166074,44_12_2,1.877865195,0.877632022,263.2896118,487.9634094,76,217.4421082,100,1449.614014,6.347184181,73.98789215,0.860079408,0.245736971,88.84017946,0.010046862,141.6253052,12.68563426,2315,1158,0.006342782,84.17084776,168343,75.75376431,0.000289149,480.73172,705.4055176,0.227365807,0.415139645,3.47559762,6.345977783,F070801030401_458,104,070801030401
8768,507.2057621,3552.907505,54_19_1,1.852249861,0.877568126,263.2704468,487.927887,78,223.1480103,100,1487.653442,6.260604382,72.97864532,0.860016763,0.245719075,32.03224391,0.0036225,131.0030785,11.79884458,651,326,0.001785619,10.90678826,21814,9.816109553,3.74677E-05,486.418457,711.0759277,0.807578087,1.492081165,26.82024384,49.5530777,F070801030405_114,104,070801030405
8771,505.0725917,3552.749754,578_1_2,1.878170013,0.877529204,263.2587585,487.90625,79,225.9981842,100,1506.654541,6.348214626,73.99990082,0.859978616,0.245708182,37.50830775,0.004241783,141.6247635,12.61861229,998,500,0.00273868,81.88839054,163777,73.69955182,0.000281308,489.256958,713.9044189,0.52651751,0.978513896,3.572053671,6.638533592,F070802060501_123,108,070802060501
8776,506.9956931,3552.471133,92_2_2,1.799315095,0.877460361,263.2380981,487.8679504,78,223.1206207,100,1487.470825,6.081685066,70.893013,0.859911144,0.2456889,35.79612468,0.004048154,139.4998055,12.46114683,893,447,0.00244838,68.71885463,137438,61.84696766,0.000236067,486.3587036,710.9885864,0.588899553,1.088050842,4.256281376,7.86390543,F070801030406_677,108,070801030406
8783,503.1342788,3552.269247,723_3_2,1.856630564,0.877410531,263.2231445,487.8402405,76,217.3868713,100,1449.24585,6.275411129,73.15124512,0.859862328,0.245674953,151.6812497,0.017153506,144.2913539,12.8341252,3644,1821,0.009974272,135.590521,271181,122.0314714,0.000465789,480.6100159,705.2271118,0.144548684,0.263926417,2.157010317,3.938410282,F070801010405_187,108,070801010405
8786,508.9308148,3551.998644,430_6_1,1.833473563,0.877343655,263.2030945,487.8030701,70,200.2098236,100,1334.732178,6.197140694,72.23886108,0.859796762,0.245656222,34.30304205,0.003879302,146.6793213,13.04506874,909,454,0.002486721,46.604173,93208,41.94375581,0.000160098,463.4129028,688.0128784,0.579742491,1.020733237,6.275143623,11.04843616,F070801030302_143,108,070801030302
8788,507.3985479,3551.945914,102_10_2,1.821137786,0.877330661,263.1991882,487.7958374,78,223.0876312,100,1487.250854,6.155445576,71.75283051,0.859784067,0.245652586,129.1357871,0.014603859,147.9998894,13.16618085,3357,1677,0.009185532,103.1937755,206386,92.87439878,0.000354498,486.2868042,710.8834839,0.15694645,0.289974242,2.833926201,5.235961914,F070801030406_335,104,070801030406
8811,506.0261902,3550.793893,387_13_2,1.787246704,0.877046108,263.1138306,487.6376343,86,245.8886414,100,1639.257568,6.040894032,70.41751862,0.859505177,0.24557291,40.7926659,0.004613209,131.0016388,11.79874306,962,482,0.002640087,38.97753915,77955,35.07978448,0.000133898,509.0024719,733.5262451,0.545879304,1.05602169,7.500440121,14.50985146,F070802060601_209,108,070802060601
8812,505.5780073,3550.783501,54_7_1,1.782163262,0.877043545,263.1130676,487.6362,54,154.3947449,100,1029.29834,6.023711681,70.21723175,0.859502673,0.245572194,147.7482949,0.016708731,141.3878377,12.63445218,3827,1913,0.010478189,34.80279462,69606,31.32251459,0.000119557,417.5078125,642.0309448,0.137539506,0.218247682,8.400125504,13.32931995,F070801030405_339,104,070801030405
8820,506.4534721,3550.579615,399_30_1,1.839318275,0.876993179,263.0979614,487.6082153,89,254.4505615,100,1696.337036,6.21689558,72.4691391,0.859453321,0.245558083,187.4459208,0.021198103,133.1249218,11.95609534,4483,2241,0.012274763,156.2266762,312454,140.6040059,0.000536679,517.5485229,742.0587769,0.117402032,0.230945349,1.871198177,3.680894613,F070802060601_134,108,070802060601
8833,506.7075149,3549.917319,93_15_1,1.813012838,0.876829565,263.0488586,487.5172424,78,222.9599762,100,1486.399902,6.12798357,71.43270874,0.859292984,0.245512277,56.95525367,0.006441022,135.722613,12.19287046,1439,720,0.003943699,59.33617149,118671,53.40255484,0.000203835,486.0088501,710.4772339,0.365345627,0.67501229,4.925773144,9.10085392,F070801030406_391,108,070801030406
8843,505.6670054,3549.339275,703_23_1,1.769634843,0.876686811,263.0060425,487.4378662,63,180.0540619,100,1200.360352,5.981365681,69.72360992,0.859153092,0.245472312,200,0.022617833,135.1208982,11.21875535,4958,2477,0.01356742,98.76048832,197520,88.88444008,0.000339268,443.0601196,667.4919434,0.106179267,0.17886965,2.958966017,4.984675884,F070801030303_214,108,070801030303
8865,504.7389848,3547.320014,430_14_1,1.768786073,0.87618804,262.8564148,487.160553,70,199.946106,100,1332.973999,5.978497028,69.69017029,0.858664274,0.245332658,61.94797665,0.007005645,139.5001221,12.4611721,1709,854,0.004677665,64.46366663,128927,58.0172992,0.00022145,462.8025208,687.1066895,0.307794392,0.541923344,4.530655861,7.976974487,F070801030302_137,108,070801030302
8871,504.8201355,3546.793342,140_6_2,1.885052562,0.876057982,262.8173828,487.0882263,78,222.7640228,100,1485.093506,6.371477604,74.27107239,0.858536839,0.24529624,88.16816378,0.009970864,130.9997215,11.79860759,2188,1093,0.005986754,91.94609022,183893,82.7514801,0.000315859,485.5814209,709.8522339,0.240455061,0.444264799,3.175984144,5.867948532,F070801030407_244,108,070801030407
8873,505.5261098,3546.573794,616_11_1,1.819862604,0.876003742,262.8011169,487.058075,5,14.27885437,100,95.19235992,6.151135445,71.70258331,0.858483672,0.245281041,38.23409966,0.004323862,141.1989059,6.88000387,863,431,0.002360742,63.7826519,127566,57.40438604,0.00021911,277.0799561,501.3369141,0.60974735,0.642876923,4.578066826,4.826807976,F070801010604_73,108,070801010604
8876,505.7523247,3546.463242,389_17_2,1.84292233,0.875976443,262.7929382,487.0429077,86,245.5884857,100,1637.256592,6.229077339,72.61113739,0.85845691,0.245273411,182.2708268,0.020612856,139.4995749,12.45646463,4628,2315,0.012680087,222.5424495,445085,200.2882067,0.000764492,508.3814087,732.6314087,0.113517471,0.219603196,1.312073946,2.538249254,F070802060601_59,108,070802060601
8877,507.0642287,3546.421318,425_38_2,1.7989043,0.875966072,262.7898254,487.0371399,70,199.8952332,100,1332.634888,6.080296516,70.87683105,0.858446777,0.245270506,88.86489896,0.010049657,133.8329315,12.01943525,2205,1102,0.00603605,96.76858271,193538,87.09172368,0.000332425,462.6850586,686.932373,0.238466263,0.419859409,3.017391443,5.312617779,F070801030302_181,108,070801030302
8886,505.9208493,3546.062686,194_6_2,1.847661257,0.8758775,262.7632446,486.9878845,68,194.1645203,100,1294.430176,6.245095253,72.79785156,0.858359933,0.245245695,50.43291855,0.005703417,141.1999741,12.61007214,1328,664,0.003636967,62.17141056,124343,55.95426846,0.000213575,456.9277649,681.1524048,0.395727783,0.688144207,4.696035862,8.166092873,F070801030408_126,108,070801030408
8893,504.1182344,3545.669681,111_2_2,1.754527569,0.875780404,262.7341309,486.9338989,78,222.6934357,100,1484.622925,5.930303097,69.12838745,0.858264804,0.245218515,30.92594457,0.003497389,136.6648026,12.22551775,311,156,0.000854468,21.48042965,42961,19.33238649,7.37909E-05,485.4275513,709.6273193,1.684193134,3.111715078,13.5903616,25.10955048,F070802060301_94,108,070802060301
8903,505.5071801,3545.075649,499_4_1,1.82226789,0.875633657,262.690094,486.8523254,78,222.6561279,100,1484.374146,6.159265518,71.79735565,0.858120978,0.245177418,34.85274673,0.003941468,131.000941,11.79869397,864,433,0.002371697,29.72938111,59458,26.75644299,0.000102128,485.3462219,709.5084229,0.606674612,1.120891929,9.817825317,18.13941574,F070802060704_478,108,070802060704
8929,505.148721,3543.50057,473_5_1,1.728236556,0.875244617,262.5733948,486.6360168,86,245.3833618,100,1635.889038,5.841439724,68.09252167,0.857739747,0.245068491,69.6704154,0.007878969,131.0004654,8.249107162,1560,781,0.004277818,42.23619652,84472,38.0125761,0.000145092,507.9567566,732.0194092,0.336201519,0.650392771,6.907540321,13.36286068,F070801030301_166,108,070801030301
8938,505.9537594,3543.166047,474_18_2,1.833781838,0.875162005,262.5486145,486.5900879,78,222.5359497,100,1483.572998,6.198182583,72.25100708,0.857658744,0.245045364,199.9999985,0.022617833,134.1872063,12.06014323,4968,2486,0.013616716,89.48751771,178975,80.53876868,0.000307413,485.0845642,709.1260376,0.10561087,0.195126534,3.259903431,6.022994518,F070801030301_19,108,070801030301
8944,504.8521635,3542.860267,396_7_2,1.772216678,0.875086486,262.5259399,486.5480957,70,199.6947327,100,1331.298218,5.990092278,69.82534027,0.857584774,0.245024219,80.96294854,0.009156032,138.2851541,12.35713496,2025,1011,0.005537611,143.6551952,287310,129.2896732,0.000493493,462.2206726,686.2427979,0.259669572,0.457191557,2.030525208,3.575078011,F070801030603_42,108,070801030603
8947,504.7876952,3542.791656,93_2_2,1.838017464,0.875069559,262.520874,486.5386658,78,222.5126038,100,1483.417358,6.212499142,72.41788483,0.857568145,0.245019481,21.67017414,0.002450662,140.0673269,12.55033843,538,268,0.001467932,11.48012306,22961,10.33211069,3.94372E-05,485.0334778,709.0512695,0.979555488,1.809826374,25.40825272,46.94427872,F070801030406_424,108,070801030406
8954,503.7550428,3542.373115,526_8_2,1.771188974,0.874966145,262.4898376,486.4811707,68,193.9624939,100,1293.083252,5.986618519,69.78484344,0.857466817,0.244990528,48.3735199,0.005470521,130.9991455,11.79856714,1077,539,0.002952297,95.74929047,191498,86.17436218,0.000328924,456.4523315,680.4436646,0.486994147,0.846850336,3.046031713,5.296845913,F070801010301_265,108,070801010301
8964,504.2093298,3541.644724,489_25_1,1.719926119,0.874786258,262.4358826,486.3811646,78,222.440567,100,1482.937134,5.813350201,67.76509094,0.857290506,0.244940147,36.37143202,0.004113215,136.6665009,12.27159443,886,442,0.002420993,24.46162235,48924,22.01545942,8.40321E-05,484.8764648,708.8217163,0.593746364,1.097005606,11.92052746,22.02436256,F070802060502_487,108,070802060502
8974,505.9460796,3541.16223,459_5_1,1.791752219,0.874667048,262.400116,486.3148804,78,222.410202,100,1482.734619,6.056122303,70.59503937,0.857173681,0.244906768,139.8873594,0.015819745,143.6276202,12.81622342,3649,1824,0.009990704,68.12716589,136254,61.3144495,0.000234035,484.8103027,708.7250977,0.143859714,0.265795112,4.279580593,7.906950474,F070801030303_57,108,070801030303
8996,503.4277938,3539.744316,194_2_1,1.849221826,0.874316871,262.2950745,486.1201782,70,199.5213013,100,1330.141968,6.250369549,72.85933685,0.856830537,0.244808719,82.49133533,0.009328876,148.425848,13.24943662,2051,1025,0.005614294,97.353211,194707,87.61788933,0.000334434,461.8163757,685.6414795,0.255897641,0.450552553,2.993624687,5.270800114,F070801030408_219,108,070801030408
9009,501.968228,3539.020233,836_42_1,1.775046349,0.874137998,262.241394,486.0207214,76,216.5764465,100,1443.843018,5.999656677,69.93682861,0.85665524,0.244758636,27.68049002,0.003130364,139.4992523,12.46111012,758,378,0.002070442,128.0012963,256003,115.2011642,0.000439718,478.8178406,702.597168,0.693760276,1.266713858,2.276377916,4.15636301,F070802060302_9,108,070802060302
9012,504.9173467,3538.921634,387_10_1,1.830070615,0.874113619,262.2341003,486.0071716,86,245.0664368,100,1633.776245,6.185638905,72.1047821,0.856631339,0.244751811,41.90799713,0.00473934,131.0007629,11.79868126,1040,520,0.002848227,56.96162796,113923,51.26546478,0.000195678,507.3005371,731.0736084,0.504296362,0.97557795,5.115219593,9.895561218,F070802060601_108,108,070802060601
9031,504.3677742,3537.677316,442_15_2,1.820393085,0.873806298,262.1418762,485.8363037,70,199.4024353,100,1329.349609,6.152928829,71.72348785,0.856330156,0.244665757,200.0000026,0.022617834,137.1286278,12.28088874,4780,2389,0.013085412,85.3692294,170738,76.83230593,0.000293266,461.5443115,685.2387695,0.109728701,0.193195611,3.41187048,6.007164478,F070801030301_47,108,070801030301
9039,504.6744402,3537.288903,23_27_1,1.819622517,0.873710334,262.1130981,485.782959,73,207.9255981,100,1386.170654,6.150323868,71.69313049,0.8562361,0.24463889,20.83575465,0.002356298,139.4980927,12.42837556,533,267,0.001462455,50.58635531,101172,45.52771944,0.000173777,470.0386963,693.7085571,0.981697023,1.760444522,5.757219791,10.32423115,F070600060901_38,105,070600060901
9044,512.4973629,3536.900404,50_9_2,1.878477335,0.873614371,262.0843201,485.7295837,78,222.1421967,100,1480.947998,6.349253178,74.01200867,0.856142104,0.244612023,59.28017151,0.006703945,135.2481155,12.12975764,1500,750,0.00410802,81.96949089,163939,73.77254146,0.000281587,484.2265015,707.8717651,0.34944576,0.645635307,3.552599907,6.56377697,F070801030601_117,104,070801030601
9051,505.6144689,3536.669453,448_5_2,1.742934227,0.873557329,262.0671997,485.697876,78,222.1281586,100,1480.85437,5.891117573,68.67160797,0.856086195,0.244596049,22.22481373,0.002513386,144.5989227,12.92603397,544,272,0.001489842,10.62090621,21242,9.558815977,3.64856E-05,484.1953735,707.8260498,0.96348238,1.780130029,27.41628265,50.65432358,F070801030303_120,108,070801030303
9055,504.5740851,3536.397698,389_14_2,1.792106628,0.873490214,262.0470581,485.660553,86,244.8917542,100,1632.611694,6.057320595,70.60900116,0.856020391,0.244577259,26.4108448,0.00298678,130.9999084,11.79862118,656,328,0.001796574,38.01470566,76029,34.2132349,0.00013059,506.9388123,730.5523071,0.798923969,1.545545101,7.659230709,14.81703854,F070802060601_24,108,070802060601
9058,502.249787,3536.234083,387_1_2,1.786635756,0.873449802,262.0349426,485.638092,86,244.8803864,100,1632.535889,6.03882885,70.39344788,0.855980814,0.244565949,32.434187,0.003667955,131.0000687,11.79863238,804,401,0.002196421,31.04381138,62088,27.93943107,0.000106644,506.9153442,730.5184937,0.653453708,1.264128089,9.378678322,18.14336586,F070802060601_108,108,070802060601
9071,505.9441394,3535.558952,54_26_1,1.793729544,0.873283088,261.9849243,485.5454102,54,153.7327271,100,1024.884888,6.062805653,70.67294312,0.855817437,0.244519264,80.52437258,0.009106434,135.2485275,12.12978673,1999,999,0.005471882,23.19226153,46384,20.87303543,7.96715E-05,415.7176514,639.2781372,0.262247175,0.416133791,12.55135727,19.91649246,F070801030405_340,104,070801030405
9074,504.0271578,3535.229685,130_11_2,1.762928128,0.873201728,261.9605103,485.5001526,86,244.81073,100,1632.071533,5.958696842,69.45936584,0.855737686,0.24449648,110.4298492,0.01248842,136.0993456,12.21071012,2838,1419,0.007772373,76.15033263,152300,68.53530017,0.000261596,506.7712402,730.3109131,0.184609234,0.357132643,3.822271347,7.394309998,F070801030407_486,108,070801030407
9100,505.9846824,3533.948189,101_1_1,1.793282032,0.872885227,261.8655701,485.3241882,78,221.9572601,100,1479.715088,6.061293125,70.65531158,0.855427504,0.244407862,26.00631142,0.002941032,130.9992828,11.79857731,645,322,0.00176371,7.578196049,15156,6.820376396,2.60331E-05,483.8228149,707.2814331,0.813247085,1.50255537,38.39459229,70.93784332,F070801030406_770,104,070801030406
9118,503.5320801,3533.133667,389_5_1,1.794027328,0.872684002,261.8052063,485.2123108,90,256.0454712,100,1706.969849,6.063812256,70.68467712,0.855230331,0.244351521,24.1287818,0.002728704,131.0003815,11.79865456,598,298,0.001632253,38.94767658,77895,35.05290741,0.000133795,517.850708,741.2578125,0.878540933,1.737754107,7.468858719,14.77340221,F070802060601_325,108,070802060601
9120,507.0393088,3532.791337,533_2_2,1.828454971,0.872599483,261.7798462,485.1653137,78,221.8845978,100,1479.230713,6.180177689,72.04112244,0.855147481,0.244327858,56.49881077,0.006389403,131.0002085,11.79864216,1401,700,0.003834152,22.63280559,45266,20.3695246,7.77496E-05,483.6644287,707.0499268,0.373971194,0.690949202,12.85154438,23.74451256,F070802060501_378,108,070802060501
9128,514.9217,3532.595027,104_3_2,1.913037777,0.872550964,261.7652893,485.1383362,86,244.6283875,100,1630.855957,6.466067791,75.37368774,0.855099916,0.244314268,37.8783145,0.004283627,140.0687408,12.55044524,974,486,0.002661997,72.39297915,144785,65.15368176,0.000248689,506.3936768,729.7667236,0.53861171,1.041962266,4.017659187,7.772295475,F070802060602_175,108,070802060602
9134,504.6192831,3532.538974,92_4_1,1.776201248,0.872537136,261.7611389,485.1306458,78,221.8686066,100,1479.124023,6.003560066,69.98233032,0.855086386,0.244310394,57.02797618,0.006449246,143.2780101,12.7970438,1419,709,0.003883448,76.61455887,153229,68.9531068,0.000263191,483.6297607,706.9992676,0.369197667,0.682129443,3.796219587,7.013893604,F070801030406_401,108,070801030406
9141,501.4897034,3531.848962,556_18_2,1.784737229,0.872366667,261.7099915,485.0358582,84,238.888855,100,1592.592407,6.032412052,70.31864929,0.854919314,0.244262666,199.9999998,0.022617833,132.7808518,11.44858912,4877,2438,0.013353803,91.26003257,182520,82.13402889,0.000313502,500.5988464,723.9246826,0.107346185,0.205331773,3.186377048,6.094902039,F070802060501_80,108,070802060501
9150,503.9073875,3531.382793,533_14_1,1.748456359,0.87225157,261.6754761,484.9718628,84,238.8573761,100,1592.382568,5.90978241,68.88918304,0.854806542,0.244230434,58.87575188,0.00665821,131.0033061,11.79886055,1461,731,0.00400395,22.15791051,44316,19.94211892,7.61182E-05,500.5328369,723.8292236,0.357969195,0.684723437,13.12174892,25.09928131,F070802060501_219,108,070802060501
9151,504.7121711,3531.343409,425_23_1,1.841726184,0.872241795,261.6725464,484.9664307,78,221.7935181,100,1478.623413,6.225034714,72.56401062,0.854796946,0.244227707,27.44957365,0.003104249,152.2458191,13.57221913,396,197,0.00107904,9.71314121,19427,8.741827376,3.33672E-05,483.4660645,706.7599487,1.328287005,2.45414257,29.93339157,55.3049202,F070801030302_127,108,070801030302
9164,503.3580063,3530.504551,146_5_1,1.800375104,0.872034609,261.6103821,484.8512573,5,14.21416473,100,94.76110077,6.085268021,70.93477631,0.854593933,0.244169697,31.84669781,0.003601517,142.3386078,12.65309811,255,128,0.000701102,5.700005651,11400,5.13000524,1.9581E-05,275.8245544,499.0654297,2.04383111,2.154879332,50.99612427,53.76691437,F070801030409_425,108,070801030409
9168,509.9892651,3530.31078,481_40_1,1.887202859,0.871986747,261.5960388,484.824646,92,261.6992493,100,1744.661621,6.378745556,74.35578918,0.854547024,0.244156286,200.0000011,0.022617833,142.2819124,12.19724611,5026,2512,0.013759127,221.3980857,442798,199.2582775,0.00076056,523.2952881,746.5239258,0.104138553,0.208318189,1.312849045,2.626216173,F070802060603_311,108,070802060603
9170,505.5387423,3530.232109,128_48_1,1.719131112,0.871967316,261.59021,484.8138428,70,198.9828949,100,1326.552612,5.810663223,67.73376465,0.85452795,0.244150847,200.0000012,0.022617833,144.6482773,9.946603149,3609,1803,0.009875679,348.7961819,697591,313.9165599,0.001198206,460.5731201,683.7967529,0.14508608,0.255448222,0.83331126,1.467183232,F070801030406_356,108,070801030406
9178,505.2807677,3529.73511,396_1_1,1.805040359,0.87184459,261.5533752,484.7456055,67,190.4282532,100,1269.521729,6.101036549,71.11859131,0.854407668,0.244116485,200.0000024,0.022617834,146.7964268,13.07732022,5391,2694,0.014756007,78.29511086,156591,70.46560047,0.000268964,451.9816284,675.1738281,0.097087368,0.167773426,3.711788177,6.414216518,F070801030603_3,108,070801030603
9184,504.9153939,3529.304246,105_1_1,1.809719682,0.871738136,261.5214539,484.6864014,86,244.400528,100,1629.336914,6.11685276,71.30295563,0.85430336,0.244086683,26.67197037,0.003016311,131.0000305,11.79862976,557,278,0.001522706,36.34954548,72699,32.71459103,0.00012487,505.9219971,729.0869141,0.940724671,1.819863319,7.994030952,15.46471977,F070802060602_531,108,070802060602
9188,504.1676421,3529.244158,93_19_1,1.805430293,0.871723294,261.5169983,484.6781616,78,221.6618042,100,1477.745361,6.102354527,71.13395691,0.854288816,0.244082525,43.04666523,0.004868111,146.2989299,13.03693708,1237,619,0.003390486,41.50753738,83015,37.35678441,0.000142589,483.1788025,706.3399658,0.422483027,0.780579627,7.000522137,12.934165,F070801030406_463,104,070801030406
9190,502.8603958,3529.18987,545_12_1,1.825994492,0.871709883,261.51297,484.6706848,70,198.924118,100,1326.160767,6.171861172,71.94418335,0.854275703,0.24407877,32.45777559,0.003670623,131.0044403,11.79894066,805,402,0.002201899,48.7516489,97503,43.87648392,0.000167475,460.4370728,683.5947876,0.650529802,1.145365834,5.960207939,10.49393749,F070801010301_106,108,070801010301
9208,501.6379586,3528.316308,458_20_2,1.815039277,0.871494114,261.4482422,484.5507202,78,221.6035309,100,1477.356934,6.134832859,71.51255035,0.854064226,0.244018346,199.999999,0.022617833,135.2495918,6.639933527,3754,1878,0.010286481,220.253849,440507,198.2284641,0.00075663,483.0517578,706.1542358,0.139216319,0.257216066,1.318923831,2.436843634,F070802060801_272,108,070802060801
9213,504.0394881,3528.105364,398_2_2,1.782629013,0.87144202,261.4326172,484.521759,79,224.4311829,100,1496.207886,6.025286198,70.23558044,0.854013205,0.244003773,47.41773121,0.005362432,155.0834618,13.76516175,1276,638,0.003494555,69.94086677,139881,62.94677871,0.000240265,485.8638,708.9529419,0.409768999,0.761542022,4.153232574,7.718644619,F070802060602_549,108,070802060602
9218,504.5790774,3527.657831,102_6_2,1.808843374,0.871331513,261.3994446,484.4603271,78,221.5622406,100,1477.081543,6.113890648,71.26843262,0.853904903,0.243972823,20.39512839,0.002306468,142.3327759,12.74469986,533,267,0.001462455,41.67297519,83345,37.50567794,0.000143158,482.9616699,706.022583,0.979024112,1.808845162,6.969596386,12.87702847,F070801030406_537,104,070801030406
9237,503.3396043,3526.778738,578_9_2,1.894122839,0.871114373,261.3343201,484.3395996,75,212.9874573,100,1419.916382,6.402135372,74.62844086,0.853692114,0.243912026,98.5119419,0.011140633,132.2006363,11.94554415,2546,1271,0.006961724,69.22616966,138454,62.30355315,0.00023781,474.3217773,697.3270264,0.205613151,0.37318787,4.194533348,7.613077641,F070802060501_241,108,070802060501
9246,504.9700328,3526.296575,496_43_1,1.749747396,0.870995283,261.298584,484.2733765,78,221.4766846,100,1476.51123,5.914146423,68.94004822,0.853575349,0.243878677,42.24253511,0.004777173,144.5997238,12.92610312,1079,539,0.002952297,44.33689356,88673,39.90320349,0.000152309,482.7752686,705.750061,0.484784007,0.895686984,6.548310757,12.09865952,F070802060502_534,108,070802060502
9251,502.6275931,3526.076091,92_8_1,1.774937749,0.870940804,261.2822266,484.2430725,78,221.4628296,100,1476.418823,5.999289513,69.93254852,0.853522003,0.243863419,31.96161079,0.003614512,131.0010223,11.79869938,793,396,0.002169034,18.26461792,36529,16.43815613,6.27437E-05,482.7450562,705.7059326,0.659803629,1.219053149,15.89486217,29.36734772,F070801030406_675,108,070801030406
9252,504.899254,3526.048277,70_12_2,1.854059815,0.87093395,261.2801819,484.2392883,78,221.4610901,100,1476.407227,6.266722202,73.04995728,0.853515267,0.243861511,145.2352402,0.016424532,143.0895844,12.77869272,3710,1855,0.010160502,83.89853191,167797,75.50867903,0.000288213,482.741272,705.7003784,0.140851855,0.260237873,3.460266829,6.39318943,F070801030601_307,104,070801030601
9272,503.0047349,3524.44924,545_13_2,1.783437967,0.87053895,261.1616821,484.0196533,70,198.6569824,100,1324.379883,6.028020382,70.26745605,0.853128195,0.2437509,170.978627,0.01933583,137.729269,11.09548668,4114,2057,0.011266929,242.1379899,484275,217.9241944,0.000831807,459.8186646,682.6766357,0.126962408,0.223538488,1.1984061,2.109993696,F070801010301_101,108,070801010301
9279,504.7544298,3524.154118,548_2_1,1.793160796,0.870466053,261.139801,483.979126,70,198.6403503,100,1324.269043,6.060883522,70.65053558,0.853056729,0.2437305,100.9920017,0.011421101,130.9998283,11.79861546,2505,1252,0.006857654,69.45767151,138915,62.51190474,0.000238605,459.7801514,682.6195068,0.20857811,0.367236555,4.17744112,7.355081558,F070801010301_485,108,070801010301
9286,504.6562212,3523.80827,424_7_1,1.761613607,0.87038064,261.1141968,483.9316406,86,244.0198212,100,1626.798828,5.95425415,69.40757751,0.852973044,0.243706584,42.4308939,0.004798474,131.0001602,11.79863882,1053,526,0.002881091,49.11746979,98235,44.20572281,0.000168731,505.1340332,727.9514771,0.49641481,0.960330844,5.906796455,11.42689228,F070801030303_770,108,070801030303
9297,504.6899613,3523.2896,533_1_2,1.843374491,0.87025255,261.0757751,483.8604126,78,221.2877045,100,1475.251343,6.230605602,72.62895203,0.852847517,0.243670717,23.34026457,0.002639531,131.0001755,11.79863977,579,289,0.001582957,8.744926192,17490,7.870433569,3.00411E-05,482.3634644,705.1481323,0.9033764,1.669077754,33.17171478,61.28804398,F070802060501_378,108,070802060501
9304,502.8471682,3523.096718,54_12_1,1.766945601,0.870204866,261.0614624,483.8338928,78,221.2756805,100,1475.171143,5.972276211,69.61765289,0.852800786,0.243657365,189.7813313,0.021462213,130.9987305,11.79853821,4708,2354,0.012893704,123.4427912,246885,111.0985124,0.000424058,482.3371582,705.1095581,0.110901214,0.204901084,2.34981966,4.341526508,F070801030405_115,104,070801030405
9312,501.6011481,3522.697928,416_5_1,1.802705288,0.870106399,261.0319214,483.7791443,86,243.9424896,100,1626.283203,6.09314394,71.02658844,0.852704287,0.243629798,199.999998,0.022617833,132.8896467,11.94591215,5119,2560,0.01402204,153.4051704,306811,138.0646538,0.000526987,504.9744263,727.7216187,0.101965591,0.197255641,1.890649915,3.657521486,F070802060601_144,108,070802060601
9314,502.1724721,3522.662251,425_21_2,1.828145623,0.870097578,261.0292664,483.7742615,85,241.1040344,100,1607.360229,6.179131985,72.02893829,0.852695644,0.243627325,90.05671067,0.010184438,139.0949642,12.43848351,2269,1134,0.006211326,83.66792274,167336,75.30112951,0.000287421,502.1333008,724.8782959,0.23018454,0.442798316,3.466472149,6.668336868,F070801030302_82,108,070801030302
9321,502.3452223,3522.217951,161_17_1,1.743388057,0.869987845,260.9963684,483.7132568,86,243.9093933,100,1626.062622,5.892651558,68.68949127,0.852588117,0.243596599,64.66579402,0.007313001,130.9994164,11.79858637,1541,770,0.004217567,65.54448145,131089,58.99003445,0.000225162,504.9057617,727.6226807,0.338956326,0.655721784,4.424414635,8.559170723,F070802060602_286,108,070802060602
9322,503.1474906,3522.07507,474_2_1,1.833418727,0.869952559,260.9857788,483.693634,86,243.8999023,100,1625.99939,6.196955204,72.23669434,0.852553487,0.243586719,67.01937521,0.007579165,139.4988594,12.46907783,1693,848,0.004644801,20.44706787,40895,18.4023609,7.0241E-05,504.8856812,727.5935059,0.307766259,0.595384061,14.18218994,27.43591881,F070801030301_300,108,070801030301
9341,502.9828831,3521.045345,425_26_1,1.796748161,0.869698226,260.9094543,483.5522156,78,221.1468658,100,1474.3125,6.073009014,70.79187775,0.85230428,0.243515506,199.9999993,0.022617833,138.9332797,12.41734958,5241,2622,0.014361637,259.4042581,518809,233.4638322,0.000891121,482.0563354,704.6990967,0.099507801,0.183850631,1.11755836,2.064800978,F070801030302_269,108,070801030302
9344,501.4111705,3520.73096,137_17_2,1.757173657,0.869620562,260.8861694,483.5090332,79,223.9621582,100,1493.081055,5.939247131,69.23264313,0.852228165,0.243493751,200.0000002,0.022617833,132.7006653,11.92465382,5013,2505,0.013720786,410.2939544,820587,369.2645643,0.001409467,484.8483276,707.4711914,0.104146175,0.193552226,0.70650202,1.313010693,F070802060602_97,108,070802060602
9345,502.4658579,3520.720664,104_7_1,1.783359051,0.869617999,260.8854065,483.5075989,82,232.4662933,100,1549.775269,6.02775383,70.26434326,0.852225661,0.243493035,82.3486861,0.009312744,132.700351,11.92463226,2043,1023,0.005603339,29.04363978,58087,26.13927603,9.97725E-05,493.3516846,715.973877,0.255019933,0.482259721,9.98059082,18.87396049,F070802060602_278,108,070802060602
9352,501.3479511,3520.403045,102_9_2,1.798652053,0.869539559,260.8618774,483.4639893,78,221.1065216,100,1474.043457,6.079443932,70.86688995,0.852148771,0.243471071,118.896513,0.013445908,144.7023093,12.92073631,3257,1627,0.008911664,159.4169953,318833,143.4752969,0.000547639,481.9683838,704.5704956,0.160333052,0.296231329,1.818165779,3.359242916,F070801030406_492,104,070801030406
9375,501.353528,3519.665657,88_1_2,1.80087769,0.869357407,260.8072205,483.3627319,5,14.17052555,100,94.47016907,6.086966515,70.95458221,0.851970255,0.243420079,63.05472398,0.007130806,135.2514763,12.11368752,1598,799,0.00437641,29.32524806,58650,26.39272279,0.00010074,274.9777527,497.5332642,0.326417059,0.344152391,9.881785393,10.41869545,F070801030405_176,104,070801030405
9384,498.3247881,3519.369957,549_17_2,1.938031912,0.869284391,260.7853088,483.322113,68,192.7029572,100,1284.686401,6.550548077,76.35845947,0.85189873,0.243399635,43.35595512,0.004903089,144.597374,12.92593193,907,453,0.002481244,70.45563698,140911,63.41007233,0.000242034,453.4882813,676.0250854,0.575685024,1.00107789,4.112679482,7.151675701,F070801010301_372,108,070801010301
9389,500.1114062,3519.004525,550_20_2,1.731796741,0.86919409,260.7582397,483.2719116,70,198.349762,100,1322.331787,5.853473186,68.23278809,0.851810217,0.243374348,40.6190395,0.004593573,142.1070557,12.7227108,1040,521,0.002853704,39.3053197,78610,35.37478716,0.000135024,459.1080017,681.6217041,0.500495672,0.88120538,7.371302128,12.97839642,F070801010301_253,108,070801010301
9390,501.4159167,3518.878417,119_3_2,1.79377234,0.869162977,260.7489014,483.2546082,54,153.1784668,100,1021.189758,6.062950611,70.67462921,0.851779699,0.243365631,169.0382076,0.01911639,137.5907491,12.3623956,3918,1958,0.01072467,111.6114674,223224,100.4503235,0.000383415,413.9273682,636.4331055,0.133171037,0.211403146,2.595799446,4.120717049,F070801030406_110,104,070801030406
9392,502.165757,3518.745561,441_10_2,1.876351833,0.869130135,260.7390442,483.2363586,78,221.0024109,100,1473.349365,6.342069149,73.9282608,0.851747513,0.243356436,32.62264908,0.003689268,130.9969406,11.79841185,809,405,0.002218331,17.12670901,34253,15.41403806,5.88347E-05,481.7414551,704.2387695,0.64380008,1.189485073,16.91568756,31.25342369,F070801030303_645,108,070801030303
9395,502.80857,3518.688972,391_7_1,1.772098422,0.869116187,260.7348633,483.2286072,70,198.3321381,100,1322.214233,5.989692688,69.82067871,0.851733863,0.243352532,200.0000024,0.022617834,142.7785655,12.74566821,5431,2716,0.014876509,84.49271556,168985,76.04344442,0.000290255,459.0670166,681.56073,0.095999584,0.169023201,3.428761959,6.036904335,F070801030607_27,108,070801030607
9396,501.2719886,3518.635492,389_22_2,1.799210787,0.869102955,260.730896,483.2212524,92,260.6613464,100,1737.74231,6.081332684,70.88890839,0.85172087,0.243348822,29.76646423,0.003366265,131.0009766,11.79869652,738,369,0.002021146,38.56389236,77128,34.70750427,0.000132477,521.3922119,743.8825684,0.706587791,1.412986994,7.512234211,15.0224638,F070802060601_311,108,070802060601
9406,501.8215113,3518.101004,396_16_1,1.822545886,0.868970931,260.6912842,483.1478271,70,198.2990875,100,1321.993896,6.160204887,71.80831146,0.851591527,0.243311867,27.49577209,0.003109474,143.7512436,12.79252505,758,379,0.002075919,22.67621701,45352,20.408595,7.78987E-05,458.9903564,681.4468994,0.687839806,1.211056352,12.77360249,22.49005127,F070801030603_350,108,070801030603
9410,502.058182,3517.737789,430_14_2,1.768786073,0.868881226,260.6643677,483.0979614,70,198.2785645,100,1321.857056,5.978497028,69.69017029,0.851503611,0.243286744,21.98040624,0.002485746,136.6666616,12.24031798,559,279,0.001528183,18.6276925,37255,16.76492272,6.3991E-05,458.9429321,681.3765259,0.934280872,1.644956708,15.54819965,27.37518883,F070801030302_137,108,070801030302
9440,501.8380739,3516.195248,129_12_1,1.775116324,0.868500233,260.5500793,482.8861389,86,243.4924316,100,1623.282837,5.999893188,69.93958282,0.851130247,0.243180066,61.26509428,0.006928418,135.2498474,12.12988138,1476,738,0.004042291,34.99812102,69995,31.49830878,0.000120228,504.042511,726.37854,0.353048891,0.682984412,8.271875381,16.00220871,F070801030407_191,108,070801030407
9441,502.7294208,3516.180953,140_8_1,1.855985165,0.868496716,260.5490112,482.8841858,78,220.8413544,100,1472.275635,6.273230076,73.12581635,0.85112679,0.243179083,21.32801867,0.002411968,131.0051422,11.79899025,529,264,0.001446023,9.716982245,19434,8.745284081,3.33804E-05,481.3903809,703.7255249,0.986928046,1.82344842,29.79308701,55.04571152,F070801030407_508,108,070801030407
9455,502.1502043,3515.599568,186_15_2,1.785182118,0.868353069,260.5059204,482.8043213,78,220.8047028,100,1472.031372,6.03391552,70.33617401,0.850986004,0.243138865,30.68094972,0.003469683,134.7773641,12.08328501,767,382,0.002092351,68.34426,136688,61.50983325,0.00023478,481.3106079,703.6090088,0.681952655,1.259975433,4.235191345,7.82493782,F070801030407_262,108,070801030407
9463,501.7815992,3515.288147,483_23_2,1.726683974,0.868276179,260.4828491,482.7615662,70,198.140274,100,1320.935181,5.836191654,68.03134918,0.850910664,0.243117332,24.70017698,0.002793322,154.3741417,11.1874562,428,213,0.001166678,24.41064534,48822,21.96957999,8.38569E-05,458.6231079,680.9018555,1.222924232,2.153160095,11.85652351,20.87537003,F070801010403_47,108,070801010403
9464,503.5990559,3515.194469,194_11_1,1.817046523,0.868253052,260.4759216,482.7486877,70,198.1353455,100,1320.902344,6.141617298,71.59163666,0.850888014,0.24311085,34.84120138,0.003940162,148.0005493,13.12374067,962,480,0.002629133,78.84923698,157698,70.96431557,0.000270868,458.6112671,680.8840332,0.54265815,0.955440164,3.670519829,6.462561607,F070801030408_181,108,070801030408
9465,501.2480304,3515.099543,448_4_1,1.781251431,0.868229568,260.4688721,482.7356262,78,220.773407,100,1471.822754,6.020629883,70.18130493,0.850865006,0.243104279,52.98692212,0.005992247,137.7993317,12.36232185,1201,600,0.003286416,10.70074337,21400,9.630669234,3.67599E-05,481.2422791,703.5090332,0.434114784,0.802070439,27.04577065,49.96976471,F070801030303_121,108,070801030303
9467,500.4285449,3514.947386,163_4_1,1.824187517,0.868192017,260.4576111,482.7147522,82,232.0850677,100,1547.233765,6.165753841,71.87298584,0.850828171,0.243093759,30.40530586,0.003438511,131.0010274,11.79870033,754,376,0.002059487,23.41927814,46839,21.07735014,8.04513E-05,492.5426636,714.7998047,0.692706406,1.309953928,12.35722733,23.36833954,F070801030407_503,108,070801030407
9479,501.8329459,3514.476502,496_18_2,1.74297142,0.868075669,260.422699,482.6500854,78,220.7342987,100,1471.562012,5.891243458,68.67307281,0.850714147,0.243061185,199.9999969,0.022617833,144.0770416,12.84908904,5245,2620,0.014350682,141.6051785,283210,127.4446611,0.000486451,481.1569824,703.3843994,0.09939798,0.183647707,2.043417931,3.775418997,F070802060502_570,108,070802060502
9482,502.3544768,3514.159256,194_24_2,1.877725601,0.867997348,260.3992004,482.6065369,70,198.0769043,100,1320.512695,6.346712589,73.98239136,0.850637376,0.24303925,25.50361407,0.002884182,133.8324788,12.00852839,634,317,0.001736323,88.26496172,176531,79.43846709,0.000303213,458.4761047,680.6834717,0.821448565,1.446296811,3.277998924,5.771461964,F070801030408_31,108,070801030408
9483,500.9532581,3514.125067,550_6_2,1.717973232,0.867988884,260.3966675,482.6018066,70,198.075058,100,1320.500366,5.806749344,67.6881485,0.850629091,0.243036881,44.84557533,0.005071549,144.6000061,12.92612457,1227,613,0.003357621,53.66021347,107320,48.29419327,0.000184337,458.4717407,680.6768799,0.424790651,0.747914732,5.391883373,9.493309975,F070801010301_528,108,070801010301
9504,501.7652128,3513.024415,387_6_1,1.767726183,0.867717028,260.315094,482.4506531,86,243.2731934,100,1621.821289,5.974914551,69.64841461,0.850362659,0.242960766,43.27897132,0.004894383,130.999794,11.79861307,1074,537,0.002941342,58.82382175,117648,52.9414392,0.000202075,503.5882874,725.723877,0.484758079,0.937780797,4.917038441,9.51217556,F070802060601_108,108,070802060601
9509,499.3068949,3512.703767,496_39_2,1.779717207,0.867637813,260.2913513,482.4066162,78,220.6229401,100,1470.81958,6.015444279,70.12085724,0.850285053,0.242938593,57.06914544,0.006453902,139.5023285,12.44174175,1478,738,0.004042291,52.30699015,104613,47.07629049,0.000179688,480.9143066,703.029541,0.352698296,0.651645422,5.529139042,10.21563721,F070802060502_480,108,070802060502
9513,498.7211973,3512.471809,723_41_1,1.760450602,0.867580533,260.2741699,482.3747864,78,220.6081238,100,1470.720825,5.950323105,69.36175537,0.850228906,0.242922544,33.39081955,0.00377614,130.9953308,11.79829788,828,414,0.002267627,12.99159813,25983,11.69243813,4.46295E-05,480.8822937,702.9829102,0.62868154,1.161551476,22.26004219,41.12763214,F070801010405_62,108,070801010405
9520,502.7767258,3512.216796,130_2_2,1.862187266,0.867517531,260.255249,482.3397522,86,243.2172089,100,1621.447998,6.294192791,73.37017822,0.850167155,0.242904902,30.67270701,0.003468751,133.8333842,12.00859642,761,380,0.002081397,25.41538947,50831,22.87385129,8.73085E-05,503.4724731,725.5569458,0.684882224,1.324927568,11.37784958,22.01083183,F070801030407_486,108,070801030407
9529,501.0195078,3511.141818,122_4_1,1.74589169,0.867252052,260.1756287,482.1921387,78,220.5249329,100,1470.16626,5.901113987,68.78813171,0.849907041,0.242830575,81.87667031,0.009259364,135.2504883,9.933942103,2025,1013,0.005548565,22.41772895,44836,20.17595624,7.70108E-05,480.7005615,702.717041,0.256836742,0.474531651,12.89533043,23.82541656,F070801030409_281,104,070801030409
9532,502.1144315,3511.045797,545_8_1,1.831431508,0.867228329,260.1684875,482.1789551,70,197.9013214,100,1319.342163,6.190238476,72.15840149,0.849883735,0.242823929,20.94093567,0.002368193,131.0044403,11.79894066,502,250,0.00136934,30.30517709,60611,27.27466011,0.000104106,458.0698242,680.0802612,1.040673971,1.832279325,9.538835526,16.79470253,F070801010301_106,108,070801010301
9538,500.5702715,3510.916321,842_6_1,1.75996232,0.867196321,260.158905,482.1611633,78,220.5105286,100,1470.07019,5.948672771,69.34251404,0.849852383,0.242814973,21.91631681,0.002478498,151.4027863,13.42177868,607,304,0.001665117,5.742425442,11485,5.16818285,1.97267E-05,480.6694336,702.6716919,0.855785847,1.581149459,50.33856583,93.00550079,F070801030602_95,104,070801030602
9574,501.7061195,3508.113511,481_4_1,1.825402617,0.866504014,259.9512024,481.7762451,92,259.881897,100,1732.546021,6.16986084,71.92086029,0.849173903,0.242621124,157.8079465,0.017846369,144.6006439,12.89884224,4459,2229,0.012209034,105.3718116,210744,94.83462955,0.00036198,519.8331299,741.6581421,0.116622344,0.233213603,2.741100073,5.481469631,F070802060603_311,108,070802060603
9578,500.740088,3508.00842,188_1_2,1.721806049,0.866478086,259.9434204,481.7618103,43,121.4627991,100,809.7520142,5.819704533,67.8391571,0.849148512,0.242613867,195.0355402,0.022056407,134.3055216,12.04594453,4021,2011,0.01101497,70.20877321,140418,63.1878957,0.000241186,381.4062195,603.2246094,0.129260778,0.189659983,4.113816738,6.036064625,F070801030605_13,108,070801030605
9582,498.8994177,3507.793397,563_1_2,1.825276732,0.866424978,259.9274902,481.7322998,79,223.1391602,100,1487.59436,6.169435501,71.91590118,0.849096477,0.242598996,175.6197114,0.019860687,132.4159012,11.90532875,4449,2224,0.012181648,170.3881598,340776,153.3493441,0.000585328,483.0666504,704.87146,0.116873868,0.217206225,1.695002317,3.150105715,F070802060501_130,108,070802060501
9592,501.2366071,3507.054657,129_4_2,1.787274003,0.866242528,259.8727722,481.6308594,86,242.8597565,100,1619.065063,6.040986061,70.41859436,0.848917663,0.242547914,39.40056297,0.004455777,130.9988251,11.79854488,969,484,0.002651042,8.208235502,16416,7.387412071,2.81974E-05,502.7325439,724.4906006,0.536927223,1.038703561,35.17778397,68.05258942,F070801030407_527,108,070801030407
9598,502.1337629,3506.541995,477_8_1,1.798710704,0.866115868,259.8347473,481.5604248,78,220.2358856,100,1468.239258,6.079642296,70.86920166,0.848793566,0.24251245,70.0079623,0.007917142,133.4270564,11.98781449,1710,855,0.004683142,112.1329285,224267,100.9196332,0.000385206,480.0706177,701.7963257,0.303900301,0.561486125,2.574669838,4.756959438,F070802060704_547,108,070802060704
9603,508.531797,3506.3647,474_33_2,1.824113846,0.866072059,259.8216248,481.5360718,78,220.2247925,100,1468.165283,6.165504932,71.87008667,0.848750591,0.242500171,173.4598281,0.019616427,135.6063519,12.14993072,3925,1963,0.010752057,106.43544,212871,95.79189635,0.000365634,480.0464172,701.7608643,0.13235946,0.244547337,2.712354898,5.011346817,F070801030301_272,108,070801030301
9614,500.8885841,3506.068247,136_2_1,1.788668871,0.865998864,259.7996521,481.4953613,54,152.4504089,100,1016.33606,6.04570055,70.47355652,0.848678887,0.242479682,200.0000004,0.022617833,135.7592702,12.16742617,4961,2482,0.013594806,61.27703834,122553,55.14933468,0.000210503,412.250061,633.9458008,0.104673512,0.166095912,4.710839272,7.475159168,F070801030603_786,104,070801030603
9623,501.9637218,3505.677943,430_21_1,1.822172403,0.865902424,259.7707214,481.4417419,70,197.598938,100,1317.326294,6.158942699,71.79359436,0.848584354,0.242452681,22.82514596,0.002581277,149.4167404,13.29623032,671,335,0.001834915,27.07138634,54143,24.36424685,9.29973E-05,457.3696594,679.0406494,0.775434971,1.365282536,10.66196442,18.7721653,F070801030302_156,108,070801030302
9625,498.4580491,3505.536894,45_11_2,1.782924652,0.865867615,259.7602844,481.4223938,73,206.059021,100,1373.726807,6.026285172,70.24723053,0.84855026,0.242442936,199.9999996,0.022617833,132.1335632,11.88404989,4572,2286,0.012521244,77.64389289,155286,69.87950315,0.000266727,465.8193054,687.4814453,0.113630921,0.203770474,3.717260122,6.666036129,F070801030405_238,104,070801030405
9637,502.1368307,3504.961901,559_7_1,1.78044188,0.865725577,259.7176819,481.3434143,79,222.9589233,100,1486.392822,6.017893791,70.14940643,0.848411083,0.242403165,26.59498405,0.003007605,142.3328705,12.65263653,708,354,0.001938985,45.87507629,91750,41.28756714,0.000157593,482.6766052,704.3023682,0.733665764,1.363493204,6.290457249,11.69060421,F070802060501_233,108,070802060501
9641,501.0216046,3504.854446,484_21_2,1.786768198,0.865699053,259.7097168,481.3286743,86,242.7073975,100,1618.049316,6.0392766,70.39866638,0.848385096,0.242395729,52.16132241,0.00589888,131.0019379,11.79876423,1209,605,0.003313803,17.79783444,35595,16.01805119,6.11402E-05,502.4171143,724.0360718,0.429272264,0.830441535,16.21356583,31.3656826,F070801030301_431,108,070801030301
9657,500.4381696,3504.147035,164_11_2,1.645317912,0.865524292,259.6572876,481.2315063,79,222.907135,100,1486.047607,5.561174393,64.82552338,0.848213792,0.242346808,35.3658355,0.003999493,143.8423258,12.80442418,920,461,0.002525063,57.53401989,115067,51.78061833,0.000197644,482.5644226,704.1386719,0.563247919,1.046777487,5.014564991,9.319402695,F070801030407_119,108,070801030407
9658,498.5738059,3504.108442,53_27_2,1.859153628,0.865514815,259.6544495,481.2262268,78,220.0831146,100,1467.220703,6.283939362,73.25065613,0.848204494,0.242344141,23.25245644,0.002629601,135.2507629,12.12996483,540,270,0.001478887,9.279768134,18560,8.351791369,3.18784E-05,479.7375488,701.3093262,0.961683154,1.776805758,31.08967209,57.44127655,F070801030601_203,104,070801030601
9694,502.8716487,3501.870145,46_1_1,1.819472671,0.864961922,259.4885864,480.9188232,70,197.3843079,100,1315.895386,6.149817467,71.68722534,0.847662687,0.242189333,106.6852596,0.012064947,138.3665497,12.39765377,2715,1358,0.007438254,45.77275482,91547,41.19547953,0.000157241,456.8728943,678.3031006,0.191081434,0.336430699,6.298957825,11.09036446,F070801030405_152,104,070801030405
9696,499.9875938,3501.808788,424_13_1,1.788836598,0.864946783,259.4840393,480.9104004,78,219.9386749,100,1466.257813,6.046267509,70.48016357,0.847647846,0.242185101,117.9509205,0.013338971,134.7777032,12.07857609,3028,1515,0.0082982,145.9728037,291946,131.3755257,0.000501455,479.4227295,700.8490601,0.171276599,0.316450655,1.975132227,3.64925456,F070801030303_700,108,070801030303
9698,498.0363294,3501.737416,496_41_1,1.833596826,0.86492914,259.4787292,480.9006042,78,219.9338531,100,1466.225708,6.197557449,72.24371338,0.84763056,0.242180154,85.08100259,0.00962174,141.8802185,12.62714233,2307,1153,0.006315396,83.98667383,167973,75.58800805,0.000288516,479.4125977,700.8344727,0.225046605,0.415795833,3.432802916,6.342442513,F070802060502_480,108,070802060502
9705,500.8613213,3501.120218,209_15_2,1.739553571,0.864776671,259.4330139,480.8158264,86,242.4487915,100,1616.325317,5.879691124,68.538414,0.847481132,0.242137462,134.0300564,0.015157347,137.8005341,12.34310875,3401,1700,0.009311511,193.043721,386087,173.7393457,0.000663156,501.8818054,723.2646484,0.15260765,0.295224577,1.493231177,2.888705492,F070802060601_107,108,070802060601
9710,499.3524037,3500.794895,496_29_1,1.704454541,0.864696324,259.408905,480.7711487,78,219.8746033,100,1465.830688,5.761056423,67.15550995,0.847402394,0.242114976,73.62117299,0.008325757,143.4667918,12.75953611,1991,994,0.005444495,71.10011935,142200,63.99010491,0.000244248,479.2835083,700.645752,0.260974765,0.482176572,4.053890705,7.489963055,F070802060502_480,108,070802060502
9715,499.0977532,3500.384801,723_71_2,1.791006923,0.864595056,259.3785095,480.7148438,83,233.9421234,100,1559.614136,6.053603172,70.56567383,0.847303152,0.242086619,67.82558548,0.007670339,143.2399536,12.7723732,1793,896,0.004907714,45.29717493,90594,40.76745796,0.000155608,493.3206177,714.6569824,0.289484948,0.550581038,6.362390995,12.10084343,F070801010405_27,108,070801010405
9722,499.3010613,3499.812502,434_14_2,1.79338181,0.864453673,259.3360901,480.6362305,85,239.5400085,100,1596.93335,6.061630726,70.65924072,0.847164571,0.242047027,50.30612564,0.005689078,128.3740005,11.61898708,1239,619,0.003390486,42.54489899,85090,38.29040909,0.000146153,498.8760986,720.1762695,0.418959767,0.80593878,6.772873402,13.02874851,F070801030303_19,108,070801030303
9724,500.5169756,3499.770518,389_6_2,1.764873266,0.864443302,259.3329773,480.6304626,92,259.2638245,100,1728.425537,5.965271473,69.53600311,0.847154438,0.242044121,72.7821348,0.008230871,133.8336945,12.00861931,1674,838,0.004590027,50.04012769,100080,45.03611473,0.000171901,518.5968018,739.8942871,0.309466571,0.618850589,5.758333683,11.51513195,F070802060601_77,108,070802060601
9730,498.4584099,3499.264189,96_12_2,1.747869134,0.864318252,259.2954712,480.5609436,78,219.7788544,100,1465.192383,5.907797813,68.86604309,0.847031891,0.242009103,55.72212181,0.006301568,141.2005157,12.61010933,1192,596,0.003264506,9.632404652,19264,8.669164187,3.30898E-05,479.0743408,700.3397827,0.435059518,0.80381602,29.91008949,55.26188278,F070801030406_872,104,070801030406
9751,497.2998838,3498.095853,578_12_1,1.864334822,0.864029646,259.2088928,480.4004822,79,222.5220642,100,1483.480469,6.301451683,73.45478821,0.846749067,0.241928294,54.96313871,0.006215736,134.9662262,12.09538345,1415,708,0.003877971,101.0671997,202135,90.96047872,0.000347192,481.730957,702.9225464,0.366114259,0.680410981,2.849687099,5.296046734,F070802060501_123,108,070802060501
9752,500.2566105,3497.986263,462_7_2,1.800933719,0.864002585,259.2007751,480.385437,78,219.698349,100,1464.65564,6.087155819,70.95678711,0.846722543,0.241920725,22.73803089,0.002571425,148.566806,13.21235485,628,314,0.001719891,8.346728131,16694,7.512055293,2.86732E-05,478.8991089,700.0838013,0.825480163,1.525156379,34.50464249,63.75074387,F070801030301_400,108,070801030301
9757,496.7715616,3497.368213,577_1_2,1.776548743,0.863849938,259.1549683,480.3005676,75,211.2112885,100,1408.075195,6.004734516,69.99601746,0.846572936,0.241877988,23.97826576,0.002711682,131.0023346,11.79879189,595,297,0.001626776,35.89869213,71798,32.30882215,0.000123321,470.366272,691.5118408,0.872575641,1.583724856,8.021183014,14.55844688,F070801010602_37,108,070801010602
9766,501.0603019,3496.513732,537_10_1,1.789247036,0.863638878,259.0916748,480.1832275,86,242.1297913,100,1614.198608,6.047655106,70.49633026,0.846366107,0.24181889,24.02705574,0.0027172,158.2012634,14.05375099,710,355,0.001944463,19.68019676,39360,17.71217728,6.76066E-05,501.2214661,722.3129883,0.729835689,1.41189146,14.62788391,28.29812813,F070801010302_10,108,070801010302
9809,501.8555687,3493.788879,49_8_2,1.802978277,0.862965882,258.8897705,479.809021,78,219.4349213,100,1462.899414,6.09406662,71.03734589,0.845706582,0.24163045,169.0206217,0.019114401,136.6646881,12.23649406,4214,2107,0.011540797,65.74184501,131482,59.16766119,0.00022584,478.324707,699.2439575,0.122871272,0.227016941,4.375528336,8.084225655,F070801030601_302,104,070801030601
9814,496.372437,3493.528664,425_43_2,1.771268368,0.862901568,258.8704834,479.7732849,78,219.4187469,100,1462.791626,5.986886978,69.7879715,0.84564352,0.241612434,200.0000013,0.022617833,139.4988963,10.84618723,4173,2087,0.011431249,178.4208651,356842,160.5787783,0.000612922,478.2892456,699.1920166,0.124039523,0.229175493,1.612108946,2.978533268,F070801030302_77,108,070801030302
9817,499.1311236,3493.375297,459_7_1,1.798724294,0.862863719,258.8591309,479.7522278,78,219.4088287,100,1462.725586,6.079688072,70.86973572,0.845606446,0.24160184,37.55227375,0.004246755,140.5196014,12.57416801,914,457,0.002503153,13.87492377,27751,12.4874315,4.7664E-05,478.2679443,699.1610718,0.566431344,1.046538115,20.7295742,38.29994583,F070801030303_629,108,070801030303
9827,499.1064269,3492.834068,129_10_2,1.799425125,0.862730026,258.8190002,479.677887,86,241.8747253,100,1612.498169,6.082056999,70.8973465,0.845475435,0.241564408,39.85921614,0.004507646,138.0820236,12.32698822,933,466,0.00255245,9.077737508,18155,8.169963529,3.11844E-05,500.6937256,721.5526123,0.555405557,1.074450016,31.67933273,61.28469467,F070801030407_153,108,070801030407
9878,498.4710357,3488.872462,138_22_2,1.708060265,0.861751497,258.5254517,479.1338196,79,221.9354248,100,1479.569458,5.773243904,67.2975769,0.844516456,0.24129042,200.0000019,0.022617833,137.8005219,12.31563663,5235,2617,0.01433425,359.0521936,718104,323.1469784,0.001233438,480.4608765,701.0692139,0.09878695,0.18359223,0.800024331,1.486818433,F070802060602_42,108,070802060602
9895,496.8311797,3488.201546,483_19_1,1.733956218,0.861585796,258.4757385,479.0417175,86,241.5541992,100,1610.361328,5.860772133,68.31787872,0.844354093,0.241244018,53.00681782,0.005994497,144.4579239,12.87865138,1467,734,0.004020382,62.28244352,124565,56.05419922,0.000213956,500.0299377,720.5959473,0.352146775,0.681239724,4.61117506,8.920472145,F070801010403_26,108,070801010403
9901,496.768585,3487.797687,489_5_1,1.727338195,0.861486018,258.4458008,478.9862366,78,219.0585022,100,1460.390015,5.838403225,68.05712128,0.844256282,0.241216078,30.75725622,0.003478312,145.4497299,12.94129729,731,367,0.002010191,22.13481669,44269,19.92133426,7.60389E-05,477.504303,698.0447388,0.70421201,1.301101685,12.9733181,23.96949387,F070802060502_260,108,070802060502
9914,498.6765857,3487.210552,46_1_2,1.819472671,0.861341,258.4023132,478.9056091,68,190.9420776,100,1272.947144,6.149817467,71.68722534,0.844114184,0.241175473,133.5563539,0.015103777,135.7217026,12.19280291,3013,1506,0.008248903,20.79310098,41586,18.71379126,7.14297E-05,449.3443909,669.8476563,0.171581879,0.298369437,13.80812168,24.01140404,F070801030405_138,104,070801030405
9915,497.5226846,3487.144042,406_1_1,1.796624064,0.861324549,258.3973694,478.8964539,78,219.0175476,100,1460.116943,6.072589397,70.7869873,0.844098032,0.241170868,45.22360373,0.0051143,136.6676992,12.24039809,1158,579,0.003171391,19.70086646,39401,17.73077965,6.76776E-05,477.414917,697.9140015,0.446282148,0.824550807,14.57337856,26.92577171,F070801030603_116,108,070801030603
9920,499.0177267,3486.936207,545_13_1,1.783437967,0.861273229,258.381958,478.8679199,70,196.5425568,100,1310.283691,6.028020382,70.26745605,0.844047785,0.241156504,189.8721446,0.021472483,131.0020311,11.7987708,4712,2355,0.012899182,262.1791779,524358,235.9612616,0.000900654,454.9244995,675.4104614,0.109716333,0.193173885,1.095018506,1.927962661,F070801010301_101,108,070801010301
9928,495.9671794,3486.605896,487_29_1,1.732350826,0.86119163,258.3574829,478.8225403,91,255.4809723,100,1703.206543,5.855345726,68.25462341,0.843967795,0.24113366,199.9999984,0.022617833,139.0594949,12.42848041,5147,2573,0.014093246,125.524285,251049,112.9718555,0.000431209,513.8384399,734.3035278,0.10041099,0.199704021,2.286919117,4.548375607,F070802060502_339,108,070802060502
9937,497.3445021,3485.903455,144_5_2,1.716720223,0.861018181,258.3054504,478.7261047,86,241.3944092,100,1609.296021,5.802514553,67.63877869,0.843797803,0.241085097,26.00212771,0.002940559,133.1215363,11.95585489,647,324,0.001774664,31.21742594,62434,28.0956831,0.00010724,499.6998596,720.1204834,0.797239065,1.542283535,9.193777084,17.78564644,F070801030407_488,108,070801030407
9942,497.6729643,3485.163057,479_1_1,1.775856376,0.860835254,258.2505798,478.6243896,86,241.3435516,100,1608.957031,6.002394676,69.96874237,0.843618572,0.241033867,55.0341684,0.006223768,141.7672516,12.62549324,1334,666,0.003647921,22.14915371,44298,19.93423828,7.60881E-05,499.5941162,719.9679565,0.387763619,0.750141323,12.95512676,25.06211281,F070801030301_586,108,070801030301
9946,500.7617793,3484.953935,92_3_1,1.782501698,0.860783637,258.2350769,478.5957031,78,218.8798523,100,1459.198975,6.024855614,70.23056793,0.843567967,0.241019413,140.2487753,0.015860617,133.1259499,11.95616984,3468,1734,0.009497741,94.13917352,188277,84.72525503,0.000323393,477.1149292,697.4755859,0.1489245,0.275152773,3.047911406,5.631319046,F070801030406_677,108,070801030406
9952,495.3421397,3484.771881,125_3_1,1.776239753,0.860738635,258.2215881,478.5706787,54,151.5236053,100,1010.157349,6.003690243,69.98384857,0.84352386,0.241006821,145.2624059,0.016427604,130.9983154,11.79850903,3604,1802,0.009870202,37.85389298,75708,34.06850329,0.000130038,409.7451782,630.0942993,0.143297225,0.227383569,7.579481602,12.02709675,F070801030409_405,104,070801030409
9964,497.1613167,3483.815594,106_14_2,1.751349568,0.860502422,258.1507263,478.4393616,48,134.651413,100,897.6760864,5.919561386,69.00317383,0.843292356,0.240940675,42.29589975,0.004783208,136.6673584,12.27171841,1052,528,0.002892046,12.98316433,25966,11.684848,4.46006E-05,392.802124,613.0907593,0.488921821,0.743943393,22.09277534,33.61636734,F070801030404_355,104,070801030404
9966,495.0424821,3483.737698,125_3_2,1.776239753,0.860483229,258.1449585,478.4286804,54,151.4794617,100,1009.863098,6.003690243,69.98384857,0.84327358,0.240935311,38.20398521,0.004320457,130.9990234,11.79855887,948,474,0.002596268,10.07979822,20159,9.071818352,3.46267E-05,409.6244202,629.9081421,0.544609606,0.864186525,28.45570183,45.15350723,F070801030409_405,104,070801030409
9968,497.198866,3483.694304,140_10_1,1.766508222,0.8604725,258.1417542,478.422699,78,218.8008728,100,1458.672485,5.970798016,69.60042572,0.84326303,0.240932301,200.0000017,0.022617833,132.6995682,11.92457619,4876,2438,0.013353803,160.7538646,321508,144.6784794,0.000552232,476.942627,697.2235718,0.105882592,0.195628643,1.784244299,3.296569347,F070801030407_197,108,070801030407
9976,500.723761,3483.217606,50_4_1,1.908263326,0.860354722,258.1064148,478.3572388,78,218.7710114,100,1458.473389,6.449930191,75.18557739,0.843147635,0.240899324,45.70548503,0.005168795,131.0016861,11.79874659,550,276,0.001511751,54.02508095,108050,48.62257252,0.00018559,476.8774414,697.1282349,0.935168147,1.72781682,5.308366299,9.80773735,F070801030601_117,104,070801030601
9993,497.2499701,3481.765993,583_12_1,1.727496862,0.8599962,257.9988708,478.1578979,68,190.6438599,100,1270.959106,5.83893919,68.06337738,0.842796266,0.240798935,82.66509062,0.009348526,146.0167503,13.00919485,2110,1054,0.005773137,158.7516532,317504,142.8764881,0.000545353,448.6427307,668.8017578,0.244780719,0.425657243,1.805747509,3.140074015,F070801010301_147,108,070801010301
9996,497.0911741,3481.620309,389_7_1,1.720002294,0.859960198,257.9880676,478.1378784,92,257.9190369,100,1719.460205,5.813607693,67.76808929,0.84276098,0.240788862,119.2587597,0.013486874,138.3669189,12.34739075,3106,1554,0.008511817,128.9768816,257954,116.0791933,0.000443069,515.9071045,736.0568848,0.166015491,0.331986547,2.222517729,4.444440842,F070802060601_122,108,070802060601
10010,497.9104397,3480.288902,136_7_1,1.807161808,0.85963136,257.8894043,477.9550476,83,232.598938,100,1550.659546,6.108206749,71.20217896,0.842438757,0.240696788,29.71332741,0.003360255,130.9984741,11.79852009,737,369,0.002021146,9.695619941,19392,8.726057887,3.3307E-05,490.4883423,710.5539551,0.698887289,1.329236746,29.55394173,56.2096138,F070801030603_729,104,070801030603
10011,494.565036,3480.192099,106_17_1,1.752707243,0.859607458,257.8822327,477.9417419,48,134.5113678,100,896.7424316,5.924150467,69.05666351,0.842415333,0.240690082,169.2950097,0.019145432,148.5657578,10.22626016,4110,2057,0.011266929,51.69796944,103396,46.52817273,0.000177596,392.3936157,612.453125,0.125368118,0.190760151,5.542496681,8.433463097,F070801030404_355,104,070801030404
10020,496.1730658,3479.030574,476_10_2,1.753225207,0.859320581,257.7961731,477.7822571,78,218.5080414,100,1456.720215,5.925901413,69.07707214,0.842134178,0.240609765,23.58751249,0.002667492,131.000824,11.79868555,585,293,0.001604866,20.03002739,40060,18.02702498,6.88084E-05,476.3041992,696.2902832,0.879850447,1.625611544,14.30053902,26.42167473,F070802060704_563,108,070802060704
10026,493.3386702,3478.507439,400_12_1,1.782456756,0.859191358,257.7574158,477.7103882,92,257.6885986,100,1717.92395,6.024703979,70.22879791,0.842007518,0.240573585,100.4486045,0.011359649,131.000651,9.136504978,2372,1186,0.006496148,54.99087203,109982,49.49178374,0.000188908,515.4460449,735.3989868,0.217333406,0.434608817,5.20808506,10.41477966,F070802060601_352,108,070802060601
10032,499.225085,3477.965391,459_6_2,1.800062895,0.859057426,257.7172241,477.6359253,78,218.4411011,100,1456.274048,6.08421278,70.92247772,0.841876268,0.240536079,91.19141388,0.010312761,131.0006561,11.79867363,2262,1131,0.006194894,47.228302,94457,42.50547028,0.000162242,476.1583252,696.0770264,0.227866694,0.421006471,6.063154221,11.20228386,F070801030303_629,108,070801030303
10035,498.2454263,3477.896176,496_2_2,1.765851021,0.85904038,257.7121277,477.6264648,78,218.436615,100,1456.244141,5.968576431,69.57453156,0.841859579,0.24053131,22.59956157,0.002555766,146.300293,13.0249331,623,311,0.001703459,29.97854798,59956,26.9806928,0.000102984,476.1487427,696.0631104,0.828656375,1.531024933,9.55172348,17.64775848,F070802060502_534,108,070802060502
10043,496.5697392,3477.136548,137_7_1,1.666124225,0.858852744,257.6558228,477.5221252,86,240.7879486,100,1605.25293,5.631499767,65.64529419,0.841675699,0.240478769,81.88274693,0.009260052,136.6667099,12.22565031,1822,911,0.004989875,70.74369812,141488,63.6693306,0.000243023,498.4437866,718.3100586,0.282827467,0.547139168,4.046780586,7.828632355,F070802060602_67,108,070802060602
10047,495.6797274,3476.982716,106_11_1,1.773664236,0.858814716,257.6444092,477.5009766,54,151.1855469,100,1007.903625,5.994985104,69.88237,0.841638446,0.240468115,45.60002743,0.005156869,139.1593018,10.56477505,793,395,0.002163557,7.401203491,14802,6.661083154,2.54251E-05,408.8299561,628.6865234,0.652264357,1.035012603,38.67905426,61.37589645,F070801030404_12,104,070801030404
10056,496.6880556,3476.407911,389_27_2,1.865845323,0.858672738,257.6018066,477.4220276,86,240.7374115,100,1604.916016,6.306557178,73.51430511,0.841499269,0.240428373,69.41724896,0.007850339,131.0004323,11.79865789,1722,861,0.004716007,75.71513748,151430,68.14362347,0.000260101,498.3392334,718.1594238,0.299189091,0.578791201,3.780277491,7.313072205,F070802060601_24,108,070802060601
10064,493.5013335,3475.893207,812_7_1,1.719913721,0.858545601,257.5636902,477.3513489,47,129.3584595,100,862.3897095,5.813308239,67.76460266,0.841374695,0.240392774,86.74859498,0.009810326,147.4349594,13.11074996,2313,1157,0.006337305,28.72150517,57443,25.84935374,9.86659E-05,386.9221497,606.7098389,0.222613394,0.334418446,9.964028358,14.96834946,F070801030603_365,108,070801030603
10078,496.8505036,3475.301633,122_1_2,1.755500674,0.85839951,257.5198669,477.2701416,78,218.2738342,100,1455.158936,5.933592319,69.16672516,0.841231525,0.240351856,200.0000025,0.022617834,137.476618,10.57923843,4154,2078,0.011381953,41.48519013,82970,37.33667096,0.000142512,475.7937012,695.5439453,0.123926789,0.22896713,6.897236824,12.74333477,F070801030409_494,104,070801030409
10087,493.5015835,3474.866829,152_5_1,1.914260864,0.858292103,257.4876404,477.2104187,86,240.6305847,100,1604.203857,6.470201492,75.421875,0.841126263,0.240321785,199.9999993,0.022617833,149.6508743,11.53243819,4163,2085,0.011420295,520.5740637,1041147,468.5166571,0.001788308,498.1182251,717.8410034,0.123495273,0.238905624,0.549580574,1.06318152,F070801030407_681,108,070801030407
10099,493.5408352,3474.352667,664_26_1,1.757563829,0.858165085,257.4495239,477.139801,52,145.47612,100,969.8408203,5.940565586,69.24801636,0.841001809,0.240286231,199.9999999,0.022617833,136.7372379,11.01297372,3775,1888,0.010341255,35.55611806,71111,32.0005064,0.000122145,402.9256592,622.6159058,0.136360973,0.213414013,8.045170784,12.59122753,F070801030402_541,104,070801030402
10112,496.6519952,3473.333164,472_7_2,1.755047441,0.857913315,257.3739929,476.9998169,68,190.1822205,100,1267.88147,5.932060242,69.14887238,0.840755045,0.240215734,21.39378047,0.002419405,151.400116,13.42154026,531,266,0.001456978,22.60133362,45203,20.34119987,7.76415E-05,447.5562134,667.1820068,0.967571378,1.682542205,12.65284252,22.00244904,F070801030301_599,108,070801030301
10116,500.1247179,3472.987915,165_1_2,1.813798308,0.857828021,257.3484192,476.9523926,78,218.1283875,100,1454.189209,6.130638123,71.46365356,0.84067148,0.240191847,24.97602342,0.002824518,130.9992015,11.79857127,619,309,0.001692504,6.523382246,13047,5.87104401,2.24095E-05,475.4768066,695.0808105,0.832842767,1.538759947,43.83350372,80.98675537,F070802060406_104,108,070802060406
10132,496.1294967,3472.209626,133_5_1,1.786741734,0.857635796,257.290741,476.8454895,86,240.4468384,100,1602.978882,6.039186954,70.39762115,0.840483069,0.240138024,31.27906038,0.003537323,124.2487907,8.086908142,505,252,0.001380295,0.422925025,846,0.38063252,1.45286E-06,497.7375793,717.2923584,1.020995021,1.975149155,675.9557495,1307.659058,F070802060302_270,108,070802060302
10139,495.1570376,3471.440649,186_46_1,1.79052949,0.857445836,257.2337646,476.7398987,78,218.0313263,100,1453.542236,6.051989555,70.54685974,0.840296924,0.240084827,199.9999999,0.022617833,131.5661357,11.84058495,4792,2397,0.013129231,198.3532846,396707,178.5179543,0.000681395,475.2650757,694.7712402,0.107314877,0.198274955,1.440940619,2.662281752,F070801030407_296,108,070801030407
10146,494.4830978,3470.776939,160_12_1,1.854598284,0.857281923,257.1845703,476.6487427,78,217.9896545,100,1453.264404,6.26854229,73.07117462,0.84013629,0.240038931,124.6157027,0.014092686,130.9992778,11.79857667,3076,1538,0.008424179,124.1644952,248330,111.7480489,0.000426538,475.1742249,694.6384277,0.167220131,0.308955938,2.301468134,4.252192497,F070802060602_271,108,070802060602
10149,497.0501987,3470.348856,472_8_2,1.771609902,0.857176185,257.1528625,476.5899658,68,190.0188751,100,1266.79248,5.988041401,69.80142975,0.840032637,0.240009338,27.76397443,0.003139805,155.3666687,13.79272032,693,347,0.001900644,28.16653967,56333,25.34988642,9.67594E-05,447.1717529,666.6088257,0.741074502,1.288679361,10.14414215,17.63998985,F070801030301_600,108,070801030301
10153,496.1603065,3470.153013,505_11_1,1.71579349,0.857127786,257.1383362,476.5630493,84,234.7158356,100,1564.772217,5.79938221,67.6022644,0.839985251,0.239995778,200,0.022617833,138.465894,11.49012954,4839,2417,0.013238778,226.6331873,453267,203.9698681,0.000778544,491.854187,711.2788696,0.106387399,0.203497797,1.260668278,2.41140604,F070802060502_160,108,070802060502
10159,496.8537147,3469.763232,472_8_1,1.771609902,0.857031524,257.1094666,476.5095215,68,189.9867554,100,1266.578369,5.988041401,69.80142975,0.839890897,0.239968821,24.93693423,0.002820097,147.245636,13.12810675,731,366,0.002004714,25.21834853,50437,22.69651324,8.66316E-05,447.0962219,666.4962769,0.702484906,1.221574426,11.32814789,19.6988945,F070801030301_600,108,070801030301
10160,495.9316168,3469.759712,545_4_2,1.757655978,0.85703063,257.1091919,476.5090332,70,195.5743561,100,1303.829102,5.940877438,69.25164795,0.839890003,0.239968583,30.69742697,0.003471546,130.9999797,11.79862595,762,381,0.002086874,12.73773864,25476,11.46396479,4.37575E-05,452.6835327,672.083374,0.674827278,1.188145757,22.42759705,39.48751831,F070801010301_95,108,070801010301
10178,495.9160386,3468.611486,477_8_2,1.798710704,0.856747031,257.0241089,476.3513489,78,217.8536377,100,1452.357544,6.079642296,70.86920166,0.839612067,0.239889175,23.38500643,0.002644591,131.0007375,11.79867967,580,290,0.001588434,11.7520175,23504,10.57681584,4.03713E-05,474.8777466,694.2049561,0.886290014,1.637509465,24.30070686,44.89798737,F070802060704_547,108,070802060704
10198,492.9606191,3467.177795,71_6_1,1.752873182,0.85639292,256.9178772,476.1544495,54,150.7592621,100,1005.061768,5.924711227,69.0632019,0.839265049,0.239790022,83.08981355,0.009396558,140.0666046,9.700224012,1603,802,0.004392842,0.463845216,928,0.417460702,1.59343E-06,407.677124,626.9136963,0.320346475,0.508325577,615.4301147,976.5640869,F070801030405_415,104,070801030405
10199,496.6036492,3467.077807,54_33_2,1.783466578,0.856368244,256.9104614,476.1407471,54,150.7550507,100,1005.033691,6.02811718,70.26858521,0.839240909,0.239783108,200.0000015,0.022617833,141.9547653,12.6841073,5242,2620,0.014350682,66.28742303,132575,59.65867873,0.000227715,407.6655273,626.895813,0.098057427,0.155597523,4.30633831,6.833297729,F070801030405_428,104,070801030405
10203,492.2494205,3466.711492,845_166_1,1.748019576,0.856277764,256.8833313,476.0904236,59,164.6964874,100,1097.976563,5.908306122,68.87197113,0.839152217,0.239757776,160.7809963,0.018182589,136.4401031,10.39969434,4177,2088,0.011436727,153.6844949,307368,138.3160484,0.000527946,421.579834,640.7869263,0.123028412,0.201906055,1.857220054,3.047945976,F070802060302_80,108,070802060302
10204,496.9461108,3466.697729,548_6_2,1.765173197,0.856274366,256.8823242,476.088562,70,195.4017944,100,1302.678589,5.966285229,69.54782104,0.839148879,0.239756823,47.74960399,0.005399963,130.9988708,11.79854774,1103,552,0.003023502,18.56151485,37123,16.70536327,6.37637E-05,452.2841187,671.4903564,0.465366542,0.819355309,15.37723637,27.07418633,F070801010301_495,108,070801010301
10211,494.9523207,3466.166715,545_4_1,1.757655978,0.856143177,256.8429565,476.0155945,70,195.3718719,100,1302.479126,5.940877438,69.25164795,0.839020312,0.239720091,91.13010228,0.010305827,137.139005,12.29783233,2194,1098,0.006014141,89.58450657,179169,80.62605582,0.000307746,452.2148438,671.3874512,0.233918905,0.411853224,3.185607433,5.608792782,F070801010301_95,108,070801010301
10245,493.5141706,3463.684125,136_6_2,1.771590829,0.855529964,256.6589966,475.6746521,71,198.0210419,100,1320.140259,5.987977028,69.80068207,0.838419378,0.239548385,20.30992189,0.002296832,130.9999441,11.79862372,504,252,0.001380295,4.822118737,9644,4.339906856,1.65652E-05,454.6800537,673.6956787,1.01848805,1.804285884,59.13928604,104.7672348,F070801030603_786,104,070801030603
10269,493.1290237,3461.502914,60_17_2,1.814393163,0.854991198,256.497345,475.3750916,76,211.8326263,100,1412.217529,6.132648945,71.48709106,0.8378914,0.239397541,200.000003,0.022617834,136.0362634,11.09621748,5071,2534,0.013879629,80.52840549,161056,72.47556597,0.000276636,468.3299561,687.2077026,0.101222314,0.184818447,3.539087057,6.461901188,F070801030202_367,104,070801030202
10281,493.9571815,3460.718823,27_5_2,1.737578034,0.854797542,256.43927,475.2674255,78,217.3579102,100,1449.052734,5.873013973,68.46057129,0.837701619,0.239343315,40.22296143,0.004548781,130.9998016,11.79861355,998,499,0.002733202,24.1467514,48294,21.73207664,8.29504E-05,473.7971802,692.6253662,0.51390636,0.949493349,11.80003548,21.80174446,F070801030202_216,104,070801030202
10286,498.2366143,3460.479189,548_3_1,1.817024946,0.854738355,256.4215088,475.2345276,71,197.837738,100,1318.918213,6.141544342,71.59078217,0.837643564,0.239326745,31.43303863,0.003554736,130.9992371,11.79857381,756,378,0.002070442,19.26831787,38537,17.34148665,6.61917E-05,454.2592468,673.0722656,0.6783638,1.20174408,14.78659344,26.19494247,F070801010301_485,108,070801010301
10302,498.9820512,3459.116932,104_9_1,1.797034144,0.854401886,256.3205566,475.0474548,86,239.5398254,100,1596.932129,6.073975563,70.80314636,0.837313831,0.239232525,75.18926563,0.008503091,138.3678462,12.39539242,1871,934,0.005115854,22.7061983,45411,20.43557856,7.80017E-05,495.8603821,714.5872803,0.274433136,0.530899763,12.54285812,24.26456261,F070802060602_278,108,070802060602
10309,494.2730029,3458.724708,93_5_2,1.762238145,0.854305029,256.2915039,474.9935913,78,217.2326508,100,1448.217651,5.956365108,69.43218231,0.83721894,0.239205405,32.35107136,0.003658556,131.0005493,11.798666,803,402,0.002201899,41.9301157,83861,37.7371037,0.000144041,473.5241699,692.2262573,0.637541056,1.177920818,6.791499138,12.54797363,F070801030406_391,108,070801030406
10324,491.9834452,3457.476603,137_37_2,1.76218164,0.853996694,256.1990051,474.8221741,78,217.1541901,100,1447.69458,5.956173897,69.42995453,0.836916745,0.239119068,186.3119753,0.021069866,132.8886236,8.3439701,3977,1987,0.010883513,330.0267143,660053,297.0240409,0.001133728,473.3532104,691.9763794,0.128937602,0.238225073,0.86255312,1.593652844,F070802060602_113,108,070802060602
10332,496.050007,3457.132405,723_39_1,1.846044183,0.853911698,256.1735229,474.7749023,77,214.3489227,100,1428.992798,6.239629269,72.73413849,0.836833477,0.239095271,49.47593984,0.005595193,130.9999847,11.79862642,751,375,0.00205401,40.06477815,80129,36.05829947,0.000137633,470.5224609,689.1238403,0.68312937,1.254726529,7.104425907,13.04893684,F070801010405_28,108,070801010405
10344,494.1530509,3456.592658,563_6_2,1.759122372,0.853778362,256.1335144,474.7007751,79,219.8816986,100,1465.87793,5.945833683,69.30941772,0.836702824,0.239057943,45.26239555,0.005118687,134.9667725,12.09542084,1115,557,0.003050889,68.55964946,137120,61.70368304,0.00023552,476.0151978,694.5824585,0.459844738,0.854605377,4.151024818,7.71453476,F070802060501_130,108,070802060501
10383,493.5453631,3454.401592,128_21_1,1.74077642,0.853237212,255.9711609,474.3999023,78,216.9611511,100,1446.407715,5.883824348,68.58659363,0.836172462,0.238906413,49.06175441,0.005548353,158.9554647,14.12714132,1424,712,0.00389988,139.3206258,278641,125.3885663,0.000478603,472.932312,691.361084,0.359510064,0.664230764,2.041423559,3.771733999,F070801030406_608,108,070801030406
10394,495.1723226,3453.839507,474_26_2,1.820898175,0.853098333,255.9295044,474.3226624,86,239.1747284,100,1594.498169,6.154635906,71.74338531,0.836036384,0.238867536,28.55615943,0.003229392,139.4991531,12.46109676,708,354,0.001938985,11.02761863,22055,9.924856479,3.78828E-05,495.104248,713.4973755,0.722964704,1.398599625,25.78672028,49.88528061,F070801030301_299,108,070801030301
10406,493.2203355,3453.115074,129_3_2,1.731175423,0.8529194,255.875824,474.223175,86,239.1241302,100,1594.160889,5.851372719,68.20831299,0.835861027,0.238817438,113.8294274,0.012872875,135.986321,12.18730933,2782,1390,0.00761353,139.2646655,278529,125.3382001,0.000478411,494.999939,713.34729,0.184083328,0.356115073,2.041483164,3.949314356,F070801030407_191,108,070801030407
10413,490.7214574,3452.475902,46_6_1,1.741312623,0.852761567,255.828476,474.135437,74,205.7201996,100,1371.468018,5.885636806,68.60771942,0.835706353,0.238773242,200.0000011,0.022617833,133.5487881,12.00140333,4921,2461,0.013479782,82.91745139,165834,74.62570548,0.000284843,461.5486755,679.8556519,0.103953056,0.18754518,3.428154945,6.184848309,F070801030405_152,104,070801030405
10415,490.7211973,3452.471809,46_7_2,1.742114663,0.852760553,255.8281708,474.1348572,71,197.3799591,100,1315.866455,5.888347626,68.63932037,0.83570534,0.238772959,42.04038963,0.004754313,131.0000509,11.79863135,1043,522,0.002859182,16.80664621,33614,15.12598159,5.77352E-05,453.2081299,671.5148315,0.490092278,0.868214786,16.91316223,29.96222878,F070801030405_235,104,070801030405
10416,490.7212019,3452.471477,46_7_1,1.742114663,0.852760434,255.828125,474.1347961,72,200.1598969,100,1334.399292,5.888347626,68.63932037,0.835705221,0.238772929,111.8663387,0.012650871,130.9998665,11.79861808,2775,1387,0.007597098,57.19523478,114391,51.47571087,0.000196481,455.9880371,674.2946777,0.184447095,0.328758508,4.969880581,8.858314514,F070801030405_235,104,070801030405
10425,494.7759282,3451.195005,472_5_2,1.771666765,0.852445185,255.733551,473.9595337,68,188.9700165,100,1259.800049,5.988233566,69.80367279,0.83539629,0.238684654,20.17577124,0.002281661,159.3332214,14.16390038,536,268,0.001467932,18.15297318,36306,16.33767509,6.23602E-05,444.7035522,662.9295654,0.954229653,1.659341574,15.65299511,27.21951294,F070801030301_600,108,070801030301
10456,494.3284639,3449.263049,104_2_1,1.755425215,0.85196799,255.5903931,473.6942139,86,238.8577423,100,1592.38501,5.933337212,69.16374969,0.834928632,0.238551036,40.20629501,0.004546896,131.0009918,11.79869747,997,498,0.002727725,10.48952007,20979,9.44056797,3.60342E-05,494.4481201,712.5519409,0.513233721,0.992867708,27.07362366,52.37482834,F070802060602_175,108,070802060602
10478,492.3401874,3447.943935,498_13_2,1.701242566,0.851642132,255.4926453,473.513031,92,255.4246216,100,1702.830811,5.750199795,67.02895355,0.83460927,0.238459796,200.0000021,0.022617833,137.312389,12.29606865,5022,2509,0.013742695,208.4859406,416969,187.6373457,0.000716204,510.9172668,728.9376221,0.101830468,0.20363383,1.361630082,2.72289753,F070802060704_556,108,070802060704
10504,494.9823693,3445.964926,54_8_2,1.811683893,0.851153314,255.345993,473.2412415,78,216.4312592,100,1442.875,6.123491764,71.38034821,0.834130228,0.238322929,200.0000013,0.022617833,132.6540896,11.92238315,4729,2364,0.012948478,232.8734638,465745,209.5861166,0.000799981,471.7772522,689.6724854,0.108014382,0.199567363,1.218334436,2.250994682,F070801030405_115,104,070801030405
10505,490.0423917,3445.936733,549_19_1,1.758239746,0.8511464,255.3439178,473.2373962,68,188.6820679,100,1257.880493,5.942850113,69.27464294,0.834123492,0.238320991,50.2327183,0.005680776,158.1996384,14.05359316,1470,734,0.004020382,92.02724838,184054,82.82452393,0.000316138,444.026001,661.9194336,0.347880006,0.604940057,3.082950592,5.361044884,F070801010301_372,108,070801010301
10513,491.333992,3445.562015,617_14_2,1.691329479,0.851053834,255.3161469,473.1859436,69,191.4359283,100,1276.239502,5.716693878,66.63838196,0.834032774,0.238295078,24.57316542,0.002778959,130.9994583,11.79858923,609,305,0.001670595,18.3352313,36671,16.50170803,6.29863E-05,446.7520752,664.6218872,0.837102115,1.4647609,15.47210407,27.07308006,F070801010604_257,108,070801010604
10515,490.9705445,3445.477902,424_2_1,1.748099327,0.851033032,255.309906,473.1743774,78,216.4006195,100,1442.670776,5.908575535,68.87511444,0.834012389,0.238289252,40.55026531,0.004585796,142.3337199,12.66028118,1081,541,0.002963252,50.07410145,100149,45.0666914,0.000172018,471.7105103,689.5750122,0.471922189,0.871923327,5.665157318,10.46694374,F070801030303_728,108,070801030303
10521,494.6490366,3445.208849,388_9_1,1.711752534,0.850966573,255.289978,473.1374207,86,238.5769958,100,1590.513306,5.785723686,67.44304657,0.833947241,0.23827064,25.49546339,0.002883261,130.9993515,11.7985816,632,316,0.001730846,17.3260447,34652,15.59344004,5.95195E-05,493.8669739,711.7144165,0.807879686,1.562870145,16.3716259,31.67145729,F070802060601_70,108,070802060601
10544,491.4738653,3444.242478,519_8_1,1.800436616,0.850727916,255.2183685,473.0047302,68,188.5898438,100,1257.265625,6.085475922,70.93720245,0.833713353,0.238203824,21.46726418,0.002427715,139.4998245,12.46114635,592,296,0.001621298,34.76029546,69521,31.28426553,0.000119411,443.8082275,661.5946045,0.862224221,1.499352098,8.158042908,14.18630791,F070801010301_509,108,070801010301
10550,493.5129714,3443.756409,548_4_2,1.751020193,0.850607812,255.1823425,472.9379578,70,194.1085968,100,1294.057373,5.918448448,68.99019623,0.833595634,0.238170192,98.49595936,0.011138826,132.2133898,11.88854967,2388,1195,0.006545445,67.33408919,134669,60.60067926,0.00023131,449.2909546,667.0465698,0.213541716,0.375975698,4.210882664,7.413959026,F070801010301_391,108,070801010301
10567,491.7895508,3442.46894,138_19_1,1.758451939,0.850289822,255.0869446,472.7611389,78,216.2116699,100,1441.411133,5.943567753,69.28300476,0.83328402,0.238081157,200.0000022,0.022617834,134.9791281,11.19597577,4800,2401,0.01315114,191.4128551,382824,172.2715697,0.000657553,471.2986145,688.9727783,0.106241956,0.196292639,1.480725765,2.735788822,F070802060602_395,108,070802060602
10577,493.5442791,3441.883538,496_42_2,1.75738883,0.850145221,255.0435638,472.6807556,78,216.1749268,100,1441.166138,5.939974308,69.24111938,0.83314234,0.238040656,27.49554592,0.003109448,142.3323669,12.72114015,765,382,0.002092351,19.30375212,38607,17.37337726,6.63134E-05,471.2185059,688.8557129,0.667653322,1.233556271,14.68013763,27.12302208,F070802060502_570,108,070802060502
10583,490.8873318,3440.951874,25_1_2,1.720151424,0.849915087,254.9745331,472.5527954,74,205.0335083,100,1366.890015,5.81411171,67.77396393,0.832916796,0.237976223,172.7778438,0.019539302,132.7000397,10.12884082,4231,2116,0.011590093,56.47592807,112951,50.82833576,0.00019401,460.0080566,677.5863037,0.120498359,0.217395112,5.016385555,9.050228119,F070801030403_84,104,070801030403
10588,490.1581766,3440.482475,389_14_1,1.792106628,0.849799156,254.939743,472.4883423,86,238.2496948,100,1588.331299,6.057320595,70.60900116,0.83280319,0.237943769,148.7011776,0.016816492,130.9998169,11.7986145,3689,1844,0.010100251,186.129282,372258,167.5163536,0.000639403,493.1894531,710.7380371,0.138253659,0.267456323,1.521879673,2.944127083,F070802060601_24,108,070802060601
10598,493.7026131,3439.952182,593_2_2,1.714782953,0.849668205,254.9004669,472.4155273,69,191.1243591,100,1274.162354,5.795966148,67.56244659,0.832674861,0.237907097,29.68804169,0.003357396,130.9989777,11.79855537,737,368,0.002015668,21.00549507,42011,18.90494537,7.21594E-05,446.0248413,663.539917,0.692664325,1.212023973,13.48326874,23.59302521,F070802060802_196,108,070802060802
10629,489.7381754,3436.747333,711_6_1,1.676029086,0.848876595,254.6629791,471.9753723,84,261.157959,100,1741.053101,5.664978504,66.03554535,0.831899047,0.237685442,20.98501102,0.002373177,142.8991928,12.76804185,615,307,0.001681549,15.73524075,31471,14.16171667,5.40547E-05,515.8209229,733.1333008,0.82952112,1.680198431,17.98249435,36.4236145,F070802060502_20,108,070802060501
10634,493.3278335,3436.497956,459_5_2,1.791752219,0.848815024,254.6445007,471.9411621,78,215.8364868,100,1438.909912,6.056122303,70.59503937,0.831838727,0.237668201,92.11706263,0.010417442,136.1003876,12.20437694,2132,1066,0.005838865,59.19325165,118387,53.27392609,0.000203344,470.4809875,687.7776489,0.238878518,0.441351771,4.779908657,8.831356049,F070801030303_57,108,070801030303
10650,490.3315011,3435.615506,93_9_1,1.778916001,0.84859705,254.5791168,471.8199463,78,215.781189,100,1438.54126,6.01273632,70.0892868,0.831625104,0.237607181,200.0000025,0.022617834,142.9814366,12.77000945,5431,2716,0.014876509,436.1788082,872357,392.5609254,0.001498388,470.3602905,687.6011353,0.09373311,0.173181251,0.648508549,1.198184133,F070801030406_696,108,070801030406
10651,490.5509843,3435.579291,496_11_1,1.742085695,0.848588109,254.5764313,471.8150024,86,237.9096069,100,1586.064087,5.888249874,68.63817596,0.831616342,0.237604678,102.8189629,0.011627711,138.2871857,12.38065706,2790,1395,0.007640917,57.00087124,114001,51.30078381,0.000195813,492.4860229,709.7246094,0.182492062,0.353036582,4.962427616,9.599970818,F070802060502_294,108,070802060502
10660,492.7033787,3435.141502,462_2_2,1.796347499,0.848479927,254.5439758,471.7548523,78,215.7514801,100,1438.343262,6.07165432,70.77609253,0.831510305,0.237574384,28.30039632,0.003200468,153.6657104,13.66008155,810,404,0.002212853,11.2971808,22595,10.16746262,3.88088E-05,470.2954712,687.5063477,0.630059361,1.164097667,25.03515244,46.25495148,F070801030301_400,108,070801030301
10668,490.7649281,3434.720965,496_11_2,1.742085695,0.848376095,254.5128326,471.697113,86,237.8507233,100,1585.671509,5.888249874,68.63817596,0.83140856,0.237545311,66.58082569,0.00752957,149.5584335,13.31874681,1773,887,0.004858418,51.966097,103933,46.7694869,0.000178517,492.3635559,709.5478516,0.286936671,0.55508858,5.441856384,10.52745247,F070802060502_294,108,070802060502
10675,492.5080459,3434.272497,563_5_1,1.832216978,0.84826529,254.4795837,471.635498,78,215.6966553,100,1437.977661,6.192893505,72.18934631,0.831299961,0.237514287,20.5962512,0.002329213,135.2504005,12.11360097,506,252,0.001380295,23.25058604,46502,20.92552717,7.98718E-05,470.176239,687.3321533,1.009839654,1.865778685,12.16120338,22.46902657,F070802060501_138,108,070802060501
10676,492.4547363,3434.189139,496_26_2,1.739733934,0.848244727,254.4734192,471.624054,78,215.6916046,100,1437.944092,5.880300522,68.54551697,0.831279814,0.23750852,200.0000014,0.022617833,145.5068268,12.96256523,5348,2675,0.014651937,242.7118152,485423,218.4406352,0.000833779,470.1650391,687.3156738,0.09513025,0.175762638,1.164954543,2.152369976,F070802060502_534,108,070802060502
10688,498.9281876,3433.278195,101_3_1,1.796949387,0.848019719,254.4059143,471.4989624,78,215.6343079,100,1437.562012,6.073688984,70.79980469,0.831059337,0.237445518,87.0803926,0.009847849,136.6659485,12.22133846,2178,1089,0.005964845,61.49035764,122980,55.34132123,0.000211235,470.0402222,687.1333008,0.233614251,0.431625545,4.597033501,8.493476868,F070801030406_770,108,070801030406
10695,490.3882967,3432.731196,138_11_2,1.675479293,0.847884595,254.3653717,471.4238281,78,215.6001434,100,1437.334229,5.663119793,66.0138855,0.830926895,0.237407684,42.76227188,0.00483595,139.5002365,12.4611764,1120,560,0.003067321,48.89584732,97791,44.00626183,0.00016797,469.9655151,687.0239868,0.454223871,0.83922416,5.780208588,10.67951488,F070802060602_42,108,070802060602
10696,489.8137744,3432.677956,166_27_2,1.659120679,0.847871482,254.3614502,471.4165344,79,218.3604431,100,1455.736328,5.607827663,65.36935425,0.83091408,0.237404019,199.9999994,0.022617833,139.8774414,12.51693164,5247,2622,0.014361637,90.93768625,181876,81.84391925,0.000312395,472.7218933,689.7769775,0.097010471,0.18029058,3.107884407,5.775895119,F070802060406_103,108,070802060406
10704,491.7415977,3431.896343,487_37_1,1.706185341,0.847678423,254.3035278,471.3092041,78,215.5476685,100,1436.984497,5.766906261,67.22370148,0.830724835,0.237349957,199.999998,0.022617833,135.8312041,12.18967262,4853,2426,0.013288074,137.2133979,274426,123.4920563,0.000471364,469.8511963,686.8568726,0.104824208,0.193673208,2.059270382,3.804707766,F070802060502_393,108,070802060502
10710,491.7766204,3431.518505,533_7_1,1.780592322,0.847585082,254.275528,471.2572937,78,215.523941,100,1436.826294,6.0184021,70.15533447,0.830633402,0.237323821,199.9999991,0.022617833,131.0000529,11.79863122,4835,2420,0.01325521,104.3531535,208705,93.9178378,0.00035848,469.799469,686.78125,0.105072536,0.194132015,2.707425356,5.00223875,F070802060501_380,108,070802060501
10715,488.5088408,3430.441666,102_11_1,1.750737309,0.847319067,254.1957245,471.1094055,78,215.4562988,100,1436.375366,5.917491913,68.97904968,0.830372691,0.237249345,199.9999996,0.022617833,136.1001343,12.17657413,5105,2553,0.013983699,304.3392713,608678,273.9053459,0.001045485,469.6520386,686.5656738,0.099567458,0.18396084,0.928042233,1.714650869,F070801030406_492,104,070801030406
10728,490.364218,3429.185961,130_12_2,1.739379764,0.847008944,254.1026764,470.9369812,86,237.4674225,100,1583.116211,5.879103661,68.53156281,0.830068767,0.237162501,45.58222388,0.005154856,131.0005319,10.46758191,1107,553,0.00302898,26.61350302,53227,23.95215299,9.14243E-05,491.5700989,708.4044189,0.459498525,0.888915181,10.60876179,20.52300262,F070801030407_486,108,070801030407
10737,491.9816181,3428.819916,462_2_1,1.796347499,0.846918523,254.0755615,470.8866882,78,215.354248,100,1435.694946,6.07165432,70.77609253,0.829980135,0.237137184,113.9188664,0.01288299,140.7151402,12.56989956,2957,1477,0.00809006,34.82071586,69643,31.33864443,0.000119618,469.4298096,686.2409668,0.172021374,0.317826539,8.107419968,14.97926331,F070801030301_400,108,070801030301
10744,489.7937487,3428.379654,487_9_2,1.678170443,0.846809745,254.042923,470.8262329,78,215.3267365,100,1435.511597,5.672215939,66.11991882,0.829873562,0.237106726,23.42955589,0.002649629,130.998764,11.79854012,581,290,0.001588434,12.43232918,24865,11.18909645,4.27083E-05,469.3696594,686.1529541,0.87601006,1.618516088,22.70450783,41.94884491,F070802060502_566,108,070802060502
10753,488.1999081,3428.076729,476_11_2,1.68944943,0.846734941,254.0204773,470.7846375,78,215.3077545,100,1435.38501,5.710339069,66.56430817,0.829800248,0.237085789,35.73011249,0.004040689,149.6992569,13.27254438,826,412,0.002256672,87.64575729,175292,78.88118252,0.000301086,469.3282471,686.0924072,0.616554558,1.139146209,3.220292568,5.949812412,F070802060704_531,108,070802060704
10756,491.0386024,3427.881234,479_2_1,1.77493906,0.846686661,254.0059967,470.757782,86,237.3770752,100,1582.513794,5.999293804,69.93260193,0.829752922,0.237072259,64.06290618,0.007244821,139.4994354,12.45024109,1698,850,0.004655756,39.3933798,78787,35.45404248,0.000135327,491.3830566,708.1348877,0.298830599,0.578097701,7.164373398,13.85971832,F070801030301_306,108,070801030301
10765,489.1312675,3427.096467,76_7_2,1.719030023,0.846492827,253.9478455,470.6500244,78,215.2462006,100,1434.974609,5.810321331,67.7297821,0.829562962,0.237017989,27.30143124,0.003087496,130.9995422,11.79859543,669,334,0.001829438,13.5073123,27015,12.15658092,4.64012E-05,469.1940308,685.8962402,0.760322869,1.40477252,20.8897419,38.59588623,F070801030403_144,104,070801030403
10766,487.9199044,3427.056679,547_2_2,1.733541369,0.846482992,253.9449005,470.6445313,76,209.7246246,100,1398.164185,5.859369755,68.30152893,0.829553306,0.237015232,101.6845362,0.011499419,158.2000427,14.05363274,1938,969,0.005307561,24.67245817,49345,22.20521259,8.47563E-05,463.6695251,680.3691406,0.262069046,0.478503108,11.43627453,20.88111115,F070802060803_157,108,070802060803
10776,492.043229,3426.16654,97_2_1,1.754914165,0.846263111,253.8789368,470.5222778,78,215.1872101,100,1434.581421,5.931610107,69.14361572,0.829337835,0.236953676,150.9694064,0.017073004,144.6579853,11.93211884,3506,1751,0.009590857,154.5150237,309030,139.0635178,0.0005308,469.0661621,685.7094727,0.144990832,0.267884731,1.82563293,3.373035431,F070801030406_394,108,070801030406
10779,491.1924987,3426.044897,92_4_2,1.776201248,0.84623307,253.8699188,470.5055847,78,215.1801605,100,1434.534424,6.003560066,69.98233032,0.829308391,0.236945257,40.24062255,0.004550778,146.89033,13.17472617,1163,582,0.003187823,96.87989473,193760,87.19190602,0.000332808,469.0500793,685.68573,0.436202615,0.805927992,2.911622524,5.379514217,F070801030406_401,108,070801030406
10780,490.2777345,3425.771923,146_17_1,1.730453968,0.846165657,253.8497009,470.4681091,15,41.37751389,100,275.8500977,5.848934174,68.17988586,0.829242349,0.236926377,32.56509805,0.00368276,142.3386078,12.65309811,480,240,0.001314566,2.905222535,5811,2.614700377,9.9802E-06,295.2272034,511.8456116,1.057707071,1.230113387,97.08557892,112.9105301,F070801030409_425,108,070801030409
10788,488.5732285,3425.188813,460_12_2,1.774215221,0.846021652,253.806488,470.388031,70,193.0621033,100,1287.080688,5.99684763,69.90408325,0.829101205,0.236886069,69.5529992,0.007865691,130.9997192,11.79860764,1654,826,0.004524299,82.81563136,165632,74.5340672,0.000284493,446.8685913,663.4501343,0.307271779,0.541003108,3.405241251,5.995494366,F070801030303_672,108,070801030303
10813,488.8809832,3423.636532,398_3_2,1.768605351,0.845638216,253.6914673,470.1748352,79,217.7856598,100,1451.904419,5.9778862,69.68305206,0.828725457,0.236778706,88.11421376,0.009964763,143.6551056,12.83912579,2279,1140,0.00624419,124.9543123,249907,112.4588828,0.000429251,471.4771118,687.9605103,0.22253637,0.413576424,2.255859852,4.192440033,F070802060602_222,108,070802060602
10814,491.3797557,3423.635987,602_36_2,1.759011865,0.845638096,253.6914215,470.1747742,27,74.43306732,100,496.220459,5.94546032,69.30506897,0.828725338,0.236778662,56.59165144,0.006399903,130.9995473,11.79859543,684,341,0.00186778,19.95377183,39907,17.95839477,6.85464E-05,328.1244812,544.6078491,0.743963122,0.962241888,14.12662029,18.27136993,F070801010602_539,108,070801010602
10818,487.3075787,3423.450609,130_12_1,1.739379764,0.84559232,253.6776886,470.1493225,86,237.0701447,100,1580.467651,5.879103661,68.53156281,0.828680456,0.236765847,48.57333351,0.005493118,136.6672974,12.25571847,1191,596,0.003264506,46.05342252,92108,41.44808113,0.000158206,490.7478333,707.2194824,0.425633699,0.823402405,6.120372295,11.84006119,F070801030407_486,108,070801030407
10823,488.2665044,3423.209418,594_37_1,1.717317343,0.845532715,253.6598206,470.1161804,5,13.78218365,100,91.88122559,5.804532528,67.66230011,0.828622043,0.236749157,113.471441,0.012832391,142.0463486,8.255051756,1697,849,0.004650278,19.23449312,38468,17.31104378,6.60755E-05,267.4420166,483.8983765,0.298774809,0.315008253,14.65306377,15.44921398,F070802060804_453,108,070802060804
10827,487.6190962,3423.026477,714_3_2,1.761762261,0.845487535,253.6462555,470.0910645,1,2.756284475,100,18.37522888,5.95475626,69.41343689,0.828577757,0.236736506,37.2515533,0.004212747,131.0012817,11.7987175,797,398,0.002179989,29.81674004,59633,26.83506584,0.000102428,256.4025269,472.8473511,0.63730216,0.644227445,9.452045441,9.554757118,F070802060503_156,108,070802060503
10837,488.1472874,3422.472518,505_9_1,1.799790859,0.845350683,253.6052094,470.0149841,84,253.141037,100,1687.606934,6.083292961,70.91175842,0.828443646,0.236698195,57.97318202,0.006556139,151.8245659,13.53120089,1402,700,0.003834152,16.37804049,32755,14.74023632,5.62629E-05,506.7462463,723.1560059,0.362293154,0.723923206,17.20496178,34.37843323,F070802060502_128,108,070802060502
10843,491.0550234,3422.137869,128_33_2,1.787499189,0.845268071,253.5804138,469.9690552,78,214.9347687,100,1432.898438,6.041747093,70.42746735,0.828362703,0.236675054,199.999998,0.022617833,137.4251912,8.878925874,3439,1721,0.009426536,141.6244675,283249,127.4620215,0.000486517,468.5151978,684.9038086,0.147344813,0.272234291,1.989458561,3.675723791,F070801030406_540,108,070801030406
10846,486.2655437,3421.923957,836_1_1,1.748397708,0.845215201,253.5645599,469.9396667,77,212.1659088,100,1414.439453,5.909584045,68.88687134,0.828310907,0.236660257,199.9999992,0.022617833,133.9421093,10.90843602,4665,2334,0.012784157,220.4556024,440909,198.4100453,0.000757323,465.7304688,682.1055908,0.108639486,0.199541762,1.277982473,2.347312927,F070802060302_45,108,070802060302
10851,491.3831961,3421.715692,186_18_2,1.790414095,0.845163763,253.5491333,469.9110413,82,225.9289703,100,1506.193115,6.051599503,70.54231262,0.828260481,0.236645848,55.15062725,0.006236938,140.7112383,9.834511966,1278,639,0.003500033,34.94529399,69891,31.45076409,0.000120046,479.4780884,695.8400269,0.396790504,0.750356972,8.061779976,15.24535561,F070801030407_386,108,070801030407
10861,488.6743956,3420.65732,462_6_2,1.737157226,0.844902337,253.4707031,469.765686,78,214.8417664,100,1432.278442,5.871591568,68.44399261,0.828004301,0.236572653,40.70708382,0.00460353,150.8326721,13.40824223,1212,606,0.00331928,18.42481205,36850,16.58233028,6.3294E-05,468.3124695,684.6074219,0.418268502,0.772792876,15.28559017,28.24165535,F070801030301_184,108,070801030301
10862,491.3243008,3420.548035,93_22_2,1.748755813,0.844875336,253.4626007,469.7506714,78,214.8348541,100,1432.232422,5.910794735,68.90097809,0.827977836,0.236565098,23.61813927,0.002670956,131.0000916,11.79863358,586,293,0.001604866,31.53185654,63064,28.37867165,0.00010832,468.2974548,684.5855103,0.865060091,1.598284841,8.931447029,16.5017395,F070801030406_391,108,070801030406
10867,486,3420,46_8_1,1.716313243,0.844739974,253.4219971,469.675415,77,212.0466309,100,1413.644165,5.801138878,67.6227417,0.827845156,0.23652719,39.11399333,0.004423369,130.998558,11.79852629,970,485,0.002656519,16.74160028,33484,15.06744045,5.75118E-05,465.4686279,681.7220459,0.522519588,0.959729135,16.81917953,30.89234924,F070801030405_235,104,070801030405
10868,486,3420,46_8_2,1.716313243,0.844739974,253.4219971,469.675415,75,206.5389252,100,1376.926147,5.801138878,67.6227417,0.827845156,0.23652719,28.4293713,0.003215054,130.9985321,11.79852428,698,349,0.001911598,9.452798083,18906,8.50751815,3.24728E-05,459.9609375,676.2143555,0.726137519,1.317939639,29.78800583,54.06523132,F070801030405_235,104,070801030405
10876,490.0748419,3418.95707,144_7_2,1.740779996,0.844482422,253.3447266,469.5322266,86,236.7589111,100,1578.3927,5.883836269,68.58673096,0.82759279,0.236455083,199.9999965,0.022617833,133.8309326,12.0084211,5096,2548,0.013956312,247.8379679,495676,223.0541716,0.000851388,490.1036377,706.2911377,0.099428855,0.192348361,1.13579905,2.197240353,F070801030407_488,108,070801030407
10902,487.2563768,3417.165755,93_5_1,1.762238145,0.844039917,253.2119751,469.2861938,78,214.622467,100,1430.816406,5.956365108,69.43218231,0.827159107,0.23633118,54.82272028,0.006199856,131.0002441,9.668915629,1115,557,0.003050889,36.39864148,72797,32.75877791,0.000125039,467.8344421,683.9086914,0.454599589,0.839918196,7.729591846,14.28119373,F070801030406_391,108,070801030406
10904,490.7099346,3417.087802,424_6_2,1.786333323,0.844020665,253.206192,469.2754822,79,217.3683319,100,1449.122192,6.037806511,70.38153076,0.827140272,0.236325786,24.53870964,0.002775062,130.9998779,11.79861927,609,304,0.001665117,31.8479023,63696,28.66311264,0.000109406,470.5745239,686.6437988,0.832915127,1.547942519,8.83386898,16.41742516,F070801030303_700,108,070801030303
10909,490.3139994,3416.65166,496_21_2,1.765365958,0.843912959,253.1738892,469.2156067,78,214.5901947,100,1430.601318,5.966937065,69.55541992,0.827034712,0.236295626,65.20203567,0.007373644,143.7499619,12.77610207,1655,828,0.004535254,63.55239618,127104,57.19715738,0.000218319,467.7640991,683.8057861,0.305765569,0.564932466,4.426336765,8.178100586,F070802060502_480,108,070802060502
10975,493.7098497,3411.207467,525_4_2,1.730416536,0.842568219,252.770462,468.467926,79,216.9949341,100,1446.632935,5.848807812,68.17841339,0.825716853,0.235919103,122.1122872,0.013809577,133.0400131,11.96091719,2894,1447,0.007925739,144.5677578,289136,130.110983,0.000496628,469.7653809,685.4628906,0.174685881,0.324647814,1.942729592,3.610497475,F070802060502_63,108,070802060502
10977,486.0878005,3411.047011,96_10_2,1.741027474,0.842528641,252.7585907,468.4459229,76,208.7445679,100,1391.630493,5.884672642,68.59648132,0.825678051,0.235908017,41.94172364,0.004743155,136.6664734,12.24029891,1041,522,0.002859182,25.23209788,50464,22.70888847,8.66789E-05,461.5031738,677.1904907,0.484211862,0.884105682,11.13038158,20.32257843,F070801030406_849,104,070801030406
10986,486.3348809,3410.230875,138_7_2,1.699493527,0.842326999,252.6981049,468.3338013,78,214.1869049,100,1427.91272,5.744287968,66.96004486,0.825480461,0.235851556,52.84033966,0.00597567,147.9999542,13.1236887,1458,729,0.003992995,69.34830475,138697,62.41347504,0.00023823,466.8850098,682.5206909,0.346636623,0.640445828,4.048774719,7.480515957,F070802060602_42,108,070802060602
10995,488.75383,3409.636446,160_16_2,1.743212581,0.842180192,252.6540527,468.2521973,77,211.4039917,100,1409.359985,5.892058372,68.68257904,0.825336576,0.235810459,200.0000019,0.022617833,132.4168339,9.754319358,4070,2033,0.011135472,266.2248205,532449,239.6023348,0.000914552,464.0580444,679.656189,0.124276467,0.228262693,1.054472446,1.936784267,F070802060602_257,108,070802060602
10996,486.7373288,3409.630851,703_8_2,1.756114244,0.842178822,252.6536407,468.2514343,78,214.1490631,100,1427.6604,5.935666084,69.19090271,0.825335264,0.235810071,21.16826975,0.002393902,140.3501511,12.53562999,582,292,0.001599389,5.781606073,11563,5.203445557,1.98613E-05,466.8027039,682.4005127,0.865252197,1.598639369,48.55506516,89.71030426,F070801030303_221,108,070801030303
11021,489.0729249,3407.7651,388_6_2,1.666242242,0.841717958,252.5153809,467.9951782,78,214.0320435,100,1426.880249,5.63189888,65.64994812,0.82488358,0.235681027,199.999996,0.022617833,136.3117962,12.22573245,4709,2354,0.012893704,479.2123098,958424,431.29107,0.00164622,466.5474243,682.0272217,0.107270762,0.198193476,0.585487127,1.081746101,F070802060601_330,108,070802060601
11028,486.6789575,3407.361531,425_47_1,1.716538429,0.841618299,252.4854889,467.9397888,83,227.7250824,100,1518.167236,5.80189991,67.63161469,0.824785948,0.235653117,41.88862012,0.004737149,147.0553233,13.08168793,1135,568,0.00311114,40.45732093,80915,36.41158772,0.000138981,480.2105713,695.664856,0.444516718,0.845441163,6.934206963,13.18839931,F070801030302_81,108,070801030302
11040,486.7976979,3406.638277,161_10_2,1.744005799,0.841439664,252.4319,467.8404541,86,235.9054413,100,1572.702881,5.894739628,68.71382904,0.824610889,0.235603109,164.692641,0.018624953,137.0270205,12.28387538,4178,2090,0.011447681,178.1274318,356252,160.3146892,0.000611914,488.3373413,703.7459106,0.120780811,0.233654231,1.574602485,3.046117306,F070802060602_312,108,070802060602
11048,485.9825783,3405.999885,448_9_2,1.731694937,0.84128195,252.3845825,467.7527771,78,213.9211731,100,1426.141113,5.85312891,68.22878265,0.824456334,0.235558942,54.18962741,0.00612826,130.9992065,11.79857159,1265,632,0.003461691,26.3755362,52751,23.73798203,9.06069E-05,466.3057556,681.6739502,0.399342686,0.737825572,10.63209915,19.64386749,F070801030303_120,108,070801030303
11057,488.1020541,3405.492453,137_40_2,1.720113516,0.841156662,252.3470001,467.6831055,83,227.5999298,100,1517.332886,5.813983917,67.7724762,0.824333549,0.235523865,199.9999939,0.022617833,132.4165649,11.90360196,4512,2256,0.012356923,207.9995747,416000,187.1996126,0.000714533,479.9469299,695.28302,0.111855939,0.212742433,1.348010302,2.563824415,F070802060602_363,108,070802060602
11069,485.2562756,3405.07732,476_17_1,1.691808939,0.841054082,252.3162231,467.6260681,78,213.8633575,100,1425.755737,5.718314171,66.65727234,0.824232996,0.23549515,34.77150088,0.00393228,144.5994611,12.87269715,930,465,0.002546972,75.56820968,151137,68.01138861,0.000259597,466.1795654,681.4894409,0.542615533,1.002536654,3.709911346,6.854434013,F070802060704_531,108,070802060704
11075,486.6744828,3404.568878,476_3_2,1.757706404,0.840928495,252.2785492,467.5562439,78,213.8312988,100,1425.541992,5.941047668,69.25363159,0.824109912,0.235459983,58.60470176,0.006627557,130.9986267,11.79853106,1407,703,0.003850584,69.48047352,138961,62.53242683,0.000238684,466.1098633,681.3875732,0.358859956,0.663029671,4.034363747,7.453890324,F070802060704_435,108,070802060704
11076,487.8316806,3404.540223,496_2_1,1.765851021,0.840921462,252.2764435,467.5523376,78,213.8295135,100,1425.530029,5.968576431,69.57453156,0.824103057,0.235458016,102.5634543,0.011598816,137.7996033,12.32862892,2740,1369,0.007498505,104.3764834,208753,93.93883514,0.000358561,466.105957,681.3818359,0.184277892,0.340471834,2.685539484,4.961802483,F070802060502_534,108,070802060502
11080,485.3775167,3404.143649,398_4_1,1.747406363,0.840823472,252.2470398,467.4978638,79,216.5456848,100,1443.637939,5.906233311,68.84780884,0.824006975,0.235430568,25.00134003,0.002827381,149.6999512,13.3012228,678,340,0.001862302,27.93589702,55871,25.14230752,9.59671E-05,468.7927246,684.0435791,0.741903067,1.37880218,10.03277206,18.64557266,F070802060602_502,108,070802060602
11083,485.2974818,3403.861354,102_15_1,1.734442115,0.840753734,252.22612,467.4590759,78,213.7868652,100,1425.245728,5.86241436,68.33702087,0.823938668,0.235411048,26.08287334,0.00294969,135.2501297,12.11358356,660,330,0.001807529,16.78771973,33575,15.10894775,5.76702E-05,466.0130005,681.2459717,0.764321566,1.412160635,16.69382477,30.84351158,F070801030406_492,104,070801030406
11090,483.9762234,3403.636517,458_59_2,1.783681035,0.840698242,252.2094727,467.4282227,78,213.7727509,100,1425.151611,6.028841972,70.27703094,0.823884249,0.235395506,25.93338192,0.002932785,135.2492828,12.11352396,617,309,0.001692504,60.67271233,121346,54.60544014,0.000208427,465.9822388,681.2009888,0.816211879,1.508033156,4.618761063,8.533622742,F070802060801_80,108,070802060801
11102,488.5211001,3402.198622,476_15_2,1.742907286,0.840343058,252.1029205,467.2307434,84,230.1195068,100,1534.130005,5.891026497,68.67054749,0.823536217,0.235296056,24.63772701,0.00278626,130.9990463,11.79856062,611,305,0.001670595,63.09885781,126198,56.78897393,0.000216761,482.2224121,697.3502197,0.826566935,1.581057072,4.439293385,8.491479874,F070802060704_426,108,070802060704
11108,486.2504951,3401.837349,459_8_2,1.718915462,0.84025383,252.0761414,467.1811218,78,213.6596985,100,1424.397949,5.809934139,67.7252655,0.823448777,0.235271066,168.4421248,0.019048979,132.6472832,11.94768972,4116,2058,0.011272406,54.40887762,108818,48.96798927,0.000186909,465.7358398,680.8408203,0.12248598,0.226305068,5.14777422,9.511026382,F070801030303_86,108,070801030303
11126,489.8602956,3400.115156,54_16_1,1.772300363,0.839828432,251.9485321,466.9446106,78,213.5509338,100,1423.672852,5.990375042,69.82863617,0.823031843,0.235151961,46.19023395,0.005223615,131.0004476,11.79865932,1146,573,0.003138527,17.08751484,34175,15.37876359,5.87001E-05,465.4994507,680.4955444,0.439700752,0.81238997,16.38288689,30.26897812,F070801030405_115,104,070801030405
11133,488.0224536,3399.727053,441_9_2,1.72925806,0.839732587,251.9197693,466.8913269,78,213.5270538,100,1423.513672,5.844892025,68.13276672,0.822937965,0.235125124,159.2790696,0.018012737,135.2479973,12.12975109,3941,1971,0.010795876,115.8458872,231691,104.2612975,0.000397961,465.4468384,680.418396,0.127813175,0.236147553,2.416234732,4.464233875,F070801030303_645,108,070801030303
11136,484.890531,3399.547978,474_9_2,1.742396951,0.839688361,251.9065094,466.8667297,86,235.4148712,100,1569.432495,5.889301777,68.6504364,0.822894573,0.235112742,64.30447272,0.007272139,137.7982117,12.32852821,1738,869,0.004759825,28.19568693,56392,25.37611896,9.68596E-05,487.3213806,702.2816162,0.289880902,0.560784101,9.926912308,19.20393753,F070801030301_532,108,070801030301
11148,485.9650667,3398.469815,128_14_1,1.701733351,0.839422047,251.8266144,466.7186584,70,191.5561066,100,1277.040771,5.751858711,67.04829407,0.822633624,0.235038176,30.41014576,0.003439058,148.0009155,7.136885822,749,374,0.002048532,18.91784477,37836,17.0260601,6.49877E-05,443.3827209,658.2747803,0.673333168,1.185515285,14.79065704,26.04141617,F070801030406_356,108,070801030406
11150,484.3519137,3398.273062,495_10_1,1.730700016,0.839373469,251.8120422,466.6916504,78,213.4357605,100,1422.905029,5.849766254,68.18958282,0.822586,0.235024571,24.56107674,0.002777592,131.0005112,11.79866362,609,305,0.001670595,6.896166325,13792,6.206549764,2.36901E-05,465.2478027,680.1274414,0.82561326,1.525402665,40.57198334,74.96077728,F070802060501_363,108,070802060501
11167,486.5024708,3397.164215,658_39_2,1.731784225,0.839099586,251.7298737,466.5393677,62,169.5988159,100,1130.658813,5.853430748,68.2322998,0.8223176,0.23494789,25.44248156,0.002877269,135.0801147,10.29434321,653,326,0.001785619,32.97569939,65951,29.6781294,0.00011328,421.3286743,636.1381836,0.772177517,1.292419195,8.481999397,14.19660473,F070801030401_531,104,070801030401
11170,487.1380805,3396.83771,129_13_1,1.822953105,0.839018941,251.7056885,466.4945374,86,235.227356,100,1568.182373,6.161581516,71.82435608,0.822238564,0.2349253,20.74450576,0.002345979,133.1246986,11.95607996,527,264,0.001446023,7.163245082,14327,6.446920633,2.46076E-05,486.9330444,701.7219238,0.953430653,1.844443321,39.04277802,75.52955627,F070801030407_153,108,070801030407
11177,485.4208281,3396.346725,550_10_1,1.659586191,0.838897645,251.6692963,466.4270935,70,191.4364471,100,1276.24292,5.609401226,65.38769531,0.822119713,0.23489134,70.31045391,0.007951351,137.7992821,12.36232519,2025,1013,0.005548565,102.3249496,204650,92.09245428,0.000351513,443.1057434,657.8635254,0.24843958,0.437419295,2.732789516,4.811531544,F070801010301_528,108,070801010301
11183,485.2795139,3396.190017,550_20_1,1.731796741,0.838858962,251.6576843,466.4055786,70,191.4275818,100,1276.183838,5.853473186,68.23278809,0.822081804,0.234880507,42.78056416,0.004838018,144.8837433,12.95372629,1008,504,0.002760589,18.98419834,37968,17.08577874,6.52157E-05,443.0852661,657.8331299,0.499320805,0.879137456,14.72907352,25.93298721,F070801010301_252,108,070801010301
11188,486.294639,3395.912773,703_14_1,1.734154105,0.838790476,251.637146,466.3674927,78,213.2875671,100,1421.917114,5.861440659,68.32566833,0.822014689,0.234861329,199.9999979,0.022617833,139.3571825,11.79731444,4836,2418,0.013244255,447.824409,895649,403.0419716,0.001538394,464.9247131,679.6550293,0.104068302,0.192276552,0.624344766,1.153539181,F070801030303_214,108,070801030303
11208,485.4589745,3393.774431,489_19_1,1.663748622,0.83826226,251.4786835,466.073822,75,204.9547424,100,1366.36499,5.623470306,65.55169678,0.821497023,0.234713435,200.0000029,0.022617834,133.8338025,11.60434222,4984,2492,0.01364958,85.40896668,170820,76.86807036,0.000293402,456.4334106,671.0285645,0.100914396,0.183159471,3.271562338,5.937880516,F070802060502_202,108,070802060502
11239,483.5459792,3390.641795,458_76_1,1.725557685,0.837488532,251.2465668,465.6436157,79,215.6867981,100,1437.911987,5.832385063,67.98696899,0.820738733,0.234496787,199.9999964,0.022617833,136.4145949,12.21380149,4995,2498,0.013682444,181.028622,362057,162.925762,0.000621881,466.9333496,681.3304443,0.10057909,0.186922878,1.542092323,2.865926981,F070802060801_74,108,070802060801
11245,484.122812,3390.019427,459_4_1,1.735966682,0.837334812,251.2004395,465.5581665,78,212.9173889,100,1419.449219,5.867567539,68.3970871,0.820588112,0.234453753,142.6536021,0.016132577,143.4665934,12.8207674,3967,1984,0.010867081,68.48504795,136970,61.63654398,0.000235264,464.1178284,678.4755859,0.126613125,0.233930364,4.075511456,7.529913425,F070801030303_384,108,070801030303
11255,486.2639349,3389.146536,580_4_2,1.693524122,0.837119222,251.1357727,465.4382935,75,204.6756439,100,1364.504272,5.724111557,66.72485352,0.820376813,0.234393388,111.1430837,0.012569079,131.0000131,11.79862853,2758,1379,0.007553279,75.81547928,151632,68.23393309,0.000260446,455.8114014,670.1139526,0.182114407,0.330537647,3.680511475,6.680128098,F070802060802_186,108,070802060802
11281,484.728015,3386.933524,105_3_2,1.760752439,0.836572587,250.9717712,465.1343689,86,234.5413513,100,1563.609009,5.95134306,69.3736496,0.819841146,0.234240323,27.47973907,0.003107661,131.0007121,11.79867776,682,341,0.00186778,8.732460022,17465,7.859214127,2.99983E-05,485.5131226,699.6757202,0.735987604,1.423792124,31.93344307,61.77629471,F070802060602_531,108,070802060602
11286,483.254179,3386.783473,550_5_1,1.70863378,0.836535513,250.9606476,465.113739,70,190.8973999,100,1272.649292,5.775182247,67.32016754,0.819804788,0.234229937,135.6319947,0.015338509,142.0478745,12.69348526,3894,1947,0.010664419,200.5952901,401191,180.5357569,0.000689097,441.8580322,656.0111084,0.128896073,0.226943001,1.39008832,2.447482109,F070801010301_528,108,070801010301
11296,487.3759237,3385.980134,542_7_1,1.814239025,0.83633709,250.901123,465.003418,72,196.3044586,100,1308.696411,6.132127762,71.48101807,0.819610357,0.234174386,56.79013175,0.006422349,144.59994,12.9261233,1464,733,0.004014905,65.9604991,131921,59.36445085,0.000226592,447.2055664,661.3078613,0.342293471,0.610103071,4.226454258,7.533221722,F070802060502_76,108,070802060502
11300,483.665562,3385.667417,396_18_1,1.702776909,0.836259842,250.8779602,464.9604797,70,190.8344574,100,1272.229736,5.755385876,67.08940887,0.819534659,0.234152749,41.18082952,0.004657106,148.0009308,13.12377294,1137,569,0.003116618,34.55351925,69107,31.0981667,0.0001187,441.7124023,655.7949219,0.44091031,0.77629596,8.06729126,14.20380878,F070801030603_350,108,070801030603
11301,484.0318527,3385.608775,389_15_2,1.707671642,0.836245358,250.8736115,464.9524231,92,250.8069458,100,1672.046265,5.771930218,67.28226471,0.819520473,0.234148696,24.2288475,0.00274002,139.5003204,12.42854881,633,316,0.001730846,29.73182487,59464,26.7586422,0.000102137,501.680542,715.7593994,0.793903828,1.587596655,9.375423431,18.74835587,F070802060601_122,108,070802060601
11311,482.7263028,3384.815238,723_71_1,1.791006923,0.836049378,250.8148193,464.8434448,81,220.7664337,100,1471.776245,6.053603172,70.56567383,0.819328368,0.23409383,28.0845553,0.003176059,141.2010612,12.61017489,717,358,0.001960895,21.53861308,43077,19.38475153,7.39908E-05,471.5812378,685.6098633,0.700600028,1.317265987,12.93876839,24.32743263,F070801010405_41,108,070801010405
11312,485.7978857,3384.77153,487_38_1,1.722170472,0.836038589,250.8115845,464.8374634,78,212.5873566,100,1417.249023,5.820936203,67.85351563,0.819317818,0.234090805,25.45000882,0.00287812,131.0004425,11.79865894,630,315,0.001725368,15.44539564,30891,13.90085579,5.3059E-05,463.3989258,677.4248047,0.796227276,1.471107721,18.04288864,33.33599854,F070802060502_390,108,070802060502
11319,485.4951302,3384.113815,472_3_1,1.744532228,0.835876107,250.7628326,464.7471008,68,185.296814,100,1235.312134,5.896518707,68.73457336,0.819158614,0.234045312,45.69925976,0.005168091,141.2018433,12.61020994,1260,630,0.003450737,47.28829455,94577,42.5594666,0.000162448,436.0596313,650.0439453,0.398036242,0.692158163,5.892057896,10.24589062,F070801030301_599,108,070801030301
11322,481.8240272,3383.958211,703_7_2,1.661753893,0.835837662,250.751297,464.7257385,64,174.3891754,100,1162.594482,5.616728306,65.47310638,0.819120884,0.234034538,175.5813016,0.019856343,134.6428179,10.71191709,4144,2072,0.011349089,112.7693328,225539,101.4924004,0.000387392,425.1404724,639.1149292,0.121018969,0.205183625,2.470641136,4.188889503,F070801030303_573,108,070801030303
11325,485.5195561,3383.653179,387_6_2,1.767726183,0.835762322,250.7286987,464.6838379,86,234.3138885,100,1562.092529,5.974914551,69.64841461,0.819047093,0.234013453,149.0007178,0.016850367,131.0001246,11.79863644,3469,1734,0.009497741,110.2703545,220541,99.2433172,0.000378808,485.0426025,698.9977417,0.144595563,0.279724687,2.526403904,4.887408257,F070802060601_108,108,070802060601
11335,484.3486254,3382.553693,186_19_2,1.720995784,0.835490763,250.6472321,464.5328674,78,212.4484711,100,1416.32312,5.81696558,67.80723572,0.818780959,0.233937413,25.01418304,0.002828833,130.9964294,11.79837608,621,311,0.001703459,87.9195261,175839,79.12757492,0.000302027,463.0957031,676.9813232,0.805939674,1.489053726,3.167634487,5.852519989,F070801030407_296,108,070801030407
11342,483.8907644,3382.104484,472_11_1,1.753896832,0.835379779,250.6139374,464.4711609,68,185.1869965,100,1234.579956,5.928171158,69.10353851,0.81867218,0.233906344,92.72626829,0.010486336,145.168396,12.98139,2502,1250,0.006846699,80.53412628,161068,72.48071146,0.000276656,435.8009338,649.6581421,0.200491145,0.34864074,3.457663774,6.012647152,F070801030301_600,108,070801030301
11345,485.928418,3381.261981,103_8_2,1.740457177,0.8351717,250.5515137,464.3554688,70,190.5861816,100,1270.574585,5.882745266,68.57401276,0.818468273,0.23384808,115.0444887,0.013010285,131.0000534,11.79863119,2592,1296,0.007098658,69.63844299,139277,62.67459679,0.000239226,441.1376953,654.9416504,0.193326786,0.340384036,3.997656584,7.03854084,F070801030406_532,104,070801030406
11357,483.1607737,3380.669236,443_25_1,1.657735586,0.835025311,250.5075989,464.2740784,78,212.3302307,100,1415.534912,5.603146076,65.31478119,0.818324804,0.233807087,44.9912823,0.005088027,145.1669998,12.9812932,1081,540,0.002957774,53.38560621,106771,48.0470475,0.000183394,462.8378296,676.6043091,0.46390295,0.857107103,5.213798046,9.633012772,F070801030303_406,108,070801030303
11359,484.1446554,3380.594073,67_5_2,1.709132433,0.835006714,250.5020142,464.2637329,78,212.3252106,100,1415.501465,5.77686739,67.33982086,0.818306565,0.233801886,200.0000002,0.022617833,132.7000916,11.93114033,4792,2396,0.013123753,109.5576767,219116,98.60191083,0.000376359,462.8272095,676.5889282,0.104550086,0.193166614,2.540539026,4.69389677,F070801030601_50,104,070801030601
11366,483.2756172,3380.109658,138_15_2,1.698376894,0.834887087,250.4661255,464.1972351,78,212.2950134,100,1415.300049,5.740513802,66.91604614,0.818189323,0.233768389,199.9999964,0.022617833,134.1891022,12.04311073,4668,2333,0.01277868,214.6412697,429282,193.1771468,0.000737349,462.7611389,676.4922485,0.107357964,0.198354542,1.296561837,2.395527363,F070802060602_42,108,070802060602
11367,485.1534844,3380.043689,138_26_1,1.707254767,0.834870815,250.4612427,464.1881714,78,212.2909393,100,1415.272949,5.770521164,67.26583862,0.818173409,0.233763829,25.08183479,0.002836484,147.9999542,13.1236887,692,346,0.001895166,32.91770554,65835,29.6259346,0.000113081,462.7521973,676.479126,0.723876417,1.337434053,8.45412159,15.6198349,F070802060602_42,108,070802060602
11401,491.3130824,3377.899298,97_2_2,1.754914165,0.834341109,250.3023376,463.8936462,78,212.1559601,100,1414.373047,5.931610107,69.14361572,0.817654312,0.233615518,200.0000039,0.022617834,139.455212,11.55330248,4473,2235,0.012241899,170.6227411,341246,153.5604663,0.000586134,462.458313,676.0496216,0.111992098,0.206916466,1.629992008,3.011571407,F070801030406_394,108,070801030406
11407,485.4018504,3377.468071,477_11_2,1.780137062,0.834234595,250.2703857,463.8344421,78,212.1291199,100,1414.194092,6.016863346,70.13739777,0.817549884,0.233585685,59.29738302,0.006705892,134.3999237,12.06363335,1445,722,0.003954654,113.2385769,226477,101.91472,0.000389004,462.3995056,675.963562,0.346634895,0.64044255,2.455684423,4.537121773,F070802060704_547,108,070802060704
11418,482.8788261,3376.117239,537_14_2,1.684698105,0.833900928,250.1702728,463.6489258,83,225.6369019,100,1504.245972,5.694279671,66.37710571,0.817222893,0.233492255,40.30706835,0.004558293,131.0008011,11.79868412,872,436,0.002388129,51.74226379,103485,46.56803703,0.000177748,475.8071899,689.2858276,0.573785007,1.091300845,5.372145653,10.21746254,F070801010302_42,108,070801010302
11430,476.3859185,3375.396122,405_7_2,1.769390464,0.83372283,250.1168518,463.5498962,88,239.1781769,100,1594.52124,5.980539799,69.71398163,0.817048371,0.233442396,33.04279641,0.003736782,131.0036392,8.249256253,819,409,0.00224024,22.21379614,44428,19.99241638,7.63102E-05,489.2950439,702.7280884,0.611532629,1.196320415,12.51058674,24.47403145,F070802060601_151,108,070802060601
11433,483.9672091,3375.250305,487_37_2,1.706185341,0.833686829,250.1060486,463.5298767,78,211.9898834,100,1413.265869,5.766906261,67.22370148,0.817013085,0.233432308,31.9390755,0.003611963,131.0006943,11.79867649,792,396,0.002169034,31.98641078,63973,28.78776895,0.000109882,462.0959473,675.5197754,0.631580949,1.166908979,8.687927246,16.05181503,F070802060502_393,108,070802060502
11436,486.292852,3375.026412,420_8_1,1.697909355,0.833631516,250.089447,463.499115,77,209.2581787,100,1395.054565,5.738933563,66.89762878,0.816958904,0.233416826,51.18468423,0.005788433,156.6919963,13.91672675,1437,718,0.003932744,42.63069879,85262,38.36762892,0.000146448,459.3476257,672.7573242,0.348313987,0.639759898,6.518240929,11.97227001,F070801030303_609,108,070801030303
11446,482.0962186,3374.20664,396_17_2,1.718242168,0.833429039,250.028717,463.3865356,73,198.338623,100,1322.257446,5.807658672,67.6987381,0.81676048,0.233360127,29.18767956,0.00330081,145.449852,12.92501497,644,322,0.00176371,14.65500678,29310,13.1895062,5.03438E-05,448.3673401,661.7251587,0.776486695,1.392445207,18.95664024,33.99424744,F070801030603_365,108,070801030603
11453,483.6570242,3373.864067,487_27_2,1.697805524,0.8333444,250.0033264,463.3394775,92,249.936676,100,1666.244507,5.738582611,66.89353943,0.816677511,0.233336434,23.25616646,0.00263002,131.0000153,11.79862881,577,288,0.00157748,24.94993401,49900,22.4549408,8.57096E-05,499.9400024,713.276123,0.868067086,1.735902786,11.13355541,22.26414299,F070802060502_339,108,070802060502
11459,486.7253711,3373.498695,442_1_2,1.767880321,0.833254158,249.9762421,463.2893066,70,190.1480103,100,1267.653442,5.975435257,69.65448761,0.816589057,0.233311161,154.7740901,0.017503273,132.6990021,11.92453461,3867,1933,0.010587736,70.90670577,141814,63.8160359,0.000243583,440.1242676,653.4373169,0.129320353,0.227689743,3.917138338,6.896766186,F070801030301_47,108,070801030301
11467,482.5799591,3373.026637,537_13_1,1.703061342,0.833137572,249.9412689,463.2244873,83,225.4303589,100,1502.869019,5.756347179,67.10061646,0.816474795,0.233278513,200.0000022,0.022617834,147.1094251,13.11839145,5066,2534,0.013879629,178.3130111,356626,160.4817104,0.000612552,475.3716431,688.6548462,0.09863507,0.187597334,1.557443976,2.962154627,F070801010302_42,108,070801010302
11473,484.2026291,3372.350425,456_3_1,1.781788945,0.83297056,249.8911743,463.1316223,70,190.0838776,100,1267.22583,6.022446632,70.20248413,0.816311121,0.233231753,81.13702869,0.009175719,137.2336807,12.28998582,2063,1032,0.005652635,40.75416112,81509,36.67874479,0.000140001,439.9750366,653.2155151,0.242142618,0.426332414,6.812969685,11.995368,F070801030301_82,108,070801030301
11474,483.2225547,3372.06632,137_13_1,1.817284822,0.832900405,249.8701172,463.0926208,86,233.5118713,100,1556.74585,6.142422676,71.60102081,0.816242397,0.233212113,104.8591445,0.011858433,132.6996857,11.92458496,2597,1298,0.007109613,121.4023495,242804,109.2621138,0.000417049,483.3819885,696.6044922,0.192503944,0.372405231,2.286887169,4.424058437,F070802060602_172,108,070802060602
11485,484.6065599,3370.813882,103_21_2,1.733983755,0.832591057,249.7773132,462.9206238,78,211.7109985,100,1411.406616,5.860865116,68.3189621,0.815939248,0.233125493,195.7730695,0.022139813,141.4827321,9.749304861,3072,1538,0.008424179,186.8682321,373736,168.1814101,0.000641941,461.4883118,674.6315918,0.162403971,0.300057411,1.485165954,2.743991137,F070801030406_468,108,070801030406
11521,483.2653572,3367.22318,161_2_1,1.754304409,0.83170414,249.5112457,462.4274902,86,233.1765747,100,1554.510498,5.92954874,69.11959076,0.815070033,0.232877165,20.51186835,0.00231967,136.100811,12.20441151,543,272,0.001489842,16.56814235,33137,14.91132857,5.69159E-05,482.6878052,695.6040649,0.917320728,1.774587512,16.7329998,32.37054443,F070802060602_124,108,070802060602
11554,482.8279121,3364.300684,593_10_2,1.700087309,0.830982268,249.2946777,462.0261536,86,232.9741364,100,1553.160889,5.746294975,66.98343658,0.814362645,0.232675031,134.422798,0.015201762,130.9994564,11.79858923,3117,1558,0.008533726,50.32564907,100651,45.29308287,0.000172882,482.2687988,695.0003052,0.160009414,0.30954352,5.504034042,10.64773655,F070802060802_52,108,070802060802
11565,485.3739918,3363.389495,144_3_1,1.724344015,0.830757201,249.2271576,461.901001,78,211.244812,100,1408.298706,5.828282833,67.93915558,0.814142048,0.232612014,20.40473014,0.002307554,143.4639689,12.7810901,485,244,0.001336476,11.7402785,23481,10.56625046,4.03309E-05,460.4719849,673.145813,1.021422744,1.887180209,23.58709526,43.57950592,F070801030407_506,108,070801030407
11597,481.2883332,3359.698656,434_28_2,1.708805203,0.829845548,248.9536591,461.3941345,86,232.6553192,100,1551.0354,5.775761604,67.32692719,0.813248634,0.232356757,34.50873693,0.003902564,130.9989929,11.79855633,856,428,0.00234431,30.03865033,60077,27.03478544,0.000103191,481.6089783,694.0494385,0.581667423,1.125254631,9.208642006,17.81441879,F070801030303_425,108,070801030303
11600,478.0716195,3359.400149,791_28_1,1.728535295,0.829771817,248.9315491,461.3531189,85,229.9297028,100,1532.864746,5.842449188,68.10429382,0.813176394,0.232336104,161.6359738,0.018279278,131.0017776,11.79875302,3865,1932,0.010582259,54.8358244,109672,49.35224116,0.000188375,478.8612671,691.2828369,0.128846556,0.247857794,5.043976784,9.702928543,F070802060603_83,108,070802060603
11607,481.2631365,3358.5104,504_8_1,1.646411777,0.829552054,248.8656158,461.230957,78,210.9385834,100,1406.257202,5.564871788,64.86862183,0.812961042,0.232274577,58.1715858,0.006578576,159.3332977,14.163908,1733,866,0.004743393,41.59238601,83184,37.43314892,0.000142881,459.8041992,672.1695557,0.287373692,0.530951738,6.648268223,12.28334236,F070802060501_293,108,070802060501
11618,482.221799,3357.815484,723_82_2,1.717740893,0.829380453,248.8141327,461.1355286,60,162.2266693,100,1081.511108,5.805963993,67.67899323,0.812792838,0.232226521,49.85217738,0.005637741,130.9999771,8.249083956,1129,564,0.003089231,59.32226229,118645,53.39003515,0.000203787,411.040802,623.3621826,0.441159815,0.728795767,4.660310268,7.698830128,F070801010405_224,108,070801010405
11630,480.9088266,3356.92111,430_17_2,1.77452147,0.829159498,248.7478485,461.0126953,78,210.8386078,100,1405.590698,5.997882366,69.91614532,0.812576294,0.232164666,80.48984184,0.009102529,134.9664063,12.09539566,1625,811,0.004442139,57.81560786,115631,52.03404602,0.000198612,459.5864563,671.8513184,0.306717455,0.566691041,4.780482769,8.832418442,F070801030302_119,108,070801030302
11637,480.2414331,3356.280881,508_18_1,1.611111283,0.829001367,248.7004089,460.9247742,84,227.0137329,100,1513.424927,5.445556164,63.4777832,0.812421322,0.23212038,65.641761,0.007423372,140.3097839,11.13761954,1506,752,0.004118974,121.2622068,242523,109.1359861,0.000416567,475.7141418,687.9384766,0.330718637,0.632598579,2.27881217,4.358911991,F070802060502_8,108,070802060502
11642,477.1442759,3355.581271,836_109_1,1.67706275,0.828828573,248.6485748,460.8286743,76,205.3505707,100,1369.003784,5.66847229,66.07627106,0.812251985,0.232071996,20.017488,0.002263761,136.6675873,12.22572041,429,214,0.001172155,17.50470114,35009,15.75423098,6.01332E-05,453.9991455,666.1792603,1.161909223,2.121491432,15.78297138,28.81760025,F070802060302_360,108,070802060302
11643,480.8549246,3355.440067,487_23_1,1.688421369,0.828793705,248.6381073,460.8092957,78,210.7456665,100,1404.971069,5.706864357,66.52380371,0.812217832,0.232062235,29.76806927,0.003366446,130.9997025,11.7986064,738,368,0.002015668,26.36143208,52722,23.72528982,9.05584E-05,459.3837891,671.5549316,0.67564702,1.248325467,10.47987652,19.36262131,F070802060502_393,108,070802060502
11660,480.887447,3353.889526,140_10_2,1.766508222,0.828410685,248.5232086,460.596344,78,210.647995,100,1404.319946,5.970798016,69.60042572,0.811842442,0.231954992,200.0000016,0.022617833,137.9300842,12.34637473,4843,2421,0.013260687,212.9380675,425879,191.6442597,0.000731498,459.1712036,671.2443237,0.102653123,0.189661801,1.296794415,2.395956039,F070801030407_197,108,070801030407
11682,481.8717167,3351.936469,496_4_1,1.727740645,0.827928305,248.3784943,460.328125,56,151.146347,100,1007.642334,5.839763165,68.07298279,0.811369717,0.231819928,21.45826602,0.002426697,144.5997238,12.92610312,544,272,0.001489842,22.73101926,45462,20.45791709,7.8087E-05,399.5248413,611.4744873,0.913156211,1.468841314,12.14094734,19.52910614,F070802060502_534,108,070802060502
11702,477.5756894,3349.819369,462_5_2,1.704012394,0.827405393,248.2216187,460.037384,78,210.3926392,100,1402.617554,5.759562016,67.13809204,0.810857296,0.231673509,24.93316841,0.002819671,159.3336639,14.16394329,743,372,0.002037578,11.29181671,22584,10.16263485,3.87903E-05,458.6142578,670.4300537,0.667262435,1.232833982,24.42492676,45.12749481,F070801030301_184,108,070801030301
11705,479.7018669,3349.496824,487_13_1,1.674504161,0.827325702,248.1977081,459.993103,92,248.1310425,100,1654.206909,5.659823895,65.97546387,0.810779214,0.231651202,28.88628006,0.003266725,144.6002884,12.92615128,702,351,0.001922553,21.124331,42249,19.01189804,7.25676E-05,496.3287354,708.1241455,0.707115948,1.414041996,13.05486202,26.10621643,F070802060502_440,108,070802060502
11708,480.3965904,3349.229702,550_3_2,1.668883681,0.827259719,248.1779175,459.9563904,70,188.7806702,100,1258.537842,5.640826702,65.75402069,0.810714543,0.231632724,193.6035437,0.021894463,136.5245075,12.24610054,4900,2450,0.013419531,216.7240501,433449,195.0516434,0.000744504,436.9585876,648.7370605,0.10129711,0.178350449,1.272370338,2.24022007,F070801010301_528,108,070801010301
11713,478.1823949,3348.815427,184_11_2,1.685159326,0.827157438,248.1472321,459.8995361,79,213.0261536,100,1420.174316,5.695838451,66.39527893,0.810614288,0.231604084,52.80309913,0.005971458,130.9990489,11.79856046,1206,603,0.003302848,173.6484013,347297,156.2835639,0.000596528,461.1734009,672.9256592,0.411521107,0.764798343,1.587801218,2.950875998,F070802060602_139,108,070802060602
11715,478.1737858,3348.791522,498_8_2,1.626461506,0.827151477,248.1454468,459.8962097,78,210.3280792,100,1402.187256,5.497439861,64.08258057,0.810608447,0.231602415,200.0000003,0.022617833,132.3076618,11.12799375,4434,2217,0.012143306,67.32624186,134651,60.59361873,0.000231283,458.4735107,670.2243042,0.111928485,0.20679906,4.095240593,7.566366196,F070802060704_482,108,070802060704
11739,476.9980925,3346.240853,449_1_1,1.706832647,0.826521516,247.9564514,459.5459595,70,188.6122589,100,1257.415039,5.769094467,67.24920654,0.809991062,0.23142603,53.04581055,0.005998906,158.3890228,14.0729208,1472,736,0.004031337,39.07283037,78146,35.16554676,0.000134225,436.5687256,648.1582031,0.336897343,0.593164027,7.051118851,12.4146719,F070801030301_146,108,070801030301
11744,479.6653602,3345.63755,161_20_2,1.792689443,0.826372504,247.9117584,459.4631042,86,231.6818848,100,1544.545898,6.059290409,70.63196564,0.80984503,0.231384307,200.000002,0.022617833,135.3820424,12.14042104,5087,2544,0.013934403,201.4170382,402833,181.2753331,0.00069192,479.5936279,691.1450195,0.097449593,0.188519508,1.367597818,2.645663977,F070802060602_425,108,070802060602
11755,479.0239893,3345.079659,487_19_1,1.683957577,0.826234698,247.8704071,459.3865051,78,210.0947113,100,1400.631348,5.691776752,66.34793091,0.809710026,0.231345713,79.84071422,0.00902912,131.0000356,11.79863008,1807,903,0.004946056,60.17456174,120348,54.15710533,0.000206715,457.9651184,669.4812012,0.274496585,0.507159591,4.576877117,8.456233025,F070802060502_393,108,070802060502
11759,479.2932382,3344.813123,496_22_2,1.732505202,0.826168835,247.850647,459.349884,86,231.6244812,100,1544.163208,5.855867386,68.26070404,0.809645474,0.23132728,66.27108867,0.007494542,142.3334579,12.7212193,1872,935,0.005121331,57.41861317,114837,51.67675319,0.000197248,479.4751282,690.9743652,0.265080899,0.512807608,4.796173096,9.278352737,F070802060502_395,108,070802060502
11769,476.7430597,3343.550973,489_12_2,1.798093796,0.825857103,247.7571259,459.1765442,66,177.6914215,100,1184.609497,6.077557087,70.84489441,0.809339941,0.231239989,35.53034355,0.004018097,142.3338013,9.799031585,860,430,0.002355265,20.94479984,41889,18.85032023,7.19509E-05,425.4485474,636.867981,0.576179385,0.989415228,13.14339066,22.56983185,F070802060502_520,108,070802060502
11771,481.1515425,3343.299498,441_11_2,1.731412411,0.825794995,247.7384949,459.1420288,78,209.9829712,100,1399.886475,5.852173805,68.21765137,0.809279084,0.2312226,39.77144714,0.00449772,151.3989131,13.46699842,1162,583,0.003193301,20.88100265,41761,18.79290238,7.17317E-05,457.7214661,669.125,0.424937397,0.78511399,13.18255615,24.35608101,F070801030303_121,108,070801030303
11774,479.1115428,3343.178279,441_2_1,1.69660759,0.825765014,247.7295074,459.1253357,78,209.9754486,100,1399.836304,5.734533787,66.84633636,0.809249699,0.23121421,20.64870585,0.002335145,149.1346893,13.30206426,576,288,0.00157748,11.44775181,22896,10.30297682,3.9326E-05,457.7049561,669.100769,0.860171914,1.589253306,24.0444603,44.42453384,F070801030303_664,108,070801030303
11788,478.8459075,3341.835076,496_1_1,1.686389446,0.825433254,247.6299744,458.9408875,78,209.8911743,100,1399.274536,5.699996471,66.44374084,0.808924615,0.231121317,200.0000015,0.022617833,137.5982263,11.57969801,5198,2599,0.014235657,148.4722533,296945,133.6250295,0.000510041,457.5211487,668.8320313,0.095278941,0.176037386,1.853170633,3.423918009,F070802060502_476,108,070802060502
11813,477.3552396,3339.783088,474_31_2,1.722497344,0.824926436,247.4779358,458.6590881,78,209.7622986,100,1398.415283,5.822041035,67.86639404,0.80842793,0.230979398,39.82282326,0.00450353,130.9990234,11.79855871,988,494,0.002705816,20.5732829,41147,18.51595479,7.06746E-05,457.2402344,668.4213867,0.500967503,0.925587535,13.36565876,24.69439125,F070801030301_433,108,070801030301
11817,477.820643,3339.564783,593_8_1,1.713552475,0.824872494,247.4617462,458.6291199,71,190.9246979,100,1272.831299,5.791807175,67.51396942,0.808375061,0.230964303,20.84111935,0.002356905,130.9998271,11.79861546,517,258,0.001413159,11.99208975,23984,10.79288045,4.1196E-05,438.3864441,649.553833,0.959154069,1.699172258,22.92823982,40.61811447,F070802060802_196,108,070802060802
11820,478.5993487,3339.447949,164_15_1,1.652279973,0.824843645,247.4530945,458.6130676,77,207.0522461,100,1380.348267,5.584706306,65.09983063,0.808346748,0.230956227,52.00681873,0.005881408,151.3968735,13.42125034,1467,733,0.004014905,24.10595,48212,21.6953551,8.28102E-05,454.5053406,665.6652832,0.337589502,0.620061874,11.4058094,20.94943047,F070801030407_121,108,070801030407
11839,477.7374172,3337.531687,487_29_2,1.732350826,0.824370325,247.3110962,458.3499146,92,247.2451477,100,1648.301025,5.855345726,68.25462341,0.807882905,0.230823696,199.9999981,0.022617833,132.4164028,11.90536702,4800,2400,0.013145663,193.955498,387913,174.5599475,0.000666288,494.5562439,705.5950928,0.103046291,0.206065103,1.416768909,2.833159924,F070802060502_339,108,070802060502
11870,479.3776838,3334.867215,532_3_1,1.731019735,0.82371223,247.1136627,457.9840088,75,201.397644,100,1342.651001,5.850846767,68.20217896,0.807237983,0.230639428,61.72048378,0.006979918,139.5004832,12.45032024,1579,790,0.004327114,110.8845181,221769,99.79606628,0.000380917,448.5112915,659.3816528,0.312802106,0.567735791,2.476186514,4.494278431,F070802060502_14,108,070802060502
11873,480.2025624,3334.683643,593_5_2,1.728050232,0.823666871,247.1000671,457.9587708,86,230.9224548,100,1539.483032,5.840809822,68.08518219,0.807193518,0.230626717,199.9999983,0.022617833,131.0008589,11.79868814,4651,2326,0.012740338,85.77077579,171542,77.1936976,0.000294645,478.022522,688.8812256,0.10623391,0.205512688,3.201039314,6.192507267,F070802060802_52,108,070802060802
11886,478.0672465,3333.966353,138_21_1,1.639588594,0.823489666,247.0469055,457.86026,78,209.3970947,100,1395.980591,5.541809559,64.59979248,0.807019889,0.230577111,22.85651493,0.002584824,145.1704483,12.88848734,628,314,0.001719891,32.77286911,65546,29.49558163,0.000112583,456.4440002,667.2573242,0.786773562,1.453643322,8.375725746,15.47499561,F070802060602_42,108,070802060602
11895,478.3990762,3332.796852,434_9_2,1.786020041,0.823200822,246.9602509,457.699646,70,187.8544312,100,1252.362915,6.036747932,70.3691864,0.806736827,0.230496228,151.2505205,0.017104795,130.9996582,10.02383604,3267,1635,0.008955483,345.5893197,691178,311.0303829,0.00118719,434.8146973,645.5540771,0.151046023,0.265941709,0.794006824,1.397981405,F070801030303_586,108,070801030303
11900,479.1774522,3332.391103,723_82_1,1.717740893,0.823100626,246.930191,457.6439514,60,160.9983215,100,1073.322144,5.805963993,67.67899323,0.806638598,0.230468169,48.42978331,0.005476884,131.0000305,8.249086499,1196,597,0.003269984,59.59598351,119193,53.63638574,0.000204728,407.9285278,618.6422729,0.413618416,0.683297396,4.603781223,7.605443954,F070801010405_224,108,070801010405
11907,478.4280635,3331.280948,421_31_1,1.679431915,0.822826385,246.8479156,457.4914551,82,219.9577942,100,1466.385254,5.676479816,66.1696167,0.806369841,0.230391383,127.6652681,0.014437559,136.9500504,10.50469357,3116,1558,0.008533726,140.4646084,280929,126.4181477,0.000482533,466.8057251,677.4492188,0.158438966,0.299618572,1.952630401,3.692553043,F070801030605_7,108,070801030605
11921,476.1427269,3329.40951,483_11_1,1.762144089,0.822364151,246.7092438,457.2344666,70,187.6634979,100,1251.089966,5.956047058,69.42847443,0.805916846,0.230261967,22.92481136,0.002592548,151.3993988,13.42147541,639,320,0.001752755,41.01754761,82035,36.91579437,0.000140906,434.3727417,644.8979492,0.770966411,1.357414842,6.683026791,11.76658249,F070801010403_48,108,070801010403
11922,478.3406249,3329.307487,389_20_2,1.764481306,0.822338939,246.7016754,457.220459,86,230.550766,100,1537.005127,5.963946819,69.52056122,0.805892169,0.230254903,38.75911714,0.004383236,139.4992867,12.46110678,1014,507,0.002777021,49.02429706,98050,44.12186715,0.000168411,477.2524414,687.7712402,0.486591071,0.94132632,5.591369629,10.81668758,F070802060601_59,108,070802060601
11931,476.8846578,3328.517083,455_20_1,1.628673792,0.822143734,246.6431274,457.111908,86,230.4961243,100,1536.640869,5.504917622,64.1697464,0.805700839,0.230200246,29.52421528,0.003338869,139.4970016,12.43892217,639,320,0.001752755,54.30473839,108610,48.87426536,0.000186551,477.1392517,687.6080322,0.770759761,1.491060138,5.046482563,9.762586594,F070802060803_204,108,070802060803
11933,478.0799429,3328.430575,703_19_2,1.753337026,0.822122335,246.6367035,457.1000061,77,206.3691559,100,1375.794434,5.926279068,69.08148193,0.805679917,0.230194256,199.9999986,0.022617833,140.1226013,12.54909554,5316,2657,0.014553344,188.6618662,377323,169.7956819,0.000648103,453.0058594,663.4691772,0.092825256,0.170495242,1.452549934,2.667946815,F070801030303_627,108,070801030303
11937,477.414883,3328.14752,434_21_2,1.735838413,0.822052419,246.6157227,457.0611572,71,190.27211,100,1268.480713,5.867133617,68.39203644,0.805611372,0.230174676,74.10000164,0.008379907,139.7837728,10.87885085,1323,661,0.003620535,73.24584906,146491,65.92126445,0.000251619,436.8878174,647.333252,0.373094887,0.660949826,3.741064787,6.627418518,F070801030303_575,108,070801030303
11949,475.021257,3327.039502,389_33_2,1.704235196,0.821778774,246.5336304,456.9089966,86,230.3938599,100,1535.959106,5.760314941,67.14686584,0.805343211,0.230098054,41.12635863,0.004650946,139.5000954,12.46116638,1104,552,0.003023502,53.81439996,107629,48.43296003,0.000184867,476.9274902,687.3028564,0.446618885,0.863999069,5.090203762,9.847167969,F070802060601_313,108,070802060601
11950,476.7694294,3326.980647,128_16_2,1.717222571,0.821764231,246.5292664,456.9009094,78,208.9582062,100,1393.054688,5.804212093,67.65856934,0.805328965,0.230093986,199.9999941,0.022617833,145.3444691,11.65793735,5085,2543,0.013928925,219.746662,439491,197.771996,0.000754887,455.4874878,665.8591309,0.096944265,0.179114237,1.246532679,2.30309391,F070801030406_284,108,070801030406
11957,476.4331599,3326.397804,137_40_1,1.720113516,0.821620286,246.486084,456.8208923,84,224.9921417,100,1499.947632,5.813983917,67.7724762,0.805187881,0.230053678,87.89099701,0.00993952,132.4163723,11.90536177,2104,1053,0.00576766,86.95921594,173916,78.26329497,0.000298728,471.4782104,681.8130493,0.234079853,0.447747588,3.149446726,6.024257183,F070802060602_363,108,070802060602
11980,475.7811158,3324.155462,388_1_1,1.699616909,0.82106638,246.3199158,456.5129089,86,230.1940918,100,1534.627319,5.7447052,66.96490479,0.804645061,0.229898587,200.0000023,0.022617834,144.1753654,12.85115457,5197,2598,0.01423018,155.5499526,311099,139.994961,0.000534355,476.5140076,686.7070313,0.094811358,0.183415711,1.759491324,3.40379405,F070802060601_70,108,070802060601
11990,474.3974581,3323.30298,449_2_1,1.702790737,0.820855856,246.2567596,456.3958435,82,219.4309387,100,1462.872925,5.755432606,67.08995819,0.80443871,0.229839638,100.4170562,0.011356081,158.3885701,14.07287629,2828,1414,0.007744986,61.5714905,123143,55.41434069,0.000211514,465.6876831,675.8267822,0.174156129,0.329340667,4.443917751,8.403739929,F070801030301_135,108,070801030301
12012,474.0616759,3322.041488,389_26_2,1.708405137,0.820544243,246.163269,456.2225952,92,246.0976257,100,1640.650879,5.774409294,67.31116486,0.804133356,0.229752392,22.08630943,0.002497722,139.5003204,12.42854881,577,288,0.00157748,27.10266304,54205,24.39239693,9.31047E-05,492.2608948,702.3201904,0.854733586,1.709239244,10.09180355,20.18091583,F070802060601_122,108,070802060601
12032,477.9239887,3320.166681,598_24_1,1.724718571,0.820081174,246.024353,455.9651184,71,189.8151703,100,1265.434448,5.829548836,67.95391083,0.803679526,0.229622722,25.32145193,0.002863582,133.8344231,12.01223636,556,277,0.001517229,11.28252982,22564,10.15427686,3.87584E-05,435.8395386,645.7802734,0.888174534,1.573427916,24.22864342,42.921772,F070802060804_424,108,070802060804
12033,478.313513,3320.07059,420_5_2,1.695424199,0.820057452,246.0172424,455.9519348,77,205.8506165,100,1372.337402,5.7305336,66.79971313,0.80365628,0.229616091,200.0000006,0.022617833,142.9331746,12.77514284,5285,2643,0.014476661,80.50388888,161007,72.45349988,0.000276552,451.8678589,661.8025513,0.093082577,0.170967788,3.395519018,6.236660004,F070801030303_549,108,070801030303
12041,476.3343208,3319.449753,128_42_2,1.674533844,0.819904089,245.9712219,455.8666687,78,208.4850922,100,1389.900635,5.659924507,65.97663116,0.803506017,0.229573146,31.0138135,0.003507326,148.8515015,13.24123001,816,408,0.002234763,57.58047867,115161,51.82242966,0.000197804,454.4562988,664.3517456,0.602870643,1.113863468,4.746424198,8.769490242,F070801030406_284,108,070801030406
12051,474.5465674,3318.398885,559_19_2,1.700407624,0.819644511,245.8933563,455.7223511,84,224.4512482,100,1496.341675,5.747377872,66.99606323,0.803251624,0.229500458,41.0320195,0.004640277,133.2660828,11.96939392,799,399,0.002185466,13.23230486,26465,11.90907449,4.54564E-05,470.3446045,680.173584,0.616274059,1.17880857,20.64756203,39.49464035,F070802060501_73,108,070802060501
12059,475.7276292,3317.627221,489_1_2,1.720112681,0.819453895,245.8361664,455.6163635,78,208.3707581,100,1389.138428,5.813981056,67.77243805,0.803064823,0.229447097,34.92766023,0.00394994,149.1319173,10.20463595,886,442,0.002420993,11.07846195,22157,9.970615685,3.80574E-05,454.2069092,663.9871216,0.556190431,1.027617455,24.65606689,45.55455017,F070802060502_261,108,070802060502
12064,472.3492091,3316.834422,845_171_1,1.627553701,0.819258094,245.7774353,455.5075073,28,74.78188324,100,498.5458984,5.501131535,64.12561798,0.802872956,0.22939226,39.51934811,0.00446921,149.4161911,9.247449676,848,424,0.0023224,51.65346527,103307,46.48812056,0.000177443,320.5593262,530.2893677,0.579663754,0.756036162,5.286886692,6.895510674,F070802060302_126,108,070802060302
12081,473.8472546,3313.93713,476_11_1,1.68944943,0.81854248,245.5627441,455.1096191,78,208.1389771,100,1387.59314,5.710339069,66.56430817,0.802171648,0.229191899,45.48176064,0.005143494,149.4555926,11.7385513,1180,588,0.003220687,98.26820483,196538,88.44138454,0.000337577,453.7017212,663.2485962,0.417623729,0.771601558,2.776559353,5.129971027,F070802060704_531,108,070802060704
12082,473.9205954,3313.807721,137_36_1,1.703846812,0.818510532,245.5531616,455.0918579,86,229.4775085,100,1529.850098,5.759002209,67.13156128,0.802140296,0.229182944,65.59677727,0.007418285,134.7777557,12.08330568,1691,845,0.004628369,64.55826407,129117,58.10243785,0.000221775,475.0306702,684.5693359,0.290595472,0.562166452,4.226211071,8.175744057,F070802060602_67,108,070802060602
12093,473.8327862,3312.571367,441_2_2,1.69660759,0.818205118,245.4615326,454.9220581,78,208.0531921,100,1387.02124,5.734533787,66.84633636,0.801841021,0.229097426,90.49939832,0.010234502,154.7987747,13.7374711,2610,1306,0.007153432,78.7221543,157444,70.84993811,0.000270431,453.5147095,662.9752197,0.187949106,0.347254753,3.46452713,6.401060104,F070801030303_662,108,070801030303
12127,474.0360666,3309.529288,389_26_1,1.708405137,0.817453742,245.2361298,454.5042725,92,245.1702271,100,1634.46814,5.774409294,67.31116486,0.801104665,0.228887051,200.0000005,0.022617833,136.6663879,12.22137375,4908,2454,0.01344144,236.7335581,473467,213.0602014,0.000813242,490.4063721,699.6744995,0.099933222,0.199839592,1.151018023,2.301726818,F070802060601_122,108,070802060601
12137,474.531838,3308.668301,723_50_2,1.693956852,0.817241073,245.1723175,454.3860474,78,207.8080597,100,1385.387085,5.725574017,66.74189758,0.800896227,0.228827506,100.9589803,0.011417367,145.3543752,12.90886466,2440,1221,0.006687856,71.52194738,143044,64.36975193,0.000245697,452.9803772,662.1940918,0.200796336,0.37099129,3.808812618,7.037162304,F070801010405_242,108,070801010405
12150,475.7277168,3307.221431,406_32_1,1.628609896,0.816883683,245.0651093,454.1873169,78,207.7171783,100,1384.78125,5.504701614,64.1672287,0.80054599,0.22872743,34.73276997,0.0039279,140.0664571,12.55027771,894,447,0.00244838,29.7084465,59417,26.73760152,0.000102056,452.7822876,661.90448,0.548244119,1.012935758,9.165560722,16.93428993,F070801030603_260,108,070801030603
12157,474.5968465,3306.768549,60_46_1,1.669190049,0.816771805,245.0315399,454.1251221,76,202.3633881,100,1349.089233,5.641862392,65.76609039,0.800436378,0.228696108,199.999997,0.022617833,140.4069595,12.52274008,4983,2491,0.013644103,66.72326452,133447,60.05093825,0.000229212,447.394928,656.4885254,0.098366737,0.179604545,4.080394745,7.450257301,F070801030202_360,104,070801030202
12160,474.7995629,3306.330944,723_56_2,1.673431754,0.816663742,244.999115,454.065033,77,204.9987488,100,1366.658325,5.656199455,65.93321228,0.80033046,0.228665844,65.51681137,0.007409242,149.8880971,13.37543933,1928,964,0.005280175,55.51857567,111037,49.96671772,0.000190721,449.9978638,659.0637817,0.254148453,0.466802776,4.903245926,9.005951881,F070801010405_44,108,070801010405
12169,475.7170924,3305.798451,161_12_1,1.754207134,0.816532195,244.9596558,453.9919128,78,207.6277618,100,1384.185059,5.9292202,69.1157608,0.800201535,0.228629008,199.9999976,0.022617833,137.5570722,12.30974443,5125,2563,0.014038473,144.7498591,289499,130.2748761,0.000497254,452.5874023,661.6196899,0.095575362,0.176585019,1.880329251,3.474095821,F070802060602_199,108,070802060602
12195,472.9391894,3304.968334,476_4_2,1.677670598,0.816327155,244.8981476,453.8778992,78,207.5756836,100,1383.837891,5.670526505,66.10021973,0.800000608,0.228571609,199.9999964,0.022617833,140.3501434,12.5356276,5293,2648,0.014504048,333.4974169,666996,300.147679,0.001145651,452.4738159,661.4536133,0.092484191,0.170873791,0.815925479,1.507503986,F070802060704_531,108,070802060704
12196,474.6219364,3304.820609,617_5_2,1.714386344,0.816290677,244.887207,453.857605,69,183.6164246,100,1224.109497,5.794625759,67.54682159,0.799964845,0.228561386,24.54043802,0.002775258,140.4449921,12.58709812,609,304,0.001665117,16.26270601,32526,14.63643507,5.58666E-05,428.5036316,637.473999,0.805550039,1.409551382,16.73134232,29.27650261,F070801010604_257,108,070801010604
12198,475.2748449,3304.680344,537_9_2,1.694715023,0.816256046,244.8768158,453.8383484,83,220.862381,100,1472.415894,5.728137016,66.77177429,0.79993093,0.228551686,22.88010621,0.002587492,130.9999847,11.7986269,92,46,0.000251959,5.994987965,11990,5.395489216,2.05944E-05,465.7391968,674.7007446,5.323409081,10.1247654,45.38547134,86.32010651,F070801010302_42,108,070801010302
12204,473.7598802,3303.99134,723_57_1,1.710530043,0.816085875,244.8257599,453.7437439,78,207.5143127,100,1383.428711,5.781591415,67.3948822,0.799764156,0.228504047,41.79930235,0.004727048,139.5004883,12.46119881,1037,519,0.00284275,29.45052598,58901,26.505473,0.00010117,452.3400879,661.2580566,0.471725941,0.871560872,9.236800194,17.06591225,F070801010405_36,108,070801010405
12229,471.4406616,3301.487756,104_6_2,1.684167027,0.815467477,244.6402435,453.3999023,86,228.6244659,100,1524.163086,5.692484379,66.35617828,0.799158156,0.228330895,37.93821144,0.004290401,131.0000992,11.79863453,941,471,0.002579836,56.33831692,112677,50.70448732,0.000193537,473.2647095,682.024353,0.519406021,1.004808307,4.824824333,9.33378315,F070802060602_278,108,070802060602
12231,471.4451221,3301.454129,104_6_1,1.684167027,0.815459192,244.6377563,453.3953247,86,228.6221466,100,1524.147705,5.692484379,66.35617828,0.79914999,0.228328571,30.05989885,0.003399449,131.0000839,11.79863358,746,374,0.002048532,8.803793907,17608,7.923414469,3.02433E-05,473.2598877,682.0174561,0.654111624,1.265400767,30.87529373,59.72928619,F070802060602_278,108,070802060602
12232,472.5582058,3301.385547,138_7_1,1.699493527,0.815442204,244.6326599,453.3858643,78,207.3506012,100,1382.337402,5.744287968,66.96004486,0.79913336,0.228323817,126.8225189,0.014342253,137.3751678,12.28738046,3479,1739,0.009525128,167.3076009,334615,150.5768396,0.000574745,451.9832764,660.7364502,0.140674323,0.259909868,1.62463665,3.001678705,F070802060602_42,108,070802060602
12236,472.1296847,3300.810113,499_1_1,1.69475019,0.815300107,244.5900269,453.3068542,78,207.31427,100,1382.095093,5.728255749,66.77315521,0.798994124,0.228284031,74.85917652,0.008465762,131.0004456,11.79865913,1857,928,0.00508299,70.00981081,140019,63.00882959,0.000240502,451.9042969,660.6210938,0.263566852,0.486965835,3.881837368,7.172079086,F070802060704_478,108,070802060704
12265,471.9334095,3297.462009,128_46_1,1.668376803,0.814473093,244.3419342,452.8470459,78,207.1042175,100,1380.694824,5.639113426,65.73404694,0.79818362,0.228052467,199.9999947,0.022617833,151.8538788,9.959381342,4433,2216,0.012137829,715.2492387,1430498,643.724339,0.002457068,451.446167,659.9512939,0.110262603,0.203721195,0.379575431,0.701303542,F070801030406_608,108,070801030406
12275,472.1953207,3296.560074,483_4_1,1.737547874,0.81425035,244.2751007,452.7232056,78,207.0475769,100,1380.317139,5.87291193,68.45938873,0.797965348,0.227990091,77.13995165,0.008723693,152.3054718,13.51761703,2255,1127,0.006172984,90.67047498,181340,81.60342686,0.000311477,451.3226929,659.770752,0.216748089,0.40046379,2.993441582,5.530683041,F070801010403_233,108,070801010403
12276,474.011669,3296.390845,388_1_2,1.699616909,0.814208567,244.2625732,452.6999512,86,228.2715149,100,1521.810059,5.7447052,66.96490479,0.797924399,0.227978393,200.0000012,0.022617833,142.0183529,12.68868499,4914,2457,0.013457872,251.1482665,502298,226.0334377,0.00086276,472.5340881,680.9714355,0.099414967,0.192321569,1.080647945,2.090549469,F070802060601_70,108,070802060601
12286,470.8814581,3295.424132,699_30_1,1.708279848,0.813969731,244.190918,452.5671692,6,15.92124748,100,106.1416473,5.773985863,67.30622864,0.797690332,0.227911532,199.9999997,0.022617833,135.0926971,11.01467184,4679,2339,0.012811544,597.8649495,1195729,538.0784557,0.002053823,260.1121521,468.4884033,0.104399711,0.111206561,0.453820288,0.483409345,F070802060406_164,108,070802060406
12296,472.2859969,3294.239159,85_3_2,1.658326745,0.813677073,244.1031189,452.4044495,78,206.9016113,100,1379.344116,5.605144501,65.33807373,0.797403514,0.227829576,185.4307861,0.020970213,134.8861062,12.12080165,4623,2311,0.012658178,168.6291285,337259,151.7662151,0.000579285,451.0047302,659.3060303,0.10562662,0.195155665,1.608415365,2.971707106,F070802060301_110,108,070802060301
12311,472.5481351,3293.029804,174_4_1,1.72967124,0.813378334,244.013504,452.2383423,78,206.8258362,100,1378.838867,5.846288681,68.14904785,0.797110796,0.227745935,51.18430294,0.00578839,133.1250267,11.95610499,1274,637,0.003489078,15.78805911,31576,14.20925357,5.42361E-05,450.8393555,659.064209,0.383066714,0.707754076,17.17285919,31.72857475,F070801030603_748,108,070801030603
12319,472.1090973,3292.100308,594_27_1,1.652389288,0.813148797,243.9446411,452.1107178,86,227.9737549,100,1519.825073,5.585075855,65.10414124,0.796885848,0.227681667,40.92615107,0.004628304,133.1239319,11.95602679,1001,500,0.00273868,20.42076821,40841,18.37869111,7.01507E-05,471.918396,680.0844727,0.48788929,0.943836808,13.27323246,25.67747498,F070802060804_247,108,070802060804
12327,472.9525892,3291.2129,128_30_2,1.631695032,0.812929571,243.8788757,451.9888306,78,206.711731,100,1378.078247,5.515129089,64.28878784,0.796670973,0.227620274,27.45667386,0.003105052,151.4167404,13.45552778,742,372,0.002037578,74.20852757,148417,66.78767538,0.000254926,450.5906067,658.7005615,0.655588388,1.211265087,3.651555061,6.746613026,F070801030406_540,108,070801030406
12329,470.8667484,3290.923159,489_8_1,1.601144075,0.812858045,243.8574066,451.9490662,78,206.6935425,100,1377.956909,5.411867142,63.08507538,0.796600878,0.227600247,200.0000019,0.022617833,130.9994545,11.79858899,4892,2446,0.013397621,109.5758583,219151,98.61827328,0.000376422,450.5509644,658.6425781,0.099696405,0.18419908,2.47274065,4.568635941,F070802060502_192,108,070802060502
12340,470.48909,3289.928621,703_10_2,1.684490323,0.812612355,243.7837067,451.8124695,78,206.631073,100,1377.540527,5.69357729,66.36891937,0.796360135,0.227531463,199.9999984,0.022617833,140.9567936,12.57999625,5132,2567,0.014060382,119.2120262,238423,107.2908241,0.000409525,450.4147949,658.4435425,0.094968334,0.175463498,2.272176743,4.198073864,F070801030303_573,108,070801030303
12349,471.2328327,3289.554395,434_28_1,1.708805203,0.812519908,243.7559662,451.7610779,86,227.7980194,100,1518.653442,5.775761604,67.32692719,0.796269536,0.22750558,116.4832806,0.013172997,134.5276446,12.06806932,2695,1347,0.007378003,84.21271105,168426,75.79144096,0.000289293,471.5539856,679.559082,0.180962116,0.350077212,3.216140985,6.221731186,F070801030303_425,108,070801030303
12357,473.3053068,3289.175449,138_17_2,1.671702385,0.812426329,243.7279053,451.7090454,78,206.5837708,100,1377.225098,5.650353909,65.86507416,0.796177804,0.227479368,20.30636406,0.00229643,147.9999542,13.1236887,560,280,0.001533661,26.65032005,53301,23.98528862,9.15508E-05,450.311676,658.2928467,0.870456815,1.608255982,10.16155815,18.77449417,F070802060602_42,108,070802060602
12361,469.6359082,3288.922656,456_2_1,1.579338789,0.812363923,243.7091827,451.6743469,70,185.3812103,100,1235.874756,5.338165283,62.22594833,0.79611665,0.227461904,160.0068209,0.018095038,136.6669483,12.25994098,3551,1775,0.009722313,108.2607933,216521,97.4347145,0.000371904,429.0903931,637.055542,0.137300953,0.241741061,2.501256227,4.403875828,F070801030301_85,108,070801030301
12371,470.4614217,3287.486951,473_5_2,1.728236556,0.812009275,243.6027832,451.4771423,86,227.6549225,100,1517.699463,5.841439724,68.09252167,0.795769095,0.227362603,35.47648013,0.004012006,133.8334605,12.00860055,884,442,0.002420993,16.37961042,32759,14.74164909,5.62682E-05,471.2576904,679.1320801,0.551137507,1.066193819,16.52479935,31.96777344,F070801030301_166,108,070801030301
12387,467.9826741,3284.765326,836_150_1,1.662899017,0.811337054,243.401123,451.1033936,74,195.726944,100,1304.846313,5.620598793,65.51821899,0.795110285,0.227174371,29.07780958,0.003288385,136.6671982,12.22569275,740,370,0.002026623,29.22436905,58449,26.30193138,0.000100393,439.1280518,646.8303223,0.657840848,1.186832547,9.254116058,16.69565773,F070802060302_360,108,070802060302
12390,471.112059,3284.586948,137_10_2,1.672758222,0.811292946,243.3878784,451.0788879,79,208.9402008,100,1392.934692,5.653922558,65.90667725,0.795067072,0.227162018,51.75772985,0.005853239,131.0003967,11.79865551,1284,641,0.003510987,19.37688996,38754,17.43920087,6.65647E-05,452.328064,660.019104,0.379700273,0.705659986,13.95636654,25.93743134,F070802060602_84,108,070802060602
12403,473.5880761,3282.616683,138_6_2,1.686839819,0.810806334,243.2418976,450.8083191,80,211.4582825,100,1409.721924,5.701518536,66.46148682,0.794590235,0.227025777,26.69007921,0.003018359,133.8335775,12.00861136,690,345,0.001889689,41.08316076,82167,36.97484529,0.000141131,454.7001953,662.2666016,0.705048978,1.317971587,6.578577995,12.29755497,F070802060602_530,108,070802060602
12410,469.991381,3281.930433,487_40_2,1.656885862,0.810636818,243.19104,450.7140808,78,206.1287079,100,1374.191406,5.600274086,65.28130341,0.794424057,0.226978302,20.19068873,0.002283348,130.9990489,11.79856046,500,249,0.001363863,18.8981595,37797,17.0083437,6.49201E-05,449.3197632,656.8427734,0.976670861,1.804497004,14.29833794,26.41760826,F070802060502_389,108,070802060502
12427,469.8098628,3280.473223,496_7_2,1.696244717,0.810276866,243.0830536,450.5139465,64,169.056015,100,1127.040039,5.733307362,66.83203888,0.794071317,0.226877525,69.51362085,0.007861237,139.500529,12.42856471,1522,761,0.004168271,74.58606148,149171,67.12745571,0.000256223,412.1390686,619.5699463,0.319425821,0.54157567,3.621216536,6.139649868,F070802060502_476,108,070802060502
12457,469.3768075,3277.557892,423_4_1,1.643969536,0.809556782,242.8670349,450.1135559,86,226.9673615,100,1513.115723,5.55661726,64.7723999,0.793365657,0.226675898,79.80187406,0.009024727,131.0002975,11.7986486,1980,990,0.005422586,66.39766091,132795,59.75789386,0.000228093,469.8344116,677.0809326,0.245320231,0.474580228,4.064183235,7.862298489,F070801030303_776,108,070801030303
12485,464.7701671,3275.00747,397_28_1,1.628293037,0.808926821,242.6780396,449.7633057,92,242.613327,100,1617.422119,5.503630638,64.15474701,0.792748272,0.226499513,200.0000062,0.022617834,134.8246511,11.25469871,5041,2520,0.013802946,319.8445487,639690,287.8600926,0.00109875,485.2913818,692.3766479,0.096300811,0.192575946,0.843041599,1.685858488,F070802060602_161,108,070802060602
12493,469.3817056,3274.452674,411_11_2,1.600230336,0.80878979,242.6369324,449.6871338,76,200.385498,100,1335.90332,5.408778667,63.04907608,0.792613983,0.226461142,23.05642325,0.002607432,140.9162903,8.743712227,192,95,0.000520349,6.680449024,13361,6.012404218,2.29491E-05,443.0224304,650.0726318,2.554072857,4.663393974,40.35605621,73.68473816,F070802060602_260,108,070802060602
12494,470.3910065,3274.406169,144_2_1,1.712343693,0.808778346,242.6334991,449.6807556,86,226.7490997,100,1511.660645,5.787721634,67.46633911,0.792602777,0.226457939,27.50954682,0.003111032,130.9966125,11.79838872,603,302,0.001654163,12.83270311,25665,11.54943246,4.40837E-05,469.3825989,676.4298706,0.803422153,1.554247022,21.00826073,40.64118195,F070801030407_488,108,070801030407
12497,469.1405022,3274.198468,487_12_2,1.647369981,0.808727026,242.618103,449.6522217,78,205.6423645,100,1370.949097,5.568110466,64.9063797,0.792552471,0.226443574,111.719018,0.012634211,130.9995461,11.79859543,2772,1386,0.00759162,80.95614767,161912,72.86053228,0.000278106,448.2604675,655.2945557,0.175049141,0.323420256,3.329897404,6.152308464,F070802060502_393,108,070802060502
12506,469.1891178,3273.842958,656_21_2,1.628753185,0.808639228,242.5917664,449.6034241,76,200.3484497,100,1335.656372,5.505185604,64.17287445,0.792466462,0.226418987,43.97243881,0.004972806,131.0003662,11.7986536,1091,546,0.002990638,32.00640869,64013,28.80576706,0.00010995,442.9402161,649.9519043,0.444307268,0.811245799,8.421638489,15.37678909,F070801030202_256,104,070801030202
12513,470.9140401,3272.97467,496_30_1,1.713516593,0.808424771,242.5274353,449.4841614,78,205.5662537,100,1370.44165,5.791686058,67.51255035,0.792256296,0.226358935,43.25333458,0.004891484,148.0005035,13.12373638,1194,597,0.003269984,43.91071886,87821,39.51964849,0.000150845,448.093689,655.050415,0.406243622,0.750575721,6.136882305,11.33850384,F070802060502_546,108,070802060502
12517,467.9483099,3272.625706,104_1_2,1.689347744,0.808338523,242.5015564,449.4362183,86,226.6257935,100,1510.838623,5.70999527,66.56030273,0.792171776,0.22633478,29.68742371,0.003357326,131.0018412,11.79875724,736,368,0.002015668,22.17931271,44359,19.96138144,7.61917E-05,469.1273499,676.0620117,0.658971608,1.274802566,12.14853573,23.50174713,F070802060602_175,108,070802060602
12526,468.1324756,3271.714945,27_12_2,1.694605112,0.808113575,242.4340668,449.3111572,78,205.4871216,100,1369.914185,5.727765083,66.7674408,0.791951299,0.226271808,167.7938719,0.018975669,134.3051542,12.04592379,4184,2090,0.011447681,125.7845246,251568,113.206069,0.000432103,447.9212036,654.7982788,0.115997158,0.214316368,2.141528845,3.956688881,F070801030202_216,104,070801030202
12538,469.2928088,3270.60228,496_14_2,1.688460469,0.807838738,242.3516235,449.1583252,86,226.485672,100,1509.904541,5.706996441,66.52534485,0.791681945,0.226194844,22.10106659,0.002499391,147.9994965,13.1236496,610,305,0.001670595,22.37623215,44752,20.13860893,7.68682E-05,468.8372803,675.6439819,0.79459548,1.537171364,12.03417873,23.28051949,F070802060502_395,108,070802060502
12539,471.7797666,3270.582587,656_15_2,1.746881843,0.80783391,242.350174,449.1556396,76,200.1489258,100,1334.326172,5.90446043,68.82714081,0.791677237,0.226193488,199.9999995,0.022617833,138.1402618,11.33356748,4868,2434,0.013331893,104.5207915,209041,94.0687102,0.000359056,442.4990845,649.3045654,0.09956868,0.181799129,2.576310158,4.703998566,F070801030202_256,104,070801030202
12544,469.5143758,3270.243143,559_14_2,1.683224201,0.807750046,242.3250122,449.1090393,79,208.0279541,100,1386.853027,5.689297676,66.31903076,0.791595042,0.226170018,25.49336338,0.002883023,130.9997177,11.79860735,632,316,0.001730846,15.78053427,31561,14.20248103,5.42103E-05,450.3529663,657.1369629,0.766851306,1.425167561,17.06216049,31.7094574,F070802060501_73,108,070802060501
12547,466.5831737,3270.19645,93_28_2,1.65689373,0.807738543,242.3215637,449.1026306,78,205.3917542,100,1369.27832,5.600300789,65.28161621,0.791583776,0.226166785,52.3324604,0.005918234,137.8010966,12.33968226,1393,697,0.00381772,51.29783964,102595,46.16805446,0.000176221,447.7133179,654.4943848,0.347663641,0.642343342,5.248684883,9.697469711,F070801030406_424,108,070801030406
12574,468.3388091,3266.620319,525_8_1,1.697392821,0.806855202,242.0565643,448.6114807,77,202.5366058,100,1350.244019,5.737187862,66.87727356,0.790718079,0.225919455,134.2193079,0.01517875,138.2243118,12.36177325,3523,1762,0.009651108,144.5210149,289041,130.0689139,0.000496467,444.5931702,651.1480713,0.137376025,0.252323031,1.860987067,3.418135405,F070802060502_178,108,070802060502
12594,469.4445253,3265.22137,487_35_2,1.703670502,0.806509674,241.9528961,448.4193726,78,205.0791321,100,1367.194214,5.758406162,67.12461853,0.790379465,0.225822702,52.52048582,0.005939498,130.9995401,11.79859516,1303,650,0.003560284,24.80228177,49603,22.32205418,8.52023E-05,447.0320435,653.4985352,0.372235239,0.687741578,10.83918571,20.026474,F070802060502_566,108,070802060502
12597,469.2951245,3264.938414,421_27_1,1.558525681,0.806439817,241.9319458,448.3805237,83,218.2062378,100,1454.708252,5.26781702,61.40591049,0.790311038,0.225803152,38.64615639,0.004370462,131.0004578,11.79866028,954,477,0.002612701,10.78029251,21561,9.702262878,3.70331E-05,460.1381836,666.586792,0.507194877,0.964650273,24.93562126,47.42586136,F070801030605_51,108,070801030605
12599,466.8419243,3264.716271,496_23_1,1.639686108,0.806384921,241.9154816,448.3500061,78,205.0475159,100,1366.983398,5.542139053,64.60363007,0.790257215,0.225787774,101.2963629,0.011455521,139.5005951,12.42857011,2648,1323,0.007246547,111.6472607,223294,100.4825354,0.000383538,446.9630127,653.397522,0.182853729,0.337840527,2.407537699,4.44816637,F070802060502_476,108,070802060502
12608,470.8503978,3264.180374,723_51_2,1.682922006,0.806252539,241.8757629,448.2763977,76,199.7566986,100,1331.711304,5.688276291,66.30712891,0.790127516,0.225750715,37.46585333,0.004236982,133.8331401,12.00857798,806,402,0.002201899,39.69084167,79382,35.72175837,0.000136348,441.6324463,648.0330811,0.601680994,1.098588228,6.771104813,12.36312199,F070801010405_224,108,070801010405
12610,471.1978891,3263.899665,476_19_1,1.726418853,0.806183219,241.8549652,448.2378845,78,204.9962616,100,1366.641724,5.835295677,68.02090454,0.790059566,0.225731298,200.0000003,0.022617833,135.8157211,12.1583333,5170,2583,0.01414802,253.3681256,506737,228.0313101,0.000870386,446.8512268,653.2341309,0.093633361,0.172996998,1.060621738,1.95960474,F070802060704_435,108,070802060704
12613,467.6663919,3263.505625,489_6_1,1.632546663,0.806085885,241.8257599,448.1837463,78,204.9714203,100,1366.476074,5.518007755,64.32234192,0.789964139,0.225704044,31.89804821,0.003607324,131.0005188,11.79866409,792,396,0.002169034,10.66398937,21327,9.597590243,3.66336E-05,446.7971802,653.1551514,0.610671103,1.128275752,25.19650841,46.55305862,F070802060502_253,108,070802060502
12634,468.8067532,3260.833506,594_27_2,1.652389288,0.805425882,241.6277618,447.816803,86,225.8091888,100,1505.394531,5.585075855,65.10414124,0.789317369,0.22551924,82.70082713,0.009352568,131.0005856,11.79866886,1918,958,0.00524731,37.99046029,75981,34.19141444,0.000130507,467.4369507,673.6259766,0.252221048,0.48793,7.066913128,13.67117882,F070802060804_247,108,070802060804
12639,467.6693102,3260.713905,525_6_2,1.674813151,0.805396318,241.6188965,447.800354,84,220.5497284,100,1470.331543,5.660868645,65.98764038,0.789288402,0.22551097,121.0528857,0.01368977,132.8895493,11.94101318,3002,1501,0.008221517,117.955025,235910,106.1595237,0.000405206,462.1686401,668.3500977,0.160971954,0.307907164,2.275998354,4.35352993,F070802060502_61,108,070802060502
12648,468.5887222,3259.889481,420_5_1,1.695424199,0.805192709,241.5578156,447.6871338,77,202.1194916,100,1347.463257,5.7305336,66.79971313,0.789088845,0.225453958,200.0000009,0.022617833,138.8753672,12.53794098,5513,2756,0.015095603,205.1683805,410337,184.6515402,0.000704807,443.6773071,649.8066406,0.087647974,0.160985962,1.308182001,2.402781487,F070801030303_549,108,070801030303
12650,468.1465306,3259.807044,128_21_2,1.74077642,0.805172324,241.5516968,447.6758118,78,204.739212,100,1364.928101,5.883824348,68.58659363,0.789068878,0.225448251,78.99922955,0.008933957,142.3314575,10.812172,825,414,0.002267627,41.43515497,82870,37.2916395,0.000142341,446.2908936,652.4150391,0.583458185,1.077997327,6.477368832,11.96758556,F070801030406_608,108,070801030406
12675,470.3033775,3258.059219,434_3_1,1.697663903,0.804740608,241.4221802,447.435791,86,225.6169739,100,1504.113159,5.738103867,66.88795471,0.788645804,0.225327373,87.98515551,0.009950168,129.3051122,11.68908956,1823,911,0.004989875,70.40406749,140809,63.3636583,0.000241856,467.0391541,673.0527344,0.265007883,0.512666464,3.810104847,7.370773315,F070801030303_16,108,070801030303
12689,468.3924919,3256.493266,85_3_1,1.658326745,0.804353833,241.3061523,447.2207336,78,204.5310974,100,1363.540649,5.605144501,65.33807373,0.788266778,0.225219071,199.9999976,0.022617833,130.999527,11.79859434,4698,2350,0.012871795,175.84835,351696,158.2635158,0.000604085,445.8372498,651.7518311,0.10268347,0.189717978,1.524711132,2.817056417,F070802060301_110,108,070802060301
12707,468.8218887,3254.249144,602_47_2,1.57163322,0.80379951,241.1398468,446.9125366,69,180.8065338,100,1205.376953,5.312120438,61.92234802,0.787723541,0.22506386,200.0000039,0.022617834,131,8.756162473,1655,829,0.004540731,90.50327241,181006,81.45294571,0.000310902,421.9463806,627.7190552,0.290880382,0.50898236,2.960480452,5.18024683,F070801010602_536,108,070801010602
12723,467.5362069,3252.407191,487_23_2,1.688421369,0.803344548,241.0033569,446.6595764,78,204.2744598,100,1361.829712,5.706864357,66.52380371,0.787277639,0.22493647,21.58619475,0.002441165,131.0006943,11.79867649,536,268,0.001467932,14.63750196,29275,13.17375147,5.02836E-05,445.277832,650.934021,0.899266243,1.66148448,18.29420853,33.80038071,F070802060502_393,108,070802060502
12731,466.2421025,3251.909523,393_27_1,1.650490522,0.803221643,240.9664917,446.5912476,77,201.6247101,100,1344.164795,5.578658104,65.02932739,0.787157238,0.224902064,28.29894661,0.003200304,133.1247368,11.95608377,408,203,0.001111904,56.17868406,112359,50.56081443,0.000192988,442.5911865,648.2159424,1.187027097,2.180252075,4.765874386,8.753640175,F070801030408_208,108,070801030408
12747,466.2356109,3250.309563,443_21_2,1.714954734,0.802826464,240.8479462,446.371521,78,204.1426086,100,1360.950684,5.796546936,67.56921387,0.786769927,0.224791408,199.9999982,0.022617833,144.031917,12.82985755,5332,2666,0.014602641,152.757419,305514,137.4816757,0.000524762,444.9905396,650.5141602,0.090340562,0.166913182,1.751854897,3.236726284,F070801030303_82,108,070801030303
12754,464.6193793,3249.352397,60_25_1,1.656934142,0.802590013,240.7770081,446.2400513,76,198.8497009,100,1325.664673,5.600437164,65.28320313,0.786538184,0.224725202,36.05150184,0.004077034,131.0003586,11.79865313,692,346,0.001895166,20.30374891,40607,18.2733742,6.97487E-05,439.626709,645.0897217,0.695887327,1.270597458,13.17638493,24.058321,F070801030202_256,104,070801030202
12756,466.9225487,3249.191069,396_13_2,1.698587298,0.802550197,240.7650604,446.2178955,73,190.9902496,100,1273.268311,5.741225243,66.92433929,0.786499202,0.224714056,40.15151495,0.004540701,147.4327698,10.10535869,995,496,0.00271677,22.67466933,45350,20.40720257,7.78934E-05,431.7553101,637.2081299,0.485413432,0.870474398,11.79804325,21.15700531,F070801030603_3,108,070801030603
12758,465.2479099,3249.11582,559_8_1,1.661819696,0.8025316,240.7594757,446.2075806,79,206.6839905,100,1377.893311,5.616950512,65.47569275,0.786480963,0.224708855,109.9448092,0.012433567,137.6108322,12.29325533,2598,1299,0.00711509,135.1601356,270320,121.6441211,0.00046431,447.4434814,652.8916016,0.185342163,0.344452262,1.979211807,3.678299189,F070802060501_233,108,070802060501
12772,463.180102,3248.115048,87_11_1,1.631318092,0.80228442,240.6853333,446.0701294,78,204.0048828,100,1360.032593,5.51385498,64.27393341,0.78623873,0.224639639,43.49410629,0.004918712,147.9998474,13.12368011,1200,600,0.003286416,51.2437706,102488,46.1193924,0.000176036,444.6902161,650.0750122,0.40114221,0.741150379,5.218744755,9.642152786,F070802060301_213,108,070802060301
12774,466.5455162,3248.098805,138_23_1,1.647121906,0.802280426,240.6841278,446.0679321,79,206.6193237,100,1377.462158,5.567272186,64.89660645,0.786234796,0.224638522,20.66661322,0.00233717,131.0000305,11.79862976,484,242,0.001325521,29.18144035,58363,26.26329613,0.000100246,447.3034668,652.6872559,0.994562507,1.848361492,9.164277077,17.03150558,F070802060602_181,108,070802060602
12776,466.7723612,3247.838396,128_51_1,1.687924981,0.802216113,240.6648407,446.0321655,78,203.9875183,100,1359.916748,5.705186367,66.50424194,0.786171794,0.224620506,101.9763757,0.011532423,144.8827209,12.95365334,2769,1385,0.007586143,360.5245508,721049,324.4720932,0.001238496,444.6523438,650.0196533,0.173765227,0.321048617,0.741711974,1.370386958,F070801030406_497,108,070801030406
12777,464.3921091,3247.756289,723_21_2,1.578330755,0.802195787,240.6587372,446.0208435,74,193.5217133,100,1290.144775,5.334757805,62.18623352,0.786151886,0.224614814,170.0343576,0.019229044,138.6513233,12.40730917,4349,2174,0.01190778,80.35530912,160709,72.31977956,0.000276042,434.1804504,639.5425415,0.110698588,0.199715018,3.327702761,6.003619671,F070801010405_53,108,070801010405
12778,464.8566383,3247.722807,411_5_1,1.594827771,0.802187562,240.6562653,446.0162964,68,177.8289642,100,1185.526367,5.390517712,62.83621597,0.786143839,0.224612519,191.159165,0.021618031,143.6278381,10.19420685,4776,2387,0.013074457,206.835567,413671,186.15201,0.000710534,418.4852295,623.8452759,0.10081955,0.175318494,1.292794347,2.248083353,F070802060602_502,108,070802060602
12795,463.8836966,3245.377562,85_2_2,1.607738256,0.801608264,240.4824829,445.6941833,78,203.832901,100,1358.885986,5.434155464,63.34488678,0.785576105,0.22445032,49.94848108,0.005648632,131.0000458,11.79863071,1051,526,0.002881091,47.97356796,95947,43.17621231,0.000164802,444.3153687,649.5270996,0.45719102,0.844705999,5.569791317,10.29074478,F070802060301_110,108,070802060301
12798,464.6340162,3245.233746,128_9_1,1.667154908,0.80157274,240.471817,445.6744385,78,203.8239136,100,1358.82605,5.63498354,65.68590546,0.785541296,0.224440366,22.88343811,0.002587869,159.3332214,14.16390038,682,341,0.00186778,70.36303711,140726,63.32673264,0.000241715,444.2957153,649.4983521,0.705195963,1.302919984,3.797319174,7.015926838,F070801030406_540,108,070801030406
12837,464.4934053,3241.453736,656_29_1,1.646395206,0.800639093,240.1917267,445.1553345,76,198.3661346,100,1322.440918,5.564815998,64.86797333,0.784626305,0.22417894,87.97690904,0.009949235,131.0003052,11.79864915,2047,1023,0.005603339,46.51304746,93025,41.86174095,0.000159784,438.5578613,643.5214844,0.234791517,0.428697824,5.737738609,10.47634029,F070801030202_256,104,070801030202
12840,464.2971,3241.026156,617_14_1,1.691329479,0.800533473,240.1600494,445.0966187,69,180.0718079,100,1200.47876,5.716693878,66.63838196,0.784522831,0.224149376,27.97657894,0.003163848,147.9994354,13.19474792,823,411,0.002251195,25.53681647,51074,22.98313482,8.77256E-05,420.2318726,625.168457,0.584331036,1.02246201,10.44940376,18.28435898,F070801010604_257,108,070801010604
12849,465.1966274,3239.916514,424_9_2,1.700307369,0.800259352,240.0778046,444.9442139,82,213.9247742,100,1426.165161,5.747038841,66.99211121,0.784254193,0.22407262,84.07392728,0.00950785,131.0000966,9.136475891,2062,1032,0.005652635,78.24497938,156491,70.4204821,0.000268792,454.0025635,658.8690186,0.232633531,0.439924955,3.409204245,6.447024345,F070801030303_770,108,070801030303
12860,465.0586717,3238.516109,434_29_2,1.646618366,0.799913466,239.9740448,444.7518921,86,224.2637329,100,1495.091553,5.565569878,64.87676239,0.783915222,0.223975778,32.07060432,0.003626838,139.098114,12.42683029,841,420,0.002300491,44.0304203,88061,39.62737656,0.000151256,464.237793,669.015625,0.571366787,1.105328083,6.055764198,11.7150774,F070801030303_20,108,070801030303
12874,463.0354703,3237.286657,559_18_2,1.700373411,0.79960978,239.8829346,444.5830383,79,205.9314575,100,1372.876343,5.747262001,66.99471283,0.783617556,0.223890737,33.2617604,0.003761545,137.7998962,12.32864265,866,432,0.002366219,74.03007016,148060,66.62706318,0.000254313,445.8143921,650.5145264,0.55528456,1.031977773,3.600382805,6.69119072,F070802060501_126,108,070802060501
12876,463.4143104,3237.101546,161_1_1,1.665908933,0.799564064,239.8692169,444.5576172,86,224.1657867,100,1494.438599,5.630772114,65.6368103,0.783572793,0.223877937,101.7447346,0.011506227,136.2888667,12.21145026,2533,1267,0.006939815,96.20120513,192401,86.58108363,0.000330476,464.0350037,668.7233887,0.189320609,0.366247058,2.770457506,5.35954237,F070802060602_312,108,070802060602
12895,462.5929073,3234.888002,23_19_2,1.644876838,0.79901731,239.7052002,444.2536316,73,190.1497955,100,1267.665283,5.5596838,64.80814362,0.783036947,0.223724842,168.8761456,0.019098063,148.9942576,11.52023368,3699,1850,0.010133115,468.8762303,937754,421.9886071,0.001610713,429.8549805,634.4034424,0.12957038,0.232354045,0.568037152,1.018641233,F070600060901_38,105,070600060901
12901,460.860571,3234.344409,458_77_1,1.649580836,0.79888308,239.664917,444.1789856,5,13.02179432,100,86.81196594,5.575583458,64.9934845,0.7829054,0.223687261,200,0.022617833,134.1885262,8.4234912,3788,1895,0.010379596,416.7994456,833599,375.1195054,0.001431815,252.6867065,457.2007751,0.12647225,0.133343905,0.638902843,0.673616529,F070802060801_241,108,070802060801
12911,464.5597341,3231.414838,496_20_2,1.646540165,0.79815948,239.4478455,443.7766724,78,202.9559937,100,1353.039917,5.56530571,64.87368011,0.782196283,0.22348465,40.56047392,0.00458695,136.6705729,12.21883488,1052,526,0.002881091,43.07834196,86156,38.77050734,0.000147985,442.4038391,646.732666,0.455224037,0.841071963,6.176030636,11.41083431,F070802060502_476,108,070802060502
12913,461.8036663,3231.188096,703_13_2,1.650729418,0.798103452,239.4310303,443.7455139,77,200.3399353,100,1335.599609,5.579465389,65.03874207,0.782141387,0.223468959,51.73173404,0.005850299,146.7251778,13.0836215,1339,670,0.003669831,35.95168221,71905,32.35651302,0.000123503,439.7709656,644.0854492,0.357359737,0.656374574,7.399778366,13.59142017,F070801030303_637,108,070801030303
12914,467.3968893,3231.142962,723_51_1,1.682922006,0.798092306,239.4276886,443.7393188,78,202.9388275,100,1352.925537,5.688276291,66.30712891,0.78213048,0.223465845,200.0000005,0.022617833,139.5401731,12.47473969,4874,2435,0.013337371,237.8624787,475725,214.0762301,0.00081712,442.3665161,646.6781616,0.098327592,0.181670025,1.118422627,2.06639719,F070801010405_224,108,070801010405
12915,462.0962626,3231.125063,160_17_2,1.643685579,0.798087895,239.4263611,443.7368774,78,202.9377899,100,1352.918579,5.555657387,64.76121521,0.782126129,0.223464608,92.64080858,0.010476672,136.099588,12.21706333,1590,795,0.004354501,166.2663687,332532,149.6397287,0.000571168,442.3641357,646.6746826,0.301165223,0.556432903,1.60001862,2.956194401,F070802060602_417,108,070802060602
12925,465.8998603,3229.726516,598_26_2,1.701413751,0.797742426,239.3227234,443.5447998,70,182.044754,100,1213.631714,5.750778675,67.03570557,0.781787574,0.223367885,26.72069446,0.003021821,138.5588735,12.36825975,710,355,0.001944463,12.28166893,24563,11.05350174,4.21907E-05,421.3674927,625.5895386,0.6741485,1.186950684,21.65130424,38.12072372,F070802060804_424,108,070802060804
12936,465.6529128,3228.486586,393_6_2,1.658929229,0.797436178,239.2308502,443.3745117,49,127.3824921,100,849.2166138,5.607180595,65.36180878,0.781487465,0.223282129,33.0480026,0.003737371,140.0657501,9.700170606,746,372,0.002037578,22.55226684,45104,20.29704094,7.74729E-05,366.6133423,570.757019,0.643093705,0.985519767,11.78648949,18.06240273,F070801030408_139,108,070801030408
12949,463.7774206,3226.660627,714_2_2,1.648665428,0.796985149,239.0955505,443.1237488,3,7.794508457,100,51.96339035,5.572489262,64.95742035,0.781045437,0.223155841,41.71400943,0.004717403,131.0017446,11.79875024,973,487,0.002667474,36.31581757,72632,32.68423467,0.000124754,246.8900604,450.9182434,0.490955949,0.506961107,7.315317631,7.553796768,F070802060503_156,108,070802060503
12950,465.2570032,3226.6193,487_32_2,1.664434195,0.796974957,239.0924835,443.1180725,78,202.6547852,100,1351.03186,5.625787735,65.57870483,0.781035483,0.223152995,40.25013113,0.004551854,130.9990489,11.79856046,998,499,0.002733202,35.07593441,70153,31.56834221,0.000120495,441.7472534,645.7728271,0.479143262,0.885265052,7.573805332,13.99336243,F070802060502_389,108,070802060502
12953,460.2639024,3226.374275,588_8_1,1.681826353,0.796914458,239.0743408,443.0844421,15,38.96911621,100,259.7940979,5.684573174,66.26396179,0.780976176,0.223136052,20.27248001,0.002292598,130.9989014,11.79855013,503,252,0.001380295,20.15378284,40307,18.13840437,6.92335E-05,278.043457,482.0535583,0.9487077,1.103347063,13.18056107,15.32899189,F070801010602_457,108,070801010602
12958,464.2394365,3225.892279,458_93_1,1.646551967,0.796795368,239.0386047,443.018219,77,200.0115662,100,1333.4104,5.565345764,64.87414551,0.78085947,0.223102704,64.28323281,0.007269737,145.1666565,8.975456039,1652,826,0.004524299,26.66922426,53338,24.00230193,9.16158E-05,439.0501709,643.0297852,0.289392978,0.531537712,9.958986282,18.29200172,F070802060801_93,108,070802060801
12965,462.6953651,3225.141274,137_31_2,1.614370942,0.796609879,238.9829712,442.9151001,79,205.1589813,100,1367.726563,5.456573963,63.60621643,0.780677676,0.223050773,200.0000015,0.022617833,133.179826,11.96125654,4992,2494,0.013660535,178.8023976,357605,160.9221568,0.000614233,444.1419678,648.0740967,0.095823161,0.178084195,1.485084295,2.759980202,F070802060602_267,108,070802060602
12968,461.8263636,3224.959084,22_3_1,1.658424497,0.796564877,238.9694672,442.8900757,78,202.5505066,100,1350.33667,5.605474949,65.34192657,0.780633569,0.223038167,54.60098511,0.00617478,141.6327133,12.6192956,1355,678,0.00371365,21.55196154,43104,19.39676519,7.40366E-05,441.5199585,645.4405518,0.352462351,0.651209354,12.32006836,22.76255608,F070801030402_308,105,070801030402
12983,461.4958826,3222.064707,389_4_2,1.598882556,0.795849979,238.7549896,442.4925842,86,223.1245575,100,1487.49707,5.404222965,62.99597168,0.779932976,0.222837999,53.40052357,0.006039021,135.2496338,12.12986565,1121,560,0.003067321,55.59433153,111189,50.03489763,0.000190981,461.8795471,665.6171265,0.426348209,0.824784935,4.771769524,9.231147766,F070802060601_59,108,070802060601
13035,462.3002755,3215.202226,594_40_1,1.701711416,0.794154942,238.2464752,441.5501404,11,28.47829056,100,189.8552704,5.751784801,67.04743195,0.778271854,0.222363383,59.24959183,0.006700487,158.1998749,14.05361652,1751,876,0.004798167,23.85815239,47716,21.47233772,8.1959E-05,266.724762,470.0284424,0.271970868,0.304480314,11.09550667,12.42178535,F070802060804_453,108,070802060804
13048,456.819299,3213.274718,588_17_1,1.765984178,0.79367888,238.1036682,441.2854614,5,12.93696594,100,86.24643707,5.969026566,69.57977295,0.777805328,0.222230092,129.5391175,0.014649471,135.4072503,11.03054537,3079,1540,0.008435134,135.3099607,270619,121.7789642,0.000464825,251.0406342,454.2224121,0.154612765,0.163013399,1.955211759,2.061444998,F070801010602_638,108,070801010602
13052,458.01799,3212.447649,583_12_2,1.727496862,0.793474555,238.0423737,441.1718445,68,175.8974457,100,1172.649658,5.83893919,68.06337738,0.777605057,0.222172871,21.65930712,0.002449433,136.6658859,12.22559214,539,269,0.00147341,13.4094255,26818,12.06848335,4.60649E-05,413.9398193,617.0692749,0.884915888,1.538809776,19.72429848,34.29924011,F070801010301_147,108,070801010301
13061,462.55263,3211.480416,184_5_2,1.616153479,0.79323566,237.9707031,441.039032,70,181.0163269,100,1206.775513,5.462598801,63.67644882,0.77737093,0.22210598,47.60220823,0.005383294,130.9998779,9.136464208,719,359,0.001966372,91.27697185,182555,82.14927238,0.00031356,418.98703,622.0553589,0.662871063,1.167094827,2.896808386,5.100313187,F070802060602_139,108,070802060602
13065,462.1529265,3210.548914,163_21_2,1.614570856,0.793005586,237.9016724,440.9111023,86,222.3270416,100,1482.180298,5.457249641,63.61408997,0.777145445,0.222041562,187.1377648,0.021163254,130.999548,10.61541847,4552,2275,0.012460993,475.5633128,951125,428.0069868,0.001633684,460.2286987,663.2381592,0.104572162,0.202298328,0.555835962,1.07528317,F070801030407_335,108,070801030407
13091,459.2196731,3207.620158,456_10_1,1.564378977,0.792282164,237.6846466,440.5088806,70,180.7987213,100,1205.324829,5.287600994,61.63653183,0.776436508,0.221839011,200.0000006,0.022617833,141.7315674,12.63921881,5035,2515,0.013775559,190.4804144,380962,171.4323718,0.00065435,418.4833679,621.3076172,0.094506815,0.166394979,1.386463046,2.441098928,F070801030301_82,108,070801030301
13103,462.0862018,3206.874086,396_23_1,1.623893499,0.792097926,237.6293793,440.4064331,70,180.7567444,100,1205.044922,5.488759995,63.98140335,0.776255965,0.221787423,39.2636121,0.004440289,141.6254997,12.61867714,1078,539,0.002952297,34.47874997,68957,31.03087501,0.000118444,418.3861084,621.163208,0.440870821,0.776226521,7.657836914,13.48289776,F070801030603_350,108,070801030603
13108,458.2515764,3206.521592,103_19_1,1.632388234,0.792010844,237.6032562,440.3580322,78,201.3925171,100,1342.616821,5.517472267,64.31609344,0.776170611,0.22176303,40.80407429,0.004614499,139.4993896,12.46111202,1042,520,0.002848227,7.311608791,14623,6.580447912,2.51173E-05,438.9957886,641.7505493,0.456929326,0.844222665,36.10746002,66.71214294,F070801030406_489,104,070801030406
13110,461.1443249,3206.147051,590_20_1,1.641971469,0.791918337,237.5755005,440.3066101,69,178.1340332,100,1187.560181,5.549863338,64.69367218,0.776079953,0.221737131,73.92301828,0.008359893,130.9988454,9.136409611,1812,906,0.004962488,40.72552997,81451,36.65297681,0.000139903,415.7095337,618.4406738,0.262224615,0.458840549,6.481751919,11.34176731,F070802060802_192,108,070802060802
13126,458.3792827,3204.195565,160_13_1,1.63474524,0.791436315,237.4308929,440.0386047,78,201.2459106,100,1341.639404,5.525438786,64.40896606,0.775607586,0.221602172,200.000001,0.022617833,131.8507034,11.86166601,4771,2386,0.01306898,118.5002872,237001,106.6502589,0.000407079,438.6768188,641.2845459,0.099510014,0.183854491,2.226257086,4.113227844,F070802060602_417,108,070802060602
13128,460.058507,3203.82726,550_9_1,1.633007765,0.791345358,237.4036102,439.9880066,67,172.8456573,100,1152.304443,5.519566059,64.34050751,0.775518477,0.221576706,200.0000013,0.022617833,135.9698756,11.40503416,5101,2554,0.013989176,335.0831747,670165,301.5748585,0.001151098,410.2492676,612.8336792,0.092953645,0.160630092,0.787212849,1.360356331,F070801010301_516,108,070801010301
13148,458.2118686,3201.804277,160_13_2,1.63474524,0.790845633,237.2536926,439.7101746,78,201.0962219,100,1340.641479,5.525438786,64.40896606,0.775028706,0.221436784,24.61292697,0.002783455,130.9969711,11.79841375,217,109,0.000597032,1.786195174,3572,1.60757567,6.13605E-06,438.3499146,640.8063965,2.176639318,4.021558762,147.5847778,272.6776123,F070802060602_417,108,070802060602
13154,460.2000415,3201.011568,842_11_1,1.667841077,0.790649831,237.1949463,439.6013184,78,201.0464325,100,1340.30957,5.637302876,65.7129364,0.774836838,0.221381947,96.50545487,0.010913721,130.9992371,11.79857368,2138,1069,0.005855297,25.71199974,51425,23.14079943,8.83274E-05,438.241394,640.6477661,0.221884891,0.409954518,10.25007534,18.93803978,F070801030602_531,104,070801030602
13163,463.0860183,3200.181774,532_2_1,1.675408959,0.790444911,237.1334686,439.4873657,76,195.8405457,100,1305.603638,5.662882328,66.01111603,0.77463603,0.221324578,28.50614643,0.003223736,135.2503357,12.11360025,732,366,0.002004714,65.48893166,130978,58.94003773,0.000224972,432.973999,635.3278809,0.647905648,1.18298912,4.023300171,7.346008301,F070802060502_14,108,070802060502
13166,460.4132699,3199.541052,424_11_1,1.656632423,0.79028666,237.0859985,439.3993835,86,221.5647736,100,1477.098511,5.599417686,65.27131653,0.774480939,0.221280262,199.9999987,0.022617833,131.0003949,11.79865557,4963,2483,0.013600284,125.1732799,250347,112.6559522,0.000430003,458.6507568,660.9641724,0.095483691,0.184716374,2.104513645,4.071251869,F070801030303_770,108,070801030303
13183,458.5067195,3197.845584,456_1_1,1.604342699,0.789867878,236.9603577,439.1665344,78,200.8473053,100,1338.982056,5.422678471,63.21110153,0.774070501,0.221163005,21.45739076,0.002426598,130.9969482,8.248941541,514,257,0.001407681,5.132544816,10265,4.619290233,1.76316E-05,437.8076782,640.013855,0.922024727,1.703531861,51.29800034,94.77812958,F070801030301_85,108,070801030301
13186,460.3480482,3197.707279,404_1_2,1.661727905,0.789833724,236.950119,439.1475525,92,236.8863983,100,1579.242676,5.616640091,65.47207642,0.774037063,0.221153438,200.000001,0.022617833,134.4003624,12.05884153,4763,2378,0.013025161,117.6265415,235251,105.8638875,0.000404078,473.8365173,676.0339355,0.099642605,0.199258417,2.23825264,4.475903034,F070802060601_242,108,070802060601
13195,460.971334,3196.29104,186_12_1,1.677065134,0.789483905,236.8451691,438.953064,78,200.7498169,100,1338.332153,5.668479919,66.07636261,0.773694217,0.221055493,43.77110861,0.004950038,130.9974251,11.79844618,956,478,0.002618178,17.02642177,34053,15.32377978,5.84902E-05,437.5949707,639.7028809,0.495491982,0.91547066,15.45605373,28.55659485,F070801030407_477,108,070801030407
13200,457.7720457,3195.92235,160_9_2,1.652179718,0.789392829,236.8178558,438.9024048,78,200.7268982,100,1338.179321,5.584367275,65.0958786,0.773604989,0.221029997,200.0000009,0.022617833,133.4294564,10.63323693,4322,2161,0.011836574,326.5070278,653014,293.8563301,0.001121637,437.5447388,639.6292725,0.109587163,0.202473268,0.805896759,1.488975048,F070802060602_76,108,070802060602
13216,457.4367275,3194.067985,53_6_1,1.641365051,0.788934767,236.6804352,438.6477356,78,200.6099396,100,1337.399658,5.547813892,64.66978455,0.773156047,0.220901728,76.42782778,0.008643159,132.7006531,11.92464561,1644,822,0.00450239,24.70480766,49409,22.23432693,8.48675E-05,437.2903748,639.2576904,0.287932396,0.531983435,10.64482117,19.66735458,F070801030601_201,104,070801030601
13218,456.5695903,3193.797339,525_9_1,1.578416824,0.78886795,236.6603851,438.6105957,84,216.0234222,100,1440.156128,5.335048676,62.18962097,0.773090601,0.220883027,35.81117085,0.004049855,140.4451396,12.58710384,1002,501,0.002744157,25.55583093,51112,23.00024774,8.7791E-05,452.6838074,654.6340332,0.472376019,0.903560519,10.28947067,19.68169212,F070802060502_61,108,070802060502
13222,459.4321647,3193.355508,658_31_1,1.619697571,0.788758814,236.6276398,438.5498962,78,200.5655975,100,1337.104004,5.474577904,63.81608582,0.772983611,0.220852464,48.41354065,0.005475047,133.125206,11.95611691,1242,621,0.00340144,34.59747382,69195,31.13772663,0.000118851,437.1932373,639.1154785,0.381042898,0.704014897,7.599387169,14.04062843,F070801030401_472,104,070801030401
13226,458.3277748,3193.042878,393_22_2,1.560712457,0.788681567,236.6044769,438.506958,68,174.8349152,100,1165.566162,5.275207996,61.49206924,0.772907913,0.220830843,22.81015497,0.002579581,133.8309072,12.00842126,592,296,0.001621298,30.18115222,60362,27.16303795,0.00010368,411.4393921,613.3418579,0.799339473,1.389997959,8.710530281,15.14703178,F070801030408_186,108,070801030408
13230,458.480965,3191.986277,577_3_1,1.645601749,0.788420618,236.5261841,438.3618774,75,192.7687531,100,1285.125,5.562133789,64.83670807,0.772652209,0.220757768,21.95863494,0.002483284,131.0016861,11.79874659,545,273,0.001495319,50.44582812,100892,45.40124617,0.000173295,429.2949219,631.1306152,0.866396308,1.572508812,5.209684849,9.455575943,F070801010602_37,108,070801010602
13242,458.6747574,3190.155974,588_10_1,1.59888351,0.787968516,236.3905487,438.1105042,16,41.10043716,100,274.0029297,5.404226303,62.99600983,0.772209167,0.220631182,199.9999986,0.022617833,131.9437561,11.86856715,4896,2448,0.013408576,307.0700231,614141,276.3630164,0.001054866,277.4909973,479.2109375,0.09656477,0.113354169,0.855362475,1.004081488,F070801010602_457,108,070801010602
13252,460.437634,3188.307187,184_5_1,1.616153479,0.787511885,236.2535706,437.8565979,76,195.1138153,100,1300.758789,5.462598801,63.67644882,0.771761656,0.22050333,62.3648403,0.007052788,131.0003204,6.47432512,1143,571,0.003127572,62.90601444,125812,56.61541104,0.000216099,431.3673706,632.9703979,0.413754076,0.755459487,4.172955036,7.619256973,F070802060602_140,108,070802060602
13256,456.8966118,3187.883979,699_28_1,1.587853074,0.787407339,236.2221985,437.7984924,78,200.2219391,100,1334.812988,5.366943359,62.56141281,0.771659195,0.220474049,61.40086699,0.006943773,133.1254921,11.95613527,1544,771,0.004223044,52.83908069,105679,47.55517387,0.000181516,436.4441528,638.0204468,0.306384176,0.566075444,4.967329025,9.177638054,F070802060406_111,108,070802060406
13275,457.6954325,3185.753157,186_40_1,1.609020591,0.78688103,236.0643158,437.5058594,78,200.0876617,100,1333.917725,5.438489437,63.39541245,0.771143436,0.220326692,57.98258856,0.006557203,140.0650177,12.49933681,1536,768,0.004206612,47.37192269,94743,42.63473082,0.000162735,436.1519775,637.5935059,0.307375401,0.567906201,5.536901951,10.22996902,F070801030407_262,108,070801030407
13297,453.4726895,3182.124164,589_13_1,1.683382034,0.785984695,235.7954102,437.0074768,69,176.7993927,100,1178.662598,5.689831257,66.32524872,0.770264983,0.220075712,69.33976197,0.007841576,136.6665904,12.24031162,1523,761,0.004168271,62.13359725,124268,55.92023754,0.000213445,412.5947876,613.8068848,0.309849411,0.542174518,4.216638088,7.37827301,F070802060802_149,108,070802060802
13305,457.4641912,3180.797707,53_12_2,1.455812216,0.785657048,235.697113,436.8253174,78,199.7769012,100,1331.845947,4.920645237,57.35900116,0.769943893,0.21998398,42.01585531,0.004751538,131.0014699,11.79873085,984,491,0.002689384,13.49458694,26990,12.14512825,4.63574E-05,435.473999,636.6022339,0.480034858,0.886912405,19.40672112,35.85585785,F070801030601_471,104,070801030601
13318,457.122486,3179.567986,711_12_2,1.63283813,0.785353303,235.6059875,436.6564331,84,215.0611877,100,1433.741211,5.518992901,64.33382416,0.769646227,0.219898924,47.36425416,0.005356384,149.7024536,13.27282333,912,456,0.002497676,8.539690375,17080,7.685721219,2.93361E-05,450.6671753,651.7176514,0.516679823,0.988305211,30.65502739,58.63694,F070802060501_146,108,070802060501
13320,457.0507175,3179.50658,711_12_1,1.63283813,0.785338104,235.6014252,436.6479797,84,215.0569916,100,1433.713257,5.518992901,64.33382416,0.769631326,0.219894662,39.55902582,0.004473697,141.1998215,12.61007118,988,494,0.002705816,33.96993256,67939,30.57294035,0.000116696,450.6584167,651.7049561,0.476925969,0.912263989,7.706207752,14.74043465,F070802060501_146,108,070802060501
13335,459.9110171,3177.717239,397_5_2,1.653938413,0.784896135,235.4688416,436.4022522,78,199.5832672,100,1330.555176,5.590312004,65.16517639,0.769198239,0.219770923,200.0000006,0.022617833,135.2559402,9.620113675,4476,2236,0.012247376,472.9687123,945937,425.6718459,0.001624771,435.052124,635.9855347,0.105308071,0.194567144,0.553169847,1.022036433,F070802060602_155,108,070802060602
13341,457.3602314,3176.360341,723_66_2,1.656753659,0.784560978,235.3682861,436.2159119,78,199.4975433,100,1329.983643,5.59982729,65.27609253,0.768869758,0.219677076,34.55527878,0.003907828,145.1649399,12.98115063,983,492,0.002694861,50.75853348,101517,45.68268013,0.000174369,434.8658447,635.7134399,0.478390813,0.883873641,5.152243614,9.519271851,F070801010405_229,108,070801010405
13354,454.8064417,3173.980392,396_23_2,1.623893499,0.783973157,235.1919403,435.8890686,70,178.9026642,100,1192.684448,5.488759995,63.98140335,0.768293679,0.219512478,117.9320797,0.013336841,142.9003296,12.70661716,3020,1510,0.008270813,164.3049947,328609,147.8744959,0.000564431,414.0946045,614.791748,0.15575625,0.274234831,1.590483427,2.800311089,F070801030603_350,108,070801030603
13359,456.2572742,3173.66649,458_15_1,1.603618741,0.783895612,235.1686859,435.8459473,68,173.773941,100,1158.49292,5.420231342,63.18257904,0.768217683,0.219490767,200.0000021,0.022617833,130.9995377,10.02382912,4552,2276,0.01246647,339.2264682,678453,305.3038243,0.001165332,408.942627,609.619873,0.103325434,0.179676026,0.77027756,1.339461207,F070802060801_119,108,070802060801
13367,455.2566636,3173.030147,489_30_2,1.597820282,0.783738434,235.1215363,435.7585754,78,199.2889557,100,1328.593018,5.400632381,62.95412064,0.768063664,0.219446763,114.9883102,0.013003932,136.4404541,10.37996155,1403,700,0.003834152,31.59284171,63185,28.43355785,0.00010853,434.4104919,635.0475464,0.335887909,0.620586395,8.269156456,15.27809143,F070802060502_261,108,070802060502
13369,453.1087981,3172.720377,845_159_1,1.611050844,0.783661962,235.098587,435.7160645,66,168.6127167,100,1124.084717,5.445352077,63.47540283,0.767988741,0.21942535,34.38099718,0.003888118,138.556076,9.563523144,439,220,0.001205019,30.93511868,61870,27.84160757,0.00010627,403.7113037,604.3287964,1.06862998,1.835051417,8.444145203,14.50028706,F070802060302_360,108,070802060302
13372,457.3384764,3172.482106,590_7_1,1.572158694,0.783603072,235.0809174,435.6833191,72,183.9268036,100,1226.178711,5.313896179,61.9430542,0.767930984,0.219408855,199.9999999,0.022617833,131.4534558,10.30787998,4638,2319,0.012701997,102.2266944,204454,92.00402444,0.000351175,419.0077209,619.6101074,0.101371676,0.180684656,2.5551157,4.554232597,F070802060802_196,108,070802060802
13378,455.7484233,3172.034432,397_28_2,1.628293037,0.783492506,235.0477448,435.6218262,92,234.9849701,100,1566.566406,5.503630638,64.15474701,0.767822683,0.219377905,75.01581623,0.008483476,136.6657461,9.467687696,1302,651,0.003565761,148.7872065,297575,133.9084828,0.000511123,470.0327148,670.6068115,0.361056447,0.722016454,1.755286455,3.510104179,F070802060602_290,108,070802060602
13398,453.3373797,3168.144877,95_2_2,1.57702589,0.782531798,234.7595367,435.087677,78,198.982193,100,1326.547974,5.330347538,62.13481903,0.766881168,0.219108909,87.62634191,0.00990959,142.334905,12.72952207,2240,1120,0.006134643,29.63330001,59267,26.66996965,0.000101798,433.7417297,634.0698853,0.209606722,0.387269408,8.802392006,16.26329994,F070801030602_88,104,070801030602
13406,453.5592378,3167.441542,84_14_1,1.600785255,0.78235805,234.7074127,434.9910889,86,219.3417664,100,1462.278442,5.410654068,63.07093811,0.766710877,0.219060257,49.42008591,0.005588876,136.6674347,12.24037393,1167,584,0.003198778,27.03837442,54077,24.33453751,9.28839E-05,454.0491943,654.3328857,0.401896268,0.777481496,9.645032883,18.65863228,F070801030406_369,104,070801030406
13410,454.6725081,3166.519848,137_21_1,1.648860812,0.78213042,234.6391296,434.864502,78,198.8796234,100,1325.864136,5.573149681,64.96511841,0.766487837,0.218996525,22.62679686,0.002558846,130.9988251,11.79854488,414,208,0.001139291,20.22163431,40444,18.19947011,6.94666E-05,433.5187378,633.7441406,1.128072739,2.084224701,12.89263535,23.82040405,F070802060602_267,108,070802060602
13442,453.4727099,3161.655019,186_2_2,1.569575787,0.780928791,234.2786407,434.1964111,78,198.5745697,100,1323.830444,5.305166245,61.84128571,0.765310228,0.218660057,141.9095022,0.016048427,135.2501297,12.12990499,3439,1720,0.009421058,187.7387865,375477,168.9649047,0.000644932,432.8532104,632.7709961,0.136208519,0.251658857,1.386552095,2.561793566,F070801030407_150,108,070801030407
13448,451.4992654,3160.819575,782_2_1,1.510961175,0.780722439,234.2167358,434.081665,44,111.9867249,100,746.578186,5.107048988,59.5318718,0.765107989,0.218602285,49.23609197,0.005568069,140.0670013,9.700238556,672,335,0.001834915,24.92113423,49842,22.429021,8.56106E-05,346.2034607,546.0683594,0.699154437,1.033443213,10.44257545,15.4355135,F070802060804_446,108,070802060804
13460,452.5178954,3159.309596,23_19_1,1.644876838,0.780349493,234.1048431,433.8743286,73,185.707489,100,1238.049927,5.5596838,64.80814362,0.764742494,0.218497857,48.21962891,0.005453118,146.3000081,12.9912494,1278,638,0.003494555,185.9596275,371920,167.3636613,0.00063882,419.8123169,619.5817871,0.366935492,0.658013046,1.398779392,2.508383989,F070600060901_38,105,070600060901
13491,454.5579719,3154.227274,393_35_1,1.599826097,0.77909416,233.728241,433.1763611,68,172.7093048,100,1151.395386,5.407412052,63.03314972,0.763512254,0.218146369,37.00615688,0.004184995,132.6987488,11.9245163,921,460,0.002519585,43.16885899,86337,38.85197372,0.000148296,406.437561,605.8856812,0.508104861,0.883559942,6.015865326,10.46118164,F070801030408_185,108,070801030408
13524,453.1792478,3148.583627,423_4_2,1.643969536,0.777700126,233.3100433,432.4012756,86,218.0358276,100,1453.572144,5.55661726,64.7723999,0.762146115,0.217756033,97.44067039,0.011019484,131.000323,11.79865042,2395,1198,0.006561877,93.54676193,187093,84.19208635,0.000321358,451.3458862,650.4371338,0.194749624,0.376749486,2.771163464,5.360906124,F070801030303_737,108,070801030303
13533,453.403335,3147.573972,594_1_1,1.640060663,0.7774508,233.2352448,432.2626343,86,217.9661102,100,1453.107422,5.543405056,64.61839294,0.761901796,0.217686221,36.14387989,0.004087481,130.9993134,11.79857922,897,449,0.002459334,11.92647833,23853,10.73383057,4.09706E-05,451.201355,650.2287598,0.519454896,1.00490284,21.72898483,42.03544617,F070802060804_247,108,070802060804
13542,452.8378088,3145.437175,590_20_2,1.641971469,0.776923001,233.0769043,431.9691772,72,182.3592377,100,1215.728271,5.549863338,64.69367218,0.761384547,0.217538446,21.60262105,0.002443022,130.9990692,11.79856205,525,262,0.001435068,15.95145893,31903,14.35631275,5.47974E-05,415.4361572,614.3284302,0.889606476,1.585634232,16.23515129,28.9375248,F070802060802_192,108,070802060802
13545,450.5018424,3144.924418,166_9_1,1.546388626,0.776796341,233.0389099,431.8987732,78,197.5235596,100,1316.82373,5.226793766,60.92771149,0.76126039,0.217502981,138.2603096,0.015635743,133.9143459,12.03047344,3075,1537,0.008418702,66.87531662,133751,60.1877861,0.000229734,430.5624695,629.4223633,0.15161933,0.280131727,3.871863842,7.153651714,F070802060406_122,108,070802060406
13546,454.8859373,3144.906206,583_8_1,1.687484622,0.776791811,233.0375366,431.8962402,68,172.1992035,100,1147.994629,5.703698158,66.4868927,0.76125598,0.2175017,125.7681225,0.014223012,140.6337111,11.42961515,2955,1476,0.008084583,78.18097442,156362,70.36287656,0.000268572,405.2367554,604.095459,0.157884508,0.274550647,3.311938763,5.759241104,F070801010301_147,108,070801010301
13548,455.0216498,3144.876752,456_10_2,1.564378977,0.776784539,233.0353546,431.8922119,70,177.2621002,100,1181.747314,5.287600994,61.63653183,0.761248827,0.217499673,104.1076233,0.011773444,139.5000114,12.46115732,2640,1320,0.007230115,62.17759848,124356,55.95983744,0.000213596,410.2974548,609.1542969,0.176541939,0.310831398,4.16433239,7.331998825,F070801030301_82,108,070801030301
13551,452.0890246,3144.18247,487_33_1,1.598221898,0.776613057,232.9839172,431.7968445,52,131.6513214,100,877.6754761,5.401989937,62.969944,0.761080801,0.217451662,133.8689178,0.015139124,132.416832,11.90362358,3362,1682,0.009212919,82.5780561,165155,74.32025037,0.000283677,364.6352539,563.4481812,0.138516009,0.216786712,3.134864569,4.906270504,F070802060502_339,108,070802060502
13587,450.4525603,3139.441544,185_1_2,1.772865653,0.775442064,232.6326141,431.1457825,78,197.1792908,100,1314.528564,5.992285728,69.85090637,0.759933233,0.217123777,85.60030085,0.009680467,133.1248245,9.794870639,2120,1060,0.005806001,111.2715109,222542,100.1443571,0.000382247,429.8118896,628.3250732,0.219464734,0.405482918,2.322972775,4.291923046,F070802060602_201,108,070802060602
13588,452.6932537,3139.217023,149_36_1,1.542291999,0.775386631,232.6159821,431.1149597,78,197.1652832,100,1314.435181,5.212946892,60.76630402,0.759878874,0.21710825,24.5588398,0.002777339,139.5008469,12.46121407,654,327,0.001791097,7.363157749,14726,6.626841784,2.52944E-05,429.78125,628.2802734,0.711363852,1.314315796,35.10208893,64.85461426,F070801030603_530,104,070801030603
13611,448.9317326,3134.147756,163_15_2,1.596237302,0.774134517,232.2403564,430.4187927,76,191.7995453,100,1278.663574,5.395282269,62.89175034,0.758651853,0.21675767,37.43136799,0.004233082,140.3490753,10.24538467,998,499,0.002733202,134.638289,269276,121.1744585,0.000462518,424.039917,622.2183228,0.465411544,0.849779367,1.916578412,3.49941659,F070801030407_367,108,070801030407
13615,450.7257855,3133.437252,499_9_2,1.614594579,0.773958981,232.1876984,430.3211975,78,196.8022919,100,1312.015259,5.45732975,63.61502457,0.758479774,0.216708511,42.9526825,0.004857483,130.9998525,11.79861705,1065,532,0.002913955,35.68314075,71367,32.11482763,0.000122581,428.9899902,627.1234741,0.436443031,0.806372166,7.229921818,13.35800362,F070802060704_478,108,070802060704
13618,448.4053044,3132.980139,587_5_1,1.663325429,0.77384609,232.1538239,430.2584229,70,176.5914001,100,1177.276001,5.622039795,65.53501892,0.758369148,0.216676906,45.64016522,0.005161408,133.1270332,9.79500072,1079,539,0.002952297,72.30436075,144609,65.073925,0.000248384,408.7452393,606.8498535,0.430712104,0.758339942,3.56753993,6.281244755,F070801010602_646,108,070801010602
13637,451.2220078,3130.729552,84_26_2,1.538875461,0.773290217,231.9870605,429.9493713,78,196.6320953,100,1310.880615,5.201398849,60.63169479,0.757824421,0.216521263,200.0000019,0.022617833,135.6225016,12.15223644,4824,2411,0.013205914,114.0262581,228053,102.6236322,0.00039171,428.6191406,626.5814819,0.096220262,0.177776501,2.260561705,4.176612377,F070801030406_361,104,070801030406
13660,448.4119886,3128.417937,487_36_2,1.589262247,0.772719204,231.8157654,429.6318665,55,138.5485535,100,923.6570435,5.371706486,62.61693192,0.757264793,0.216361374,200.0000011,0.022617833,133.1889087,11.49203373,4719,2358,0.012915614,157.3250128,314651,141.5925129,0.000540453,370.3643188,568.1804199,0.098310336,0.157067135,1.637203574,2.61570549,F070802060502_335,108,070802060502
13662,448.1343309,3128.028406,391_19_1,1.590646505,0.772623003,231.7868958,429.5783997,70,176.3124542,100,1175.416382,5.376385212,62.67147064,0.757170558,0.216334447,199.999998,0.022617833,136.8551676,11.55299803,5015,2508,0.013737218,57.58981156,115179,51.83083129,0.000197836,408.0993652,605.8908691,0.092419021,0.162719041,4.471988678,7.873679638,F070801030607_27,108,070801030607
13664,450.8475297,3127.623457,516_17_2,1.625809431,0.772522986,231.756897,429.5227661,78,196.4372253,100,1309.581543,5.49523592,64.0568924,0.757072508,0.216306433,35.2686851,0.003988506,144.599645,12.88052654,831,416,0.002278582,32.82165384,65643,29.53948832,0.000112751,428.1941223,625.9599609,0.557107925,1.029312849,7.845664024,14.49565125,F070802060603_427,108,070802060603
13687,446.9508376,3124.555357,583_9_2,1.627020836,0.771765172,231.5295563,429.1014404,68,171.0848083,100,1140.56543,5.499330521,64.10462189,0.756329894,0.216094255,35.49994922,0.00401466,126.2105179,11.55942082,678,339,0.001856825,28.2592535,56519,25.43332767,9.70779E-05,402.6143799,600.1862793,0.682978034,1.187653065,9.103392601,15.83018875,F070801010301_147,108,070801010301
13694,447.8421249,3123.286941,393_17_2,1.556935906,0.77145189,231.4355621,428.9272461,76,191.1348877,100,1274.232544,5.262443542,61.34327316,0.756022871,0.216006532,199.9999981,0.022617833,136.6663233,12.22941399,5126,2564,0.01404395,360.3333054,720667,324.2999754,0.001237839,422.5704346,620.0621338,0.090263478,0.164809063,0.713646531,1.303023338,F070801030408_208,108,070801030408
13723,447.2939311,3118.388959,540_20_2,1.50504458,0.770242095,231.0726318,428.2546082,37,92.90650177,100,619.376709,5.087050915,59.29875565,0.754837275,0.215667784,199.9999995,0.022617833,134.0910534,12.03362439,4948,2475,0.013556465,149.8216659,299642,134.8394968,0.000514677,323.979126,521.1611328,0.093362682,0.130900651,1.713686585,2.402702093,F070802060503_154,108,070802060503
13728,448.8377868,3117.694968,598_4_2,1.573991537,0.770070672,231.0211945,428.1593018,23,57.73989868,100,384.9326477,5.320091248,62.01526642,0.754669249,0.215619788,34.64984012,0.003918522,159.3335342,14.16393089,973,487,0.002667474,14.50771165,29015,13.05694091,4.98378E-05,288.7611084,485.8992004,0.474376172,0.592938602,17.69336319,22.1155262,F070802060804_364,108,070802060804
13755,447.1958155,3113.146156,166_9_2,1.546388626,0.768947124,230.6841431,427.5346069,78,195.5278778,100,1303.519165,5.226793766,60.92771149,0.753568172,0.215305194,103.4007751,0.011693507,132.213828,11.8885795,2406,1204,0.006594741,59.76415113,119529,53.78773642,0.000205305,426.2120361,623.0625,0.191598132,0.353996694,4.288786888,7.92396307,F070802060406_122,108,070802060406
13765,446.3857364,3112.474836,137_1_1,1.554457903,0.768781304,230.6343842,427.4424133,79,197.9919434,100,1319.946289,5.254067898,61.2456398,0.75340569,0.215258762,29.78415973,0.003368266,133.8331146,12.00857766,634,318,0.0017418,38.34634012,76692,34.51170535,0.00013173,428.6263428,625.4343262,0.725265384,1.347881556,6.682787418,12.41973782,F070802060602_98,108,070802060602
13775,447.3001001,3109.89839,489_2_2,1.55262506,0.768144906,230.4434662,427.088562,78,195.3238831,100,1302.15918,5.247872829,61.17342758,0.752781987,0.215080574,21.7371769,0.002458239,131.0005798,11.79866886,539,270,0.001478887,6.393521309,12787,5.754168987,2.19634E-05,425.767334,622.4124756,0.853494346,1.576916099,40.04808807,73.99284363,F070802060502_192,108,070802060502
13787,444.0619175,3108.21018,137_2_2,1.573562264,0.767727911,230.3183746,426.85672,79,197.7206573,100,1318.137695,5.318640232,61.99835205,0.752373338,0.214963809,20.55385879,0.002324419,135.2498169,12.11356306,537,268,0.001467932,34.2368232,68474,30.81314088,0.000117612,428.039032,624.5773926,0.859396935,1.597160578,7.474680424,13.89144421,F070802060602_97,108,070802060602
13800,447.3172499,3106.400134,540_13_1,1.531077266,0.767280817,230.1842499,426.6081238,76,190.1016693,100,1267.344482,5.175041199,60.32444382,0.751935184,0.214838624,44.91544116,0.00507945,136.6647085,9.467628807,1124,562,0.003078276,22.67669523,45354,20.40902591,7.79004E-05,420.2859192,616.7097778,0.409580529,0.747839689,11.2785511,20.59313965,F070802060503_164,108,070802060503
13802,445.8362167,3106.202973,84_23_2,1.546714544,0.76723212,230.169632,426.5810547,78,195.0915527,100,1300.610352,5.22789526,60.94055176,0.7518875,0.214824989,199.9999967,0.022617833,144.5997849,10.53789966,5179,2589,0.014180884,178.8745447,357750,160.987091,0.000614481,425.2611694,621.6726074,0.088902906,0.164256915,1.429739714,2.641585588,F070801030406_463,104,070801030406
13842,444.9548071,3100.396322,137_12_1,1.50585866,0.765797913,229.7393799,425.7836304,79,197.2234802,100,1314.823242,5.089802265,59.33082962,0.750481963,0.214423418,77.83415257,0.008802199,133.1248665,11.95609236,1863,931,0.005099422,73.69544169,147391,66.32589659,0.000253163,426.9628601,623.0070801,0.246766254,0.45860672,3.463796139,6.437347889,F070802060602_97,108,070802060602
13843,447.1573766,3099.823754,456_9_2,1.571231842,0.765656471,229.6969452,425.7049866,71,177.2186737,100,1181.457764,5.310763836,61.9065361,0.750343323,0.214383811,43.79367298,0.00495259,136.6666463,12.24030908,1066,534,0.00292491,31.1591685,62318,28.04325184,0.00010704,406.9156189,602.923645,0.430144101,0.76201427,8.190810204,14.51028633,F070801030301_85,108,070801030301
13903,443.4395489,3089.435327,658_24_2,1.544582963,0.763090551,228.9271698,424.2783508,78,194.0386963,100,1293.591309,5.22069025,60.85656738,0.747828722,0.213665351,137.2382658,0.015520161,134.3997101,12.05056477,3284,1641,0.008988347,46.49480557,92989,41.84532437,0.000159722,422.9658813,618.3170166,0.139504671,0.257748872,5.470794678,10.10784054,F070801030401_472,104,070801030401
13921,443.0139434,3085.720673,711_11_1,1.598522186,0.762172997,228.6519012,423.7681885,84,208.7134552,100,1391.423096,5.403005123,62.98177338,0.746929526,0.21340844,38.53002334,0.004357328,146.8661906,13.09122245,1096,549,0.00300707,26.55747265,53114,23.90172538,9.12319E-05,437.3653564,632.4816284,0.416487992,0.796658218,9.566334724,18.2984848,F070802060501_146,108,070802060501
13934,444.6152628,3083.227985,421_25_1,1.579444289,0.761557341,228.4672089,423.4258728,83,206.0621643,100,1373.747803,5.338521481,62.23010635,0.746326208,0.213236049,22.85271826,0.002584395,130.9989471,11.79855347,565,282,0.001544615,12.15576267,24312,10.9401865,4.17582E-05,434.5293579,629.4880371,0.810167432,1.540884256,20.88330078,39.71864319,F070801030605_7,108,070801030605
13940,443.6992266,3082.317483,490_4_2,1.597577691,0.761332393,228.3997192,423.3008118,86,213.4471283,100,1422.980835,5.399812698,62.944561,0.746105731,0.213173077,37.83802083,0.00427907,130.9945984,11.79824638,731,366,0.002004714,17.4779892,34956,15.7301898,6.00415E-05,441.8468628,636.7479248,0.624042928,1.207231879,14.51983261,28.08909988,F070802060502_363,108,070802060502
13944,441.967611,3081.412749,660_1_1,1.526922226,0.761108935,228.3326874,423.1765747,78,193.5347748,100,1290.231812,5.160996914,60.16073608,0.745886743,0.213110507,40.80501854,0.004614606,131.0035553,9.669102359,1011,506,0.002771544,14.22558111,28452,12.80302271,4.88686E-05,421.8674622,616.7113647,0.451250374,0.833730161,17.83428001,32.95061493,F070801030601_474,104,070801030601
13956,444.3395715,3079.762462,458_96_2,1.567216992,0.760701299,228.2103882,422.9499207,79,195.9110107,100,1306.073364,5.297193527,61.74834824,0.745487273,0.212996364,199.9999965,0.022617833,132.0624523,9.731887221,3195,1597,0.008747343,177.5580115,355115,159.8022119,0.000609958,424.1213989,618.8609619,0.142899424,0.265573829,1.42808032,2.654039621,F070802060801_72,108,070802060801
13963,442.2953777,3078.75719,84_17_1,1.564735293,0.760453045,228.13591,422.8118896,78,193.3681335,100,1289.12085,5.288805485,61.65056992,0.745243967,0.21292685,45.49295318,0.00514476,130.9988607,11.79854743,1128,564,0.003089231,32.60020693,65201,29.340186,0.00011199,421.5040283,616.1800537,0.404496282,0.747347593,7.775544167,14.36609936,F070801030406_416,104,070801030406
14000,442.4326155,3072.167148,456_9_1,1.571231842,0.758825302,227.647583,421.9068604,71,175.637619,100,1170.91748,5.310763836,61.9065361,0.743648767,0.212471083,82.2879566,0.009305876,140.4444275,12.5870533,2166,1083,0.00593198,53.14137852,106282,47.82724106,0.000182555,403.2852173,597.5444946,0.210200906,0.372377843,4.75978899,8.432124138,F070801030301_85,108,070801030301
14015,442.055589,3068.786873,487_25_1,1.599256516,0.75799036,227.39711,421.442627,78,192.7417908,100,1284.945313,5.405487061,63.01070786,0.742830575,0.212237298,50.41793307,0.005701722,138.3664246,12.39764137,1309,654,0.003582193,23.18531562,46370,20.8667837,7.96476E-05,420.138916,614.1844482,0.347701997,0.642414272,10.89756393,20.13434029,F070802060502_339,108,070802060502
14025,443.0378429,3066.368247,450_33_2,1.5566926,0.757392943,227.2178802,421.1104736,70,172.8370514,100,1152.24707,5.261620998,61.33368683,0.742245078,0.212070018,24.91797772,0.002817953,159.3339945,14.16397603,663,332,0.001818483,24.66531226,49331,22.19878083,8.47318E-05,400.0549316,593.9475098,0.684391201,1.204984784,10.23560143,18.02148247,F070801030301_151,108,070801030301
14043,440.3806125,3062.910671,60_7_2,1.492024183,0.756538928,226.9616852,420.6356506,76,187.4398041,100,1249.598633,5.043041706,58.78575134,0.741408169,0.211830899,200.0000023,0.022617834,133.1789739,11.18896691,4262,2131,0.011672253,70.0378801,140078,63.03409226,0.000240598,414.4014893,608.0754395,0.106504783,0.194463387,3.600617886,6.574244022,F070801030202_146,104,070801030202
14057,438.7886683,3060.060334,658_44_2,1.566648126,0.755834877,226.7504578,420.2442017,78,192.1936951,100,1281.29126,5.295270443,61.72593689,0.740718186,0.211633772,96.98405484,0.010967846,133.8329697,12.01211643,2408,1204,0.006594741,76.4864746,152973,68.8378258,0.000262751,418.9441528,612.4378662,0.188330948,0.347960263,3.293980598,6.085958481,F070801030401_476,104,070801030401
14075,433.2229882,3057.896738,487_10_2,1.668075681,0.755300522,226.5901489,419.9470825,78,192.0578156,100,1280.385498,5.638095856,65.72218323,0.740194499,0.211484149,66.96162367,0.007572634,138.3648071,12.39753342,1542,772,0.004228522,107.0036528,214008,96.30328608,0.000367586,418.6479492,612.0048828,0.293510556,0.542290092,2.352880716,4.347182274,F070802060502_329,108,070802060502
14089,436.9326433,3055.078957,601_16_2,1.675490618,0.754604518,226.3813629,419.5601196,67,164.820694,100,1098.804688,5.663158417,66.014328,0.739512444,0.211289272,137.2676685,0.015523486,136.6657206,7.791093588,2644,1323,0.007246547,348.9676242,697935,314.070858,0.001198795,391.2020569,584.3807983,0.171112135,0.295693159,0.720797122,1.245585322,F070801010602_444,108,070801010602
14121,435.4107994,3050.113567,576_2_2,1.549214005,0.753378034,226.0134125,418.8781738,69,169.4649048,100,1129.765991,5.236343384,61.03903198,0.738310456,0.210945845,28.43711092,0.003215929,136.6676025,12.2403911,705,353,0.001933508,50.12227598,100244,45.11004761,0.000172183,395.4783325,588.3430786,0.64026463,1.120335221,5.010267735,8.766967773,F070801010602_10,108,070801010602
14138,437.3814383,3046.732656,60_8_2,1.557187915,0.752542973,225.7628937,418.4138794,76,186.4500427,100,1243.000244,5.263295174,61.35320282,0.737492085,0.210712031,24.16302133,0.002732576,131.0003586,11.79865313,600,300,0.001643208,17.48159158,34963,15.73343277,6.00538E-05,412.2129517,604.8638916,0.752542973,1.374043226,14.34924603,26.19981003,F070801030202_256,104,070801030202
14142,439.4462907,3045.946041,152_3_2,1.527721405,0.752348661,225.7046051,418.3058472,86,210.9284668,100,1406.189819,5.163698196,60.1922226,0.737301707,0.210657626,24.760885,0.002800188,158.7642593,9.789022565,732,366,0.002004714,53.29789162,106596,47.96810246,0.000183092,436.6330566,629.234314,0.616679251,1.192986488,4.705306053,9.102570534,F070801030407_681,108,070801030407
14175,437.0142553,3038.422413,458_34_2,1.55481708,0.750490308,225.1470947,417.2726135,79,193.2812805,100,1288.54187,5.255281925,61.25979233,0.735480487,0.210137293,45.52726579,0.005148641,135.2503891,12.11360216,1113,556,0.003045412,108.3739262,216748,97.53652954,0.000372293,418.4283752,610.553894,0.404940814,0.75256902,2.30833602,4.28996563,F070802060801_74,108,070802060801
14192,434.0576357,3033.62753,458_81_1,1.435176492,0.749306023,224.7918091,416.6141357,79,192.9762573,100,1286.508423,4.850896358,56.54595566,0.734319925,0.209805682,60.41053343,0.006831777,133.1249619,11.95609856,1256,627,0.003434304,69.22001743,138440,62.29801488,0.000237789,417.7680664,609.5903931,0.358519644,0.66629678,3.60833025,6.705961227,F070802060801_74,108,070802060801
14209,436.143948,3028.850123,516_39_1,1.482117772,0.74812597,224.4377899,415.9580383,78,190.2330933,100,1268.220581,5.009558201,58.39543915,0.733163476,0.209475279,139.6834499,0.015796685,139.6712616,12.47456236,3558,1781,0.009755177,272.6668203,545332,245.4001387,0.000936682,414.6708984,606.1911621,0.126017854,0.232830375,0.914578915,1.689774513,F070802060603_424,108,070802060603
14210,435.9048299,3028.463954,516_12_1,1.527839422,0.748030603,224.4091797,415.9050293,79,192.6477509,100,1284.318359,5.164097309,60.19687271,0.733070016,0.209448576,91.13860941,0.010306789,139.498941,12.45455952,2417,1209,0.006622128,71.34029841,142681,64.20626891,0.000245073,417.0569458,608.5527954,0.18561554,0.344960243,3.49512887,6.49557972,F070802060603_467,108,070802060603
14213,435.21322,3028.006629,450_20_1,1.53986454,0.747917652,224.3752899,415.8422241,70,170.6748047,100,1137.832031,5.204741955,60.67066193,0.73295927,0.209416941,78.44083388,0.008870809,132.4166082,11.9036053,1948,973,0.005329471,65.06193571,130124,58.55574288,0.000223505,395.0501099,586.5170288,0.230601534,0.406012446,3.831823826,6.746564865,F070801030301_294,108,070801030301
14240,434.6167925,3024.035435,489_38_1,1.560153246,0.746936738,224.0810242,415.296814,78,189.930954,100,1266.206299,5.273317814,61.47003937,0.731998026,0.209142283,110.6570039,0.012514108,137.0459171,12.27350542,2763,1382,0.007569711,78.07943845,156160,70.27149563,0.000268223,414.0119629,605.2277832,0.16214256,0.299574494,3.188789845,5.891605854,F070802060502_498,108,070802060502
14284,453.1119304,3012.66779,549_15_1,1.656518579,0.744128942,223.238678,413.7356873,68,164.9583282,100,1099.722168,5.599032879,65.26683044,0.729246378,0.208356097,24.54560466,0.002775842,140.0692393,12.55046876,548,274,0.001500797,39.6648885,79329,35.69839923,0.000136259,388.1970215,578.6940308,0.814739704,1.416777492,6.253464699,10.87435341,F070801010301_372,108,070801010301
14306,432.8535317,3008.677684,388_3_1,1.553603411,0.74314338,222.9430084,413.1877136,86,208.3473206,100,1388.982178,5.251179695,61.2119751,0.728280485,0.208080143,22.40635872,0.002533916,130.9993744,11.79858303,556,278,0.001522706,15.21750355,30435,13.6957531,5.22761E-05,431.2903442,621.5350342,0.801953256,1.551404119,16.27825928,31.49080849,F070802060601_70,108,070802060601
14344,420.8039339,2998.638239,137_11_2,1.588214278,0.740663648,222.1990967,411.8089905,78,188.3356781,100,1255.571167,5.368164063,62.57564163,0.725850403,0.207385823,22.52479437,0.00254731,140.0669098,12.5503149,533,267,0.001462455,51.8062263,103613,46.62560167,0.000177968,410.53479,600.1446533,0.832206368,1.53758347,4.765602589,8.804922104,F070802060602_402,108,070802060602
14349,432.3691234,2998.28769,60_20_2,1.507026076,0.740577042,222.173111,411.7608337,76,183.4853668,100,1223.23584,5.093748093,59.37682724,0.725765526,0.207361579,69.90079935,0.007905023,131,11.79862738,1735,868,0.004754348,35.75799741,71517,32.18219819,0.000122838,405.6584778,595.2462158,0.255959809,0.467348486,6.9036026,12.60505772,F070801030202_367,104,070801030202
14353,432.3333465,2997.91211,44_11_1,1.503822207,0.740484297,222.1452942,411.709259,73,176.2203064,100,1174.802002,5.082919121,59.25059509,0.725674629,0.207335606,74.87646972,0.008467718,145.1669388,9.037529111,2053,1026,0.005619771,58.26437092,116528,52.43793297,0.000200153,398.3656006,587.9295654,0.216515884,0.388270557,4.236347198,7.596897602,F070801030401_458,104,070801030401
14363,431.2619958,2996.206112,60_47_2,1.491883755,0.740062892,222.0188751,411.4749756,76,183.3579865,100,1222.386597,5.042567253,58.78022003,0.725261629,0.207217604,199.9999967,0.022617833,131.0002463,11.79864475,4961,2480,0.013583852,121.2558293,242511,109.1302471,0.000416545,405.3768616,594.8329468,0.08952374,0.163458407,2.034439325,3.714615107,F070801030202_256,104,070801030202
14396,432.2115618,2990.318807,458_96_1,1.567216992,0.738608718,221.5826111,410.6664429,79,190.2211914,100,1268.141235,5.297193527,61.74834824,0.723836541,0.206810445,144.8310585,0.016378824,138.6509171,12.39500411,3621,1810,0.009914021,147.8953439,295789,133.1058084,0.000508059,411.8038025,600.8876343,0.122421332,0.227515906,1.664710283,3.093807936,F070802060801_73,108,070802060801
14427,430.0590903,2981.29937,60_3_2,1.499881983,0.736380935,220.9142761,409.4277954,76,182.4457397,100,1216.304932,5.069601059,59.09534836,0.721653342,0.206186667,45.03366494,0.00509282,143.2784831,9.838768333,970,484,0.002651042,27.42327286,54846,24.68094634,9.42061E-05,403.3600159,591.8735352,0.456434458,0.833388448,8.950802803,16.3429718,F070801030202_360,104,070801030202
14430,429.2611788,2980.743635,110_15_2,1.482170105,0.736243665,220.8730927,409.3514709,78,187.2120361,100,1248.0802,5.009735107,58.3975029,0.721518815,0.206148222,21.10003997,0.002386186,137.612498,12.29337215,557,278,0.001522706,49.18541908,98371,44.26687622,0.000168965,408.085144,596.5634766,0.794507504,1.467932224,4.989579201,9.218747139,F070802060301_94,108,070802060301
14512,425.3922415,2958.721763,60_13_2,1.453355432,0.730804265,219.241272,406.327179,78,185.82901,100,1238.860107,4.912341595,57.26220322,0.716188192,0.204625189,199.9999994,0.022617833,134.237987,12.04263169,4271,2135,0.011694163,91.65050737,183301,82.48545599,0.000314843,405.070282,592.156189,0.102689117,0.189728469,2.65793848,4.910808563,F070801030202_409,104,070801030202
14514,427.6224458,2957.567421,166_32_2,1.512101054,0.730519176,219.1557465,406.1686707,77,183.3749084,100,1222.49939,5.110901356,59.57678223,0.715908766,0.204545364,36.10794133,0.004083417,140.0663605,12.55026913,937,470,0.002574359,19.72663542,39453,17.75397231,6.77662E-05,402.5306396,589.5435791,0.466288835,0.856448174,12.34403992,22.67270851,F070802060406_146,108,070802060406
14520,426.3245296,2956.162935,658_19_1,1.521529198,0.730172217,219.0516663,405.9757385,78,185.6682129,100,1237.788086,5.14276886,59.94824982,0.715568781,0.204448223,41.68569565,0.004714201,135.2503052,12.11359882,1060,530,0.002903001,28.418787,56837,25.57690811,9.7626E-05,404.7198792,591.6439209,0.413305044,0.763622403,8.56443119,15.82364368,F070801030401_513,104,070801030401
14549,425.9950695,2948.700486,450_25_2,1.48778522,0.728329003,218.498703,404.9509277,70,166.2046661,100,1108.031128,5.02871418,58.61873627,0.713762403,0.203932121,109.1905257,0.012348266,158.6250153,14.09565997,2876,1437,0.007870966,110.5200841,221041,99.46807472,0.000379665,384.7033691,571.1555786,0.152051985,0.267712861,2.196671724,3.867606401,F070801030301_434,108,070801030301
14550,426.2460537,2947.924155,411_5_2,1.594827771,0.728137255,218.4411774,404.8442993,63,149.5447998,100,996.965332,5.390517712,62.83621597,0.713574529,0.203878433,25.42868021,0.002875708,140.9162903,8.743712227,200,100,0.000547736,6.877038062,13754,6.189334445,2.36244E-05,367.9859619,554.3890991,2.184411764,3.679859638,35.29315948,59.45485306,F070802060602_260,108,070802060602
14591,425.3831487,2935.379883,44_11_2,1.503822207,0.725038826,217.5116425,403.121582,73,172.5447388,100,1150.298218,5.082919121,59.25059509,0.71053803,0.203010872,162.9955007,0.018433025,145.167244,11.29112739,3971,1986,0.010878036,231.6903573,463381,208.5213242,0.000795917,390.0563965,575.6663208,0.109522477,0.196403027,1.043114662,1.870582819,F070801030401_458,104,070801030401
14610,423.2862483,2931.579432,388_8_1,1.468358397,0.724100113,217.2300415,402.5996704,91,214.8107605,100,1432.071777,4.963051319,57.85332108,0.709618092,0.20274803,51.53667259,0.005828239,139.4986165,12.495917,1288,645,0.003532897,32.28127527,64562,29.05314827,0.000110895,432.040802,617.4104004,0.33679077,0.66983068,7.476987839,14.8707056,F070802060601_330,108,070802060601
14643,421.5116988,2920.737549,450_16_1,1.458553314,0.721422195,216.4266663,401.1107483,70,164.62854,100,1097.52356,4.929910183,57.46699905,0.706993759,0.201998219,53.34210786,0.006032415,136.3119354,12.20858312,1328,662,0.003626012,31.7109111,63421,28.53981906,0.000108935,381.0552063,565.7392578,0.326928496,0.575612068,7.583323002,13.35170364,F070801030301_635,108,070801030301
14656,419.4418744,2914.935432,458_88_2,1.478785753,0.719989061,215.9967194,400.3139038,80,187.7730255,100,1251.82019,4.998295784,58.26416016,0.705589294,0.201596931,29.51616287,0.003337958,139.4996796,12.42849922,771,386,0.002114261,80.96575165,161932,72.86917877,0.000278139,403.7697449,588.0869141,0.559576988,1.046035647,2.964171171,5.541022301,F070802060801_74,108,070802060801
14660,418.720417,2912.45953,566_6_1,1.477844477,0.719377518,215.8132629,399.9739075,81,189.9588318,100,1266.392212,4.995114326,58.22707367,0.70498997,0.201425701,27.73342228,0.00313635,141.1999435,12.6100831,765,383,0.002097829,20.98382521,41967,18.88544297,7.20849E-05,405.7720947,589.9327393,0.563481092,1.059457183,11.4274931,21.48597145,F070802060503_256,108,070802060503
14672,420.83524,2909.245348,388_12_1,1.484806776,0.718583584,215.5750732,399.5324707,78,182.7214355,100,1218.142944,5.018646717,58.50138855,0.704211891,0.201203406,69.30219382,0.007837327,141.6240273,12.6528666,1702,851,0.004661233,44.12188363,88245,39.70969582,0.00015157,398.2965088,582.2539063,0.25331971,0.468033493,5.428776741,10.03020763,F070802060601_330,108,070802060601
14679,420.6347441,2906.462548,516_15_1,1.508649588,0.717896223,215.368866,399.1502991,78,182.5466614,100,1216.977783,5.099235535,59.44079208,0.703538299,0.201010942,61.01492786,0.006900127,138.2271996,12.36198974,1616,808,0.004425707,77.15938473,154319,69.44344616,0.000265063,397.9155273,581.6969604,0.266545624,0.492469698,3.101356268,5.730065823,F070802060603_427,108,070802060603
14691,418.2014869,2904.211161,602_41_2,1.466282248,0.717340171,215.2020569,398.8411255,5,11.69264507,100,77.95096588,4.956034184,57.77151871,0.702993393,0.200855255,35.846246,0.004053822,130.9969711,11.79841375,875,437,0.002393606,19.97065067,39941,17.97358608,6.86044E-05,226.8946991,410.533783,0.492453218,0.519209862,11.9732399,12.62378597,F070801010602_539,108,070801010602
14727,416.8424617,2889.228357,185_6_1,1.52150023,0.713639379,214.0918121,396.7835083,78,181.4642181,100,1209.761475,5.142670631,59.94710922,0.69936657,0.199819028,75.91016185,0.008584617,132.6998596,11.92459583,1647,824,0.004513344,33.22733426,66454,29.90460145,0.000114145,395.5560303,578.2477417,0.259820163,0.480043739,7.15915966,13.22726345,F070802060602_148,108,070802060602
14733,416.0162375,2886.098861,149_35_1,1.429074168,0.712866426,213.8599243,396.3537292,76,176.6197815,100,1177.46521,4.830270767,56.30552292,0.698609114,0.199602604,199.9999998,0.022617833,138.5167328,11.68306025,4866,2432,0.013320938,67.42427409,134848,60.68184568,0.00023162,390.4797058,572.9735107,0.087935828,0.160559088,3.52428174,6.434868813,F070801030603_791,104,070801030603
14754,417.1437584,2879.77799,152_3_1,1.527721405,0.711305141,213.3915405,395.4856567,85,197.1025238,100,1314.016846,5.163698196,60.1922226,0.697079062,0.199165434,22.45267008,0.002539154,158.766777,9.789186915,663,331,0.001813006,78.98017341,157961,71.08215529,0.000271318,410.4940796,592.5881958,0.644687414,1.240163326,3.002040863,5.774924278,F070801030407_681,108,070801030407
14758,414.4544279,2876.823567,458_66_2,1.416248322,0.710575402,213.1726227,395.0799255,78,180.6851196,100,1204.567505,4.786919117,55.80018234,0.696363866,0.198961109,30.43144798,0.003441467,139.5008011,12.46122074,819,409,0.00224024,66.3067131,132613,59.67604065,0.000227781,393.8577271,575.7650146,0.521204472,0.96297735,3.572164297,6.599930763,F070802060801_272,108,070802060801
14770,414.1279575,2873.295168,516_6_2,1.475583315,0.709703922,212.9111786,394.5953674,79,185.2942657,100,1235.295166,4.987471581,58.13798141,0.695509851,0.198717102,91.94100569,0.010397532,132.5441908,11.91306582,2183,1092,0.005981277,74.1194286,148239,66.70748527,0.00025462,398.2054443,579.8896484,0.194973603,0.364657015,3.191713572,5.969426632,F070802060603_452,108,070802060603
14777,415.4626624,2869.723248,579_1_1,1.45887661,0.708821654,212.6464996,394.1048279,86,198.725235,100,1324.834961,4.931003094,57.47974014,0.694645226,0.198470056,174.7316275,0.019760254,134.4009674,12.0637104,4025,2012,0.011020447,135.5874365,271175,122.0286926,0.000465778,411.3717346,592.8300781,0.105689116,0.204459116,1.742594242,3.371106625,F070802060802_142,108,070802060802
14784,413.4427695,2867.740722,450_38_1,1.41978395,0.708331943,212.499588,393.83255,70,161.9624329,100,1079.749512,4.79886961,55.93948746,0.694165289,0.19833295,200.0000002,0.022617833,139.783168,12.49564991,5112,2554,0.013989176,113.3264081,226654,101.9937642,0.000389306,374.4620361,555.7949829,0.08320266,0.146617875,2.083456755,3.671420813,F070801030301_635,108,070801030301
14785,416.207671,2867.525463,84_12_2,1.547859788,0.708278775,212.4836273,393.803009,78,180.10112,100,1200.674072,5.231766224,60.98567581,0.694113195,0.198318064,32.01421356,0.003620461,148.0012054,13.12379646,883,442,0.002420993,5.764451504,11529,5.188006401,1.98024E-05,392.5847473,573.9041138,0.480732203,0.88820076,40.95669937,75.67160034,F070801030406_361,104,070801030406
14789,415.4309072,2864.585848,504_19_1,1.457614899,0.707552731,212.2658234,393.3993225,83,191.4492645,100,1276.328369,4.926738262,57.43002701,0.693401694,0.198114768,44.61197006,0.00504513,146.6779277,13.04495843,1183,590,0.003231642,18.72323921,37446,16.85091515,6.43192E-05,403.7150879,584.8485718,0.359772593,0.684262872,12.59669399,23.95805168,F070802060501_89,108,070802060501
14790,413.9810761,2864.572037,406_19_2,1.424023747,0.707549274,212.2647858,393.3973999,79,182.2221527,100,1214.814331,4.813200474,56.10653687,0.693398297,0.198113799,20.8879252,0.002362198,149.1330668,13.22294744,579,290,0.001588434,22.50847197,45017,20.25762401,7.73225E-05,394.4869385,575.6195679,0.731947541,1.360299826,10.47826672,19.47350502,F070801030603_297,108,070801030603
14799,411.9005099,2860.575242,566_16_2,1.462028027,0.706562102,211.9686279,392.8485413,81,186.5745087,100,1243.830078,4.941654682,57.60390472,0.692430854,0.197837383,63.75135076,0.007209587,134.9664917,12.10823154,1640,822,0.00450239,51.74771321,103496,46.57294279,0.000177767,398.5431519,579.4230347,0.257869363,0.484845698,4.551325798,8.557396889,F070802060503_256,108,070802060503
14805,413.9374294,2859.67963,397_8_2,1.440105557,0.706340849,211.9022522,392.7255249,37,85.19879913,100,567.9920044,4.867556572,56.74015808,0.692214012,0.197775438,33.28509186,0.003764183,147.2444814,10.08697876,882,441,0.002415516,23.64709714,47293,21.28238744,8.1234E-05,297.1010437,477.9243164,0.480503976,0.673698485,9.956695557,13.95994949,F070802060602_60,108,070802060602
14808,418.4876919,2858.157017,397_6_1,1.455176473,0.705964804,211.789444,392.5164185,80,184.1156006,100,1227.437378,4.918496609,57.33395386,0.691845536,0.197670147,79.76062036,0.009020062,143.4652049,12.78117275,2217,1108,0.006068914,88.83626336,177673,79.95263857,0.000305176,395.9050293,576.632019,0.191145703,0.357315004,2.648936272,4.951744556,F070802060602_161,108,070802060602
14819,412.3020651,2852.316073,520_2_2,1.388634443,0.704522073,211.3566284,391.7142639,83,190.6291199,100,1270.86084,4.693584442,54.71219635,0.690431654,0.197266176,36.44589281,0.004121636,136.6629842,12.24003029,916,459,0.002514108,36.59916592,73198,32.93924856,0.000125728,401.9857483,582.3433838,0.460471958,0.875785947,6.416558743,12.20385265,F070801010301_520,108,070801010301
14829,416.0193951,2846.957195,686_15_1,1.515201926,0.703198433,210.9595337,390.9783325,70,160.4695129,100,1069.796753,5.121382713,59.69895554,0.689134479,0.196895555,49.51526064,0.00559964,143.4667409,12.78129896,1223,611,0.003346667,74.82594926,149652,67.34335291,0.000257047,371.4290466,551.447876,0.345269293,0.60790354,3.132596254,5.515452385,F070801030408_113,108,070801030408
14830,412.5683544,2845.601356,406_24_1,1.513950706,0.702863514,210.8590546,390.7921143,73,167.2669067,100,1115.112671,5.117153168,59.6496582,0.688806236,0.196801782,85.61556272,0.009682193,131.0006943,5.409470582,398,199,0.001089995,19.28438449,38569,17.35594559,6.62469E-05,378.1259766,558.059021,1.059593201,1.90013051,12.14909649,21.78653908,F070801030603_139,108,070801030603
14846,411.5682148,2838.783968,658_12_2,1.492339373,0.701179624,210.3538818,389.8558655,78,178.2960358,100,1188.640259,5.04410696,58.798172,0.687156022,0.196330294,200.0000001,0.022617833,134.1878071,12.03486121,4711,2356,0.012904659,204.5448667,409090,184.0903788,0.000702665,388.6499023,568.1519165,0.089284331,0.164961755,1.14266634,2.111190796,F070801030401_513,104,070801030401
14853,411.8560186,2836.05745,516_50_2,1.437631726,0.70050621,210.1518555,389.4814453,78,178.124588,100,1187.497314,4.859195232,56.64268875,0.686496079,0.196141735,199.9999995,0.022617833,135.8378167,11.39798991,4722,2358,0.012915614,129.0916272,258183,116.1824649,0.000443464,388.2764282,567.6060181,0.089122921,0.164663449,1.808808684,3.341953754,F070802060603_427,108,070802060603
14863,411.0984335,2831.525195,516_50_1,1.437631726,0.699386716,209.8160095,388.8590088,78,177.8400269,100,1185.60022,4.859195232,56.64268875,0.685398996,0.195828274,43.3717181,0.004904871,142.4760208,12.6931746,1204,602,0.00329737,62.63787689,125275,56.37409025,0.000215177,387.6560364,566.6990356,0.348531574,0.643946886,3.721851826,6.876492977,F070802060603_427,108,070802060603
14885,408.4703307,2821.694717,531_3_1,1.517516494,0.696958601,209.0875854,387.5089722,73,165.8620148,100,1105.746826,5.129205704,59.79014969,0.6830194,0.195148408,22.12577629,0.002502186,135.2508545,12.11363697,561,281,0.001539138,28.04557848,56091,25.2410202,9.63439E-05,374.949585,553.3709717,0.744083941,1.334340215,8.283642769,14.85477161,F070802060502_14,108,070802060502
14888,409.5761746,2820.230929,443_9_1,1.520538688,0.69659704,208.9791107,387.3079529,78,177.1303406,100,1180.868896,5.139420986,59.90922546,0.68266511,0.19504717,38.32941952,0.004334642,150.2653605,13.32213561,1060,531,0.002908478,71.51877484,143037,64.3668989,0.000245686,386.109436,564.4382935,0.393557638,0.727136433,3.246685982,5.998571396,F070801030303_742,108,070801030303
14892,410.7535303,2817.419943,149_7_1,1.48358655,0.695902705,208.770813,386.9219055,78,176.9541473,100,1179.694336,5.014522552,58.45331192,0.681984663,0.194852754,96.68288398,0.010933787,143.4652328,12.789289,2654,1327,0.007268456,23.08995366,46180,20.78095841,7.932E-05,385.7249756,563.8760376,0.157325402,0.290674448,10.04625511,18.5614624,F070801030603_791,104,070801030603
14906,406.8153801,2811.698882,399_11_1,1.399053097,0.694489598,208.3468781,386.1362305,92,208.2913208,100,1388.608765,4.728799343,55.12269211,0.680599809,0.194457084,25.4360889,0.002876546,130.9996643,11.79860401,631,316,0.001730846,18.67508391,37350,16.80757551,6.41538E-05,416.6381836,594.4275513,0.65932554,1.318475246,12.3960104,24.78871346,F070802060601_133,108,070802060601
14939,403.3478771,2794.120984,450_19_2,1.373291135,0.690147877,207.0443573,383.722229,70,157.491745,100,1049.944946,4.64172411,54.10766983,0.676344931,0.193241403,200.0000003,0.022617833,145.8152139,13.01830142,5199,2599,0.014235657,187.4548323,374908,168.7093501,0.000643956,364.5361023,541.2139893,0.079663083,0.140260145,1.227225184,2.160734415,F070801030301_151,108,070801030301
14951,404.8242344,2788.060287,60_7_1,1.492024183,0.688650906,206.5952759,382.8898926,76,170.6201324,100,1137.467529,5.043041706,58.78575134,0.674877882,0.192822248,58.8134165,0.00665116,140.9165421,12.54058838,1510,754,0.004129929,17.71175468,35424,15.94057901,6.08445E-05,377.2153931,553.5100098,0.273999035,0.500285685,12.96033669,23.66384506,F070801030202_146,104,070801030202
14958,405.0579023,2784.639172,504_21_2,1.406157613,0.687805891,206.3417664,382.4200745,78,174.8952789,100,1165.968506,4.752812862,55.40261078,0.674049795,0.192585647,22.01045957,0.002489145,140.9168091,12.54060984,575,288,0.00157748,13.04773599,26095,11.74296191,4.48224E-05,381.2370605,557.3153687,0.71646446,1.323739767,17.57152557,32.46515274,F070802060501_475,108,070802060501
14967,400.8051683,2776.681772,399_11_2,1.399053097,0.685840368,205.7521057,381.32724,92,205.6972504,100,1371.314941,4.728799343,55.12269211,0.672123551,0.192035303,77.68941545,0.008785831,133.1255875,11.95614433,1889,944,0.005170627,66.39816666,132796,59.7583499,0.000228095,411.4493408,587.0244751,0.217957735,0.435857356,3.443068743,6.885219097,F070802060601_133,108,070802060601
14974,400.4857348,2769.796627,84_24_1,1.419365287,0.684139788,205.2419434,380.3817139,78,173.963089,100,1159.753906,4.797454834,55.92299271,0.670457006,0.191559136,36.13214874,0.004086155,130.9997559,11.79861069,896,448,0.002453857,27.64260292,55285,24.87834167,9.49596E-05,379.2050171,554.3447876,0.458129346,0.846439779,8.249824524,15.24237537,F070801030406_416,104,070801030406
15021,399.1704941,2734.288092,450_34_1,1.422742963,0.675369143,202.6107483,375.505249,70,154.1193085,100,1027.462036,4.808871269,56.05607224,0.661861777,0.189103365,27.33338976,0.00309111,159.3330383,14.16388226,814,407,0.002229285,23.5091939,47018,21.15827465,8.07602E-05,356.7300415,529.6245728,0.497815102,0.876486599,9.575958252,16.86007309,F070801030301_434,108,070801030301
15045,394.0366688,2712.080735,450_7_1,1.421802282,0.669883966,200.9651947,372.4554749,70,152.8674164,100,1019.116089,4.805691719,56.01900864,0.656486273,0.187567517,200.0000012,0.022617833,146.0168533,13.04427481,5349,2677,0.014662892,110.9455819,221893,99.85102308,0.000381127,353.8326111,525.322876,0.075071044,0.132175058,2.012650251,3.543605328,F070801030301_151,108,070801030301
15080,387.7490355,2670.307762,164_4_1,1.335139632,0.659566045,197.869812,366.7187195,77,165.56427,100,1103.761841,4.512772083,52.60449982,0.646374702,0.184678495,37.69593727,0.004263002,147.4310201,13.09032567,1063,532,0.002913955,47.91220795,95825,43.12098906,0.000164591,363.434082,532.282959,0.371935725,0.683146775,4.588712215,8.428240776,F070801030407_62,108,070801030407
15105,382.5637649,2640.181062,164_4_2,1.335139632,0.652124703,195.6374054,362.5813293,77,163.6961212,100,1091.307495,4.512772083,52.60449982,0.639082193,0.18259491,37.38387997,0.004227712,147.3215485,13.09708881,1012,506,0.002771544,62.17887408,124357,55.96098609,0.000213601,359.3335266,526.2774658,0.386635184,0.710145295,3.495960712,6.421143532,F070801030407_62,108,070801030407
15108,383.6196804,2631.443883,110_23_2,1.330800414,0.649966657,194.9899902,361.3814697,58,122.8954697,100,819.3031006,4.498105526,52.43353653,0.636967301,0.181990668,169.5650539,0.019175971,139.1453629,10.00714554,4092,2046,0.011206678,217.3055331,434611,195.574982,0.000746501,317.8854675,484.276947,0.095303029,0.155369237,0.99700886,1.625389218,F070802060301_210,108,070802060301
15113,381.4251011,2624.466863,588_1_2,1.299943209,0.648243308,194.4729919,360.4232788,7,14.79289913,100,98.61932373,4.393807888,51.21776199,0.635278463,0.181508124,199.9999983,0.022617833,136.4641854,12.2175419,5139,2569,0.014071337,239.6666265,479332,215.6999654,0.000823318,209.2658844,375.2161865,0.075699881,0.081458107,0.901590288,0.970171154,F070801010602_457,108,070801010602
15125,378.6598943,2609.067922,110_3_2,1.285939932,0.644439757,193.3319244,358.3085022,78,163.8679504,100,1092.453003,4.346477032,50.6660347,0.631550968,0.180443138,32.9849968,0.003730246,142.3330078,12.65264797,878,439,0.002404561,62.68685913,125374,56.41817474,0.000215346,357.1998901,522.1764526,0.44039163,0.813667178,3.426766634,6.331291199,F070802060301_94,108,070802060301
15140,381.4625942,2590.187881,95_22_2,1.358760834,0.639776409,191.9329224,355.7156982,78,162.6823425,100,1084.54895,4.59261179,53.53517532,0.626980901,0.179137394,200.0000024,0.022617834,133.2040558,11.96353637,4755,2377,0.013019684,83.53066034,167060,75.17759421,0.00028695,354.6152649,518.3980713,0.080745868,0.14918606,2.553060293,4.717033863,F070801030602_43,104,070801030602
15199,349.7905558,2442.82272,399_17_1,1.227823019,0.603377223,181.0131683,335.4777222,92,180.9648895,100,1206.432617,4.15004158,48.37622833,0.591309667,0.168945625,48.03829622,0.005432611,130.9992104,11.79857206,1192,596,0.003264506,50.26075375,100522,45.23467755,0.000172659,361.9780579,516.442627,0.303713381,0.60734576,4.001646042,8.002224922,F070802060601_133,108,070802060601
15210,355.8126271,2416.916536,395_13_2,1.276649117,0.596978366,179.0935059,331.9199829,70,136.230423,100,908.2028198,4.315073967,50.29997635,0.585038781,0.16715394,79.85385503,0.009030606,139.4998817,12.46115351,1856,929,0.005088467,19.8916423,39785,17.90247757,6.8333E-05,315.3239136,468.1503906,0.192780957,0.339422941,10.00383949,17.61342239,F070801030605_212,108,070801030605
15219,347.155572,2367.630906,588_14_2,1.210790873,0.584804833,175.441452,325.1514893,5,9.532319069,100,63.54879379,4.09247303,47.70516205,0.573108733,0.163745359,64.07433319,0.007246113,144.222229,12.80968348,1720,860,0.004710529,132.1746578,264349,118.9571924,0.000454055,184.9737701,334.6838074,0.204001695,0.215085775,1.474828482,1.554960847,F070801010602_638,108,070801010602
15238,339.0411421,2312.354489,164_6_2,1.082077146,0.571151555,171.345459,317.5602722,77,143.3704529,100,955.8030396,3.657420635,42.63383865,0.559728503,0.159922436,50.87527168,0.005753442,143.4648692,12.75938257,1355,678,0.00371365,71.99787281,143996,64.7980848,0.000247332,314.7159119,460.9307251,0.252721906,0.464182764,2.644298315,4.856870651,F070801030407_62,108,070801030407
15261,295.0841679,2091.988713,399_17_2,1.227823019,0.516721189,155.0163574,287.2969666,92,154.9750214,100,1033.166748,4.15004158,48.37622833,0.506386757,0.144681931,31.88844109,0.003606237,130.9994278,11.79858732,791,396,0.002169034,27.12850308,54257,24.41565287,9.31935E-05,309.991394,442.2719727,0.391455442,0.782806575,6.349056244,12.69642067,F070802060601_133,108,070802060601
15263,309.4920725,2078.675157,185_12_2,1.007166028,0.513432741,154.0298157,285.4685974,63,105.4487305,100,702.9915161,3.404221058,39.68234253,0.503164113,0.143761173,51.43799281,0.00581708,131.0004272,9.136493295,769,384,0.002103306,16.09317946,32187,14.48386145,5.52843E-05,259.4785461,390.9173279,0.401119322,0.6757254,10.63458252,17.91501236,F070802060602_76,108,070802060602
15267,293.5302191,1971.063095,185_12_1,1.007166028,0.486852586,146.0557709,270.690033,63,99.98978424,100,666.5985718,3.404221058,39.68234253,0.477115542,0.136318728,22.38718119,0.002531748,130.9985886,8.24901847,545,272,0.001489842,20.58585595,41171,18.52726997,7.07178E-05,246.0455627,370.6798096,0.536969721,0.904579282,7.883285999,13.28018475,F070802060602_76,108,070802060602
