OBJECTID,Shape_Length,Shape_Area,riparianid,bioAc,opAcres,DirectCost,DirectCost_CP,meanPIdx,OpportunityCost,bioBuffWidth,adjOCosts,bioYield,energyPot,CO2red,N2Ored,SUM_cropAcres,SUM_pctWScropAcres,MEAN_Nrate,MEAN_NO3conc,SUM_cpNO3load,SUM_cpNO3LoadReduced,SUM_cpWSNO3LoadPct,SUM_cpSEDload,SUM_cpSEDloadlbs,SUM_cpSEDLoadReduced,SUM_cpWSSEDLoadPct,TotalCost,TotalCost_CP,DCredNO3,TCredNO3,DCredSED,TCredSED,MLRA,HUC12,FBndID,radial
1,855.2809608,6171.036551,703_9_1,3.062494755,1.524245977,227.1126556,740.7835693,78,387.5852661,100,2583.901855,10.35123253,120.6622925,1.493761063,0.426788867,183.0088793,0.020696322,145.8141588,12.98754624,4852,2426,0.013288074,54.7492688,109500,49.27434188,0.000188078,614.697937,1128.368896,0.093616098,0.253379196,4.609146595,12.47501087,108,070801030303,F070801030303_219,8
2,807.1319431,6137.444715,703_11_2,3.050509453,1.515948892,225.8763885,736.7511597,78,385.4752502,100,2569.834961,10.31072235,120.1900711,1.485629916,0.424465686,199.9999964,0.022617833,141.8800598,12.65848346,5251,2625,0.014378069,191.2077441,382415,172.0869704,0.000656849,611.3516235,1122.22644,0.086048149,0.232895851,1.312571168,3.552573681,108,070801030303,F070801030303_218,8
3,828.0783226,6015.823596,845_9_1,3.047483683,1.485908389,221.4003448,722.1514893,92,445.6536865,100,2971.024658,10.30049515,120.0708542,1.456190228,0.416054338,45.6102103,0.005158021,135.2492905,12.1298511,1133,566,0.003100186,46.49572212,92992,41.84614897,0.000159725,667.0540161,1167.805176,0.391166687,1.178540707,5.290817738,15.94063091,108,070802060302,F070802060302_241,32
4,813.8632618,5846.469555,504_1_1,2.862143755,1.444077969,215.1676178,701.8218994,84,395.446228,100,2636.308105,9.674045563,112.7684631,1.415196419,0.404341817,20.07573771,0.002270348,159.0501556,14.1363554,596,298,0.001632253,11.39567901,22792,10.25611099,3.91471E-05,610.6138306,1097.268066,0.722038984,2.049039602,20.97945404,59.53658676,108,070802060501,F070802060501_88,16
5,805.9553341,5795.22222,703_11_1,3.050509453,1.431419849,213.2815552,695.6700439,78,363.9814453,100,2426.542969,10.31072235,120.1900711,1.4027915,0.400797546,200.0000003,0.022617833,141.9391949,12.6595996,5269,2634,0.014427365,141.5815118,283164,127.4233593,0.00048637,577.2630005,1059.651489,0.080972493,0.219158322,1.673802614,4.530276299,108,070801030303,F070801030303_219,8
6,803.2376729,5794.008276,489_13_2,2.924271584,1.431120038,213.2368927,695.524353,78,363.9047241,100,2426.031494,9.884037971,115.216301,1.402497649,0.400713623,177.2582951,0.020045993,145.1670723,12.98130345,4723,2363,0.012943001,110.3176689,220636,99.28590107,0.00037897,577.1416016,1059.429077,0.090239905,0.244241044,2.147705555,5.812926292,108,070802060502,F070802060502_465,16
7,785.0161037,5621.624057,845_26_1,2.82172966,1.388541102,206.8926239,674.8309937,59,267.0720215,100,1780.480103,9.537446022,111.1761475,1.360770226,0.388791502,31.59213662,0.003572728,130.9990692,8.249041359,380,190,0.001040698,48.32292032,96646,43.49062967,0.000166002,473.9646606,941.9030151,1.088908553,2.494550943,4.757176876,10.89808655,108,070802060302,F070802060302_200,32
8,766.9472887,5527.816257,680_9_1,2.77848649,1.365370631,203.4402313,663.5701294,79,351.6373596,100,2344.249023,9.391283989,109.4723663,1.33806324,0.382303774,21.71056089,0.002455229,134.3979675,12.06349888,539,269,0.00147341,15.91807383,31836,14.32626665,5.46827E-05,555.0775757,1015.20752,0.756283402,2.063485384,14.20050526,38.74544525,108,070801030407,F070801030407_620,16
9,752.1777315,5415.668379,836_142_1,2.547434807,1.337670088,199.3128357,650.107666,76,331.4211426,100,2209.474365,8.610329628,100.3689346,1.310916662,0.374547631,161.3267798,0.018244311,134.3054911,12.04594119,3971,1987,0.010883513,156.9401979,313880,141.2461767,0.000539131,530.7340088,981.5288086,0.100308426,0.267103165,1.411102533,3.757510662,108,070802060302,F070802060302_360,32
10,750.4610561,5403.281526,845_115_1,2.699608564,1.334610581,198.8569794,648.6207275,87,378.5222473,100,2523.481689,9.124676704,106.3645782,1.30791831,0.373690963,200.0000054,0.022617834,138.6900155,12.41577721,5177,2589,0.014180884,271.656621,543313,244.4909529,0.000933212,577.3792114,1027.142944,0.076808415,0.223012447,0.813351095,2.36155653,108,070802060302,F070802060302_93,32
11,749.7814933,5400.914237,84_32_2,2.691593647,1.33402586,198.7698517,648.3365479,78,339.2160645,100,2261.44043,9.097586632,106.04879,1.30734539,0.373527229,102.8378589,0.011629848,133.1267776,11.95622611,2628,1313,0.007191773,73.16850781,146337,65.8516556,0.000251353,537.9859009,987.5526123,0.151386023,0.409737915,3.01844883,8.169664383,104,070801030406,F070801030406_420,24
12,743.8833892,5327.02208,441_4_1,2.628984213,1.315774441,196.0503845,639.4663696,78,334.5749207,100,2230.499512,8.885966301,103.5819778,1.28945899,0.368416846,200.0000006,0.022617833,137.3124056,12.36442989,5038,2519,0.013797469,171.9662658,343933,154.7696372,0.000590749,530.6253052,974.0412598,0.077828653,0.210649192,1.266723752,3.42848444,108,070801030303,F070801030303_642,8
13,741.6528195,5324.651137,443_23_2,2.806302071,1.315188885,195.96315,639.1818237,78,334.426239,100,2229.508301,9.485301018,110.5682983,1.288885117,0.368252873,31.36640739,0.003547201,151.3997345,13.42150593,885,442,0.002420993,59.55302429,119106,53.5977211,0.00020458,530.3894043,973.6080322,0.443355531,1.199976087,3.656184435,9.895745277,108,070801030303,F070801030303_741,8
14,739.5501361,5302.585042,680_9_2,2.77848649,1.309738517,195.1510315,636.5328979,79,337.3100586,100,2248.733643,9.391283989,109.4723663,1.283543706,0.366726786,199.9999998,0.022617833,136.6009638,11.62481252,5145,2572,0.014087769,665.9031797,1331807,599.3128616,0.002287552,532.4610596,973.8429565,0.075875208,0.20702219,0.325624645,0.88845259,108,070801030407,F070801030407_620,16
15,729.455554,5266.514335,845_104_1,2.61792922,1.300829053,193.8235321,632.2029419,92,390.1446533,100,2600.964355,8.848600388,103.1464081,1.27481246,0.364232123,86.11787891,0.009738999,130.999766,11.79861101,2136,1068,0.00584982,76.6941843,153388,69.02476525,0.000263465,583.9682007,1022.347595,0.181482702,0.546786726,2.808028936,8.460270882,108,070802060302,F070802060302_241,32
16,729.1070117,5230.586989,399_2_1,2.449415207,1.291954994,192.501297,627.8901367,92,387.482605,100,2583.217285,8.27902317,96.50695801,1.266115904,0.361747384,199.9999975,0.022617833,135.8165398,12.1740826,5056,2527,0.013841288,217.7047252,435411,195.9342537,0.000747873,579.9838867,1015.372742,0.076177798,0.229514793,0.982479036,2.960094452,108,070802060601,F070802060601_134,16
17,723.345966,5190.717915,505_12_1,2.664166212,1.282107353,191.0339966,623.104187,84,351.0920715,100,2340.61377,9.004881859,104.9681473,1.256465197,0.358990073,78.1228596,0.008834849,143.8442688,12.83496507,2001,1001,0.005482837,41.85899162,83718,37.67309192,0.000143797,542.1260986,974.1962891,0.19084315,0.541584492,5.07083416,14.39027309,108,070802060502,F070802060502_142,16
18,722.2149417,5185.952725,27_18_1,2.625869513,1.280930281,190.8586121,622.5321045,78,326.6483765,100,2177.655762,8.87543869,103.459259,1.255311728,0.358660489,21.41876057,0.00242223,144.6011353,12.92623281,622,312,0.001708936,8.922398137,17844,8.030158417,3.06508E-05,517.506958,949.180481,0.611726344,1.658676147,23.7677269,64.44542694,104,070801030202,F070801030202_83,32
19,725.8678759,5167.848989,62_1_1,2.617282629,1.27645874,190.1923523,620.3589478,78,324.5777588,100,2163.851807,8.84641552,103.1209335,1.250929594,0.357408434,27.0602932,0.003060226,131.0006714,11.79867458,671,336,0.001840393,10.72714615,21454,9.654431343,3.68506E-05,514.7701416,944.9367065,0.566048682,1.532053947,19.70000648,53.31957245,104,070801030202,F070801030202_409,32
20,679.6277497,5120.869629,53_2_1,2.857890368,1.264854789,188.4633636,614.7194214,78,321.6272888,100,2144.181885,9.659669876,112.6008835,1.239557743,0.354159355,79.32807186,0.008971146,131.0007629,11.79868158,1969,984,0.005389722,33.76819392,67537,30.39137501,0.000116003,510.0906372,936.3466797,0.191527814,0.518384814,6.201211929,16.78405952,104,070801030601,F070801030601_201,32
21,701.5189331,5105.609724,84_4_2,2.592284203,1.261085629,187.9017639,612.8876343,78,320.6688538,100,2137.79248,8.761920929,102.135994,1.235863924,0.353103966,47.843961,0.005410634,150.1251793,13.31551075,1337,670,0.003669831,36.34968774,72699,32.71471974,0.000124871,508.5706177,933.5565186,0.280450404,0.759060621,5.743645668,15.54562092,104,070801030406,F070801030406_565,24
22,712.7187875,5105.219245,699_41_1,2.617374897,1.260989189,187.8873901,612.8407593,78,320.6443176,100,2137.628906,8.846727371,103.1245728,1.235769391,0.353076965,169.3154727,0.019147746,132.6998138,10.12882874,4213,2106,0.011535319,106.0752887,212151,95.46775967,0.000364396,508.5317078,933.4851074,0.089215286,0.241468042,1.96807158,5.326737404,108,070802060406,F070802060406_107,32
23,724.8812276,5059.666835,843_18_1,2.694736481,1.24973774,186.2109222,607.3725586,29,118.1502075,100,787.6680298,9.10820961,106.1726151,1.224743009,0.349926561,74.39673042,0.008413464,139.499733,12.46113443,1935,967,0.005296607,58.7987957,117598,52.91891575,0.000201989,304.361145,725.5227661,0.19256559,0.31474781,3.518796921,5.75146246,108,070802060302,F070802060302_80,32
24,708.8600813,5047.652067,516_16_2,2.576052666,1.246770024,185.7687378,605.9302368,63,256.061615,100,1707.077393,8.707057953,101.4964752,1.22183466,0.349095613,20.12376374,0.00227578,153.6669846,9.479218284,572,285,0.001561047,30.39327213,60787,27.35394549,0.000104409,441.8303528,861.9918213,0.651820123,1.550281882,6.791296005,16.15234375,108,070802060603,F070802060603_455,16
25,697.6114887,5046.548766,399_27_2,2.582954407,1.246497512,185.7281342,605.7977905,92,373.8493042,100,2492.328613,8.73038578,101.7684021,1.221567512,0.349019289,22.06413906,0.002495215,130.9994278,11.79858732,547,273,0.001495319,21.10156275,42203,18.99140671,7.24894E-05,559.5774536,979.6470947,0.680322826,2.049734354,9.779587746,29.46477127,108,070802060601,F070802060601_133,16
26,708.2574777,5024.132268,406_9_2,2.488586903,1.240960717,184.9031525,603.1069336,55,222.5042572,100,1483.361694,8.411423683,98.05032349,1.216141462,0.347469002,106.9433634,0.012094136,141.8792297,10.73598041,2875,1437,0.007870966,103.6234708,207246,93.26112413,0.000355974,407.4074097,825.6112061,0.128673032,0.283512473,1.982639074,4.368459225,108,070801030603,F070801030603_124,24
27,706.5103764,5022.529959,44_3_1,2.66605711,1.240564942,184.8441772,602.9145508,77,311.4065552,100,2076.043701,9.011273384,105.0426483,1.215753675,0.347358197,30.1690731,0.003411795,131.0001678,11.7986393,748,374,0.002048532,10.85108852,21702,9.765979767,3.72763E-05,496.2507324,914.321106,0.494235754,1.32687366,18.92735672,50.81422806,104,070801030401,F070801030401_468,32
28,674.3492825,5019.464185,103_17_2,2.658593178,1.239807606,184.7313385,602.5465088,71,286.9658813,100,1913.105835,8.986044884,104.7485733,1.215011477,0.347146124,26.76504341,0.003026836,130.9994202,11.79858685,664,332,0.001818483,14.19494319,28390,12.77544877,4.87633E-05,471.6972046,889.5123901,0.556419671,1.420774698,14.45987034,36.92216492,108,070801030406,F070801030406_344,24
29,700.4528534,5017.103314,588_2_2,2.585351229,1.239224553,184.644455,602.2631226,8,32.31893158,100,215.459549,8.738487244,101.8628387,1.214440107,0.346982867,77.06795318,0.008715551,140.4437892,12.51407146,2048,1024,0.005608816,145.7965198,291593,131.2168701,0.000500849,216.9633789,634.5820313,0.180316851,0.2118783,1.407170057,1.653471708,108,070801010602,F070801010602_633,24
30,700.3333561,5010.799234,399_22_1,2.611282587,1.237667441,184.4124451,601.5063477,92,371.2011719,100,2474.674561,8.826134682,102.8845367,1.212914109,0.346546888,200.0000028,0.022617834,130.999842,11.79861661,4963,2484,0.013605761,162.5243004,325047,146.2718687,0.000558313,555.6136475,972.7075195,0.074240118,0.223676994,1.260751247,3.798499584,108,070802060601,F070802060601_136,16
31,691.1589315,5008.347374,593_3_1,2.547924042,1.237061858,184.3222198,601.2120361,73,294.3957214,100,1962.638184,8.611983299,100.3882065,1.212320566,0.346377313,200.0000001,0.022617833,132.3218323,11.89752998,4971,2487,0.013622193,69.875003,139751,62.8875024,0.000240039,478.7179565,895.6077881,0.074114285,0.192488119,2.930983305,7.612290859,108,070802060802,F070802060802_57,24
32,692.2934789,4996.826022,443_23_1,2.806302071,1.234215975,183.8981781,599.8289795,78,313.8364258,100,2092.24292,9.485301018,110.5682983,1.209531665,0.345580459,199.9999969,0.022617833,143.2142317,12.78268115,5428,2713,0.014860076,211.4895854,422978,190.3406252,0.000726522,497.7346191,913.6654053,0.067784071,0.183462813,0.966153085,2.614967823,108,070801030303,F070801030303_741,8
33,697.2774482,4978.881113,458_91_2,2.480580091,1.229783654,183.2377625,597.6748657,78,312.7093811,100,2084.729248,8.384360313,97.73485565,1.205188036,0.34433943,172.0171389,0.019453275,137.7381334,11.09330595,4442,2222,0.012170693,428.8660207,857733,385.9794198,0.001473267,495.9471436,910.3842773,0.082465239,0.223198533,0.474734545,1.284905672,108,070802060801,F070802060801_79,24
34,647.3917387,4952.824394,166_13_1,2.6189816,1.223347664,182.2788086,594.546936,78,311.0728455,100,2073.818848,8.852157593,103.1878738,1.198880672,0.342537344,44.38841079,0.005019848,137.7996267,12.33956528,1101,550,0.003012548,43.38038756,86761,39.04234871,0.000149023,493.3516541,905.619751,0.331416011,0.897002995,4.668745995,12.63632107,108,070802060406,F070802060406_204,32
35,690.3625157,4942.427593,186_1_2,2.559948444,1.220779657,181.8961639,593.2988892,78,310.4198608,100,2069.46582,8.652626038,100.861969,1.196364045,0.341818303,78.55331128,0.008883528,130.9986572,11.7985328,1950,975,0.005340426,182.2540032,364507,164.0286008,0.00062609,492.31604,903.71875,0.186560169,0.504939556,1.108929515,3.00140357,108,070801030407,F070801030407_296,16
36,693.6427153,4936.779853,516_16_1,2.576052666,1.21938467,181.6883087,592.6209717,62,246.4618378,100,1643.078857,8.707057953,101.4964752,1.194996953,0.341427714,104.8065603,0.011852487,139.4993496,10.198892,2604,1302,0.007131522,161.1816093,322364,145.0634457,0.000553701,428.1501465,839.0828247,0.139545545,0.328840345,1.252474785,2.951468229,108,070802060603,F070802060603_455,16
37,686.6172838,4916.683087,504_5_2,2.429029703,1.214420676,180.9486847,590.2084351,78,308.8030701,100,2058.687012,8.210120201,95.7037735,1.19013226,0.340037793,28.1694594,0.003185661,140.9168091,12.54060984,749,374,0.002048532,31.4675296,62935,28.3207774,0.000108099,489.75177,899.0114746,0.483820021,1.30949676,6.389255524,17.29302025,108,070802060501,F070802060501_289,16
38,688.7513888,4914.278621,508_4_1,2.434615135,1.213826776,180.8601837,589.9197998,84,332.3943176,100,2215.962158,8.228999138,95.92383575,1.189550281,0.339871496,37.40644002,0.004230263,149.8892873,13.37550322,1079,539,0.002952297,73.02319646,146047,65.7208786,0.000250854,513.2545166,922.3140869,0.335547656,0.952234745,2.751944065,7.80961132,108,070802060502,F070802060502_8,16
39,684.8641159,4910.756347,836_7_1,2.34539628,1.212956786,180.7305603,589.4970093,92,363.7898865,100,2425.265869,7.927439213,92.40861511,1.188697696,0.339627892,88.54904062,0.010013937,145.0249252,10.57045829,2376,1188,0.006507103,120.7209935,241442,108.6488931,0.000414708,544.5204468,953.2868652,0.152130097,0.458350539,1.66343677,5.011744022,108,070802060302,F070802060302_93,32
40,687.970535,4906.817249,533_5_2,2.354090929,1.211983919,180.5856018,589.0241699,84,331.8895569,100,2212.597168,7.956827164,92.75118256,1.18774426,0.339355499,129.198808,0.014610985,131.0039978,11.79890951,3205,1602,0.00877473,48.7865321,97573,43.90787894,0.000167595,512.4751587,920.9136963,0.112725094,0.319897115,4.112829208,11.67159939,108,070802060501,F070802060501_218,16
41,674.7898582,4896.669387,441_4_2,2.628984213,1.209477305,180.2121124,587.8059692,78,307.5456848,100,2050.304688,8.885966301,103.5819778,1.185287714,0.338653654,108.9366262,0.012319552,143.0878974,12.77444956,3004,1502,0.008226994,102.5351584,205069,92.28164133,0.000352235,487.7578125,895.3516846,0.11998143,0.32473889,1.95284903,5.285534859,108,070801030303,F070801030303_642,8
42,677.5158657,4886.697604,590_8_2,2.525508404,1.207014322,179.8451385,586.6089478,69,271.5056458,100,1810.037598,8.536218643,99.50502777,1.182874084,0.337963998,52.29424953,0.005913913,131.0009155,11.79869223,1298,649,0.003554806,32.88840675,65776,29.59956694,0.00011298,451.350769,858.114624,0.277111143,0.69545573,6.075938225,15.24855995,108,070802060802,F070802060802_60,24
43,663.2757611,4882.28998,699_66_1,2.413811207,1.205925584,179.6829071,586.079834,78,306.6427612,100,2044.285034,8.15868187,95.10416412,1.181807041,0.33765915,158.5663466,0.017932136,132.4162699,11.90358305,3953,1977,0.01082874,115.1091163,230219,103.5982056,0.00039543,486.3256836,892.7225952,0.090886652,0.245991752,1.734421015,4.694344521,108,070802060406,F070802060406_107,32
44,686.47077,4879.559694,186_35_1,2.461854458,1.205251217,179.582428,585.7520752,58,227.8885651,100,1519.25708,8.32106781,96.99706268,1.181146145,0.337470353,76.93919915,0.00870099,131.0002472,10.023871,1513,757,0.004146361,95.79103497,191581,86.21193455,0.000329067,407.4710083,813.640625,0.237229094,0.538270831,2.083034515,4.726387501,108,070801030407,F070801030407_324,16
45,681.7316656,4876.311095,450_15_1,2.306549072,1.204448819,179.4628754,585.3621216,63,247.3697052,100,1649.131348,7.796135902,90.8780365,1.18035984,0.337245673,25.31242853,0.002862561,130.9989548,6.474323452,623,312,0.001708936,62.16508865,124330,55.94857788,0.000213553,426.8325806,832.7318115,0.575201511,1.368053198,3.207639694,7.629015923,108,070801030301,F070801030301_249,16
46,677.5573595,4863.039408,388_4_2,2.473117352,1.201170683,178.9744263,583.7689819,78,305.4334717,100,2036.223145,8.359136581,97.44082642,1.177147269,0.336327791,94.36548528,0.010671714,136.666983,12.2717083,2499,1248,0.006835745,82.55998767,165120,74.3039887,0.000283615,484.4078979,889.2024536,0.143408999,0.388147354,2.408678532,6.519271851,108,070802060601,F070802060601_43,16
47,676.4710361,4863.006675,474_21_1,2.394419193,1.201162696,178.9732361,583.7650757,78,305.4316406,100,2036.210938,8.093136787,94.34011841,1.177139401,0.336325556,199.9999995,0.022617833,132.1905917,11.90157141,5000,2500,0.013693399,89.94620207,179893,80.95158218,0.000308989,484.4048767,889.1967163,0.071589291,0.193761945,2.210867643,5.983883858,108,070801030301,F070801030301_19,16
48,669.8140608,4857.979433,498_14_2,2.434098482,1.199920893,178.788208,583.1615601,91,355.9685364,100,2373.123535,8.22725296,95.90348053,1.175922513,0.335977852,41.41327572,0.004683393,130.9928589,6.474062145,280,140,0.00076683,15.63191414,31264,14.06872272,5.36997E-05,534.7567139,939.130127,1.277058601,3.819690704,12.70820427,38.01032257,108,070802060704,F070802060704_471,32
49,676.8310393,4851.104388,845_125_1,2.358404875,1.198222756,178.5351868,582.3362427,77,300.7778625,100,2005.185791,7.971408367,92.92115021,1.174258351,0.335502386,198.7857437,0.022480514,135.7209905,8.491145889,1934,968,0.005302084,183.7828774,367566,165.4045911,0.000631342,479.3130493,883.1141357,0.184437171,0.495158106,1.079384685,2.897821903,108,070802060302,F070802060302_162,32
50,675.0343296,4841.66406,166_34_2,2.292019606,1.195891023,178.1877594,581.203064,77,300.1916504,100,2001.27771,7.747026443,90.30557251,1.171973228,0.334849477,161.9767804,0.018317819,132.4164658,11.90359497,4063,2032,0.011129995,97.7160728,195432,87.94446588,0.00033568,478.3793945,881.3947144,0.087690823,0.235422924,2.026139498,5.439562321,108,070802060406,F070802060406_122,32
51,666.8084048,4811.471907,476_9_1,2.458193302,1.188433528,177.0765991,577.5786743,78,302.1948853,100,2014.632568,8.308692932,96.85281372,1.164664865,0.332761377,128.5605201,0.014538802,130.9996923,11.79860608,3189,1594,0.008730911,249.4709928,498941,224.5238925,0.000856998,479.2714844,879.7735596,0.111089461,0.300672203,0.788675964,2.134612322,108,070802060704,F070802060704_566,32
52,676.2036079,4807.706502,450_43_1,2.460869551,1.187503457,176.9380188,577.126709,70,270.9882813,100,1806.588501,8.317739487,96.95825958,1.16375339,0.332500964,70.97100314,0.008026052,138.366214,12.3976305,1761,879,0.004814599,79.13017881,158260,71.21716163,0.000271833,447.9263,848.1149902,0.201294675,0.509586215,2.484485626,6.289583683,108,070801030301,F070801030301_41,16
53,676.7609671,4807.419301,60_5_2,2.435685396,1.187432528,176.9274445,577.0922241,76,294.1980286,100,1961.32019,8.232616425,95.96600342,1.163683891,0.332481116,200.0000012,0.022617833,132.0620251,11.87733054,4990,2496,0.013671489,108.6433727,217286,97.77903438,0.000373218,471.1254883,871.2902832,0.070884392,0.188752204,1.809461951,4.818266869,104,070801030202,F070801030202_367,32
54,677.2778866,4804.071845,432_5_1,2.282525539,1.186605692,176.804245,576.6903687,83,321.0711365,100,2140.474121,7.714936256,89.9315033,1.162873626,0.332249582,200.0000022,0.022617834,133.8324451,10.8185155,4656,2328,0.012751293,76.87861866,153757,69.19075793,0.000264098,497.8753662,897.7614746,0.075946838,0.213863984,2.555315971,7.195691586,108,070801030606,F070801030606_63,32
55,672.3195808,4793.126121,128_18_2,2.472192287,1.183902144,176.401413,575.3764648,78,301.0422974,100,2006.948608,8.356009483,97.40437317,1.16022408,0.331492603,58.88593492,0.006659361,147.2921066,13.13879323,1668,834,0.004568118,91.57271973,183146,82.41544661,0.000314576,477.4437256,876.4187622,0.211512491,0.57247448,2.140392542,5.793134212,108,070801030406,F070801030406_112,16
56,672.1672696,4791.328318,658_33_1,2.391541243,1.18345809,176.3352509,575.1606445,78,300.9294434,100,2006.196289,8.083409309,94.22672272,1.159788966,0.331368268,28.00533009,0.003167099,131.0007477,11.79868031,695,348,0.001906121,28.98672795,57973,26.0880549,9.9577E-05,477.2647095,876.0900879,0.50671047,1.371450305,6.759233475,18.29437637,104,070801030401,F070801030401_557,24
57,670.4831541,4779.852491,53_16_1,2.403871298,1.180623531,175.9129028,573.78302,78,300.2089539,100,2001.393066,8.125084877,94.71253204,1.157011032,0.330574602,21.46951628,0.00242797,131.0023804,11.79879522,532,266,0.001456978,6.00444746,12009,5.404002666,2.06268E-05,476.1218567,873.9919434,0.661326706,1.789931774,32.55233383,88.10540771,104,070801030601,F070801030601_471,32
58,669.0765148,4772.75829,474_23_2,2.408416748,1.178871274,175.651825,572.9314575,78,299.7633972,100,1998.422607,8.14044857,94.89161682,1.155293822,0.330083966,29.5929419,0.003346641,138.4372082,12.37508965,778,390,0.00213617,10.91988125,21840,9.827892892,3.75126E-05,475.4152222,872.6948242,0.450389296,1.219013333,17.87278557,48.37407303,108,070801030301,F070801030301_353,16
59,663.786738,4759.281592,498_2_1,2.448057175,1.175542593,175.1558533,571.3137207,78,298.9165955,100,1992.777344,8.274433136,96.45345306,1.152031779,0.329151928,39.04773518,0.004415876,130.9996948,11.79860592,968,484,0.002651042,24.65344445,49307,22.1881002,8.4691E-05,474.0724487,870.2303467,0.361892253,0.979488552,7.894134998,21.36606789,108,070802060704,F070802060704_472,32
60,653.8312897,4757.083213,443_8_1,2.39294529,1.174999595,175.0749359,571.0498047,78,298.7789001,100,1991.859375,8.088154793,94.28204346,1.151499629,0.328999877,200.0000012,0.022617833,137.2842144,12.30868253,5037,2518,0.013791991,215.1270891,430254,193.6143823,0.000739018,473.8538208,869.8287354,0.069529362,0.188186586,0.904245496,2.447410345,108,070801030303,F070801030303_406,8
61,662.7308817,4751.105489,797_34_1,2.380521059,1.173523068,174.8549347,570.3322144,12,41.5292511,100,276.8616638,8.046161652,93.79252625,1.150052547,0.328586459,200.0000028,0.022617834,133.8353764,8.405204044,3953,1977,0.01082874,23.11863863,46237,20.8067748,7.94186E-05,216.3841858,611.8614502,0.088444583,0.10945078,8.40375042,10.39969826,108,070802060803,F070802060803_121,32
62,666.5344379,4739.660223,450_43_2,2.460869551,1.17069602,174.4337006,568.958252,70,267.152832,100,1781.018921,8.317739487,96.95825958,1.147282124,0.32779488,200.0000065,0.022617834,142.3332837,12.71576921,5313,2656,0.014547867,202.4058286,404811,182.1652506,0.000695317,441.5865479,836.111084,0.065675341,0.166259989,0.957557499,2.42409873,108,070801030301,F070801030301_110,16
63,663.8559167,4726.000729,714_6_1,2.411004543,1.167322159,173.9309998,567.3185425,2,7.610936642,100,50.73957825,8.149195671,94.99357605,1.143975735,0.326850206,194.6266181,0.022010162,134.7775794,12.08581946,4986,2493,0.013655057,157.3110263,314623,141.5799209,0.000540405,181.5419312,574.9295044,0.069767751,0.072820671,1.228500485,1.282257557,108,070802060503,F070802060503_152,16
64,661.3618756,4725.962644,507_1_1,2.42117238,1.167312741,173.9295959,567.3139648,84,319.6569214,100,2131.046143,8.183562279,95.39419556,1.143966436,0.326847553,142.618654,0.016128625,132.4166565,11.90360753,3542,1770,0.009694926,122.6607361,245321,110.3946642,0.000421372,493.5865173,886.9708862,0.098265305,0.278862447,1.575525403,4.471108437,108,070802060501,F070802060501_85,16
65,645.0730558,4722.499216,389_2_1,2.36888504,1.166457295,173.8021393,566.8982544,86,327.0279541,100,2180.186279,8.006831169,93.3340683,1.143128157,0.326608032,199.9999975,0.022617833,134.0361622,12.02828469,5014,2509,0.013742695,236.5332808,473069,212.8799508,0.000812554,500.8300781,893.9262085,0.069271475,0.199613422,0.816432655,2.352640867,108,070802060601,F070802060601_297,16
66,662.8395846,4720.281869,60_19_1,2.110824108,1.165909648,173.7205353,566.6320801,76,288.8656616,100,1925.771118,7.134585381,83.16647339,1.142591476,0.326454699,49.2195549,0.005566198,131.0002136,11.79864273,1222,612,0.003352144,22.04048473,44081,19.83643603,7.57148E-05,462.5861816,855.4977417,0.283857077,0.755859792,8.757648468,23.32002449,104,070801030202,F070801030202_320,32
67,660.6727504,4715.836466,474_23_1,2.408416748,1.164811611,173.5569305,566.0984497,78,296.1879578,100,1974.586426,8.14044857,94.89161682,1.141515374,0.326147258,62.67259099,0.007087591,133.8344065,12.00866747,1622,811,0.004442139,33.3455013,66690,30.01095177,0.000114551,469.744873,862.286377,0.214003608,0.579216838,5.783119678,15.65244865,108,070801030301,F070801030301_353,16
68,662.7448056,4714.394777,458_6_2,2.347087622,1.164455533,173.5038757,565.925415,76,288.5054932,100,1923.369995,7.933156013,92.47525024,1.141166449,0.32604754,43.26325527,0.004892605,136.0979538,9.993358684,1119,559,0.003061844,32.55598761,65112,29.30038942,0.000111838,462.0093689,854.4309082,0.310382605,0.826492608,5.921555519,15.76802826,108,070802060801,F070802060801_126,24
69,660.7385543,4704.333315,388_7_2,2.348297596,1.161970377,173.1335907,564.7175903,85,321.9816284,100,2146.544189,7.937245846,92.52292633,1.138731003,0.325351715,123.8584248,0.014007046,136.6666718,12.27168617,3537,1769,0.009689449,189.966099,379933,170.9694846,0.000652583,495.1152344,886.6992188,0.097870879,0.279884249,1.012657881,2.895927429,108,070802060601,F070802060601_43,16
70,659.8264547,4703.474709,160_15_2,2.3595891,1.161758304,173.1019897,564.614563,78,295.4118958,100,1969.412598,7.975410938,92.96781158,1.138523102,0.325292319,39.73451996,0.004493544,130.999939,11.79862356,986,492,0.002694861,101.3500609,202701,91.21505356,0.000348164,468.5138855,860.0264893,0.351833314,0.952264011,1.89773488,5.136365891,108,070802060602,F070802060602_257,24
71,653.8843045,4700.6473,516_20_2,2.350420713,1.161059856,172.9979248,564.2750854,79,310.999939,100,2073.333008,7.944422245,92.60657501,1.137838602,0.325096756,59.24840947,0.006700353,136.8275931,12.26223496,1523,760,0.004162793,44.03435354,88069,39.63091792,0.00015127,483.9978638,875.2750244,0.227628842,0.636839271,4.365226269,12.21263313,108,070802060603,F070802060603_386,24
72,660.8184179,4699.389385,401_1_1,2.429074287,1.160749197,172.9516296,564.1240845,92,348.131897,100,2320.879395,8.210270882,95.70552826,1.137534261,0.325009763,37.25758074,0.004213429,131.0003586,11.79865265,925,462,0.00253054,16.18098967,32362,14.56289064,5.55859E-05,521.0834961,912.2559814,0.374354184,1.127886415,11.87618828,35.78159714,108,070802060601,F070802060601_34,16
73,654.3308542,4697.663922,87_9_1,2.390895605,1.160323024,172.8881378,563.9169922,63,238.3071136,100,1588.714111,8.081227303,94.20128632,1.137116551,0.324890435,109.9694607,0.012436355,143.2403595,9.066617608,2873,1435,0.007860011,74.78310823,149566,67.3047986,0.0002569,411.1952515,802.2241211,0.120479539,0.286547214,2.568734169,6.109449387,108,070802060301,F070802060301_206,32
74,625.407873,4697.242526,489_15_2,2.369190216,1.160218954,172.8726196,563.866394,78,295.0204773,100,1966.803223,8.007863045,93.34609222,1.137014627,0.324861318,30.43317688,0.003441663,159.3336538,14.16394265,906,453,0.002481244,15.69454271,31388,14.12508839,5.39149E-05,467.8930969,858.8868408,0.381617248,1.032876611,12.23869324,33.12496948,108,070802060502,F070802060502_465,16
75,652.3188729,4675.025554,388_4_1,2.473117352,1.154731274,172.0549622,561.1994019,78,293.625061,100,1957.500366,8.359136581,97.44082642,1.13163662,0.32332477,199.9999996,0.022617833,138.4376392,12.37427449,5372,2686,0.014712188,163.5619599,327124,147.2057673,0.000561878,465.6800232,854.8244629,0.064056203,0.173373058,1.168805838,3.163463116,108,070802060601,F070802060601_43,16
76,643.8034969,4661.283691,458_54_1,2.315701008,1.151337028,171.5492096,559.5498047,78,292.7619934,100,1951.746582,7.827069283,91.23861694,1.128310323,0.322374374,200.0000013,0.022617833,132.0311196,10.98246593,5052,2528,0.013846765,277.3031276,554607,249.5728116,0.000952609,464.3112183,852.3117676,0.067859657,0.183667406,0.687371373,1.860423923,108,070802060801,F070802060801_243,24
77,645.3326152,4659.968036,84_4_1,2.592284203,1.151012063,171.5007935,559.3918457,78,292.6793518,100,1951.195679,8.761920929,102.135994,1.127991796,0.322283387,199.999997,0.022617833,134.3995956,12.06361189,4989,2494,0.013660535,133.7517783,267504,120.3765996,0.000459472,464.1801453,852.071167,0.068765357,0.186118737,1.424702048,3.856066227,104,070801030406,F070801030406_565,24
78,651.8534777,4642.577856,138_27_1,2.333708286,1.146716714,170.8607941,557.3043213,80,299.0631104,100,1993.754028,7.887934208,91.94810486,1.123782396,0.321080685,37.39689445,0.004229184,130.9989115,11.79855092,927,462,0.00253054,47.50254726,95004,42.7522912,0.000163184,469.9238892,856.3674316,0.369828552,1.017151237,3.996529579,10.99178219,108,070802060602,F070802060602_107,24
79,654.7842793,4641.607799,21_11_1,2.289515972,1.146477103,170.8250885,557.1878662,78,291.5261841,100,1943.507935,7.738564014,90.20693207,1.123547554,0.3210136,34.65544277,0.003919155,131.0006053,11.79867013,860,429,0.002349787,82.17578238,164351,73.95820262,0.000282295,462.3512573,848.7140503,0.398193687,1.077741861,2.309751749,6.251521111,105,070801030402,F070801030402_74,32
80,651.35954,4636.60216,699_8_2,2.221656084,1.145240784,170.6408691,556.5870361,78,291.2118225,100,1941.412109,7.509197712,87.5332489,1.122335911,0.320667416,58.02701569,0.006562227,142.332283,12.7211411,1548,774,0.004239476,46.52734578,93055,41.87461019,0.000159834,461.8526917,847.7988281,0.220466241,0.596708894,4.075043678,11.02942085,108,070802060406,F070802060406_107,32
81,648.5211911,4625.827881,782_1_1,2.271583557,1.142579436,170.244339,555.2935791,19,70.7713623,100,471.809082,7.67795229,89.5003891,1.11972785,0.319922239,40.94311045,0.004630222,138.1407135,12.37565765,1042,521,0.002853704,13.70920897,27419,12.33828819,4.70947E-05,241.0157013,626.0649414,0.326764554,0.462602109,13.79805183,19.53396606,108,070802060804,F070802060804_446,32
82,606.4773504,4619.740769,658_6_1,2.469745636,1.141075969,170.0203247,554.5629272,69,256.6734924,100,1711.156616,8.347740173,97.30797577,1.118254423,0.319501281,,,,,,,,28.39234567,56785,25.55311081,9.75351E-05,426.6938171,811.2364502,,,6.653605938,16.69831276,104,070801030401,F070801030401_524,24
83,641.6480197,4598.237024,836_61_1,2.419306517,1.135764599,169.2289276,551.9815674,92,340.6385193,100,2270.92334,8.17725563,95.32067871,1.113049269,0.318014085,30.9782486,0.003503304,139.5009842,12.46124411,822,412,0.002256672,54.46064758,108922,49.01458168,0.000187087,509.8674316,892.6201172,0.410749823,1.237542272,3.452624083,10.40236187,108,070802060302,F070802060302_373,32
84,644.4968971,4597.437273,487_11_1,2.293668509,1.13556695,169.1994781,551.8855591,78,288.75177,100,1925.011841,7.752599716,90.3705368,1.112855554,0.317958742,29.15551007,0.003297172,143.2770844,12.79696337,824,413,0.002262149,14.40601337,28812,12.96541184,4.94884E-05,457.9512329,840.6373291,0.409683973,1.108840704,13.05006599,35.32099533,108,070802060502,F070802060502_329,16
85,643.5575564,4593.206574,504_2_1,2.21579504,1.13452208,169.0437927,551.3777466,78,288.4862671,100,1923.241821,7.489387035,87.30232239,1.111831665,0.317666173,40.14828825,0.004540336,149.4171371,13.29625893,1077,539,0.002952297,24.36092854,48722,21.92483521,8.36862E-05,457.5300598,839.8640137,0.313624859,0.848849833,7.710151196,20.86811829,108,070802060501,F070802060501_475,16
86,643.807628,4586.576495,399_15_2,2.303212166,1.132884383,168.7997742,550.5817871,92,339.7746582,100,2265.164307,7.784857273,90.74655914,1.11022675,0.317207634,75.58366776,0.008547694,133.1255913,11.95614362,1881,939,0.005143241,85.81814277,171636,77.23632845,0.000294808,508.5744324,890.3564453,0.179765463,0.541612804,2.185497046,6.584652901,108,070802060601,F070802060601_132,16
87,655.3526873,4579.705651,115_11_1,2.183448315,1.13118732,168.5469055,549.757019,79,291.3252869,100,1942.168579,7.380055428,86.02786255,1.108563542,0.316732436,199.9999976,0.022617833,147.2695825,13.10606636,5427,2715,0.014871031,151.2579574,302515,136.1321644,0.000519611,459.8721924,841.0822754,0.062079892,0.169382021,1.23811233,3.378130436,108,070801030406,F070801030406_37,16
88,637.5360435,4571.596322,559_9_1,2.263918638,1.129184246,168.2484589,548.7835693,79,290.8101196,100,1938.734131,7.652044773,89.19839478,1.106600523,0.316171587,23.46228218,0.00265333,139.5014038,12.42863274,613,306,0.001676072,56.28582001,112572,50.65723801,0.000193357,459.0585938,839.593689,0.549831569,1.50019145,3.321311235,9.06205368,108,070802060501,F070802060501_268,16
89,640.4716462,4566.004576,507_19_2,2.241069555,1.127803087,168.0426636,548.1123047,84,308.8375854,100,2058.917236,7.574815273,88.29814148,1.105247021,0.315784872,40.15114784,0.00454066,130.9993362,11.79858065,996,498,0.002727725,20.23953152,40479,18.21557856,6.95281E-05,476.880249,856.9498901,0.337435067,0.957590878,9.225216866,26.17980194,108,070802060501,F070802060501_101,16
90,621.3087387,4562.535853,27_11_1,2.407396793,1.12694633,167.9150085,547.6959229,74,271.8632507,100,1812.421631,8.137001038,94.8514328,1.10440743,0.315544963,28.74539213,0.003250792,141.8806824,12.7006958,809,404,0.002212853,32.04626227,64092,28.84163662,0.000110087,439.7782593,819.5592041,0.415631205,1.088560104,5.821965218,15.24803448,104,070801030202,F070801030202_83,32
91,636.9703862,4539.625771,399_3_2,2.337009668,1.121287584,167.0718536,544.9457397,92,336.2965698,100,2241.977051,7.899092674,92.07817841,1.098861814,0.313960522,33.14986992,0.003748891,131.0004272,11.79865789,822,412,0.002256672,23.37084889,46742,21.03376293,8.0285E-05,503.3684082,881.2423096,0.40551421,1.221768022,7.943032265,23.93144798,108,070802060601,F070802060601_83,16
92,635.8298549,4513.73225,458_36_2,2.218265295,1.114891887,166.1188965,541.8374634,79,287.1286621,100,1914.19104,7.497736931,87.39965057,1.092594028,0.312169731,,,,,,,,47.71612549,95432,42.94451141,0.000163917,453.2475586,828.9661255,,,3.86822176,10.55426025,108,070802060801,F070802060801_140,24
93,632.9956868,4506.843557,399_15_1,2.303212166,1.113190413,165.8653717,541.0105591,92,333.8677368,100,2225.784912,7.784857273,90.74655914,1.090926647,0.311693311,67.1376543,0.007592541,130.9999008,11.7986207,1665,832,0.004557163,84.28077888,168561,75.8526988,0.000289527,499.7330933,874.8782959,0.19935742,0.600640714,2.186677217,6.588204384,108,070802060601,F070802060601_132,16
94,612.4660892,4506.37211,137_39_1,2.34972167,1.113073945,165.8480225,540.9539185,78,283.0324402,100,1886.882935,7.94205904,92.5790329,1.090812445,0.311660707,199.9999989,0.022617833,137.4218292,10.72152116,5265,2632,0.01441641,166.0602368,332121,149.4542156,0.00057046,448.8804626,823.9863281,0.063012168,0.170547292,1.109691143,3.003464699,108,070802060602,F070802060602_108,32
95,633.6741407,4504.125857,406_23_1,2.286832094,1.112519145,165.7653503,540.6843262,78,282.8913269,100,1885.942139,7.729492664,90.10118103,1.090268731,0.311505347,39.08756554,0.00442038,136.6676992,12.24039809,1029,514,0.002815363,17.95622712,35912,16.16060507,6.16843E-05,448.6566772,823.5756836,0.322500676,0.872872889,10.25737286,27.76236916,108,070801030603,F070801030603_116,24
96,634.699797,4499.757574,658_33_2,2.391541243,1.111440063,165.6045685,540.1598511,78,282.6169739,100,1884.113159,8.083409309,94.22672272,1.089211226,0.311203212,38.62713066,0.00436831,131.0001424,9.136478037,941,470,0.002574359,19.32513635,38650,17.39262226,6.63869E-05,448.2215576,822.7768555,0.352350146,0.953662872,9.521541595,25.77078629,104,070801030401,F070801030401_557,24
97,631.2104406,4496.555402,183_8_2,2.208642721,1.110649228,165.4867401,539.7755127,65,235.3464203,100,1568.976074,7.465212345,87.02052307,1.088436246,0.31098178,57.34775551,0.00648541,133.2658813,11.96938248,1423,712,0.00389988,18.48004939,36959,16.63204493,6.34838E-05,400.8331604,775.1219482,0.232425198,0.562967896,9.949872971,24.10005188,108,070801030603,F070801030603_455,16
98,635.011966,4492.190606,115_9_2,2.254934788,1.109571099,165.3260956,539.2515259,79,285.7589417,100,1905.05957,7.621679783,88.84442902,1.087379694,0.310679913,53.13705206,0.006009225,131.0006332,11.7986722,1318,660,0.003615057,12.24273801,24485,11.01846373,4.2057E-05,451.085022,825.010498,0.250494093,0.683462143,15.00445938,40.93901062,104,070801030406,F070801030406_20,24
99,609.1415665,4478.737588,128_34_2,2.231836796,1.10624814,164.8309784,537.6365967,78,281.2967834,100,1875.31189,7.543608189,87.93437195,1.084123135,0.309749484,25.43581295,0.002876515,131.0009613,6.47434777,492,246,0.00134743,43.74610138,87492,39.37149048,0.000150279,446.1277466,818.9333496,0.670044601,1.813527465,4.186556816,11.33123875,108,070801030406,F070801030406_522,16
100,631.9203953,4476.660944,511_1_2,2.302044868,1.105735302,164.7545624,537.3873291,86,310.0039063,100,2066.692627,7.780911446,90.70056915,1.083620548,0.309605896,50.18624115,0.00567552,153.6669846,13.64383125,1436,718,0.003932744,34.28884983,68578,30.85996532,0.000117791,474.7584839,847.3912354,0.229463175,0.661223531,5.338779926,15.38428402,108,070801010301,F070801010301_255,24
101,626.8757283,4470.37552,487_11_2,2.293668509,1.10418272,164.5232239,536.6328125,78,280.7714539,100,1871.809692,7.752599716,90.3705368,1.08209908,0.30917117,192.9695651,0.021822767,137.5160522,12.30948601,4854,2427,0.013293552,186.3370275,372674,167.7033245,0.000640116,445.2946777,817.4042969,0.06778872,0.183475345,0.981037319,2.655252457,108,070802060502,F070802060502_329,16
102,629.5868461,4466.975481,588_3_1,2.310511827,1.103342891,164.3980865,536.2246704,10,35.96897507,100,239.7931671,7.809529781,91.03416443,1.081276059,0.308936,199.9999973,0.022617833,134.0685488,12.02721095,5108,2553,0.013983699,290.8239883,581648,261.7415893,0.000999056,200.3670654,572.1936646,0.064394079,0.078482985,0.628093123,0.765514791,108,070801010602,F070801010602_457,24
103,626.5576068,4462.628101,161_19_1,2.254979372,1.102269173,164.2381134,535.7028198,86,309.0319824,100,2060.213135,7.621830463,88.84618378,1.080223799,0.308635354,24.70790339,0.002794196,141.1996994,12.61005974,638,320,0.001752755,20.79340458,41586,18.7140646,7.14308E-05,473.2700806,844.7348022,0.513244092,1.478968978,8.776185989,25.28953934,108,070802060602,F070802060602_124,24
104,627.8774425,4461.31646,588_16_1,2.212760925,1.101945162,164.1898346,535.5453491,5,17.96170425,100,119.7446976,7.479131699,87.1827774,1.079906225,0.308544636,49.05023265,0.00554705,138.5554708,12.36798954,1243,621,0.00340144,33.95524836,67911,30.55972266,0.000116645,182.151535,553.5070801,0.264395863,0.293319702,5.372752666,5.960510254,108,070801010602,F070801010602_457,24
105,628.2677855,4460.791858,140_14_2,2.259800673,1.101815581,164.170517,535.4823608,78,280.1696777,100,1867.797852,7.638126373,89.03614807,1.079779267,0.308508366,199.9999963,0.022617833,135.5326258,12.17441098,5513,2757,0.01510108,244.6994825,489399,220.229534,0.000840607,444.34021,815.6520386,0.059546795,0.161168009,0.745451868,2.017623186,108,070801030407,F070801030407_240,24
106,626.6197868,4454.574895,474_1_2,2.199697971,1.100280046,163.9417267,534.736084,78,279.7789917,100,1865.193237,7.434978962,86.66809845,1.078274488,0.308078408,110.8647736,0.012537605,130.9992752,11.79857647,2750,1376,0.007536847,83.27048218,166542,74.94343247,0.000286056,443.7207031,814.5150757,0.119143695,0.32247144,2.187539577,5.920741558,108,070801030301,F070801030301_19,16
107,626.3293718,4453.388434,399_19_1,2.239117861,1.099986911,163.898056,534.5936279,91,326.3195496,100,2175.463623,7.568218231,88.22124481,1.077987194,0.307996333,51.1941967,0.005789509,130.9994863,11.79859161,1269,635,0.003478123,58.89723611,117795,53.00751346,0.000202327,490.2175903,860.913208,0.258107185,0.7719962,3.091977835,9.248077393,108,070802060601,F070802060601_132,16
108,625.5158209,4451.814992,443_8_2,2.39294529,1.099598289,163.8401489,534.4047852,78,279.6058655,100,1864.039063,8.088154793,94.28204346,1.07760632,0.307887524,112.1229331,0.012679889,133.9143829,12.03047943,2818,1409,0.0077176,149.6728854,299346,134.7055981,0.000514166,443.4460144,814.0106201,0.116281159,0.314723939,1.216283202,3.291964293,108,070801030303,F070801030303_406,8
109,626.9007321,4451.514017,723_73_1,2.343169212,1.099524021,163.8290863,534.3686523,78,279.5867004,100,1863.911377,7.919911861,92.32086945,1.077533484,0.307866722,44.25700004,0.005004987,150.1533203,13.3342947,1216,607,0.003324757,40.15987159,80318,36.14388372,0.00013796,443.4157715,813.9553223,0.269899637,0.730503738,4.532691956,12.26807213,108,070801010405,F070801010405_182,32
110,628.9527975,4450.55248,658_29_1,2.313185215,1.099286437,163.7936859,534.2532349,67,240.1056519,100,1600.704346,7.818565845,91.13949585,1.077300668,0.307800204,22.94369531,0.002594683,131.0007019,8.24911797,556,278,0.001522706,31.46335268,62927,28.31701815,0.000108085,403.899353,774.3588867,0.589185894,1.452875376,5.784284592,14.26348495,104,070801030401,F070801030401_557,24
111,623.6629653,4441.417505,388_11_2,2.14486742,1.097030163,163.457489,533.1566772,79,282.5289917,100,1883.526611,7.249651909,84.50777435,1.075089574,0.307168454,79.31283064,0.008969422,134.6424146,12.09747655,1968,983,0.005384244,73.43588687,146872,66.09229743,0.000252271,445.9864807,815.6856689,0.166284323,0.45369938,2.473170042,6.747934341,108,070802060601,F070802060601_43,16
112,625.9494227,4437.943344,503_3_1,2.189638138,1.096171975,163.3296204,532.739563,84,300.1757202,100,2001.171509,7.400977135,86.27174377,1.074248552,0.306928158,24.0901835,0.002724339,133.8323364,12.00851854,601,300,0.001643208,13.81956887,27639,12.43761182,4.74738E-05,463.5053406,832.9152832,0.544432044,1.545017838,13.13191128,37.26642609,108,070802060501,F070802060501_85,16
113,625.7894662,4436.603277,460_9_1,2.269313574,1.09584105,163.2803192,532.5787354,70,250.0709229,100,1667.139526,7.67027998,89.41095734,1.073924184,0.306835502,82.4740263,0.009326919,134.3996246,12.05055809,2114,1056,0.005784092,111.3316719,222663,100.1985043,0.000382453,413.3512573,782.6496582,0.154621512,0.391431123,1.629568458,4.125323772,108,070801030303,F070801030303_119,8
114,619.762953,4422.740378,845_155_1,2.07183814,1.092416883,162.7701111,530.9146118,69,245.7282867,100,1638.188599,7.002812862,81.6304245,1.070568562,0.305876732,199.9999975,0.022617833,137.182097,9.884435049,4735,2370,0.012981342,246.9656619,493932,222.2690959,0.000848392,408.4984131,776.6428833,0.06867937,0.172362193,0.73231101,1.83785522,108,070802060302,F070802060302_47,32
115,628.2397368,4421.581214,566_9_1,2.250901461,1.092130542,162.7274475,530.7754517,76,270.5862732,100,1803.908447,7.608047009,88.68551636,1.070287943,0.305796564,138.7420931,0.015690228,133.5495949,10.79574568,3483,1740,0.009530606,74.24148661,148483,66.81733802,0.000255039,433.3137207,801.3616943,0.09352152,0.249030873,2.435407639,6.485049248,108,070802060503,F070802060503_57,24
116,620.0692711,4416.617962,476_16_2,2.196151018,1.090904593,162.5447845,530.1796265,86,305.8460083,100,2038.973389,7.422990322,86.52835083,1.069086552,0.3054533,34.05493164,0.003851244,130.9990387,11.79856014,845,422,0.002311446,87.26810455,174536,78.54129028,0.000299789,468.3908081,836.0256348,0.385177225,1.109930873,2.069545746,5.963624954,108,070802060704,F070802060704_426,32
117,624.0761482,4415.722242,106_15_2,2.211866856,1.090683341,162.5118103,530.0720825,43,152.8919983,100,1019.279968,7.476109982,87.14755249,1.06886971,0.305391341,33.05070128,0.003737676,154.8003845,9.54174308,93,48,0.000262913,0.225056261,450,0.202550635,7.73127E-07,315.4038086,682.9641113,3.385662794,6.570912838,802.3268433,1557.160278,104,070801030404,F070801030404_40,24
118,621.3924481,4413.884573,694_30_2,2.124254704,1.090229511,162.4441986,529.8515625,69,245.2360382,100,1634.906982,7.179980755,83.69563293,1.06842494,0.305264264,37.03512426,0.004188271,147.4332466,10.73154228,274,138,0.000755876,29.84384141,59689,26.85945795,0.000102521,407.6802368,775.0875854,1.177131891,2.954204559,6.047933102,15.17827511,108,070801030303,F070801030303_290,16
119,615.8684518,4413.304546,87_3_2,2.322500944,1.090086222,162.4228516,529.7819214,78,277.1870728,100,1847.913818,7.85005331,91.50653839,1.068284512,0.30522415,200.0000072,0.022617834,142.3327827,12.72117424,5455,2728,0.014942237,292.869875,585740,263.5828803,0.001006085,439.6099243,806.9689941,0.059539169,0.161147326,0.616211712,1.667824268,108,070802060301,F070802060301_126,32
120,615.9692918,4405.183361,424_14_1,2.169357061,1.088080287,162.1239624,528.8070068,78,276.677002,100,1844.513306,7.332427025,85.47267151,1.066318631,0.304662466,200.0000027,0.022617834,134.5834746,12.07847769,5114,2556,0.014000131,176.925442,353851,159.2328981,0.000607785,438.8009644,805.4840088,0.063428782,0.171674863,1.018156171,2.755717993,108,070801030303,F070801030303_745,8
121,618.5753037,4404.452715,138_27_2,2.333708286,1.087899804,162.0970764,528.7192993,79,280.1777039,100,1867.851318,7.887934208,91.94810486,1.066141844,0.304611951,26.75343513,0.003025524,130.9994049,11.79858589,664,332,0.001818483,44.80423355,89608,40.32381058,0.000153914,442.2747803,808.8969727,0.488244206,1.332152963,4.019885063,10.96807957,108,070802060602,F070802060602_107,24
122,616.1947099,4397.23764,463_5_1,2.267704725,1.086117744,161.831543,527.8532104,84,297.4223938,100,1982.815918,7.664842129,89.3475647,1.064395428,0.304112971,20.4804931,0.002316122,146.6780396,13.04495653,602,300,0.001643208,26.35161578,52704,23.71645516,9.05247E-05,459.2539368,825.2756348,0.539438486,1.530846477,6.823597431,19.3643589,108,070801030301,F070801030301_130,24
123,619.5863611,4396.46037,598_16_2,2.227391243,1.085925698,161.8029327,527.7598877,6,21.24059868,100,141.6039886,7.528582573,87.75921631,1.064207196,0.304059207,199.9999976,0.022617833,141.1294136,9.492217075,5054,2526,0.01383581,32.49130447,64983,29.2421748,0.000111616,183.0435333,549.0004883,0.064055003,0.072463788,5.533204556,6.259572983,108,070802060804,F070802060804_145,32
124,620.615087,4390.888952,504_18_2,2.118901968,1.084549546,161.5978851,527.0910645,78,275.7790222,100,1838.526855,7.161888599,83.48474121,1.062858582,0.303673863,26.70452857,0.003019993,140.4457906,12.58714581,742,372,0.002037578,17.07837093,34156,15.37053359,5.86687E-05,437.3768921,802.8701172,0.434402913,1.175744295,10.51348591,28.45554352,108,070802060501,F070802060501_293,16
125,609.5415543,4384.041936,542_2_1,2.271390438,1.082858324,161.3458862,526.269165,75,264.7588501,100,1765.05896,7.6772995,89.49278259,1.061201215,0.303200334,52.210614,0.005904455,134.4000651,12.0691131,1297,650,0.003560284,25.13508458,50271,22.62157626,8.63456E-05,426.1047363,791.0280151,0.248224437,0.655545771,7.132389069,18.83620834,108,070802060502,F070802060502_69,16
126,617.8327323,4376.374027,137_18_2,2.155141354,1.080964327,161.0636902,525.3486328,79,278.3913574,100,1855.942383,7.284377575,84.91256714,1.059345007,0.302670002,21.68548894,0.002452394,135.2499008,12.11356926,540,270,0.001478887,52.7965486,105593,47.51689303,0.00018137,439.4550476,803.7399902,0.596532166,1.627611279,3.389609098,9.24839592,108,070802060602,F070802060602_56,32
127,612.370093,4370.687805,845_129_1,2.138524294,1.079559922,160.8544312,524.6661377,81,285.0686035,100,1900.457397,7.22821188,84.25785828,1.057968736,0.30227679,200.0000021,0.022617833,140.6335236,12.53125534,5194,2597,0.014224703,236.3837395,472768,212.745368,0.00081204,445.9230347,809.7347412,0.061938558,0.171706989,0.756088972,2.096041203,108,070802060302,F070802060302_93,32
128,615.9849315,4370.23162,93_10_2,2.223334551,1.079447269,160.8376465,524.6113892,79,278.0005493,100,1853.337036,7.514870644,87.59938049,1.057858348,0.302245229,135.2390871,0.015294076,132.4168371,11.90362136,3367,1685,0.009229351,187.0348998,374069,168.3314175,0.000642514,438.8381958,802.6119385,0.095452607,0.260438085,0.955482066,2.606989145,108,070801030406,F070801030406_391,24
129,615.7391516,4369.039677,110_12_2,2.106306553,1.079152822,160.7937775,524.4682617,78,274.4069824,100,1829.379883,7.119316101,82.98847961,1.057569742,0.302162796,199.9999985,0.022617833,136.0150019,12.22091858,5260,2629,0.014399978,405.8835231,811769,365.2951681,0.001394316,435.2007446,798.8752441,0.061161574,0.165538505,0.440174937,1.191367388,108,070802060301,F070802060301_94,32
130,610.9670814,4368.829352,559_9_2,2.263918638,1.079100847,160.786026,524.4429932,79,277.9111633,100,1852.741089,7.652044773,89.19839478,1.05751884,0.302148223,62.78510773,0.007100315,137.3750572,12.28737164,1589,795,0.004354501,128.755424,257511,115.8798811,0.000442309,438.6972046,802.354126,0.202246577,0.551820397,1.387523174,3.785792589,108,070802060501,F070802060501_268,16
131,615.287913,4366.376735,458_35_1,2.262477875,1.078495026,160.695755,524.1485596,6,21.09536362,100,140.6357574,7.647175312,89.14163208,1.056925178,0.301978618,83.76547575,0.009472968,156.5009308,3.69819746,1266,633,0.003467169,19.44102669,38882,17.49692345,6.6785E-05,181.7911224,545.2438965,0.253863752,0.287189782,9.184228897,10.38989067,108,070802060801,F070802060801_241,24
132,606.0514701,4361.27743,455_9_2,2.305542469,1.077235579,160.5081024,523.536499,86,302.0133972,100,2013.422607,7.792733669,90.83837128,1.055690885,0.301625967,31.01465756,0.003507422,133.8328094,12.00855096,797,398,0.002179989,85.77189538,171543,77.19470412,0.000294649,462.5214844,825.5499268,0.403286695,1.162114263,2.07926321,5.991621971,108,070802060803,F070802060803_201,32
133,614.2708871,4357.502895,489_20_2,2.142114162,1.076303244,160.3691864,523.083374,78,273.6822815,100,1824.548584,7.240345955,84.39929962,1.054777145,0.301364899,21.80151689,0.002465515,142.3338013,12.68204212,601,301,0.001648685,23.87957799,47760,21.49161984,8.20326E-05,434.0514526,796.765625,0.532787979,1.442031384,7.461940289,20.19631195,108,070802060502,F070802060502_520,16
134,608.0481848,4352.032182,836_108_1,2.082790136,1.074952006,160.1678467,522.4266968,92,322.3995972,100,2149.330566,7.039830685,82.0619278,1.053452969,0.300986558,21.21166897,0.00239881,139.5009842,12.46124411,557,278,0.001522706,39.77913761,79558,35.80122375,0.000136652,482.5674438,844.8262939,0.576143324,1.735854149,4.473809242,13.47907639,108,070802060302,F070802060302_373,32
135,611.3365689,4351.397145,389_19_1,2.306370497,1.074795127,160.1444702,522.3504028,86,301.3295593,100,2008.86377,7.795532227,90.87099457,1.053299189,0.30094263,60.84929705,0.006881396,136.6657613,12.240249,1527,764,0.004184703,92.99981022,185999,83.6998291,0.000319479,461.4740295,823.6799316,0.209613174,0.604023576,1.913318992,5.513440609,108,070802060601,F070802060601_24,16
136,610.3919625,4349.842356,836_59_1,2.179762125,1.074411035,160.0872498,522.1637573,79,276.7038269,100,1844.692139,7.367596149,85.88262939,1.052922845,0.300835103,124.3070912,0.014057785,149.7954076,10.29133496,3511,1756,0.009618243,137.8943023,275789,124.1048728,0.000473703,436.7910767,798.8675537,0.091165863,0.248742074,1.289935231,3.519531965,108,070802060302,F070802060302_38,32
137,613.1225815,4349.015029,399_19_2,2.239117861,1.07420671,160.0567932,522.0644531,92,322.1759338,100,2147.8396,7.568218231,88.22124481,1.052722573,0.300777882,22.58335209,0.002553932,131.0001297,11.79863691,560,280,0.001533661,16.98089439,33962,15.28280455,5.83338E-05,482.2327271,844.2403564,0.571631432,1.72225976,10.47299862,31.55394173,108,070802060601,F070802060601_132,16
138,609.5800581,4343.099575,489_31_2,2.105080366,1.072745562,159.8390961,521.3543701,78,272.7775879,100,1818.517212,7.115171432,82.94016266,1.051290631,0.300368756,22.65706171,0.002562268,153.6668816,13.64382029,658,329,0.001802051,16.98631505,33972,15.28768358,5.83524E-05,432.6166992,794.131958,0.485833108,1.314944386,10.45541668,28.29838181,108,070802060502,F070802060502_465,16
139,594.5195398,4336.90131,576_6_1,2.245575428,1.071214676,159.6109924,520.6103516,66,230.4821167,100,1536.547485,7.590044975,88.47566986,1.049790382,0.299940109,173.3821438,0.019607642,131.0004787,11.79866111,4302,2151,0.0117818,183.5794654,367158,165.2215178,0.000630643,390.0931091,751.0924683,0.074203156,0.181354299,0.966042399,2.361030817,108,070801010602,F070801010602_512,24
140,623.78069,4335.322038,617_1_1,2.427476406,1.070824504,159.5528564,520.4207153,7,24.43619537,100,162.9079742,8.204870224,95.6425705,1.049407959,0.299830854,28.81254766,0.003258387,130.9971161,4.699474573,538,270,0.001478887,38.35708237,76714,34.52137375,0.000131767,183.9890442,544.8569336,0.590936482,0.68144089,4.621857166,5.329713821,108,070801010604,F070801010604_73,32
141,613.1260018,4335.121891,507_12_1,2.227852106,1.070775151,159.5455017,520.3967285,84,293.2210693,100,1954.807129,7.530139923,87.77737427,1.049359679,0.299817055,159.2238188,0.018006489,132.4160767,11.90356636,3984,1991,0.010905423,122.1082239,244215,109.8974018,0.000419474,452.766571,813.6177979,0.080133349,0.227406621,1.451767683,4.119902611,108,070802060501,F070802060501_102,16
142,566.7834551,4331.8817,188_11_1,2.505004168,1.06997478,159.426239,520.0077515,58,202.3107452,100,1348.738281,8.466914177,98.69716644,1.048575282,0.299592942,26.14697838,0.00295694,130.999939,11.79862309,649,324,0.001774664,6.937274933,13875,6.24354744,2.38314E-05,361.7369995,722.3184814,0.49205628,1.116472244,25.53456116,57.93773651,108,070801030605,F070801030605_13,32
143,610.5186742,4331.590215,590_19_1,2.087242603,1.069902778,159.4155121,519.9727783,69,240.6639099,100,1604.426025,7.054880142,82.23735809,1.04850471,0.299572766,43.51362228,0.004920919,130.9984589,11.79851866,1079,539,0.002952297,26.62095118,53242,23.95885611,9.14499E-05,400.0794067,760.6367188,0.295761615,0.742262363,6.653719902,16.69860268,108,070802060802,F070802060802_196,24
144,610.058293,4325.248704,458_58_1,2.188239336,1.068336487,159.1821289,519.2115479,63,219.414856,100,1462.765747,7.396248817,86.21662903,1.046969771,0.299134225,41.34265044,0.004675406,135.2493515,8.459019462,1073,536,0.002935865,149.038635,298077,134.1347775,0.000511987,378.5969849,738.6264038,0.296981573,0.706337631,1.186732769,2.822511673,108,070802060801,F070802060801_75,24
145,611.3057107,4323.422465,566_9_2,2.250901461,1.067885399,159.1149292,518.9923096,74,257.6164856,100,1717.443237,7.608047009,88.68551636,1.046527743,0.299007922,199.9999973,0.022617833,137.1955068,11.59218755,5176,2590,0.014186361,99.6643635,199329,89.69792739,0.000342373,416.7314148,776.6087646,0.061434336,0.160900161,1.773897529,4.645942688,108,070802060503,F070802060503_57,24
146,607.7425615,4315.243567,160_5_2,2.140366554,1.065865159,158.8139038,518.010437,78,271.0281982,100,1806.854614,7.234438896,84.33044434,1.044547796,0.298442245,187.2460074,0.021175495,130.9995372,11.79859511,4645,2323,0.012723906,510.8367267,1021673,459.7530584,0.001754858,429.8421021,789.0386353,0.068365864,0.185037494,0.345433056,0.934941232,108,070802060602,F070802060602_257,24
147,607.4841779,4313.910419,161_19_2,2.254979372,1.065535903,158.7648468,517.8504639,86,298.7336426,100,1991.557617,7.621830463,88.84618378,1.044225216,0.298350066,47.14353421,0.005331423,141.1996994,12.61005974,1329,665,0.003642444,37.13646178,74273,33.42281713,0.000127573,457.4984741,816.5841064,0.238744125,0.687967658,4.750193596,13.68820763,108,070802060602,F070802060602_124,24
148,606.5767796,4309.748236,389_3_2,2.129253626,1.064507842,158.6116638,517.3508301,92,319.2666626,100,2128.444336,7.19687748,83.89259338,1.043217659,0.298062205,200.0000016,0.022617833,141.9281246,12.66536154,5211,2607,0.014279476,167.0925651,334184,150.3833033,0.000574007,477.8783264,836.6174927,0.060840685,0.183305845,1.054715872,3.177735329,108,070802060601,F070802060601_77,16
149,604.7532671,4308.425815,463_5_2,2.267704725,1.064181209,158.5630035,517.1920776,84,291.4151917,100,1942.767944,7.664842129,89.3475647,1.042897582,0.297970742,27.33834344,0.00309167,144.5054118,12.85257943,768,385,0.002108783,24.87619883,49753,22.38857961,8.54563E-05,449.9782104,808.6072998,0.411851943,1.168774605,7.082316399,20.09856033,108,070801030301,F070801030301_130,24
150,606.6580758,4298.196599,533_15_2,2.153650522,1.061654568,158.1865234,515.9641113,84,290.7234497,100,1938.156372,7.279338837,84.85382843,1.040421486,0.297263265,31.83224207,0.003599882,131.0000407,11.7986304,790,395,0.002163557,13.32366189,26647,11.99129532,4.57703E-05,448.9099731,806.687561,0.400472224,1.136480927,13.19177914,37.43632126,108,070802060501,F070802060501_225,16
151,607.2600238,4296.636237,507_12_2,2.227852106,1.061269164,158.1291046,515.7767944,84,290.6179504,100,1937.453003,7.530139923,87.77737427,1.040043831,0.29715538,32.10821915,0.003631092,131.0000153,11.79862881,797,398,0.002179989,15.47003365,30940,13.9230299,5.31436E-05,448.7470703,806.3947754,0.397309303,1.127505183,11.35737705,32.2305603,108,070802060501,F070802060501_102,16
152,574.4037473,4296.449391,399_31_2,2.159660578,1.06122303,158.1222382,515.7543945,92,318.2820129,100,2121.880127,7.299652576,85.09062958,1.039998531,0.297142446,23.74583983,0.002685397,131.0004272,11.79865789,590,294,0.001610344,11.14562392,22291,10.03106192,3.82881E-05,476.4042358,834.036377,0.53783077,1.620422602,15.76325989,47.49290085,108,070802060601,F070802060601_83,16
153,603.5837781,4293.721773,589_15_2,2.25749445,1.060549259,158.0218353,515.4269409,69,238.5595703,100,1590.397095,7.630331039,88.94528198,1.039338231,0.296953797,49.98966038,0.005653289,143.7516479,12.79256177,1369,684,0.003746514,42.29919267,84599,38.06927276,0.000145309,396.5814209,753.9865112,0.231026068,0.579797387,4.150902271,10.41736221,108,070802060802,F070802060802_149,24
154,601.7244169,4290.049422,44_4_2,2.128606558,1.059642196,157.8866882,514.986084,71,245.264679,100,1635.0979,7.194690228,83.86709595,1.038449407,0.296699822,20.37811735,0.002304544,131.0007121,11.79867776,506,253,0.001385772,11.3432354,22687,10.2089119,3.8967E-05,403.1513672,760.2507324,0.624058068,1.593483686,15.46557426,39.49013901,104,070801030401,F070801030401_468,32
155,609.1699496,4288.22998,516_20_1,2.350420713,1.059192777,157.8197174,514.7677002,79,291.4226685,100,1942.817749,7.944422245,92.60657501,1.038008928,0.296573967,200.0000004,0.022617833,135.2490438,12.12249247,5044,2522,0.013813901,92.51211176,185026,83.26089968,0.000317803,449.2423706,806.1903687,0.06257721,0.178129405,1.895484209,5.395598412,108,070802060603,F070802060603_387,24
156,602.0793738,4281.999249,576_3_2,2.180113554,1.057653785,157.5904083,514.0197144,69,237.9086456,100,1586.057617,7.368783951,85.89647675,1.036500692,0.296143055,62.0746806,0.007019974,131.001236,11.79871464,1541,770,0.004217567,85.77543724,171551,77.19789398,0.000294661,395.499054,751.9283447,0.204662874,0.513635159,2.041382313,5.123184681,108,070801010602,F070801010602_512,24
157,603.6105797,4278.287293,458_85_1,2.264092684,1.056736946,157.4538116,513.5741577,80,275.5967407,100,1837.311646,7.65263319,89.2052536,1.035602212,0.295886338,53.51759521,0.00605226,133.2690002,11.96960278,1329,664,0.003636967,41.56295904,83127,37.40666332,0.00014278,433.0505371,789.1708984,0.237129241,0.652184546,4.209245205,11.57682896,108,070802060801,F070802060801_135,24
158,603.5308049,4277.189195,592_5_1,2.222617865,1.056465745,157.4133911,513.4423218,79,272.0819397,100,1813.879639,7.512448311,87.5711441,1.035336375,0.295810401,43.66512495,0.004938053,131.0016418,11.79874325,1084,542,0.002968729,33.73098767,67462,30.35788812,0.000115875,429.4953308,785.524292,0.290430605,0.792426825,5.185255051,14.14773369,108,070802060704,F070802060704_219,32
159,601.0531133,4274.036032,128_5_1,2.199376583,1.055686951,157.2973633,513.0638428,78,268.4394531,100,1789.596313,7.433892727,86.65543365,1.034573197,0.295592338,75.37289155,0.008523857,146.5840378,13.05253911,2156,1079,0.005910071,226.799436,453599,204.119493,0.000779115,425.7368164,781.5032959,0.145780683,0.394566089,0.770614147,2.0857234,108,070801030406,F070801030406_522,16
160,606.2165199,4273.985153,138_10_2,2.150183201,1.055674314,157.2954712,513.0577393,79,271.8783569,100,1812.522339,7.267619133,84.71721649,1.0345608,0.295588821,77.94231701,0.008814432,144.5998917,12.92612553,1972,986,0.005400677,123.4785309,246957,111.1306801,0.000424181,429.1738281,784.9360962,0.159528881,0.435267568,1.415409923,3.861884356,108,070802060602,F070802060602_107,24
161,603.1416957,4270.307188,498_1_1,2.112662315,1.054765821,157.1601105,512.6162109,92,316.3449097,100,2108.966064,7.140798569,83.2388916,1.033670545,0.295334429,200.0000009,0.022617833,136.0356886,12.20857016,5087,2546,0.013945357,189.4873314,378974,170.5385983,0.000650939,473.5050049,828.9611206,0.061728243,0.185979977,0.921551526,2.776526928,108,070802060704,F070802060704_471,32
162,599.6760804,4267.646303,186_34_1,2.204189062,1.05410862,157.0621796,512.296814,82,281.7835083,100,1878.556763,7.450159073,86.845047,1.033026457,0.295150399,98.46749738,0.011135607,140.4702214,11.13472502,2623,1312,0.007186296,70.3143234,140628,63.28288971,0.000241548,438.8457031,794.0803223,0.119712025,0.334486067,2.481905937,6.934666157,108,070801030407,F070801030407_308,16
163,603.1606272,4266.162679,84_5_2,2.274410725,1.05374217,157.0075836,512.1187134,78,267.9455566,100,1786.303711,7.687508106,89.61178589,1.032667279,0.29504782,27.10631716,0.003065431,140.4447988,12.52502219,703,351,0.001922553,21.85590601,43712,19.67031515,7.50808E-05,424.953125,780.06427,0.447315067,1.210692644,7.981955528,21.60377884,104,070801030406,F070801030406_418,24
164,599.3600125,4263.688902,186_34_2,2.204189062,1.053131104,156.9165344,511.8217163,75,257.4905396,100,1716.603638,7.450159073,86.845047,1.032068491,0.294876695,194.1793157,0.021959577,132.2150051,10.54632907,4862,2430,0.013309984,338.1726531,676345,304.3553817,0.001161712,414.407074,769.3122559,0.064574704,0.170537889,0.515570104,1.361589432,108,070801030407,F070801030407_307,16
165,599.0921901,4262.63342,458_14_1,2.088054657,1.052870512,156.8777008,511.6950684,77,264.2910156,100,1761.940063,7.057624817,82.26935577,1.031813145,0.294803739,69.86167145,0.007900598,131.0004272,11.79865742,1733,866,0.004743393,99.14040375,198281,89.22636414,0.000340573,421.1687012,775.986084,0.181152076,0.48633799,1.758198977,4.720227242,108,070802060801,F070802060801_242,24
166,599.6095833,4262.294755,194_22_2,2.147902727,1.052786827,156.8652344,511.6543884,70,240.2458191,100,1601.638794,7.25991106,84.62736511,1.031731129,0.294780314,86.70395819,0.009805278,138.5371922,11.00697832,2027,1013,0.005548565,191.083269,382167,171.9749376,0.000656421,397.1110535,751.9002075,0.154852152,0.392014861,0.912140071,2.309121609,108,070801030408,F070801030408_134,8
167,595.6240228,4261.056065,161_14_2,2.166320086,1.052480817,156.8196411,511.5056763,78,267.6248169,100,1784.165405,7.322161674,85.35301208,1.031431198,0.294694632,28.40425968,0.003212214,131.0004171,11.79865678,705,352,0.001928031,11.5138061,23028,10.36242545,3.95529E-05,424.444458,779.1304932,0.445510358,1.205808163,15.1334877,40.95995331,108,070802060602,F070802060602_76,24
168,599.7014626,4257.3807,102_7_2,2.135316133,1.051573038,156.6843872,511.0644836,78,267.3939819,100,1782.626587,7.217368603,84.13145447,1.030541539,0.294440448,48.97364616,0.005538389,143.7504425,12.77614403,1324,662,0.003626012,19.95038795,39901,17.95534897,6.85348E-05,424.0783691,778.4584961,0.236683369,0.640601754,8.726334572,23.61849785,104,070801030406,F070801030406_335,24
169,598.6300483,4255.877555,164_19_2,2.107156277,1.051201701,156.6290588,510.8840332,77,263.8727112,100,1759.151367,7.122188091,83.0219574,1.030177712,0.294336468,167.505207,0.018943024,145.9707934,12.99096553,4269,2136,0.01169964,382.4159533,764833,344.1743647,0.001313699,420.50177,774.7567139,0.073328212,0.196864128,0.45508635,1.221769571,108,070801030407,F070801030407_61,16
170,591.0125101,4254.104418,593_11_1,2.202127457,1.050763845,156.5638123,510.6712341,73,250.060379,100,1667.069214,7.443190575,86.76382446,1.029748559,0.294213891,43.92796326,0.004967777,130.9994278,11.79858685,1090,544,0.002979684,11.3530395,22706,10.21773529,3.90007E-05,406.6242065,760.7316284,0.287801117,0.747470975,15.32275105,39.79592133,108,070802060802,F070802060802_57,24
171,600.1164759,4253.059115,499_3_2,2.065496445,1.050505638,156.5253448,510.5457458,78,267.1220703,100,1780.813843,6.981378078,81.38056183,1.029495478,0.294141591,140.2952997,0.015865878,131.0000555,11.79863132,3479,1740,0.009530606,105.61998,211239,95.05798166,0.000362832,423.6473999,777.6678467,0.089957096,0.243475512,1.646630168,4.456726074,108,070802060704,F070802060704_364,32
172,588.11907,4243.879262,476_16_1,2.196151018,1.048238158,156.1874847,509.4437561,86,293.8838196,100,1959.225464,7.422990322,86.52835083,1.027273417,0.293506682,118.2074623,0.013367983,134.3042425,12.04585536,2982,1492,0.00817222,179.0875127,358175,161.1787629,0.000615212,450.0712891,803.3275757,0.104683302,0.301656365,0.969032645,2.792373419,108,070802060704,F070802060704_426,32
173,602.1586416,4243.630936,184_13_1,2.128015518,1.048176885,156.17836,509.4139709,79,269.9476624,100,1799.651123,7.19269228,83.84381104,1.027213335,0.293489516,21.31276512,0.002410243,131.0009613,11.79869556,529,264,0.001446023,49.84237671,99685,44.85813904,0.000171222,426.1260376,779.3616333,0.591584682,1.614113808,3.481605768,9.499414444,108,070802060602,F070802060602_78,24
174,598.9568811,4243.299895,658_18_2,2.102758408,1.048095107,156.1661682,509.3742371,78,266.5092468,100,1776.728271,7.107323647,82.84867859,1.027133226,0.293466628,160.1542726,0.018111713,133.9554482,12.03527439,4088,2043,0.011190246,334.1239285,668248,300.7115352,0.001147803,422.675415,775.8834839,0.076439634,0.206889585,0.519322157,1.405584335,104,070801030401,F070801030401_516,24
175,599.6413651,4242.300006,93_10_1,2.223334551,1.047848105,156.129364,509.2541809,78,266.4467468,100,1776.311646,7.514870644,87.59938049,1.026891112,0.293397456,58.51356697,0.006617251,131.0002441,11.79864454,1452,726,0.003976563,54.69664955,109393,49.22698402,0.000187897,422.5761108,775.7009277,0.215054214,0.582060754,3.171621561,8.584237099,108,070801030406,F070801030406_391,24
176,599.3670767,4241.449138,450_18_1,2.138329029,1.047637939,156.098053,509.1520386,70,239.0709839,100,1593.806519,7.227551937,84.25016022,1.026685238,0.293338627,21.9910275,0.002486947,149.6996307,13.34373951,623,311,0.001703459,28.67139603,57342,25.80425612,9.84937E-05,395.1690369,748.2230225,0.501923025,1.270640016,6.049314022,15.31410313,108,070801030301,F070801030301_110,16
177,596.9216251,4240.80783,163_7_1,2.191888094,1.04747951,156.0744476,509.0750427,82,280.0117798,100,1866.745239,7.408581734,86.36038971,1.026529908,0.293294251,141.9852088,0.016056989,131.0004679,11.7986606,3523,1760,0.009640153,399.962325,799925,359.9660963,0.001373975,436.0862427,789.086792,0.088678665,0.24777627,0.433580965,1.211464763,108,070801030407,F070801030407_335,16
178,596.9008965,4235.94813,498_5_2,2.099765301,1.046279192,155.8955994,508.4916992,91,310.3889771,100,2069.259766,7.097206593,82.73075104,1.025353551,0.29295817,200.0000072,0.022617834,131.0020655,11.79877307,4960,2480,0.013583852,215.3174924,430635,193.7857466,0.000739672,466.2845764,818.8806763,0.06286113,0.188017979,0.804473996,2.406186104,108,070802060704,F070802060704_556,32
179,596.4954143,4235.692002,423_8_1,2.160670996,1.046215892,155.8861694,508.4609375,78,266.0317688,100,1773.545166,7.303068161,85.13043976,1.025291562,0.292940438,20.38444471,0.00230526,131.0010529,11.79870176,506,254,0.001391249,28.67135116,57342,25.80421685,9.84936E-05,421.9179382,774.4926758,0.613725066,1.661094189,6.041112423,16.35073662,108,070801030303,F070801030303_774,8
180,568.8100568,4232.566193,84_16_1,2.14040637,1.045443892,155.7711334,508.0857239,79,269.2436218,100,1794.95752,7.234573364,84.33200836,1.02453506,0.292724282,72.38594246,0.008186066,136.666153,12.24028015,1819,909,0.00497892,60.40438032,120809,54.36394274,0.000207505,425.0147705,777.3293457,0.17136538,0.467563003,2.865339041,7.817953587,104,070801030406,F070801030406_416,24
181,593.6241682,4220.917551,46_5_1,2.043480635,1.042566657,155.3424377,506.6874084,69,234.5147552,100,1563.431641,6.906964779,80.51313782,1.021715283,0.291918665,199.9999995,0.022617833,135.2389325,12.1253912,5211,2607,0.014279476,97.81342537,195627,88.03208363,0.000336015,389.8571777,741.2021484,0.059586667,0.149542451,1.764611602,4.428580761,104,070801030405,F070801030405_124,32
182,594.2055526,4220.359928,450_15_2,2.306549072,1.042428851,155.3218994,506.6204224,60,203.8990784,100,1359.327148,7.796135902,90.8780365,1.021580219,0.291880071,33.93533051,0.003837718,135.2491531,9.451398462,849,425,0.002327878,23.16745567,46336,20.85070992,7.95863E-05,359.2209778,710.5195313,0.365463287,0.845225811,7.449237823,17.22823715,108,070801030301,F070801030301_249,16
183,569.2395529,4220.344359,660_2_2,2.097648621,1.042425036,155.3213348,506.6185608,78,265.0678406,100,1767.118896,7.090052128,82.64735413,1.021576524,0.291878998,21.44390392,0.002425073,131.0051956,11.79899406,532,266,0.001456978,9.317133904,18634,8.385420799,3.20068E-05,420.3891602,771.6864014,0.583914816,1.580410361,18.52278328,50.13334274,104,070801030601,F070801030601_474,32
184,591.3073384,4217.665163,184_9_2,2.12538743,1.041763306,155.2227325,506.2969666,92,312.4456482,100,2082.970947,7.18380928,83.74026489,1.020928025,0.291693717,23.18576685,0.002622059,130.9995728,6.474298656,571,286,0.001566525,64.474617,128949,58.02715683,0.000221487,467.668396,818.7426147,0.542736828,1.635204196,2.675001621,8.059474945,108,070802060602,F070802060602_148,24
185,596.4929971,4217.501793,440_2_2,2.110794783,1.041722894,155.2167053,506.2773132,70,237.7211609,100,1584.807739,7.134486198,83.16531372,1.020888448,0.291682422,74.99747148,0.008481402,141.9559733,12.68419902,2010,1006,0.005510224,71.51293177,143026,64.36163757,0.000245666,392.9378662,743.9984741,0.154290959,0.390594304,2.411633968,6.105156422,108,070801030303,F070801030303_54,8
186,595.7714681,4216.982748,128_34_1,2.231836796,1.041594744,155.1976166,506.2150574,78,264.856781,100,1765.711914,7.543608189,87.93437195,1.020762801,0.29164654,42.12331282,0.00476369,149.5115204,13.3387537,1244,622,0.003406918,112.9620658,225924,101.6658561,0.000388054,420.0543823,771.0718384,0.24951385,0.675328612,1.526546121,4.131715298,108,070801030406,F070801030406_522,16
187,593.7901415,4211.428763,93_17_2,2.079281807,1.040222883,154.9932098,505.5483093,78,264.5078735,100,1763.385864,7.027972698,81.92370605,1.019418478,0.291262418,118.3531256,0.013384456,139.924242,12.50733066,3017,1510,0.008270813,58.36838223,116736,52.53154443,0.000200511,419.5010986,770.0561523,0.102644511,0.277815282,2.950478792,7.985699177,108,070801030406,F070801030406_424,24
188,599.9071913,4211.102468,515_10_2,2.147871971,1.040142298,154.9812012,505.5091553,92,311.959198,100,2079.728027,7.25980711,84.62615204,1.019339442,0.291239858,,,,,,,,37.55754924,75116,33.80179387,0.00012902,466.9403992,817.4683838,,,4.584999084,13.81407166,108,070802060603,F070802060603_275,24
189,594.9309537,4209.042528,594_12_2,2.097970486,1.039633512,154.9053955,505.2619019,7,23.72438431,100,158.1625671,7.09114027,82.66003418,1.01884079,0.291097373,63.96114624,0.007233313,158.9546254,14.1270593,1905,952,0.005214446,21.18398997,42367,19.06559098,7.27725E-05,178.629776,528.9862671,0.162715748,0.187636316,8.124867439,9.369223595,108,070802060804,F070802060802_276,32
190,599.3378219,4205.46202,450_18_2,2.138329029,1.038749099,154.7736206,504.8320618,70,237.0421295,100,1580.280884,7.227551937,84.25016022,1.017974138,0.290849745,41.73513233,0.004719791,152.7213694,13.58537006,1243,621,0.00340144,51.43326718,102866,46.28994121,0.000176687,391.8157349,741.8742065,0.249232888,0.630943239,3.343569279,8.464382172,108,070801030301,F070801030301_110,16
191,591.1449136,4202.093249,396_9_2,2.116322517,1.037917018,154.6496429,504.4276733,75,253.7703857,100,1691.802612,7.153170109,83.38311005,1.017158628,0.290616751,92.82409585,0.0104974,136.6652374,12.24021339,2402,1201,0.006578309,29.19542459,58391,26.27588269,0.000100294,408.4200439,758.1980591,0.128767401,0.340066642,5.885611534,15.54353237,108,070801030603,F070801030603_187,24
192,593.4203364,4201.710721,152_6_1,2.054311275,1.037822604,154.6355743,504.3817749,86,290.9637756,100,1939.758545,6.943572044,80.93986511,1.017066121,0.290590316,28.4877336,0.003221654,158.5795695,14.0905625,845,423,0.002316923,68.97128085,137942,62.07415418,0.000236934,445.5993652,795.3455811,0.365568727,1.053426385,2.49114275,7.178500652,108,070801030407,F070801030407_681,16
193,591.6289335,4198.585168,463_6_2,2.18290782,1.037050486,154.5205231,504.0065308,86,290.747467,100,1938.316406,7.378228664,86.00656891,1.0163095,0.29037413,68.04812789,0.007695506,141.6717656,12.64258909,1789,894,0.004896759,48.47960162,96959,43.63164282,0.00016654,445.2680054,794.7540283,0.172841743,0.49806264,3.541478395,10.20516205,108,070801030301,F070801030301_200,24
194,591.3334511,4198.511151,588_16_2,2.212760925,1.037032247,154.517807,503.9976807,10,33.80722046,100,225.3814697,7.479131699,87.1827774,1.016291618,0.290369034,22.16602665,0.002506737,138.0822029,12.32700157,577,287,0.001572002,36.88745388,73775,33.198709,0.000126718,188.3250275,537.8049316,0.538389564,0.656184793,4.654331684,5.672661304,108,070801010602,F070801010602_453,24
195,585.5889174,4198.269988,166_57_1,2.179485559,1.036972642,154.5089264,503.968689,78,263.6812744,100,1757.875122,7.366661072,85.87173462,1.016233206,0.290352345,38.69728838,0.004376244,145.7337392,12.99202061,995,497,0.002722248,38.62966387,77260,34.7666972,0.000132703,418.1901855,767.6499634,0.310883164,0.841428936,4.444164753,12.02847004,108,070802060406,F070802060406_116,32
196,593.4493274,4192.561571,483_20_1,2.227163315,1.035562754,154.2988434,503.2835083,75,253.1947174,100,1687.964844,7.527812004,87.75023651,1.014851451,0.289957583,23.79927561,0.00269144,140.6333008,12.54955482,601,300,0.001643208,32.75379986,65508,29.4784199,0.000112518,407.4935608,756.4782104,0.514329493,1.358311892,5.234298229,13.82345295,108,070801010403,F070801010403_26,32
197,595.895132,4191.163499,723_86_2,2.150027275,1.035217404,154.2473907,503.1156616,78,263.2349548,100,1754.899658,7.267092228,84.71107483,1.014513016,0.289860874,84.8981068,0.009601056,145.5211372,12.92524076,2321,1161,0.006359214,38.97113154,77943,35.07401827,0.000133876,417.4823608,766.3505859,0.132857352,0.359588593,4.397768021,11.90289497,108,070801010405,F070801010405_162,32
198,588.3305471,4189.82402,498_7_1,2.170569897,1.034886479,154.1980896,502.954834,78,263.1509399,100,1754.3396,7.336526394,85.52045441,1.014188766,0.289768219,35.65457445,0.004032146,130.9992905,11.79857731,884,442,0.002420993,10.61735275,21235,9.555617854,3.64734E-05,417.3490295,766.1057739,0.348864466,0.94422859,16.13690376,43.67577744,108,070802060704,F070802060704_482,32
199,590.2873528,4179.650054,680_21_2,2.008504868,1.032373548,153.8236542,501.733551,79,265.8769531,100,1772.513062,6.788746357,79.13509369,1.011726022,0.289064586,123.9994667,0.014022996,140.5701023,12.56929376,3226,1614,0.008840458,204.9269863,409853,184.4342926,0.000703978,419.7006226,767.6104736,0.09530586,0.260037571,0.834029555,2.275610447,108,070801030407,F070801030407_658,16
200,591.1156908,4177.313824,499_5_2,2.174902678,1.031796455,153.7376709,501.453064,78,262.3654175,100,1749.102783,7.351171017,85.69116211,1.011160493,0.288902998,42.4118765,0.004796324,130.9998055,11.79861379,1052,526,0.002881091,28.44955987,56899,25.60460415,9.77317E-05,416.1030884,763.8184814,0.292276949,0.791070521,6.004297733,16.25110435,108,070802060704,F070802060704_482,32
201,591.7530061,4176.847431,496_13_1,2.086820126,1.031681299,153.72052,501.3971252,78,262.3357544,100,1748.905029,7.053452015,82.22071075,1.011047721,0.288870752,41.07474321,0.004645108,142.3348033,12.68213272,1113,556,0.003045412,28.88434052,57768,25.99590755,9.92253E-05,416.0562744,763.7329102,0.276475757,0.748302639,5.913258553,16.00468445,108,070802060502,F070802060502_422,16
202,588.9731087,4175.406059,34_4_1,2.053176403,1.03132534,153.6674805,501.2241211,74,248.7961731,100,1658.641113,6.939736366,80.89514923,1.010698795,0.288771093,44.17989504,0.004996267,134.1706292,12.16086333,1281,641,0.003510987,16.81093489,33621,15.12984159,5.775E-05,402.4636536,750.0202637,0.239730865,0.627868414,10.15658188,26.60065269,104,070801030403,F070801030403_160,32
203,588.6696218,4174.83857,137_6_2,2.198845863,1.03118515,153.6465912,501.1559753,79,265.5714111,100,1770.476074,7.432098866,86.63452911,1.010561466,0.288731843,200,0.022617833,130.9995384,10.61541784,4591,2295,0.01257054,396.7209554,793442,357.0488589,0.00136284,419.2180176,766.727417,0.066948406,0.18266581,0.43032372,1.174119473,108,070802060602,F070802060602_56,32
204,586.6944308,4173.061513,458_64_2,2.179242849,1.030746222,153.581192,500.9426575,77,258.737793,100,1724.918579,7.365840912,85.86216736,1.01013124,0.288608938,199.9999976,0.022617833,135.5333405,10.30853675,4200,2101,0.011507932,300.7787733,601558,270.7008946,0.001033254,412.3189697,759.6804199,0.073099092,0.196248919,0.567346454,1.523153305,108,070802060801,F070802060801_93,24
205,588.1327456,4172.769743,425_24_2,2.100291491,1.0306741,153.5704346,500.9076233,70,235.1996918,100,1567.997925,7.098985195,82.75148773,1.010060668,0.288588762,48.09453177,0.005438971,137.8004425,12.32869663,1249,626,0.003428827,55.08960545,110180,49.58064604,0.000189247,388.7701416,736.1072998,0.245320186,0.621038556,3.097386837,7.84116745,108,070801030302,F070801030302_24,24
206,587.7171372,4170.266263,425_8_1,2.025299549,1.030055761,153.478302,500.6070862,82,275.3544922,100,1835.696655,6.84551239,79.79679871,1.009454608,0.288415611,111.2881315,0.012585482,140.3086177,12.53774588,2919,1458,0.00798599,115.6454926,231291,104.0809445,0.000397273,428.8327942,775.9615479,0.105266325,0.294124007,1.474605203,4.120185375,108,070801030302,F070801030302_81,24
207,588.457616,4164.493779,399_6_2,2.15743804,1.028630018,153.2658691,499.9141846,92,308.5067139,100,2056.711426,7.292140484,85.00305939,1.008057475,0.288016409,200.0000007,0.022617833,131.0001297,11.79863663,4962,2481,0.013589329,183.4429548,366886,165.0986583,0.000630175,461.772583,808.4208984,0.061775845,0.18612358,0.928328991,2.796949387,108,070802060601,F070802060601_134,16
208,587.4912469,4163.880592,496_32_1,2.07450366,1.028478503,153.2433014,499.8405457,86,288.3441467,100,1922.294312,7.011822224,81.73544312,1.00790894,0.28797397,50.15101338,0.005671536,139.5821969,12.49046803,1356,678,0.00371365,41.9348858,83870,37.74139729,0.000144057,441.5874634,788.1846924,0.226022571,0.651308954,4.060350418,11.7003479,108,070802060502,F070802060502_294,8
209,588.6412362,4162.512428,483_6_1,2.08196497,1.028140545,153.1929474,499.6763,71,237.9731293,100,1586.487549,7.037041664,82.02941895,1.007577777,0.287879348,200.000005,0.022617834,147.8461082,13.12362576,5360,2681,0.014684801,204.3330247,408667,183.8997248,0.000701937,391.1660767,737.6494141,0.057140227,0.145903051,0.833024323,2.127061844,108,070801010403,F070801010403_39,32
210,586.3796377,4161.782885,533_15_1,2.153650522,1.02796042,153.1661072,499.5887756,84,281.4966736,100,1876.644531,7.279338837,84.85382843,1.007401228,0.287828922,57.6907959,0.006524204,131.0005188,11.79866409,1432,716,0.003921789,20.98314476,41966,18.88483047,7.20826E-05,434.6627808,781.0854492,0.213919148,0.607070923,8.110536575,23.01650429,108,070802060501,F070802060501_225,16
211,584.8040313,4161.182741,27_7_1,2.07796979,1.027812123,153.1440125,499.5166931,62,208.3791046,100,1389.194092,7.023538113,81.87200928,1.007255912,0.287787408,199.9999977,0.022617833,138.6103879,10.99376405,5197,2598,0.01423018,448.8999285,897799,404.0099332,0.001542089,361.5231323,707.895813,0.058946885,0.139154404,0.37906003,0.89483726,104,070801030202,F070801030202_83,32
212,588.1879573,4160.889215,443_2_1,1.935852647,1.027739644,153.1332092,499.4814758,78,261.3336487,100,1742.224365,6.543181896,76.27259064,1.007184863,0.287767112,63.67227602,0.007200645,137.7998657,12.33958371,1666,833,0.004562641,79.48334408,158967,71.53500843,0.000273046,414.4668579,760.8151245,0.18383339,0.497559249,2.140675068,5.793902397,108,070801030303,F070801030303_741,8
213,591.1671344,4160.28626,464_1_1,2.205914736,1.027590752,153.1110229,499.4091187,73,244.5458221,100,1630.30542,7.455991745,86.91304016,1.007038951,0.287725419,26.04255942,0.002945131,130.999588,11.79859829,646,323,0.001769187,38.42985503,76860,34.58686919,0.000132017,397.6568604,743.9549561,0.474027932,1.231135845,4.426854134,11.49733639,108,070801030303,F070801030303_237,8
214,587.4668269,4158.166916,559_15_2,2.078551292,1.027067184,153.0330048,499.1546631,64,214.2872467,100,1428.581665,7.025503159,81.89492035,1.006525874,0.287578821,25.45335007,0.002878498,130.9997177,8.249071558,623,311,0.001703459,16.69931841,33398,15.0293861,5.73665E-05,367.3202515,713.4418945,0.492067546,1.18109405,10.18225288,24.44013596,108,070802060501,F070802060501_73,16
215,586.1957272,4155.175508,396_19_2,2.03995657,1.026328325,152.9229279,498.7955627,76,254.2828979,100,1695.21936,6.895053387,80.37429047,1.005801797,0.287371933,41.86515382,0.004734495,134.3979614,12.06349583,1102,550,0.003012548,16.20213108,32404,14.58191773,5.56586E-05,407.2058105,753.0784912,0.278041691,0.740374207,10.48716164,27.92539406,108,070801030603,F070801030603_190,24
216,586.8013242,4151.432672,425_51_2,2.041686058,1.025403857,152.7851715,498.346283,70,233.9970856,100,1559.980591,6.900898933,80.44242859,1.004895806,0.28711307,66.74508935,0.007548147,130.9979248,11.79848118,1656,828,0.004535254,127.4217435,254843,114.6795713,0.000437727,386.7822571,732.3433838,0.18452315,0.467128336,1.332278848,3.372721434,108,070801030302,F070801030302_19,24
217,585.9509025,4150.632806,396_14_1,2.062488317,1.025206327,152.7557373,498.2502747,78,260.6894531,100,1737.929688,6.97121048,81.26203918,1.00470221,0.287057757,200.0000005,0.022617833,131.0010071,11.79869866,4961,2482,0.013594806,223.1226035,446245,200.810341,0.000766485,413.4451904,758.9396973,0.06154542,0.166577429,0.76069659,2.058883905,108,070801030603,F070801030603_42,24
218,585.5315099,4147.893877,550_19_1,2.033038855,1.024529815,152.6549377,497.9214783,64,213.7579041,100,1425.052734,6.8716712,80.10173035,1.004039168,0.286868334,57.27207522,0.006476851,140.3914228,11.12360971,1450,725,0.003971086,55.06288594,110126,49.55659807,0.000189155,366.4128418,711.6793823,0.210558534,0.505397022,3.080415964,7.393825531,108,070801010301,F070801010301_345,24
219,581.3304762,4147.358224,845_96_1,2.230853081,1.024397492,152.6352234,497.8571777,92,307.2372742,100,2048.248535,7.540283203,87.89561462,1.003909588,0.28683129,32.04363459,0.003623788,135.2497673,12.12988472,799,399,0.002185466,36.18761659,72375,32.56885481,0.000124314,459.8724976,805.0944824,0.382544428,1.152562618,4.68653965,14.12000847,108,070802060302,F070802060302_371,32
220,576.7715034,4146.404145,699_67_1,2.047778845,1.024161816,152.6001129,497.7426453,78,260.4238586,100,1736.159058,6.921492577,80.68248749,1.00367856,0.286765307,200.0000026,0.022617834,135.2495861,12.12170136,4994,2497,0.013676967,257.8559,515712,232.0703056,0.000885802,413.0239868,758.1665039,0.06111338,0.16540809,0.657559812,1.779736519,108,070802060406,F070802060406_111,32
221,588.963297,4142.018088,194_23_1,2.118737221,1.023078442,152.4386902,497.2161255,68,226.7959747,100,1511.973145,7.161331654,83.4782486,1.002616882,0.286461949,93.07203302,0.010525439,148.6797974,13.234198,2504,1251,0.006852177,210.5758,421150,189.5182179,0.000723383,379.2346802,724.012085,0.121853471,0.30314523,0.804348469,2.001045942,108,070801030408,F070801030408_126,8
222,582.272941,4141.190689,814_33_1,2.058026552,1.022874117,152.4082489,497.1168213,54,167.330368,100,1115.535767,6.956129551,81.08624268,1.002416611,0.286404759,199.9999997,0.022617833,130.9997498,11.79860992,4961,2480,0.013583852,42.21234013,84426,37.99110584,0.00014501,319.7386169,664.4472046,0.061454941,0.128926858,4.01168251,8.416144371,108,070801030409,F070801030409_385,16
223,584.7164367,4138.077097,108_1_1,2.088923931,1.022105098,152.2936554,496.7430725,48,159.9388885,100,1066.259277,7.060563087,82.30360413,1.00166297,0.286189437,200.0000009,0.022617833,133.5400422,10.98168683,4670,2335,0.012789635,52.87566632,105752,47.58809972,0.000181642,312.2325439,656.6819458,0.065222122,0.133718431,3.200246572,6.56114769,104,070801030404,F070801030404_30,24
224,582.8013353,4137.871615,576_8_1,2.148704529,1.022054315,152.286087,496.7183838,67,223.2368469,100,1488.245605,7.262621403,84.65895844,1.001613259,0.286175221,27.36389589,0.00309456,131.0018005,11.79875437,679,340,0.001862302,25.62599945,51252,23.06339979,8.8032E-05,375.5229492,719.9552002,0.447900265,1.104479313,6.60293293,16.28220177,108,070801010602,F070801010602_10,24
225,589.844903,4136.845352,389_12_2,2.250346661,1.021800756,152.2483063,496.5951538,86,286.4718323,100,1909.812256,7.606171608,88.66365814,1.001364708,0.286104202,48.9859848,0.005539784,130.9999084,11.79862118,1215,608,0.003330235,68.6120491,137224,61.75084305,0.0002357,438.7201538,783.0670166,0.250408411,0.721579194,2.465525866,7.104682922,108,070802060601,F070802060601_24,24
226,583.4892166,4130.483466,194_25_2,2.038127422,1.020229459,152.0141907,495.8315125,75,249.4460754,100,1662.973877,6.888870716,80.30222321,0.999824882,0.28566426,39.44357681,0.004460641,158.199707,14.05360031,1166,583,0.003193301,40.57003403,81140,36.51303101,0.000139369,401.4602661,745.2775879,0.26074475,0.68861109,4.163286209,10.99498558,108,070801030408,F070801030408_139,8
227,579.9790846,4125.678739,483_13_1,2.014240265,1.019042611,151.8373566,495.2546997,70,232.5453644,100,1550.30249,6.808132172,79.36106873,0.998661757,0.285331935,23.48268723,0.002655638,149.7003098,13.27263689,661,330,0.001807529,40.05392623,80108,36.04853559,0.000137596,384.3827209,727.8000488,0.460113198,1.164796114,4.212025642,10.66292191,108,070801010403,F070801010403_48,32
228,575.7389712,4123.39818,525_12_2,2.115194321,1.018479347,151.753418,494.980957,80,265.6188965,100,1770.792603,7.149356842,83.33865356,0.998109758,0.285174221,42.65115154,0.004823383,131.0014877,11.79873252,1058,530,0.002903001,66.05246732,132104,59.44721887,0.000226907,417.3723145,760.5998535,0.286327213,0.787494957,2.552742004,7.020888805,108,070802060502,F070802060502_61,16
229,583.7116017,4122.555823,425_20_2,1.995768905,1.018271327,151.7224274,494.8798523,78,258.9258423,100,1726.172241,6.745698929,78.63329315,0.99790591,0.285115957,199.9999982,0.022617833,137.3666849,11.67410238,5299,2648,0.014504048,146.542972,293085,131.888675,0.000503413,410.6482544,753.8056641,0.057296988,0.15507865,1.150382519,3.113597631,108,070801030302,F070801030302_223,16
230,585.6191466,4121.151185,424_12_2,2.230397224,1.017924309,151.6707153,494.7112122,78,258.8377991,100,1725.585327,7.538742542,87.8776474,0.997565806,0.285018802,191.7788041,0.021688105,131.0004272,11.79865766,4758,2379,0.013030638,235.9702098,471941,212.3731905,0.000810619,410.5085144,753.5490112,0.063753977,0.172555074,0.714170754,1.932958245,108,070801030303,F070801030303_731,8
231,588.6092375,4117.64796,481_38_1,2.078492403,1.017059088,151.5418091,494.2907104,92,305.0363464,100,2033.575684,7.025304317,81.89260101,0.99671793,0.284776539,200.000001,0.022617833,135.7225774,12.19286855,4980,2491,0.013644103,116.9836681,233968,105.2852985,0.000401869,456.5781555,799.3270264,0.060835734,0.183291107,1.439344406,4.336580276,108,070802060603,F070802060603_200,24
232,581.1131082,4116.403047,44_15_2,2.300668001,1.016751528,151.4959717,494.1412354,76,251.9103546,100,1679.402344,7.776257992,90.64631653,0.996416509,0.28469044,26.05047313,0.002946026,131.0007121,11.79867776,646,324,0.001774664,17.02425825,34049,15.32183248,5.84828E-05,403.406311,746.0515747,0.467580169,1.245081186,9.887588501,26.32885551,104,070801030401,F070801030401_468,32
233,579.497448,4116.14499,432_4_2,1.991673112,1.01668787,151.486496,494.1102905,79,261.837616,100,1745.584106,6.731854916,78.47192383,0.996354103,0.284672618,53.95295095,0.006101494,130.9998271,11.79861546,1338,669,0.003664354,20.79822683,41596,18.71840394,7.14473E-05,413.3240967,755.947876,0.226437211,0.61782378,8.092917442,22.0811615,108,070801030606,F070801030606_69,32
234,582.0106473,4114.599952,544_1_2,2.062474251,1.016306162,151.4296112,493.9248047,70,231.9210663,100,1546.140381,6.971162796,81.26148224,0.995980024,0.284565717,51.59688919,0.005835049,151.9678802,13.54513121,1521,761,0.004168271,37.34166399,74683,33.60749718,0.000128278,383.3506775,725.8458862,0.198987663,0.503745973,4.505828381,11.40670109,108,070801010301,F070801010301_201,24
235,583.9618909,4113.199806,103_11_2,2.15615201,1.015960336,151.3780975,493.7567139,78,258.3384094,100,1722.256104,7.287793636,84.95239258,0.995641112,0.284468889,29.81614281,0.003371883,133.8325704,12.00853252,742,371,0.0020321,27.68217911,55365,24.91396198,9.50955E-05,409.7164917,752.0950928,0.408027232,1.104357123,6.076034546,16.44525719,108,070801030406,F070801030406_344,24
236,580.036544,4113.167669,559_16_1,2.018369675,1.015952468,151.3769226,493.7528992,79,265.0811768,100,1767.207886,6.822089672,79.52376556,0.995633423,0.284466684,131.2220292,0.01483979,140.4451074,12.5032924,3432,1716,0.009399149,322.3823266,644765,290.1441007,0.001107468,416.4580994,758.8341064,0.088214993,0.242691204,0.521730125,1.435349226,108,070802060501,F070802060501_233,16
237,578.4525738,4112.112663,425_52_2,1.989130259,1.015691876,151.338089,493.6262512,70,231.7801819,100,1545.201172,6.723260403,78.37173462,0.995378017,0.284393728,158.1507714,0.017885139,135.2495743,11.12874277,3605,1803,0.009875679,223.2392282,446478,200.9153016,0.000766885,383.1182861,725.4064331,0.083936818,0.212489337,0.753243208,1.906864643,108,070801030302,F070801030302_23,24
238,582.5229929,4111.974059,475_2_1,2.086019278,1.015657544,151.3329773,493.6095581,86,284.7497559,100,1898.331665,7.05074501,82.18916321,0.9953444,0.284384102,113.901947,0.012881076,133.8329366,12.00856336,2887,1444,0.007909307,55.10577202,110212,49.59519482,0.000189303,436.0827332,778.359314,0.10480123,0.30199635,3.051363707,8.792842865,108,070801030301,F070801030301_301,16
239,583.208694,4111.593499,33_1_1,2.013002872,1.015563607,151.318985,493.5639038,65,215.1977234,100,1434.651489,6.803949833,79.31231689,0.995252311,0.284357816,200.0000029,0.022617834,131.0005035,11.79866295,4962,2482,0.013594806,65.15777904,130315,58.64200175,0.000223834,366.5167236,708.7615967,0.060966555,0.147669911,2.580385685,6.250072002,104,070801030403,F070801030403_166,32
240,581.7138448,4109.936533,115_20_2,2.000248432,1.015154362,151.2579956,493.3650208,79,261.4425964,100,1742.950684,6.760839462,78.80979156,0.994851291,0.284243226,199.9999979,0.022617833,149.2738597,13.28162877,5460,2729,0.014947714,162.016732,324034,145.8150575,0.00055657,412.700592,754.8076172,0.055426162,0.151227772,1.037327647,2.830301523,108,070801030406,F070801030406_237,16
241,580.3362404,4105.073672,415_4_2,2.023937225,1.013953209,151.0790253,492.78125,89,294.1885376,100,1961.256958,6.840908051,79.74312592,0.993674159,0.283906907,31.46836278,0.003558731,130.9985657,11.79852676,781,391,0.002141648,58.25006407,116500,52.42505765,0.000200104,445.2675781,786.9697876,0.386391371,1.1387918,2.881809473,8.493411064,108,070802060601,F070802060601_155,16
242,576.2723552,4105.065607,593_11_2,2.202127457,1.013951182,151.0787201,492.7802734,69,228.078186,100,1520.52124,7.443190575,86.76382446,0.993672132,0.283906341,22.26309836,0.002517715,130.9989548,11.79855347,552,276,0.001511751,9.136287034,18272,8.222658247,3.13855E-05,379.1569214,720.8584595,0.547386646,1.373757005,18.37346458,46.11123276,108,070802060802,F070802060802_57,24
243,580.3523108,4103.106187,27_16_1,2.027501345,1.013467193,151.0066071,492.5450439,71,234.5771179,100,1563.847412,6.852954388,79.88355255,0.993197858,0.2837708,109.2309549,0.012352838,130.9999466,11.7986238,2710,1355,0.007421822,179.7054644,359411,161.7349162,0.000617335,385.5837402,727.1221924,0.111443989,0.284563661,0.933667302,2.384047508,104,070801030202,F070801030202_84,32
244,576.5364274,4101.637183,186_28_1,2.127059221,1.013104439,150.9525604,492.3687439,82,270.822113,100,1805.480713,7.189460278,83.80613708,0.992842376,0.283669233,29.33986002,0.00331802,145.4499512,12.94133782,824,413,0.002262149,25.72862148,51458,23.15576008,8.83845E-05,421.7746582,763.1908569,0.365502566,1.021246195,6.519006729,18.2146759,108,070801030407,F070801030407_315,16
245,581.9098791,4101.21815,549_12_1,2.147335768,1.013000846,150.9371185,492.3184204,69,227.8634186,100,1519.089478,7.257995129,84.60502625,0.99274081,0.283640236,153.1282408,0.017317145,135.7225444,12.19286839,4077,2039,0.011168336,145.2986703,290597,130.7688066,0.000499139,378.8005371,720.1818237,0.074025072,0.185777605,1.154228806,2.896719456,108,070801010301,F070801010301_289,24
246,580.8773732,4100.750629,389_28_2,2.125924587,1.012885451,150.9199371,492.2623291,90,297.1799011,100,1981.199341,7.185625076,83.76142883,0.99262774,0.28360793,36.76533264,0.004157761,136.0999084,12.21705341,915,457,0.002503153,24.02831537,48057,21.62548411,8.25436E-05,448.0998535,789.4422607,0.330240577,0.980524838,6.978800297,20.72091675,108,070802060601,F070802060601_77,16
247,581.6069699,4100.134671,106_12_2,2.035706282,1.012733221,150.8972473,492.1883545,54,178.2815552,100,1188.543701,6.880687237,80.20682526,0.992478549,0.283565313,199.9999995,0.022617833,143.9208893,10.88019663,4916,2457,0.013457872,63.11371183,126228,56.80233908,0.000216812,329.1788025,670.4699097,0.06141524,0.133975908,2.656532288,5.795162678,104,070801030404,F070801030404_22,24
248,580.438956,4099.595623,137_34_1,2.105593204,1.012600064,150.8774109,492.1236267,79,260.7850342,100,1738.566895,7.116905212,82.96037292,0.992348075,0.28352803,42.37473774,0.004792124,130.9999962,11.79862738,1052,526,0.002881091,79.44913483,158899,71.50422192,0.000272929,411.6624451,752.9086914,0.286839187,0.782628238,2.110049009,5.757176876,108,070802060602,F070802060602_56,32
249,582.238379,4099.240893,111_8_2,2.002789259,1.012512445,150.8643494,492.0810547,75,247.5590668,100,1650.393799,6.769427776,78.90989685,0.992262185,0.283503473,143.9382783,0.01627786,136.2383842,10.6259243,1937,969,0.005307561,108.2901543,216580,97.46113873,0.000372005,398.4234009,739.6401367,0.155690759,0.411169648,1.547943592,4.088023186,108,070802060301,F070802060301_94,32
250,580.70625,4096.764673,432_14_1,1.995147586,1.011900902,150.7732391,491.783844,83,273.8002319,100,1825.334839,6.743598938,78.60881805,0.99166286,0.283332258,92.55090221,0.010466504,132.4153671,11.90351915,2302,1150,0.006298963,45.22347858,90447,40.7011311,0.000155354,424.5734863,765.5841064,0.131107166,0.369194329,3.704399347,10.4314909,108,070801030606,F070801030606_69,32
251,578.348919,4096.454547,664_14_2,2.017841339,1.01182425,150.7618103,491.746582,78,257.2867737,100,1715.245117,6.820303917,79.50294495,0.991587758,0.283310801,47.56176019,0.00537872,138.9377594,10.54968284,1170,585,0.003204255,18.04501653,36090,16.24051476,6.19894E-05,408.048584,749.0333252,0.257712483,0.697518945,9.283068657,25.12534714,104,070801030402,F070801030402_188,32
252,579.143555,4093.70156,69_6_2,2.046088696,1.01114428,150.6604919,491.4161072,64,210.9650726,100,1406.433838,6.915779591,80.61589813,0.990921378,0.283120394,97.11075041,0.010982174,143.5596313,12.80487029,2636,1319,0.007224637,38.9333626,77867,35.04002581,0.000133746,361.6255493,702.3811646,0.114223272,0.274166465,4.299668312,10.32035637,104,070801030405,F070801030405_171,24
253,578.7276052,4092.177666,425_24_1,2.100291491,1.010767937,150.6044159,491.2332153,70,230.6571655,100,1537.714478,7.098985195,82.75148773,0.990552604,0.283015013,194.5933868,0.022006404,137.1821261,12.27456925,4912,2457,0.013457872,162.7200009,325441,146.448001,0.000558986,381.2615967,721.8903809,0.061296057,0.15517363,1.028381467,2.603392363,108,070801030302,F070801030302_23,24
254,579.0686993,4091.533212,119_31_1,2.028439522,1.010608673,150.5806885,491.1558228,78,256.9769592,100,1713.179688,6.856125355,79.92051697,0.9903965,0.282970428,170.853495,0.019321679,138.6498184,12.40720105,4333,2167,0.011869438,131.4207065,262841,118.2786356,0.000451465,407.5576477,748.1328125,0.069488086,0.188074589,1.27310133,3.445741892,104,070801030406,F070801030406_114,24
255,579.2093239,4090.314043,458_36_1,2.218265295,1.01030755,150.5358276,491.0094604,76,250.3135376,100,1668.756958,7.497736931,87.39965057,0.990101397,0.282886118,38.0014596,0.004297553,131.0003052,11.79864883,943,471,0.002579836,58.50520086,117010,52.65468168,0.000200981,400.8493652,741.322998,0.319608986,0.851060212,2.858925819,7.612796307,108,070802060801,F070802060801_140,24
256,576.3436626,4088.808099,60_45_2,2.086574554,1.009935617,150.4804077,490.8287048,76,250.2216492,100,1668.144287,7.052621841,82.21103668,0.989736915,0.282781959,35.03596231,0.003962188,130.9999441,11.79862372,869,434,0.002377174,22.66778386,45336,20.40100614,7.78698E-05,400.7020569,741.050354,0.34672904,0.923276603,7.376126766,19.64128876,104,070801030202,F070801030202_256,32
257,576.1125314,4087.585842,60_45_1,2.086574554,1.00963366,150.4354095,490.6819458,76,250.1468353,100,1667.645508,7.052621841,82.21103668,0.989440978,0.282697439,33.10565996,0.003743891,131.0003586,11.79865313,821,410,0.002245717,22.95254087,45905,20.65728617,7.8848E-05,400.5822449,740.8287964,0.366915643,0.97702986,7.282438278,19.39181328,104,070801030202,F070801030202_256,32
258,577.4169835,4082.64473,22_1_1,2.052986622,1.008413196,150.2535706,490.0888062,78,256.4193115,100,1709.462036,6.939094543,80.88767242,0.988244951,0.282355696,27.19777322,0.003075773,141.6189384,12.61811566,746,373,0.002043055,72.37150727,144743,65.13435963,0.000248615,406.6728821,746.5081177,0.402824581,1.090275764,2.306824923,6.243599892,105,070801030402,F070801030402_287,32
259,575.7215923,4081.413767,474_1_1,2.199697971,1.008109212,150.2082672,489.9410706,78,256.3417969,100,1708.945313,7.434978962,86.66809845,0.987947047,0.282270581,48.82226503,0.005521269,130.999733,11.79860854,1211,605,0.003313803,40.90266261,81804,36.81239654,0.000140511,406.5500488,746.2828369,0.248278126,0.67198354,4.080371857,11.04383564,108,070801030301,F070801030301_19,16
260,574.8910882,4079.756784,194_13_1,2.134963274,1.007699966,150.1472931,489.7421875,70,229.9569702,100,1533.046509,7.216176033,84.11755371,0.987545967,0.282155991,87.76920178,0.009925746,139.5004069,10.8453119,2146,1072,0.005871729,175.8849865,351770,158.2964848,0.000604211,380.104248,719.6991577,0.140062779,0.354574859,0.948519468,2.401217222,108,070801030408,F070801030408_134,8
261,573.2559124,4079.370045,38_5_1,1.991761327,1.007604361,150.1330566,489.6957092,76,249.6440582,100,1664.293701,6.732153416,78.4753952,0.987452269,0.282129228,46.29242134,0.005235171,136.6676712,12.22572517,1215,608,0.003330235,23.19336224,46387,20.87402701,7.96753E-05,399.7770996,739.3397827,0.246929362,0.657528102,7.19233799,19.15189171,104,070801030401,F070801030401_542,32
262,573.7549041,4076.133759,166_14_1,2.075311661,1.006805062,150.0139618,489.307251,78,256.0103455,100,1706.735596,7.014553547,81.76728058,0.986668944,0.281905413,71.42762536,0.008077691,143.2403381,12.77967758,2049,1023,0.005603339,47.57682174,95153,42.81913924,0.000163439,406.024292,745.317627,0.14664121,0.396895677,3.503432512,9.482308388,108,070802060406,F070802060406_103,32
263,576.3435905,4073.827004,594_18_1,2.065498352,1.006235242,149.9290466,489.0303345,15,49.20482254,100,328.0321655,6.981384277,81.38063812,0.986110508,0.281745881,36.20139694,0.004093986,158.1998749,14.05361652,1070,535,0.002930387,14.79124175,29583,13.31211719,5.08118E-05,199.1338654,538.2351685,0.280241221,0.372212827,11.26259995,14.95884228,108,070802060804,F070802060804_453,32
264,569.302204,4072.987586,399_31_1,2.159660578,1.006027937,149.8981628,488.9295654,92,301.7279053,100,2011.519409,7.299652576,85.09062958,0.985907376,0.281687826,27.08774973,0.003063331,131.0000031,11.79862804,671,336,0.001840393,19.52860674,39057,17.5757464,6.70859E-05,451.6260681,790.6574707,0.446125478,1.344125152,8.528694153,25.69598198,108,070802060601,F070802060601_83,16
265,541.9996772,4072.982729,576_7_2,2.46803689,1.006026745,149.8979797,488.9289856,69,226.2953949,100,1508.635986,8.341964722,97.24065399,0.985906184,0.281687498,36.77039623,0.004158333,131.000782,11.79868245,912,455,0.002492199,57.56779194,115136,51.81101274,0.00019776,376.1933594,715.2243652,0.329446107,0.826798618,2.893168211,7.260876179,108,070801010602,F070801010602_10,24
266,569.7600874,4070.345432,592_42_1,2.203736305,1.005375266,149.8009186,488.6123657,84,275.3115234,100,1835.410156,7.448628902,86.82720947,0.985267758,0.281505078,66.47733283,0.007517866,130.9992472,11.79857445,1649,825,0.004518822,38.94932914,77899,35.05439603,0.000133801,425.1124268,763.9238892,0.181576878,0.515287817,4.273384571,12.12722111,108,070802060704,F070802060704_224,32
267,576.0663808,4069.264832,84_7_2,2.083788872,1.005108356,149.7611389,488.482666,78,255.5789795,100,1703.859863,7.043206215,82.10128021,0.985006213,0.281430334,30.68530369,0.003470175,148.0001602,13.12370682,847,424,0.0023224,8.3139925,16628,7.482593298,2.85607E-05,405.3401184,744.0616455,0.353210241,0.955990851,20.01460457,54.17107391,104,070801030406,F070801030406_361,24
268,576.4771196,4068.490238,194_1_2,2.050797462,1.004917145,149.7326508,488.38974,70,229.3220978,100,1528.813965,6.931695461,80.80142212,0.984818816,0.281376809,23.53774095,0.002661863,140.4448853,12.58710162,587,293,0.001604866,59.09813741,118196,53.18832204,0.000203018,379.0547485,717.711853,0.511032939,1.293702245,2.815141439,7.126653671,108,070801030408,F070801030408_24,8
269,576.7661059,4066.868706,583_1_1,2.095125675,1.004516602,149.6729736,488.1950684,83,271.8020935,100,1812.013916,7.081524849,82.54795074,0.98442626,0.281264663,23.03371191,0.002604863,150.8336411,13.40831327,637,319,0.001747278,57.01188469,114024,51.31069756,0.000195851,421.4750671,759.9971924,0.469194263,1.321238399,2.916993618,8.214175224,108,070801010301,F070801010301_220,24
270,573.1251658,4065.681622,525_10_2,2.007926702,1.004223347,149.6292725,488.0525513,79,258.6272888,100,1724.181885,6.786792278,79.11231232,0.984138906,0.281182528,28.35735047,0.003206909,131.0022329,11.79878521,704,353,0.001933508,41.59865499,83197,37.43878937,0.000142902,408.2565613,746.6798096,0.423878968,1.156534195,3.996637583,10.90464115,108,070802060502,F070802060502_62,16
271,574.3609461,4065.518285,460_5_2,2.037902594,1.004183054,149.6232758,488.032959,70,229.1545715,100,1527.697144,6.888110638,80.29336548,0.984099388,0.281171262,38.676875,0.004373936,135.2503662,12.11360693,964,483,0.002645565,41.16587279,82332,37.04928534,0.000141416,378.777832,717.1875,0.309779048,0.784219086,4.03849268,10.22362041,108,070801030303,F070801030303_119,8
272,572.4885835,4064.47605,425_19_1,2.001822472,1.003925562,149.5849152,487.9078369,70,229.0958099,100,1527.30542,6.766160011,78.87180328,0.983847022,0.28109917,31.77383357,0.003593276,136.6682587,12.24045769,844,423,0.002316923,15.56715446,31136,14.01043915,5.34772E-05,378.6807251,717.0036621,0.353628635,0.8952263,10.6766758,27.02846909,108,070801030302,F070801030302_23,24
273,576.0470355,4061.402295,160_5_1,2.140366554,1.003166318,149.4717865,487.5388184,78,255.0849762,100,1700.566528,7.234438896,84.33044434,0.983102977,0.280886561,34.36930943,0.003886797,131.0022888,11.79878902,852,426,0.002333355,10.20576,20412,9.185183764,3.50595E-05,404.5567627,742.6237793,0.350872725,0.949663758,16.27313995,44.04449463,108,070802060602,F070802060602_257,24
274,574.5857712,4060.389989,496_27_2,1.990443945,1.002916336,149.4345398,487.4173279,86,281.1775208,100,1874.516846,6.72770071,78.42349243,0.982858002,0.280816585,200.0000017,0.022617833,136.099408,12.21704025,5100,2551,0.013972744,128.4305717,256861,115.5875136,0.000441193,430.6120605,768.5948486,0.058578808,0.168801278,1.292825937,3.725420237,108,070802060502,F070802060502_294,16
275,578.3720832,4060.111114,425_14_2,2.03308773,1.002847433,149.4242706,487.3838501,78,255.0040436,100,1700.026978,6.871836662,80.10365295,0.98279047,0.280797273,50.57447433,0.005719425,136.6634521,12.2183218,1265,632,0.003461691,13.40235317,26805,12.06211805,4.60406E-05,404.4283142,742.3878784,0.236430809,0.639918208,12.38789654,33.52879715,108,070801030302,F070801030302_127,16
276,575.8256844,4058.791154,464_3_2,2.115372896,1.002521396,149.3756866,487.2254028,86,281.0668945,100,1873.779297,7.149960518,83.3456955,0.982470989,0.280705988,35.76646304,0.004044799,131.0004272,11.79865766,888,444,0.002431948,9.439771086,18880,8.495793597,3.24281E-05,430.4425659,768.2922974,0.336431712,0.969465256,17.58231163,50.66537476,108,070801030303,F070801030303_669,8
277,573.639453,4058.116486,184_13_2,2.128015518,1.002354741,149.3508606,487.1444092,79,258.1464539,100,1720.976318,7.19269228,83.84381104,0.982307673,0.280659318,,,,,,,,40.48553061,80971,36.43697691,0.000139078,407.4973145,745.2908936,,,4.098881721,11.18362045,108,070802060602,F070802060602_78,24
278,575.062989,4057.625304,186_42_1,2.070684433,1.002233505,149.3327942,487.0854797,82,267.9170532,100,1786.113647,6.998913288,81.58496857,0.982188821,0.280625373,199.9999989,0.022617833,140.9563664,11.83338981,5278,2640,0.014460229,220.2994075,440600,198.2694701,0.000756786,417.2498474,755.0025635,0.056565452,0.158049181,0.753180981,2.104458332,108,070801030407,F070801030407_315,16
279,562.4603431,4057.536639,184_9_1,2.12538743,1.002211571,149.3295288,487.0748291,92,300.5831604,100,2003.887695,7.18380928,83.74026489,0.982167363,0.280619234,23.64884253,0.002674428,130.9995728,6.474298656,586,293,0.001604866,66.14689636,132294,59.53220749,0.000227232,449.9126892,787.657959,0.509657085,1.535538197,2.508382082,7.557466984,108,070802060602,F070802060602_148,24
280,575.8821056,4056.106673,543_1_1,2.035708427,1.001858354,149.2769012,486.9031677,70,228.6240692,100,1524.1604,6.880694389,80.20690918,0.981821179,0.28052035,139.6863308,0.015797011,140.2558873,12.56870238,3556,1778,0.009738745,138.3000274,276600,124.4700236,0.000475097,377.9009705,715.5272217,0.083957762,0.212542728,1.199300051,3.036080122,108,070801010301,F070801010301_171,24
281,574.9593716,4055.605548,410_1_1,2.089823484,1.001734614,149.2584534,486.8430176,81,264.5180359,100,1763.453613,7.063603401,82.33904266,0.981699944,0.28048569,93.62979656,0.010588516,138.9336823,7.402937518,1696,847,0.004639324,45.80099299,91601,41.22089365,0.000157338,413.7764893,751.361084,0.176220134,0.488520056,3.620941639,10.03802776,108,070802060602,F070802060602_241,16
282,578.1959989,4052.559158,494_3_2,2.040583611,1.000982165,149.146347,486.4773254,78,254.5291748,100,1696.861206,6.897172451,80.39899445,0.980962515,0.280275017,87.67413259,0.009914995,133.9130511,12.0303857,2181,1090,0.005970322,56.48332769,112967,50.83499561,0.000194035,403.6755371,741.0064697,0.136831507,0.37034452,2.933930635,7.940898418,108,070802060501,F070802060501_455,16
283,572.310261,4051.883245,96_14_1,1.981800795,1.000815153,149.12146,486.3961792,78,254.4872742,100,1696.581787,6.698486805,78.08295441,0.980798841,0.280228257,130.2987152,0.014735373,145.0403781,12.93922562,3619,1809,0.009908543,212.0465094,424092,190.8418585,0.000728435,403.6087341,740.8834229,0.08243309,0.22311151,0.781387568,2.114885807,104,070801030406,F070801030406_489,24
284,574.2332928,4051.349715,499_8_1,2.006047964,1.000683427,149.1018372,486.3321533,78,254.4535065,100,1696.356689,6.780442238,79.03829193,0.980669737,0.280191362,200.0000001,0.022617833,130.9998058,11.79861381,4962,2480,0.013583852,94.16305445,188326,84.74674992,0.000323475,403.5553589,740.7856445,0.060121708,0.162723929,1.759381175,4.761897564,108,070802060704,F070802060704_363,32
285,574.2193408,4049.623076,103_18_2,2.093644142,1.000256896,149.0382843,486.1248474,75,244.5628052,100,1630.418701,7.076517105,82.48957825,0.980251729,0.280071944,31.25755084,0.00353489,130.9994202,11.79858685,775,388,0.002125216,28.0076983,56015,25.20692825,9.62138E-05,393.6010742,730.6876221,0.384119302,1.014435768,5.912591934,15.61479759,108,070801030406,F070801030406_344,24
286,571.8546615,4047.719477,699_50_2,2.094305754,0.999786735,148.9682159,485.8963623,5,16.29652405,100,108.6434937,7.078753471,82.51564789,0.979790986,0.279940277,22.76586723,0.002574573,131.0000458,11.79863071,565,282,0.001544615,117.4988632,234998,105.7489777,0.000403639,165.26474,502.1928711,0.528256059,0.586045206,1.408696532,1.562802196,108,070802060406,F070802060406_164,32
287,572.6025147,4046.695398,130_7_2,2.013195038,0.999533772,148.9305267,485.773407,86,280.2292786,100,1868.19519,6.804599285,79.31988525,0.97954309,0.279869467,94.63359565,0.010702034,136.0997345,12.1895977,2533,1265,0.00692886,81.76559445,163531,73.58903563,0.000280886,429.15979,766.0026855,0.117731638,0.339256763,2.023814201,5.83184433,108,070801030407,F070801030407_186,24
288,573.0910703,4045.711392,128_54_2,2.030597925,0.999290705,148.8943176,485.6552734,78,254.0996246,100,1693.997559,6.863420963,80.00556183,0.97930491,0.279801399,94.21159755,0.010654311,138.4373379,10.12287681,1953,977,0.00535138,337.1716231,674344,303.4544546,0.001158273,402.9939575,739.7548828,0.15239951,0.41248101,0.490664452,1.328021169,108,070801030406,F070801030406_522,16
289,573.2785196,4045.071522,54_23_1,2.111131668,0.999132693,148.8707733,485.5784912,78,254.0593414,100,1693.729004,7.135624886,83.17858887,0.979150057,0.279757142,37.81808585,0.004276816,133.8350779,12.00871499,972,486,0.002661997,16.57484601,33150,14.91736156,5.69389E-05,402.9301147,739.6378174,0.306318462,0.829074323,9.979699135,27.01081657,104,070801030405,F070801030405_106,32
290,570.467269,4042.613762,103_16_2,2.061517954,0.99852562,148.7803192,485.2834473,78,253.9050903,100,1692.700562,6.967930794,81.22380829,0.978555083,0.279587179,,,,,,,,17.46415743,34929,15.7177417,5.99939E-05,402.6854248,739.1885376,,,9.465756416,25.61980247,108,070801030406,F070801030406_344,24
291,571.2027307,4042.108174,10_1_1,1.996392608,0.998400748,148.7617188,485.2227783,75,244.1089783,100,1627.393188,6.747807026,78.65786743,0.978432715,0.279552221,199.9999992,0.022617833,142.0267839,12.65866382,5414,2707,0.014827212,177.0281589,354057,159.3253422,0.000608138,392.870697,729.3317871,0.054954458,0.145131394,0.93369776,2.465839386,104,070801030401,F070801030401_64,32
292,572.2396609,4042.055989,137_27_2,1.987703204,0.998387814,148.7597809,485.2164917,79,257.1247864,100,1714.165283,6.718436718,78.31550598,0.978420079,0.279548585,98.65886,0.011157248,131.0003967,11.79865551,2447,1223,0.006698811,224.2362507,448473,201.8126271,0.00077031,405.8845825,742.3413086,0.121635146,0.331876189,0.737118304,2.011195183,108,070802060602,F070802060602_91,32
293,571.9086532,4040.506526,440_5_1,2.038081646,0.998005092,148.7027588,485.0304871,53,172.435318,100,1149.568848,6.888715744,80.30041504,0.978044987,0.279441416,83.99395676,0.009498807,156.2178841,11.33112037,2475,1237,0.006775494,31.71535049,63431,28.54381534,0.000108951,321.1380615,657.4658203,0.120212413,0.259610385,5.209631443,11.25070572,108,070801030303,F070801030303_3,8
294,574.0764226,4039.28026,137_28_2,2.014168739,0.997702241,148.6576385,484.8833008,78,253.6957245,100,1691.30481,6.807890415,79.35824585,0.977748215,0.279356629,46.44867992,0.005252842,135.249588,12.11354303,1170,584,0.003198778,41.89806366,83796,37.70825863,0.000143931,402.353363,738.5790405,0.254550755,0.688961267,3.942309856,10.67016602,108,070802060602,F070802060602_267,32
295,569.0039747,4037.246735,699_55_2,2.018634319,0.997199953,148.5827942,484.6391907,78,253.5680084,100,1690.453369,6.822984219,79.53419495,0.97725594,0.279215991,82.70957565,0.009353557,146.5824852,13.05241871,2256,1128,0.006178462,60.54773474,121096,54.49295974,0.000207997,402.1508179,738.2072144,0.131722331,0.356516689,2.726642132,7.379867554,108,070802060406,F070802060406_107,32
296,570.3753056,4034.005274,209_3_1,1.978204966,0.996399283,148.4634857,484.250061,78,253.364151,100,1689.09436,6.686332703,77.94127655,0.976471305,0.278991789,158.1451579,0.017884504,130.9992894,11.79857731,3924,1963,0.010752057,128.2315205,256464,115.4083722,0.000440509,401.8276367,737.6141968,0.075630918,0.204700783,1.286418676,3.481789351,108,070802060601,F070802060601_201,16
297,571.8101099,4032.872523,494_3_1,2.040583611,0.996119499,148.4217987,484.1140747,78,253.2932587,100,1688.621704,6.897172451,80.39899445,0.976197124,0.278913468,70.8695315,0.008014576,130.9999733,11.79862571,1759,879,0.004814599,36.50813013,73016,32.8573171,0.000125415,401.7150574,737.4073486,0.168853015,0.457013726,4.517161369,12.22604561,108,070802060501,F070802060501_455,16
298,572.1875075,4031.434167,656_13_1,2.074501991,0.995764256,148.3688812,483.9414368,73,237.8867645,100,1585.911743,7.011816502,81.73538208,0.975848973,0.278813988,24.23198754,0.002740375,131.000293,7.805405155,256,128,0.000701102,15.66343827,31326,14.09709447,5.3808E-05,386.2556458,721.828186,1.159131885,3.017622232,10.52478409,27.39966393,104,070801030202,F070801030202_130,32
299,569.9247758,4029.758091,493_17_1,1.991125107,0.995350242,148.3071899,483.7402039,86,279.0563965,100,1860.375977,6.73000288,78.45033264,0.975443244,0.278698057,199.9999931,0.022617832,138.6908003,12.38923713,5153,2576,0.014109678,166.9222737,333843,150.2300435,0.000573422,427.3635864,762.7966309,0.057572667,0.165902019,0.987200618,2.844727755,108,070802060501,F070802060501_322,16
300,569.7865928,4027.10975,185_10_1,1.938226581,0.994696081,148.2097168,483.4223022,78,252.9311218,100,1686.20752,6.551205635,76.36612701,0.974802136,0.278514892,31.87224579,0.003604406,130.9995473,11.79859543,791,395,0.002163557,13.24938929,26499,11.92445052,4.55151E-05,401.1408386,736.3533936,0.375214487,1.015546441,12.42906094,33.64019394,108,070802060602,F070802060602_148,24
301,544.1800249,4026.678319,576_9_2,2.155624628,0.994589567,148.1938477,483.3705444,69,223.7229004,100,1491.485962,7.286011219,84.93161011,0.974697769,0.27848509,34.12218531,0.003858849,131.0005264,11.79866457,846,423,0.002316923,60.69245237,121385,54.62320713,0.000208494,371.916748,707.0934448,0.350340068,0.879235804,2.713019848,6.808768272,108,070801010602,F070801010602_10,24
302,573.9912692,4025.918991,542_2_2,2.271390438,0.994401991,148.1658936,483.2793579,76,246.3725281,100,1642.483521,7.6772995,89.49278259,0.974513948,0.278432548,65.08308803,0.007360192,142.0500965,12.69364417,1867,934,0.005115854,47.20581745,94411,42.48523489,0.000162164,394.5384216,729.6518555,0.158635855,0.422417998,3.487468004,9.286482811,108,070802060502,F070802060502_1,16
303,565.558336,4024.789709,161_9_1,2.207365036,0.994123042,148.1243286,483.1437988,79,256.0257568,100,1706.838379,7.460893631,86.97018433,0.974240601,0.278354466,25.85682356,0.002924127,130.9985886,11.79852772,642,320,0.001752755,23.9054139,47811,21.51487213,8.21213E-05,404.1500854,739.1695557,0.462888539,1.262969017,6.884741306,18.78468513,108,070802060602,F070802060602_76,24
304,570.7434536,4024.64991,106_10_1,2.037396669,0.994088531,148.1191864,483.1270142,54,174.9993439,100,1166.662354,6.8864007,80.27342987,0.974206746,0.27834478,162.3246571,0.01835716,143.9627857,11.54721285,4600,2301,0.012603404,60.32002029,120639,54.28801765,0.000207215,323.1185303,658.1263428,0.06437166,0.140425265,2.728395462,5.951931,104,070801030404,F070801030404_40,24
305,567.0035269,4020.047887,42_2_2,2.039101362,0.99295181,147.9498138,482.574585,58,187.7472992,100,1251.648682,6.8921628,80.34059143,0.973092794,0.278026521,199.9999971,0.022617833,144.7616294,9.108761271,2306,1151,0.006304441,28.20694256,56415,25.38624879,9.68982E-05,335.697113,670.3218994,0.128540233,0.291656911,5.827950954,13.22358036,104,070801030403,F070801030403_143,32
306,572.4625769,4018.32461,128_44_2,2.051038027,0.992526174,147.8863983,482.3677063,78,252.3795624,100,1682.530396,6.932508469,80.81089783,0.972675622,0.277907342,199.9999999,0.022617833,140.7518253,9.212911431,4011,2008,0.010998538,533.905732,1067811,480.5151646,0.001834106,400.2659607,734.7472534,0.073648602,0.199335635,0.307766348,0.832993388,108,070801030406,F070801030406_497,16
307,565.7488858,4017.796808,853_23_1,1.958847284,0.992395818,147.8669739,482.3043823,40,126.1836319,100,841.2242432,6.620903969,77.17858124,0.972547889,0.277870834,200.0000021,0.022617833,139.0045071,10.51374171,4764,2385,0.013063503,45.15123225,90303,40.63610864,0.000155106,274.0505981,608.4880371,0.061998732,0.114905909,3.638807535,6.744016647,104,070801030401,F070801030401_351,32
308,567.4685303,4017.384419,107_4_2,1.96667397,0.992293954,147.8518066,482.2548523,78,252.3203125,100,1682.135376,6.647357941,77.48695374,0.972448051,0.277842313,199.9999991,0.022617833,135.3453857,10.84644069,4995,2497,0.013676967,74.67392151,149347,67.20652872,0.000256524,400.1721191,734.5751953,0.059211776,0.160261154,2.199961901,5.954363823,104,070801030404,F070801030404_173,24
309,568.0080898,4016.426361,519_4_2,2.095780849,0.992057323,147.8165436,482.1398621,68,219.9191589,100,1466.127686,7.083739281,82.57376862,0.972216189,0.277776062,26.18545723,0.002961292,145.1660385,12.88813257,703,351,0.001922553,19.39326954,38787,17.45394325,6.6621E-05,367.7357178,702.059021,0.421129763,1.04768014,8.468948364,21.06891823,108,070801010301,F070801010301_306,24
310,568.2848918,4012.088213,44_10_2,1.949656248,0.990985811,147.6568909,481.6191101,73,235.8347473,100,1572.231689,6.589838028,76.81645966,0.971166074,0.277476013,68.97546571,0.007800378,130.9998245,9.668892169,1641,821,0.004496912,24.04560809,48092,21.64104733,8.2603E-05,383.4916382,717.4538574,0.179850057,0.467103094,6.823001385,17.7205677,104,070801030401,F070801030401_514,32
311,559.1112401,4006.79406,166_11_1,2.086272955,0.989678144,147.4620361,480.9835815,78,251.655365,100,1677.702393,7.051602364,82.19915771,0.969884574,0.277109891,21.95779896,0.002483189,130.998764,11.79854059,545,273,0.001495319,16.9685173,33937,15.27166605,5.82913E-05,399.1174011,732.638916,0.54015398,1.461968541,9.65592289,26.13450241,108,070802060406,F070802060406_202,32
312,568.7312723,4006.18257,588_11_1,2.000510693,0.989527106,147.4395447,480.9101868,5,16.12929153,100,107.5286102,6.761726379,78.82012177,0.969736576,0.277067602,53.48245955,0.006048287,137.6109568,12.29325708,1364,681,0.003730082,85.89227486,171785,77.30304813,0.000295062,163.5688324,497.0394897,0.21650447,0.24018918,1.907292724,2.115942955,108,070801010602,F070801010602_638,24
313,568.2301065,4004.11124,494_2_2,1.995234728,0.98901546,147.3632965,480.661499,78,251.4868927,100,1676.579346,6.743893147,78.61225128,0.969235122,0.276924342,112.0671701,0.012673583,134.612009,12.0801965,2879,1439,0.00788192,117.4809119,234962,105.732819,0.000403578,398.8501892,732.1483765,0.10240674,0.277171791,1.393732786,3.772245884,108,070802060501,F070802060501_455,16
314,566.7904579,4004.074069,103_3_1,1.931361318,0.989006281,147.3619385,480.6570435,78,251.4841309,100,1676.560913,6.528001308,76.09563446,0.969226182,0.276921749,21.16771084,0.002393839,135.9600258,12.16974878,558,278,0.001522706,11.45726538,22915,10.31153902,3.93587E-05,398.8460693,732.1411743,0.530078888,1.434698105,14.29097462,38.67958832,108,070801030406,F070801030406_344,24
315,568.6269991,4004.058148,129_11_2,1.991591334,0.989002347,147.3613434,480.6551514,86,277.2767029,100,1848.511353,6.731578827,78.46869659,0.969222307,0.276920646,200.0000001,0.022617833,133.0242429,11.94964484,5027,2511,0.01375365,119.5992275,239198,107.6393042,0.000410855,424.6380615,757.9318848,0.058686316,0.169111133,1.369029164,3.945009232,108,070801030407,F070801030407_529,24
316,556.5897894,4003.102648,102_7_1,2.135316133,0.988766372,147.3261871,480.5404663,78,322.9714966,100,2153.143311,7.217368603,84.13145447,0.968991041,0.276854575,178.3745722,0.020172232,142.0491013,12.65658731,4701,2350,0.012871795,63.96597317,127932,57.56937671,0.00021974,470.2976685,803.5119629,0.062691994,0.200126663,2.559106827,8.169233322,104,070801030406,F070801030406_21,24
317,566.0742678,4001.908908,487_26_1,2.003791809,0.988471508,147.2822571,480.3971558,78,251.348526,100,1675.65686,6.772816181,78.94939423,0.968702078,0.276772022,51.28481449,0.005799757,133.2662689,11.96940632,1305,652,0.003571238,41.63504437,83270,37.47154042,0.000143027,398.6307983,731.7456665,0.225893036,0.611396909,3.930509806,10.63822842,108,070802060502,F070802060502_393,16
318,566.0049902,3997.889828,499_5_1,2.174902678,0.987478793,147.1343384,479.9147034,78,251.0960999,100,1673.973999,7.351171017,85.69116211,0.967729211,0.276494056,90.16464314,0.010196644,131.0005455,11.79866612,2237,1119,0.006129165,134.5399313,269080,121.0859394,0.00046218,398.2304382,731.0108032,0.13148734,0.355880648,1.215123177,3.288824797,108,070802060704,F070802060704_480,32
319,564.5195382,3995.182702,460_5_1,2.037902594,0.986810148,147.0347137,479.5897217,70,225.1900482,100,1501.266968,6.888110638,80.29336548,0.967073917,0.276306838,21.46361083,0.002427302,133.8327789,12.0085535,561,280,0.001533661,28.94140696,57883,26.04726588,9.94213E-05,372.224762,704.7797852,0.525123954,1.329374194,5.644919395,14.29035854,108,070801030303,F070801030303_119,8
320,566.2542093,3995.086712,137_15_2,1.976102352,0.986786425,147.0311737,479.5782166,79,254.1365814,100,1694.243896,6.679225922,77.85842896,0.967050672,0.276300192,128.6736106,0.014551591,133.124176,9.794834781,3195,1596,0.008741866,261.8346391,523670,235.651175,0.00089947,401.1677551,733.7147827,0.092124797,0.251358241,0.623935699,1.702379584,108,070802060602,F070802060602_97,32
321,566.6759127,3994.681952,458_30_1,2.020842552,0.986686468,147.0162811,479.5296326,79,254.1112213,100,1694.074829,6.830447674,79.62119293,0.966952741,0.276272207,89.25863073,0.010094184,135.8177032,12.17416795,2359,1179,0.006457807,77.4160004,154831,69.67440113,0.000265944,401.1275024,733.6408691,0.124695741,0.340226889,2.11004734,5.757172108,108,070802060801,F070802060801_72,24
322,558.3105934,3994.303118,44_4_1,2.128606558,0.986592889,147.0023346,479.4841309,83,266.952301,100,1779.682007,7.194690228,83.86709595,0.96686101,0.276246011,64.38339233,0.007281064,131.0001678,11.7986393,1597,798,0.004370933,23.15715408,46314,20.84143829,7.95509E-05,413.9546509,746.4364014,0.184213445,0.518740177,7.053368092,19.86209679,104,070801030401,F070801030401_468,32
323,566.6502256,3993.794693,540_16_1,2.072238684,0.986467302,146.9836273,479.4230957,85,273.3500061,100,1822.333374,7.004166603,81.64620209,0.966737986,0.276210845,49.64985864,0.005614861,135.2500814,12.1244572,1267,634,0.003472646,48.64403741,97287,43.77963215,0.000167105,420.3336182,752.7730713,0.23183538,0.662986755,3.35735178,9.601122856,108,070802060503,F070802060503_154,16
324,565.7192895,3992.476024,69_7_2,2.006536484,0.986141562,146.9350891,479.264801,83,266.8300781,100,1778.867188,6.782093525,79.05754089,0.966418743,0.276119649,,,,,,,,5.698310047,11396,5.128478914,1.95752E-05,413.7651672,746.0948486,,,28.65081215,80.67990112,104,070801030405,F070801030405_165,24
325,566.3086713,3991.25823,446_1_2,1.996103287,0.985840797,146.890274,479.1186218,84,269.962616,100,1799.750732,6.746829033,78.64646912,0.966123998,0.276035428,114.7321856,0.012974967,137.8083213,12.3779504,3102,1550,0.008489907,195.0083312,390017,175.5074984,0.000669905,416.8529053,749.0812378,0.094767921,0.268937349,0.836945832,2.375128746,108,070802060603,F070802060603_420,16
326,565.2809527,3990.735556,686_3_1,2.009228945,0.985711694,146.871048,479.0558777,77,247.4328308,100,1649.552246,6.791193962,79.16362,0.965997458,0.275999278,63.11405802,0.007137516,149.1340892,13.2230374,1747,873,0.004781735,116.7884073,233577,105.1095657,0.000401199,394.303894,726.4887085,0.168237165,0.451665401,1.397313833,3.751360655,108,070801030408,F070801030408_110,16
327,564.3565917,3990.544832,137_33_1,2.03852725,0.985664546,146.8640137,479.032959,79,253.8469696,100,1692.31311,6.890222073,80.31797028,0.965951264,0.275986075,52.24669182,0.005908535,133.1248589,11.95609164,1297,650,0.003560284,60.57204139,121144,54.51483798,0.000208081,400.7109985,732.8799438,0.225944638,0.616478443,2.694019079,7.350494385,108,070802060602,F070802060602_97,32
328,560.2465157,3988.344986,594_39_1,2.038452148,0.985121191,146.7830505,478.7688904,7,22.48044777,100,149.8696594,6.889968395,80.3150177,0.965418756,0.275833935,33.1939387,0.003753875,149.5097961,13.3386097,839,420,0.002300491,12.20794836,24417,10.9871535,4.19375E-05,169.263504,501.2493286,0.34948346,0.403008342,13.35951614,15.40558243,108,070802060804,F070802060802_276,32
329,566.5782334,3986.914611,458_30_2,2.020842552,0.984767914,146.730423,478.5971985,79,253.6171265,100,1690.780884,6.830447674,79.62119293,0.965072572,0.275735021,105.7097256,0.011954625,137.3746605,8.574892322,2288,1144,0.006266099,96.30044699,192601,86.67040253,0.000330817,400.3475342,732.2143555,0.128260866,0.349954128,1.692970395,4.619195461,108,070802060801,F070802060801_72,24
330,566.1086535,3986.77147,440_1_1,2.035173893,0.984732568,146.7251587,478.5800171,63,202.2443695,100,1348.295776,6.878887653,80.18585205,0.965037942,0.275725126,22.42479268,0.002536001,155.1791687,10.62290558,636,318,0.0017418,11.33667965,22673,10.20301207,3.89445E-05,348.9695435,680.8244019,0.461399883,1.097388506,14.38057327,34.20259857,108,070801030303,F070801030303_3,8
331,565.3108431,3986.134035,187_2_1,1.9737252,0.984575093,146.7016907,478.5035095,69,221.4701233,100,1476.467529,6.671191216,77.76477051,0.964883566,0.275681019,199.9999996,0.022617833,145.1667233,11.64601023,5013,2508,0.013737218,64.16229521,128325,57.74606524,0.000220414,368.171814,699.9736328,0.058493499,0.146798968,2.540462017,6.375703812,108,070801030607,F070801030607_27,32
332,569.2499478,3985.832612,442_3_1,2.040518284,0.984500647,146.6905975,478.4673157,76,243.9198761,100,1626.132568,6.896951675,80.39642334,0.96481061,0.275660187,139.0102387,0.015720552,143.8066437,10.89888579,3525,1762,0.009651108,52.30221853,104605,47.07199776,0.000179672,390.6104736,722.387207,0.083252326,0.221685857,3.116302729,8.298149109,108,070801030301,F070801030301_424,8
333,564.4497623,3985.592423,34_1_1,2.058734179,0.98444134,146.6817627,478.4384766,76,243.9050751,100,1626.033813,6.958521366,81.11412811,0.964752495,0.275643587,26.26511085,0.002970299,130.9999313,11.79862309,652,326,0.001785619,7.849525094,15699,7.064572781,2.69652E-05,390.586853,722.3435669,0.449944049,1.198119164,20.76300621,55.28810501,104,070801030403,F070801030402_91,32
334,547.8371939,3982.335673,504_9_2,2.132910967,0.983636916,146.5619049,478.0475464,78,250.1191864,100,1667.461182,7.209239006,84.03668976,0.963964164,0.275418341,62.78014457,0.007099754,142.3319244,12.65256071,1670,836,0.004579073,69.04791069,138096,62.14311808,0.000237198,396.6810913,728.166748,0.175313279,0.474498928,2.358457565,6.383347034,108,070802060501,F070802060501_289,16
335,564.0139337,3979.04281,430_20_1,1.980104923,0.982823551,146.4407043,477.6522522,69,221.0762177,100,1473.841431,6.692754745,78.01613617,0.963167071,0.275190592,83.71765471,0.00946756,143.2779694,12.79703935,2246,1122,0.006145597,95.45858479,190918,85.91272497,0.000327925,367.5169067,698.7284546,0.130517557,0.32755518,1.704528689,4.277793407,108,070801030302,F070801030302_156,16
336,560.3209037,3977.47359,27_7_2,2.07796979,0.982436001,146.3829651,477.4638977,61,195.3670502,100,1302.447021,7.023538113,81.87200928,0.962787271,0.275082082,20.1205734,0.002275419,131.0004349,8.249105573,487,244,0.001336476,9.642122269,19284,8.677909851,3.31232E-05,341.75,672.8309326,0.599930167,1.400614738,16.8684597,39.38160324,104,070801030202,F070801030202_218,32
337,562.1162479,3976.650296,499_10_1,2.03950882,0.98223263,146.3526611,477.3650513,78,249.7619934,100,1665.079956,6.893539906,80.35664368,0.962587953,0.275025129,200.0000053,0.022617834,130.9995537,11.79859606,4960,2479,0.013578374,76.17822927,152356,68.56040631,0.000261692,396.1146545,727.1270752,0.059036974,0.159788087,2.134652853,5.777600765,108,070802060704,F070802060704_476,32
338,504.1593248,3970.445607,399_1_2,2.166469812,0.980700076,146.1243134,476.6202393,92,294.1315613,100,1960.877075,7.322668076,85.35890961,0.961086094,0.274596035,79.97344208,0.00904413,130.9999161,11.79862165,1984,992,0.005433541,69.6719265,139344,62.70473289,0.000239341,440.2558594,770.7518311,0.147302732,0.44380632,2.330355406,7.021094799,108,070802060601,F070802060601_133,16
339,564.1126098,3970.058937,493_9_2,1.983511329,0.980604529,146.1100769,476.5737915,78,249.3480225,100,1662.32019,6.704268456,78.15034485,0.960992455,0.274569273,30.43707371,0.003442103,154.7994919,13.73753119,870,435,0.002382651,16.7374764,33475,15.06372905,5.74976E-05,395.4580994,725.921814,0.335885227,0.909099102,9.699462891,26.25233841,108,070802060501,F070802060501_294,16
340,562.6059957,3969.931226,138_16_1,1.972476482,0.980572999,146.1053772,476.5584717,79,252.5367737,100,1683.578491,6.66697073,77.71557617,0.960961521,0.274560452,80.49401093,0.009103001,135.2503433,12.11360216,2041,1020,0.005586907,107.3670998,214734,96.63039017,0.000368834,398.6421509,729.0952148,0.143240571,0.390825629,1.512002349,4.125432491,108,070802060602,F070802060602_181,24
341,562.6132895,3967.94773,389_16_1,2.013565779,0.980083108,146.0323792,476.3204041,92,293.9465332,100,1959.643555,6.805852413,79.33448792,0.960481465,0.274423271,109.8296614,0.012420545,131.0002975,11.7986486,2726,1363,0.007465641,110.3636694,220728,99.32730341,0.000379128,439.9789124,770.2669678,0.107140407,0.322801828,1.47021389,4.429586887,108,070802060601,F070802060601_311,16
342,561.1607247,3965.942895,430_9_1,1.942768931,0.979587913,145.9586029,476.0797119,70,223.5419617,100,1490.279785,6.566558838,76.54509735,0.959996164,0.274284601,34.36475715,0.003886282,139.4990845,12.46109915,948,474,0.002596268,36.68755235,73374,33.01879825,0.000126031,369.5005493,699.6217041,0.307929546,0.779537022,4.420469761,11.19061184,108,070801030302,F070801030302_120,16
343,562.5715052,3965.494254,393_13_2,1.93564415,0.979477108,145.9420929,476.0258789,51,162.8478546,100,1085.652344,6.542477131,76.26438141,0.959887564,0.274253577,199.9999996,0.022617833,136.4082905,11.28406885,5158,2579,0.01412611,188.1371084,376274,169.3233959,0.0006463,308.7899475,638.8737183,0.056588635,0.119732432,0.861913323,1.823669672,108,070801030408,F070801030408_146,8
344,544.4548789,3964.817705,84_16_2,2.14040637,0.979309976,145.9171906,475.9446411,78,249.0189362,100,1660.126221,7.234573364,84.33200836,0.959723771,0.274206787,34.39914101,0.00389017,133.1253853,11.95612812,856,428,0.00234431,27.07480472,54151,24.36732334,9.3009E-05,394.9361267,724.963562,0.340928018,0.92274797,5.988232136,16.20761299,104,070801030406,F070801030406_416,24
345,564.9325162,3964.653284,489_28_2,2.003373861,0.979269385,145.9111328,475.9249268,78,249.0086212,100,1660.057495,6.77140379,78.93292999,0.959684014,0.274195433,199.9999998,0.022617833,138.235179,11.5731277,5179,2591,0.014191839,85.70506886,171410,77.13456196,0.000294419,394.9197388,724.9335327,0.056314602,0.15241982,1.891644001,5.119880676,108,070802060502,F070802060502_261,16
346,561.1610373,3963.619751,102_5_1,1.999337912,0.979014099,145.8731079,475.8008423,78,248.9435272,100,1659.623535,6.757761955,78.77391052,0.959433794,0.274123937,61.81958343,0.006991125,140.348896,12.51920509,1599,800,0.004381888,70.25972986,140519,63.23375711,0.000241361,394.8166504,724.7443848,0.182341382,0.493520826,2.306886673,6.243763924,104,070801030406,F070801030406_492,24
347,562.1363965,3963.300708,566_1_2,1.94608736,0.978935301,145.8613586,475.7625427,75,239.3496857,100,1595.664551,6.577775478,76.67584229,0.959356606,0.274101883,39.84850979,0.004506435,138.9326782,12.41781402,1055,528,0.002892046,26.16065741,52321,23.54459143,8.98687E-05,385.2110596,715.1122437,0.276252568,0.729566395,6.195111275,16.36091423,108,070802060503,F070802060503_256,24
348,547.9413095,3961.186056,845_34_1,1.950186133,0.978412926,145.7835236,475.508667,19,60.60289764,100,404.0193176,6.591629028,76.83733368,0.958844662,0.273955613,91.81063652,0.010382788,131.0002899,11.79864788,2278,1140,0.00624419,47.5275383,95055,42.77478504,0.00016327,206.3864136,536.1115723,0.12788029,0.181040719,3.408164978,4.824954987,108,070802060302,F070802060302_80,32
349,558.9435954,3958.04821,658_22_2,2.005402803,0.977637887,145.668045,475.132019,55,175.290329,100,1168.602173,6.778261662,79.01287079,0.95808512,0.273738623,28.89563525,0.003267783,136.6672668,8.533798019,645,323,0.001769187,24.53793955,49076,22.08414614,8.42942E-05,320.958374,650.4223633,0.450984657,0.993679166,6.596045971,14.53342915,104,070801030401,F070801030401_616,24
350,560.5745296,3957.587118,559_4_1,1.960015059,0.977524042,145.6510773,475.0766907,82,261.3111572,100,1742.074341,6.62485075,77.22459412,0.95797354,0.273706734,66.07824433,0.007472734,131.0009359,11.79869366,1639,818,0.00448048,46.14574575,92292,41.53117061,0.000158523,406.9622192,736.3878174,0.178057551,0.497508824,3.507030487,9.798958778,108,070802060501,F070802060501_73,16
351,560.6791076,3956.055648,112_12_2,1.992747664,0.977145731,145.5947113,474.8928223,48,152.9034882,100,1019.356567,6.735486984,78.51425934,0.957602799,0.273600817,199.9999988,0.022617833,137.4234294,12.32870541,5168,2584,0.014153497,58.36859489,116736,52.53173473,0.000200511,298.4981995,627.7963257,0.056344703,0.115517877,2.771557331,5.682245255,104,070801030404,F070801030404_74,24
352,560.3006456,3955.228289,701_10_2,2.006307364,0.976941407,145.56427,474.7935181,78,248.4164276,100,1656.109497,6.781318665,79.04850769,0.957402587,0.273543596,140.4715648,0.015885812,148.283783,13.20143914,3919,1959,0.010730147,80.5853492,161170,72.52681524,0.000276832,393.9807129,723.2099609,0.074305393,0.201113179,2.007040739,5.432207584,108,070801030302,F070801030302_115,16
353,562.2672287,3953.540633,194_1_1,2.050797462,0.976524532,145.5021515,474.5909119,70,222.8427277,100,1485.618164,6.931695461,80.80142212,0.956994057,0.273426861,25.5175084,0.002885754,138.0829468,12.38993263,635,317,0.001736323,47.66776717,95336,42.90099047,0.000163751,368.3448792,697.4336548,0.458997309,1.161971211,3.391580343,8.585929871,108,070801030408,F070801030408_23,8
354,560.0784717,3952.336639,496_9_1,1.957404375,0.976227164,145.45784,474.4464111,86,273.6950378,100,1824.633545,6.616026878,77.12173462,0.95670265,0.273343593,180.2124258,0.020380073,137.0925827,12.27395236,4491,2245,0.012296672,90.44409211,180888,81.39968309,0.000310699,419.1528931,748.1414795,0.06479191,0.186705068,1.786958337,5.149318695,108,070802060502,F070802060502_542,8
355,561.2942906,3951.260687,458_92_1,1.986553788,0.975961387,145.4182434,474.3172302,78,248.1674652,100,1654.449707,6.714551926,78.2702179,0.956442177,0.273269176,128.0321861,0.014479053,138.933493,10.52939341,3352,1676,0.009180055,262.5172601,525035,236.265532,0.000901815,393.5856934,722.4846802,0.086765058,0.23483634,0.615486503,1.665861726,108,070802060801,F070802060801_93,24
356,557.7781601,3950.879239,508_5_1,1.9136374,0.975867152,145.4042053,474.2714233,81,257.6874695,100,1717.916504,6.468094349,75.39731598,0.95634979,0.273242801,199.9999976,0.022617833,139.4996887,12.50818825,5315,2659,0.014564299,379.4349465,758870,341.491457,0.001303458,403.0916748,731.9588623,0.054683793,0.15159522,0.425791621,1.180385828,108,070802060502,F070802060502_8,16
357,557.6683771,3949.162319,160_14_2,2.056167364,0.975443065,145.3410187,474.0653381,78,248.0354309,100,1653.56958,6.949845791,81.01299286,0.955934227,0.273124069,37.48117733,0.004238715,130.9993286,11.79858036,931,466,0.00255245,81.9513284,163902,73.75619596,0.000281524,393.3764648,722.100769,0.311890602,0.84415549,1.970560074,5.333469868,108,070802060602,F070802060602_257,24
358,557.0816659,3948.705667,108_3_2,2.007149935,0.975330293,145.3242188,474.0105286,48,152.6196594,100,1017.464417,6.784166813,79.08171082,0.95582366,0.273092479,104.5896714,0.011827959,140.3200955,11.41381725,2596,1300,0.007120567,32.56683831,65132,29.31015405,0.000111876,297.9438782,626.630188,0.111787863,0.229187593,4.958152771,10.16520977,104,070801030404,F070801030404_39,24
359,559.4147308,3944.453214,723_36_2,2.03169775,0.97427994,145.1677094,473.500061,78,247.7397308,100,1651.598145,6.867138386,80.04888916,0.954794347,0.272798389,,,,,,,,17.6035375,35207,15.8431839,6.04728E-05,392.9074402,721.2398071,,,9.162786484,24.79977798,108,070801010405,F070801010405_242,32
360,559.175118,3944.046168,476_14_2,1.964086533,0.974179387,145.1527252,473.4511719,78,247.7140045,100,1651.426758,6.63861227,77.38500977,0.954695821,0.272770226,200.0000003,0.022617833,138.386312,12.00131637,4670,2336,0.012795112,285.5079743,571017,256.9571763,0.000980795,392.8667297,721.1651611,0.062137298,0.168179244,0.564890742,1.528919101,108,070802060704,F070802060704_563,32
361,562.8238107,3943.878984,118_10_1,1.93981719,0.974138081,145.1465759,473.4311218,40,107.7781143,100,718.520752,6.556581974,76.42879486,0.95465529,0.272758663,199.999998,0.022617833,145.1993453,12.93557728,5456,2726,0.014931282,253.231943,506464,227.9087526,0.000869918,252.9246826,581.2092285,0.053245258,0.092782348,0.636862695,1.109762907,104,070801030406,F070801030406_52,16
362,559.7696551,3943.255608,441_8_2,1.843301892,0.973984122,145.1236267,473.3562927,78,247.6644592,100,1651.096436,6.230360508,72.626091,0.95450443,0.272715569,28.88022736,0.003266041,137.7984924,12.36226439,717,359,0.001966372,16.72504327,33450,15.0525388,5.74549E-05,392.7880859,721.020752,0.404244095,1.094117284,9.641139984,26.09447479,108,070801030303,F070801030303_642,8
363,558.9061612,3942.683058,135_10_1,1.932972193,0.97384274,145.1025696,473.2875671,78,247.6286926,100,1650.85791,6.533445835,76.15910339,0.954365909,0.272675961,74.9809123,0.008479529,146.1112722,13.02875106,1981,991,0.005428063,41.46547849,82931,37.31893112,0.000142445,392.7312622,720.9162598,0.14642036,0.396297932,3.888175964,10.52364731,104,070801030603,F070801030603_811,24
364,559.3833151,3940.85759,389_18_2,2.004807949,0.973391831,145.0353851,473.0684204,86,272.900116,100,1819.334106,6.776250839,78.98943329,0.953924,0.272549719,89.71163362,0.010145414,139.4997152,12.45025794,2430,1215,0.006654992,102.8884826,205777,92.59963429,0.000353449,417.9354858,745.9685059,0.119370684,0.343979836,1.56626308,4.513360023,108,070802060601,F070802060601_66,16
365,558.4433151,3940.452098,70_4_2,2.077572346,0.973291695,145.020462,473.0197754,78,247.4886169,100,1649.924072,7.022194386,81.85635376,0.953825831,0.272521675,70.20827375,0.007939795,135.2490794,12.12438933,1757,880,0.004820076,33.88367879,67767,30.49531172,0.000116399,392.5090942,720.5084229,0.16479598,0.446033061,4.755500317,12.87112904,104,070801030601,F070801030601_306,32
366,559.7374907,3940.061561,144_6_2,1.96873641,0.973195195,145.0060883,472.9728699,78,247.4640808,100,1649.760498,6.6543293,77.56821442,0.953731298,0.272494644,65.31549835,0.007386475,151.3999329,13.42152309,1843,922,0.005050126,42.52819443,85056,38.27537537,0.000146095,392.4701538,720.4369507,0.157273412,0.425672621,3.788495541,10.25385475,108,070801030407,F070801030407_506,16
367,555.404159,3940.035623,855_27_1,1.924475074,0.973188818,145.005127,472.9697571,37,103.515564,100,690.1037598,6.504725933,75.82431793,0.95372504,0.272492856,103.133081,0.011663234,131.0013618,11.79872346,2558,1279,0.007005543,240.9242368,481848,216.8318179,0.000827638,248.5206909,576.4853516,0.113373831,0.194308594,0.668744683,1.146144986,104,070801030401,F070801030401_80,32
368,554.74453,3939.876325,92_7_2,2.009432793,0.973149478,144.9992676,472.9506531,78,247.4522552,100,1649.681641,6.791882992,79.17165375,0.953686476,0.272481859,199.9999998,0.022617833,140.4443207,12.52649956,5185,2594,0.014208271,336.4271577,672855,302.7844431,0.001155715,392.4515381,720.4028931,0.055897944,0.151292041,0.478886127,1.296141744,108,070801030406,F070801030406_385,24
369,558.8399506,3937.272458,53_23_1,2.123055696,0.972506285,144.9034424,472.6380615,78,247.2885437,100,1648.590332,7.175928116,83.64839172,0.953056157,0.272301763,200.0000001,0.022617833,135.0483776,12.11417157,5048,2522,0.013813901,197.4542077,394908,177.7087881,0.000678307,392.1919861,719.9266357,0.057455767,0.155508325,0.815398276,2.206936359,104,070801030601,F070801030601_201,32
370,557.9603726,3931.007209,92_6_2,2.000636816,0.970958769,144.6728516,471.8859558,78,246.895401,100,1645.96936,6.762152672,78.8250885,0.951539576,0.271868467,35.68669653,0.004035779,142.3325551,12.68193817,974,487,0.002667474,70.69419718,141388,63.62477565,0.000242853,391.5682373,718.7813721,0.29706952,0.804041564,2.273844481,6.154335976,108,070801030406,F070801030406_677,24
371,556.7987511,3930.325365,166_54_1,1.880795002,0.970790386,144.6477661,471.8041382,78,246.8525848,100,1645.683838,6.357087135,74.10332489,0.95137459,0.27182132,135.1230812,0.015280957,141.540976,12.64069042,3731,1865,0.010215276,70.55293727,141106,63.49764347,0.000242368,391.5003662,718.6567383,0.077559121,0.209919766,2.278002024,6.165588856,108,070802060406,F070802060406_122,32
372,555.4618102,3929.175843,425_6_1,1.921945214,0.97050643,144.6054535,471.6661377,78,246.7801208,100,1645.200806,6.496174812,75.72463989,0.951096296,0.271741807,200.0000004,0.022617833,143.927247,12.15556321,5176,2588,0.014175407,133.3953772,266790,120.0558379,0.000458248,391.3855591,718.4462891,0.055875368,0.151230901,1.20448494,3.260029316,108,070801030302,F070801030302_109,16
373,554.3364967,3929.103239,483_18_1,1.996722817,0.970488489,144.6027832,471.6574097,70,221.4654541,100,1476.436401,6.748923302,78.67087555,0.951078713,0.271736771,118.780386,0.013432775,148.9710192,13.21904373,3277,1638,0.008971915,154.3451807,308691,138.9106644,0.000530216,366.0682373,693.1228638,0.088280089,0.223484889,1.040976882,2.635278225,108,070801010403,F070801010403_47,32
374,560.8425187,3928.098701,415_1_1,1.955885053,0.970240355,144.5658112,471.5368042,86,272.016571,100,1813.443848,6.610891342,77.06187439,0.950835526,0.271667302,49.57858133,0.0056068,130.9972748,11.7984354,1230,616,0.003374053,43.56820416,87137,39.21138465,0.000149668,416.5823975,743.5533447,0.234684765,0.676270127,3.686832666,10.62401676,108,070802060601,F070802060601_160,16
375,558.7205061,3926.299011,128_44_1,2.051038027,0.969795883,144.499588,471.3208008,78,246.5997009,100,1643.998047,6.932508469,80.81089783,0.950399995,0.271542847,199.9999993,0.022617833,149.2950156,13.30798967,5347,2674,0.014646459,429.1384239,858277,386.2245736,0.001474203,391.0993042,717.9205322,0.054038741,0.146260023,0.374133587,1.012621522,108,070801030406,F070801030406_497,16
376,553.4649803,3926.047771,814_3_1,1.918887854,0.969733775,144.4903259,471.2906189,47,114.2346573,100,761.5643921,6.485840797,75.60417938,0.950339079,0.271525443,65.01848459,0.007352886,142.3345439,9.799070686,1072,536,0.002935865,9.271145344,18543,8.344030917,3.18488E-05,258.7249756,585.5252686,0.269571513,0.482695848,17.31661034,31.00719261,108,070801030409,F070801030409_380,16
377,557.5697103,3925.672652,387_7_1,1.978542566,0.969641149,144.476532,471.2456055,82,259.2044678,100,1728.029785,6.687473774,77.95457458,0.950248301,0.271499515,24.2674229,0.002744383,130.9998322,8.249076962,601,301,0.001648685,31.3589735,62718,28.22307587,0.000107726,403.6809998,730.4500732,0.479988486,1.341132879,5.119092464,14.30322456,108,070802060601,F070802060601_205,16
378,557.5687844,3923.937809,496_38_2,1.94806397,0.969212651,144.4126892,471.0373535,36,113.7467041,100,758.3113403,6.584456444,76.75372314,0.949828386,0.27137953,55.67510605,0.006296251,139.4985962,12.46104908,1480,740,0.004053246,37.23183727,74464,33.50865269,0.000127901,258.1593933,584.7840576,0.195152283,0.348864049,4.309713364,7.704260826,108,070802060502,F070802060502_433,16
379,556.6654731,3920.43531,165_3_1,1.893551707,0.968347549,144.283783,470.6169128,78,246.2314148,100,1641.542725,6.400204659,74.60593414,0.94898057,0.271137327,99.45125269,0.011246859,136.4400299,12.24963188,2546,1272,0.006967201,25.70603938,51413,23.13543577,8.8307E-05,390.5151978,716.8483276,0.113430649,0.307008803,6.236484528,16.87952614,108,070802060406,F070802060406_104,32
380,554.1228423,3919.898597,658_22_1,2.005402803,0.968214929,144.2640228,470.5524597,59,186.2263641,100,1241.509033,6.778261662,79.01287079,0.948850632,0.271100193,56.33987929,0.00637143,131.0020111,7.805480972,1001,500,0.00273868,37.00323891,74007,33.30291562,0.000127116,330.490387,656.7788086,0.288528055,0.660980761,4.331873894,9.92376709,104,070801030401,F070801030401_616,24
381,549.1905794,3919.237923,163_27_2,1.936300039,0.968051791,144.2397156,470.473175,80,252.4676361,100,1683.117554,6.544693947,76.29022217,0.948690772,0.271054506,59.38596344,0.006715909,141.1989136,12.60999727,1655,827,0.004529776,196.0065079,392013,176.4058514,0.000673334,396.7073364,722.9407959,0.174413204,0.479694486,0.817658365,2.248833179,108,070801030407,F070801030407_367,16
382,558.3405058,3918.933339,533_10_1,2.080122948,0.967976511,144.2285004,470.4365845,84,265.0702209,100,1767.134766,7.030815601,81.95684052,0.948616982,0.271033436,21.98606762,0.002486386,131.0024058,11.79879729,545,272,0.001489842,10.88330832,21767,9.794977454,3.7387E-05,409.2987061,735.5068359,0.530251861,1.50477469,14.72474003,41.78659058,108,070802060501,F070802060501_191,16
383,552.1963869,3916.345297,93_1_1,2.01318574,0.96733731,144.133255,470.125946,78,245.9744263,100,1639.829468,6.804567814,79.31951904,0.947990537,0.270854443,68.66155335,0.007764878,138.0837479,12.38998008,2023,1011,0.005537611,221.1607878,442322,199.0447166,0.000759745,390.107666,716.1003418,0.142565042,0.385863185,0.724124968,1.959899664,108,070801030406,F070801030406_696,24
384,556.6367567,3915.84685,111_19_1,1.926852465,0.967214167,144.1149139,470.0660706,78,245.943222,100,1639.62146,6.512761116,75.91798401,0.947869897,0.270819962,34.49520493,0.003901034,142.3330078,12.65264797,918,459,0.002514108,65.55696106,131114,59.00126648,0.000225205,390.058136,716.0092773,0.313975841,0.849799871,2.442573309,6.611012936,108,070802060301,F070802060301_94,32
385,552.6724935,3915.470357,612_2_1,1.961220145,0.967121184,144.101059,470.0209045,71,223.8495636,100,1492.330444,6.628923893,77.27207184,0.947778761,0.270793945,92.84833254,0.010500141,140.7466675,12.55902977,2422,1212,0.00663856,33.03643958,66071,29.73279564,0.000113489,367.9506226,693.8704834,0.118895262,0.303589612,4.846535683,12.37524509,108,070802060804,F070802060804_167,32
386,554.2480337,3914.380458,556_5_2,1.955045342,0.96685195,144.0609436,469.8900452,85,267.9144592,100,1786.096436,6.608053207,77.02878571,0.947514892,0.270718545,200.0000001,0.022617833,135.1721566,12.12384649,5185,2594,0.014208271,140.3881643,280776,126.3493465,0.00048227,411.9754028,737.8045044,0.055536214,0.158818588,1.140179515,3.260605812,108,070802060501,F070802060501_19,16
387,553.5000478,3913.295336,84_33_2,2.025789499,0.966583967,144.0210114,469.7597961,78,245.7830505,100,1638.553711,6.847168446,79.8161087,0.947252274,0.270643502,78.72936257,0.008903438,133.8361104,12.00878779,2046,1023,0.005603339,42.8862056,85772,38.59758694,0.000147325,389.8040771,715.5428467,0.140782997,0.381040156,3.731347561,10.09918213,104,070801030406,F070801030406_420,24
388,556.0758431,3912.666041,416_2_2,1.986107588,0.966428518,143.9978485,469.6842651,91,286.7005615,100,1911.337036,6.71304369,78.25263977,0.947099924,0.270599991,32.23411745,0.003645329,131.0019226,8.249175509,795,397,0.002174512,20.55779934,41115,18.50201941,7.06214E-05,430.6984253,756.3848267,0.362714976,1.084882736,7.782817841,23.27845573,108,070802060601,F070802060601_356,16
389,558.942542,3910.921758,441_7_1,1.923832297,0.965997696,143.9336548,469.474884,78,245.6341705,100,1637.561157,6.502552986,75.79899597,0.946677744,0.270479351,34.39190942,0.003889352,140.0673396,12.55034558,943,471,0.002579836,20.23594227,40472,18.21234772,6.95158E-05,389.5678101,715.1090698,0.305591613,0.827107906,7.90308094,21.39031219,108,070801030303,F070801030303_662,8
390,542.6766644,3910.092329,589_12_2,2.025601864,0.965792835,143.9031372,469.3753052,69,217.2450714,100,1448.300537,6.846534252,79.80871582,0.946476996,0.270421982,21.88903594,0.002475413,142.3353729,12.68217119,576,288,0.00157748,22.65825534,45316,20.39242935,7.7837E-05,361.1481934,686.6203613,0.499663681,1.253986835,7.056694031,17.70991516,108,070802060802,F070802060802_149,24
391,555.107561,3909.714781,475_5_2,1.983483315,0.965699553,143.8892365,469.3299866,82,258.1504211,100,1721.002808,6.704173565,78.14924622,0.946385562,0.270395875,77.38319904,0.008751201,139.4997406,8.690761685,2097,1049,0.00574575,39.68151474,79363,35.71336317,0.000136316,402.0396729,727.4804077,0.137168005,0.383259922,4.029002666,11.25740147,108,070801030301,F070801030301_301,16
392,554.0288709,3907.934401,93_21_2,1.973212957,0.96525979,143.8237152,469.116272,79,248.5930023,100,1657.286621,6.66945982,77.74459076,0.945954621,0.270272732,130.901639,0.014803557,137.610939,12.33516598,3316,1660,0.009092417,146.5804982,293162,131.9224482,0.000503542,392.4167175,717.7092896,0.08664079,0.236395612,1.090214133,2.974601507,108,070801030406,F070801030406_690,24
393,554.4546785,3907.34827,498_1_2,2.112662315,0.965115011,143.8021393,469.0458984,92,289.4570313,100,1929.713501,7.140798569,83.2388916,0.945812702,0.270232201,31.39158008,0.003550048,130.9979706,9.136363357,771,386,0.002114261,48.8638314,97728,43.9774487,0.00016786,433.2591553,758.5029297,0.372544408,1.122433066,3.269906282,9.851848602,108,070802060704,F070802060704_471,32
394,553.7653794,3907.003393,54_24_1,1.830190897,0.965029836,143.789444,469.0044861,78,245.3877869,100,1635.918579,6.18604517,72.10951996,0.945729256,0.270208359,193.6603364,0.021900886,133.8334554,12.00860198,4856,2428,0.013299029,89.43406075,178867,80.49065444,0.000307229,389.1772461,714.3922729,0.059221353,0.160287172,1.786411643,4.835061073,104,070801030405,F070801030405_118,32
395,556.1022291,3906.76584,545_3_1,1.941685915,0.964971185,143.7807007,468.9759827,70,220.2063904,100,1468.042603,6.562898159,76.50242615,0.945671737,0.270191938,200.0000001,0.022617833,136.4300117,12.24529433,5124,2562,0.014032995,227.480272,454962,204.7322454,0.000781454,363.9870911,689.182373,0.056120493,0.142071471,0.702286541,1.777868867,108,070801010301,F070801010301_495,24
396,553.2459265,3906.268536,93_26_2,1.968414187,0.96484834,143.7624054,468.9162903,79,248.486618,100,1656.577393,6.653239727,77.5555191,0.945551395,0.270157546,,,,,,,,17.75653315,35513,15.98087969,6.09983E-05,392.2490234,717.4028931,,,8.995900154,24.54489517,108,070801030406,F070801030406_463,24
397,553.6307537,3905.21578,103_23_2,2.009868383,0.964588284,143.7236481,468.789917,78,245.2755127,100,1635.170044,6.793354988,79.18881226,0.945296526,0.270084709,76.57842048,0.00866019,138.1394287,12.3755621,1999,998,0.005466405,73.45332198,146907,66.10799097,0.000252331,388.9991455,714.0654297,0.144011676,0.389778703,2.174073696,5.884298325,108,070801030406,F070801030406_344,24
398,552.4662429,3904.872225,526_6_1,1.970336199,0.964503467,143.7110138,468.7486877,86,270.4079285,100,1802.719482,6.659736156,77.63124847,0.945213377,0.270060956,199.9999937,0.022617833,133.4283665,11.98790891,4997,2498,0.013682444,155.2515387,310504,139.7263835,0.00053333,414.1189575,739.1566162,0.057530429,0.165780202,1.028517365,2.963784933,108,070801010301,F070801010301_248,24
399,551.5968732,3904.340678,703_25_1,1.933392406,0.964372158,143.691452,468.6848755,78,245.2205505,100,1634.803711,6.534866333,76.17565918,0.945084691,0.27002421,45.27916696,0.005120583,145.1672414,12.93778674,1179,590,0.003231642,18.30516399,36610,16.47464744,6.2883E-05,388.9119873,713.9053955,0.243544832,0.659172833,8.721974373,23.60669518,108,070801030303,F070801030303_221,8
400,552.2756083,3903.298235,658_25_1,1.872763276,0.964114666,143.6530914,468.5597229,78,245.154953,100,1634.366333,6.329939842,73.78687286,0.944832385,0.269952118,29.97320307,0.003389645,131.0007133,11.79867768,743,372,0.002037578,6.203301558,12406,5.58297126,2.131E-05,388.8080444,713.7146606,0.386164218,1.045182943,25.73058128,69.64177704,104,070801030401,F070801030401_516,24
401,552.1275229,3901.976051,559_13_2,1.95219481,0.963788092,143.6044312,468.401001,78,245.0714722,100,1633.809814,6.598418236,76.91647339,0.944512308,0.269860655,200.0000001,0.022617833,134.8638153,12.09682499,5060,2530,0.01385772,180.7422483,361486,162.6680248,0.000620897,388.6759033,713.4724731,0.056760646,0.153626844,0.882806778,2.38938117,108,070802060501,F070802060501_268,16
402,551.4826767,3901.933498,61_3_1,1.966251135,0.963777602,143.6028595,468.3959045,78,245.0691223,100,1633.794189,6.64592886,77.47029114,0.944502056,0.269857734,37.23748779,0.004211156,147.9999084,13.12368488,1028,514,0.002815363,15.6336937,31267,14.07032394,5.37058E-05,388.6719971,713.4650269,0.279383004,0.756171227,10.20608044,27.62352943,104,070801030202,F070801030202_169,32
403,554.9948703,3901.894293,494_4_2,1.970542073,0.963767886,143.6014099,468.3912048,78,245.0665588,100,1633.7771,6.660432339,77.63935852,0.944492519,0.269855022,30.44285519,0.003442757,136.1019745,12.18978233,796,397,0.002174512,37.76722116,75534,33.99049942,0.00012974,388.6679688,713.4577637,0.36171639,0.979012489,4.224751472,11.4346056,108,070802060501,F070802060501_455,16
404,556.1946612,3898.100158,612_6_1,2.028655291,0.962830722,143.4617767,467.93573,86,269.9380798,100,1799.587158,6.856854916,79.92901611,0.943574131,0.269592613,30.24871644,0.003420802,139.1602997,12.44781761,788,394,0.00215808,13.86092617,27722,12.47483339,4.76159E-05,413.3998413,737.8737793,0.364116192,1.049238205,11.50009537,33.13870621,108,070802060804,F070802060804_380,32
405,552.605002,3897.732407,166_14_2,2.075311661,0.962739885,143.4482422,467.891571,78,244.8054962,100,1632.036621,7.014553547,81.76728058,0.943485081,0.269567162,24.06459212,0.002721445,145.7329254,12.99194876,683,341,0.00186778,15.17345029,30347,13.6561051,5.21248E-05,388.2537231,712.6970825,0.420669317,1.138574004,10.50433064,28.43078041,108,070802060406,F070802060406_103,32
406,552.4535601,3896.200373,105_5_1,1.953402996,0.962361515,143.391861,467.7077026,86,269.8076782,100,1798.717896,6.602502346,76.96408081,0.943114281,0.269461215,39.14040124,0.004426355,131.0000916,11.79863405,971,486,0.002661997,55.17186546,110344,49.65467894,0.00018953,413.1995239,737.5153809,0.295044988,0.850204766,2.887781382,8.321461678,108,070802060602,F070802060602_531,24
407,552.9893716,3894.512149,496_28_2,1.898121357,0.96194452,143.3297272,467.5050354,86,269.6907654,100,1797.938477,6.415650368,74.78598022,0.942705631,0.269344479,78.32374787,0.008857567,153.9500275,13.65621662,2214,1108,0.006068914,77.91475582,155830,70.12328029,0.000267658,413.0205078,737.1958008,0.129358962,0.372762203,2.043967724,5.889919758,108,070802060502,F070802060502_542,8
408,547.0406518,3894.361101,185_7_2,2.059152842,0.961907208,143.324173,467.486908,78,244.5937653,100,1630.625122,6.959936619,81.13062286,0.942669034,0.269334018,26.37393761,0.002982607,130.9995728,11.79859734,654,327,0.001791097,73.864151,147728,66.47773743,0.000253743,387.9179382,712.0806885,0.438300222,1.186293364,2.155972481,5.835306168,108,070802060602,F070802060602_148,24
409,552.6513012,3892.363416,578_4_2,1.973205209,0.961413741,143.2506409,467.2470703,79,247.6022949,100,1650.682007,6.669433594,77.74428558,0.942185462,0.269195855,59.66953061,0.006747977,143.1435896,12.73583439,1637,819,0.004485957,98.03181892,196064,88.22863753,0.000336765,390.8529358,714.8493652,0.174909204,0.47723192,1.623629808,4.430000782,108,070802060501,F070802060501_121,16
410,551.2906415,3889.21841,70_2_1,2.010891199,0.960636973,143.134903,466.8695679,78,244.270752,100,1628.47168,6.796812057,79.22911072,0.941424251,0.268978357,36.10610676,0.00408321,138.0833702,12.38995504,922,460,0.002519585,29.98329278,59966,26.98496398,0.000103,387.4056396,711.1403198,0.311162829,0.842186153,5.304246426,14.35635185,104,070801030601,F070801030601_306,32
411,550.0600914,3888.940131,434_2_1,1.944017172,0.96056819,143.1246643,466.8361511,86,269.304718,100,1795.364746,6.570777893,76.59427643,0.941356838,0.268959105,25.26869208,0.002857615,125.7495651,11.43945742,608,304,0.001665117,6.351883978,12704,5.716695607,2.18204E-05,412.4293823,736.1408691,0.470804811,1.356675625,25.03625679,72.14471436,108,070801030303,F070801030303_19,8
412,550.9959157,3888.336885,106_18_2,1.892783046,0.960419238,143.1024628,466.7637634,54,169.0721893,100,1127.147949,6.39760685,74.57565308,0.941210866,0.268917382,73.39164042,0.008299799,131.0009888,11.79869728,1821,912,0.004995352,20.58056998,41161,18.52251282,7.06996E-05,312.1746521,635.8359375,0.156910598,0.342296779,7.725866795,16.85379601,104,070801030404,F070801030404_45,24
413,551.7190567,3887.338931,159_19_1,1.925702929,0.960172713,143.0657349,466.6439514,66,206.5907593,100,1377.271729,6.508875847,75.87269592,0.940969229,0.26884836,106.2001634,0.012010088,135.2467346,12.11332464,2642,1320,0.007230115,35.15963459,70319,31.64367056,0.000120783,349.6564941,673.2347412,0.108383134,0.264891297,4.521148682,11.0498085,108,070801030603,F070801030603_629,32
414,551.1831443,3887.257966,556_17_2,1.929570317,0.960152745,143.0627594,466.6342468,79,247.2777405,100,1648.518311,6.521947861,76.02507019,0.940949678,0.268842757,51.52326225,0.005826723,138.4792206,12.38816357,1354,677,0.003708172,52.17609353,104352,46.95848539,0.000179239,390.3405151,713.9119873,0.211318702,0.576573849,3.046579599,8.312459946,108,070802060501,F070802060501_53,16
415,552.7976252,3887.194462,699_15_2,1.940861821,0.96013701,143.0604095,466.6265869,16,50.08065796,100,333.8710632,6.560112953,76.46995544,0.940934241,0.268838376,35.91062665,0.004061103,131.0000458,6.474315345,813,406,0.002223808,167.4167023,334833,150.6750336,0.00057512,193.1410675,516.7072754,0.352365553,0.475716919,0.949463248,1.281838536,108,070802060406,F070802060406_164,32
416,548.7776309,3883.81085,184_4_2,1.897954345,0.959301293,142.9358978,466.2204285,67,209.5305939,100,1396.870605,6.415085793,74.77940369,0.940115273,0.268604368,200.0000004,0.022617833,132.5457139,10.26232101,4726,2362,0.012937523,459.5220136,919045,413.5698163,0.001578578,352.4664917,675.7510376,0.060514774,0.149223745,0.34561491,0.852253914,108,070802060602,F070802060602_148,24
417,551.7964147,3883.033766,61_2_1,2.036401272,0.959109366,142.9073029,466.1271667,86,268.8959045,100,1792.639404,6.883036137,80.23420715,0.939927161,0.268550634,,,,,,,,8.727519274,17455,7.854767561,2.99813E-05,411.8032227,735.0230713,,,18.1937027,52.4271698,104,070801030202,F070801030202_407,32
418,552.9078865,3882.452881,61_8_2,2.003085852,0.958965838,142.88591,466.0574036,86,268.8551025,100,1792.36731,6.770430088,78.92158508,0.939786494,0.268510431,93.2700727,0.010547835,151.7772624,13.47038714,2581,1290,0.007065794,28.79849505,57597,25.91864598,9.89304E-05,411.7410278,734.9124756,0.110764273,0.319179088,5.512861729,15.8859005,104,070801030202,F070801030202_407,32
419,548.8508729,3879.938054,133_9_2,2.021918297,0.958344698,142.7933655,465.7555237,92,287.426239,100,1916.174927,6.834084034,79.66358185,0.939177811,0.268336505,35.64706262,0.004031297,135.2509918,12.12997103,904,452,0.002475767,60.31497755,120630,54.2834796,0.000207198,430.2196045,753.1817627,0.315914512,0.951813281,2.630512476,7.925424099,108,070802060302,F070802060302_373,32
420,550.9339901,3879.016704,68_2_2,1.912655473,0.958117127,142.7594452,465.644928,78,243.6299744,100,1624.199829,6.464775562,75.35862732,0.938954771,0.268272787,96.10138452,0.010868025,132.6995728,11.92457619,2384,1192,0.006529013,46.36408307,92728,41.7276739,0.000159273,386.3894043,709.2749023,0.119764633,0.324152172,3.421217442,9.25978756,104,070801030202,F070801030202_181,32
421,552.1046573,3878.583074,112_10_1,1.982033134,0.958010018,142.7434998,465.592865,59,184.2632599,100,1228.421753,6.699272156,78.09210205,0.938849807,0.268242806,27.04021835,0.003057956,130.9990997,11.79856396,671,336,0.001840393,10.9495039,21899,9.854553223,3.76144E-05,327.0067749,649.8561401,0.424831837,0.973234475,14.48503017,33.18331909,104,070801030404,F070801030404_92,24
422,552.1713215,3877.074326,28_5_1,1.985897064,0.95763737,142.687973,465.4117737,78,243.5080261,100,1623.386841,6.712332249,78.24434662,0.938484609,0.268138468,40.35921749,0.00456419,148.9407349,13.22206879,1120,559,0.003061844,9.611911047,19224,8.650719464,3.30194E-05,386.1959839,708.9197998,0.255255759,0.690869391,16.49434662,44.64322281,104,070801030402,F070801030402_176,32
423,548.7780175,3875.862062,458_13_1,1.941445231,0.957337916,142.6433563,465.2662354,78,243.4318695,100,1622.87915,6.562084675,76.49294281,0.938191175,0.268054605,47.23316923,0.00534156,133.8345591,12.00868448,1212,605,0.003313803,60.75280402,121505,54.67752324,0.000208702,386.0752258,708.6981201,0.235774145,0.638140857,2.608811617,7.060949326,108,070802060801,F070802060801_103,24
424,556.2757971,3875.572054,594_8_2,2.106738329,0.957266271,142.6326752,465.2314148,5,15.60344028,100,104.022934,7.1207757,83.00549316,0.938120961,0.268034548,57.47838067,0.006500182,158.9546254,14.1270593,1705,852,0.00466671,20.0872006,40175,18.07848078,6.90048E-05,158.2361145,480.8348694,0.167409241,0.185723141,7.889638424,8.752733231,108,070802060804,F070802060802_276,32
425,548.8243575,3873.305688,128_41_1,1.902052522,0.956706524,142.5492706,464.9593811,78,243.2713318,100,1621.808838,6.428937435,74.94087219,0.93757242,0.267877817,157.7602177,0.017840971,156.6138153,13.91179562,4659,2329,0.01275677,569.1010776,1138202,512.1909759,0.001955011,385.8206177,708.2307129,0.061206214,0.165659353,0.278312743,0.753274918,108,070801030406,F070801030406_540,16
426,547.3882266,3871.851475,462_11_1,1.923371553,0.956347287,142.4957428,464.78479,78,243.1800079,100,1621.200073,6.500995636,75.78083801,0.937220335,0.267777234,101.7545184,0.011507334,138.9325294,12.41780448,2812,1405,0.00769569,56.78950837,113579,51.11055755,0.000195087,385.6757507,707.9647827,0.101420455,0.274502307,2.787990332,7.545911789,108,070801030301,F070801030301_116,24
427,547.9134273,3870.099341,92_10_2,1.99016571,0.955914557,142.4312744,464.5744629,78,243.0699463,100,1620.466309,6.726759911,78.41252899,0.936796248,0.267656088,32.37885904,0.003661698,159.334198,14.16399574,964,482,0.002640087,40.17008495,80340,36.15307713,0.000137995,385.5012207,707.6444092,0.295500576,0.799795091,3.939672232,10.66302681,108,070801030406,F070801030406_401,24
428,548.0889388,3869.488585,56_13_2,1.884432316,0.955763698,142.4087982,464.5011597,66,205.6417236,100,1370.944824,6.369381428,74.24663544,0.936648428,0.267613828,200.0000007,0.022617833,144.2598389,12.84529533,5471,2737,0.014991533,86.2918942,172585,77.66270396,0.000296435,348.0505371,670.1428833,0.052030981,0.127164975,1.833683252,4.481565952,104,070801030405,F070801030405_252,32
429,545.4657681,3869.23197,423_8_2,2.160670996,0.955700278,142.3993378,464.4703369,78,243.0154724,100,1620.103149,7.303068161,85.13043976,0.936586261,0.267596066,36.47417649,0.004124834,131.000679,11.79867554,904,453,0.002481244,60.28598532,120571,54.25738729,0.000207098,385.4147949,707.4858398,0.314347327,0.850805283,2.624515295,7.103452682,108,070801030303,F070801030303_773,8
430,548.3235398,3869.030865,543_4_2,1.97776401,0.955650628,142.3919373,464.4461975,70,218.0791626,100,1453.861084,6.684842587,77.92390442,0.936537623,0.267582178,66.63339995,0.007535516,147.7756012,13.19590893,1848,924,0.00506108,108.4680987,216936,97.62128961,0.000372616,360.4710999,682.5253906,0.15410383,0.390120238,1.458615661,3.692545891,108,070801010301,F070801010301_129,24
431,551.2505535,3869.015797,107_2_1,1.937640429,0.955646873,142.3913879,464.4443665,60,186.9243317,100,1246.162231,6.549224854,76.34303284,0.936533928,0.267581135,102.4146898,0.011581992,131.0002391,11.79864438,2539,1268,0.006945292,36.1498334,72301,32.5348493,0.000124184,329.3157349,651.3687134,0.112296045,0.259712726,4.376580715,10.12193775,104,070801030404,F070801030404_124,24
432,546.9777667,3867.374757,680_22_1,1.845011473,0.955241561,142.3309937,464.247406,7,21.79859543,100,145.3239746,6.236138821,72.69345093,0.936136723,0.267467648,167.0183258,0.018887963,157.7466309,11.87119331,4941,2471,0.013534555,361.0496583,722099,324.9446907,0.0012403,164.1295929,486.04599,0.057600565,0.066422336,0.438016057,0.505100071,108,070801030407,F070801030407_658,16
433,547.1020558,3867.050862,542_3_2,1.973412871,0.955161572,142.3190765,464.2085266,75,233.5367889,100,1556.911865,6.670135498,77.75246429,0.936058342,0.267445236,22.23189533,0.002514187,140.3489227,12.53553247,602,301,0.001648685,18.43652054,36873,16.59286868,6.33343E-05,375.8558655,697.7453003,0.472820848,1.248690605,8.577122688,22.65165138,108,070802060502,F070802060502_1,16
434,548.2116588,3866.994205,533_4_1,1.929462552,0.955147564,142.3169861,464.2017212,84,261.5576172,100,1743.717407,6.521583557,76.02082825,0.936044633,0.267441332,200.000003,0.022617834,131.0015313,11.79873541,4961,2479,0.013578374,83.81036723,167621,75.42933024,0.000287911,403.8746033,725.7593384,0.057409029,0.162918359,1.886759281,5.354344368,108,070802060501,F070802060501_211,16
435,549.5345595,3866.790184,410_8_1,1.979775786,0.955097198,142.3094788,464.1772461,86,267.7711182,100,1785.140747,6.691642284,78.0031662,0.935995281,0.267427206,162.6187108,0.018390414,142.0100446,12.65311759,4326,2164,0.011853006,192.6267811,385255,173.3640965,0.000661723,410.0805969,731.9483643,0.065762237,0.189501196,0.820870519,2.365429878,108,070802060602,F070802060602_218,16
436,549.704092,3866.715729,29_6_2,1.986186862,0.955078781,142.3067322,464.1682739,56,174.3589172,100,1162.392822,6.713311672,78.25576019,0.935977221,0.26742205,30.9114809,0.003495754,148.9407349,10.20405158,542,271,0.001484364,4.459823608,8920,4.013841271,1.53207E-05,316.6656494,638.5272217,0.525117099,1.168507934,35.45400238,78.89341736,104,070801030402,F070801030402_176,32
437,550.3313657,3865.636672,563_7_2,1.984167695,0.954812229,142.2670288,464.0387573,79,245.90242,100,1639.349487,6.706486702,78.1762085,0.935715973,0.267347425,199.9999997,0.022617833,134.4729078,12.0569043,5077,2540,0.013912493,177.185806,354370,159.4672252,0.00060868,388.1694336,709.9411621,0.056010641,0.152822614,0.892139614,2.434164286,108,070802060501,F070802060501_230,16
438,548.9607474,3865.02469,481_26_1,1.925011992,0.954661071,142.2445068,463.965271,92,286.3219604,100,1908.81311,6.506540298,75.84547424,0.935567856,0.267305106,164.3493547,0.018586132,132.416626,11.90360626,4112,2057,0.011266929,110.5979066,221196,99.53811741,0.000379933,428.5664673,750.2872314,0.069151439,0.208345383,1.429045558,4.305551052,108,070802060603,F070802060603_200,24
439,548.0154149,3864.660244,133_6_2,1.923830032,0.954571068,142.2310944,463.9215393,78,242.7282104,100,1618.18811,6.502545357,75.79890442,0.935479641,0.267279893,75.83830357,0.008576491,137.3767319,12.28750682,1933,966,0.005291129,110.3119354,220625,99.28074265,0.00037895,384.9592896,706.6497803,0.147237152,0.398508579,1.432615161,3.877481937,108,070802060302,F070802060302_198,32
440,545.5198822,3864.197619,580_1_2,1.906456232,0.954456806,142.2140656,463.8659973,70,217.8069763,100,1452.046509,6.443821907,75.11437225,0.935367644,0.267247915,127.6433529,0.01443508,132.545664,11.91910172,3167,1582,0.008665183,88.4190242,176837,79.57712235,0.000303742,360.0210571,681.6729736,0.089895114,0.227573365,1.787122488,4.524178028,108,070802060802,F070802060802_186,24
441,547.5769109,3863.113811,165_5_2,2.009750605,0.954189122,142.1741791,463.7359009,77,239.5204926,100,1596.803223,6.792956829,79.18417358,0.935105324,0.267172962,47.20230484,0.005338069,130.9997864,11.79861259,1171,586,0.003209733,26.4434166,52887,23.79907417,9.08401E-05,381.6946716,703.2564087,0.242618054,0.651356101,5.973937511,16.03821564,108,070802060406,F070802060407_23,32
442,546.7797615,3862.939132,525_2_1,1.952367306,0.954145968,142.1677551,463.7149353,79,245.7307587,100,1638.205078,6.599001408,76.92327118,0.935063064,0.267160863,31.4466818,0.003556279,130.9993286,11.79858017,781,391,0.002141648,57.85254955,115705,52.06729251,0.000198739,387.8984985,709.4456787,0.363600403,0.992067754,2.730461836,7.44994545,108,070802060502,F070802060502_63,16
443,545.4793796,3862.617558,87_1_2,1.918873429,0.954066515,142.1559143,463.6763306,78,242.6000366,100,1617.333618,6.48579216,75.60361481,0.934985161,0.26713863,199.9999965,0.022617833,142.718405,12.74446731,5606,2801,0.015342084,244.1174733,488235,219.7057229,0.000838607,384.7559509,706.2763672,0.050751843,0.137363777,0.647028744,1.75123322,108,070802060301,F070802060301_213,32
444,548.3948611,3862.304103,128_12_1,1.905602455,0.953989089,142.1443787,463.6387024,70,217.7003174,100,1451.335449,6.440936089,75.08073425,0.934909284,0.267116934,129.2097331,0.014612221,153.666448,8.656087065,2250,1125,0.006162029,326.9654313,653931,294.2688868,0.001123212,359.844696,681.3389893,0.126350552,0.319861948,0.483042508,1.22284317,108,070801030406,F070801030406_608,16
445,548.0573881,3862.189096,434_5_1,1.906936407,0.953960717,142.140152,463.6249084,70,217.6936798,100,1451.29126,6.445445061,75.13329315,0.934881508,0.267109007,162.8495328,0.018416518,142.9996779,12.75964652,4474,2237,0.012252853,148.3854112,296770,133.5468687,0.000509743,359.8338318,681.3186035,0.063540526,0.160855532,1.064346552,2.694438457,108,070801030303,F070801030303_20,8
446,546.157212,3861.471749,505_5_1,1.973157525,0.953783512,142.113739,463.5387878,84,261.184082,100,1741.227173,6.669272423,77.74240875,0.93470782,0.267059386,200.0000019,0.022617833,142.4857964,12.29390026,5149,2576,0.014109678,181.1158227,362232,163.0042403,0.00062218,403.297821,724.7229004,0.055168375,0.156559706,0.871840775,2.474155426,108,070802060502,F070802060502_160,16
447,547.6918855,3860.842671,478_1_2,1.900479913,0.953628123,142.0905914,463.4632568,86,267.3591919,100,1782.394653,6.423622131,74.87890625,0.934555531,0.267015874,162.403607,0.018366089,135.8572497,12.16790063,4069,2033,0.011135472,79.61154512,159223,71.65039113,0.000273486,409.4497681,730.8224487,0.069892079,0.201401755,1.983109832,5.714550495,108,070801030301,F070801030301_622,16
448,549.9457735,3859.726441,425_42_2,1.941751122,0.953352451,142.0495148,463.3292847,78,242.4181061,100,1616.120728,6.563118935,76.50499725,0.934285402,0.266938686,32.8366738,0.003713472,131.0004272,11.79865789,815,408,0.002234763,93.32644377,186652,83.99379558,0.000320601,384.4676208,705.7473755,0.348160565,0.942322612,1.6911906,4.57733345,108,070801030302,F070801030302_202,16
449,547.3307436,3858.96793,128_36_2,1.945525527,0.953165054,142.0215912,463.2382202,70,217.5122681,100,1450.081787,6.575876236,76.65370941,0.93410176,0.266886204,28.83838904,0.003261309,140.4416199,9.727640718,341,170,0.000931151,24.73602402,49472,22.26242083,8.49747E-05,359.5338745,680.7504883,0.835421145,2.114905119,6.379431725,16.14981079,108,070801030406,F070801030406_608,16
450,547.7768293,3858.758286,388_5_1,1.964662433,0.953113317,142.0138855,463.2130737,86,267.2148438,100,1781.432251,6.640559196,77.40769958,0.934051037,0.266871721,61.85163999,0.00699475,142.0499878,12.69365168,1543,771,0.004223044,48.17250329,96345,43.35525294,0.000165485,409.2287292,730.4279175,0.184194401,0.53077656,3.275586605,9.438965797,108,070802060601,F070802060601_70,24
451,548.4887566,3858.751158,161_7_2,1.953158736,0.953111529,142.0136108,463.2121887,86,267.2141724,100,1781.427856,6.601676464,76.95445251,0.934049308,0.266871214,199.9999997,0.022617833,132.1333079,11.88261223,4963,2483,0.013600284,252.4971696,504994,227.2474544,0.000867394,409.2277832,730.4263916,0.057194367,0.164811835,0.624929368,1.800802469,108,070802060602,F070802060602_312,24
452,550.8355816,3858.294694,423_5_2,1.951755166,0.952998817,141.9968262,463.1574402,86,267.1826172,100,1781.217407,6.596932411,76.89915466,0.933938861,0.266839683,55.06084138,0.006226785,131.0001831,11.79864057,1366,683,0.003741037,59.50145366,119002,53.55130745,0.000204403,409.1794434,730.3400879,0.207901642,0.599091411,2.65160346,7.640886307,108,070801030303,F070801030303_737,8
453,548.9920346,3857.750887,10_7_2,1.93548286,0.952864468,141.9768066,463.0921326,70,217.4428253,100,1449.618896,6.541932106,76.25802612,0.933807194,0.266802043,200.0000029,0.022617834,138.7966339,11.39169956,5344,2673,0.014640982,188.8993551,377799,170.0094192,0.000648919,359.4196167,680.5349731,0.053115156,0.134463012,0.835111439,2.114115953,104,070801030401,F070801030401_67,32
454,551.8592571,3856.953439,106_12_1,2.035706282,0.952667475,141.9474487,462.9963989,54,167.707428,100,1118.049561,6.880687237,80.20682526,0.933614135,0.266746879,166.1771578,0.018792836,139.6899516,12.48202085,4270,2135,0.011694163,55.67634315,111353,50.1087107,0.000191263,309.6548767,630.7038574,0.066485927,0.145037413,2.832789898,6.179661751,104,070801030404,F070801030404_22,24
455,546.767796,3853.752654,184_1_1,1.933592796,0.951876879,141.8296509,462.6121521,79,245.1463928,100,1634.309326,6.535543442,76.1835556,0.932839334,0.266525537,89.42011034,0.010112446,131.0013809,6.474362552,1710,854,0.004677665,117.5206456,235041,105.7685833,0.000403714,386.9760437,707.7585449,0.166076869,0.453133553,1.340943098,3.658704996,108,070802060602,F070802060602_78,24
456,547.2019403,3853.669477,483_5_2,1.911536098,0.951856375,141.8265991,462.6022034,70,217.213623,100,1448.09082,6.460991859,75.31452179,0.932819247,0.266519785,144.0825849,0.016294179,144.8255798,12.92076015,3983,1993,0.010916378,163.5472951,327095,147.1925642,0.000561828,359.0402222,679.8157959,0.071162365,0.180150643,0.963544607,2.439255238,108,070801010403,F070801010403_48,32
457,547.3395728,3853.52756,69_8_1,1.939433455,0.951821327,141.8213806,462.5851746,55,170.661377,100,1137.742554,6.555284977,76.41368103,0.932784915,0.26650998,57.76279384,0.006532346,130.999649,10.27737405,1335,667,0.003653399,15.59646159,31194,14.03681532,5.35779E-05,312.4827576,633.246582,0.212625757,0.468489885,10.10352993,22.26165581,104,070801030405,F070801030405_316,24
458,547.3872078,3853.339398,61_5_2,1.944716811,0.951774836,141.8144531,462.562561,78,242.0173035,100,1613.44873,6.573143005,76.62184143,0.932739317,0.266496956,93.33487701,0.010555163,147.9999313,13.12368679,2576,1288,0.007054839,35.89501667,71790,32.30551529,0.000123309,383.8317566,704.579834,0.110104389,0.298006028,4.389791012,11.8813076,104,070801030202,F070801030202_169,32
459,544.4818211,3852.114137,423_9_1,2.005386114,0.951472163,141.7693481,462.4154663,86,266.7547302,100,1778.364868,6.778204918,79.01221466,0.932442725,0.266412199,27.91112375,0.003156446,135.2494659,12.11353588,702,351,0.001922553,20.65856791,41317,18.59271097,7.09676E-05,408.5240784,729.170166,0.403901279,1.163886309,7.624996185,21.97227097,108,070801030303,F070801030303_699,8
460,546.192526,3849.25415,119_24_1,1.928187132,0.950765789,141.6641083,462.0721741,54,167.3728027,100,1115.818726,6.517272472,75.97057343,0.931750476,0.26621443,199.9999969,0.022617833,145.7051185,10.36050169,5354,2676,0.014657414,62.39351526,124788,56.15416371,0.000214338,309.0369263,629.4449463,0.052938756,0.115484647,2.52277112,5.503365993,104,070801030406,F070801030406_83,24
461,541.7995225,3849.158767,526_11_2,2.034227848,0.950742245,141.6605988,462.06073,55,170.4676514,100,1136.45105,6.875689983,80.14857483,0.931727409,0.266207814,38.87506753,0.004396349,131.0023702,7.539277029,958,478,0.002618178,10.77439427,21549,9.696955204,3.70129E-05,312.1282349,632.5283813,0.296361089,0.652987957,14.60877132,32.18827057,108,070801010301,F070801010301_248,24
462,543.2499331,3846.814504,559_16_2,2.018369675,0.950163186,141.5743103,461.7792969,70,217.6303864,100,1450.869263,6.822089672,79.52376556,0.931159914,0.26604569,43.96377252,0.004971826,138.3672028,12.34741516,1097,548,0.003001593,92.18419173,184369,82.96577478,0.000316677,359.2047119,679.409668,0.258347273,0.655483067,1.706418276,4.329553127,108,070802060501,F070802060501_182,16
463,546.9075869,3846.800411,396_28_1,1.914135218,0.950159729,141.5738068,461.7776184,70,216.8264465,100,1445.509644,6.469777107,75.41693115,0.931156516,0.266044736,199.999998,0.022617833,141.0335173,12.59531593,5330,2666,0.014602641,130.463459,260928,117.4171138,0.000448176,358.4002686,678.6040649,0.053103454,0.134433717,1.205734015,3.052368164,108,070801030603,F070801030603_16,24
464,547.8648218,3846.24847,416_3_2,1.944253087,0.950023353,141.5534821,461.7113647,86,266.3485718,100,1775.657104,6.571575642,76.60356903,0.931022882,0.266006529,24.38677841,0.00275788,131.0002174,11.79864287,605,302,0.001654163,19.66564041,39330,17.69907695,6.75566E-05,407.9020386,728.0599365,0.468720138,1.350669026,7.997788906,23.04651451,108,070802060601,F070802060601_144,16
465,544.0025404,3844.144357,161_8_2,1.958009481,0.94950366,141.4760437,461.4587708,86,266.2028503,100,1774.685669,6.618072033,77.14557648,0.930513561,0.265861034,200.0000041,0.022617834,140.1924727,12.50827079,5260,2630,0.014405456,140.522147,281044,126.4699347,0.00048273,407.678894,727.6616211,0.053793173,0.155010983,1.118653536,3.223524094,108,070802060602,F070802060602_192,24
466,545.5760544,3843.94106,69_10_2,1.959066749,0.949453413,141.4685516,461.4343567,60,185.7129669,100,1238.086426,6.621645451,77.18723297,0.930464327,0.265846968,173.3387805,0.019602738,151.643461,13.46283763,4819,2409,0.013194959,53.02060419,106042,47.71854347,0.00018214,327.1815186,647.1473389,0.058725011,0.135816321,2.964645147,6.856485844,104,070801030405,F070801030405_165,24
467,546.8928474,3842.999718,69_7_1,2.006536484,0.949220955,141.4339294,461.3213806,83,256.8399963,100,1712.266602,6.782093525,79.05754089,0.930236518,0.265781879,63.08184004,0.007133873,140.4450429,12.58708795,1595,798,0.004370933,25.10044312,50201,22.59039855,8.62266E-05,398.2739258,718.161377,0.177235499,0.499090135,6.260798454,17.63022995,104,070801030405,F070801030405_165,24
468,542.0511277,3842.822847,423_2_1,2.044669867,0.949177265,141.4274139,461.3001404,86,266.1113281,100,1774.075562,6.910984039,80.55998993,0.930193722,0.265769631,200.0000008,0.022617833,131.8498199,11.86160412,5039,2518,0.013791991,115.3827499,230765,103.8444735,0.00039637,407.5387573,727.411499,0.056166567,0.161850184,1.361915708,3.924510717,108,070801030303,F070801030303_699,8
469,545.7600233,3842.46759,106_5_2,1.849443316,0.949089468,141.4143372,461.2574768,54,167.077713,100,1113.85144,6.251118183,72.86806488,0.930107653,0.265745044,200.0000052,0.022617834,140.7643703,12.59021854,5582,2790,0.015281833,53.23689212,106473,47.91320376,0.000182883,308.4920654,628.3352051,0.050686143,0.110570632,2.951468945,6.438560486,104,070801030404,F070801030404_12,24
470,545.1494661,3839.821867,194_9_1,1.90983665,0.948436022,141.3169708,460.9399109,78,241.1681976,100,1607.787964,6.455247879,75.24756622,0.92946732,0.265562087,53.10598898,0.006005712,144.5998535,12.92611408,1546,773,0.004233999,51.34073782,102681,46.20666289,0.000176369,382.4851685,702.1080933,0.182816267,0.49480617,3.058367729,8.277706146,108,070801030408,F070801030408_139,8
471,545.9523678,3839.350232,543_2_1,1.907913446,0.948319495,141.2996063,460.8832703,70,216.4062958,100,1442.708618,6.448747635,75.17179108,0.929353118,0.265529454,33.72365159,0.00381378,140.4448242,12.5870746,997,498,0.002727725,39.74072948,79481,35.76665652,0.00013652,357.7059021,677.2895508,0.283734143,0.718284965,3.950595856,10.00109959,108,070801010301,F070801010301_171,24
472,544.4810026,3838.809828,425_19_2,2.001822472,0.94818604,141.2797241,460.8184204,70,216.3761902,100,1442.507935,6.766160011,78.87180328,0.929222345,0.265492082,24.14435943,0.002730465,134.3970703,12.06346207,599,298,0.001632253,52.53299935,105066,47.27969748,0.000180465,357.6559143,677.1945801,0.47409302,1.200187683,2.988168955,7.564682961,108,070801030302,F070801030302_20,24
473,545.1194484,3837.833442,93_27_1,1.922266126,0.94794488,141.2437897,460.7012024,78,241.0434265,100,1606.956177,6.497259617,75.7372818,0.928985953,0.265424579,60.28955287,0.006818095,143.2784017,12.79707146,1660,829,0.004540731,73.61624664,147232,66.25462082,0.000252891,382.2872314,701.7446289,0.170378521,0.461142629,2.131833076,5.769970894,108,070801030406,F070801030406_401,24
474,544.3453063,3834.918209,526_3_2,1.950722456,0.947224796,141.1364899,460.3512573,42,129.6940155,100,864.62677,6.593441963,76.8584671,0.928280294,0.265222937,102.4590609,0.01158701,136.4420227,9.078407798,2250,1126,0.006167507,82.34742761,164696,74.11268353,0.000282885,270.8305054,590.0452881,0.125343248,0.240524426,1.904350042,3.654307127,108,070801010301,F070801010301_266,24
475,543.791949,3834.136198,723_87_1,1.952971458,0.947031617,141.1077118,460.2573547,78,240.8110962,100,1605.407349,6.601043701,76.94707489,0.92809099,0.265168846,33.52753735,0.003791601,139.4982834,12.46104336,908,454,0.002486721,40.56968212,81139,36.51271343,0.000139367,381.9188232,701.0684814,0.31080994,0.841230869,3.86461854,10.45988655,108,070801010405,F070801010405_36,32
476,543.0543733,3833.283685,387_14_1,1.921929121,0.946821094,141.0763397,460.1550598,86,265.4507751,100,1769.671875,6.496120453,75.72400665,0.927884698,0.265109897,199.999998,0.022617833,132.6997231,11.92458405,4979,2491,0.013644103,141.085369,282171,126.9768315,0.000484665,406.5270996,725.605835,0.056634419,0.163198352,1.111039996,3.201584816,108,070802060601,F070802060601_108,16
477,550.9193401,3832.912024,61_1_2,1.998598337,0.946729243,141.0626526,460.1104126,79,243.8205566,100,1625.470337,6.755262375,78.74477386,0.927794635,0.265084177,25.25389671,0.002855942,147.9999542,13.1236887,697,348,0.001906121,8.553367615,17107,7.698030949,2.93831E-05,384.8832092,703.9309692,0.405352443,1.105986238,18.32451057,49.99761963,104,070801030202,F070801030202_407,32
478,543.1134669,3832.691235,592_43_2,1.967283845,0.946674764,141.0545349,460.0839233,86,265.409729,100,1769.398193,6.649419308,77.51098633,0.927741289,0.265068948,120.0759716,0.013579292,132.8898392,11.94103463,3066,1533,0.008396792,74.17492938,148350,66.75743663,0.00025481,406.4642639,725.4936523,0.092012092,0.265143037,2.112941265,6.088674068,108,070802060704,F070802060704_226,32
479,544.9660068,3832.614019,397_30_2,1.959104419,0.946655691,141.0516968,460.0746765,76,234.5433044,100,1563.62207,6.621772766,77.18871307,0.927722573,0.265063584,137.8460668,0.015588897,138.155674,10.11217763,2828,1415,0.007750464,266.3764853,532751,239.7388378,0.000915073,375.5950012,694.617981,0.09968318,0.265438169,0.58835566,1.566684008,108,070802060602,F070802060602_60,24
480,541.666732,3832.557947,169_5_1,1.88824749,0.946641803,141.0496216,460.0679016,78,240.7120819,100,1604.747192,6.382276535,74.39694977,0.927708983,0.26505971,192.856666,0.02181,140.7748699,12.57285392,5229,2615,0.014323295,58.1090899,116217,52.29818108,0.00019962,381.7617188,700.7799683,0.053938668,0.14598918,2.697027206,7.299713135,108,070801030603,F070801030603_515,16
481,543.7592737,3831.546514,27_4_1,1.871687651,0.946392,141.0124054,459.9465027,80,246.8187866,100,1645.458618,6.326304436,73.74449158,0.927464187,0.264989763,33.55380251,0.003794572,132.699649,11.92458248,832,417,0.002284059,27.2452933,54491,24.52076492,9.35947E-05,387.8311768,706.7652588,0.338159233,0.93005079,5.750734329,15.81643867,104,070801030202,F070801030202_216,32
482,545.4234685,3831.123546,483_21_2,1.906162024,0.946287513,140.9968414,459.8957214,86,265.3012695,100,1768.675171,6.442827702,75.1027832,0.927361786,0.264960498,117.0835608,0.013240882,145.450386,12.94137883,3078,1540,0.008435134,162.424427,324849,146.1819832,0.00055797,406.2980957,725.1970215,0.091556393,0.263829947,0.964529514,2.779399157,108,070801010403,F070801010403_26,32
483,544.1573726,3831.110508,112_3_2,1.927931666,0.946284294,140.9963531,459.894165,52,160.4141083,100,1069.427368,6.51640892,75.96051025,0.927358627,0.264959604,96.36398957,0.010897723,135.7227071,12.19287221,2390,1194,0.006539967,28.42859044,56857,25.58573127,9.76596E-05,301.4104614,620.3082886,0.118087396,0.252437562,5.510741711,11.78041267,104,070801030404,F070801030404_81,24
484,543.1178216,3831.009216,93_8_2,1.878896952,0.94625926,140.99263,459.8819885,78,240.6148071,100,1604.098755,6.350671768,74.02854156,0.92733407,0.2649526,93.94672758,0.010624357,138.5272914,12.39993981,2334,1167,0.006392079,111.0330955,222065,99.92978445,0.000381428,381.6074219,700.4968262,0.120816305,0.326998651,1.410916924,3.818755627,108,070801030406,F070801030406_423,24
485,541.6175609,3830.869033,660_3_1,1.903262615,0.94622463,140.9874725,459.8651733,66,203.5896912,100,1357.264648,6.433027744,74.98854828,0.927300155,0.264942884,42.94055904,0.004856112,131.0025279,9.13660416,914,458,0.002508631,12.27139246,24542,11.0442536,4.21554E-05,344.5771484,663.454834,0.307832897,0.75235188,12.76568604,31.19967651,104,070801030601,F070801030601_158,32
486,543.0556758,3828.447049,129_6_1,1.952859282,0.945626438,140.8983459,459.5744629,86,265.1157227,100,1767.43811,6.600664139,76.94265747,0.926713884,0.264775395,33.27892715,0.003763486,133.8321431,12.00850582,848,424,0.0023224,33.67047048,67341,30.30342293,0.000115667,406.0140686,724.6901855,0.332307428,0.957580328,4.649585247,13.39829063,108,070801030407,F070801030407_186,24
487,541.7588831,3826.208301,45_24_1,1.934232593,0.945073426,140.8159332,459.3056946,78,240.3132782,100,1602.088501,6.537706375,76.20876312,0.926171958,0.264620572,23.07071102,0.002609047,131.0000763,11.79863294,572,286,0.001566525,9.899109095,19798,8.909198113,3.4006E-05,381.1292114,699.6189575,0.492363393,1.332619667,15.80568027,42.77929306,104,070801030405,F070801030405_545,32
488,542.7279988,3823.230368,93_1_2,2.01318574,0.944337904,140.7063446,458.9482117,78,240.126236,100,1600.841553,6.804567814,79.31951904,0.925451159,0.264414608,200.0000021,0.022617833,136.8442516,12.24846023,5084,2543,0.013928925,301.4440183,602888,271.2996139,0.001035539,380.8325806,699.0744629,0.055330846,0.149757206,0.518638194,1.403734326,108,070801030406,F070801030406_696,24
489,543.9021146,3823.105747,462_8_2,1.899677753,0.944307148,140.701767,458.9332886,78,240.1183319,100,1600.788818,6.420910835,74.8473053,0.925421,0.264405996,54.99870178,0.006219757,130.9969533,11.79841296,1364,682,0.003735559,33.25101196,66502,29.9259102,0.000114226,380.8200989,699.0516357,0.206307575,0.55838722,4.701670647,12.72543049,108,070801030301,F070801030301_361,24
490,543.0687002,3822.516289,481_23_2,1.88815546,0.944161534,140.680069,458.8625183,87,267.7830811,100,1785.220581,6.381965637,74.39332581,0.925278306,0.264365226,90.2277589,0.010203782,131.0003916,9.13649115,2239,1119,0.006129165,50.2980413,100596,45.26823563,0.000172787,408.4631348,726.6456299,0.125719458,0.365025133,3.107699394,9.023173332,108,070802060603,F070802060603_200,24
491,543.5731921,3822.057853,159_7_2,1.947249413,0.944048285,140.6631927,458.8074646,65,200.043808,100,1333.625366,6.581703186,76.72162628,0.925167322,0.264333516,144.8214102,0.016377733,144.2242381,11.1474099,2857,1430,0.007832624,29.49789625,58995,26.54810707,0.000101333,340.7070007,658.8512573,0.098365866,0.238256648,5.298426628,12.83357048,104,070801030603,F070801030603_624,32
492,542.8989399,3821.378227,138_12_1,1.964837909,0.943880439,140.6381836,458.7258911,79,243.0869751,100,1620.579834,6.641151905,77.41461182,0.925002813,0.264286518,73.4068415,0.008301519,135.2502708,12.11359596,1878,940,0.005148718,94.16654155,188333,84.74988587,0.000323487,383.7251587,701.8128662,0.149615094,0.408218265,1.659449816,4.527736664,108,070802060602,F070802060602_181,24
493,543.9568682,3821.203403,556_5_1,1.955045342,0.943837225,140.6317444,458.704895,84,258.4603882,100,1723.069214,6.608053207,77.02878571,0.924960494,0.264274418,27.81733552,0.003145839,135.2504539,12.12992764,700,350,0.001917076,17.40720835,34814,15.66648817,5.97983E-05,399.0921326,717.1652832,0.401804984,1.1402632,8.976596832,25.47425652,108,070802060501,F070802060501_19,16
494,543.3645958,3820.797275,129_9_1,1.8920964,0.943736911,140.616806,458.6561279,86,264.5860901,100,1763.907227,6.395285606,74.54859924,0.924862146,0.264246345,62.44475627,0.007061825,137.3747559,12.28734875,1612,807,0.004420229,38.37782538,76755,34.54004323,0.000131838,405.2028809,723.2421875,0.174246356,0.502110124,4.071124077,11.73139477,108,070801030407,F070801030407_153,24
495,543.9873945,3819.132768,416_1_1,1.951254845,0.943325818,140.555542,458.4563599,86,264.4708252,100,1763.138794,6.595241547,76.87944031,0.924459279,0.264131218,26.39278126,0.002984738,131.0012398,11.79871488,655,328,0.001796574,22.25260305,44506,20.0273428,7.64435E-05,405.0263672,722.9271851,0.428523004,1.234836459,7.018182278,20.22366905,108,070802060601,F070802060601_144,16
496,540.9168977,3818.661325,498_9_1,1.934235811,0.94320935,140.5381927,458.3997498,78,239.8393707,100,1598.929199,6.537716866,76.20889282,0.924345136,0.264098614,75.92108202,0.008585852,130.9958191,11.79833269,1884,942,0.005159673,54.94236946,109885,49.44813156,0.000188741,380.3775635,698.2391357,0.14919129,0.403797835,2.842133522,7.692455769,108,070802060704,F070802060704_471,32
497,542.6783194,3817.336988,159_19_2,1.925702929,0.94288224,140.4894562,458.2407837,67,205.9443054,100,1372.962036,6.508875847,75.87269592,0.924024582,0.264007032,28.10525161,0.003178399,146.1084747,10.04258379,463,231,0.00126527,9.072973356,18146,8.165675923,3.1168E-05,346.4337769,664.1850586,0.60817945,1.499713302,17.20487785,42.42560959,108,070801030603,F070801030603_629,32
498,542.0315804,3816.838741,578_9_1,1.894122839,0.942759156,140.4711151,458.1809387,75,230.5045776,100,1536.697144,6.402135372,74.62844086,0.923904002,0.263972551,117.8865406,0.013331691,130.9998093,11.79861426,2925,1462,0.0080079,179.9510107,359901,161.9559125,0.000618179,370.975708,688.6855469,0.096081473,0.253745347,0.867341697,2.290596962,108,070802060501,F070802060501_114,24
499,541.2124779,3816.66128,496_33_2,1.863248587,0.942715347,140.4645844,458.159668,86,264.2996826,100,1761.997925,6.297780037,73.41199493,0.923861027,0.263960302,100.0867627,0.011318729,145.1658325,12.93466043,2643,1322,0.007241069,87.85870513,175717,79.07283596,0.000301818,404.7642822,722.4593506,0.106251575,0.306175709,1.776394963,5.118878841,108,070802060502,F070802060502_340,16
500,541.8991525,3814.627205,37_1_1,1.924409747,0.942212939,140.3897247,457.9154968,54,165.8671417,100,1105.781006,6.504505157,75.82174683,0.923368692,0.263819635,199.9999992,0.022617833,140.6849559,10.82156458,3203,1602,0.00877473,52.05681453,104114,46.851132,0.000178829,306.2568665,623.7826538,0.087634034,0.191171572,2.996506453,6.536808491,104,070801030403,F070801030403_101,32
501,539.838064,3814.344003,425_22_1,1.885341406,0.942142963,140.379303,457.8814697,78,239.5681152,100,1597.120728,6.372454166,74.28244781,0.923300087,0.263800025,68.2149933,0.007714377,139.5008011,12.46122026,1695,848,0.004644801,102.4655312,204931,92.21897657,0.000351996,379.9474182,697.449585,0.165541634,0.448051214,1.522238731,4.120056629,108,070801030302,F070801030302_187,16
502,542.706784,3812.999155,130_6_1,1.935556412,0.941810787,140.3298035,457.7200317,81,248.6945496,100,1657.963623,6.542180538,76.26092529,0.922974586,0.263707012,45.13610446,0.005104404,130.9998016,11.79861355,1120,560,0.003067321,59.82971382,119660,53.84674239,0.000205531,389.024353,706.4145508,0.250588924,0.694686353,2.606096506,7.224658966,108,070801030407,F070801030407_189,24
503,539.6991771,3812.936702,686_16_1,1.898981094,0.941795349,140.3275146,457.7125244,70,214.9176941,100,1432.784668,6.418556213,74.81985474,0.922959447,0.263702691,53.79312616,0.00608342,145.9602081,12.97783833,1443,720,0.003943699,117.9862042,235973,106.1875851,0.000405313,355.2452087,672.630249,0.194899321,0.493396133,1.321505904,3.345449448,108,070801030408,F070801030408_113,16
504,541.9572265,3812.320671,425_27_1,1.943349361,0.941643178,140.3048401,457.6385803,78,239.4411011,100,1596.274048,6.568521023,76.56796265,0.922810316,0.263660103,199.9999996,0.022617833,140.7205541,12.5882966,5413,2708,0.01483269,265.3995221,530799,238.8595676,0.000911717,379.7459412,697.0797119,0.051811241,0.140231147,0.587394655,1.589829326,108,070801030302,F070801030302_12,24
505,542.1996582,3812.088077,136_3_1,1.88696146,0.941585779,140.2962799,457.6106873,83,254.7740479,100,1698.493652,6.377929688,74.34628296,0.922754049,0.26364401,115.4096569,0.013051582,132.2133004,11.88854095,2867,1433,0.007849056,42.07933157,84158,37.87139837,0.000144554,395.0703125,712.3847656,0.097903892,0.275694579,3.704544544,10.43189144,104,070801030603,F070801030603_786,24
506,542.9216619,3809.760051,174_1_2,1.906180143,0.941010714,140.2106018,457.3312073,65,199.4001007,100,1329.333984,6.442888737,75.10350037,0.922190487,0.263482988,161.7688079,0.0182943,135.2496541,12.11355082,4165,2082,0.011403863,46.72589761,93452,42.05330861,0.000160516,339.6107178,656.7313232,0.067344189,0.163117543,3.334115744,8.07571888,108,070801030603,F070801030603_742,24
507,540.9378816,3807.473058,493_11_2,1.912275195,0.94044584,140.1264343,457.0566711,78,239.1365662,100,1594.243774,6.463490009,75.34364319,0.921636939,0.263324827,44.96575451,0.00508514,141.2003784,12.61010075,1231,616,0.003374053,24.48413944,48969,22.03572631,8.41094E-05,379.2630005,696.1932373,0.227477983,0.615686715,6.35905695,17.21127701,108,070802060501,F070802060501_294,16
508,539.8763716,3806.705943,185_1_1,1.772865653,0.940256357,140.0981903,456.9645996,78,239.0879974,100,1593.919922,5.992285728,69.85090637,0.921451211,0.263271779,94.39538711,0.010675096,132.6988098,11.92452183,2387,1194,0.006539967,100.0640473,200128,90.05764012,0.000343746,379.1861877,696.0526123,0.117335171,0.317576379,1.555650234,4.210483074,108,070802060602,F070802060602_201,24
509,538.9562602,3805.923341,686_22_2,1.850941539,0.940063059,140.069397,456.870636,70,214.5223846,100,1430.14917,6.256182194,72.92709351,0.921261787,0.263217658,74.34656954,0.008407792,135.7231827,10.3870936,1911,955,0.005230878,67.2058509,134412,60.48526484,0.00023087,354.5917969,671.3930054,0.146669522,0.37130031,2.315760612,5.862449169,108,070801030408,F070801030408_110,16
510,539.9571351,3805.344792,92_7_1,2.009432793,0.939920187,140.048111,456.8012085,78,239.0028992,100,1593.352661,6.791882992,79.17165375,0.921121776,0.263177663,56.15544859,0.006350573,133.1258049,11.9561584,1429,715,0.003916312,62.30248577,124605,56.0722361,0.000214025,379.0510254,695.8040771,0.195871487,0.530141294,2.497637272,6.760048389,108,070801030406,F070801030406_385,24
511,538.9966326,3805.081506,432_2_2,1.919640183,0.939855158,140.0384216,456.7695923,79,242.0500793,100,1613.667236,6.48838377,75.63381958,0.921058059,0.263159454,22.4702067,0.002541137,138.5563711,12.40805817,562,281,0.001539138,8.252284728,16504,7.42705635,2.83488E-05,382.088501,698.8197021,0.498357385,1.359745502,18.8551712,51.44548416,108,070801030606,F070801030606_62,32
512,541.6533274,3802.827815,528_5_2,1.902335525,0.939298451,139.9554749,456.499054,77,235.7824402,100,1571.882935,6.42989397,74.95201874,0.920512497,0.263003558,61.35425949,0.006938502,131.0007477,11.79868031,1522,761,0.004168271,87.65112245,175303,78.88600874,0.000301105,375.737915,692.2814941,0.183909953,0.493742347,1.774148226,4.763048649,108,070802060502,F070802060502_104,16
513,538.3932163,3802.722014,49_1_2,1.880286455,0.939272344,139.9515839,456.4863586,77,235.7761383,100,1571.840942,6.355368137,74.0832901,0.920486927,0.262996256,28.85358343,0.003263028,130.9984512,11.79851818,716,358,0.001960895,9.48421786,18968,8.535796165,3.25808E-05,375.7277222,692.2625122,0.390926212,1.049518824,16.39584351,44.01788712,104,070801030601,F070801030601_302,32
514,540.143326,3802.407398,59_1_2,1.907844424,0.93919462,139.9400024,456.4485779,78,238.8184052,100,1592.122681,6.448513985,75.16906738,0.920410752,0.262974501,31.22226837,0.0035309,139.5000534,12.46116352,805,402,0.002201899,13.27276856,26544,11.9454918,4.55954E-05,378.7584229,695.2669678,0.348109454,0.942185104,11.71487999,31.70722771,104,070801030202,F070801030202_169,32
515,535.0141621,3799.233228,97_4_1,1.936064482,0.93841058,139.8231812,456.0675354,82,250.8556824,100,1672.371216,6.543898106,76.28093719,0.919642389,0.262754977,58.69836895,0.00663815,139.5000992,8.690773447,1516,758,0.004151839,48.61618805,97232,43.75457001,0.000167009,390.6788635,706.9232178,0.184463292,0.515407443,3.19562459,8.928870201,108,070801030406,F070801030406_706,24
516,542.0318207,3799.039303,194_24_1,1.877725601,0.938362718,139.81604,456.044281,70,214.1341858,100,1427.561279,6.346712589,73.98239136,0.91959548,0.262741566,156.1051643,0.017653803,134.4001099,12.05712366,3882,1942,0.010637032,297.0355821,594072,267.3320175,0.001020395,353.9502258,670.1784668,0.071995899,0.182260677,0.523005247,1.324009895,108,070801030408,F070801030408_24,8
517,538.3409232,3797.627264,612_2_2,1.961220145,0.938013911,139.7640686,455.8747559,69,210.9964752,100,1406.643188,6.628923893,77.27207184,0.919253647,0.262643903,,,,,,,,9.324943742,18650,8.392449475,3.20336E-05,350.7605591,666.8712158,,,16.65354919,41.79477692,108,070802060804,F070802060804_167,32
518,539.3531625,3797.480946,106_20_1,1.899985433,0.937977791,139.7586975,455.8572083,54,165.1216125,100,1100.810791,6.421950817,74.85942841,0.919218242,0.262633771,89.07133771,0.010073003,139.2160136,10.83102245,2331,1163,0.006370169,36.22257179,72445,32.6003146,0.000124434,304.8803101,620.9788208,0.120170847,0.26214987,4.287035465,9.35206604,104,070801030404,F070801030404_12,24
519,539.6532018,3796.241872,533_6_1,1.921417832,0.937671721,139.713089,455.7084656,79,241.4877167,100,1609.918091,6.494392395,75.70386505,0.918918312,0.262548089,199.9999981,0.022617833,131.0020638,11.79877293,4962,2478,0.013572897,79.54878281,159096,71.59390492,0.000273271,381.2008057,697.196167,0.056381393,0.15383406,1.951466203,5.324486732,108,070802060501,F070802060501_189,16
520,536.9175336,3793.290463,836_62_1,1.908138514,0.936942756,139.6044769,455.354187,92,281.0079041,100,1873.385986,6.44950819,75.18065643,0.91820389,0.262343973,80.4619123,0.009099371,145.3086243,12.95317936,2136,1068,0.00584982,123.5431672,247087,111.1888481,0.000424403,420.6123657,736.3620605,0.130715802,0.393831789,1.255561829,3.782864571,108,070802060302,F070802060302_93,32
521,539.0825738,3792.368118,169_2_1,1.94718945,0.936714947,139.5705261,455.2434692,72,219.8657379,100,1465.771606,6.58150053,76.71926117,0.917980671,0.262280196,20.94114029,0.002368216,135.2489319,12.11350346,524,262,0.001435068,7.816044837,15633,7.034440461,2.68502E-05,359.4362793,675.1091919,0.532711923,1.37189424,19.84102821,51.09664154,108,070801030603,F070801030603_515,16
522,539.7861448,3791.81646,119_25_1,1.886034012,0.936578691,139.5502319,455.1772461,78,238.1532135,100,1587.68811,6.37479496,74.30973816,0.917847097,0.262242019,175.4587744,0.019842487,138.4183239,12.38878571,4474,2237,0.012252853,80.65540895,161311,72.58986951,0.000277072,377.7034302,693.3304443,0.062382758,0.168843731,1.922447801,5.203252792,104,070801030406,F070801030406_73,24
523,538.4238068,3791.617424,463_2_2,1.86021626,0.936529517,139.5428925,455.1533508,78,238.1407318,100,1587.604858,6.287530899,73.29251862,0.917798936,0.262228251,65.70566937,0.007430599,147.0562286,13.08176327,1734,867,0.004748871,23.10875195,46218,20.79787695,7.93846E-05,377.6836243,693.2940674,0.160949126,0.435621262,6.709477901,18.15971947,108,070801030301,F070801030301_179,24
524,539.6718764,3787.134166,434_27_1,1.965852499,0.935422122,139.3778992,454.6151428,59,179.918869,100,1199.459106,6.644581318,77.45458984,0.916713655,0.261918187,200.0000009,0.022617833,139.1938723,10.94174339,4728,2364,0.012948478,361.4157677,722833,325.2741866,0.001241558,319.2967529,634.5339966,0.058958501,0.135066316,0.428493589,0.981623411,108,070801030303,F070801030303_584,8
525,537.7368716,3786.861632,107_11_2,1.899459004,0.935354829,139.3678741,454.5824585,54,164.6598663,100,1097.732422,6.420171261,74.83868408,0.916647732,0.261899352,200.0000007,0.022617833,135.4629774,12.15927368,4976,2487,0.013622193,60.60025721,121202,54.54023134,0.000208178,304.0277405,619.2423096,0.056038551,0.12224678,2.555322409,5.574375629,104,070801030404,F070801030404_103,24
526,538.0575555,3786.097049,161_7_1,1.953158736,0.935165942,139.3397217,454.4906616,86,262.183136,100,1747.887573,6.601676464,76.95445251,0.9164626,0.261846453,74.23391604,0.008395052,130.9997864,11.79861259,1842,920,0.005039171,34.34999067,68700,30.91499257,0.000118001,401.5228577,716.6738281,0.151456222,0.436437875,4.507189274,12.98796558,108,070802060602,F070802060602_310,24
527,538.7549251,3785.966953,416_7_2,1.929911971,0.935133815,139.3349457,454.4750366,86,262.1741028,100,1747.827393,6.523102283,76.03852844,0.916431129,0.261837482,47.77338222,0.005402652,131.0012436,11.79871511,1184,592,0.003242597,32.47287162,64946,29.22558462,0.000111553,401.5090332,716.6491699,0.235363081,0.678224742,4.767567635,13.73827171,108,070802060601,F070802060601_88,16
528,536.7583773,3785.19729,136_4_2,1.843631148,0.934943736,139.3066101,454.3826599,78,237.7374878,100,1584.916626,6.231473446,72.6390686,0.916244864,0.261784256,200.0000023,0.022617834,133.9955917,12.03212502,5071,2535,0.013885106,84.33286615,168663,75.89957935,0.000289705,377.0440979,692.1201172,0.054953299,0.148735344,1.835406899,4.967670441,104,070801030603,F070801030603_520,24
529,537.6112378,3783.147017,581_5_2,1.961567283,0.934437335,139.2311554,454.1365356,68,207.1455078,100,1380.970093,6.630097389,77.28575134,0.915748596,0.261642456,31.28452682,0.003537941,131.0010579,11.79870224,776,388,0.002125216,16.05709481,32114,14.45138502,5.51603E-05,346.3766479,661.2820435,0.358843178,0.892723322,9.634450912,23.96840477,108,070801010301,F070801010301_132,24
530,537.153816,3782.106372,578_6_1,1.950690269,0.93418026,139.1928558,454.0115967,79,240.5886688,100,1603.924438,6.593333244,76.85719299,0.915496647,0.261570483,22.21986389,0.002512826,139.499588,12.42849159,581,290,0.001588434,72.34654236,144693,65.11188507,0.000248529,379.7815247,694.6002808,0.479975373,1.309591413,2.137748718,5.832752705,108,070802060501,F070802060501_123,16
531,537.04591,3782.079356,556_15_1,1.865576863,0.934173584,139.191864,454.0083618,79,240.5870667,100,1603.913818,6.305649757,73.50373077,0.915490091,0.261568606,199.9999953,0.022617833,130.9994659,11.79858983,4961,2480,0.013583852,158.5637917,317128,142.7074165,0.000544708,379.7789307,694.595459,0.056125753,0.153136671,0.975365341,2.66124177,108,070802060501,F070802060501_261,16
532,536.6129981,3780.815072,135_4_2,1.895219684,0.933861315,139.14534,453.8565979,76,231.3734741,100,1542.489868,6.405842304,74.67165375,0.915184081,0.261481166,42.15746492,0.004767553,130.9991646,11.79856873,1047,524,0.002870136,20.74003169,41480,18.66602868,7.12474E-05,370.5187988,685.2301025,0.265544534,0.707096934,7.454469204,19.84989929,104,070801030603,F070801030603_519,24
533,536.4980676,3779.759804,159_13_2,1.90384233,0.933600664,139.1065063,453.7299194,58,176.525177,100,1176.834473,6.434987068,75.01139069,0.914928675,0.26140818,108.8976059,0.012315139,140.2083549,12.50087738,2877,1438,0.007876443,39.76317739,79525,35.78686023,0.000136597,315.6316833,630.255127,0.096736096,0.219493523,3.887083292,8.819764137,104,070801030603,F070801030603_613,32
534,536.4879895,3779.459133,159_13_1,1.90384233,0.933526397,139.0954285,453.6938171,58,176.5111542,100,1176.740967,6.434987068,75.01139069,0.914855897,0.261387378,97.02490807,0.010972466,138.2261086,12.36191463,2505,1254,0.006868609,37.95620632,75912,34.16058493,0.000130389,315.6065674,630.2049561,0.110921398,0.251679868,4.071810722,9.238909721,104,070801030603,F070801030603_613,32
535,538.1832502,3778.270906,545_10_1,1.962331176,0.933232903,139.0516968,453.551178,70,212.9637451,100,1419.758301,6.632679462,77.3158493,0.914568245,0.261305213,53.33661968,0.006031794,149.8888041,13.37546666,1585,792,0.004338069,102.5225574,205046,92.27030098,0.000352192,352.0154419,666.5148926,0.175570324,0.444463938,1.507003784,3.815046072,108,070801010301,F070801010301_130,24
536,535.5378179,3777.795053,37_10_2,1.877093196,0.933115363,139.0341949,453.4940796,56,170.3495026,100,1135.66333,6.344574928,73.95747375,0.91445303,0.261272311,47.15086951,0.005332253,149.7000793,11.21401317,1353,676,0.003702695,20.73319767,41467,18.65987801,7.1224E-05,309.3836975,623.8435669,0.205671892,0.457668185,7.450970173,16.58015633,104,070801030403,F070801030403_101,32
537,536.7580773,3776.046399,96_5_1,1.881919861,0.932683468,138.9698334,453.2841797,78,237.1627502,100,1581.084961,6.360888958,74.14764404,0.914029777,0.261151373,199.9999996,0.022617833,135.1935425,12.12115224,5003,2501,0.013698876,178.6679086,357335,160.8011178,0.000613771,376.1325684,690.4468994,0.055565707,0.150392875,0.864234269,2.339116573,104,070801030406,F070801030406_872,24
538,536.2159242,3776.024613,703_25_2,1.933392406,0.932678103,138.9690399,453.2815552,78,237.161377,100,1581.075806,6.534866333,76.17565918,0.914024532,0.261149883,199.9999965,0.022617833,137.5816322,12.30713808,5161,2582,0.014142542,131.5767107,263154,118.4190383,0.000452,376.1304321,690.4429321,0.053822245,0.145674065,1.173536301,3.17626667,108,070801030303,F070801030303_217,8
539,536.4259062,3776.006067,34_5_2,1.936983585,0.932673514,138.9683533,453.2793274,79,240.2005157,100,1601.336792,6.5470047,76.31715393,0.914020061,0.261148572,120.5594553,0.013633968,135.5331726,12.17444817,2995,1497,0.008199607,39.10251452,78206,35.19226259,0.000134327,379.1688843,693.4798584,0.092831232,0.253285825,3.948832512,10.77421188,104,070801030403,F070801030403_160,32
540,533.382818,3775.326863,797_111_1,1.94111228,0.932505727,138.9433594,453.1977844,8,22.11835289,100,147.4556885,6.560959339,76.47982025,0.913855612,0.261101604,200.0000016,0.022617833,132.4176661,9.215260476,1761,879,0.004814599,9.323934697,18648,8.391541272,3.20302E-05,161.0617065,475.3161316,0.158069804,0.183232889,16.55754852,19.1933403,108,070802060803,F070802060803_89,24
541,536.5906462,3775.190552,112_12_1,1.992747664,0.93247205,138.9383392,453.181427,48,145.9132233,100,972.7548218,6.735486984,78.51425934,0.913822591,0.261092186,35.05480194,0.003964318,130.9990082,11.79855728,870,435,0.002382651,16.83918858,33678,15.15526962,5.7847E-05,284.8515625,599.0946655,0.319398493,0.654831171,9.167658806,18.79554558,104,070801030404,F070801030404_81,24
542,533.8158505,3775.179486,92_5_2,1.972468495,0.932469308,138.9379272,453.1800842,78,237.1082916,100,1580.721924,6.66694355,77.71525574,0.913819909,0.261091411,38.1166169,0.004310576,139.9670258,12.54217739,994,497,0.002722248,23.41080141,46822,21.06972086,8.04222E-05,376.0462036,690.2883911,0.279553175,0.756632209,6.594198704,17.84770775,108,070801030406,F070801030406_385,24
543,538.1430608,3774.942481,159_7_1,1.947249413,0.932410777,138.9291992,453.1516418,65,197.577652,100,1317.184326,6.581703186,76.72162628,0.913762569,0.26107502,192.0039109,0.021713562,137.2343986,11.35181327,4846,2423,0.013271642,89.30737158,178614,80.3766377,0.000306794,336.5068359,650.7293091,0.057337679,0.138880253,1.728477359,4.186625004,104,070801030603,F070801030603_624,32
544,533.9860706,3774.508508,54_22_2,1.832121611,0.932303607,138.9132385,453.0995483,78,237.0661621,100,1580.44104,6.192571163,72.18559265,0.913657546,0.261045009,27.03464085,0.003057325,130.9999237,11.79862213,670,335,0.001834915,11.37588051,22752,10.23829217,3.90791E-05,375.9794006,690.1657104,0.414666384,1.122326612,13.56800842,36.72286224,104,070801030405,F070801030405_115,32
545,539.1534986,3773.801989,27_10_2,1.946990609,0.932129085,138.8872375,453.01474,70,212.711853,100,1418.078979,6.58082819,76.71143341,0.913486481,0.260996133,21.08573914,0.002384569,131.0003662,11.7986536,523,262,0.001435068,15.34776783,30696,13.81299114,5.27236E-05,351.5990906,665.7265625,0.530103981,1.341981292,10.05482674,25.45423317,104,070801030202,F070801030202_256,32
546,536.0163963,3773.762451,159_14_1,1.913941979,0.93211931,138.8857727,453.0099792,65,197.5160828,100,1316.773926,6.46912384,75.40931702,0.913476944,0.260993421,47.0120182,0.00531655,145.4507523,12.92509842,1258,629,0.003445259,19.82096481,39642,17.83886814,6.80902E-05,336.4018555,650.526062,0.220804095,0.534820139,7.785571098,18.85780334,104,070801030603,F070801030603_624,32
547,532.3047499,3773.394402,525_11_2,1.798858166,0.932028413,138.8722382,452.9658203,84,255.2264099,100,1701.509399,6.080140591,70.87501526,0.913387835,0.26096797,25.02888051,0.002830495,144.2215322,12.87168407,649,324,0.001774664,10.44906085,20899,9.404154912,3.58953E-05,394.0986328,708.1922607,0.428618014,1.216353774,14.76711559,41.90686417,108,070802060502,F070802060502_4,16
548,536.357832,3773.286324,474_7_1,1.854174018,0.93200171,138.8682556,452.9528198,77,233.9497528,100,1559.665039,6.267107964,73.05445862,0.913361669,0.26096049,86.91823825,0.009829511,133.9136353,12.03042425,2242,1120,0.006134643,47.33907208,94678,42.60516474,0.000162622,372.8179932,686.9025879,0.123989515,0.332873195,3.259423018,8.750535011,108,070801030301,F070801030301_9,16
549,536.6016995,3773.200935,493_15_2,1.892427087,0.93198061,138.8651123,452.9425659,78,236.9835205,100,1579.890137,6.39640379,74.56163025,0.913340986,0.260954559,200.0000039,0.022617834,134.5888507,12.08620739,5122,2559,0.014016563,108.1673641,216336,97.35062728,0.000371583,375.8486328,689.9260864,0.054265384,0.146873251,1.426442862,3.86077261,108,070802060501,F070802060501_294,16
550,535.7191871,3771.158664,458_13_2,1.941445231,0.931476176,138.7899475,452.6974182,78,236.8557892,100,1579.038574,6.562084675,76.49294281,0.912846625,0.260813326,161.4376228,0.018256846,132.4156113,10.71026414,4009,2002,0.010965674,225.1551743,450310,202.6396576,0.000773467,375.645752,689.5532227,0.069325648,0.187635243,0.684910119,1.853762269,108,070802060801,F070802060801_103,24
551,536.3006658,3770.942179,493_18_1,1.899731994,0.93142271,138.7819824,452.6714478,85,258.0967102,100,1720.644775,6.421093941,74.84944153,0.912794232,0.260798365,172.7952668,0.019541273,137.2339447,12.26627655,4452,2226,0.012192602,100.0992366,200199,90.0893129,0.000343867,396.8786926,710.7681885,0.062345903,0.178292319,1.54049325,4.405391693,108,070802060501,F070802060501_322,16
552,538.1810246,3770.93284,137_8_2,1.896478415,0.931420386,138.7816315,452.6703186,78,236.8415375,100,1578.943604,6.410097122,74.72125244,0.912791967,0.260797709,20.12765694,0.00227622,131.0005798,11.79866886,499,250,0.00136934,19.0316124,38063,17.12845039,6.53786E-05,375.6231689,689.5118408,0.555126548,1.502492666,8.102404594,21.92978096,108,070802060602,F070802060602_66,32
553,536.2178318,3770.000061,69_8_2,1.939433455,0.931190014,138.7473145,452.5583496,56,169.9980316,100,1133.32019,6.555284977,76.41368103,0.912566185,0.260733217,30.70872307,0.003472824,130.9995651,11.79859686,762,381,0.002086874,10.24797556,20496,9.223177955,3.52045E-05,308.7453613,622.5563965,0.36416617,0.810355306,15.04333019,33.47494507,104,070801030405,F070801030405_318,24
554,535.503239,3766.41096,107_2_2,1.937640429,0.930303514,138.6152191,452.1275024,59,178.9345245,100,1192.896851,6.549224854,76.34303284,0.911697447,0.260484993,130.337912,0.014739806,132.213307,11.88854408,3245,1624,0.008895232,47.72262209,95445,42.95035849,0.00016394,317.5497437,631.0620117,0.085354201,0.195535555,3.227335453,7.393413067,104,070801030404,F070801030404_124,24
555,533.6871937,3765.814706,507_6_2,1.928160787,0.930156231,138.593277,452.0559387,84,254.7139893,100,1698.093262,6.517183304,75.96953583,0.911553085,0.260443747,84.66578508,0.009574783,133.1241817,11.95604241,2198,1100,0.006025096,58.30527597,116611,52.47474827,0.000200294,393.307251,706.7698975,0.125993893,0.357552052,2.641142368,7.495171547,108,070802060501,F070802060501_7,16
556,537.8956203,3765.056568,416_1_2,1.951254845,0.929968953,138.5653687,451.9649048,86,260.7260742,100,1738.173828,6.595241547,76.87944031,0.911369562,0.260391295,80.36006689,0.009087853,130.999472,11.79859028,1993,996,0.00545545,55.0172801,110034,49.51555204,0.000188999,399.2914429,712.690979,0.13912186,0.400895029,2.798421144,8.063960075,108,070802060601,F070802060601_144,16
557,538.3320908,3764.569451,404_6_1,1.9290694,0.929848671,138.5474548,451.9064636,92,278.8802185,100,1859.201416,6.520254612,76.00533295,0.911251724,0.260357618,160.9784356,0.018204917,135.2506294,9.933952022,4011,2005,0.010982106,127.2226808,254445,114.5004108,0.000437043,417.4276733,730.7866821,0.069100976,0.208193347,1.210017085,3.645643473,108,070802060601,F070802060601_242,16
558,535.8260282,3764.499846,581_11_1,1.86993432,0.929831445,138.5448914,451.8980713,86,260.6875305,100,1737.91687,6.320377827,73.67541504,0.911234796,0.26035279,199.9999962,0.022617833,143.87163,12.85506153,5451,2726,0.014931282,219.8969843,439795,197.907286,0.000755404,399.2324219,712.5855713,0.05082351,0.146453559,0.70004946,2.01726985,108,070801010301,F070801010301_114,24
559,536.1702075,3763.809875,542_7_2,1.814239025,0.929661036,138.5195007,451.8152771,73,221.2405396,100,1474.93689,6.132127762,71.48101807,0.911067843,0.260305077,52.19673532,0.005902885,130.9999466,11.79862404,1295,648,0.003549329,49.02069116,98041,44.11862129,0.000168399,359.7600403,673.0557861,0.213764668,0.555185258,3.139706135,8.154380798,108,070802060502,F070802060502_76,16
560,534.7106851,3763.707283,166_46_1,1.846249461,0.929635704,138.5157166,451.802948,78,236.3877716,100,1575.918457,6.240323067,72.74222565,0.911042988,0.260297984,27.50172116,0.003110147,138.1405914,12.37564697,698,348,0.001906121,18.09464152,36189,16.28517787,6.21598E-05,374.9035034,688.1907349,0.398033679,1.077308893,8.505631447,23.02114868,108,070802060406,F070802060406_122,32
561,533.6881444,3763.299853,519_6_1,1.948033214,0.929535091,138.5007324,451.7540588,52,157.5747833,100,1050.498535,6.584352493,76.75251007,0.910944402,0.260269821,47.28123329,0.005346995,134.399234,12.06358604,1192,595,0.003259029,54.72212015,109445,49.24990737,0.000187985,296.0755005,609.3288574,0.232774347,0.49760589,2.81220293,6.011696815,108,070801010301,F070801010301_273,24
562,536.6345603,3762.918187,556_9_2,1.85454011,0.929440796,138.4866791,451.7082214,84,254.5178375,100,1696.785645,6.268345356,73.06887817,0.910851955,0.260243416,127.8990796,0.014464,133.5512375,11.00837095,3401,1699,0.009306034,69.4521072,138904,62.50689585,0.000238586,393.0045166,706.2260742,0.0815107,0.231315196,2.215542316,6.287378788,108,070802060501,F070802060501_72,16
563,535.5121473,3762.693957,138_1_2,1.89791584,0.929385424,138.4784241,451.6813049,79,239.3537598,100,1595.691772,6.414955616,74.77788544,0.910797715,0.260227919,199.9999998,0.022617833,131.5970218,11.84361443,4990,2496,0.013671489,226.3841935,452770,203.7457786,0.000777689,377.8321838,691.0350342,0.055480137,0.15137507,0.679662764,1.854429483,108,070802060602,F070802060602_106,24
564,536.2933375,3762.378323,425_30_2,1.855917096,0.929307461,138.4668121,451.6434326,70,212.0677795,100,1413.785156,6.272999763,73.1231308,0.910721302,0.260206103,26.03857274,0.00294468,136.6650645,12.24018669,647,323,0.001769187,22.967445,45935,20.67070068,7.88992E-05,350.5346069,663.7111816,0.428689808,1.085246444,6.698699474,16.95804214,108,070801030302,F070801030302_82,24
565,537.1738687,3762.024949,593_4_1,1.972135067,0.92922014,138.4537964,451.6009827,69,209.0183868,100,1393.455933,6.665816307,77.70211792,0.91063571,0.260181636,72.4360833,0.008191736,131.0001068,11.7986351,1797,899,0.004924146,30.76313599,61525,27.68682232,0.000105679,347.472168,660.6193848,0.154008672,0.386509627,5.000710964,12.55009174,108,070802060802,F070802060802_57,24
566,535.0856654,3761.606865,459_9_1,1.90632236,0.929116905,138.4384155,451.5508118,63,190.8219757,100,1272.146484,6.443369389,75.10910034,0.910534561,0.260152727,86.51170507,0.009783537,151.399704,8.512902021,2398,1199,0.006567354,36.47355545,72947,32.82620077,0.000125296,329.260376,642.3728027,0.115461566,0.274612486,4.21731472,10.03041363,108,070801030303,F070801030303_5,8
567,535.023993,3761.391575,161_22_2,1.804107904,0.929063737,138.4304962,451.5249634,86,260.4722595,100,1736.481689,6.097884655,71.08184814,0.910482466,0.260137856,44.7822935,0.005064392,130.9968147,11.79840279,1110,555,0.003039935,43.01574582,86032,38.71417153,0.00014777,398.902771,711.9971924,0.249424323,0.718743742,3.575706005,10.303792,108,070802060602,F070802060602_194,24
568,534.9967357,3760.692218,93_25_1,1.90683043,0.928891003,138.4047546,451.44104,78,236.1983032,100,1574.655396,6.445086956,75.12911987,0.910313189,0.260089487,23.19095421,0.002622646,131.0010834,11.79870415,575,288,0.00157748,12.00059223,24001,10.80053329,4.12252E-05,374.6030579,687.6393433,0.480572075,1.300705075,12.81462193,34.68375397,108,070801030406,F070801030406_424,24
569,533.3922486,3760.165265,499_2_2,1.912991285,0.928760827,138.3853607,451.3777466,78,236.1652985,100,1574.435303,6.465910435,75.37185669,0.910185635,0.260053039,84.42027694,0.009547019,131.0010529,11.79870176,2095,1046,0.005729318,75.25767487,150516,67.73190767,0.00025853,374.5506592,687.5430298,0.132299587,0.358079016,2.043133974,5.529899597,108,070802060704,F070802060704_476,32
570,535.1958583,3759.967209,525_3_2,1.924477458,0.928711891,138.378067,451.3539734,74,224.0424652,100,1493.616455,6.504734039,75.82440948,0.910137653,0.26003933,26.64193636,0.003012914,143.7491646,10.48352478,731,365,0.001999236,10.01413057,20029,9.012717417,3.44012E-05,362.4205322,675.3964233,0.379117996,0.992932975,15.35364532,40.21212769,108,070802060502,F070802060502_4,16
571,535.4729107,3759.372187,578_4_1,1.973205209,0.928564906,138.3561707,451.2825317,79,239.1421814,100,1594.28125,6.669433594,77.74428558,0.909993589,0.259998173,196.0497568,0.022171104,134.6431798,12.07794516,4905,2453,0.013435963,267.9788766,535958,241.1809909,0.000920578,377.4983521,690.4246826,0.056402843,0.153892517,0.573661149,1.56520772,108,070802060501,F070802060501_120,16
572,532.4810085,3758.952885,93_2_1,1.838017464,0.928461373,138.340744,451.2322388,78,236.0891571,100,1573.927734,6.212499142,72.41788483,0.909892142,0.259969175,25.1590487,0.002845216,137.8001938,12.36238956,636,317,0.001736323,14.87021397,29740,13.38319292,5.10831E-05,374.4299011,687.3214111,0.436406136,1.181166887,10.33690166,27.97762108,108,070801030406,F070801030406_423,24
573,535.1589114,3758.334327,459_9_2,1.90632236,0.928308606,138.3179779,451.1579895,61,184.6034088,100,1230.689453,6.443369389,75.10910034,0.909742415,0.259926409,49.70390266,0.005620973,137.8004608,9.542217106,1227,614,0.003363099,27.92219362,55843,25.12997455,9.592E-05,322.9213867,635.7614136,0.225273579,0.525930583,5.504103184,12.85004807,108,070801030303,F070801030303_4,8
574,534.4003111,3756.860391,723_39_2,1.846044183,0.927944541,138.2637329,450.9810486,77,232.9322052,100,1552.881348,6.239629269,72.73413849,0.909385622,0.259824485,199.999999,0.022617833,142.4201038,12.71905195,5453,2726,0.014931282,205.4710091,410942,184.9239115,0.000705847,371.1959229,683.913269,0.050720371,0.136168718,0.747679055,2.007290125,108,070801010405,F070801010405_29,32
575,534.1750891,3755.5888,129_5_2,1.954168677,0.927630424,138.2169342,450.8283997,86,260.0704346,100,1733.802856,6.605090141,76.99424744,0.909077823,0.259736508,56.05142826,0.006338809,132.8885396,11.94094372,1393,697,0.00381772,13.98815866,27976,12.58934297,4.8053E-05,398.2873535,710.8988037,0.198302627,0.571430922,10.97888374,31.63686562,108,070801030407,F070801030407_153,24
576,534.2178933,3752.075119,183_6_2,1.926562905,0.926762581,138.0876312,450.4066162,65,196.3809814,100,1309.206543,6.511782646,75.90657806,0.908227324,0.25949353,200.0000016,0.022617833,137.9254727,11.00479946,5295,2647,0.014498571,48.7722825,97544,43.89505456,0.000167546,334.4686279,646.7875977,0.052167598,0.12635763,3.145858526,7.61973381,108,070801030603,F070801030603_455,16
577,532.6612118,3751.697947,194_10_1,1.885953426,0.926669419,138.0737457,450.3613281,78,235.6334991,100,1570.890015,6.374522686,74.30656433,0.90813601,0.259467423,148.2960042,0.016770671,154.8002472,13.73760128,4288,2145,0.011748936,112.0473391,224095,100.842604,0.000384912,373.7072449,685.994812,0.064370044,0.174222499,1.369200468,3.705846786,108,070801030408,F070801030408_139,8
578,534.2642478,3751.402381,460_13_1,1.889483452,0.926596403,138.0628662,450.3258667,70,211.4493561,100,1409.662354,6.386454105,74.44564819,0.908064485,0.259446979,20.34588469,0.002300899,132.6993103,11.92455788,506,252,0.001380295,29.52268334,59044,26.57041546,0.000101418,349.512207,661.7752075,0.54786849,1.386953235,5.196112633,13.1541872,108,070801030303,F070801030303_148,8
579,533.5030268,3750.884747,21_1_1,1.901526213,0.926468551,138.043808,450.2637024,78,235.582428,100,1570.549561,6.427158833,74.9201355,0.907939196,0.259411186,194.5797211,0.022004858,125.3643066,11.5027894,4795,2397,0.013129231,264.7312947,529464,238.2581654,0.000909421,373.6262207,685.8461304,0.057590242,0.155872434,0.579387546,1.568157077,105,070801030402,F070801030402_74,32
580,533.8106447,3749.788572,174_3_2,1.851672888,0.926197767,138.0034637,450.1321106,54,163.0478363,100,1086.985596,6.258654594,72.95590973,0.907673836,0.259335369,43.42564327,0.00491097,134.3999329,12.05058193,1099,549,0.00300707,20.9889399,41978,18.89004582,7.21025E-05,301.0513,613.1799316,0.251372427,0.54836303,7.305618286,15.93703365,108,070801030603,F070801030603_395,24
581,529.6003363,3749.539265,130_2_1,1.862187266,0.926136196,137.9942932,450.1022034,86,259.6514282,100,1731.009521,6.294192791,73.37017822,0.907613456,0.259318143,79.93523973,0.00903981,134.2384971,12.05982535,2017,1009,0.005526656,51.83051413,103660,46.64746335,0.000178051,397.6457214,709.7536621,0.136763424,0.394098818,2.958237886,8.524487495,108,070801030407,F070801030407_183,24
582,535.8423848,3749.334324,404_6_2,1.9290694,0.926085591,137.9867554,450.0776062,91,274.7323303,100,1831.548828,6.520254612,76.00533295,0.907563865,0.259303957,23.75320261,0.00268623,131.0008647,9.136516422,588,295,0.001615821,36.76914692,73538,33.09223151,0.000126312,412.7190857,724.8099365,0.467751712,1.399047732,4.169762611,12.47178173,108,070802060601,F070802060601_242,16
583,533.539465,3748.848264,578_6_2,1.950690269,0.925965548,137.9688721,450.0192566,79,238.4726868,100,1589.817871,6.593333244,76.85719299,0.907446265,0.25927034,43.10173011,0.004874339,144.3575156,12.83511897,1183,590,0.003231642,81.65546197,163310,73.48991662,0.000280508,376.4415588,688.4919434,0.233845547,0.638036549,1.87738502,5.122356415,108,070802060501,F070802060501_121,16
584,534.1977924,3748.458701,545_5_2,1.908437967,0.925869286,137.9545288,449.9724731,70,211.2831726,100,1408.554443,6.450520515,75.19245911,0.907351911,0.259243399,199.9999998,0.022617833,135.2496395,10.90263159,5030,2515,0.013775559,235.8090823,471617,212.2281728,0.000810066,349.2377014,661.2556152,0.054852694,0.13886191,0.650029302,1.645576477,108,070801010301,F070801010301_95,24
585,532.3666982,3748.324052,209_1_2,1.847983599,0.925836027,137.9495697,449.9562988,78,235.4213867,100,1569.475952,6.246184349,72.8105545,0.907319307,0.259234101,37.97807264,0.004294909,131.0006866,11.79867601,942,470,0.002574359,19.74289131,39486,17.76860208,6.7822E-05,373.3709717,685.3776855,0.293509722,0.794406295,7.763670444,21.01296234,108,070802060601,F070802060601_116,16
586,532.2530559,3748.28818,556_11_1,1.874125957,0.925827205,137.9482574,449.9520264,84,253.5283203,100,1690.188843,6.334545612,73.84056091,0.907310665,0.259231627,48.17253295,0.005447792,134.7767893,9.349927992,1220,610,0.003341189,20.94280816,41886,18.84852687,7.1944E-05,391.4765625,703.4803467,0.226144686,0.641764879,7.318781853,20.76961136,108,070802060501,F070802060501_80,16
587,530.1460147,3748.202926,686_19_2,1.883724332,0.925806105,137.9451141,449.9417725,70,211.2689514,100,1408.459717,6.366988182,74.21874237,0.907289982,0.259225696,33.00185418,0.003732152,130.9982834,11.79850674,819,410,0.002245717,43.68624544,87373,39.31762218,0.000150074,349.2140503,661.2106934,0.336451501,0.851741612,3.508480549,8.881871223,108,070801030408,F070801030408_113,16
588,532.6057288,3747.67058,133_7_2,1.86932826,0.925674617,137.9255219,449.8778687,86,259.5221252,100,1730.147461,6.318329334,73.65153503,0.907161117,0.25918889,199.9999967,0.022617833,128.7998421,11.68046856,4910,2453,0.013435963,243.9069849,487813,219.516296,0.000837884,397.4476318,709.4000244,0.056227282,0.162025124,0.628315628,1.810560942,108,070802060302,F070802060302_270,32
589,531.5711353,3747.506155,526_10_1,1.897601366,0.925634027,137.9194641,449.8581238,86,259.5106812,100,1730.071167,6.413892746,74.7654953,0.90712136,0.259177536,44.49373675,0.00503176,130.9996185,11.79860058,1103,552,0.003023502,38.35960773,76719,34.52364708,0.000131775,397.4301453,709.3687744,0.249854103,0.719982147,3.994927406,11.51182365,108,070801010301,F070801010301_248,24
590,531.1070535,3747.472912,159_5_1,1.868425012,0.925625801,137.9182434,449.854126,45,135.7892761,100,905.2618408,6.315276623,73.61594391,0.907113314,0.259175211,200.0000008,0.022617833,133.8340302,11.04564263,4483,2243,0.012285717,81.59106608,163183,73.43196127,0.000280287,273.7075195,585.6434326,0.061488293,0.122027427,1.878177285,3.727362156,104,070801030603,F070801030603_592,32
591,530.2625504,3746.832828,169_3_1,1.89070785,0.92546773,137.8946991,449.7773132,65,196.1066132,100,1307.377441,6.390592575,74.49388885,0.906958401,0.259130955,200.0000012,0.022617833,134.0925501,12.03373632,5096,2550,0.013967267,55.8298518,111659,50.24686699,0.00019179,334.0013123,645.8839111,0.054076351,0.130980909,2.744344234,6.647206783,108,070801030603,F070801030603_535,16
592,531.2062934,3744.169833,434_2_2,1.944017172,0.924809933,137.7966766,449.4576416,86,259.2797241,100,1728.531494,6.570777893,76.59427643,0.906313717,0.258946776,92.49450195,0.010460126,127.499588,11.55917104,2234,1116,0.006112733,54.11899231,108238,48.70709203,0.000185913,397.076416,708.7373657,0.123473726,0.355803251,2.829088449,8.152332306,108,070801030303,F070801030303_508,8
593,532.522756,3744.08066,581_9_2,1.889597893,0.924787939,137.793396,449.4469299,86,259.2735596,100,1728.490356,6.38684082,74.45015717,0.9062922,0.258940637,45.03044204,0.005092455,140.066213,9.700182289,1122,562,0.003078276,22.04365693,44088,19.83929168,7.57257E-05,397.0669556,708.720459,0.245183975,0.706524849,6.945479393,20.01416969,108,070801010301,F070801010301_114,24
594,530.5896433,3742.487541,34_9_1,1.891212821,0.924394429,137.7347717,449.2557068,73,219.987381,100,1466.58252,6.392299175,74.51378632,0.905906558,0.258830428,200.0000017,0.022617833,130.5269961,11.86191641,5118,2557,0.014005608,64.71061285,129421,58.23955276,0.000222298,357.722168,669.243103,0.053865768,0.139899164,2.364969492,6.142254829,104,070801030403,F070801030403_160,32
595,532.2399184,3739.563221,59_10_1,1.893550515,0.92367214,137.6271515,448.9046631,78,234.8713531,100,1565.809082,6.400200844,74.60588837,0.905198693,0.25862819,95.59920818,0.010811235,140.4444682,12.52499739,2598,1300,0.007120567,35.4132449,70826,31.87192109,0.000121654,372.4985046,683.776001,0.105867043,0.286537319,4.318131447,11.68735695,104,070801030202,F070801030202_146,32
596,532.5889088,3739.552009,425_34_1,1.844007611,0.923669338,137.6267242,448.9032898,78,234.8704376,100,1565.802979,6.232745647,72.65390015,0.905195951,0.258627415,167.4106695,0.018932333,142.3328522,12.74467545,4440,2220,0.012159738,125.1591903,250317,112.6432746,0.000429955,372.4971619,683.7737427,0.06199402,0.167791516,1.221792698,3.306874514,108,070801030302,F070801030302_90,16
597,536.0725502,3739.452438,137_13_2,1.817284822,0.923644781,137.6230774,448.8913574,86,258.9523315,100,1726.348877,6.142422676,71.60102081,0.905171871,0.25862053,77.97801523,0.008818469,133.8328056,12.01210022,1938,968,0.005302084,93.43892853,186878,84.09503501,0.000320987,396.5754089,707.843689,0.142172605,0.409685344,1.636518478,4.715800285,108,070802060602,F070802060602_67,32
598,529.8310554,3738.728907,128_8_1,1.922338843,0.923466027,137.5964355,448.8044739,78,234.8189392,100,1565.459595,6.497505188,75.74015045,0.904996693,0.258570492,29.85020447,0.003375735,158.1999207,14.05362034,882,441,0.002415516,56.07646942,112153,50.46882248,0.000192637,372.4153748,683.6234131,0.31201005,0.844479322,2.726365089,7.379117489,108,070801030406,F070801030406_497,16
599,528.2043452,3733.954991,29_3_1,1.870848775,0.922286868,137.4207458,448.2314148,78,234.519104,100,1563.460693,6.323468685,73.71144104,0.903841138,0.258240312,77.44687322,0.008758402,138.3660711,12.39527082,1958,978,0.005356858,27.91021816,55819,25.1191956,9.58789E-05,371.9398499,682.7504883,0.140512004,0.380306602,5.470746517,14.8069973,104,070801030402,F070801030402_171,32
600,527.9018883,3733.799845,29_3_2,1.870848775,0.922248542,137.4150391,448.2127991,78,234.5093536,100,1563.395752,6.323468685,73.71144104,0.903803587,0.258229584,200.0000008,0.022617833,137.0468837,12.27365385,5021,2511,0.01375365,266.4371976,532872,239.7934781,0.000915281,371.9243774,682.722168,0.054725226,0.148118034,0.573055804,1.551019549,104,070801030402,F070801030402_171,32
601,531.2201824,3733.732572,581_12_2,1.88930285,0.922231972,137.4125671,448.2047424,67,201.4336548,100,1342.890991,6.385843754,74.43852997,0.903787315,0.258224964,182.7677817,0.020669056,130.9980913,11.79849313,4535,2268,0.012422651,209.7201935,419440,188.7481744,0.000720444,338.8462219,649.6384277,0.060587551,0.149403095,0.728020668,1.795229077,108,070801010301,F070801010301_41,24
602,531.9847423,3733.504574,493_16_2,1.946598649,0.922175646,137.4041748,448.1773682,78,234.4908295,100,1563.272217,6.579503536,76.69598389,0.903732121,0.258209169,44.04192352,0.004980664,141.2003784,12.61010075,1142,571,0.003127572,18.74034119,37481,16.86630726,6.4378E-05,371.8950195,682.6682129,0.240637779,0.651304781,8.146666527,22.04958153,108,070802060501,F070802060501_294,16
603,530.0548614,3733.006867,70_7_2,1.865497589,0.922052681,137.385849,448.1176147,54,162.318161,100,1082.121094,6.305381775,73.50060272,0.9036116,0.258174747,200.0000005,0.022617833,138.2406955,12.38285806,5171,2584,0.014153497,73.35931058,146719,66.02337983,0.000252008,299.70401,610.435791,0.053167898,0.115984522,2.080866575,4.539361954,104,070801030601,F070801030601_107,32
604,532.1019495,3732.92531,495_1_1,1.807573915,0.922032535,137.382843,448.1078186,86,258.500824,100,1723.338867,6.109600067,71.21841431,0.903591871,0.258169115,27.57715589,0.003118678,131.0004807,11.79866123,684,342,0.001873257,10.55762541,21115,9.501862496,3.62682E-05,395.883667,706.6086426,0.401704222,1.157554626,14.45851707,41.66379547,108,070802060501,F070802060501_355,16
605,531.6019505,3732.868805,463_1_1,1.813806891,0.922018588,137.3807678,448.1010437,78,234.4506683,100,1563.004395,6.13066721,71.46398926,0.903578222,0.25816521,42.61612499,0.004819422,140.9176331,12.54067612,1114,558,0.003056367,13.20905122,26418,11.88814591,4.53765E-05,371.8314209,682.5516968,0.246202096,0.666364551,11.5561142,31.27749443,108,070801030301,F070801030301_130,24
606,530.6435947,3732.856009,106_8_1,1.837240815,0.922015429,137.3802948,448.0994873,52,156.2999268,100,1041.999512,6.209874153,72.38729095,0.903575122,0.258164316,54.61293677,0.006176131,131.0009537,9.668955874,1269,633,0.003467169,22.90302451,45805,20.61272214,7.86779E-05,293.6802368,604.3994141,0.217030481,0.463949829,6.664830208,14.24752331,104,070801030404,F070801030404_45,24
607,530.9044606,3732.719005,496_36_1,1.850376964,0.921981573,137.3752594,448.0830383,86,258.4867554,100,1723.244995,6.254274368,72.90485382,0.903541923,0.258154839,67.42394459,0.007624918,136.6677094,12.24038696,1708,854,0.004677665,50.22854221,100458,45.2056883,0.000172548,395.8619995,706.5698242,0.160860956,0.463538647,3.038893223,8.756906509,108,070802060502,F070802060502_395,16
608,528.8099561,3731.415043,161_3_1,1.95165062,0.921659529,137.3272705,447.9265442,78,234.3595886,100,1562.397217,6.596579075,76.89503479,0.903226316,0.258064657,32.33736297,0.003657005,136.6654867,12.24022897,804,402,0.002201899,30.39425805,60789,27.3548332,0.000104412,371.6868591,682.2861328,0.341610134,0.924594164,5.020219803,13.58761215,108,070802060602,F070802060602_76,24
609,529.7761719,3729.499064,37_10_1,1.877093196,0.921186268,137.2567596,447.6965332,55,165.1687012,100,1101.124634,6.344574928,73.95747375,0.902762532,0.257932156,126.2290625,0.014275139,138.0837364,12.38999319,3207,1604,0.008785685,18.91429466,37828,17.02286539,6.49756E-05,302.4254761,612.8652344,0.085571542,0.188544556,8.063081741,17.76583862,104,070801030403,F070801030403_101,32
610,532.0669998,3729.185184,129_11_1,1.991591334,0.921108723,137.2451935,447.658844,86,258.2420349,100,1721.613525,6.731578827,78.46869659,0.902686536,0.25791043,21.39435247,0.002419469,139.4982529,12.42838812,559,279,0.001528183,24.96034487,49921,22.46431133,8.57453E-05,395.4872437,705.9008789,0.491918266,1.417516947,6.109477043,17.60513496,108,070801030407,F070801030407_529,24
611,530.065839,3728.711034,493_2_2,1.887121797,0.9209916,137.2277527,447.6019287,78,234.1895142,100,1561.263428,6.378471851,74.3526001,0.902571797,0.257877648,69.75539303,0.007888579,131.000412,11.79865678,1730,866,0.004743393,32.49017859,64980,29.24116135,0.000111612,371.4172668,681.7914429,0.158461615,0.428888291,4.692965031,12.70186424,108,070802060501,F070802060501_322,16
612,528.8305447,3727.473,389_23_2,1.886404037,0.920685828,137.1821899,447.4533081,86,258.12323,100,1720.821533,6.376045704,74.32431793,0.902272105,0.257792026,32.04738635,0.003624212,142.3325755,12.68194675,847,422,0.002311446,47.99934685,95998,43.1994127,0.00016489,395.3054199,705.5765381,0.325076282,0.936742723,3.175556898,9.150712967,108,070802060601,F070802060601_59,16
613,531.0058766,3727.253127,507_15_1,1.882466316,0.920631528,137.1741028,447.4269104,84,252.1056824,100,1680.70459,6.362736225,74.16917419,0.902218878,0.257776827,38.68115997,0.00437442,139.4987946,12.46106339,987,493,0.002700338,22.32474404,44650,20.09226914,7.66913E-05,389.2797852,699.5325928,0.278243601,0.789614141,6.827208042,19.37460518,108,070802060501,F070802060501_1,16
614,529.8420462,3727.217167,59_12_2,1.865873337,0.920622647,137.1727753,447.4226074,78,234.095932,100,1560.639526,6.306652069,73.51541138,0.902210176,0.257774353,41.90070915,0.004738516,131.0001755,11.79864025,1039,520,0.002848227,16.5827806,33166,14.92450261,5.69662E-05,371.2687073,681.5185547,0.263793796,0.713978291,9.191111565,24.8764534,104,070801030202,F070801030202_171,32
615,528.9505531,3726.769198,458_5_1,1.875394106,0.920512021,137.1562958,447.3688354,78,234.0677948,100,1560.451904,6.338831902,73.89052582,0.902101755,0.257743359,57.65271929,0.006519898,136.66775,12.24039523,1578,789,0.004321637,112.9630848,225926,101.6667772,0.000388058,371.2240906,681.4366455,0.173835605,0.470499486,1.349076867,3.651380539,108,070802060801,F070802060801_272,24
616,528.4396487,3725.844106,135_2_1,1.862973452,0.920283496,137.1222382,447.257782,78,234.0096588,100,1560.064453,6.296850204,73.40115356,0.90187782,0.257679373,28.65216222,0.003240249,136.6667226,12.24031607,713,357,0.001955417,12.23983209,24480,11.01584898,4.2047E-05,371.131897,681.2674561,0.384095907,1.039585114,12.44772339,33.6907196,104,070801030603,F070801030603_519,24
617,529.1108964,3725.358784,498_4_1,1.835789204,0.920163631,137.1043854,447.1995239,92,275.9754639,100,1839.836426,6.204967499,72.33009338,0.90176034,0.257645816,34.90826319,0.003947746,136.6672414,12.24035867,874,437,0.002393606,49.81192138,99625,44.83072796,0.000171117,413.079834,723.1749878,0.313740015,0.94526279,3.05826807,9.214212418,108,070802060704,F070802060704_555,32
618,527.9093036,3724.694051,169_5_2,1.88824749,0.919999421,137.0799103,447.1197205,78,233.9374542,100,1559.583008,6.382276535,74.39694977,0.901599407,0.257599831,63.02120769,0.007127016,131.0011749,11.79871035,1563,782,0.004283295,14.11634307,28232,12.70470893,4.84933E-05,371.0173645,681.0571899,0.175293997,0.474446744,10.78969288,29.20313835,108,070801030603,F070801030603_515,16
619,526.024072,3724.338798,130_8_2,1.949175239,0.919911683,137.0668335,447.0770874,86,257.9064331,100,1719.376221,6.58821249,76.79750061,0.901513457,0.257575274,98.56040859,0.011146114,137.3749275,12.28736115,2561,1280,0.00701102,76.90580869,153811,69.21522808,0.000264192,394.9732666,704.9835205,0.107083462,0.308572859,1.980298758,5.706450462,108,070801030407,F070801030407_187,24
620,525.8516948,3722.631895,387_14_2,1.921929121,0.919490099,137.0040283,446.8721924,86,257.7880554,100,1718.587036,6.496120453,75.72400665,0.901100278,0.257457227,25.92104506,0.002931389,131.0003242,11.79865026,642,320,0.001752755,26.27068543,52542,23.64361727,9.02467E-05,394.7920837,704.6602783,0.4281376,1.233725309,5.794546127,16.69761848,108,070802060601,F070802060601_108,16
621,526.7214665,3722.475238,112_13_1,1.869426012,0.919451356,136.9982452,446.853363,54,161.8600464,100,1079.067017,6.318659782,73.65538788,0.90106231,0.257446378,70.50848198,0.007973745,148.0013428,13.12380838,1946,974,0.005334948,26.52749206,53055,23.87474279,9.11289E-05,298.8582764,608.7133789,0.140655279,0.306836009,5.738208294,12.51775932,104,070801030404,F070801030404_127,24
622,528.3100648,3722.364207,452_3_1,1.859235883,0.919423938,136.9941711,446.8400269,70,209.8125458,100,1398.750244,6.284217358,73.25389099,0.901035488,0.257438689,25.32306957,0.002863765,140.4441477,12.58703454,707,354,0.001938985,12.75139058,25503,11.47625136,4.38044E-05,346.8067017,656.6525879,0.386989176,0.979679942,11.93718815,30.21951103,108,070801030301,F070801030301_135,24
623,529.045093,3722.323941,183_6_1,1.926562905,0.919413984,136.992691,446.8352051,65,194.8238068,100,1298.825439,6.511782646,75.90657806,0.901025712,0.257435918,101.3153006,0.011457663,136.6662598,12.2256217,2689,1344,0.007361571,23.38623908,46773,21.04761519,8.03378E-05,331.8164978,641.6589966,0.101929083,0.246887282,6.508703709,15.7650404,108,070801030603,F070801030603_455,16
624,527.6528785,3721.985786,21_1_2,1.901526213,0.919330478,136.9802399,446.7946167,78,233.7671661,100,1558.447754,6.427158833,74.9201355,0.900943875,0.257412523,23.39177334,0.002645356,131.0002747,11.79864693,580,290,0.001588434,35.36755596,70735,31.83080074,0.000121497,370.747406,680.5617676,0.47234565,1.278439283,4.303386688,11.64744186,105,070801030402,F070801030402_74,32
625,529.3110148,3721.018493,410_6_1,1.872276187,0.919091582,136.9446411,446.6784973,86,257.6764832,100,1717.843262,6.328293324,73.76768494,0.900709748,0.257345647,28.42407912,0.003214455,139.5009079,12.46123552,783,392,0.002147125,25.04383126,50088,22.53944795,8.60321E-05,394.6211243,704.3549805,0.349348575,1.006686568,6.0757761,17.5080204,108,070802060602,F070802060602_218,16
626,530.349117,3720.685276,138_1_1,1.89791584,0.919009268,136.9323883,446.6385193,79,236.6816254,100,1577.877441,6.414955616,74.77788544,0.900629103,0.257322609,64.25251944,0.007266264,130.9991394,11.79856701,1593,796,0.004359978,58.88752875,117775,52.99877428,0.000202294,373.6140137,683.3201294,0.172025606,0.469364345,2.58368969,7.049484253,108,070802060602,F070802060602_106,24
627,527.658156,3720.564878,194_2_2,1.849221826,0.918979526,136.927948,446.624054,70,209.7107391,100,1398.071533,6.250369549,72.85933685,0.900599957,0.257314265,28.55583688,0.003229356,143.4653542,10.89752169,637,318,0.0017418,23.6711838,47341,21.30406588,8.13167E-05,346.6386719,656.3347778,0.430591017,1.090058684,6.427315235,16.27100945,108,070801030408,F070801030408_35,8
628,526.8475558,3720.153587,460_7_2,1.896993756,0.918877959,136.9128113,446.5746765,70,209.6879578,100,1397.919678,6.411839008,74.74155426,0.900500417,0.257285833,69.33488309,0.007841024,133.1244545,11.95606303,1721,861,0.004716007,89.04913165,178098,80.14421783,0.000305907,346.600769,656.2626343,0.159016043,0.402556062,1.708330512,4.32471323,108,070801030303,F070801030303_148,8
629,528.5614012,3719.983379,493_1_1,1.925727844,0.918835878,136.9065399,446.5542297,78,233.6415863,100,1557.610596,6.508960247,75.87368011,0.90045917,0.257274032,67.58265901,0.007642867,131.0000076,11.79862809,1677,838,0.004590027,41.01003754,82020,36.90903306,0.00014088,370.5481262,680.1958008,0.163372964,0.442181528,3.709296227,10.03949738,108,070802060501,F070802060501_531,16
630,528.1861909,3719.952415,128_13_1,1.919954062,0.918828249,136.9054108,446.5505371,78,233.6391907,100,1557.594604,6.489444733,75.64618683,0.90045166,0.257271916,116.3654338,0.01315967,143.4866852,12.9500536,3370,1685,0.009229351,321.4756665,642951,289.3281021,0.001104353,370.5446167,680.1896973,0.081249505,0.21990779,0.47318393,1.280707359,108,070801030406,F070801030406_283,16
631,531.6833137,3719.718393,443_13_2,1.891982436,0.918770432,136.8967896,446.5224304,78,233.624939,100,1557.499634,6.394900799,74.54410553,0.900395036,0.257255733,29.12056041,0.00329322,149.6992035,13.27254248,820,410,0.002245717,62.06359482,124127,55.85723448,0.000213205,370.5217285,680.1473389,0.33389461,0.903711557,2.450833559,6.633370399,108,070801030303,F070801030303_741,8
632,527.5520201,3719.275864,194_4_1,1.897328258,0.918661118,136.8805084,446.4692993,70,209.6384735,100,1397.589844,6.412969589,74.75473022,0.900287867,0.257225126,200.0000037,0.022617834,141.3046847,12.62501205,5405,2703,0.014805303,303.7726533,607547,273.395396,0.001043539,346.5189819,656.1077881,0.050640218,0.128197923,0.500668645,1.267464638,108,070801030408,F070801030408_37,8
633,533.0929312,3719.204168,56_2_2,1.880146503,0.918643415,136.8778687,446.4606934,78,233.5925751,100,1557.283813,6.354895115,74.07777405,0.900270522,0.257220149,20.27375332,0.002292742,147.9996033,13.12365882,559,280,0.001533661,3.744259834,7488,3.369833738,1.28625E-05,370.470459,680.0532837,0.488849521,1.323108792,40.61858368,109.9373093,104,070801030405,F070801030405_242,32
634,531.2584642,3718.86874,33_1_2,2.013002872,0.918560565,136.8655243,446.4204407,63,188.653717,100,1257.691406,6.803949833,79.31231689,0.90018934,0.257196963,33.26899421,0.003762363,131.0006027,11.79867029,825,412,0.002256672,11.36489306,22730,10.22840357,3.90414E-05,325.5192261,635.0741577,0.332197875,0.79009521,13.38092709,31.82502747,104,070801030403,F070801030403_87,32
635,523.8725024,3718.736116,845_71_1,1.847400308,0.918527842,136.8606415,446.404541,92,275.4848633,100,1836.565796,6.244213104,72.78757477,0.900157273,0.257187784,26.13769905,0.002955891,135.2497673,9.933907771,634,318,0.0017418,33.72308829,67445,30.35077997,0.000115848,412.34552,721.8894043,0.430379361,1.296684027,4.509295464,13.58599377,108,070802060302,F070802060302_371,32
636,530.7439078,3718.675605,102_12_2,1.862711549,0.918512881,136.8584137,446.3972473,78,233.5594482,100,1557.062988,6.295965195,73.39083862,0.90014261,0.257183611,27.42981648,0.003102015,150.0767008,13.33789285,787,394,0.00215808,49.18216014,98365,44.26394367,0.000168954,370.4178467,679.956665,0.347356379,0.940146804,3.091871262,8.368388176,104,070801030406,F070801030406_756,24
637,530.5294955,3718.508356,143_1_2,1.948293805,0.918471575,136.8522644,446.3771973,78,233.5489502,100,1556.993042,6.585233212,76.76277924,0.900102139,0.257172048,57.02744377,0.006449186,137.8004862,12.33962854,1416,709,0.003883448,103.443518,206887,93.09916314,0.000355356,370.4012146,679.9261475,0.193021536,0.522427678,1.469962358,3.978566647,108,070801030407,F070801030407_506,16
638,528.1795614,3717.369151,159_5_2,1.868425012,0.918190181,136.8103333,446.2404175,50,149.6648407,100,997.765625,6.315276623,73.61594391,0.899826407,0.257093251,63.56421191,0.007188424,139.5011177,10.19898765,431,215,0.001177632,2.605940619,5212,2.345346576,8.95209E-06,286.4751587,595.9052734,0.636327147,1.332442641,58.33267212,122.1461945,104,070801030603,F070801030603_592,32
639,525.539388,3716.944531,797_114_1,1.869224429,0.918085277,136.7947083,446.1894531,5,13.64104462,100,90.94029999,6.317978382,73.64744568,0.899723589,0.257063866,45.94287682,0.005195642,131.0001221,11.79863596,1140,570,0.003122095,16.73751879,33475,15.06376696,5.74978E-05,150.4357605,459.8305054,0.239990711,0.263922393,9.08104229,9.986596107,108,070802060803,F070802060803_262,32
640,528.0438827,3716.103237,143_3_2,1.874178886,0.917877495,136.7637482,446.0884705,78,233.3978882,100,1555.985962,6.334724426,73.84265137,0.89951992,0.257005692,26.27301899,0.002971194,141.2004089,12.61010647,653,327,0.001791097,50.04560184,100092,45.04104204,0.00017192,370.1616211,679.4863281,0.418237776,1.131992698,3.036425114,8.218317986,108,070801030407,F070801030407_506,16
641,526.1841964,3713.812069,680_20_2,1.854456186,0.917311609,136.6794281,445.813446,79,236.2444153,100,1574.962769,6.268062115,73.06557465,0.898965359,0.256847262,23.55492943,0.002663807,136.6664429,12.24030272,633,316,0.001730846,60.89517069,121791,54.80565453,0.000209191,372.9238281,682.0578613,0.432529837,1.180138707,2.493892908,6.804477215,108,070801030407,F070801030407_620,16
642,528.5848713,3712.980288,496_37_1,1.852890968,0.917106152,136.648819,445.7135925,78,233.2017517,100,1554.678345,6.262771606,73.00390625,0.898764014,0.256789714,20.26449776,0.002291695,159.3334961,14.16392708,604,302,0.001654163,11.85085773,23702,10.66577148,4.07108E-05,369.8505859,678.9153442,0.452479541,1.224670768,12.81190205,34.67640305,108,070802060502,F070802060502_570,16
643,526.106292,3712.934417,70_14_1,1.895853639,0.917094827,136.6471252,445.7080994,59,176.3940125,100,1175.960083,6.40798521,74.69663239,0.898752928,0.256786555,102.7757768,0.011622827,134.5427895,12.09436905,2735,1367,0.007487551,59.38547627,118772,53.4469282,0.000204005,313.0411377,622.1021118,0.099961318,0.228998631,2.55668807,5.857046604,104,070801030601,F070801030601_107,32
644,527.3575275,3712.80721,493_13_1,1.873557091,0.917063355,136.6424408,445.6927795,78,233.1908722,100,1554.605835,6.332623005,73.81814575,0.898722112,0.256777734,98.78431797,0.011171436,137.79953,12.3395586,2478,1239,0.006786448,56.52656078,113054,50.87390661,0.000194184,369.833313,678.883667,0.110284455,0.298493385,2.685904264,7.269607067,108,070802060501,F070802060501_294,16
645,528.2456334,3711.984209,694_11_1,1.849702716,0.916860104,136.6121521,445.5940247,77,230.1502228,100,1534.334839,6.251995087,72.87828827,0.898522913,0.256720841,199.9999971,0.022617833,145.1668523,11.2644895,5350,2675,0.014651937,173.9215802,347843,156.5294256,0.000597466,366.7623901,675.7442627,0.051069964,0.137107432,0.872757018,2.343089104,108,070801030303,F070801030303_266,16
646,528.4224113,3711.749516,434_9_1,1.786020041,0.916802108,136.6035156,445.5658264,69,206.2253265,100,1374.835449,6.036747932,70.3691864,0.898466051,0.256704599,199.9999993,0.022617833,141.1986023,9.323977709,5280,2639,0.014454752,150.7559497,301511,135.6803577,0.000517886,342.8288574,651.7911377,0.051763363,0.129908621,1.00680387,2.52673912,108,070801030303,F070801030303_547,8
647,529.2426949,3711.545452,559_13_1,1.95219481,0.916751742,136.5960083,445.5413513,79,236.1002502,100,1574.001709,6.598418236,76.91647339,0.898416698,0.256690502,33.78570334,0.003820797,139.5009766,12.42859983,883,440,0.002410038,90.33374184,180668,81.30036871,0.00031032,372.6962585,681.6416016,0.310445487,0.847036958,1.680140138,4.584188938,108,070802060501,F070802060501_268,16
648,527.3969563,3711.145758,396_5_2,1.912123799,0.916652977,136.5812988,445.4933472,75,224.1212158,100,1494.141479,6.462978363,75.337677,0.8983199,0.256662846,36.02758627,0.00407433,137.2326355,10.68916667,778,388,0.002125216,13.71925341,27438,12.34732782,4.71292E-05,360.7025146,669.614563,0.352013648,0.929645658,11.06160831,29.21300125,108,070801030603,F070801030603_16,24
649,530.0597387,3710.656709,545_5_1,1.908437967,0.916532218,136.5632935,445.4346619,70,209.1526184,100,1394.35083,6.450520515,75.19245911,0.898201585,0.25662902,23.48278475,0.002655649,131.0000153,11.79862881,582,291,0.001593912,18.67186159,37344,16.80467564,6.41427E-05,345.7159119,654.5872803,0.46928966,1.188027143,8.126505852,20.57260323,108,070801010301,F070801010301_95,24
650,528.6590745,3709.49813,559_6_2,1.876646757,0.916246057,136.5206604,445.2955933,84,250.9048157,100,1672.69873,6.343066216,73.93988037,0.897921145,0.256548882,127.6724362,0.014438369,136.665921,12.23439713,3254,1628,0.008917141,107.784323,215567,97.00589315,0.000370267,387.4254761,696.2004395,0.083857901,0.237976342,1.407343984,3.993834496,108,070802060501,F070802060501_185,16
651,533.2641169,3709.312713,389_29_1,1.900179505,0.916200221,136.5138397,445.2733154,86,256.8658752,100,1712.439209,6.422606945,74.86707306,0.897876203,0.256536067,44.95362663,0.005083768,130.9998474,11.79861689,1115,557,0.003050889,65.21676731,130433,58.69509268,0.000224037,393.3796997,702.1391602,0.245087683,0.706247211,2.325813532,6.702088356,108,070802060601,F070802060601_313,16
652,528.3270417,3708.953372,483_14_1,1.820721865,0.916111469,136.5006104,445.2301636,78,232.948822,100,1552.992188,6.15403986,71.73644257,0.89778924,0.256511211,115.2746602,0.013036315,150.6433182,13.40448475,3180,1589,0.008703524,126.48439,252969,113.8359511,0.000434507,369.4494324,678.1789551,0.085903466,0.232504368,1.199099302,3.245454788,108,070801010403,F070801010403_233,32
653,529.7695609,3708.769635,163_5_2,1.899289727,0.91606611,136.4938507,445.2081299,82,244.8826599,100,1632.551025,6.419599056,74.83201599,0.897744775,0.256498516,199.9999999,0.022617833,133.5506897,12.0015378,5046,2524,0.013824856,424.9247165,849849,382.4322404,0.001459728,381.3765259,690.0908203,0.054078389,0.151100054,0.356909901,0.99723947,108,070801030407,F070801030407_367,16
654,526.5608525,3708.337234,397_30_1,1.959104419,0.915959299,136.4779358,445.1562195,76,226.9377899,100,1512.918579,6.621772766,77.18871307,0.897640109,0.256468594,50.12062299,0.005668099,148.7935394,11.20637757,1321,660,0.003615057,48.73776481,97475,43.86398748,0.000167427,363.4157104,672.0939941,0.206784755,0.550629854,3.11138916,8.285058975,108,070802060602,F070802060602_60,24
655,528.3240333,3707.856657,528_2_1,1.940715432,0.915840566,136.4602509,445.0985107,75,223.9232635,100,1492.821777,6.559617996,76.46418762,0.897523761,0.256435364,26.85556829,0.003037074,136.6656189,12.24023279,704,352,0.001928031,21.69259977,43386,19.52333975,7.45198E-05,360.3835144,669.0217896,0.387671173,1.023816824,6.98959589,18.45911217,108,070802060502,F070802060502_71,16
656,526.7456841,3707.77818,102_2_1,1.858010888,0.915821195,136.4573517,445.0891113,78,232.8750153,100,1552.500122,6.280076981,73.20562744,0.897504747,0.25642994,145.5853265,0.016464123,139.9848371,12.48964855,3839,1919,0.010511053,342.8458974,685691,308.5613085,0.001177765,369.3323669,677.9641113,0.071108572,0.19246085,0.442237407,1.19694972,104,070801030406,F070801030406_492,24
657,527.5898082,3707.488428,144_4_1,1.839897275,0.915749669,136.446701,445.0543518,78,232.8561249,100,1552.374146,6.218852997,72.49195099,0.897434652,0.256409913,20.05504149,0.002268008,149.6997147,13.27258635,554,276,0.001511751,17.26018614,34520,15.53416753,5.92933E-05,369.3028259,677.9104614,0.4943721,1.338053703,8.783650398,23.77358246,108,070801030407,F070801030407_489,16
658,526.6643873,3707.263761,447_3_2,1.871212125,0.915694177,136.4384308,445.0273743,86,256.7240295,100,1711.49353,6.324697018,73.72576141,0.897380292,0.256394356,44.9318924,0.00508131,131.0005417,11.798666,1115,557,0.003050889,101.5670223,203135,91.4103241,0.000348909,393.1624756,701.7514038,0.244952306,0.705857217,1.492593169,4.301073074,108,070802060603,F070802060603_581,16
659,526.7694116,3706.665944,556_10_2,1.848462224,0.915546477,136.4164276,444.9555969,84,250.7132416,100,1671.421631,6.247802258,72.82941437,0.897235572,0.256353021,53.21442456,0.006017975,130.9985886,11.79852796,1320,661,0.003620535,23.06760039,46135,20.76084038,7.92432E-05,387.1296692,695.6688232,0.206378862,0.585672736,6.570852757,18.64710999,108,070802060501,F070802060501_19,16
660,527.9695136,3705.746977,37_1_2,1.924409747,0.915319502,136.3825989,444.8452759,54,161.1326904,100,1074.217896,6.504505157,75.82174683,0.897013128,0.256289452,116.8452588,0.013213933,149.5445501,13.28091977,3228,1615,0.008845936,28.68511155,57371,25.81660036,9.85409E-05,297.5152893,605.9779663,0.084447429,0.184219986,5.282748222,11.52418518,104,070801030403,F070801030403_101,32
661,526.046319,3705.063484,430_16_2,1.862956882,0.915150702,136.3574524,444.7632446,70,208.837265,100,1392.248413,6.296794415,73.40049744,0.896847665,0.256242186,199.9999998,0.022617833,156.3386972,13.90030398,5763,2882,0.01578575,134.5232682,269046,121.0709407,0.000462123,345.1947021,653.6005249,0.047313482,0.119776092,1.126260757,2.851177216,108,070801030302,F070801030302_156,16
662,529.6143144,3704.793923,581_14_2,1.873935461,0.915084124,136.3475342,444.730896,86,256.553009,100,1710.353394,6.333901882,73.83305359,0.896782458,0.256223559,,,,,,,,6.305197727,12611,5.674677957,2.166E-05,392.9005432,701.2839355,,,24.02736092,69.23750305,108,070801010301,F070801010301_107,24
663,525.3728638,3702.647195,135_4_1,1.895219684,0.914553881,136.2685242,444.473175,78,232.5525208,100,1550.350098,6.405842304,74.67165375,0.896262825,0.256075084,24.54105139,0.002775327,130.9989471,11.79855347,609,305,0.001670595,10.75316399,21507,9.677847505,3.69399E-05,368.8210449,677.0256958,0.446782053,1.209249377,14.08045769,38.10982132,104,070801030603,F070801030603_519,24
664,527.9317536,3700.673172,416_6_1,1.97218883,0.914066255,136.1958771,444.2362061,86,256.2676086,100,1708.450684,6.665998459,77.70423889,0.895784914,0.25593856,31.21771276,0.003530385,131.001442,11.79872942,775,388,0.002125216,32.09350097,64187,28.88415012,0.00011025,392.463501,700.5037842,0.351020306,1.011503816,4.715246201,13.58750343,108,070802060601,F070802060601_88,16
665,525.0742841,3700.344177,112_6_1,1.851019621,0.913985014,136.1837616,444.1967163,60,178.7754669,100,1191.836426,6.256446362,72.93017578,0.895705342,0.255915791,74.30272943,0.008402834,143.7504234,12.79245996,1980,989,0.005417109,35.99035585,71980,32.39132103,0.000123636,314.9592285,622.972168,0.137698442,0.318462312,4.204328537,9.723568916,104,070801030404,F070801030404_126,24
666,525.9752406,3699.75993,430_4_1,1.876974821,0.913840711,136.162262,444.1265869,70,208.5382385,100,1390.254883,6.344174862,73.95280457,0.8955639,0.255875409,55.99262458,0.006332159,139.3407942,12.45496913,1447,726,0.003976563,73.09535423,146190,65.78581901,0.000251102,344.7005005,652.6647949,0.18755132,0.47479409,2.069781303,5.239738464,108,070801030302,F070801030302_35,16
667,524.053939,3698.683049,37_11_1,1.878731608,0.913574696,136.1226349,443.9973145,83,247.1950378,100,1647.966919,6.350112915,74.02202606,0.89530319,0.255800903,199.9999967,0.022617833,133.1331367,10.1814517,4506,2254,0.012345968,50.92261434,101845,45.83035207,0.000174932,383.317688,691.1923828,0.060391586,0.170061082,2.970141649,8.363839149,104,070801030403,F070801030403_101,32
668,525.1303003,3698.630141,160_4_1,1.859326839,0.913561642,136.1206818,443.9909668,78,232.3003845,100,1548.669189,6.284524918,73.25747681,0.895290434,0.255797267,72.40078848,0.008187745,131.0004171,11.79865678,1796,898,0.004918669,69.28133772,138562,62.35320471,0.000238,368.4210815,676.2913818,0.151582047,0.410268456,2.183058262,5.908615112,108,070802060602,F070802060602_76,24
669,529.0807982,3698.32372,556_4_1,1.907488108,0.913485944,136.1094055,443.9541626,84,250.1489716,100,1667.65979,6.447309971,75.1550293,0.895216227,0.255776078,75.66422987,0.008556805,136.667923,12.24040699,1891,946,0.005181582,38.29509211,76590,34.46558237,0.000131554,386.2583618,694.1031494,0.143878862,0.408306926,3.949139833,11.20707512,108,070802060501,F070802060501_19,16
670,526.530358,3698.25888,194_21_1,1.867942452,0.91346997,136.1070251,443.9464111,70,208.4532013,100,1389.687988,6.313645363,73.59693146,0.895200551,0.255771577,83.67409298,0.009462633,133.8332621,10.45736127,1644,821,0.004496912,87.67689476,175355,78.90920834,0.000301193,344.5602417,652.3995972,0.165782005,0.419683605,1.724856019,4.366540432,108,070801030408,F070801030408_31,8
671,528.487084,3698.09098,581_3_2,1.900182128,0.913428485,136.1008453,443.926239,62,184.6221619,100,1230.814453,6.422615528,74.86717224,0.8951599,0.255759984,30.5235253,0.00345188,130.9991302,6.47428292,743,371,0.0020321,16.27941513,32559,14.651474,5.59241E-05,320.7230225,628.5484009,0.366848648,0.864482522,9.289225578,21.89015388,108,070801010301,F070801010301_44,24
672,527.2529435,3697.802133,410_9_1,1.90225327,0.913357139,136.09021,443.891571,86,256.0688171,100,1707.125488,6.429615974,74.94877625,0.895089984,0.255739987,21.94063944,0.002481249,130.9998474,4.699538787,318,159,0.0008709,4.130669117,8261,3.717602253,1.41899E-05,392.1590271,699.9603882,0.855913281,2.466408968,36.60698318,105.4870834,108,070802060602,F070802060602_217,24
673,526.7119783,3697.357082,474_10_2,1.83745718,0.913247228,136.0738373,443.8381653,86,256.037384,100,1706.915894,6.210605145,72.39581299,0.894982278,0.255709231,164.4580077,0.018598419,138.0828425,12.34526539,4315,2157,0.011814665,78.6554072,157310,70.78986696,0.000270202,392.1112061,699.8755493,0.063084766,0.181785449,1.922222018,5.539086819,108,070801030301,F070801030301_433,24
674,524.8671498,3697.286311,139_2_1,1.870355844,0.913229704,136.071228,443.8296509,78,232.2160492,100,1548.106934,6.321802616,73.6920166,0.894965112,0.255704314,41.17873764,0.004656869,131.0009537,11.79869509,1021,511,0.002798931,28.1232214,56246,25.31089878,9.66106E-05,368.2872925,676.0457153,0.266284198,0.720718801,5.375993729,14.55054188,108,070801030407,F070801030407_508,16
675,525.2030086,3697.115648,474_33_1,1.824113846,0.913187563,136.0649414,443.8091431,78,232.2053528,100,1548.035645,6.165504932,71.87008667,0.894923806,0.255692512,45.1033107,0.005100696,135.2508036,12.12452332,1119,559,0.003061844,25.98788071,51976,23.38909278,8.92752E-05,368.2702942,676.0145264,0.243407771,0.658801973,5.817452908,15.74538612,108,070801030301,F070801030301_272,16
676,526.9798627,3697.082045,533_6_2,1.921417832,0.913179278,136.0637054,443.8051147,79,235.1799774,100,1567.866455,6.494392395,75.70386505,0.8949157,0.255690187,49.80259805,0.005632134,131.0022583,11.79878693,1236,617,0.003379531,19.52734796,39054,17.57461317,6.70815E-05,371.2436829,678.9851074,0.220524639,0.601691544,7.742059708,21.12386131,108,070802060501,F070802060501_219,16
677,525.2906655,3696.868151,508_17_2,1.902151108,0.913126409,136.0558319,443.7794495,84,250.0505371,100,1667.00354,6.429270744,74.94475555,0.894863904,0.255675405,55.10885072,0.006232214,159.3332977,9.825938344,1535,768,0.004206612,49.30026078,98601,44.37023425,0.000169359,386.1063843,693.8299561,0.177156031,0.502742708,3.066376209,8.70192337,108,070802060502,F070802060502_8,16
678,527.1808908,3696.638937,88_9_1,1.86459446,0.913069844,136.0474091,443.7519531,40,119.064209,100,793.7614136,6.302329063,73.46501923,0.894808471,0.25565955,83.92740906,0.009491281,146.3004799,10.64995887,2327,1163,0.006370169,25.0116456,50023,22.5104815,8.59215E-05,255.111618,562.8161621,0.116979718,0.219356507,6.043735981,11.33301449,104,070801030405,F070801030405_360,24
679,524.5709469,3695.537391,703_22_2,1.940732241,0.912797749,136.0068665,443.6197205,78,232.1062164,100,1547.374756,6.55967474,76.46485138,0.8945418,0.255583376,29.94813347,0.003386809,149.7000046,13.27261162,838,418,0.002289536,12.61542225,25231,11.35388041,4.33373E-05,368.1130981,675.7259521,0.325375289,0.880653322,11.97888851,32.42178726,108,070801030303,F070801030303_602,8
680,524.6003169,3694.149333,135_15_2,1.855218649,0.912454903,135.95578,443.4530945,77,229.0444336,100,1526.962891,6.270638943,73.09561157,0.894205809,0.255487382,199.9999993,0.022617833,135.0473426,12.11854683,5099,2548,0.013956312,65.33320213,130666,58.79988245,0.000224437,365.0002136,672.4975586,0.053357843,0.143249691,2.312177658,6.207499027,104,070801030603,F070801030603_519,24
681,525.5610722,3693.096385,138_20_2,1.877132773,0.912194788,135.9170227,443.3266602,78,231.9528961,100,1546.352661,6.34470892,73.95903015,0.89395088,0.255414546,52.71716923,0.005961741,131.0002251,11.79864335,1308,655,0.003587671,59.10127057,118201,53.19114379,0.000203028,367.8699341,675.279541,0.20750691,0.561633468,2.555256605,6.915999889,108,070802060602,F070802060602_306,24
682,526.6094,3692.543171,186_6_2,1.887518764,0.912058175,135.8966675,443.2602844,82,243.8113861,100,1625.40918,6.379813194,74.36824036,0.893817008,0.255376279,39.35846257,0.004451016,135.2503777,12.12991929,978,490,0.002683906,60.6308997,121262,54.56780863,0.000208283,379.7080688,687.0716553,0.277340144,0.774914443,2.490418196,6.958462715,108,070801030407,F070801030407_318,16
683,525.1819072,3692.070426,102_4_1,1.893859267,0.911941409,135.8792725,443.2035217,78,231.8884583,100,1545.923096,6.401244164,74.61805725,0.893702567,0.255343586,40.61271352,0.004592858,138.2243652,12.36176848,1016,507,0.002777021,56.67976516,113359,51.01178807,0.00019471,367.7677307,675.09198,0.268006444,0.725380123,2.663683891,7.209465504,104,070801030406,F070801030406_537,24
684,526.0899613,3691.714247,59_14_1,1.845644236,0.911853433,135.8661652,443.1607666,78,231.8660583,100,1545.773682,6.238277435,72.71838379,0.893616378,0.255318969,20.48420319,0.002316541,141.1999054,12.61007261,577,289,0.001582957,8.78441447,17569,7.905973122,3.01768E-05,367.7322388,675.0268555,0.470125139,1.272429943,17.18525505,46.51321793,104,070801030202,F070801030202_196,32
685,524.4183477,3691.295261,112_6_2,1.851019621,0.911749959,135.8507385,443.1104736,60,178.3381042,100,1188.920654,6.256446362,72.93017578,0.893514931,0.255290002,98.87529319,0.011181724,139.1582794,12.44766808,2682,1340,0.007339662,29.31862261,58638,26.38676017,0.000100717,314.1888428,621.4486084,0.101381145,0.23446928,5.148443222,11.90706444,104,070801030404,F070801030404_89,24
686,524.6147233,3691.199119,533_4_2,1.929462552,0.911726177,135.8471985,443.0989075,84,249.6669769,100,1664.446533,6.521583557,76.02082825,0.893491626,0.255283326,,,,,,,,6.871059954,13742,6.183954,2.36039E-05,385.5141602,692.7658691,,,21.96769142,62.34104538,108,070802060501,F070802060501_211,16
687,523.7880265,3690.402014,60_28_1,1.855288506,0.911529303,135.8178711,443.0032349,76,225.8404999,100,1505.603271,6.270874977,73.09836578,0.893298745,0.255228192,31.64516337,0.003578725,136.666748,12.22565365,842,420,0.002300491,9.36005754,18720,8.424051405,3.21542E-05,361.6583862,668.84375,0.323375881,0.861091375,16.12263107,42.93164444,104,070801030202,F070801030202_146,32
688,526.0494625,3690.363853,209_7_2,1.835358024,0.911519885,135.8164673,442.9986572,78,231.7812805,100,1545.208496,6.203510284,72.31310272,0.893289506,0.255225569,55.0316,0.006223478,131.0003662,11.79865328,1366,683,0.003741037,51.23541546,102470,46.11187387,0.000176007,367.5977478,674.7799072,0.198852807,0.538210452,2.945368528,7.971867561,108,070802060601,F070802060601_114,16
689,523.0044228,3690.216493,389_27_1,1.865845323,0.911483467,135.8110352,442.980957,86,255.5432739,100,1703.621826,6.306557178,73.51430511,0.893253803,0.255215377,27.48381346,0.003108122,130.999588,11.79859829,682,341,0.00186778,40.12836801,80257,36.11553235,0.000137851,391.3543091,698.524231,0.398272842,1.147666574,3.760460615,10.83617687,108,070802060601,F070802060601_24,24
690,526.3361788,3690.199606,466_2_1,1.878181815,0.911479294,135.8104095,442.9789429,78,231.7709503,100,1545.139648,6.348254681,74.00036621,0.893249691,0.255214214,199.9999956,0.022617833,146.2557115,13.01019126,5428,2714,0.014865554,73.00064114,146001,65.70057858,0.000250776,367.5813599,674.7498779,0.050040681,0.135438964,2.067111254,5.594796181,108,070801030301,F070801030301_162,24
691,526.333845,3690.06219,59_10_2,1.893550515,0.911445379,135.8053589,442.9624634,78,231.7623291,100,1545.082153,6.400200844,74.60588837,0.893216491,0.255204707,60.53632399,0.006846002,142.3333397,12.67467022,1663,832,0.004557163,24.51908046,49039,22.06717185,8.42295E-05,367.567688,674.7247925,0.163227588,0.441788077,6.154180527,16.65676498,104,070801030202,F070801030202_146,32
692,523.637662,3689.225989,389_17_1,1.84292233,0.91123879,135.7745819,442.8620605,86,255.4741669,100,1703.161133,6.229077339,72.61113739,0.893014014,0.255146861,200.0000006,0.022617833,132.9612826,11.94899031,4988,2493,0.013655057,185.5210345,371044,166.9689297,0.000637313,391.2487488,698.3362427,0.054462329,0.156938925,0.813172758,2.343242884,108,070802060601,F070802060601_59,16
693,524.7399644,3688.980203,434_7_1,1.8837744,0.911178112,135.7655334,442.83255,86,255.4579163,100,1703.052734,6.367157459,74.22071075,0.892954528,0.255129874,32.61060047,0.003687906,123.3739586,11.30577374,772,386,0.002114261,36.34804833,72696,32.71324348,0.000124865,391.2234497,698.2904663,0.351724178,1.013532281,4.150170326,11.95917606,108,070801030303,F070801030303_16,8
694,526.4194959,3687.07504,59_2_1,1.879606009,0.910707533,135.6954193,442.6038513,78,231.574707,100,1543.831421,6.353068352,74.05648041,0.892493367,0.254998118,32.38080311,0.003661918,141.1999054,12.61007261,903,451,0.002470289,13.62592173,27251,12.26332951,4.68086E-05,367.2701416,674.1785889,0.300876766,0.814346194,11.06513691,29.94864845,104,070801030202,F070801030202_196,32
695,525.4779989,3686.382902,59_1_1,1.907844424,0.910536587,135.6699524,442.5207825,78,231.5310211,100,1543.540161,6.448513985,75.16906738,0.892325878,0.254950255,26.95956703,0.003048835,142.3335622,12.68201987,669,335,0.001834915,7.387550459,14775,6.648795597,2.53782E-05,367.2009888,674.0518188,0.404984921,1.096122384,20.40519142,55.22819519,104,070801030202,F070801030202_169,32
696,525.2292114,3686.280947,194_26_2,1.918591499,0.910511374,135.6661987,442.5085144,70,207.7786102,100,1385.190674,6.484839439,75.59250641,0.892301142,0.254943192,199.9999956,0.022617833,134.3991318,10.10632669,4413,2205,0.012077578,322.9998341,646000,290.699851,0.001109589,343.4448242,650.2871094,0.061526619,0.155757293,0.466688216,1.181441307,108,070801030408,F070801030408_24,8
697,524.0679694,3685.488526,556_17_1,1.929570317,0.910315692,135.6370392,442.4134216,79,234.4422913,100,1562.948608,6.521947861,76.02507019,0.892109394,0.254888386,37.19504543,0.004206357,136.6674143,12.24037107,1021,510,0.002793453,45.63982898,91279,41.07584535,0.000156785,370.0793457,676.8557129,0.265954971,0.725645781,3.302111864,9.009658813,108,070802060501,F070802060501_52,16
698,524.7030331,3684.428834,472_1_2,1.807150245,0.910053909,135.5980377,442.2861938,65,192.840332,100,1285.602173,6.108167648,71.20172119,0.891852856,0.254815102,102.5887767,0.011601679,148.2830353,10.79110096,2984,1492,0.00817222,109.9786716,219958,98.98080558,0.000377806,328.4383545,635.1265259,0.090883404,0.220132947,1.369942784,3.318202496,108,070801030301,F070801030301_97,16
699,526.0731225,3684.130515,590_9_2,1.820948958,0.909980237,135.5870514,442.2503967,86,255.1219025,100,1700.812744,6.154807568,71.74539185,0.891780615,0.254794478,112.7765111,0.012753802,130.9975739,11.79845651,2798,1399,0.007662826,53.81045016,107621,48.42940361,0.000184853,390.7089539,697.3723145,0.096917123,0.279277295,2.799684525,8.067598343,108,070802060802,F070802060802_27,24
700,521.9852343,3683.791749,462_11_2,1.923371553,0.909896553,135.574585,442.2097168,78,231.3679657,100,1542.453125,6.500995636,75.78083801,0.891698599,0.254771024,20.90974557,0.002364666,141.199028,12.61001015,521,260,0.001424113,8.632393152,17264,7.769153923,2.96545E-05,366.9425659,673.5776978,0.521440685,1.411317587,17.45036697,47.23069763,108,070801030301,F070801030301_116,24
701,523.9749753,3683.363602,563_5_2,1.832216978,0.909790814,135.5588379,442.1583252,78,231.3413696,100,1542.275757,6.192893505,72.18934631,0.891595006,0.25474143,176.6374144,0.019975778,136.8555552,12.23785528,4491,2244,0.012291195,167.7339053,335466,150.9605105,0.00057621,366.9002075,673.4996948,0.060409464,0.163502768,0.897975504,2.43043828,108,070802060501,F070802060501_137,16
702,522.3055531,3682.253438,64_10_2,1.846009135,0.909516573,135.5179749,442.0250549,78,231.2718811,100,1541.8125,6.239511013,72.73275757,0.891326249,0.25466463,199.9999995,0.022617833,135.1286011,12.12511955,5189,2595,0.014213748,78.7498244,157500,70.87484236,0.000270526,366.789856,673.296936,0.052222725,0.141344845,1.912074447,5.175177097,104,070801030601,F070801030601_213,32
703,527.1167723,3681.429644,434_19_1,1.916138172,0.909313142,135.4876556,441.926178,86,254.9349823,100,1699.566528,6.476547241,75.49584198,0.891126871,0.254607677,45.43879128,0.005138635,130.9981639,11.79849815,1128,564,0.003089231,31.45188463,62904,28.30669725,0.000108045,390.4226379,696.861145,0.240226343,0.692238748,4.786417007,13.79258919,108,070801030303,F070801030303_19,8
704,524.6515011,3681.339641,125_9_1,1.873791575,0.90929091,135.4843445,441.9153748,67,198.6071167,100,1324.047485,6.333415508,73.82738495,0.891105115,0.254601449,179.9943342,0.020355409,131.0000992,9.668907809,4445,2223,0.01217617,52.59302974,105185,47.333727,0.000180671,334.0914612,640.5224609,0.060946625,0.150288552,2.862321615,7.058211803,104,070801030409,F070801030409_281,16
705,524.5601279,3680.07104,526_4_1,1.81800437,0.908977568,135.4376526,441.763092,68,201.5021515,100,1343.347656,6.144854546,71.62937164,0.890798032,0.254513711,106.6189175,0.012057444,130.9999161,9.668897319,2334,1167,0.006392079,132.0590811,264118,118.8531761,0.000453658,336.9398193,643.2652588,0.116056256,0.288723081,1.139537454,2.834924936,108,070801010301,F070801010301_265,24
706,523.6970079,3678.544032,507_10_2,1.864807963,0.90860039,135.3814545,441.5798035,84,248.8111267,100,1658.740845,6.303050995,73.47343445,0.890428364,0.254408121,58.26187905,0.006588787,134.5414925,12.06284344,1450,725,0.003971086,26.62317558,53246,23.96085763,9.14576E-05,384.1925659,690.3909302,0.186733037,0.529920757,5.650108814,16.03417397,108,070802060501,F070802060501_101,16
707,523.6892146,3678.454324,93_20_1,1.862736225,0.908578217,135.3781586,441.5690002,78,231.0332642,100,1540.221802,6.296048641,73.39180756,0.890406668,0.254401892,200.0000031,0.022617834,141.5782199,12.64613756,5534,2769,0.015166809,240.314705,480629,216.2832329,0.000825544,366.411438,672.6022949,0.048890632,0.132326275,0.625929952,1.694127798,108,070801030406,F070801030406_423,24
708,523.2924089,3677.665011,194_5_2,1.851684332,0.90838325,135.3491058,441.4742737,78,230.9836884,100,1539.891235,6.258693218,72.95635986,0.890215576,0.254347324,35.37966943,0.004001057,142.0496025,12.6936183,905,452,0.002475767,91.79269311,183586,82.61342317,0.000315332,366.3327942,672.4579468,0.299444914,0.81047076,1.638342738,4.4343009,108,070801030408,F070801030408_139,8
709,524.3506947,3677.620397,109_6_1,1.87014997,0.908372223,135.3474579,441.4689026,76,225.0583191,100,1500.388794,6.321106911,73.68390656,0.890204787,0.254344225,199.9999966,0.022617833,133.2667558,10.01005058,4238,2119,0.011606525,124.1599285,248320,111.7439364,0.000426522,360.4057617,666.5272217,0.063873269,0.170082942,1.211228609,3.225282431,108,070801030406,F070801030406_337,24
710,527.1558778,3677.000873,455_1_1,1.90079391,0.908219218,135.3246613,441.3945313,86,254.6283417,100,1697.522217,6.424683571,74.89128113,0.890054822,0.254301369,136.9641604,0.015489163,131.0003166,11.79865003,3398,1699,0.009306034,60.65227079,121304,54.58704448,0.000208356,389.9530029,696.0228882,0.079649597,0.229519129,2.479061842,7.14369154,108,070802060803,F070802060803_201,32
711,521.4927514,3676.678221,44_9_2,1.895635366,0.908139527,135.3127899,441.3558044,64,189.4741364,100,1263.160889,6.407247543,74.68803406,0.88997674,0.254279077,33.80491328,0.003822969,131.0007121,9.136508316,636,319,0.001747278,24.21474606,48429,21.79327193,8.3184E-05,324.7869263,630.8299561,0.424178034,1.018140793,6.20892477,14.90308189,104,070801030401,F070801030401_468,32
712,524.1951343,3676.146152,474_26_1,1.820898175,0.908008099,135.2932129,441.2919312,86,254.5688324,100,1697.125488,6.154635906,71.74338531,0.889847934,0.254242271,36.35580149,0.004111447,139.4988594,12.46907783,952,476,0.002607223,10.6244926,21249,9.562043309,3.64979E-05,389.8620605,695.8607788,0.284229428,0.819037914,14.14898586,40.77183533,108,070801030301,F070801030301_299,24
713,522.9613158,3675.842807,209_6_1,1.805719852,0.907933176,135.2820435,441.2555237,86,254.5481415,100,1696.987549,6.103332996,71.14536285,0.889774501,0.25422129,40.85700989,0.004620485,131.0009766,11.79869652,1014,507,0.002777021,73.3219223,146644,65.98973083,0.00025188,389.8302002,695.8036499,0.266828477,0.768895864,2.050046921,5.907437325,108,070802060601,F070802060601_107,16
714,521.1645927,3675.762542,487_3_2,1.703943849,0.907913327,135.2790833,441.2458801,78,230.8641968,100,1539.094604,5.759330273,67.13539124,0.88975507,0.254215717,108.0292559,0.012216938,136.3834915,12.23066444,2788,1394,0.007635439,124.2598485,248520,111.8338623,0.000426865,366.14328,672.1101074,0.09704382,0.262656599,1.209643364,3.273993015,108,070802060502,F070802060502_329,16
715,523.5337597,3675.009514,140_5_1,1.867131114,0.907727361,135.2513733,441.1554871,78,230.8169098,100,1538.779419,6.310903072,73.56496429,0.889572799,0.254163653,200.0000008,0.022617833,132.0621052,11.87733793,4968,2482,0.013594806,185.057152,370116,166.5514371,0.00063572,366.0682983,671.9724121,0.054492898,0.147489235,0.812069714,2.197929382,108,070801030407,F070801030407_244,24
716,526.0863565,3674.478587,425_42_1,1.941751122,0.907596231,135.231842,441.0917664,78,230.7833862,100,1538.555908,6.563118935,76.50499725,0.889444292,0.254126936,95.97967267,0.010854261,138.0835915,12.38996005,2440,1219,0.006676901,76.99936872,153999,69.29943243,0.000264513,366.0152283,671.8751221,0.110936701,0.300258607,1.951413393,5.281648159,108,070801030302,F070801030302_203,16
717,527.1773987,3674.173884,434_5_2,1.906936407,0.90752095,135.2206268,441.0551758,70,207.0957642,100,1380.638428,6.445445061,75.13329315,0.889370561,0.254105866,26.4812372,0.002994741,152.2665507,13.51014487,729,364,0.001993759,40.23343213,80467,36.21008925,0.000138212,342.3164063,648.1509399,0.371485233,0.940429688,3.734335661,9.453619957,108,070801030303,F070801030303_20,8
718,526.4992293,3672.584893,109_6_2,1.87014997,0.907128453,135.1621399,440.8644409,76,224.7501221,100,1498.334106,6.321106911,73.68390656,0.888985872,0.253995955,124.3998057,0.01406827,131.0012894,9.668974757,2327,1161,0.006359214,183.368568,366737,165.0317118,0.000629919,359.912262,665.614563,0.116418727,0.31000194,0.819007099,2.180867195,108,070801030406,F070801030406_337,24
719,523.0318151,3671.963928,425_31_2,1.951213717,0.906975091,135.1392822,440.7898865,70,206.9717712,100,1379.811768,6.59510231,76.87782288,0.888835609,0.25395304,25.34984446,0.002866793,142.3345439,12.68210951,637,318,0.0017418,50.16028135,100321,45.14425173,0.000172314,342.1110535,647.7616577,0.424966305,1.075820923,2.993499279,7.578175068,108,070801030302,F070801030302_24,24
720,522.1455654,3669.159186,592_29_2,1.840504885,0.906282306,135.0360565,440.453186,84,248.1761932,100,1654.507935,6.220906734,72.51589203,0.888156652,0.253759056,38.35814556,0.004337891,131.0005341,11.79866552,951,475,0.002601746,13.72100773,27442,12.34890725,4.71353E-05,383.2122498,688.6293945,0.284286439,0.806762636,10.93506145,31.03207779,108,070802060704,F070802060704_236,32
721,522.1223053,3668.663243,102_1_1,1.854380727,0.906159818,135.017807,440.3936768,76,224.509964,100,1496.733154,6.267807007,73.06259918,0.888036609,0.253724754,30.26154657,0.003422253,131.0005239,11.79866473,750,374,0.002048532,15.20323857,30406,13.68291434,5.22271E-05,359.527771,664.9036255,0.361010194,0.961304188,9.867620468,26.27567291,104,070801030406,F070801030406_21,24
722,520.3277076,3667.963975,494_1_1,1.881737113,0.905987084,134.9920807,440.3097229,78,230.3743896,100,1535.829224,6.360271454,74.14044189,0.887867332,0.253676385,26.64386097,0.003013132,130.9947205,11.79825528,662,331,0.001813006,14.85887194,29718,13.37298489,5.10441E-05,365.3664551,670.684082,0.407831073,1.103826165,10.09438705,27.32123375,108,070802060501,F070802060501_456,16
723,523.6528809,3667.135662,664_21_1,1.879368186,0.905782521,134.9615936,440.2102966,78,230.3223724,100,1535.482422,6.352264404,74.04710388,0.887666881,0.253619105,199.9999976,0.022617833,131.849968,10.88783085,4695,2348,0.01286084,46.49039078,92982,41.84135189,0.000159707,365.2839661,670.5326538,0.057479385,0.155572385,3.225555182,8.730214119,104,070801030402,F070801030402_187,32
724,524.2254069,3666.100488,88_9_2,1.86459446,0.905526817,134.9234924,440.0860291,41,121.0326004,100,806.8840332,6.302329063,73.46501923,0.887416303,0.253547519,33.72336005,0.003813747,133.8340149,12.00864188,836,418,0.002289536,16.28565468,32572,14.65708907,5.59455E-05,255.9560852,561.1186523,0.32278347,0.612335145,9.205340385,17.46295547,104,070801030405,F070801030405_360,24
725,522.8287995,3665.285494,56_7_2,1.863666296,0.905325532,134.8935089,439.9882202,77,227.2548218,100,1515.032104,6.299191952,73.42845154,0.887219012,0.253491163,160.4014766,0.018139669,143.14408,12.74518803,4350,2176,0.011918734,34.84281462,69686,31.35853336,0.000119694,362.1483154,667.243042,0.061991502,0.166428447,4.301652431,11.54863644,104,070801030405,F070801030405_242,32
726,519.9221461,3664.675623,164_13_2,1.893630624,0.905174851,134.871048,439.914978,77,227.21698,100,1514.779907,6.400471687,74.60904694,0.887071371,0.253448963,78.22814071,0.008846755,143.9383901,12.83060376,2014,1007,0.005515701,157.585824,315173,141.8272434,0.000541349,362.0880127,667.131958,0.133933514,0.35957101,0.950953066,2.553021669,108,070801030407,F070801030407_121,16
727,522.63921,3664.214201,64_12_1,1.875315428,0.905060887,134.8540649,439.8595886,78,230.1388702,100,1534.259155,6.338566303,73.88742828,0.886959672,0.253417045,200.0000032,0.022617834,133.1258812,11.96432388,4961,2482,0.013594806,67.0539858,134109,60.34858875,0.000230348,364.9929199,669.9984741,0.054332823,0.147055969,2.234585285,6.048077106,104,070801030601,F070801030601_213,32
728,521.0982223,3664.210657,496_15_1,1.878739834,0.905060053,134.8539429,439.8591919,78,230.1386719,100,1534.257813,6.350140572,74.0223465,0.886958838,0.253416806,115.7496352,0.01309003,145.7340485,13.00981579,3321,1661,0.009097894,70.35031676,140701,63.31528425,0.000241672,364.9926147,669.9978638,0.081188403,0.2197427,2.129879713,5.7646842,108,070802060502,F070802060502_570,16
729,515.4743574,3664.162809,399_25_2,1.755132675,0.905048192,134.8521881,439.8534241,92,271.4420471,100,1809.613647,5.932348251,69.15222931,0.886947215,0.253413498,69.96920156,0.007912759,133.1250076,11.95610237,1741,871,0.00477078,41.80217791,83605,37.62195969,0.000143601,406.2942505,711.2954712,0.154824555,0.466468722,3.584400892,10.79939079,108,070802060601,F070802060601_433,16
730,525.0167154,3664.069884,93_4_1,1.902371883,0.905025244,134.8487549,439.8422546,79,233.0802002,100,1553.868042,6.430016994,74.95345306,0.886924744,0.253407061,26.65969846,0.003014923,137.3753471,10.08737457,693,346,0.001895166,33.26884878,66537,29.94196355,0.000114287,367.9289551,672.9224854,0.389736295,1.063378453,4.503671169,12.28807068,108,070801030406,F070801030406_693,24
731,526.0924447,3663.666865,135_9_2,1.899856806,0.904925704,134.8339233,439.7938843,78,230.104538,100,1534.030273,6.421515942,74.85435486,0.886827171,0.253379196,37.93772957,0.004290346,146.1114655,13.02876472,968,483,0.002645565,18.32406907,36648,16.49166231,6.2948E-05,364.9384766,669.8984375,0.279159248,0.75556618,8.175884247,22.12866592,104,070801030603,F070801030603_811,24
732,521.8674672,3663.485679,425_41_1,1.893752456,0.904880941,134.8272552,439.7721252,78,230.0931244,100,1533.954102,6.400883198,74.61384583,0.886783302,0.253366649,40.01141548,0.004524858,143.7503738,12.77614403,1059,529,0.002897523,92.33316803,184666,83.09985065,0.000317189,364.9203796,669.8652344,0.254871935,0.689830601,1.622472882,4.391348362,108,070801030302,F070801030302_75,16
733,521.8142442,3663.322401,474_15_1,1.843104959,0.904840648,134.8212585,439.7525635,78,230.0830994,100,1533.887329,6.229694843,72.61833191,0.886743844,0.253355384,32.56705856,0.003682982,130.9996567,11.79860306,807,403,0.002207376,16.6829505,33365,15.01465559,5.73103E-05,364.9043579,669.8356934,0.334544063,0.905469894,8.979310989,24.30321121,108,070801030301,F070801030301_512,16
734,522.2171073,3663.067544,163_27_1,1.936300039,0.904777706,134.8118744,439.7219543,82,241.8651733,100,1612.434448,6.544693947,76.29022217,0.886682153,0.253337771,153.1346989,0.017317875,139.2189274,10.17522523,3048,1525,0.008352973,303.3762218,606754,273.0386002,0.001042177,376.677063,681.5871582,0.088401228,0.24700135,0.493746579,1.379574418,108,070801030407,F070801030407_367,16
735,520.216455,3662.982167,138_20_1,1.877132773,0.904756606,134.8087311,439.7117004,78,230.0613403,100,1533.74231,6.34470892,73.95903015,0.88666147,0.25333184,200.0000006,0.022617833,133.631425,11.9946441,5014,2506,0.013726263,237.4189234,474837,213.6770329,0.000815596,364.8700562,669.7730713,0.053794388,0.14559859,0.630899489,1.707577348,108,070802060602,F070802060602_306,24
736,522.7077821,3662.81752,56_7_1,1.863666296,0.904715955,134.8026733,439.6919556,77,227.1018066,100,1514.012085,6.299191952,73.42845154,0.886621654,0.253320456,59.82944298,0.006766062,147.9990616,13.1236124,1651,825,0.004518822,22.38544178,44771,20.14689779,7.68998E-05,361.90448,666.7937622,0.163397178,0.438672096,6.690989017,17.96328545,104,070801030405,F070801030405_242,32
737,521.159087,3662.289318,133_1_1,1.845950246,0.904585481,134.7832336,439.62854,86,253.6095886,100,1690.730591,6.239311695,72.73043823,0.886493742,0.253283948,27.44820866,0.003104095,124.2502327,11.5554862,578,289,0.001582957,0.560648561,1121,0.504583716,1.92597E-06,388.3928223,693.2381592,0.466377974,1.343919754,267.1176758,769.729187,108,070802060302,F070802060302_270,32
738,520.6310628,3662.150003,425_1_2,1.844767213,0.904551029,134.7781067,439.6117859,78,230.0091705,100,1533.394531,6.235313416,72.68383026,0.886460006,0.253274292,114.8349224,0.012986586,134.6106033,12.08009386,2871,1434,0.007854534,173.1082064,346215,155.7973828,0.000594672,364.7872925,669.6209717,0.093987525,0.254384458,0.86508584,2.341421127,108,070801030302,F070801030302_13,24
739,519.8963189,3661.594657,448_6_1,1.826448441,0.904413879,134.7576752,439.5451355,78,229.9743652,100,1533.162476,6.173395634,71.96206665,0.886325598,0.253235877,45.90137321,0.005190948,142.8981819,12.76794338,1347,673,0.003686263,32.68670341,65374,29.4180325,0.000112287,364.7320557,669.5195313,0.200234294,0.54194957,4.580784798,12.39824772,108,070801030303,F070801030303_120,8
740,523.0575352,3661.533639,59_3_1,1.88599062,0.904398799,134.7554169,439.5378113,78,229.97052,100,1533.136841,6.374648094,74.30802917,0.886310816,0.253231674,170.2825611,0.019257113,138.6501846,12.39495214,4542,2272,0.012444561,63.83569932,127671,57.4521296,0.000219292,364.7259521,669.5083008,0.059311364,0.160530791,2.345525265,6.34834528,104,070801030202,F070801030202_405,32
741,520.1838607,3661.503517,493_17_2,1.991125107,0.904391348,134.7543182,439.5342102,86,253.5551605,100,1690.367676,6.73000288,78.45033264,0.886303544,0.253229588,33.7572422,0.003817578,131.0000305,11.79862976,837,418,0.002289536,22.01489019,44030,19.8134017,7.56269E-05,388.3094788,693.0893555,0.322378755,0.928970039,6.801170349,19.59832382,108,070802060501,F070802060501_322,16
742,520.5303626,3661.205309,435_1_1,1.846046925,0.904317737,134.7433472,439.4984131,78,229.9496918,100,1532.997925,6.239638805,72.7342453,0.886231363,0.253208965,156.7387636,0.017725456,144.1760597,10.51096275,3996,1998,0.010943764,40.53371664,81068,36.48034517,0.000139244,364.6930542,669.4481201,0.067439109,0.182529062,3.693587542,9.996973991,108,070801030303,F070801030303_575,8
743,523.3564565,3660.951763,109_2_2,1.917803764,0.904255092,134.7340088,439.4679871,80,235.8295898,100,1572.197266,6.482176781,75.56147003,0.88616997,0.253191411,51.84844682,0.005863498,131.0006866,8.249117335,1174,587,0.00321521,186.7133519,373426,168.0420152,0.000641409,370.5635986,675.2976074,0.229529828,0.63128382,0.801787615,2.205184221,108,070801030406,F070801030406_345,24
744,518,3660,29_1_2,1.851719379,0.904020011,134.6989746,439.3537292,78,229.8742065,100,1532.494751,6.258811474,72.95774078,0.885939598,0.253125608,57.81551487,0.006538308,145.166748,8.975461761,1531,765,0.00419018,14.49805961,28996,13.04825365,4.98046E-05,364.5731812,669.2279053,0.176077098,0.476566255,10.32314205,27.940382,104,070801030402,F070801030402_171,32
745,523.4246242,3659.714377,537_26_2,1.873649478,0.90394944,134.6884613,439.3194275,83,244.5905609,100,1630.60376,6.332935333,73.8217926,0.885870457,0.253105849,22.73190424,0.002570732,131.0060616,11.7990551,564,282,0.001544615,31.37601882,62751,28.23841715,0.000107785,379.2790222,683.9099731,0.477618665,1.344961047,4.769688606,13.43131351,108,070801010302,F070801010302_1,32
746,520.2518531,3659.058498,194_8_2,1.830870152,0.903787434,134.6643219,439.2406921,70,206.2442932,100,1374.961914,6.188341141,72.13628387,0.88571167,0.25306049,200.0000021,0.022617833,140.0276601,11.1464089,4710,2355,0.012899182,473.3350377,946668,426.0015234,0.00162603,340.9086304,645.4849854,0.057182301,0.144759506,0.31611231,0.80025214,108,070801030408,F070801030408_219,8
747,522.2185057,3658.87607,194_9_2,1.90983665,0.903742373,134.657608,439.2187805,78,229.8036041,100,1532.024048,6.455247879,75.24756622,0.885667503,0.253047854,53.56216812,0.006057301,144.5994415,12.926085,1420,710,0.003888925,136.2904091,272581,122.6613712,0.000468193,364.4612122,669.0223999,0.189658597,0.513325632,1.097799659,2.971279383,108,070801030408,F070801030408_139,8
748,519.2270524,3658.503685,494_1_2,1.881737113,0.903650403,134.6439056,439.1741028,78,229.7802277,100,1531.868164,6.360271454,74.14044189,0.885577381,0.253022105,23.13031887,0.002615788,130.9958878,11.79833746,574,287,0.001572002,17.38789552,34776,15.64910554,5.9732E-05,364.4241333,668.9543457,0.469142526,1.269770503,8.603936195,23.28721809,108,070802060501,F070802060501_455,16
749,518.6571741,3658.195185,797_123_1,1.854678392,0.903574228,134.6325531,439.137085,14,41.17427826,100,274.4951782,6.268813133,73.07432556,0.885502756,0.253000796,38.32833862,0.00433452,131.0011749,11.79871082,951,476,0.002607223,11.89217186,23784,10.70295429,4.08527E-05,175.8068237,480.3113708,0.282841504,0.369342059,12.5790081,16.42600822,108,070802060803,F070802060803_121,32
750,520.6617791,3657.939924,137_8_1,1.896478415,0.903511167,134.6231689,439.1064148,78,229.744812,100,1531.63208,6.410097122,74.72125244,0.885440946,0.252983123,59.02382386,0.006674955,130.9988136,11.79854417,1463,731,0.00400395,50.09505737,100191,45.08555222,0.00017209,364.367981,668.8511963,0.184163019,0.498451412,2.985949278,8.081701279,108,070802060602,F070802060602_66,32
751,519.1681357,3656.136893,44_9_1,1.895635366,0.903065801,134.5568085,438.8899841,68,200.1916199,100,1334.61084,6.407247543,74.68803406,0.885004461,0.25285843,27.68919504,0.003131348,131.0001678,6.474319637,664,332,0.001818483,9.575914383,19152,8.618323326,3.28958E-05,334.7484131,639.081604,0.405291587,1.00827837,15.61287498,38.84147644,104,070801030401,F070801030401_468,32
752,520.3421732,3655.335253,107_8_1,1.883745551,0.902867794,134.527298,438.7937622,54,158.9408417,100,1059.605591,6.367060184,74.21957397,0.884810448,0.252802968,37.58520649,0.00425048,133.8341675,12.01220202,932,467,0.002557927,11.78015181,23559,10.60213642,4.04679E-05,293.4681396,597.7346191,0.288067013,0.628411412,12.68869686,27.68009377,104,070801030404,F070801030404_103,24
753,521.3701714,3654.601299,528_1_2,1.876545668,0.902686536,134.5002899,438.705658,75,220.7067871,100,1471.37854,6.342724323,73.93589783,0.884632826,0.252752244,21.2415066,0.002402184,130.9993668,11.79858303,527,263,0.001440546,26.22164748,52443,23.59948331,9.00782E-05,355.2070923,659.4124756,0.511407971,1.350597262,5.699289799,15.05147743,108,070802060502,F070802060502_71,16
754,520.8864642,3653.411661,183_5_1,1.837921977,0.902392685,134.4565125,438.5628357,65,191.2170105,100,1274.780029,6.212176323,72.41412354,0.884344816,0.25266996,20.24757767,0.002289782,131.000145,11.79863787,502,251,0.001374817,6.924777269,13849,6.232299566,2.37884E-05,325.6735229,629.7798462,0.535683334,1.297504067,21.57414055,52.25575638,108,070801030603,F070801030603_800,16
755,518.5222021,3651.334791,447_2_1,1.825734377,0.901879668,134.3800659,438.3135071,86,252.8509827,100,1685.673218,6.170982361,71.93393707,0.883842051,0.252526313,92.56732348,0.010468361,139.2184906,10.83119316,2351,1174,0.00643042,188.408013,376817,169.5672104,0.000647231,387.2310486,691.1644897,0.114463426,0.329839051,0.792488515,2.283643484,108,070802060603,F070802060603_420,16
756,524.8444284,3650.916226,499_12_1,1.90168488,0.901776314,134.3646698,438.2632751,78,229.3036804,100,1528.691162,6.427694798,74.92638397,0.883740783,0.252497375,43.47720519,0.004916801,130.9994736,11.79859042,1077,538,0.002946819,24.4677391,48935,22.02096577,8.40531E-05,363.668335,667.5669556,0.249748453,0.675963461,6.101670265,16.51464081,108,070802060704,F070802060704_476,32
757,518.9962228,3650.155825,593_1_1,1.843367577,0.9015885,134.3366852,438.1719971,70,205.7423096,100,1371.615356,6.230582237,72.628685,0.883556724,0.252444774,33.74365616,0.003816042,130.9999695,11.79862499,837,418,0.002289536,8.678699493,17357,7.810829639,2.98136E-05,340.0789795,643.9143066,0.321379632,0.813586056,17.19877243,43.53941727,108,070802060802,F070802060802_57,24
758,519.9963566,3649.431238,507_15_2,1.882466316,0.901409507,134.3100128,438.085022,84,246.8412628,100,1645.608398,6.362736225,74.16917419,0.883381307,0.252394676,25.79194251,0.002916789,139.4991913,12.49599616,749,374,0.002048532,9.025628008,18051,8.123065285,3.10054E-05,381.1512756,684.9262695,0.359117687,1.019121051,16.53440094,46.92210007,108,070802060501,F070802060501_2,16
759,518.7072911,3648.616812,592_40_1,1.818653107,0.901208341,134.2800446,437.9872437,70,205.6555328,100,1371.036865,6.14704752,71.65493011,0.883184195,0.25233835,91.66846963,0.010366711,131.0002403,11.79864454,2275,1137,0.006227758,41.38054995,82761,37.24249491,0.000142153,339.9355774,643.6427612,0.1181003,0.298975885,3.605559826,9.127626419,108,070802060704,F070802060704_238,32
760,519.7376261,3648.496855,481_41_1,1.841410398,0.901178718,134.2756348,437.9728699,92,283.992157,100,1893.281006,6.223967075,72.55156708,0.883155167,0.252330035,51.19875726,0.005790025,133.8340454,9.293980926,1294,646,0.003538374,98.52159843,197043,88.66943949,0.000338447,418.2677917,721.9650269,0.207857013,0.647473335,1.514339447,4.717158318,108,070802060603,F070802060603_311,16
761,515.5684374,3646.537876,845_76_1,1.975414157,0.900694847,134.203537,437.7377014,92,270.1364136,100,1800.909424,6.67689991,77.83131409,0.882680953,0.252194554,20.29104117,0.002294697,130.9996338,6.47430104,497,248,0.001358385,26.65843391,53317,23.99258995,9.15787E-05,404.3399658,707.8741455,0.541143298,1.630403042,5.593541145,16.85270119,108,070802060302,F070802060302_364,32
762,519.8530309,3645.636501,194_5_1,1.851684332,0.900472224,134.1703644,437.6294861,78,228.9720917,100,1526.480591,6.258693218,72.95635986,0.8824628,0.252132237,61.93426286,0.007004094,147.1496086,13.09933805,1817,909,0.00497892,58.14478721,116289,52.3303103,0.000199743,363.1424561,666.6015625,0.147602156,0.399496645,2.563913107,6.939428806,108,070801030408,F070801030408_139,8
763,518.5425692,3645.173634,135_12_2,1.840699196,0.900357902,134.1533203,437.5739441,78,228.9425964,100,1526.283936,6.221563339,72.52355194,0.882350743,0.252100199,46.40118585,0.005247471,140.0668823,12.53671017,1189,596,0.003264506,19.56341776,39126,17.60707617,6.72055E-05,363.0959167,666.5165405,0.225089461,0.609221339,7.619284153,20.62215805,104,070801030603,F070801030603_528,24
764,520.3921695,3645.114721,137_30_2,1.79701364,0.900343359,134.1511536,437.566864,79,231.8744354,100,1545.82959,6.073905945,70.80233765,0.882336497,0.252096146,200.0000002,0.022617833,131.9447734,11.86863973,5034,2517,0.013786514,241.6304974,483262,217.4674485,0.000830064,366.0255737,669.4412842,0.053298034,0.145421371,0.616879225,1.683128119,108,070802060602,F070802060602_267,32
765,519.4057377,3643.524996,165_8_2,1.820090652,0.899950683,134.0926514,437.3760376,78,228.8394623,100,1525.596436,6.15190649,71.71157074,0.88195169,0.251986206,56.86594582,0.006430922,130.9981461,11.79849672,1410,705,0.003861538,30.22508866,60450,27.2025792,0.000103831,362.9321289,666.2155151,0.19020234,0.51479733,4.929409504,13.34182739,108,070802060406,F070802060407_23,32
766,520.6689216,3643.299428,48_8_2,1.821722507,0.899894953,134.0843506,437.348938,78,228.8252869,100,1525.501953,6.157422066,71.77586365,0.881897032,0.251970589,64.98024596,0.007348562,138.3802582,12.39371166,1729,866,0.004743393,78.12634959,156253,70.31371597,0.000268384,362.9096375,666.1741943,0.154831812,0.419064254,1.906944394,5.161292076,104,070801030601,F070801030601_36,32
767,517.1696124,3643.220842,60_17_1,1.814393163,0.899875522,134.0814514,437.3395081,76,222.9531555,100,1486.35437,6.132648945,71.48709106,0.881878018,0.251965135,200.0000032,0.022617834,130.998645,10.02377675,4569,2285,0.012515767,146.5827919,293167,131.9245144,0.00050355,357.0346069,660.2926636,0.058678973,0.156251475,1.016349792,2.706355333,104,070801030202,F070801030202_367,32
768,519.106638,3640.950185,425_46_1,1.842769742,0.899314702,133.9978943,437.0669556,78,228.6777496,100,1524.518311,6.228561878,72.60512543,0.881328404,0.251808107,34.52862449,0.003904813,133.8319092,12.00849406,857,429,0.002349787,61.36444068,122729,55.22799509,0.000210803,362.6756592,665.7446899,0.312349409,0.84539783,2.426267624,6.566880703,108,070801030302,F070801030302_12,24
769,521.1100521,3640.455631,461_3_2,1.871317506,0.899192512,133.9796906,437.0075684,86,252.0975647,100,1680.650391,6.325053215,73.7299118,0.881208658,0.251773894,54.54757476,0.00616874,131.0000153,8.249085863,1353,677,0.003708172,52.77945248,105559,47.50150878,0.000181311,386.0772705,689.1051025,0.197902054,0.570276618,2.820535421,8.127684593,108,070801030303,F070801030303_159,8
770,518.78047,3640.438826,474_28_1,1.835600734,0.899188399,133.9790649,437.0055542,85,249.1646271,100,1661.097534,6.204330444,72.32266998,0.881204605,0.251772761,199.9999996,0.022617833,134.8534692,11.67546321,5057,2527,0.013841288,62.54270428,125083,56.28843445,0.000214851,383.1436768,686.170166,0.053019021,0.151619971,2.380223751,6.806792259,108,070801030301,F070801030301_512,24
771,517.8303935,3639.221808,406_5_1,1.750272632,0.898887813,133.9342804,436.8594666,78,228.5691986,100,1523.794678,5.915921688,68.96073914,0.880910039,0.2516886,22.64718273,0.002561151,139.5018539,12.46130466,624,312,0.001708936,9.711137339,19423,8.740023226,3.33603E-05,362.503479,665.4286499,0.429276526,1.161870122,15.32424736,41.47626114,108,070801030603,F070801030603_116,24
772,520.0367144,3637.792505,461_3_1,1.871317506,0.898534775,133.8816833,436.6878967,83,243.1251984,100,1620.834717,6.325053215,73.7299118,0.880564094,0.251589745,34.02657422,0.003848037,131.0002645,9.136484712,837,418,0.002289536,31.55863929,63117,28.40277484,0.000108412,377.006897,679.8131104,0.320291102,0.901930392,4.713683128,13.2735939,108,070801030303,F070801030303_157,8
773,470.6550591,3636.695831,399_29_2,1.982273221,0.898263872,133.8413239,436.5562439,92,269.4071655,100,1796.047729,6.700083256,78.1015625,0.880298615,0.251513898,45.67488623,0.005165335,133.1254463,11.95613337,1152,577,0.003160436,35.73770297,71475,32.16393268,0.000122768,403.2484741,705.9633789,0.231960699,0.698870838,4.161223888,12.53728771,108,070802060601,F070802060601_433,16
774,515.9373912,3636.624785,106_9_1,1.81702137,0.898246348,133.8386993,436.5477295,48,140.5575867,100,937.0505981,6.141532421,71.59064484,0.880281448,0.251508981,76.19472995,0.008616798,152.0797668,13.54236259,2247,1124,0.006156552,34.73460162,69468,31.26114112,0.000119322,274.3963013,577.1053467,0.119073577,0.24412483,4.281311989,8.777552605,104,070801030404,F070801030404_59,24
775,517.4661905,3636.360811,447_6_2,1.873674035,0.89818114,133.8289948,436.5160217,86,251.8140717,100,1678.760498,6.333018303,73.82275391,0.880217493,0.251490712,31.13286765,0.00352079,141.2018166,12.61023593,772,385,0.002108783,70.91992852,141840,63.82793462,0.000243629,385.6430664,688.3300781,0.347607791,1.001670361,2.096715212,6.041916847,108,070802060603,F070802060603_425,16
776,518.1021711,3636.353163,33_10_1,1.83805871,0.898179233,133.8287048,436.5151062,78,228.3890228,100,1522.593506,6.212638378,72.41950989,0.880215645,0.251490176,33.63982572,0.0038043,131.0000229,11.79862881,835,417,0.002284059,9.857253099,19714,8.871528266,3.38622E-05,362.2177124,664.9041138,0.32093215,0.868627608,15.08519173,40.82923508,104,070801030403,F070801030403_225,32
777,519.7847372,3636.095555,186_45_2,1.779389024,0.898115575,133.8192139,436.4841614,82,240.084259,100,1600.561768,6.014334679,70.10792542,0.880153239,0.251472354,141.6954749,0.016024223,138.0432717,12.35233116,3553,1777,0.009733268,225.5516739,451104,202.9965143,0.000774829,373.9034729,676.5684204,0.075306252,0.210412756,0.659219265,1.841920614,108,070801030407,F070801030407_318,16
778,518.768202,3635.708191,137_24_1,1.938460231,0.89801991,133.8049622,436.4376831,71,207.855545,100,1385.703613,6.551995754,76.37533569,0.88005954,0.251445562,21.5751085,0.002439911,130.999115,8.249043266,533,266,0.001456978,35.6904974,71381,32.12144756,0.000122606,341.6605225,644.2932129,0.503026187,1.284438014,4.165595531,10.63652325,108,070802060602,F070802060602_99,32
779,519.4829571,3635.485026,70_5_2,1.848222136,0.897964776,133.7967529,436.4108887,65,190.2786713,100,1268.524414,6.246990681,72.81995392,0.880005479,0.251430124,92.0409441,0.010408834,135.2522583,12.13005495,2321,1160,0.006353737,31.3203013,62640,28.18827111,0.000107593,324.0754395,626.6895752,0.115342028,0.279375374,4.74654007,11.49681854,104,070801030601,F070801030601_267,32
780,518.0248558,3635.204403,135_1_1,1.835547805,0.897895515,133.786438,436.3772278,74,216.6083069,100,1444.05542,6.20415163,72.32058716,0.879937589,0.251410753,28.83280344,0.003260678,143.2780507,12.79704444,742,370,0.002026623,24.56529912,49131,22.10876945,8.43882E-05,350.3947449,652.9855347,0.361584961,0.947012842,6.051283836,15.84867668,104,070801030603,F070801030603_476,24
781,510.7747735,3634.719633,686_13_1,1.98075819,0.897775769,133.7685852,436.3190308,70,204.8724365,100,1365.816284,6.694962502,78.04187012,0.879820228,0.251377225,47.33949566,0.005353584,148.0011978,13.12379599,1306,652,0.003571238,31.22885203,62457,28.10596728,0.000107279,338.6410217,641.1914673,0.205166548,0.51938808,4.759437084,12.04872322,108,070801030408,F070801030408_111,16
782,511.2220052,3633.860024,458_70_1,1.840746164,0.897563398,133.7369537,436.2158203,78,228.2324219,100,1521.549438,6.221722126,72.52539825,0.879612148,0.251317739,28.76265717,0.003252745,145.1666565,12.88818407,774,387,0.002119738,38.21238852,76425,34.39115047,0.00013127,361.9693604,664.4482422,0.345573515,0.935321331,3.888702631,10.52507305,108,070802060801,F070802060801_93,24
783,515.3835298,3633.331868,537_4_1,1.883009553,0.897432983,133.717514,436.1524353,86,251.6039734,100,1677.359863,6.364572525,74.19057465,0.879484296,0.251281232,46.45527077,0.005253588,148.8505249,13.24112892,1279,640,0.00350551,33.20696068,66414,29.88626385,0.000114075,385.3214722,687.7564087,0.208933622,0.602064788,4.474213123,12.89292908,108,070801010302,F070801010302_10,24
784,518.05693,3632.462149,133_2_2,1.889833212,0.897218168,133.6855011,436.0480347,84,245.6942139,100,1637.961426,6.387636185,74.45942688,0.879273832,0.251221091,27.87420797,0.003152271,115.7508354,10.89300299,615,307,0.001681549,3.755069256,7510,3.379562378,1.28996E-05,379.3796997,681.7422485,0.435457647,1.235764503,39.55704498,112.2570496,108,070802060302,F070802060302_198,32
785,518.0777077,3632.373236,161_6_2,1.828544497,0.897196174,133.6822357,436.0373535,80,233.9887085,100,1559.924683,6.18048048,72.04465485,0.879252255,0.251214921,133.3484834,0.015080269,133.832784,12.01943127,3310,1654,0.009059553,95.77423292,191549,86.19681007,0.00032901,367.6709595,670.026062,0.0808236,0.222291991,1.550895452,4.265482426,108,070802060602,F070802060602_192,24
786,517.7324754,3630.644157,430_6_2,1.833473563,0.896769106,133.6185913,435.8297729,70,204.6427155,100,1364.28479,6.197140694,72.23886108,0.878833711,0.251095355,40.00664735,0.004524318,151.6850014,13.51758862,1155,577,0.003160436,39.14468777,78288,35.23021936,0.000134472,338.2612915,640.4724731,0.231574684,0.586241424,3.792726517,9.601452827,108,070801030302,F070801030302_143,16
787,517.4597779,3630.107272,124_9_1,1.899034023,0.896636486,133.5988312,435.7653198,53,154.9207764,100,1032.805176,6.418735027,74.82193756,0.878703773,0.251058221,168.8301938,0.019092866,138.405304,10.96399598,4288,2144,0.011743459,42.34540743,84691,38.1108675,0.000145468,288.5195923,590.6860962,0.062312886,0.134570703,3.505531073,7.570533276,104,070801030409,F070801030409_225,16
788,517.5904274,3630.094857,664_21_2,1.879368186,0.896633446,133.5983887,435.763855,78,227.9959564,100,1519.973022,6.352264404,74.04710388,0.878700793,0.251057357,177.3753741,0.020059233,139.4969574,10.59319121,4343,2172,0.011896825,41.3502655,82701,37.21523905,0.000142049,361.5943604,663.7598267,0.061509386,0.166479915,3.589884043,9.716298103,104,070801030402,F070801030402_188,32
789,517.409132,3629.88529,194_16_2,1.836533546,0.89658165,133.5906677,435.738678,78,227.9826813,100,1519.884521,6.207483292,72.35942078,0.87865001,0.251042873,,,,,,,,64.71235802,129425,58.24112297,0.000222304,361.5733643,663.7213745,,,2.293751478,6.208214283,108,070801030408,F070801030408_139,8
790,518.8264521,3629.818385,102_8_1,1.853285074,0.896565139,133.5882111,435.7306519,78,227.9785767,100,1519.857178,6.264103413,73.01943207,0.878633857,0.251038253,101.5755116,0.01148709,141.8790741,12.64009953,2553,1277,0.006994588,91.73794131,183476,82.56414597,0.000315144,361.5667725,663.7092285,0.104610972,0.283137649,1.617992997,4.379222393,104,070801030406,F070801030406_756,24
791,519.2328624,3629.195213,484_12_1,1.825442791,0.89641124,133.5652771,435.6558533,86,251.3174744,100,1675.449829,6.169996738,71.9224472,0.878482997,0.250995159,27.4242871,0.00310139,132.700647,11.92465229,687,344,0.001884212,8.716951851,17434,7.845256783,2.9945E-05,384.8827515,686.9733276,0.388271153,1.118845224,17.02497292,49.05929184,108,070801030301,F070801030301_335,16
792,519.0971779,3628.952557,194_21_2,1.867942452,0.896351278,133.5563354,435.626709,70,204.547226,100,1363.648193,6.313645363,73.59693146,0.878424227,0.250978351,121.4766536,0.013737693,132.4144847,10.36724654,2962,1480,0.008106492,402.8217835,805643,362.5395989,0.001383798,338.1035767,640.1739502,0.090240769,0.228448361,0.368391037,0.932597637,108,070801030408,F070801030408_31,8
793,517.2361038,3628.923578,104_8_2,1.808057904,0.896344125,133.5552673,435.62323,86,251.2990417,100,1675.326904,6.111235619,71.23748016,0.878417253,0.250976354,200.0000001,0.022617833,136.4820684,12.24653983,5170,2584,0.014153497,245.3129852,490625,220.7816885,0.000842714,384.8543091,686.9222412,0.051685475,0.148937419,0.60492003,1.743144155,108,070802060602,F070802060602_278,32
794,512.1423768,3628.874921,166_3_1,1.963604927,0.896332085,133.5534821,435.6174011,78,227.9193268,100,1519.462158,6.636984825,77.36603546,0.878405452,0.250972986,64.14864433,0.007254517,132.4176509,11.90368001,1595,798,0.004370933,25.99797368,51995,23.39817595,8.93098E-05,361.4728088,663.5367432,0.167360246,0.452973455,5.707858562,15.44876003,108,070802060406,F070802060406_122,32
795,516.0924885,3627.534276,129_1_2,1.814952493,0.896000981,133.5041504,435.4564819,86,251.2028351,100,1674.685547,6.134539604,71.50912476,0.878080964,0.250880271,35.761771,0.004044269,135.2502098,12.12992048,938,470,0.002574359,47.48250676,94965,42.73425547,0.000163115,384.7069702,686.6593018,0.284051389,0.818525493,3.12405467,9.002308846,108,070801030407,F070801030407_191,24
796,515.9564441,3627.208895,462_3_2,1.759677529,0.895920575,133.4921722,435.4173889,78,227.8144073,100,1518.762695,5.947710037,69.3312912,0.878002167,0.25085777,200.0000028,0.022617834,141.4983288,12.63861245,5352,2675,0.014651937,131.1677892,262335,118.0510101,0.000450596,361.3065796,663.2318115,0.049903616,0.13506788,1.130800724,3.060597181,108,070801030301,F070801030301_116,24
797,515.309981,3626.877806,70_10_2,1.843653321,0.895838797,133.4799805,435.377655,54,157.7034607,100,1051.356445,6.231548309,72.63993835,0.877921999,0.250834852,75.34607124,0.008520824,131.0023468,11.79879284,1869,935,0.005121331,27.37718135,54754,24.63946354,9.40478E-05,291.1834412,593.0811157,0.142759338,0.311426133,5.41732502,11.81776714,104,070801030601,F070801030601_266,32
798,515.8583265,3626.86194,53_1_2,1.813356161,0.895834923,133.4794006,435.3757629,78,227.7928467,100,1518.619019,6.129143715,71.44623566,0.877918243,0.25083378,136.9974118,0.015492923,134.7788849,10.99232382,3328,1665,0.009119804,415.1296434,830258,373.6166686,0.001426079,361.2722473,663.1685791,0.080167808,0.216980323,0.357262969,0.966959655,104,070801030601,F070801030601_201,32
799,515.8180854,3626.813765,109_3_1,1.920952916,0.895823002,133.4776306,435.3699646,80,233.6306458,100,1557.537598,6.49282074,75.68554688,0.877906561,0.250830442,24.66119075,0.002788914,131.0009689,8.249130686,356,178,0.00097497,21.28683949,42574,19.15815544,7.31259E-05,367.1082764,669.0006104,0.749874353,2.062406063,6.967144012,19.16198349,108,070801030406,F070801030406_337,24
800,518.1224373,3626.5994,430_16_1,1.862956882,0.895770073,133.4697418,435.3442688,70,204.4145203,100,1362.763428,6.296794415,73.40049744,0.877854645,0.25081563,51.37610269,0.005810081,149.7012512,13.34387779,1510,755,0.004135406,51.60728896,103215,46.44656104,0.000177285,337.8842773,639.7587891,0.176781118,0.447528839,2.873619556,7.274688721,108,070801030302,F070801030302_156,16
801,516.0468455,3626.236482,27_13_1,1.868956566,0.895680428,133.4563904,435.3006897,61,178.1150055,100,1187.43335,6.317073345,73.6368866,0.877766848,0.250790507,124.771181,0.014110269,135.2501068,9.92086761,3221,1611,0.008824026,80.26925477,160539,72.24233101,0.000275746,311.5714111,613.4157104,0.082840711,0.193402484,1.847343326,4.31286478,104,070801030202,F070801030202_216,32
802,515.7792179,3626.133895,842_22_1,1.77317369,0.895655096,133.4526062,435.2883911,78,227.746933,100,1518.312866,5.993327141,69.86304474,0.877741992,0.250783414,199.9999977,0.022617833,132.4999102,11.91361831,5034,2516,0.013781037,67.37802756,134756,60.64022487,0.000231461,361.1995239,663.0353394,0.053041577,0.14356102,2.200727463,5.95643425,104,070801030602,F070801030602_93,32
803,518.5052774,3625.579123,425_37_2,1.802407026,0.895518064,133.4321899,435.2217712,78,227.7121277,100,1518.080811,6.092135906,71.01483917,0.877607703,0.250745058,200.0000009,0.022617833,133.8327823,12.0310617,5250,2625,0.014378069,238.1493834,476299,214.3344434,0.000818105,361.1443176,662.9338989,0.05083131,0.137578785,0.622541964,1.684957027,108,070801030302,F070801030302_13,24
804,519.6914849,3625.354052,537_26_1,1.873649478,0.895462453,133.4239044,435.1947632,83,242.2940063,100,1615.293335,6.332935333,73.8217926,0.877553225,0.250729501,32.03863335,0.003623222,131.0011597,11.79870939,795,397,0.002174512,56.81516075,113630,51.1336441,0.000195175,375.7178955,677.4887695,0.336080372,0.946392655,2.609317303,7.347763062,108,070801010302,F070801010302_42,32
805,515.9313762,3625.312966,495_7_2,1.805562496,0.895452321,133.4223938,435.1898193,86,251.0490112,100,1673.660034,6.102801323,71.13916016,0.877543271,0.25072664,31.13003302,0.003520469,130.9987717,11.79854107,772,386,0.002114261,13.30189837,26604,11.97170826,4.56955E-05,384.471405,686.2388306,0.345653862,0.996039927,11.14480877,32.11499786,108,070802060501,F070802060501_363,16
806,515.6945903,3625.0563,27_13_2,1.868956566,0.895388901,133.4129486,435.1589966,60,175.1380615,100,1167.587036,6.317073345,73.6368866,0.877481103,0.250708878,43.5836491,0.004928839,130.9994202,8.249057889,1076,538,0.002946819,45.72542763,91451,41.15288544,0.000157079,308.5510254,610.2970581,0.247979462,0.573514938,3.241885662,7.497676373,104,070801030202,F070801030202_216,32
807,516.9124486,3624.244545,658_48_1,1.828893065,0.895188391,133.3830719,435.061554,78,227.6283112,100,1517.522095,6.181658745,72.05838776,0.877284646,0.25065276,53.71186627,0.00607423,133.125351,11.95612717,1359,679,0.003719127,36.79590823,73592,33.11631677,0.000126404,361.0113831,662.6898804,0.196440458,0.531681001,4.027714729,10.90131474,104,070801030401,F070801030401_472,24
808,513.8912081,3623.180845,563_1_1,1.825276732,0.894925654,133.3439178,434.9338684,79,230.4789124,100,1536.526123,6.169435501,71.91590118,0.877027154,0.250579178,30.32826567,0.003429798,131.0005646,11.79866727,752,376,0.002059487,20.20089984,40402,18.18080974,6.93954E-05,363.8228149,665.4127808,0.35463807,0.967613876,7.334322453,20.01136398,108,070802060501,F070802060501_129,16
809,514.4048936,3623.10678,159_17_1,1.856271625,0.894907355,133.3412018,434.9249878,65,189.6308746,100,1264.205811,6.274198055,73.13710022,0.877009213,0.250574052,191.0416683,0.021604743,136.2614267,12.19987733,4929,2465,0.013501691,73.45154436,146904,66.10638855,0.000252325,322.9720764,624.5558472,0.054093793,0.131023154,2.017069817,4.885641098,104,070801030603,F070801030603_625,32
810,518.1320736,3622.118722,70_5_1,1.848222136,0.894663334,133.3048401,434.806366,66,192.4953308,100,1283.302246,6.246990681,72.81995392,0.876770079,0.250505745,25.62185967,0.002897555,131.0008087,11.7986846,636,318,0.0017418,8.569847756,17140,7.712862885,2.94397E-05,325.8001709,627.3016968,0.419197619,1.024528861,17.28344536,42.24114609,104,070801030601,F070801030601_267,32
811,516.2982338,3622.019831,96_9_1,1.904905081,0.894638896,133.3011932,434.7944946,78,227.4887848,100,1516.591919,6.438579082,75.0532608,0.876746118,0.250498891,64.77813134,0.007325705,138.3657318,12.36035404,1684,842,0.004611937,43.89636806,87792,39.50673106,0.000150796,360.789978,662.2832642,0.158314958,0.428491652,3.374138832,9.132367134,104,070801030406,F070801030406_337,24
812,514.2466681,3622.013026,49_1_1,1.880286455,0.894637227,133.3009491,434.7937012,78,227.4883575,100,1516.589111,6.355368137,74.0832901,0.876744509,0.250498414,45.75959113,0.005174914,140.442276,12.52484067,1164,582,0.003187823,18.61916225,37238,16.75724636,6.39617E-05,360.7893066,662.2820435,0.229039431,0.619912922,7.954824448,21.53034592,104,070801030601,F070801030601_304,32
813,515.9349667,3621.640758,387_10_2,1.830070615,0.894545257,133.2872467,434.7489929,86,250.7944336,100,1671.962891,6.185638905,72.1047821,0.876654327,0.250472665,31.89758015,0.003607271,130.9999466,11.79862356,792,396,0.002169034,31.40314007,62806,28.26282644,0.000107878,384.081665,685.543457,0.336583942,0.969903171,4.715991497,13.58964062,108,070802060601,F070802060601_108,16
814,514.2424662,3621.075844,159_17_2,1.856271625,0.894405723,133.266449,434.6811829,65,189.5244141,100,1263.496094,6.274198055,73.13710022,0.876517594,0.250433594,27.48517227,0.003108275,142.3313192,12.66009394,735,367,0.002010191,8.905786574,17811,8.015207767,3.05937E-05,322.790863,624.2055664,0.363123834,0.879539132,16.62669945,40.27230072,104,070801030603,F070801030603_625,32
815,516.6478493,3620.830758,442_12_1,1.846197486,0.894345224,133.257431,434.6517639,70,204.0895844,100,1360.597168,6.240147591,72.74018097,0.876458347,0.250416666,24.05813295,0.002720714,134.7757874,12.08315404,606,304,0.001665117,12.80856673,25618,11.52770998,4.40008E-05,337.3470154,638.741333,0.438346803,1.109694123,11.55974865,29.26400948,108,070801030301,F070801030301_47,16
816,517.2672931,3619.779041,48_9_1,1.849127412,0.894085407,133.2187195,434.5255127,78,227.3480377,100,1515.653564,6.250050545,72.85562134,0.876203716,0.250343919,83.15135217,0.009403517,146.8665771,13.09124931,2439,1219,0.006676901,60.64815611,121296,54.58334029,0.000208342,360.5667725,661.8735352,0.10928525,0.295788974,2.440648079,6.605802536,104,070801030601,F070801030601_36,32
817,515.5476843,3618.761121,425_53_1,1.831342697,0.893833995,133.1812592,434.4033203,78,227.2841034,100,1515.227295,6.189938545,72.1548996,0.87595731,0.250273526,79.60011679,0.009001911,139.4985657,12.46103811,2019,1010,0.005532133,50.88392639,101767,45.79553413,0.0001748,360.4653625,661.687439,0.131862625,0.3568964,2.908171415,7.871190071,108,070801030302,F070801030302_224,16
818,515.9892262,3618.039345,701_9_2,1.849497795,0.893655717,133.1547089,434.3166809,78,227.2387695,100,1514.925171,6.251302719,72.87021637,0.875782609,0.250223607,72.75451827,0.008227748,151.4008331,13.42160368,2053,1026,0.005619771,50.11679161,100234,45.10511136,0.000172164,360.3934937,661.5554199,0.129780412,0.351260722,2.952097893,7.990080833,108,070801030302,F070801030302_115,16
819,508.0516993,3617.192029,406_2_2,2.020970821,0.893446445,133.1235199,434.2149658,78,227.1855621,100,1514.570435,6.830881596,79.62625122,0.875577509,0.250165015,28.61040401,0.003235527,152.5329692,13.53291702,804,402,0.002201899,27.04124534,54082,24.33712137,9.28938E-05,360.309082,661.4005127,0.331153035,0.896291256,5.469977856,14.80491829,108,070801030603,F070801030603_260,24
820,514.596678,3615.649792,578_8_1,1.807503223,0.893065512,133.0667572,434.0298462,75,218.3544922,100,1455.696655,6.109360695,71.21562958,0.875204206,0.250058353,200.0000024,0.022617834,132.2603472,11.89360799,4980,2491,0.013644103,218.7101012,437419,196.8390886,0.000751326,351.4212646,652.3843384,0.053419013,0.141076386,0.67601794,1.785322547,108,070802060501,F070802060501_133,24
821,513.0581432,3614.888775,59_8_1,1.808059454,0.892877519,133.0387573,433.9384766,78,227.0407104,100,1513.604736,6.111240864,71.2375412,0.875019968,0.250005692,50.17471534,0.005674217,137.8002116,12.33961042,1338,668,0.003658876,17.95819017,35916,16.16237153,6.16911E-05,360.0794678,660.979187,0.199159816,0.539041102,8.231388092,22.27887535,104,070801030202,F070801030202_171,32
822,517.2096307,3614.843866,119_33_2,1.864072204,0.892866433,133.0370941,433.933075,78,227.0380707,100,1513.587158,6.300563812,73.44444275,0.87500912,0.250002593,,,,,,,,19.61677386,39234,17.65509647,6.73888E-05,360.0751648,660.9711304,,,7.535336494,20.39496994,104,070801030406,F070801030406_73,24
823,514.8064998,3614.516661,425_40_1,1.812950134,0.892785609,133.0250549,433.8937988,78,227.0173492,100,1513.448975,6.127771378,71.43023682,0.874929905,0.249979973,35.23504406,0.003984702,142.3337504,12.68203449,917,459,0.002514108,41.66087482,83322,37.49478846,0.000143116,360.0424194,660.9111328,0.289814949,0.784406126,3.547827959,9.60246563,108,070801030302,F070801030302_187,16
824,513.2517019,3613.69656,495_2_1,1.801301837,0.892583072,132.994873,433.7953796,84,244.4249268,100,1629.499512,6.088400364,70.97129059,0.874731421,0.249923259,29.72706705,0.003361809,144.6003723,12.92615199,821,410,0.002245717,9.101740256,18203,8.191566139,3.12669E-05,377.4197998,678.2203369,0.324377745,0.920536101,16.23558617,46.07419205,108,070802060501,F070802060501_363,16
825,516.0112828,3613.573459,443_5_2,1.924177289,0.892552674,132.9903412,433.7806091,78,226.9582977,100,1513.055298,6.50371933,75.81258392,0.874701619,0.24991475,199.9999977,0.022617833,137.233106,12.28993972,5362,2681,0.014684801,270.304156,540609,243.273739,0.000928565,359.9486389,660.7388916,0.049604751,0.13425909,0.546669543,1.479603291,108,070801030303,F070801030303_741,8
826,515.3297756,3612.86637,425_5_2,1.841713428,0.892377973,132.964325,433.6957092,70,203.6406555,100,1357.60437,6.224991322,72.56350708,0.874530435,0.24986583,200.0000011,0.022617833,133.4286259,11.9879194,4961,2480,0.013583852,204.780856,409561,184.3027695,0.000703476,336.6049805,637.3363647,0.053614646,0.135727808,0.721445084,1.826369643,108,070801030302,F070801030302_181,24
827,513.1337708,3611.032767,447_7_2,1.801695704,0.891925097,132.8968353,433.4755859,81,235.5217438,100,1570.14502,6.089731693,70.98680878,0.874086618,0.249739021,33.07791506,0.003740754,131.0006104,6.474335372,819,410,0.002245717,77.77320862,155546,69.99588776,0.000267171,368.4185791,668.9973145,0.324138612,0.898581922,1.898637772,5.263431549,108,070802060603,F070802060603_581,16
828,514.9505544,3610.902969,474_8_1,1.824908257,0.891893029,132.8920593,433.460022,86,250.0509338,100,1667.006226,6.168190002,71.90138245,0.874055147,0.249730051,25.00232819,0.002827492,130.9984131,11.79851532,620,310,0.001697981,9.969595909,19939,8.97263632,3.42482E-05,382.9429932,683.5109863,0.428684056,1.235299945,14.81081486,42.67898178,108,070801030301,F070801030301_299,24
829,515.1291851,3610.703815,474_8_2,1.824908257,0.891843855,132.8847351,433.4361267,86,250.0372162,100,1666.914795,6.168190002,71.90138245,0.874006987,0.249716282,117.3369809,0.013269541,137.798291,12.32853317,3114,1556,0.008522771,47.97863323,95957,43.18076991,0.000164819,382.921936,683.4733276,0.085401498,0.246093795,3.077405453,8.867880821,108,070801030301,F070801030301_299,24
830,516.5155485,3610.127601,194_3_2,1.857661128,0.891701519,132.8635254,433.3669434,78,226.7418671,100,1511.612427,6.278894424,73.19184875,0.873867512,0.249676421,30.41557915,0.003439672,148.0005493,13.12374067,840,420,0.002300491,19.82872148,39657,17.84584838,6.81168E-05,359.6054077,660.1088257,0.316341728,0.856203377,7.445066452,20.15064812,108,070801030408,F070801030408_134,8
831,512.9035337,3609.888604,59_14_2,1.845644236,0.891642511,132.8547363,433.3382568,78,226.7267914,100,1511.511963,6.238277435,72.71838379,0.873809636,0.249659896,56.76446299,0.006419446,136.7801941,12.24920158,1449,724,0.003965608,24.1852553,48371,21.76672941,8.30827E-05,359.581543,660.0650635,0.18350102,0.496659577,6.103569031,16.5197773,104,070801030202,F070801030202_196,32
832,514.5550288,3609.674723,84_21_2,1.860999346,0.891589642,132.8468628,433.312561,78,226.7133484,100,1511.422363,6.290177822,73.32337189,0.873757839,0.249645099,45.1628393,0.005107428,151.3993835,13.42147446,1272,636,0.003483601,28.26391411,56528,25.43752289,9.70939E-05,359.5602112,660.0258789,0.208878711,0.565346241,5.222476482,14.13503265,104,070801030406,F070801030406_463,24
833,514.759972,3609.628324,723_67_2,1.884872198,0.891578197,132.8451538,433.3070068,77,223.8039551,100,1492.026367,6.370868206,74.26396179,0.873746634,0.249641895,29.19626427,0.003301781,131.0002899,11.79864788,724,362,0.001982804,12.21951199,24439,10.9975605,4.19772E-05,356.6491089,657.1109619,0.366975576,0.985218525,12.07951069,32.42984009,108,070801010405,F070801010405_41,32
834,514.8289174,3608.918852,559_6_1,1.876646757,0.89140296,132.819046,433.2218323,84,244.1017914,100,1627.345215,6.343066216,73.93988037,0.873574913,0.249592826,21.34018335,0.002413344,131.0018463,11.79875803,529,264,0.001446023,14.19718647,28394,12.77746744,4.8771E-05,376.9208374,677.3236084,0.503102422,1.427730441,10.39478683,29.49886894,108,070802060501,F070802060501_185,16
835,512.0466486,3608.431327,56_12_1,1.808303952,0.891282558,132.8011017,433.1633301,78,226.6353302,100,1510.902222,6.112067223,71.24717712,0.873456895,0.249559119,69.96098755,0.00791183,139.5041656,8.691006462,1602,801,0.004387365,18.8117896,37624,16.93061092,6.46234E-05,359.4364319,659.798645,0.165794134,0.448734611,7.843845844,21.22997475,104,070801030405,F070801030405_201,32
836,514.0651142,3608.258031,556_16_2,1.80908227,0.891239762,132.7947235,433.1425171,79,229.529892,100,1530.199219,6.114697933,71.27783966,0.873414993,0.249547139,24.10506997,0.002726022,130.9989421,11.79855283,598,299,0.001637731,56.91830033,113837,51.22646874,0.000195529,362.3246155,662.6724243,0.444129497,1.211788058,2.592306852,7.07299614,108,070802060501,F070802060501_261,16
837,487.0451996,3608.205889,450_31_1,1.894671559,0.891226828,132.7928009,433.1362305,70,203.3779144,100,1355.852783,6.403989792,74.65006256,0.873402297,0.249543518,139.9981556,0.015832275,142.332666,12.74468384,3933,1967,0.010773966,143.5844836,287169,129.2260332,0.00049325,336.1707153,636.5141602,0.067510322,0.170905292,1.027601004,2.601416349,108,070801030301,F070801030301_279,16
838,514.2563114,3606.557539,194_7_1,1.838392377,0.890819728,132.732132,432.938385,78,226.5175171,100,1510.116821,6.213766098,72.43266296,0.873003364,0.249429524,199.9999993,0.022617833,143.815763,12.82588306,5512,2756,0.015095603,325.4051111,650810,292.8646023,0.001117852,359.2496338,659.4559326,0.048161153,0.130351827,0.453220129,1.226674795,108,070801030408,F070801030408_134,8
839,513.6710218,3606.465553,528_1_1,1.876545668,0.890797019,132.7287598,432.9273376,76,220.703186,100,1471.354614,6.342724323,73.93589783,0.872981071,0.249423161,141.5635735,0.016009306,148.3393463,13.22416983,4061,2028,0.011108085,119.1382173,238276,107.2243952,0.000409271,353.4319458,653.6304932,0.065448105,0.174276114,1.237859726,3.296189785,108,070802060502,F070802060502_71,16
840,513.6265104,3606.065478,425_50_2,1.823045135,0.890698195,132.714035,432.8793335,78,226.4865875,100,1509.910645,6.161892414,71.82798004,0.872884214,0.24939549,117.2158234,0.01325584,138.4803772,12.38825054,3163,1582,0.008665183,84.90538152,169811,76.41484465,0.000291672,359.2006226,659.3659058,0.083890036,0.22705476,1.736757278,4.700665474,108,070801030302,F070801030302_187,16
841,515.0974893,3605.922264,430_20_2,1.980104923,0.890662789,132.7087555,432.8621216,69,200.3455963,100,1335.637329,6.692754745,78.01613617,0.872849524,0.24938558,48.7632097,0.005514591,147.2920303,13.13877869,1248,625,0.00342335,50.81238121,101624,45.73114222,0.000174554,333.0543518,633.2077026,0.212334007,0.532886982,2.901933908,7.282878399,108,070801030302,F070801030302_156,16
842,512.8055138,3605.452154,425_2_1,1.867836833,0.890546679,132.691452,432.8056946,78,226.4482117,100,1509.654785,6.313288689,73.59277344,0.872735739,0.249353066,123.5771847,0.013975241,148.9448395,13.23874728,3411,1706,0.009344375,163.0060778,326012,146.7054672,0.000559969,359.1396484,659.2539063,0.077779278,0.210515618,0.904475152,2.448031902,108,070801030302,F070801030302_75,16
843,513.2691884,3604.957347,466_4_2,1.814723969,0.89042449,132.6732483,432.7463074,78,226.4171448,100,1509.447632,6.133767128,71.50012207,0.872615993,0.249318853,102.2162447,0.01155955,149.4174652,13.29628992,2715,1358,0.007438254,32.55614567,65113,29.30053043,0.000111839,359.0903931,659.1634521,0.097697534,0.264425904,4.528015137,12.25542259,108,070801030301,F070801030301_179,24
844,515.6655936,3604.381202,119_25_2,1.886034012,0.890282154,132.6520386,432.677124,78,226.3809509,100,1509.206299,6.37479496,74.30973816,0.872476518,0.249279007,145.5501446,0.016460145,141.10336,12.61618252,3894,1947,0.010664419,81.74101781,163482,73.56691689,0.000280802,359.0329895,659.0581055,0.068131506,0.184403181,1.803148031,4.880359173,104,070801030406,F070801030406_72,24
845,514.0532686,3603.053407,430_4_2,1.876974821,0.889954209,132.6031799,432.5177307,70,203.0870819,100,1353.913818,6.344174862,73.95280457,0.87215513,0.249187171,37.42642981,0.004232524,144.6009445,12.92620564,1106,553,0.00302898,28.52533048,57051,25.67279838,9.7992E-05,335.6902466,635.6047974,0.239788756,0.607034802,5.16512394,13.07571697,108,070801030302,F070801030302_35,16
846,512.4127208,3602.279,680_20_1,1.854456186,0.889762938,132.5746765,432.4247742,79,229.1493378,100,1527.662231,6.268062115,73.06557465,0.871967673,0.249133617,38.76848216,0.004384295,136.6660258,12.24027348,962,480,0.002629133,18.32828546,36657,16.49545652,6.29625E-05,361.723999,661.5740967,0.276197255,0.753591657,8.037041664,21.92870522,108,070801030407,F070801030407_620,16
847,513.9767969,3601.344538,135_12_1,1.840699196,0.889532089,132.5402832,432.3125916,78,226.1901703,100,1507.934448,6.221563339,72.52355194,0.871741474,0.24906899,51.44720506,0.005818122,136.6667389,12.27168541,1282,641,0.003510987,26.26381033,52527,23.63742987,9.02231E-05,358.7304688,658.5027466,0.206771106,0.559641898,5.60722065,15.17637348,104,070801030603,F070801030603_528,24
848,514.9560888,3600.682339,135_5_2,1.843647599,0.889368534,132.5159149,432.2330933,78,226.1486359,100,1507.657593,6.231528759,72.6397171,0.871581137,0.249023184,70.5999831,0.007984093,141.5242484,12.66376713,1803,901,0.004935101,36.08865374,72178,32.47978905,0.000123974,358.6645508,658.3817139,0.147076488,0.398073852,4.079949856,11.04269981,104,070801030603,F070801030603_476,24
849,511.3773543,3600.216857,474_36_2,1.784312487,0.889253557,132.4987793,432.1772156,78,226.1194,100,1507.462646,6.030976295,70.3019104,0.871468484,0.248990998,116.1066773,0.013130407,133.8340912,12.0086511,2881,1441,0.007892875,65.82608208,131652,59.24347472,0.00022613,358.6181641,658.2966309,0.091949187,0.248867571,2.236512661,6.053293705,108,070801030301,F070801030301_36,16
850,514.8092117,3600.062787,136_8_2,1.813322067,0.889215529,132.4931183,432.1587524,78,226.1095123,100,1507.396729,6.129028797,71.44489288,0.871431231,0.248980343,34.9823935,0.00395613,136.6674296,12.24036598,869,434,0.002377174,11.57297009,23146,10.4156732,3.97562E-05,358.6026306,658.2682495,0.305283695,0.826273322,12.72055244,34.42913437,104,070801030603,F070801030603_520,24
851,514.0330129,3599.158107,545_8_2,1.831431508,0.888992071,132.4598236,432.0501404,70,202.8678284,100,1352.452148,6.190238476,72.15840149,0.871212244,0.248917773,75.60961049,0.008550628,141.5241263,12.66374711,2090,1045,0.005723841,90.08857099,180176,81.07971505,0.000309478,335.3276367,634.9179688,0.126755819,0.320887685,1.633698702,4.135776997,108,070801010301,F070801010301_106,24
852,513.2510172,3598.560637,166_49_1,1.810792089,0.88884449,132.4378357,431.9784241,89,257.8887939,100,1719.258667,6.1204772,71.34520721,0.871067584,0.248876452,199.9999986,0.022617833,138.8018705,12.41488354,5254,2628,0.014394501,147.0982602,294196,132.3884345,0.000505321,390.3266296,689.8671875,0.050394915,0.148526117,1.000373125,2.948343754,108,070802060406,F070802060406_116,32
853,514.4022975,3598.498957,466_5_2,1.877295136,0.888829231,132.4355621,431.9710083,78,226.0114899,100,1506.743286,6.345257759,73.96543121,0.871052623,0.248872191,99.686234,0.011273433,143.0429497,12.76103592,2722,1361,0.007454686,35.57618344,71152,32.0185653,0.000122213,358.447052,657.9824829,0.09730754,0.263370365,4.136211395,11.19497585,108,070801030301,F070801030301_179,24
854,513.9632999,3596.868,425_17_2,1.828238606,0.888426423,132.3755341,431.775238,78,225.9084167,100,1506.056152,6.179446697,72.0326004,0.870657921,0.248759404,40.44938231,0.004574387,130.9997482,11.79860973,1003,501,0.002744157,121.2649975,242530,109.1384954,0.000416577,358.2839355,657.6836548,0.264222622,0.715137601,1.212913275,3.282837391,108,070801030302,F070801030302_204,16
855,512.1450954,3596.221023,59_4_1,1.83918798,0.888266563,132.3517151,431.6975403,78,225.8684235,100,1505.789551,6.21645546,72.46400452,0.87050122,0.248714641,21.0799675,0.002383916,131.000824,11.79868603,523,262,0.001435068,5.732782841,11466,5.159504414,1.96936E-05,358.2201538,657.565979,0.505159199,1.367252469,25.65202141,69.42917633,104,070801030202,F070801030202_171,32
856,510.7556926,3595.991512,425_36_1,1.859378457,0.888209879,132.343277,431.6700134,78,225.8540039,100,1505.693359,6.284698963,73.25951385,0.870445669,0.248698771,,,,,,,,12.229702,24459,11.00673199,4.20122E-05,358.1972656,657.5240479,,,12.02384853,32.54347229,108,070801030302,F070801030302_269,24
857,514.1414293,3595.603676,474_5_2,1.839049339,0.888114095,132.3289948,431.6234436,86,248.9912262,100,1659.941528,6.215986729,72.45854187,0.870351791,0.248671949,39.89198198,0.004511351,139.4991531,12.46109676,989,494,0.002705816,15.40427792,30808,13.86385013,5.29177E-05,381.3202209,680.6146851,0.267872453,0.771903276,9.544895172,27.50464058,108,070801030301,F070801030301_299,24
858,512.5674523,3595.490645,425_28_2,1.864441276,0.8880862,132.3248444,431.6098938,78,225.8225555,100,1505.483643,6.301811695,73.45898438,0.870324492,0.248664141,199.9999983,0.022617833,136.9237865,10.57269417,5015,2508,0.013737218,175.5654343,351131,158.0088931,0.000603113,358.1473999,657.4324341,0.052761104,0.142802,0.837451875,2.266628027,108,070801030302,F070801030302_223,16
859,515.5002936,3595.302159,135_9_1,1.899856806,0.888039649,132.3179016,431.5872803,77,222.9156036,100,1486.104004,6.421515942,74.85435486,0.870278835,0.248651102,200.0000004,0.022617833,142.0976117,12.68704542,5179,2588,0.014175407,131.84531,263691,118.6607794,0.000452923,355.2335205,654.5028687,0.051127475,0.137261793,1.115093827,2.993689537,104,070801030603,F070801030603_811,24
860,512.3541267,3594.884164,489_10_1,1.789872289,0.887936413,132.3025208,431.5371094,78,225.7844086,100,1505.22937,6.049768448,70.52096558,0.870177686,0.248622194,20.18001929,0.002282142,138.0825233,12.38979387,501,250,0.00136934,13.49494244,26990,12.14544856,4.63587E-05,358.0869141,657.3215332,0.529210091,1.432347655,10.89317703,29.48321915,108,070802060502,F070802060502_485,16
861,509.6626247,3594.756951,55_4_2,1.815242887,0.887904942,132.2978363,431.5217896,83,240.2488403,100,1601.658936,6.135520935,71.52056885,0.870146871,0.248613387,200.0000023,0.022617834,131.8491791,10.07629941,4458,2230,0.012214512,40.05214378,80104,36.04692912,0.00013759,372.5466919,671.7706299,0.059326384,0.167061299,3.670155525,10.33504677,104,070801030405,F070801030405_99,32
862,511.7401045,3593.931717,194_14_1,1.806205034,0.887701154,132.2674713,431.42276,69,199.6794891,100,1331.196533,6.104972839,71.16448212,0.869947135,0.248556316,93.01778555,0.010519304,139.3811289,12.46074947,2336,1167,0.006392079,195.2126813,390425,175.6914122,0.000670607,331.9469604,631.1022339,0.113339737,0.28444469,0.752839684,1.889374971,108,070801030408,F070801030408_219,8
863,511.4687098,3593.880816,481_23_1,1.88815546,0.887688577,132.2655945,431.4166565,65,188.1010437,100,1254.006958,6.381965637,74.39332581,0.869934797,0.248552799,170.232773,0.019251482,132.2131304,10.54621403,4096,2048,0.011217632,143.4515296,286902,129.1063741,0.000492794,320.3666382,619.5177002,0.06458281,0.156429023,1.024469852,2.481416225,108,070802060603,F070802060603_200,24
864,514.6603518,3593.649928,434_18_2,1.794666171,0.887631536,132.2570953,431.388916,68,196.7699738,100,1311.799805,6.065971851,70.7098465,0.869878888,0.248536825,42.63200446,0.004821218,154.6402222,11.63130528,1254,627,0.003434304,77.79592782,155591,70.01633464,0.000267249,329.0270691,628.1588745,0.210936353,0.524764061,1.888946295,4.699290276,108,070801030303,F070801030303_362,8
865,512.3797331,3593.346681,194_11_2,1.817046523,0.887556612,132.2459412,431.3525085,70,202.5401306,100,1350.267578,6.141617298,71.59163666,0.869805455,0.248515844,128.270316,0.014505983,137.5932426,10.10033567,3026,1514,0.008292722,162.0208554,324042,145.818769,0.000556584,334.7860718,633.8926392,0.087348707,0.221126869,0.906919897,2.295905113,108,070801030408,F070801030408_134,8
866,512.0218764,3593.184367,484_20_2,1.849389195,0.887516558,132.2399597,431.3330383,86,248.8229675,100,1658.819824,6.250935555,72.86593628,0.869766235,0.248504639,26.64288846,0.003013022,135.249279,12.11352587,679,339,0.001856825,20.18458578,40369,18.16612716,6.93393E-05,381.0629272,680.1560059,0.390088379,1.124079466,7.27947998,20.97656441,108,070801030301,F070801030301_4,16
867,514.0532449,3593.056287,483_9_2,1.803518772,0.887484908,132.2352448,431.3176575,78,225.6695557,100,1504.463745,6.095893383,71.05863953,0.869735181,0.248495772,37.78951687,0.004273585,149.6999969,13.27261162,1066,533,0.002919433,68.93129158,137863,62.03816247,0.000236797,357.9047852,656.9871826,0.248096138,0.671491146,2.131514549,5.769106865,108,070801010403,F070801010403_23,32
868,513.2592199,3592.765154,425_1_1,1.844767213,0.887412965,132.2245331,431.2827148,78,225.6511688,100,1504.341064,6.235313416,72.68383026,0.869664729,0.248475626,45.23536862,0.00511563,133.8318431,12.00848611,1123,562,0.003078276,80.66564122,161331,72.59907329,0.000277108,357.8757019,656.9338989,0.235274971,0.636789501,1.821297765,4.929480076,108,070801030302,F070801030302_14,24
869,514.8517825,3592.380573,476_18_1,1.858246565,0.887318015,132.2103882,431.2365417,78,225.6272278,100,1504.181519,6.280873299,73.21491241,0.869571626,0.248449042,34.15315247,0.003862352,131.0002136,11.79864216,847,424,0.0023224,36.02391988,72048,32.42152868,0.000123752,357.837616,656.8637695,0.311816961,0.843956649,4.077857971,11.0370369,108,070802060704,F070802060704_563,32
870,512.7020761,3591.61968,209_8_2,1.771649718,0.887130082,132.1823883,431.1452332,78,225.5794373,100,1503.862915,5.988175869,69.8030014,0.869387507,0.248396426,199.9999976,0.022617833,132.214325,11.88861602,5037,2518,0.013791991,216.3976717,432794,194.7579052,0.000743383,357.7618408,656.7246704,0.052494992,0.142081752,0.678701043,1.836956739,108,070802060601,F070802060601_114,16
871,515.5043043,3591.124041,129_9_2,1.8920964,0.887007654,132.1641388,431.0857239,86,248.6814728,100,1657.876465,6.395285606,74.54859924,0.869267523,0.248362139,56.97425577,0.006443171,132.8892644,11.9409949,1468,734,0.004020382,12.61193941,25225,11.35074525,4.33253E-05,380.8456116,679.7672119,0.180060133,0.518863261,11.64365292,33.55247498,108,070801030407,F070801030407_153,24
872,513.8707958,3590.10652,33_7_2,1.826137185,0.886756301,132.1266937,430.963562,78,225.4842682,100,1503.228516,6.172343731,71.94980621,0.869021177,0.248291761,25.39237642,0.002871603,128.6654994,11.64052359,624,312,0.001708936,,,,,357.6109619,656.4478149,0.423482984,1.146188974,,,104,070801030403,F070801030403_336,32
873,512.8514339,3589.973782,396_16_2,1.822545886,0.886723518,132.1218109,430.9476318,70,202.3502045,100,1349.001343,6.160204887,71.80831146,0.86898905,0.248282582,200.0000025,0.022617834,138.4152195,11.9216368,5190,2598,0.01423018,228.2877592,456575,205.4589834,0.000784228,334.4720154,633.2978516,0.050855201,0.128742114,0.64305687,1.627925992,108,070801030603,F070801030603_317,24
874,511.9757463,3589.078976,59_6_1,1.821348906,0.886502504,132.0888672,430.84021,78,225.4198608,100,1502.799072,6.156159401,71.76114655,0.868772447,0.248220697,50.76331806,0.005740781,136.666748,12.22565365,1328,664,0.003636967,16.26596928,32532,14.63937187,5.58779E-05,357.508728,656.2600708,0.198929012,0.538416743,9.02285099,24.4210434,104,070801030202,F070801030202_409,32
875,514.7446185,3588.861579,556_7_1,1.856981397,0.886448801,132.0808716,430.8141174,84,242.7451324,100,1618.300903,6.276597023,73.16506958,0.868719816,0.248205662,68.00095318,0.007690171,134.3992493,12.06358452,1689,845,0.004628369,28.59003764,57181,25.73103399,9.82143E-05,374.8259888,673.5592651,0.156308725,0.443581045,5.133134842,14.56707859,108,070802060501,F070802060501_80,16
876,513.4103254,3588.216813,135_11_1,1.842818856,0.886289537,132.0571442,430.7367249,78,225.3657074,100,1502.437988,6.228727818,72.60706329,0.868563771,0.248161077,93.97448337,0.010627496,130.9996368,11.79860191,2331,1165,0.006381124,48.49413916,96988,43.64472601,0.00016659,357.4228516,656.102417,0.113353774,0.306800723,3.025729656,8.189371109,104,070801030603,F070801030603_519,24
877,512.9463822,3587.89411,50_8_1,1.7583673,0.886209846,132.0452728,430.697998,78,225.3454437,100,1502.302979,5.943281651,69.27967072,0.86848563,0.248138756,21.46143603,0.002427056,131.0006638,11.79867458,532,266,0.001456978,31.0200842,62040,27.91807538,0.000106562,357.3907166,656.043457,0.496410787,1.343574166,4.729741096,12.80140972,104,070801030601,F070801030601_117,32
878,511.0339586,3587.873204,50_10_2,1.749335766,0.88620466,132.0444946,430.6954651,74,213.7879639,100,1425.253052,5.912755013,68.92382813,0.868480563,0.24813731,34.62490838,0.003915702,137.3736267,12.28725719,935,467,0.002557927,94.67579977,189351,85.20822137,0.000325236,345.8324585,644.4833984,0.282750517,0.740540624,1.549668431,4.058674812,104,070801030601,F070801030601_40,32
879,510.7631868,3587.307584,425_11_1,1.839432597,0.886064947,132.0236816,430.6275635,78,225.308548,100,1502.057007,6.217282295,72.47364807,0.868343651,0.24809818,89.93122008,0.010170247,141.5388733,12.64053745,2557,1279,0.007005543,171.9754929,343951,154.777942,0.000590781,357.3322144,655.9360962,0.103224143,0.279384047,0.852987707,2.30867672,108,070801030302,F070801030302_12,24
880,511.2723766,3586.838866,109_7_1,1.884000301,0.885949194,132.006424,430.5713196,80,231.05513,100,1540.367554,6.367920876,74.22961426,0.868230224,0.24806577,,,,,,,,94.33202505,188664,84.89882255,0.000324055,363.061554,661.6264648,,,1.554867506,4.276402473,108,070801030406,F070801030406_345,24
881,509.9470311,3586.779526,46_4_2,1.83334136,0.885934532,132.0042419,430.5641785,54,155.9599152,100,1039.732788,6.196693897,72.23365021,0.868215859,0.248061672,38.87484646,0.004396324,130.996816,9.136302322,866,433,0.002371697,9.55787505,19115,8.602087712,3.28338E-05,287.9641724,586.5241089,0.304859668,0.665044308,15.3456049,33.47607803,104,070801030405,F070801030405_99,32
882,511.7413475,3586.713197,474_32_2,1.818656206,0.88591814,132.0018005,430.5562134,78,225.2712708,100,1501.808472,6.14705801,71.65505219,0.868199766,0.248057082,23.59356281,0.002668176,130.9997203,11.79860783,586,294,0.001610344,12.90195647,25804,11.61176078,4.43216E-05,357.2730713,655.8275146,0.448985726,1.215214491,11.36793995,30.76820755,108,070801030301,F070801030301_433,16
883,512.1789365,3586.596923,33_3_2,1.826232314,0.885889411,131.9975281,430.5422668,73,210.8238068,100,1405.492065,6.172665119,71.95355225,0.868171632,0.248049036,28.46954725,0.003219597,131.0003265,11.79865055,706,352,0.001928031,0.236820284,474,0.213138252,8.1354E-07,342.8213501,641.3660889,0.374992967,0.973924279,619.3047485,1608.445923,104,070801030403,F070801030403_225,32
884,509.2233187,3584.764038,410_4_1,1.830059648,0.885436714,131.930069,430.3222351,86,248.2410431,100,1654.940308,6.185601711,72.10434723,0.867727995,0.247922286,55.80179787,0.006310579,136.6681519,12.24042829,1446,724,0.003965608,31.02703161,62054,27.92432854,0.000106586,380.1711121,678.5632935,0.182223856,0.525098205,4.724556446,13.61433315,108,070802060602,F070802060602_518,16
885,508.8826853,3584.743891,389_24_1,1.792033315,0.885431767,131.9293365,430.3198242,92,265.5584106,100,1770.389404,6.057072639,70.60610962,0.867723107,0.247920901,194.8368894,0.022033941,132.4165675,11.90360371,4834,2416,0.013233301,193.5781677,387156,174.2203501,0.000664992,397.4877319,695.8782349,0.054606512,0.164523065,0.757255614,2.281522989,108,070802060601,F070802060601_122,16
886,512.0246002,3584.670277,496_40_1,1.791070819,0.885413587,131.9266205,430.3110046,86,248.2345581,100,1654.897095,6.05381918,70.56819153,0.867705345,0.247915804,53.7636234,0.006080083,138.5552241,12.41365941,1406,701,0.003839629,35.6674173,71336,32.10067548,0.000122527,380.1611938,678.5455322,0.188197747,0.542312682,4.109776974,11.84277821,108,070802060502,F070802060502_340,16
887,510.1213179,3584.510882,59_8_2,1.808059454,0.885374188,131.9207611,430.2918701,78,225.1329498,100,1500.886353,6.111240864,71.2375412,0.867666721,0.247904778,87.8957965,0.009940062,135.8169225,12.17411264,2221,1109,0.006074392,38.18054869,76361,34.3624942,0.00013116,357.0537109,655.4248047,0.118954696,0.321960062,3.839091539,10.39079762,104,070801030202,F070801030202_171,32
888,512.6690305,3583.751002,458_7_2,1.839163065,0.885186493,131.8927917,430.2006226,76,219.3134918,100,1462.089966,6.216371059,72.46302795,0.867482781,0.247852221,148.3264132,0.01677411,139.2152812,10.83097231,3474,1738,0.009519651,228.2677635,456536,205.440985,0.000784159,351.2062988,649.5140991,0.07588768,0.202074975,0.64199841,1.709524035,108,070802060801,F070802060801_126,24
889,509.7718947,3582.799836,136_4_1,1.843631148,0.884951532,131.8577728,430.0864563,78,225.0254974,100,1500.169922,6.231473446,72.6390686,0.867252529,0.247786433,30.45003761,0.003443569,131.0004349,11.79865813,755,377,0.002064965,9.087143356,18174,8.178428991,3.12167E-05,356.8832703,655.1119385,0.349755377,0.946639955,16.12262917,43.63714218,104,070801030603,F070801030603_520,24
890,510.5276061,3582.611091,466_4_1,1.814723969,0.884904921,131.8508301,430.0637817,78,225.0136261,100,1500.09082,6.133767128,71.50012207,0.867206812,0.247773379,199.9999947,0.022617833,140.9171505,12.58306873,5110,2556,0.014000131,57.49082243,114980,51.74174142,0.000197496,356.8644409,655.0773926,0.051584832,0.139618322,2.548248768,6.897031784,108,070801030301,F070801030301_179,24
891,512.1509063,3582.270558,93_15_2,1.813012838,0.884820819,131.8383026,430.0229187,78,224.9922485,100,1499.948364,6.12798357,71.43270874,0.867124379,0.247749835,23.13649082,0.002616486,131.0005493,11.798666,574,286,0.001566525,22.9860636,45972,20.68745744,7.89631E-05,356.8305664,655.0151367,0.460973084,1.247659326,6.372861385,17.24864388,108,070801030406,F070801030406_391,24
892,510.3293507,3581.721041,86_3_1,1.814997077,0.884685099,131.8180847,429.9569702,58,167.2761078,100,1115.174072,6.134690285,71.51088715,0.866991401,0.247711822,166.5571538,0.01883581,142.9017809,11.59592661,3860,1929,0.010565827,41.01950359,82039,36.91755283,0.000140913,299.0941772,597.2330933,0.06833493,0.15505141,3.570607424,8.101679802,104,070801030405,F070801030405_407,24
893,511.2931724,3580.86044,578_8_2,1.807503223,0.884472549,131.7864075,429.8536682,75,216.25354,100,1441.690308,6.109360695,71.21562958,0.866783082,0.247652307,20.75837362,0.002347547,123.3763885,11.34588265,477,239,0.001309089,34.48296404,68966,31.03466773,0.000118458,348.0399475,646.1071777,0.551407576,1.456234097,4.246425629,11.21455383,108,070802060501,F070802060501_133,24
894,509.7495081,3580.769589,507_9_2,1.834723353,0.884450078,131.7830658,429.8427429,85,245.0810852,100,1633.873901,6.201364994,72.2881012,0.866761088,0.247646019,90.39133738,0.010222281,135.2492701,12.1472888,2243,1123,0.006151075,40.88140956,81763,36.79326906,0.000140438,376.8641357,674.9238281,0.117349125,0.335586935,3.581716776,10.24274635,108,070802060501,F070802060501_7,16
895,510.0794887,3580.490452,545_2_1,1.801220775,0.884381115,131.7727814,429.8092346,70,201.8153839,100,1345.435913,6.088126183,70.9681015,0.866693497,0.247626707,21.85011357,0.002471011,130.9989281,11.79855204,542,272,0.001489842,17.32210006,34644,15.58989042,5.95059E-05,333.5881653,631.6246338,0.484458745,1.226427078,8.452450752,21.39772415,108,070801010301,F070801010301_95,24
896,508.5730397,3580.226043,476_12_1,1.831068397,0.884315848,131.7630615,429.7774963,78,224.8638306,100,1499.092163,6.189011097,72.14409637,0.866629541,0.247608438,140.6363664,0.015904449,132.4164988,11.90359799,3539,1770,0.009694926,242.1690984,484338,217.9521917,0.000831914,356.6268921,654.6413574,0.074442409,0.201484114,0.604550302,1.636262059,108,070802060704,F070802060704_566,32
897,513.4101556,3579.922431,410_9_2,1.90225327,0.884240866,131.7518921,429.7410583,86,247.9057617,100,1652.705078,6.429615974,74.94877625,0.866556048,0.247587442,33.17703819,0.003751964,142.3337453,9.799030393,879,439,0.002404561,64.23204792,128464,57.80884337,0.000220654,379.6576538,677.6468506,0.300118208,0.864823818,2.279095888,6.567466736,108,070802060602,F070802060602_217,24
898,510.8122401,3579.373195,430_17_1,1.77452147,0.884105206,131.7316742,429.6751404,78,224.8101196,100,1498.734131,5.997882366,69.91614532,0.86642313,0.247549459,144.2259338,0.016310391,132.8895289,11.94101191,3736,1867,0.01022623,80.52988004,161059,72.47689047,0.000276641,356.5418091,654.4852295,0.070557937,0.190970436,1.817567945,4.91938591,108,070801030302,F070801030302_1,16
899,510.3150875,3578.758144,452_3_2,1.859235883,0.883953273,131.7090302,429.6012878,70,201.7180023,100,1344.786621,6.284217358,73.25389099,0.866274238,0.247506917,45.2067781,0.005112397,140.4448853,12.58708668,1124,562,0.003078276,18.23930145,36477,16.4153711,6.26568E-05,333.4270325,631.3192749,0.2343577,0.593286514,8.023518562,20.3118782,108,070801030301,F070801030301_135,24
900,508.8534486,3578.645645,703_6_1,1.784903288,0.883925498,131.704895,429.5877991,77,221.8829803,100,1479.219849,6.032973289,70.32518768,0.866246998,0.247499138,199.9999995,0.022617833,141.9852173,11.26212041,5122,2558,0.014011086,288.289878,576582,259.4608894,0.000990351,353.5878906,651.4707642,0.05148745,0.138228267,0.507609844,1.36277914,108,070801030303,F070801030303_637,8
901,507.7673574,3578.363006,55_7_1,1.813137412,0.883855641,131.6944885,429.553833,54,155.5938263,100,1037.292236,6.128404617,71.43761444,0.866178513,0.247479573,199.9999971,0.022617833,140.9641711,12.60145998,5276,2637,0.014443797,45.94382693,91887,41.34944361,0.000157829,287.2883301,585.147644,0.049941026,0.108945139,3.184915543,6.947815895,104,070801030405,F070801030405_135,24
902,509.3614478,3577.829219,542_6_1,1.824087381,0.883723795,131.6748505,429.4897766,74,213.1893768,100,1421.262451,6.165415287,71.86904144,0.86604929,0.247442663,86.38659906,0.009769388,131.001297,11.79871909,2143,1072,0.005871729,51.90917683,103819,46.71825898,0.000178322,344.8642273,642.6791382,0.122831017,0.321701705,2.818487883,7.381786823,108,070802060502,F070802060502_69,16
903,509.8896936,3577.523417,425_38_1,1.7989043,0.883648276,131.6635895,429.453064,70,201.6483765,100,1344.32251,6.080296516,70.87683105,0.86597532,0.247421518,28.13075209,0.003181283,139.4974823,12.460958,776,388,0.002125216,39.43396621,78869,35.49056768,0.000135466,333.3119507,631.1014404,0.339339137,0.859051406,3.709819317,9.391564369,108,070801030302,F070801030302_54,24
904,509.6419609,3577.07993,93_6_1,1.75765872,0.883538723,131.6472626,429.3998108,78,224.6660004,100,1497.773315,5.940886497,69.25175476,0.865867972,0.247390836,20.79110062,0.002351248,145.1667938,12.98128319,615,308,0.001687027,68.06789431,136136,61.2611064,0.000233831,356.3132629,654.0657959,0.427426189,1.156861186,2.148953438,5.816304684,108,070801030406,F070801030406_633,24
905,508.2364561,3576.70825,425_36_2,1.859378457,0.883446932,131.6335907,429.3551941,78,224.6428833,100,1497.619263,6.284698963,73.25951385,0.865777969,0.247365147,33.23472205,0.003758487,147.9999619,13.15970325,970,484,0.002651042,14.89868741,29797,13.40881866,5.11809E-05,356.2764893,653.9980469,0.271970242,0.736108422,9.816941261,26.57031059,108,070801030302,F070801030302_269,24
906,508.7534253,3576.468002,578_2_2,1.83611238,0.883387625,131.6247559,429.3263855,79,227.5074768,100,1516.716553,6.206059933,72.34282684,0.865719855,0.247348532,199.9999997,0.022617833,135.2091304,12.12516476,5078,2539,0.013907016,209.3375396,418674,188.4037829,0.000719129,359.1322327,656.8338623,0.051841181,0.141446337,0.698631167,1.90618372,108,070802060501,F070802060501_122,24
907,511.7858135,3576.322116,186_18_1,1.790414095,0.883351564,131.6193848,429.3088684,82,236.1375427,100,1574.250244,6.051599503,70.54231262,0.865684509,0.247338444,167.539299,0.01894688,140.1225601,10.64924016,4206,2104,0.011524365,69.75988317,139519,62.78389451,0.000239643,367.7569275,665.4464111,0.062556744,0.174789414,2.096387625,5.857504368,108,070801030407,F070801030407_386,16
908,509.378069,3575.76006,479_4_2,1.784932256,0.883212745,131.5986938,429.241394,86,247.6169434,100,1650.779663,6.033071041,70.32633209,0.865548491,0.247299567,35.2391904,0.003985171,145.8749962,12.94990396,973,486,0.002661997,20.69148029,41383,18.62233248,7.10806E-05,379.2156372,676.8583374,0.270779192,0.7802791,7.06671381,20.36348724,108,070801030301,F070801030301_306,16
909,509.4284442,3575.292274,593_7_1,1.87056911,0.883097172,131.5814819,429.1852112,87,250.4636688,100,1669.757813,6.322523594,73.70042419,0.865435243,0.247267202,65.13010985,0.00736551,131.0015767,11.7987388,1616,808,0.004425707,23.84350131,47687,21.45915183,8.19087E-05,382.045166,679.6488647,0.162848368,0.47282818,6.131718636,17.80336761,108,070802060802,F070802060802_52,24
910,511.7353831,3574.771567,105_4_1,1.870041728,0.882968605,131.5623169,429.1227417,86,247.5490723,100,1650.327148,6.320741177,73.67964172,0.865309238,0.247231215,42.50462484,0.004806813,136.6667124,12.24031893,1060,531,0.002908478,58.91019058,117820,53.01917028,0.000202372,379.1113892,676.671814,0.247763306,0.713957429,2.481410265,7.150458813,108,070802060602,F070802060602_531,24
911,509.6266511,3574.724249,135_2_2,1.862973452,0.882956862,131.5605774,429.1170349,78,224.5183411,100,1496.78894,6.296850204,73.40115356,0.865297735,0.247227922,20.75167236,0.002346789,136.6654104,12.24022357,517,258,0.001413159,13.95952942,27919,12.5635761,4.79546E-05,356.0789185,653.635376,0.50992471,1.380150795,10.47158718,28.34216309,104,070801030603,F070801030603_519,24
912,516.2860339,3573.985493,423_7_2,1.816372752,0.882774413,131.5333862,429.0283508,86,247.4946289,100,1649.964233,6.139339924,71.56508636,0.865118921,0.247176841,52.33720043,0.00591877,130.999855,11.79861736,1298,649,0.003554806,48.51901533,97038,43.66711318,0.000166676,379.0280151,676.5229492,0.202670857,0.584018528,3.012184143,8.679942131,108,070801030303,F070801030303_699,8
913,510.0078719,3573.953941,474_17_2,1.850387692,0.882766604,131.5322266,429.0245667,86,247.4924622,100,1649.949707,6.254310608,72.90527344,0.865111291,0.24717465,22.76971149,0.002575008,135.2479668,12.12974954,607,303,0.00165964,12.63867687,25277,11.37480928,4.34172E-05,379.0246887,676.5170288,0.434099764,1.250906587,11.56346607,33.32141113,108,070801030301,F070801030301_527,24
914,509.7984262,3573.899913,27_19_2,1.752231121,0.882753253,131.5302277,429.0180664,78,224.4664917,100,1496.443237,5.922541142,69.03790283,0.865098178,0.24717091,62.42815804,0.007059948,130.9994202,11.79858685,1549,774,0.004239476,96.18748771,192376,86.56873874,0.000330429,355.9967041,653.4845581,0.169935688,0.459944069,1.519373298,4.112300873,104,070801030202,F070801030202_216,32
915,508.6892061,3572.459387,701_3_2,1.84017837,0.882397473,131.4772186,428.8451843,60,172.5969391,100,1150.64624,6.219802856,72.50302887,0.864749551,0.247071296,32.10851744,0.003631125,154.0452932,10.53930506,891,445,0.002437425,16.43343738,32867,14.79009324,5.64532E-05,304.0741577,601.4421387,0.295454413,0.683312714,8.889546394,20.55931282,108,070801030302,F070801030302_39,16
916,510.5062183,3572.30978,27_4_2,1.871687651,0.882360518,131.4717102,428.8272095,78,224.3667145,100,1495.778076,6.326304436,73.74449158,0.864713311,0.24706094,67.44163936,0.007626919,130.9994202,11.79858685,1673,837,0.00458455,69.1901275,138381,62.27111399,0.000237686,355.8384399,653.1939087,0.157074928,0.425135523,2.111279249,5.714342117,104,070801030202,F070801030202_216,32
917,508.0940169,3571.722782,474_30_2,1.820780754,0.8822155,131.4501038,428.7567444,78,224.3296661,100,1495.531128,6.154239178,71.7387619,0.864571214,0.247020334,199.9999932,0.022617832,135.2489395,12.12981796,5089,2544,0.013934403,100.9451865,201891,90.85066634,0.000346773,355.7797852,653.0864258,0.051670637,0.139850542,1.446881056,3.916094303,108,070801030301,F070801030301_433,16
918,509.7368361,3571.334086,483_17_1,1.796951413,0.882119536,131.4358063,428.710083,78,224.305191,100,1495.36792,6.07369566,70.79988861,0.864477158,0.246993467,29.89249945,0.003380518,144.5987663,12.86679077,819,409,0.00224024,44.79164076,89584,40.31247544,0.000153871,355.7409973,653.0152588,0.321358949,0.869782388,3.260425091,8.824587822,108,070801010403,F070801010403_23,32
919,509.3395574,3570.74916,483_12_2,1.766643882,0.881975055,131.4142761,428.6398621,86,247.2700043,100,1648.466675,5.971256256,69.6057663,0.864335537,0.246953011,36.34142522,0.004109821,137.7983907,12.33947754,902,451,0.002470289,43.31471049,86629,38.98323984,0.000148797,378.6842651,675.9098511,0.29138419,0.839654684,3.371045589,9.714027405,108,070801010403,F070801010403_26,32
920,511.335269,3570.406286,425_17_1,1.828238606,0.881890357,131.4016571,428.5987244,78,224.2469635,100,1494.979736,6.179446697,72.0326004,0.864252567,0.246929303,22.44533151,0.002538324,131.0006663,11.79867458,557,278,0.001522706,15.66800485,31336,14.10120437,5.38237E-05,355.6486206,652.8457031,0.472667843,1.279311538,9.318470955,25.22115135,108,070801030302,F070801030302_205,16
921,508.6613585,3569.513329,425_2_2,1.867836833,0.881669819,131.3688049,428.4915466,78,224.1909943,100,1494.606689,6.313288689,73.59277344,0.864036441,0.246867552,64.00969124,0.007238803,145.4497757,12.92501163,1743,871,0.00477078,73.46571732,146932,66.11914444,0.000252374,355.5598145,652.6825562,0.150825262,0.408220232,1.986849785,5.377562046,108,070801030302,F070801030302_75,16
922,508.9977748,3569.410017,64_4_2,1.838389874,0.881644249,131.3649902,428.4790955,78,224.184494,100,1494.563232,6.213757992,72.43256378,0.864011347,0.246860385,23.93121225,0.002706361,143.4669342,12.78130658,661,330,0.001807529,8.588932514,17178,7.730039462,2.95052E-05,355.5494995,652.6635742,0.39807573,1.077422738,16.99409103,45.99581909,104,070801030601,F070801030601_213,32
923,508.1900382,3569.319742,71_8_2,1.792469859,0.881621957,131.3616791,428.4682617,50,143.7043457,100,958.0289917,6.058547974,70.6233139,0.863989532,0.246854141,30.88439369,0.00349269,136.6623917,12.22531271,791,396,0.002169034,7.869271755,15739,7.082344532,2.7033E-05,275.06604,572.1726074,0.331721425,0.694611192,18.54776764,38.83827591,104,070801030405,F070801030405_666,24
924,507.1120956,3569.316467,55_7_2,1.813137412,0.881621182,131.361557,428.4678955,54,155.2004242,100,1034.669434,6.128404617,71.43761444,0.863988757,0.246853933,174.6455899,0.019750524,135.2510732,12.12452682,4627,2313,0.012669133,51.59339751,103186,46.43405888,0.000177237,286.5619812,583.668335,0.056792717,0.123891905,2.828991413,6.171374798,104,070801030405,F070801030405_134,24
925,510.4629722,3568.596825,64_12_2,1.875315428,0.881443441,131.3350677,428.3815002,78,224.1334381,100,1494.2229,6.338566303,73.88742828,0.863814592,0.246804163,,,,,,,,7.093515389,14187,6.384164076,2.43681E-05,355.4685059,652.5149536,,,20.57200623,55.67972565,104,070801030601,F070801030601_213,32
926,508.2579934,3567.676391,460_12_1,1.774215221,0.881216049,131.3011932,428.2709961,70,201.0934143,100,1340.622803,5.99684763,69.90408325,0.863591731,0.24674049,62.28492403,0.00704375,131.0000203,11.79862881,1546,774,0.004239476,82.95854044,165917,74.66268873,0.000284984,332.3945923,629.3643799,0.169639781,0.429450363,1.758591771,4.45195055,108,070801030303,F070801030303_151,8
927,506.5073683,3566.647525,664_12_1,1.827130437,0.880961955,131.2633362,428.147522,58,166.5722809,100,1110.481934,6.175700665,71.98893738,0.863342702,0.246669352,101.2001056,0.011444636,139.4987437,9.608819574,2600,1300,0.007120567,37.47764639,74955,33.72988128,0.000128746,297.8356323,594.7197876,0.100971796,0.229104325,3.891603947,8.830022812,104,070801030402,F070801030402_203,32
928,506.841147,3565.977768,425_25_1,1.764535904,0.880796492,131.238678,428.0671082,83,238.3259125,100,1588.839355,5.964131355,69.52271271,0.863180578,0.246623024,88.6445837,0.010024742,149.4165611,13.26598644,2538,1269,0.006950769,126.617105,253234,113.9553969,0.000434963,369.5645752,666.3930054,0.103418976,0.291225046,1.151667118,3.24306345,108,070801030302,F070801030302_81,24
929,508.9475104,3565.755462,209_2_1,1.801771045,0.880741596,131.2304993,428.0404053,78,223.9547577,100,1493.031738,6.089986324,70.98977661,0.863126755,0.246607646,199.9999999,0.022617833,130.9997864,11.79861249,4962,2480,0.013583852,194.0546238,388110,174.6491597,0.000666628,355.1852417,651.9951782,0.052915525,0.143219858,0.751394987,2.033707142,108,070802060601,F070802060601_114,16
930,508.837829,3565.734829,415_3_2,1.776284456,0.88073653,131.2297363,428.0379639,86,246.9230042,100,1646.15332,6.0038414,69.98561096,0.863121808,0.246606231,37.6330163,0.004255886,131.0018768,11.7987601,933,467,0.002557927,32.5297838,65059,29.2768057,0.000111748,378.1527405,674.9609375,0.281005859,0.809748888,4.48237896,12.91646194,108,070802060601,F070802060601_160,16
931,507.8610939,3565.481705,130_10_2,1.795003295,0.880674005,131.2204285,428.0075684,86,246.9057465,100,1646.03833,6.067111015,70.72312927,0.863060534,0.246588722,25.52464005,0.00288656,136.6665955,12.24030876,653,328,0.001796574,26.60635445,53213,23.94571954,9.13998E-05,378.1261597,674.9133301,0.400062293,1.152823687,5.479911804,15.7909708,108,070801030407,F070801030407_186,24
932,509.8181307,3564.962216,165_1_1,1.813798308,0.880545676,131.2013092,427.9451904,78,223.905014,100,1492.700073,6.130638123,71.46365356,0.862934768,0.246552795,75.89684314,0.008583111,135.2495842,12.1298604,1887,944,0.005170627,10.63063029,21262,9.567567356,3.6519E-05,355.1063232,651.8502197,0.138984442,0.376171947,13.7131319,37.11563492,108,070802060406,F070802060407_23,32
933,507.8060149,3564.654201,540_15_1,1.907392502,0.880469561,131.1899719,427.9082031,5,14.35165215,100,95.67768097,6.446986675,75.15126801,0.862860143,0.246531472,35.68257236,0.004035312,135.2505112,12.1136117,904,452,0.002475767,45.53420639,91068,40.98078537,0.000156422,145.541626,442.2598572,0.290243298,0.321994752,3.201255798,3.551460028,108,070802060503,F070802060503_21,16
934,508.5450705,3564.612815,458_87_1,1.79688704,0.880459368,131.188446,427.9032593,5,14.35148811,100,95.67658997,6.073478222,70.79734802,0.862850189,0.246528625,200,0.022617833,134.0715663,9.155445004,3792,1897,0.010390551,323.1039052,646205,290.7935162,0.001109946,145.5399323,442.2547607,0.069155745,0.076721102,0.45113951,0.500492334,108,070802060801,F070802060801_241,24
935,508.3344279,3564.569616,186_17_1,1.790533304,0.880448699,131.1868591,427.8980713,82,235.3614655,100,1569.076416,6.05200243,70.54701233,0.862839699,0.24652563,66.77113754,0.007551092,140.6337179,12.56046486,1846,924,0.00506108,66.9932337,133987,60.29391015,0.000230139,366.5483398,663.2595215,0.141977116,0.396697342,2.175789595,6.079359055,108,070801030407,F070801030407_315,16
936,509.2725395,3564.102667,452_1_1,1.860064983,0.880333364,131.1696777,427.8420105,70,200.8920746,100,1339.280518,6.28701973,73.28656006,0.862726688,0.24649334,123.4124379,0.01395661,142.3332611,12.74473534,3375,1687,0.009240306,58.6138016,117227,52.75241983,0.000201354,332.0617676,628.7340698,0.077753216,0.196835667,2.486514807,6.294721127,108,070801030301,F070801030301_135,24
937,508.8030388,3563.523695,430_18_1,1.796960473,0.880190372,131.1483612,427.772522,70,200.859024,100,1339.060181,6.073726177,70.80023956,0.862586558,0.2464533,200.0000001,0.022617833,145.6677372,12.97775471,5455,2730,0.014953192,192.573012,385146,173.3157081,0.000661539,332.0073853,628.6315308,0.048039693,0.121614426,0.756702125,1.915621996,108,070801030302,F070801030302_143,16
938,509.43666,3563.21538,556_7_2,1.856981397,0.880114198,131.1370087,427.7355042,84,241.0104675,100,1606.73645,6.276597023,73.16506958,0.862511933,0.246431977,61.70356405,0.006978005,135.2496567,12.12986588,1604,803,0.00439832,18.66339934,37327,16.79705977,6.41137E-05,372.1474609,668.7459717,0.163308859,0.463446409,7.807140827,22.15551186,108,070802060501,F070802060501_80,16
939,509.2768137,3562.943633,105_1_2,1.809719682,0.880047083,131.1270142,427.7028809,86,246.7303619,100,1644.869141,6.11685276,71.30295563,0.862446129,0.246413186,28.36745644,0.003208052,131.0005264,11.79866457,704,352,0.001928031,27.61269951,55225,24.85142922,9.48568E-05,377.8573608,674.4332275,0.37251994,1.073458433,5.276437759,15.20465279,108,070802060602,F070802060602_531,24
940,507.2269427,3562.81512,149_5_2,1.797958612,0.880015314,131.1222839,427.687439,78,223.7702942,100,1491.802002,6.077100277,70.83956909,0.862415016,0.24640429,107.5921587,0.012167508,136.4395325,12.24959087,2795,1398,0.007657349,38.48928144,76978,34.64035275,0.000132221,354.8925781,651.4577637,0.093792766,0.253857344,3.785246849,10.24506283,104,070801030603,F070801030603_791,24
941,508.6074377,3562.660355,86_4_2,1.814213753,0.879977107,131.1165924,427.6688843,62,177.8609772,100,1185.739868,6.132042408,71.48001862,0.862377584,0.246393591,199.9999992,0.022617833,143.1836014,11.13029458,3137,1569,0.008593977,6.651522898,13303,5.986370608,2.28497E-05,308.9775696,605.5298462,0.083566979,0.19692643,21.90251923,51.61350632,104,070801030405,F070801030405_407,24
942,510.9259187,3562.453925,70_9_1,1.881948709,0.879926145,131.1089935,427.644104,54,154.9020691,100,1032.68042,6.36098671,74.14878082,0.862327635,0.246379316,52.18512496,0.005901572,136.6656982,12.27161903,1294,647,0.003543852,16.86785397,33736,15.18106867,5.79455E-05,286.0110474,582.5461426,0.202641413,0.442057252,8.636347771,18.83998108,104,070801030601,F070801030601_108,32
943,507.2259689,3562.299638,135_8_1,1.834225535,0.879887998,131.1033173,427.6255798,76,218.0010529,100,1453.340332,6.199682236,72.26848602,0.862290263,0.246368647,26.0061357,0.002941012,147.432724,13.13567944,732,367,0.002010191,16.84448993,33690,15.16004106,5.78652E-05,349.1043701,645.6266479,0.357229739,0.951238036,8.647953033,23.02793121,104,070801030603,F070801030603_476,24
944,507.7931237,3562.150626,425_10_2,1.798160434,0.879851222,131.0978394,427.6076965,77,220.8600159,100,1472.400146,6.077782154,70.84751892,0.862254202,0.246358335,25.88827431,0.002927683,139.4996376,12.47914124,642,320,0.001752755,46.36110684,92722,41.72499797,0.000159263,351.9578552,648.4677124,0.409680754,1.099868298,3.141949654,8.43517971,108,070801030302,F070801030302_19,24
945,507.6793966,3562.12953,578_10_2,1.790910959,0.879845977,131.0970459,427.6051331,75,215.122345,100,1434.148926,6.053278923,70.56188965,0.862249076,0.246356875,30.1266737,0.003407,126.5023804,11.63670953,680,340,0.001862302,53.23903024,106478,47.91512686,0.00018289,346.2193909,642.727478,0.385579556,1.018292308,2.736026287,7.225680351,108,070802060501,F070802060501_133,24
946,508.1485806,3560.522232,703_2_2,1.798955202,0.87944901,131.0379028,427.4122314,69,197.8230286,100,1318.82019,6.080468655,70.87883759,0.861860037,0.246245727,148.4431252,0.016787309,142.008643,11.23839395,3208,1605,0.008791162,99.09511547,198190,89.18560366,0.000340418,328.8609314,625.2352295,0.081643552,0.204897776,1.469271898,3.687376976,108,070801030303,F070801030303_115,8
947,509.2299684,3560.030353,388_14_2,1.830830574,0.879327476,131.0197906,427.3531494,86,246.528244,100,1643.521606,6.18820715,72.13472748,0.861740947,0.246211693,25.18148685,0.002847753,139.4996262,12.46113348,635,317,0.001736323,31.37289858,62745,28.23560858,0.000107774,377.5480347,673.8814087,0.41331163,1.191003323,4.640232563,13.37134361,108,070802060601,F070802060601_72,24
948,503.8532834,3559.685192,658_8_1,1.901572227,0.879242241,131.0070953,427.3117371,78,223.5737152,100,1490.491455,6.427314281,74.92194366,0.861657381,0.246187821,64.11769986,0.007251017,130.9988098,8.249028961,1577,788,0.004316159,29.43875653,58877,26.4948805,0.00010113,354.5808105,650.885437,0.166252658,0.44997564,4.944619179,13.3829937,104,070801030401,F070801030401_531,24
949,508.8211816,3559.337078,49_8_1,1.802978277,0.879156232,130.994278,427.269928,78,223.5517731,100,1490.345215,6.09406662,71.03734589,0.8615731,0.246163741,68.889045,0.007790605,137.1317627,12.28462696,1803,902,0.004940578,27.1538133,54307,24.43843219,9.32805E-05,354.546051,650.8217163,0.145226479,0.393066585,5.360175133,14.50772476,104,070801030601,F070801030601_28,32
950,507.9226584,3558.976347,442_2_1,1.792359352,0.879067183,130.9810028,427.2266541,70,200.6027069,100,1337.351318,6.05817461,70.61895752,0.861485839,0.246138811,98.68990517,0.011160759,130.9993286,11.79858017,2448,1224,0.006704288,75.17848444,150357,67.66063404,0.000258258,331.5837097,627.8293457,0.107010625,0.27090171,1.935852408,4.900688648,108,070801030301,F070801030301_47,16
951,505.6308427,3558.021277,27_15_1,1.857658505,0.878831267,130.9458618,427.1119995,78,223.4692078,100,1489.794678,6.278885841,73.19174194,0.861254632,0.246072754,199.9999965,0.022617833,136.4648405,12.21759517,5120,2561,0.014027518,235.8836292,471768,212.2952664,0.000810322,354.4150696,650.5811768,0.051130753,0.138389334,0.616810083,1.669444084,104,070801030202,F070801030202_216,32
952,509.2937278,3557.958733,84_3_1,1.73146379,0.87881583,130.9435577,427.1044922,78,223.4646454,100,1489.764282,5.852347374,68.21967316,0.861239493,0.246068433,200,0.022617833,133.8337667,12.01280509,5030,2514,0.013770082,167.1702323,334342,150.4532101,0.000574273,354.4082031,650.5691528,0.052085742,0.140973821,0.870327473,2.355604172,104,070801030406,F070801030406_416,24
953,507.4775362,3556.912075,128_15_2,1.797548294,0.878557265,130.9050293,426.9788208,78,223.3994141,100,1489.329468,6.075713158,70.8234024,0.860986114,0.245996028,94.78819776,0.010719518,149.0397364,13.27041324,2714,1356,0.0074273,161.8642793,323729,145.6778522,0.000556046,354.3044434,650.3782349,0.096537635,0.261286467,0.898592532,2.432109118,108,070801030406,F070801030406_284,16
954,508.4879487,3555.383213,474_32_1,1.818656206,0.878179669,130.8487701,426.7953186,78,223.3034058,100,1488.689331,6.14705801,71.65505219,0.860616088,0.245890304,27.96422946,0.003162451,130.9996567,11.79860306,694,346,0.001895166,15.84782705,31695,14.26304406,5.44414E-05,354.1521606,650.0987549,0.378175646,1.02356112,9.17397213,24.83005524,108,070801030301,F070801030301_512,16
955,509.0208624,3554.357857,415_1_2,1.955885053,0.877926409,130.8110352,426.6722412,86,246.1354523,100,1640.903076,6.610891342,77.06187439,0.860367894,0.24581939,84.2223599,0.009524636,131.0004608,11.79866028,2089,1045,0.005723841,83.58314276,167166,75.22482896,0.00028713,376.9464722,672.8076782,0.125178024,0.360714316,1.738934278,5.010931492,108,070802060601,F070802060601_155,16
956,506.6864583,3554.172784,135_1_2,1.835547805,0.877880692,130.8042297,426.6500244,78,223.2275085,100,1488.18335,6.20415163,72.32058716,0.860323071,0.24580659,59.32029599,0.006708483,148.0007655,13.2021931,1712,856,0.00468862,23.78618939,47572,21.40757033,8.17118E-05,354.0317383,649.8775635,0.152808681,0.413588494,6.110185623,16.53768921,104,070801030603,F070801030603_476,24
957,507.6789752,3554.099376,425_35_2,1.84354651,0.877862573,130.8015289,426.6412048,78,223.2229004,100,1488.15271,6.231187344,72.63573456,0.860305309,0.245801523,50.59832038,0.005722122,136.6634521,12.2183218,1310,655,0.003587671,41.22038606,82440,37.09834669,0.000141603,354.0244141,649.8641357,0.199696988,0.540495276,3.525804758,9.542861938,108,070801030302,F070801030302_106,16
958,504.5402247,3553.166074,44_12_2,1.877865195,0.877632022,130.7671661,426.5291748,76,217.4421082,100,1449.614014,6.347184181,73.98789215,0.860079408,0.245736971,88.84017946,0.010046862,141.6253052,12.68563426,2315,1158,0.006342782,84.17084776,168343,75.75376431,0.000289149,348.2092896,643.9713135,0.112925015,0.300698876,1.726213455,4.596593857,104,070801030401,F070801030401_458,32
959,507.2057621,3552.907505,54_19_1,1.852249861,0.877568126,130.7576447,426.4981079,78,223.1480103,100,1487.653442,6.260604382,72.97864532,0.860016763,0.245719075,26.21005148,0.002964073,131.0030785,11.79884458,651,326,0.001785619,10.90678826,21814,9.816109553,3.74677E-05,353.9056396,649.6461182,0.401097059,1.085600138,13.32071972,36.05355453,104,070801030405,F070801030405_114,32
960,505.0725917,3552.749754,578_1_2,1.878170013,0.877529204,130.7518463,426.479187,79,225.9981842,100,1506.654541,6.348214626,73.99990082,0.859978616,0.245708182,36.82786936,0.004164833,141.6247635,12.61861229,998,500,0.00273868,81.88839054,163777,73.69955182,0.000281308,356.7500305,652.477356,0.261503696,0.713500082,1.774119973,4.840599537,108,070802060501,F070802060501_121,16
961,506.9956931,3552.471133,92_2_2,1.799315095,0.877460361,130.7415924,426.4457397,78,223.1206207,100,1487.470825,6.081685066,70.893013,0.859911144,0.2456889,33.62588681,0.003802724,139.4998055,12.46114683,893,447,0.00244838,68.71885463,137438,61.84696766,0.000236067,353.8622131,649.5663452,0.292486787,0.791638076,2.113953114,5.721577644,108,070801030406,F070801030406_677,24
962,503.1342788,3552.269247,723_3_2,1.856630564,0.877410531,130.7341766,426.4215088,76,217.3868713,100,1449.24585,6.275411129,73.15124512,0.859862328,0.245674953,138.9641194,0.015715336,144.2913539,12.8341252,3644,1821,0.009974272,135.590521,271181,122.0314714,0.000465789,348.1210327,643.8083496,0.071792521,0.19117026,1.071315289,2.852715254,108,070801010405,F070801010405_181,32
963,508.9308148,3551.998644,430_6_1,1.833473563,0.877343655,130.7241974,426.3890076,70,200.2098236,100,1334.732178,6.197140694,72.23886108,0.859796762,0.245656222,34.30304205,0.003879302,146.6793213,13.04506874,909,454,0.002486721,46.604173,93208,41.94375581,0.000160098,330.934021,626.5988159,0.287938774,0.728929579,3.116654634,7.889947414,108,070801030302,F070801030302_143,16
964,507.3985479,3551.945914,102_10_2,1.821137786,0.877330661,130.7222748,426.3826904,78,223.0876465,100,1487.250977,6.155445576,71.75283051,0.859784067,0.245652586,126.5025346,0.014306066,146.3808507,13.02365031,3357,1677,0.009185532,103.1937755,206386,92.87439878,0.000354498,353.8099365,649.4703369,0.077950075,0.210977897,1.407516837,3.809552908,104,070801030406,F070801030406_335,24
965,506.0261902,3550.793893,387_13_2,1.787246704,0.877046108,130.6798706,426.2444153,86,245.8886414,100,1639.257568,6.040894032,70.41751862,0.859505177,0.24557291,38.82411081,0.004390586,131.0016388,11.79874306,962,482,0.002640087,38.97753915,77955,35.07978448,0.000133898,376.568512,672.1330566,0.271120071,0.781262457,3.725218773,10.73463058,108,070802060601,F070802060601_209,16
966,505.5780073,3550.783501,54_7_1,1.782163262,0.877043545,130.6794891,426.2431641,54,154.3947449,100,1029.29834,6.023711681,70.21723175,0.859502673,0.245572194,145.965792,0.01650715,141.3878377,12.63445218,3827,1913,0.010478189,34.80279472,69606,31.32251467,0.000119557,285.0742188,580.6379395,0.068311289,0.14901945,4.172062397,9.101255417,104,070801030405,F070801030405_339,24
967,506.4534721,3550.579615,399_30_1,1.839318275,0.876993179,130.6719818,426.218689,89,254.4505615,100,1696.337036,6.21689558,72.4691391,0.859453321,0.245558083,178.4325062,0.020178783,133.1249218,11.95609534,4483,2241,0.012274763,156.2266762,312454,140.6040059,0.000536679,385.1225586,680.6692505,0.058309674,0.171852991,0.929361701,2.739058256,108,070802060601,F070802060601_134,16
968,506.7075149,3549.917319,93_15_1,1.813012838,0.876829565,130.6475983,426.1391602,78,222.9599762,100,1486.399902,6.12798357,71.43270874,0.859292984,0.245512277,56.95525367,0.006441022,135.722613,12.19287046,1439,720,0.003943699,59.33617149,118671,53.40255484,0.000203835,353.6075745,649.0991211,0.181455001,0.49112162,2.446467161,6.621547699,108,070801030406,F070801030406_391,24
969,505.6670054,3549.339275,703_23_1,1.769634843,0.876686811,130.6263275,426.0697937,63,180.0540009,100,1200.359985,5.981365681,69.72360992,0.859153092,0.245472312,199.9999984,0.022617833,135.1208982,11.21875535,4982,2490,0.013638625,98.76048832,197520,88.88444008,0.000339268,310.6803284,606.1237793,0.052460372,0.124771215,1.469619751,3.495328665,108,070801030303,F070801030303_194,8
970,504.7389848,3547.320014,430_14_1,1.768786073,0.87618804,130.5520172,425.8273926,70,199.946106,100,1332.973999,5.978497028,69.69017029,0.858664274,0.245332658,61.92394864,0.007002928,139.5001221,12.4611721,1709,854,0.004677665,64.46366663,128927,58.0172992,0.00022145,330.4981079,625.7734985,0.152871221,0.387000114,2.250225782,5.69654417,108,070801030302,F070801030302_33,16
971,504.8201355,3546.793342,140_6_2,1.885052562,0.876057982,130.5326385,425.7641907,78,222.7640228,100,1485.093506,6.371477604,74.27107239,0.858536839,0.24529624,88.16816378,0.009970864,130.9997215,11.79860759,2188,1093,0.005986754,91.94609022,183893,82.7514801,0.000315859,353.2966614,648.5281982,0.119426019,0.32323575,1.577405453,4.269369602,108,070801030407,F070801030407_244,24
972,505.5261098,3546.573794,616_11_1,1.819862604,0.876003742,130.5245514,425.7378235,5,14.27885437,100,95.19235992,6.151135445,71.70258331,0.858483672,0.245281041,34.84354504,0.003940427,141.1989059,6.88000387,863,431,0.002360742,63.78265572,127566,57.40438986,0.00021911,144.8034058,440.0166626,0.302841187,0.335970789,2.273772955,2.522514582,108,070801010604,F070801010604_73,32
973,505.7523247,3546.463242,389_17_2,1.84292233,0.875976443,130.5204926,425.7245483,86,245.588562,100,1637.25708,6.229077339,72.61113739,0.85845691,0.245273411,177.554307,0.020079469,139.4995749,12.45646463,4628,2315,0.012680087,222.5424495,445085,200.2882067,0.000764492,376.1090698,671.3131104,0.056380343,0.162466124,0.651663423,1.877839327,108,070802060601,F070802060601_59,16
974,507.0642287,3546.421318,425_38_2,1.7989043,0.875966072,130.5189514,425.7195129,70,199.8952179,100,1332.634766,6.080296516,70.87683105,0.858446777,0.245270506,88.8628044,0.01004942,133.8329315,12.01943525,2205,1102,0.00603605,96.76858271,193538,87.09172368,0.000332425,330.4141846,625.6147461,0.118438251,0.29983139,1.498637795,3.79386425,108,070801030302,F070801030302_53,24
975,505.9208493,3546.062686,194_6_2,1.847661257,0.8758775,130.5057526,425.6764526,68,194.1645203,100,1294.430176,6.245095253,72.79785156,0.858359933,0.245245695,50.43291855,0.005703417,141.1999741,12.61007214,1328,664,0.003636967,62.17141056,124343,55.95426846,0.000213575,324.6702881,619.8409424,0.196544811,0.488961279,2.332364559,5.802422047,108,070801030408,F070801030408_126,8
976,504.1182344,3545.669681,111_2_2,1.754527569,0.875780404,130.4912872,425.6292725,78,222.6934357,100,1484.622925,5.930303097,69.12838745,0.858264804,0.245218515,,,,,,,,21.48042965,42961,19.33238649,7.37909E-05,353.1847229,648.3226929,,,6.749879837,18.26906967,108,070802060301,F070802060301_94,32
977,505.5071801,3545.075649,499_4_1,1.82226789,0.875633657,130.4694214,425.5579529,78,222.6561279,100,1484.374146,6.159265518,71.79735565,0.858120978,0.245177418,34.85274673,0.003941468,131.000941,11.79869397,864,433,0.002371697,29.72938111,59458,26.75644299,0.000102128,353.1255493,648.2141113,0.301315069,0.815532446,4.876186848,13.19777584,108,070802060704,F070802060704_478,32
978,505.148721,3543.50057,473_5_1,1.728236556,0.875244617,130.4114532,425.3688965,86,245.3833618,100,1635.889038,5.841439724,68.09252167,0.857739747,0.245068491,69.67041731,0.007878969,131.0004654,8.249107162,1560,781,0.004277818,42.23619652,84472,38.0125761,0.000145092,375.7947998,670.7522583,0.166980088,0.48117131,3.430744886,9.886065483,108,070801030301,F070801030301_166,16
979,505.9537594,3543.166047,474_18_2,1.833781838,0.875162005,130.3991394,425.3287354,78,222.5359497,100,1483.572998,6.198182583,72.25100708,0.857658744,0.245045364,200.0000021,0.022617833,134.1872063,12.06014323,5038,2519,0.013797469,89.48751771,178975,80.53876868,0.000307413,352.9350891,647.8646851,0.051766232,0.140109211,1.619085312,4.382176399,108,070801030301,F070801030301_19,16
980,504.8521635,3542.860267,396_7_2,1.772216678,0.875086486,130.3878937,425.2920227,70,199.6947327,100,1331.298218,5.990092278,69.82534027,0.857584774,0.245024219,80.09584215,0.009057972,138.2851541,12.35713496,2025,1011,0.005537611,143.6551952,287310,129.2896732,0.000493493,330.0826416,624.9867554,0.128969237,0.326491237,1.008494258,2.55304718,108,070801030603,F070801030603_42,24
981,504.7876952,3542.791656,93_2_2,1.838017464,0.875069559,130.3853607,425.2838135,78,222.5126801,100,1483.417847,6.212499142,72.41788483,0.857568145,0.245019481,21.67017414,0.002450662,140.0673269,12.55033843,538,268,0.001467932,11.48012306,22961,10.33211069,3.94372E-05,352.8980408,647.7965088,0.486512542,1.316783786,12.6194315,34.15546417,108,070801030406,F070801030406_423,24
982,503.7550428,3542.373115,526_8_2,1.771188974,0.874966145,130.3699493,425.233551,68,193.9624939,100,1293.083252,5.986618519,69.78484344,0.857466817,0.244990528,43.38726425,0.00490663,130.9991455,11.79856714,1077,539,0.002952297,95.74929047,191498,86.17436218,0.000328924,324.3324585,619.1960449,0.241873741,0.601729989,1.512862325,3.763676882,108,070801010301,F070801010301_265,24
983,504.2093298,3541.644724,489_25_1,1.719926119,0.874786258,130.3431549,425.1461182,78,222.440567,100,1482.937134,5.813350201,67.76509094,0.857290506,0.244940147,35.72931834,0.004040599,136.6665009,12.27159443,886,442,0.002420993,24.46162235,48924,22.01545942,8.40321E-05,352.7837219,647.5866699,0.29489401,0.798153222,5.920528412,16.02436256,108,070802060502,F070802060502_485,16
984,505.9460796,3541.16223,459_5_1,1.791752219,0.874667048,130.3253937,425.0881958,78,222.4102631,100,1482.735107,6.056122303,70.59503937,0.857173681,0.244906768,131.0953575,0.014825465,143.6276202,12.81622342,3649,1824,0.009990704,68.12716589,136254,61.3144495,0.000234035,352.7356567,647.4984741,0.071450323,0.19338578,2.125524998,5.752896309,108,070801030303,F070801030303_57,8
985,503.4277938,3539.744316,194_2_1,1.849221826,0.874316871,130.2732086,424.9179993,70,199.5213013,100,1330.141968,6.250369549,72.85933685,0.856830537,0.244808719,82.49133533,0.009328876,148.425848,13.24943662,2051,1025,0.005614294,97.353211,194707,87.61788933,0.000334434,329.7944946,624.4393311,0.127095819,0.32175073,1.486833453,3.76400876,108,070801030408,F070801030408_37,8
986,501.968228,3539.020233,836_42_1,1.775046349,0.874137998,130.2465668,424.8310547,76,216.5764465,100,1443.843018,5.999656677,69.93682861,0.85665524,0.244758636,27.53401124,0.003113798,139.4992523,12.46111012,758,378,0.002070442,128.0012963,256003,115.2011642,0.000439718,346.822998,641.4074707,0.344567627,0.917521179,1.130601168,3.010585785,108,070802060302,F070802060302_9,32
987,504.9173467,3538.921634,387_10_1,1.830070615,0.874113619,130.2429352,424.8192139,86,245.0664978,100,1633.776611,6.185638905,72.1047821,0.856631339,0.244751811,41.90799713,0.00473934,131.0007629,11.79868126,1040,520,0.002848227,56.96162796,113923,51.26546478,0.000195678,375.3094482,669.8857422,0.250467181,0.721748948,2.540559053,7.320901871,108,070802060601,F070802060601_108,16
988,504.3677742,3537.677316,442_15_2,1.820393085,0.873806298,130.1971436,424.6698608,70,199.4024506,100,1329.349609,6.152928829,71.72348785,0.856330156,0.244665757,200.0000015,0.022617833,137.1286278,12.28088874,5084,2538,0.013901539,85.3692294,170738,76.83230593,0.000293266,329.5996094,624.0723267,0.05129911,0.129865885,1.694562435,4.289856911,108,070801030301,F070801030301_47,16
989,504.6744402,3537.288903,23_27_1,1.819622517,0.873710334,130.1828461,424.62323,73,207.9255981,100,1386.170654,6.150323868,71.69313049,0.8562361,0.24463889,20.39071095,0.002305969,139.4980927,12.42837556,533,267,0.001462455,50.58635531,101172,45.52771944,0.000173777,338.1084595,632.5488281,0.487576216,1.266323805,2.859419346,7.426430702,105,070600060901,F070600060901_38,32
990,512.4973629,3536.900404,50_9_2,1.878477335,0.873614371,130.1685486,424.5765991,78,222.1421356,100,1480.94751,6.349253178,74.01200867,0.856142104,0.244612023,59.28017151,0.006703945,135.2481155,12.12975764,1500,750,0.00410802,81.96949089,163939,73.77254146,0.000281587,352.3106689,646.71875,0.173558071,0.469747573,1.764457941,4.775634289,104,070801030601,F070801030601_117,32
991,505.6144689,3536.669453,448_5_2,1.742934227,0.873557329,130.1600494,424.5488586,78,222.1281586,100,1480.85437,5.891117573,68.67160797,0.856086195,0.244596049,21.93884302,0.002481045,144.5989227,12.92603397,544,272,0.001489842,10.62090621,21242,9.558815977,3.64856E-05,352.288208,646.677002,0.478529602,1.295177221,13.61675453,36.85479736,108,070801030303,F070801030303_120,8
992,504.5740851,3536.397698,389_14_2,1.792106628,0.873490214,130.1500397,424.5162354,86,244.8917542,100,1632.611694,6.057320595,70.60900116,0.856020391,0.244577259,26.4108448,0.00298678,130.9999084,11.79862118,656,328,0.001796574,38.01470566,76029,34.2132349,0.00013059,375.0418091,669.407959,0.396798909,1.1434201,3.804084539,10.96189308,108,070802060601,F070802060601_24,24
993,502.249787,3536.234083,387_1_2,1.786635756,0.873449802,130.1440277,424.4966125,86,244.8803864,100,1632.535889,6.03882885,70.39344788,0.855980814,0.244565949,32.434187,0.003667955,131.0000687,11.79863238,804,401,0.002196421,31.04381138,62088,27.93943107,0.000106644,375.0244141,669.3770142,0.324548692,0.935222983,4.65807724,13.42276478,108,070802060601,F070802060601_108,16
994,505.9441394,3535.558952,54_26_1,1.793729544,0.873283088,130.1191864,424.4155884,54,153.7327423,100,1024.88501,6.062805653,70.67294312,0.855817437,0.244519264,80.52437258,0.009106434,135.2485275,12.12978673,1999,999,0.005471882,23.19226153,46384,20.87303543,7.96715E-05,283.8519287,578.1483154,0.130249441,0.284136057,6.233840942,13.59897709,104,070801030405,F070801030405_339,24
995,504.0271578,3535.229685,130_11_2,1.762928128,0.873201728,130.1070557,424.3760376,86,244.81073,100,1632.071533,5.958696842,69.45936584,0.855737686,0.24449648,110.4298492,0.01248842,136.0993456,12.21071012,2838,1419,0.007772373,76.15033263,152300,68.53530017,0.000261596,374.9177856,669.1867676,0.091689259,0.264212668,1.898394823,5.470433235,108,070801030407,F070801030407_486,24
996,505.9846824,3533.948189,101_1_1,1.793282032,0.872885227,130.059906,424.222229,78,221.9572754,100,1479.71521,6.061293125,70.65531158,0.855427504,0.244407862,26.00631142,0.002941032,130.9992828,11.79857731,645,322,0.00176371,7.578196049,15156,6.820376396,2.60331E-05,352.0171814,646.1795044,0.403912753,1.093221068,19.06931496,51.61257553,104,070801030406,F070801030406_23,24
997,503.5320801,3533.133667,389_5_1,1.794027328,0.872684002,130.0299225,424.1244202,90,256.0454712,100,1706.969849,6.063812256,70.68467712,0.855230331,0.244351521,24.1287818,0.002728704,131.0003815,11.79865456,598,298,0.001632253,38.94767658,77895,35.05290741,0.000133795,386.0753784,680.1699219,0.436342031,1.295554996,3.709533215,11.01407623,108,070802060601,F070802060601_77,16
998,507.0393088,3532.791337,533_2_2,1.828454971,0.872599483,130.0173187,424.0833435,78,221.8845978,100,1479.230713,6.180177689,72.04112244,0.855147481,0.244327858,56.49881077,0.006389403,131.0002085,11.79864216,1401,700,0.003834152,22.63280559,45266,20.3695246,7.77496E-05,351.9019165,645.9679565,0.185739025,0.502717018,6.382933617,17.27590179,108,070802060501,F070802060501_378,16
999,514.9217,3532.595027,104_3_2,1.913037777,0.872550964,130.0101013,424.0597534,86,244.6283875,100,1630.855957,6.466067791,75.37368774,0.855099916,0.244314268,37.8783145,0.004283627,140.0687408,12.55044524,974,486,0.002661997,72.39297915,144785,65.15368176,0.000248689,374.6384888,668.6881104,0.267510504,0.770861089,1.995437503,5.75007391,108,070802060602,F070802060602_175,32
1000,504.6192831,3532.538974,92_4_1,1.776201248,0.872537136,130.0080261,424.0530396,78,221.8686066,100,1479.124023,6.003560066,69.98233032,0.855086386,0.244310394,54.28120365,0.006138616,143.2780101,12.7970438,1419,709,0.003883448,76.61455887,153229,68.9531068,0.000263191,351.8766479,645.9216309,0.183368161,0.496299922,1.885455728,5.103129864,108,070801030406,F070801030406_400,24
1001,501.4897034,3531.848962,556_18_2,1.784737229,0.872366667,129.9826355,423.9702148,84,238.8888245,100,1592.592163,6.032412052,70.31864929,0.854919314,0.244262666,200.0000007,0.022617833,132.7808518,11.44858912,4957,2482,0.013594806,91.26003258,182520,82.1340289,0.000313502,368.87146,662.8590088,0.05237012,0.148618639,1.582567334,4.491091728,108,070802060501,F070802060501_80,16
1002,503.9073875,3531.382793,533_14_1,1.748456359,0.87225157,129.9654846,423.9142761,84,238.8573761,100,1592.382568,5.90978241,68.88918304,0.854806542,0.244230434,58.87575188,0.00665821,131.0033061,11.79886055,1461,731,0.00400395,22.15791051,44316,19.94211892,7.61182E-05,368.822876,662.7716675,0.177791357,0.504545629,6.517135143,18.49466896,108,070802060501,F070802060501_219,16
1003,504.7121711,3531.343409,425_23_1,1.841726184,0.872241795,129.964035,423.9095154,78,221.7935181,100,1478.623413,6.225034714,72.56401062,0.854796946,0.244227707,,,,,,,,9.71314121,19427,8.741827376,3.33672E-05,351.7575684,645.7030029,,,14.86691856,40.2384491,108,070801030302,F070801030302_90,16
1004,503.3580063,3530.504551,146_5_1,1.800375104,0.872034609,129.9331512,423.8088074,5,14.21416378,100,94.76109314,6.085268021,70.93477631,0.854593933,0.244169697,,,,,,,,5.700005651,11400,5.13000524,1.9581E-05,144.1473083,438.0229797,,,25.3280735,28.09886169,108,070801030409,F070801030409_425,16
1005,509.9892651,3530.31078,481_40_1,1.887202859,0.871986747,129.9260254,423.785553,92,261.6992493,100,1744.661621,6.378745556,74.35578918,0.854547024,0.244156286,199.9999972,0.022617833,142.8191172,12.21536317,5243,2621,0.014356159,221.3980857,442798,199.2582775,0.00076056,391.6252747,685.4848022,0.049571164,0.149418265,0.652048349,1.965415359,108,070802060603,F070802060603_311,16
1006,505.5387423,3530.232109,128_48_1,1.719131112,0.871967316,129.9231262,423.776123,70,198.9828949,100,1326.552612,5.810663223,67.73376465,0.85452795,0.244150847,200.0000003,0.022617833,144.6482773,9.946603149,3910,1954,0.010702761,348.7961819,697591,313.9165599,0.001198206,328.9060059,622.7590332,0.066490851,0.168324471,0.413877904,1.047749758,108,070801030406,F070801030406_356,24
1007,505.2807677,3529.73511,396_1_1,1.805040359,0.87184459,129.9048462,423.7164612,67,190.4282532,100,1269.521729,6.101036549,71.11859131,0.854407668,0.244116485,200.0000024,0.022617834,146.7964268,13.07732022,5790,2895,0.015856956,78.29511086,156591,70.46560047,0.000268964,320.3330994,614.1447144,0.044872139,0.110650465,1.843521476,4.545949936,108,070801030603,F070801030603_3,24
1008,504.9153939,3529.304246,105_1_1,1.809719682,0.871738136,129.8889771,423.6647339,86,244.4004974,100,1629.33667,6.11685276,71.30295563,0.85430336,0.244086683,22.4463501,0.002538439,131.0000305,11.79862976,557,278,0.001522706,36.34954548,72699,32.71459103,0.00012487,374.2894897,668.0652466,0.467226535,1.346365094,3.970368385,11.44105625,108,070802060602,F070802060602_531,24
1009,504.1676421,3529.244158,93_19_1,1.805430293,0.871723294,129.8867645,423.6575317,78,221.6618042,100,1477.745361,6.102354527,71.13395691,0.854288816,0.244082525,43.04666523,0.004868111,146.2989299,13.03693708,1237,619,0.003390486,41.50753738,83015,37.35678441,0.000142589,351.548584,645.3193359,0.20983322,0.567929864,3.476925611,9.410568237,104,070801030406,F070801030406_463,24
1010,502.8603958,3529.18987,545_12_1,1.825994492,0.871709883,129.8847656,423.651001,70,198.9241943,100,1326.161255,6.171861172,71.94418335,0.854275703,0.24407877,32.45777559,0.003670623,131.0044403,11.79894066,805,402,0.002201899,48.7516489,97503,43.87648392,0.000167475,328.80896,622.5751953,0.323096424,0.817932725,2.960236311,7.49396801,108,070801010301,F070801010301_106,24
1011,501.6379586,3528.316308,458_20_2,1.815039277,0.871494114,129.8526306,423.5461426,78,221.6035309,100,1477.356934,6.134832859,71.51255035,0.854064226,0.244018346,199.9999969,0.022617833,135.2495918,6.639933527,3874,1937,0.010609645,220.253849,440507,198.2284641,0.00075663,351.4561768,645.1496582,0.067038015,0.181443557,0.655065536,1.772985458,108,070802060801,F070802060801_272,24
1012,504.0394881,3528.105364,398_2_2,1.782629013,0.87144202,129.8448639,423.520813,79,224.4311829,100,1496.207886,6.025286198,70.23558044,0.854013205,0.244003773,43.26696827,0.004893025,155.0834618,13.76516175,1276,638,0.003494555,69.94086711,139881,62.94677902,0.000240265,354.276062,647.9520264,0.203518599,0.555291653,2.062772274,5.628184319,108,070802060602,F070802060602_549,24
1013,504.5790774,3527.657831,102_6_2,1.808843374,0.871331513,129.8283997,423.4671021,78,221.5621796,100,1477.081177,6.113890648,71.26843262,0.853904903,0.243972823,20.39512839,0.002306468,142.3327759,12.74469986,533,267,0.001462455,41.67297519,83345,37.50567794,0.000143158,351.390564,645.0292969,0.486248702,1.316069484,3.461566448,9.36899662,104,070801030406,F070801030406_537,24
1014,503.3396043,3526.778738,578_9_2,1.894122839,0.871114373,129.7960358,423.3615723,75,212.9874573,100,1419.916382,6.402135372,74.62844086,0.853692114,0.243912026,98.44987517,0.011133614,132.2006363,11.94554415,2546,1271,0.006961724,69.22616966,138454,62.30355315,0.00023781,342.7835083,636.348999,0.102121189,0.269695908,2.083284616,5.501829147,108,070802060501,F070802060501_114,24
1015,504.9700328,3526.296575,496_43_1,1.749747396,0.870995283,129.7782898,423.3037109,78,221.4766693,100,1476.511108,5.914146423,68.94004822,0.853575349,0.243878677,42.24253511,0.004777173,144.5997238,12.92610312,1079,539,0.002952297,44.33689356,88673,39.90320349,0.000152309,351.2549438,644.7803955,0.240776047,0.65167892,3.252327681,8.802675247,108,070802060502,F070802060502_534,16
1016,502.6275931,3526.076091,92_8_1,1.774937749,0.870940804,129.7701874,423.2772217,78,221.4628296,100,1476.418823,5.999289513,69.93254852,0.853522003,0.243863419,31.96161079,0.003614512,131.0010223,11.79869938,793,396,0.002169034,18.26461792,36529,16.43815613,6.27437E-05,351.2330322,644.7400513,0.327702492,0.886952102,7.894449234,21.36693573,108,070801030406,F070801030406_675,32
1017,504.899254,3526.048277,70_12_2,1.854059815,0.87093395,129.769165,423.2738953,78,221.4610901,100,1476.407227,6.266722202,73.04995728,0.853515267,0.243861511,139.7428927,0.015803407,143.0895844,12.77869272,3710,1855,0.010160502,83.89853191,167797,75.50867903,0.000288213,351.2302551,644.7349854,0.069956422,0.189342454,1.718599319,4.651521683,104,070801030601,F070801030601_307,32
1018,503.0047349,3524.44924,545_13_2,1.783437967,0.87053895,129.7102966,423.0819397,70,198.6569824,100,1324.379883,6.028020382,70.26745605,0.853128195,0.2437509,170.978372,0.019335802,137.729269,11.09548668,4114,2057,0.011266929,242.1379899,484275,217.9241944,0.000831807,328.3672791,621.7388916,0.063057996,0.159634069,0.595208347,1.506795883,108,070801010301,F070801010301_101,24
1019,504.7544298,3524.154118,548_2_1,1.793160796,0.870466053,129.6994476,423.0465088,70,198.6403503,100,1324.269043,6.060883522,70.65053558,0.853056729,0.2437305,100.9920017,0.011421101,130.9998283,11.79861546,2505,1252,0.006857654,69.45767145,138915,62.51190469,0.000238605,328.3397827,621.6868896,0.103593811,0.262252212,2.074795961,5.252436161,108,070801010301,F070801010301_485,24
1020,504.6562212,3523.80827,424_7_1,1.761613607,0.87038064,129.6867218,423.0050049,86,244.0198212,100,1626.798828,5.95425415,69.40757751,0.852973044,0.243706584,42.4308939,0.004798474,131.0001602,11.79863882,1053,526,0.002881091,49.11746979,98235,44.20572281,0.000168731,373.706543,667.0248413,0.246552706,0.710468709,2.933708906,8.45380497,108,070801030303,F070801030303_770,8
1021,504.6899613,3523.2896,533_1_2,1.843374491,0.87025255,129.6676331,422.942749,78,221.2878113,100,1475.252075,6.230605602,72.62895203,0.852847517,0.243670717,23.34026457,0.002639531,131.0001755,11.79863977,579,289,0.001582957,8.744926192,17490,7.870433569,3.00411E-05,350.9554443,644.2305908,0.448676944,1.214378715,16.47528458,44.59162903,108,070802060501,F070802060501_378,16
1022,502.8471682,3523.096718,54_12_1,1.766945601,0.870204866,129.6605225,422.9195557,78,221.2756805,100,1475.171143,5.972276211,69.61765289,0.852800786,0.243657365,189.7813313,0.021462213,130.9987305,11.79853821,4708,2354,0.012893704,123.4427912,246885,111.0985124,0.000424058,350.9362183,644.1952515,0.055080935,0.149080813,1.167077065,3.158784151,104,070801030405,F070801030405_113,32
1023,501.6011481,3522.697928,416_5_1,1.802705288,0.870106399,129.6458588,422.8717041,86,243.9424896,100,1626.283203,6.09314394,71.02658844,0.852704287,0.243629798,199.999998,0.022617833,132.8896467,11.94591215,5119,2560,0.01402204,153.4051704,306811,138.0646538,0.000526987,373.5883484,666.814209,0.050642915,0.145932943,0.939022779,2.705894232,108,070802060601,F070802060601_88,16
1024,502.1724721,3522.662251,425_21_2,1.828145623,0.870097578,129.6445465,422.8674316,85,241.1040344,100,1607.360229,6.179131985,72.02893829,0.852695644,0.243627325,89.81468386,0.010157068,139.0949642,12.43848351,2269,1134,0.006211326,83.66792274,167336,75.30112951,0.000287421,370.7485962,663.9714355,0.114324994,0.326938808,1.721681356,4.923546314,108,070801030302,F070801030302_81,24
1025,502.3452223,3522.217951,161_17_1,1.743388057,0.869987845,129.6281891,422.8140869,86,243.9093933,100,1626.062622,5.892651558,68.68949127,0.852588117,0.243596599,62.15944016,0.007029559,130.9994164,11.79858637,1541,770,0.004217567,65.54448145,131089,58.99003445,0.000225162,373.5375977,666.7235107,0.168348297,0.48511377,2.197459221,6.332215309,108,070802060602,F070802060602_194,24
1026,503.1474906,3522.07507,474_2_1,1.833418727,0.869952559,129.6229248,422.796936,86,243.8999023,100,1625.99939,6.196955204,72.23669434,0.852553487,0.243586719,65.34148669,0.007389414,139.4988594,12.46907783,1693,848,0.004644801,20.44706787,40895,18.4023609,7.0241E-05,373.5228271,666.6968384,0.152857229,0.440475047,7.043820381,20.2975502,108,070801030301,F070801030301_299,24
1027,502.9828831,3521.045345,425_26_1,1.796748161,0.869698226,129.5850372,422.6733398,78,221.1468658,100,1474.3125,6.073009014,70.79187775,0.85230428,0.243515506,199.9999984,0.022617833,138.9332797,12.41734958,5274,2638,0.014449275,259.4042581,518809,233.4638322,0.000891121,350.7319031,643.8201904,0.049122456,0.132953718,0.555054009,1.502296567,108,070801030302,F070801030302_269,24
1028,501.4111705,3520.73096,137_17_2,1.757173657,0.869620562,129.5734711,422.6355896,79,223.9621582,100,1493.081055,5.939247131,69.23264313,0.852228165,0.243493751,200.0000004,0.022617833,132.7006653,11.92465382,5043,2522,0.013813901,410.2939544,820587,369.2645643,0.001409467,353.5356445,646.5977783,0.051377267,0.140180662,0.350896031,0.957404733,108,070802060602,F070802060602_97,32
1029,502.4658579,3520.720664,104_7_1,1.783359051,0.869617999,129.5730743,422.6343384,82,232.4662933,100,1549.775269,6.02775383,70.26434326,0.852225661,0.243493035,82.3486861,0.009312744,132.700351,11.92463226,2043,1023,0.005603339,29.04363978,58087,26.13927603,9.97725E-05,362.0393677,655.100647,0.1266599,0.353899688,4.957026005,13.85039806,108,070802060602,F070802060602_278,24
1030,501.3479511,3520.403045,102_9_2,1.798652053,0.869539559,129.5614014,422.5962219,78,221.1065216,100,1474.043457,6.079443932,70.86688995,0.852148771,0.243471071,118.896513,0.013445908,144.7023093,12.92073631,3257,1627,0.008911664,159.4169953,318833,143.4752969,0.000547639,350.6679077,643.7027588,0.079632081,0.215530366,0.903022349,2.444099426,104,070801030406,F070801030406_492,24
1031,501.353528,3519.665657,88_1_2,1.80087769,0.869357407,129.534256,422.5076904,5,14.17052555,100,94.47016907,6.086966515,70.95458221,0.851970255,0.243420079,62.62020826,0.007081667,135.2514763,12.11368752,1598,799,0.00437641,29.32524806,58650,26.39272279,0.00010074,143.7047882,436.6782227,0.162120476,0.179855809,4.907953262,5.444864273,104,070801030405,F070801030405_176,24
1032,498.3247881,3519.369957,549_17_2,1.938031912,0.869284391,129.5233765,422.472229,68,192.7029572,100,1284.686401,6.550548077,76.35845947,0.85189873,0.243399635,33.03068161,0.003735412,144.597374,12.92593193,907,453,0.002481244,70.45563698,140911,63.41007233,0.000242034,322.2263184,615.1751709,0.28592357,0.711316347,2.042630911,5.081626892,108,070801010301,F070801010301_372,24
1033,500.1114062,3519.004525,550_20_2,1.731796741,0.86919409,129.5099182,422.4283142,70,198.349762,100,1322.331787,5.853473186,68.23278809,0.851810217,0.243374348,40.60249829,0.004591703,142.1070557,12.7227108,1040,521,0.002853704,39.3053197,78610,35.37478716,0.000135024,327.8596802,620.7780762,0.248579502,0.62928921,3.661079884,9.268174171,108,070801010301,F070801010301_252,24
1034,501.4159167,3518.878417,119_3_2,1.79377234,0.869162977,129.5052795,422.413208,54,153.1784668,100,1021.189758,6.062950611,70.67462921,0.851779699,0.243365631,161.0609938,0.018214254,139.2894526,12.49211705,3918,1958,0.01072467,111.6114675,223224,100.4503235,0.000383415,282.6837463,575.5916748,0.066141613,0.144373715,1.289247036,2.814164639,104,070801030406,F070801030406_83,24
1035,502.165757,3518.745561,441_10_2,1.876351833,0.869130135,129.5003967,422.3972473,78,221.0024109,100,1473.349365,6.342069149,73.9282608,0.851747513,0.243356436,32.62264908,0.003689268,130.9969406,11.79841185,809,405,0.002218331,17.12670901,34253,15.41403806,5.88347E-05,350.5028076,643.3996582,0.319754064,0.865439057,8.401457787,22.73919487,108,070801030303,F070801030303_642,8
1036,502.80857,3518.688972,391_7_1,1.772098422,0.869116187,129.4983063,422.3904724,70,198.3321381,100,1322.214233,5.989692688,69.82067871,0.851733863,0.243352532,200.0000034,0.022617834,142.7785655,12.74566821,5684,2841,0.015561178,84.49271556,168985,76.04344442,0.000290255,327.8304443,620.7225952,0.045581944,0.115392625,1.70295167,4.311094284,108,070801030607,F070801030607_27,32
1037,501.2719886,3518.635492,389_22_2,1.799210787,0.869102955,129.4963379,422.3840332,92,260.6613464,100,1737.74231,6.081332684,70.88890839,0.85172087,0.243348822,29.76646423,0.003366265,131.0009766,11.79869652,738,369,0.002021146,38.56389236,77128,34.70750427,0.000132477,390.1576843,683.0454102,0.350938588,1.05733788,3.731076002,11.2413063,108,070802060601,F070802060601_311,16
1038,501.8215113,3518.101004,396_16_1,1.822545886,0.868970931,129.4766693,422.3198853,70,198.2990875,100,1321.993896,6.160204887,71.80831146,0.851591527,0.243311867,27.49577209,0.003109474,143.7512436,12.79252505,758,379,0.002075919,22.67621701,45352,20.408595,7.78987E-05,327.7757568,620.6189575,0.341627091,0.864843667,6.344222546,16.06067276,108,070801030603,F070801030603_317,24
1039,502.058182,3517.737789,430_14_2,1.768786073,0.868881226,129.4633026,422.2762756,70,198.2785645,100,1321.857056,5.978497028,69.69017029,0.851503611,0.243286744,21.85442298,0.002471498,136.6666616,12.24031798,559,279,0.001528183,18.6276925,37255,16.76492272,6.3991E-05,327.7418823,620.5548096,0.464026183,1.174702048,7.722272396,19.549263,108,070801030302,F070801030302_33,16
1040,501.8380739,3516.195248,129_12_1,1.775116324,0.868500233,129.4065399,422.0911255,86,243.4925537,100,1623.283691,5.999893188,69.93958282,0.851130247,0.243180066,59.31792927,0.006708215,135.2498474,12.12988138,1476,738,0.004042291,34.99812102,69995,31.49830878,0.000120228,372.8991089,665.5836792,0.175347611,0.505283356,4.108364582,11.8387022,108,070801030407,F070801030407_191,24
1041,502.7294208,3516.180953,140_8_1,1.855985165,0.868496716,129.4060059,422.0894165,78,220.8413391,100,1472.275635,6.273230076,73.12581635,0.85112679,0.243179083,21.32801867,0.002411968,131.0051422,11.79899025,529,264,0.001446023,9.716982245,19434,8.745284081,3.33804E-05,350.247345,642.9307861,0.490174264,1.326694489,14.79723263,40.04985428,108,070801030407,F070801030407_508,16
1042,502.1502043,3515.599568,186_15_2,1.785182118,0.868353069,129.384613,422.0195923,78,220.8047028,100,1472.031372,6.03391552,70.33617401,0.850986004,0.243138865,30.68094972,0.003469683,134.7773641,12.08328501,767,382,0.002092351,68.34426,136688,61.50983325,0.00023478,350.1893311,642.8242798,0.338703185,0.916725993,2.103478432,5.693225384,108,070801030407,F070801030407_161,16
1043,501.7815992,3515.288147,483_23_2,1.726683974,0.868276179,129.3731537,421.9822083,70,198.140274,100,1320.935181,5.836191654,68.03134918,0.850910664,0.243117332,21.57202414,0.002439562,154.3741417,11.1874562,428,213,0.001166678,24.41064534,48822,21.96957999,8.38569E-05,327.5134277,620.1224976,0.607385695,1.537621737,5.88874054,14.90758705,108,070801010403,F070801010403_47,32
1044,503.5990559,3515.194469,194_11_1,1.817046523,0.868253052,129.3697052,421.9709778,70,198.1353455,100,1320.902344,6.141617298,71.59163666,0.850888014,0.24311085,34.84120138,0.003940162,148.0005493,13.12374067,962,480,0.002629133,78.84923698,157698,70.96431557,0.000270868,327.5050659,620.1063232,0.269520223,0.682302237,1.82302475,4.615067005,108,070801030408,F070801030408_134,8
1045,501.2480304,3515.099543,448_4_1,1.781251431,0.868229568,129.3662109,421.9595642,78,220.773407,100,1471.822754,6.020629883,70.18130493,0.850865006,0.243104279,48.41113126,0.005474774,140.065862,12.55022589,1201,600,0.003286416,10.70074337,21400,9.630669234,3.67599E-05,350.1396179,642.7329712,0.215610355,0.58356601,13.43273354,36.3567276,108,070801030303,F070801030303_120,8
1046,500.4285449,3514.947386,163_4_1,1.824187517,0.868192017,129.360611,421.9413147,82,232.0850372,100,1547.233643,6.165753841,71.87298584,0.850828171,0.243093759,30.40530586,0.003438511,131.0010274,11.79870033,754,376,0.002059487,23.41927814,46839,21.07735014,8.04513E-05,361.4456482,654.0263672,0.344044179,0.961291611,6.137423038,17.14853287,108,070801030407,F070801030407_503,16
1047,501.8329459,3514.476502,496_18_2,1.74297142,0.868075669,129.343277,421.8847656,78,220.7342987,100,1471.562012,5.891243458,68.67307281,0.850714147,0.243061185,199.9999978,0.022617833,144.0770416,12.84908904,5289,2641,0.014465707,141.6051785,283210,127.4446611,0.000486451,350.0775757,642.6190796,0.048975114,0.132554933,1.014897585,2.746898651,108,070802060502,F070802060502_423,16
1048,502.3544768,3514.159256,194_24_2,1.877725601,0.867997348,129.331604,421.8467102,70,198.0769043,100,1320.512695,6.346712589,73.98239136,0.850637376,0.24303925,25.50361407,0.002884182,133.8324788,12.00852839,634,317,0.001736323,88.26496172,176531,79.43846709,0.000303213,327.4085083,619.923584,0.407986134,1.032834411,1.628072739,4.121536255,108,070801030408,F070801030408_24,8
1049,500.9532581,3514.125067,550_6_2,1.717973232,0.867988884,129.3303375,421.8425903,70,198.075058,100,1320.500366,5.806749344,67.6881485,0.850629091,0.243036881,44.84557533,0.005071549,144.6000061,12.92612457,1227,613,0.003357621,53.66021347,107320,48.29419327,0.000184337,327.4053955,619.9176636,0.210979342,0.534103394,2.67796874,6.779394627,108,070801010301,F070801010301_528,24
1050,501.7652128,3513.024415,387_6_1,1.767726183,0.867717028,129.2898407,421.7104797,86,243.2731476,100,1621.821045,5.974914551,69.64841461,0.850362659,0.242960766,43.27897136,0.004894383,130.999794,11.79861307,1074,537,0.002941342,58.82382179,117648,52.94143923,0.000202075,372.5629883,664.9836426,0.240763202,0.693785846,2.442129374,7.037265778,108,070802060601,F070802060601_97,16
1051,499.3068949,3512.703767,496_39_2,1.779717207,0.867637813,129.2780304,421.6719666,78,220.6229401,100,1470.81958,6.015444279,70.12085724,0.850285053,0.242938593,57.06914544,0.006453902,139.5023285,12.44174175,1478,738,0.004042291,52.30699015,104613,47.07629049,0.000179688,349.9009705,642.2949219,0.175173476,0.474120557,2.746138811,7.432636738,108,070802060502,F070802060502_474,16
1052,498.7211973,3512.471809,723_41_1,1.760450602,0.867580533,129.2695007,421.6441345,78,220.6081238,100,1470.720825,5.950323105,69.36175537,0.850228906,0.242922544,33.39081955,0.00377614,130.9953308,11.79829788,828,414,0.002267627,12.99159813,25983,11.69243813,4.46295E-05,349.8776245,642.2522583,0.31224516,0.845115006,11.05582047,29.92341042,108,070801010405,F070801010405_62,32
1053,502.7767258,3512.216796,130_2_2,1.862187266,0.867517531,129.2601166,421.6135254,86,243.2172089,100,1621.447998,6.294192791,73.37017822,0.850167155,0.242904902,30.6696369,0.003468404,133.8333842,12.00859642,761,380,0.002081397,25.41538947,50831,22.87385129,8.73085E-05,372.4773254,664.8307495,0.340158194,0.980203509,5.650999069,16.28397942,108,070801030407,F070801030407_184,24
1054,501.0195078,3511.141818,122_4_1,1.74589169,0.867252052,129.2205505,421.4844971,78,220.5248566,100,1470.165771,5.901113987,68.78813171,0.849907041,0.242830575,81.8766711,0.009259364,135.2504883,9.933942103,2025,1013,0.005548565,22.4177296,44836,20.17595678,7.70108E-05,349.7454224,642.0093384,0.12756224,0.345257074,6.404680252,17.33476257,104,070801030409,F070801030409_281,16
1055,502.1144315,3511.045797,545_8_1,1.831431508,0.867228329,129.2170258,421.4729614,70,197.9013214,100,1319.342163,6.190238476,72.15840149,0.849883735,0.242823929,20.21889412,0.002286538,131.0044403,11.79894066,502,250,0.00136934,30.30517709,60611,27.27466011,0.000104106,327.1183472,619.3742676,0.516868114,1.308473349,4.737621784,11.99348927,108,070801010301,F070801010301_106,24
1056,500.5702715,3510.916321,842_6_1,1.75996232,0.867196321,129.2122498,421.4573975,78,220.5105591,100,1470.070435,5.948672771,69.34251404,0.849852383,0.242814973,21.51808929,0.002433463,151.4027863,13.42177868,607,304,0.001665117,5.742425442,11485,5.16818285,1.97267E-05,349.7228088,641.9679565,0.425040305,1.150403976,25.00148582,67.66842651,104,070801030602,F070801030602_95,32
1057,501.7061195,3508.113511,481_4_1,1.825402617,0.866504014,129.1091003,421.1209412,92,259.881897,100,1732.546021,6.16986084,71.92086029,0.849173903,0.242621124,157.8079465,0.017846369,144.6006439,12.89884224,4459,2229,0.012209034,105.3718116,210744,94.83462955,0.00036198,388.9909973,681.0028076,0.05792243,0.174513683,1.361413002,4.101782322,108,070802060603,F070802060603_311,16
1058,500.740088,3508.00842,188_1_2,1.721806049,0.866478086,129.1052399,421.1083374,43,121.4627838,100,809.7518921,5.819704533,67.8391571,0.849148512,0.242613867,159.4103127,0.018027579,134.3055216,12.04594453,4021,2011,0.01101497,70.20877321,140418,63.1878957,0.000241186,250.5680237,542.571106,0.064199522,0.124598719,2.043195724,3.965443373,108,070801030605,F070801030605_13,32
1059,498.8994177,3507.793397,563_1_2,1.825276732,0.866424978,129.0973206,421.08255,79,223.1390839,100,1487.593872,6.169435501,71.91590118,0.849096477,0.242598996,175.6197114,0.019860687,132.4159012,11.90532875,4449,2224,0.012181648,170.3881598,340776,153.3493441,0.000585328,352.2363892,644.2216187,0.058047358,0.158379674,0.841851115,2.296953917,108,070802060501,F070802060501_128,16
1060,501.2366071,3507.054657,129_4_2,1.787274003,0.866242528,129.0701294,420.993866,86,242.8597565,100,1619.065063,6.040986061,70.41859436,0.848917663,0.242547914,39.05633545,0.004416848,130.9988251,11.79854488,969,484,0.002651042,8.208235502,16416,7.387412071,2.81974E-05,371.9298706,663.8536377,0.266673833,0.768450141,17.4716301,50.34643555,108,070801030407,F070801030407_527,24
1061,502.1337629,3506.541995,477_8_1,1.798710704,0.866115868,129.0512695,420.932312,78,220.2359467,100,1468.239624,6.079642296,70.86920166,0.848793566,0.24251245,68.940085,0.007796377,133.4270564,11.98781449,1710,855,0.004683142,112.1329285,224267,100.9196332,0.000385206,349.2872314,641.1682739,0.150937155,0.408523083,1.278752804,3.461043358,108,070802060704,F070802060704_547,32
1062,508.531797,3506.3647,474_33_2,1.824113846,0.866072059,129.0447388,420.9110107,78,220.224823,100,1468.165527,6.165504932,71.87008667,0.848750591,0.242500171,152.4182717,0.017236855,135.6063519,12.14993072,3925,1963,0.010752057,106.43544,212871,95.79189635,0.000365634,349.2695618,641.1358643,0.065738529,0.177926421,1.347136259,3.646128416,108,070801030301,F070801030301_272,16
1063,500.8885841,3506.068247,136_2_1,1.788668871,0.865998864,129.0338287,420.8754578,54,152.4504395,100,1016.336243,6.04570055,70.47355652,0.848678887,0.242479682,199.9999987,0.022617833,135.7592702,12.16742617,5011,2508,0.013737218,61.27703834,122553,55.14933468,0.000210503,281.4842529,573.3259277,0.051448897,0.112234548,2.339716911,5.104037285,104,070801030603,F070801030603_786,24
1064,501.9637218,3505.677943,430_21_1,1.822172403,0.865902424,129.019455,420.8285828,70,197.598938,100,1317.326294,6.158942699,71.79359436,0.848584354,0.242452681,22.82514596,0.002581277,149.4167404,13.29623032,671,335,0.001834915,27.07138634,54143,24.36424685,9.29973E-05,326.6184082,618.4274902,0.3851327,0.974980295,5.295442104,13.40564346,108,070801030302,F070801030302_156,16
1065,498.4580491,3505.536894,45_11_2,1.782924652,0.865867615,129.0142822,420.8116455,73,206.059021,100,1373.726807,6.026285172,70.24723053,0.84855026,0.242442936,200.0000002,0.022617833,132.1335632,11.88404989,4962,2480,0.013583852,77.64389313,155286,69.87950338,0.000266727,335.0733032,626.8706665,0.052021887,0.135110199,1.846239209,4.795015335,104,070801030405,F070801030405_238,32
1066,502.1368307,3504.961901,559_7_1,1.78044188,0.865725577,128.9931183,420.7426453,79,222.9589233,100,1486.392822,6.017893791,70.14940643,0.848411083,0.242403165,26.59498405,0.003007605,142.3328705,12.65263653,708,354,0.001938985,45.87507629,91750,41.28756714,0.000157593,351.9520264,643.7015381,0.364387333,0.994214773,3.124260664,8.524407387,108,070802060501,F070802060501_233,16
1067,501.0216046,3504.854446,484_21_2,1.786768198,0.865699053,128.9891663,420.7297363,86,242.7073822,100,1618.049194,6.0392766,70.39866638,0.848385096,0.242395729,48.72833616,0.005510647,131.0019379,11.79876423,1209,605,0.003313803,17.79783444,35595,16.01805119,6.11402E-05,371.6965332,663.4371338,0.213205233,0.614374459,8.05273819,23.20485306,108,070801030301,F070801030301_430,24
1068,500.4381696,3504.147035,164_11_2,1.645317912,0.865524292,128.9631195,420.6448059,79,222.907135,100,1486.047607,5.561174393,64.82552338,0.848213792,0.242346808,34.92815232,0.003949996,143.8423258,12.80442418,920,461,0.002525063,57.53401989,115067,51.78061833,0.000197644,351.8702393,643.5519409,0.279746473,0.763275981,2.490567446,6.795404434,108,070801030407,F070801030407_119,16
1069,498.5738059,3504.108442,53_27_2,1.859153628,0.865514815,128.9617004,420.6401978,78,220.0831146,100,1467.220703,6.283939362,73.25065613,0.848204494,0.242344141,21.76216699,0.002461065,135.2507629,12.12996483,540,270,0.001478887,9.279768134,18560,8.351791369,3.18784E-05,349.0447998,640.7233276,0.47763592,1.292758465,15.44120216,41.79280472,104,070801030601,F070801030601_201,32
1070,502.8716487,3501.870145,46_1_1,1.819472671,0.864961922,128.8793335,420.3714905,70,197.3843079,100,1315.895386,6.149817467,71.68722534,0.847662687,0.242189333,104.0276605,0.011764401,138.3665497,12.39765377,2715,1358,0.007438254,45.77275482,91547,41.19547953,0.000157241,326.2636414,617.7557983,0.094903782,0.240253046,3.128482342,7.91988945,104,070801030405,F070801030405_138,32
1071,499.9875938,3501.808788,424_13_1,1.788836598,0.864946783,128.8770752,420.3641357,78,219.9386749,100,1466.257813,6.046267509,70.48016357,0.847647846,0.242185101,117.9509205,0.013338971,134.7777032,12.07857609,3028,1515,0.0082982,145.9728037,291946,131.3755257,0.000501455,348.8157349,640.3027954,0.085067376,0.230241403,0.980982363,2.655104399,108,070801030303,F070801030303_700,8
1072,498.0363294,3501.737416,496_41_1,1.833596826,0.86492914,128.8744354,420.3555603,78,219.9338531,100,1466.225708,6.197557449,72.24371338,0.84763056,0.242180154,85.08100259,0.00962174,141.8802185,12.62714233,2307,1153,0.006315396,83.98667383,167973,75.58800805,0.000288516,348.8082886,640.2894287,0.111773141,0.302522361,1.704958797,4.614598274,108,070802060502,F070802060502_479,16
1073,500.8613213,3501.120218,209_15_2,1.739553571,0.864776671,128.8517303,420.2814636,86,242.4487915,100,1616.325317,5.879691124,68.538414,0.847481132,0.242137462,134.0300564,0.015157347,137.8005341,12.34310875,3401,1700,0.009311511,193.043721,386087,173.7393457,0.000663156,371.3005371,662.7302246,0.075795136,0.218412086,0.741638184,2.137112617,108,070802060601,F070802060601_107,16
1074,499.3524037,3500.794895,496_29_1,1.704454541,0.864696324,128.8397522,420.2424011,78,219.8746033,100,1465.830688,5.761056423,67.15550995,0.847402394,0.242114976,73.16462696,0.008274127,143.4667918,12.75953611,1991,994,0.005444495,71.10011935,142200,63.99010491,0.000244248,348.7143555,640.1170044,0.129617453,0.35081926,2.013432503,5.449504375,108,070802060502,F070802060502_479,16
1075,499.0977532,3500.384801,723_71_2,1.791006923,0.864595056,128.8246613,420.1932068,83,233.9421234,100,1559.614136,6.053603172,70.56567383,0.847303152,0.242086619,66.63126659,0.007535274,143.2399536,12.7723732,1793,896,0.004907714,45.29717493,90594,40.76745796,0.000155608,362.7667847,654.1353149,0.143777519,0.404873639,3.159987688,8.898440361,108,070801010405,F070801010405_27,32
1076,499.3010613,3499.812502,434_14_2,1.79338181,0.864453673,128.8036041,420.1244812,85,239.5398102,100,1596.932129,6.061630726,70.65924072,0.847164571,0.242047027,50.30612564,0.005689078,128.3740005,11.61898708,1239,619,0.003390486,42.54489899,85090,38.29040909,0.000146153,368.3434143,659.6643066,0.208083361,0.595062077,3.363860846,9.619729996,108,070801030303,F070801030303_19,8
1077,500.5169756,3499.770518,389_6_2,1.764873266,0.864443302,128.8020477,420.1194458,92,259.2638245,100,1728.425537,5.965271473,69.53600311,0.847154438,0.242044121,66.79265502,0.007553526,133.8336945,12.00861931,1674,838,0.004590027,50.04012769,100080,45.03611473,0.000171901,388.0658569,679.3833008,0.153701723,0.463085741,2.859972477,8.616770744,108,070802060601,F070802060601_77,16
1078,498.4584099,3499.264189,96_12_2,1.747869134,0.864318252,128.7834167,420.0586853,78,219.7788391,100,1465.192261,5.907797813,68.86604309,0.847031891,0.242009103,50.7577384,0.00574015,141.2005157,12.61010933,1192,596,0.003264506,9.632404652,19264,8.669164187,3.30898E-05,348.5622559,639.8375244,0.216079563,0.584836006,14.85534382,40.20713425,104,070801030406,F070801030406_475,24
1079,497.2998838,3498.095853,578_12_1,1.864334822,0.864029646,128.7404175,419.918396,79,222.52211,100,1483.480713,6.301451683,73.45478821,0.846749067,0.241928294,54.96313871,0.006215736,134.9662262,12.09538345,1415,708,0.003877971,101.0671997,202135,90.96047872,0.000347192,351.2625122,642.4404907,0.181836754,0.496133506,1.415344596,3.861704826,108,070802060501,F070802060501_123,16
1080,500.2566105,3497.986263,462_7_2,1.800933719,0.864002585,128.7363892,419.9052429,78,219.698349,100,1464.65564,6.087155819,70.95678711,0.846722543,0.241920725,22.73803089,0.002571425,148.566806,13.21235485,628,314,0.001719891,8.346728131,16694,7.512055293,2.86732E-05,348.4347534,639.6035767,0.409988493,1.109664798,17.13730621,46.38341141,108,070801030301,F070801030301_179,24
1081,496.7715616,3497.368213,577_1_2,1.776548743,0.863849938,128.7136383,419.8310547,75,211.2113037,100,1408.075317,6.004734516,69.99601746,0.846572936,0.241877988,23.97826576,0.002711682,131.0023346,11.79879189,595,297,0.001626776,35.89869213,71798,32.30882215,0.000123321,339.9249268,631.0423584,0.433379263,1.144528389,3.983854294,10.52111816,108,070801010602,F070801010602_37,24
1082,501.0603019,3496.513732,537_10_1,1.789247036,0.863638878,128.6821899,419.7284851,86,242.1298065,100,1614.19873,6.047655106,70.49633026,0.846366107,0.24181889,24.02705574,0.0027172,158.2012634,14.05375099,710,355,0.001944463,19.68019676,39360,17.71217728,6.76066E-05,370.8120117,661.8582764,0.362485051,1.044540882,7.265182018,20.93542862,108,070801010302,F070801010302_10,24
1083,501.8555687,3493.788879,49_8_2,1.802978277,0.862965882,128.5819092,419.4014282,78,219.4349213,100,1462.899414,6.09406662,71.03734589,0.845706582,0.24163045,168.9572495,0.019107234,136.6646881,12.23649406,4214,2107,0.011540797,65.74184501,131482,59.16766119,0.00022584,348.0168457,638.8363647,0.061026059,0.165171742,2.173178911,5.881875992,104,070801030601,F070801030601_27,32
1084,496.372437,3493.528664,425_43_2,1.771268368,0.862901568,128.5723267,419.3701477,78,219.4186096,100,1462.790771,5.986886978,69.7879715,0.84564352,0.241612434,200.0000049,0.022617834,139.4988963,10.84618723,4879,2440,0.013364757,178.4208651,356842,160.5787783,0.000612922,347.9909363,638.7887573,0.052693576,0.142619237,0.800680697,2.167104244,108,070801030302,F070801030302_77,16
1085,499.1311236,3493.375297,459_7_1,1.798724294,0.862863719,128.5666962,419.3517761,78,219.4088287,100,1462.725586,6.079688072,70.86973572,0.845606446,0.24160184,32.65683854,0.003693135,140.5196014,12.57416801,914,457,0.002503153,13.87492377,27751,12.4874315,4.7664E-05,347.9755249,638.7606201,0.281327575,0.761434436,10.29568768,27.86606026,108,070801030303,F070801030303_55,8
1086,499.1064269,3492.834068,129_10_2,1.799425125,0.862730026,128.5467682,419.2868042,86,241.8747253,100,1612.498169,6.082056999,70.8973465,0.845475435,0.241564408,36.96290686,0.004180104,138.0820236,12.32698822,933,466,0.00255245,9.077737508,18155,8.169963529,3.11844E-05,370.4215088,661.161499,0.275851429,0.794895947,15.73406887,45.33943176,108,070801030407,F070801030407_153,24
1087,498.4710357,3488.872462,138_22_2,1.708060265,0.861751497,128.4009705,418.8112183,79,221.9354248,100,1479.569458,5.773243904,67.2975769,0.844516456,0.24129042,200.0000019,0.022617833,137.8005219,12.31563663,5235,2617,0.01433425,359.0521936,718104,323.1469784,0.001233438,350.3363953,640.7466431,0.049064185,0.133869469,0.397345424,1.084139466,108,070802060602,F070802060602_42,24
1088,496.8311797,3488.201546,483_19_1,1.733956218,0.861585796,128.3762817,418.7306824,86,241.5541992,100,1610.361328,5.860772133,68.31787872,0.844354093,0.241244018,53.00681782,0.005994497,144.4579239,12.87865138,1467,734,0.004020382,62.28244352,124565,56.05419922,0.000213956,369.930481,660.2849121,0.174899563,0.503992498,2.290216923,6.599514008,108,070801010403,F070801010403_26,32
1089,496.768585,3487.797687,489_5_1,1.727338195,0.861486018,128.3614197,418.6821899,78,219.0585022,100,1460.390015,5.838403225,68.05712128,0.844256282,0.241216078,26.37178905,0.002982364,145.4497299,12.94129729,731,367,0.002010191,22.13481669,44269,19.92133426,7.60389E-05,347.4199219,637.7407227,0.349758625,0.9466483,6.443414688,17.43959045,108,070802060502,F070802060502_260,16
1090,498.6765857,3487.210552,46_1_2,1.819472671,0.861341,128.3398132,418.6117249,68,190.9420776,100,1272.947144,6.149817467,71.68722534,0.844114184,0.241175473,121.4656461,0.013736449,135.7217026,12.19280291,3013,1506,0.008248903,20.79310098,41586,18.71379126,7.14297E-05,319.2818909,609.553833,0.085218996,0.212006569,6.858033657,17.06131554,104,070801030405,F070801030405_138,32
1091,497.5226846,3487.144042,406_1_1,1.796624064,0.861324549,128.3373566,418.6037292,78,219.0175476,100,1460.116943,6.072589397,70.7869873,0.844098032,0.241170868,44.22877693,0.005001796,136.6676992,12.24039809,1158,579,0.003171391,19.70086646,39401,17.73077965,6.76776E-05,347.3549194,637.6212769,0.221653461,0.599922121,7.238111496,19.59050369,108,070801030603,F070801030603_116,24
1092,499.0177267,3486.936207,545_13_1,1.783437967,0.861273229,128.3297119,418.5787964,70,196.5425568,100,1310.283691,6.028020382,70.26745605,0.844047785,0.241156504,189.8721446,0.021472483,131.0020311,11.7987708,4712,2355,0.012899182,262.1791779,524358,235.9612616,0.000900654,324.8722534,615.1213379,0.054492448,0.137950003,0.543859243,1.376803398,108,070801010301,F070801010301_101,24
1093,495.9671794,3486.605896,487_29_1,1.732350826,0.86119163,128.3175507,418.5391235,91,255.4809723,100,1703.206543,5.855345726,68.25462341,0.843967795,0.24113366,200.0000005,0.022617833,139.0594949,12.42848041,5291,2646,0.014493093,125.524285,251049,112.9718555,0.000431209,383.7985229,674.0200806,0.048494916,0.145048574,1.135836482,3.397293329,108,070802060502,F070802060502_339,16
1094,497.3445021,3485.903455,144_5_2,1.716720223,0.861018181,128.2917023,418.454834,86,241.3943939,100,1609.295898,5.802514553,67.63877869,0.843797803,0.241085097,26.00212771,0.002940559,133.1215363,11.95585489,647,324,0.001774664,31.21742594,62434,28.0956831,0.00010724,369.6860962,659.8492432,0.39596203,1.14100647,4.566242695,13.15811062,108,070801030407,F070801030407_481,16
1095,497.6729643,3485.163057,479_1_1,1.775856376,0.860835254,128.2644501,418.3659363,86,241.3435822,100,1608.957275,6.002394676,69.96874237,0.843618572,0.241033867,49.67249656,0.005617421,141.7672516,12.62549324,1334,666,0.003647921,22.14915371,44298,19.93423828,7.60881E-05,369.6080322,659.7095337,0.192589268,0.554966986,6.434379101,18.54136658,108,070801030301,F070801030301_585,16
1096,500.7617793,3484.953935,92_3_1,1.782501698,0.860783637,128.2567596,418.3408508,78,218.8798523,100,1459.198975,6.024855614,70.23056793,0.843567967,0.241019413,139.2641762,0.01574927,133.1259499,11.95616984,3468,1734,0.009497741,94.13917352,188277,84.72525503,0.000323393,347.1365967,637.2207031,0.073965833,0.20019412,1.513796091,4.097203255,108,070801030406,F070801030406_675,24
1097,495.3421397,3484.771881,125_3_1,1.776239753,0.860738635,128.250061,418.3189697,54,151.5236053,100,1010.157349,6.003690243,69.98384857,0.84352386,0.241006821,145.2624059,0.016427604,130.9983154,11.79850903,3604,1802,0.009870202,37.85389298,75708,34.06850329,0.000130038,279.7736816,569.8425903,0.071170956,0.155257314,3.764476061,8.2120924,104,070801030409,F070801030409_404,16
1098,497.1613167,3483.815594,106_14_2,1.751349568,0.860502422,128.214859,418.2041626,48,134.651413,100,897.6760864,5.919561386,69.00317383,0.843292356,0.240940675,42.29589975,0.004783208,136.6673584,12.27171841,1052,528,0.002892046,12.98316433,25966,11.684848,4.46006E-05,262.866272,552.8555908,0.242831171,0.497852802,10.97274494,22.49633598,104,070801030404,F070801030404_48,24
1099,495.0424821,3483.737698,125_3_2,1.776239753,0.860483229,128.2120056,418.1948547,54,151.4794617,100,1009.863098,6.003690243,69.98384857,0.84327358,0.240935311,38.20398521,0.004320457,130.9990234,11.79855887,948,474,0.002596268,10.07979822,20159,9.071818352,3.46267E-05,279.6914673,569.6743164,0.270489454,0.590066373,14.13299942,30.83080482,104,070801030409,F070801030409_405,16
1100,497.198866,3483.694304,140_10_1,1.766508222,0.8604725,128.2104034,418.1896362,78,218.8009491,100,1458.672974,5.970798016,69.60042572,0.84326303,0.240932301,200.0000038,0.022617834,132.6995682,11.92457619,4971,2486,0.013616716,160.7538646,321508,144.6784794,0.000552232,347.0113525,636.9906006,0.051572971,0.139586225,0.886174679,2.398500204,108,070801030407,F070801030407_197,24
1101,500.723761,3483.217606,50_4_1,1.908263326,0.860354722,128.1928558,418.1323853,78,218.7710114,100,1458.473389,6.449930191,75.18557739,0.843147635,0.240899324,22.172976,0.002507523,131.0016861,11.79874659,550,276,0.001511751,54.02508095,108050,48.62257252,0.00018559,346.9638672,636.9033813,0.46446687,1.257115483,2.636488438,7.135859966,104,070801030601,F070801030601_117,32
1102,497.2499701,3481.765993,583_12_1,1.727496862,0.8599962,128.1394348,417.9581604,68,190.6439514,100,1270.959717,5.83893919,68.06337738,0.842796266,0.240798935,82.66509062,0.009348526,146.0167503,13.00919485,2110,1054,0.005773137,158.7516532,317504,142.8764881,0.000545353,318.7833862,608.6021118,0.121574417,0.302451044,0.896854579,2.231181622,108,070801010301,F070801010301_147,24
1103,497.0911741,3481.620309,389_7_1,1.720002294,0.859960198,128.1340637,417.9406433,92,257.9190369,100,1719.460205,5.813607693,67.76808929,0.84276098,0.240788862,119.2587597,0.013486874,138.3669189,12.34739075,3106,1554,0.008511817,128.9768816,257954,116.0791933,0.000443069,386.0531006,675.8596802,0.082454354,0.248425424,1.103850365,3.325773478,108,070802060601,F070802060601_122,16
1104,497.9104397,3480.288902,136_7_1,1.807161808,0.85963136,128.0850677,417.7808533,83,232.5990601,100,1550.6604,6.108206749,71.20217896,0.842438757,0.240696788,29.71332741,0.003360255,130.9984741,11.79852009,737,369,0.002021146,9.695619941,19392,8.726057887,3.3307E-05,360.6841431,650.3798828,0.347113997,0.977463782,14.67845726,41.33414459,104,070801030603,F070801030603_729,24
1105,494.565036,3480.192099,106_17_1,1.752707243,0.859607458,128.0815125,417.7692261,48,134.5113678,100,896.7424316,5.924150467,69.05666351,0.842415333,0.240690082,163.7863567,0.018522463,148.5657578,10.22626016,4110,2057,0.011266929,51.69796944,103396,46.52817273,0.000177596,262.5928955,552.2805786,0.062266171,0.127658188,2.752773285,5.6437397,104,070801030404,F070801030404_59,24
1106,496.1730658,3479.030574,476_10_2,1.753225207,0.859320581,128.0387726,417.6297913,78,218.5080414,100,1456.720215,5.925901413,69.07707214,0.842134178,0.240609765,23.58751249,0.002667492,131.000824,11.79868555,585,293,0.001604866,20.03002739,40060,18.02702498,6.88084E-05,346.546814,636.1378174,0.436992407,1.182753682,7.102601528,19.22373772,108,070802060704,F070802060704_563,32
1107,493.3386702,3478.507439,400_12_1,1.782456756,0.859191358,128.019516,417.5669861,92,257.6885986,100,1717.92395,6.024703979,70.22879791,0.842007518,0.240573585,98.24537736,0.011110488,131.000651,9.136504978,2372,1186,0.006496148,54.99087131,109982,49.49178302,0.000188908,385.7081299,675.2556152,0.107942253,0.325217634,2.58668232,7.793376923,108,070802060601,F070802060601_78,16
1108,499.225085,3477.965391,459_6_2,1.800062895,0.859057426,127.9995575,417.5019226,78,218.4411163,100,1456.27417,6.08421278,70.92247772,0.841876268,0.240536079,91.19141388,0.010312761,131.0006561,11.79867363,2262,1131,0.006194894,47.228302,94457,42.50547028,0.000162242,346.4406738,635.9430542,0.11317379,0.306313604,3.011366606,8.150496483,108,070801030303,F070801030303_629,8
1109,498.2454263,3477.896176,496_2_2,1.765851021,0.85904038,127.9970169,417.4936218,78,218.436615,100,1456.244141,5.968576431,69.57453156,0.841859579,0.24053131,22.38930982,0.002531988,146.300293,13.0249331,623,311,0.001703459,29.97854798,59956,26.9806928,0.000102984,346.4336243,635.9302368,0.411565959,1.113934517,4.744022846,12.84005642,108,070802060502,F070802060502_534,16
1110,496.5697392,3477.136548,137_7_1,1.666124225,0.858852744,127.9690552,417.4024353,86,240.7879486,100,1605.25293,5.631499767,65.64529419,0.841675699,0.240478769,70.4557476,0.007967782,136.6667099,12.22565031,1822,911,0.004989875,70.74369812,141488,63.6693306,0.000243023,368.757019,658.1903687,0.140470967,0.404782683,2.009901047,5.791752815,108,070802060602,F070802060602_67,32
1111,495.6797274,3476.982716,106_11_1,1.773664236,0.858814716,127.9633942,417.3839417,54,151.1855469,100,1007.903625,5.994985104,69.88237,0.841638446,0.240468115,45.60002743,0.005156869,139.1593018,10.56477505,793,395,0.002163557,7.401203491,14802,6.661083154,2.54251E-05,279.1489258,568.569458,0.32395795,0.706706166,19.21059799,41.90743637,104,070801030404,F070801030404_12,24
1112,496.6880556,3476.407911,389_27_2,1.865845323,0.858672738,127.9422379,417.3149414,86,240.7374115,100,1604.916016,6.306557178,73.51430511,0.841499269,0.240428373,69.41724896,0.007850339,131.0004323,11.79865789,1722,861,0.004716007,75.71513748,151430,68.14362347,0.000260101,368.679657,658.0523682,0.148597255,0.428199381,1.877537966,5.41033268,108,070802060601,F070802060601_24,24
1113,493.5013335,3475.893207,812_7_1,1.719913721,0.858545601,127.9232941,417.2531738,47,129.3584595,100,862.3897095,5.813308239,67.76460266,0.841374695,0.240392774,84.13734721,0.009515022,147.4349594,13.11074996,2313,1157,0.006337305,28.72150517,57443,25.84935374,9.86659E-05,257.2817383,546.6116333,0.110564642,0.222369701,4.948800564,9.953121185,108,070801030603,F070801030603_365,24
1114,496.8505036,3475.301633,122_1_2,1.755500674,0.85839951,127.9015274,417.1821594,78,218.2738342,100,1455.158936,5.933592319,69.16672516,0.841231525,0.240351856,199.9999998,0.022617833,136.9911591,10.40646638,4498,2249,0.012318582,41.48519013,82970,37.33667096,0.000142512,346.175354,635.4559937,0.056870397,0.153924122,3.42562747,9.271725655,104,070801030409,F070801030409_477,16
1115,493.5015835,3474.866829,152_5_1,1.914260864,0.858292103,127.8855209,417.1299744,86,240.6305847,100,1604.203857,6.470201492,75.421875,0.841126263,0.240321785,199.9999983,0.022617833,149.6508743,11.53243819,4918,2459,0.013468827,520.5740637,1041147,468.5166571,0.001788308,368.5161133,657.7605591,0.052007124,0.149864212,0.272958308,0.786559284,108,070801030407,F070801030407_606,16
1116,493.5408352,3474.352667,664_26_1,1.757563829,0.858165085,127.8666,417.0682373,52,145.47612,100,969.8408203,5.940565586,69.24801636,0.841001809,0.240286231,198.0472831,0.022397002,136.7372379,11.01297372,5015,2507,0.01373174,35.55611871,71111,32.00050709,0.000122145,273.3427124,562.5443726,0.051003829,0.109031796,3.995767832,8.541824341,104,070801030402,F070801030402_115,24
1117,496.6519952,3473.333164,472_7_2,1.755047441,0.857913315,127.8290863,416.9458618,68,190.1822205,100,1267.88147,5.932060242,69.14887238,0.840755045,0.240215734,,,,,,,,22.60133362,45203,20.34119987,7.76415E-05,318.0112915,607.1280518,,,6.284245014,15.63385105,108,070801030301,F070801030301_599,16
1118,500.1247179,3472.987915,165_1_2,1.813798308,0.857828021,127.8163757,416.9044189,78,218.1284027,100,1454.189331,6.130638123,71.46365356,0.84067148,0.240191847,24.97581863,0.002824495,130.9992015,11.79857127,619,309,0.001692504,6.523382246,13047,5.87104401,2.24095E-05,345.9447632,635.0328369,0.413645238,1.119562387,21.77063751,58.92389297,108,070802060406,F070802060407_23,32
1119,496.1294967,3472.209626,133_5_1,1.786741734,0.857635796,127.787735,416.8110046,86,240.4467773,100,1602.978516,6.039186954,70.39762115,0.840483069,0.240138024,25.41076328,0.002873682,124.2487907,8.086908142,505,252,0.001380295,0.422925025,846,0.38063252,1.45286E-06,368.2344971,657.2578125,0.507094204,1.46124804,335.7247009,967.4278564,108,070802060302,F070802060302_270,32
1120,495.1570376,3471.440649,186_46_1,1.79052949,0.857445836,127.7594299,416.718689,78,218.0313263,100,1453.542236,6.051989555,70.54685974,0.840296924,0.240084827,199.999999,0.022617833,131.5661357,11.84058495,4963,2483,0.013600284,198.3532846,396707,178.5179543,0.000681395,345.7907715,634.75,0.051453657,0.139263302,0.715667129,1.937008381,108,070801030407,F070801030407_296,16
1121,494.4830978,3470.776939,160_12_1,1.854598284,0.857281923,127.7350082,416.6390076,78,217.9896545,100,1453.264404,6.26854229,73.07117462,0.84013629,0.240038931,123.9958077,0.014022583,130.9992778,11.79857667,3076,1538,0.008424179,124.1644952,248330,111.7480489,0.000426538,345.7246704,634.6286621,0.083052672,0.224788472,1.143062592,3.093787193,108,070802060602,F070802060602_128,24
1122,497.0501987,3470.348856,472_8_2,1.771609902,0.857176185,127.7192535,416.587616,68,190.0188141,100,1266.792114,5.988041401,69.80142975,0.840032637,0.240009338,24.27784634,0.002745561,155.3666687,13.79272032,693,347,0.001900644,28.16653967,56333,25.34988642,9.67594E-05,317.7380676,606.6064453,0.368067026,0.915671647,5.038257599,12.53410244,108,070801030301,F070801030301_599,16
1123,496.1603065,3470.153013,505_11_1,1.71579349,0.857127786,127.7120438,416.5641174,84,234.7158356,100,1564.772217,5.79938221,67.6022644,0.839985251,0.239995778,200.0000032,0.022617834,138.0323979,11.42205436,4879,2438,0.013353803,226.6331873,453267,203.9698681,0.000778544,362.427887,651.2799683,0.052383941,0.148657873,0.626131892,1.776869774,108,070802060502,F070802060502_160,16
1124,496.8537147,3469.763232,472_8_1,1.771609902,0.857031524,127.6977005,416.517334,68,189.9867554,100,1266.578369,5.988041401,69.80142975,0.839890897,0.239968821,24.93693423,0.002820097,147.245636,13.12810675,731,366,0.002004714,25.21834853,50437,22.69651324,8.66316E-05,317.6844482,606.5040894,0.348900825,0.867990315,5.626313686,13.99705982,108,070801030301,F070801030301_599,16
1125,495.9316168,3469.759712,545_4_2,1.757655978,0.85703063,127.6975632,416.5168762,70,195.5743561,100,1303.829102,5.940877438,69.25164795,0.839890003,0.239968583,30.69742697,0.003471546,130.9999797,11.79862595,762,381,0.002086874,12.73773864,25476,11.46396479,4.37575E-05,323.2719116,612.0912476,0.335164219,0.848482728,11.13903999,28.19896317,108,070801010301,F070801010301_95,24
1126,495.9160386,3468.611486,477_8_2,1.798710704,0.856747031,127.655304,416.3790588,78,217.8536377,100,1452.357544,6.079642296,70.86920166,0.839612067,0.239889175,23.38500643,0.002644591,131.0007375,11.79867967,580,290,0.001588434,11.7520175,23504,10.57681584,4.03713E-05,345.5089417,634.232666,0.440190703,1.191410184,12.0693512,32.66662979,108,070802060704,F070802060704_547,32
1127,492.9606191,3467.177795,71_6_1,1.752873182,0.85639292,127.6025467,416.2069702,54,150.7592621,100,1005.061768,5.924711227,69.0632019,0.839265049,0.239790022,73.19276167,0.008277308,140.0666046,9.700224012,1603,802,0.004392842,0.463845216,928,0.417460702,1.59343E-06,278.3618164,566.9662476,0.15910542,0.347084552,305.6636047,666.7976685,104,070801030405,F070801030405_415,24
1128,496.6036492,3467.077807,54_33_2,1.783466578,0.856368244,127.5988693,416.1949768,54,150.7550507,100,1005.033691,6.02811718,70.26858521,0.839240909,0.239783108,200.0000002,0.022617833,141.9547653,12.6841073,5319,2659,0.014564299,66.28742303,132575,59.65867873,0.000227715,278.3539124,566.9500122,0.047987539,0.104683682,2.138814926,4.665773869,104,070801030405,F070801030405_418,24
1129,492.2494205,3466.711492,845_166_1,1.748019576,0.856277764,127.5853882,416.151001,59,164.6964874,100,1097.976563,5.908306122,68.87197113,0.839152217,0.239757776,160.7809963,0.018182589,136.4401031,10.39969434,4177,2088,0.011436727,153.6844949,307368,138.3160484,0.000527946,292.2818604,580.8474731,0.061104111,0.139981732,0.92241925,2.113144875,108,070802060302,F070802060302_74,32
1130,496.9461108,3466.697729,548_6_2,1.765173197,0.856274366,127.584877,416.149353,70,195.4018097,100,1302.678711,5.966285229,69.54782104,0.839148879,0.239756823,44.4554348,0.005027428,130.9988708,11.79854774,1103,552,0.003023502,18.56151485,37123,16.70536327,6.37637E-05,322.9866943,611.5511475,0.23113203,0.585120797,7.637360096,19.33431053,108,070801010301,F070801010301_495,24
1131,494.9523207,3466.166715,545_4_1,1.757655978,0.856143177,127.5653305,416.0855713,70,195.3718719,100,1302.479126,5.940877438,69.25164795,0.839020312,0.239720091,88.42112935,0.009999472,137.139005,12.29783233,2194,1098,0.006014141,89.58450657,179169,80.62605582,0.000307746,322.9371948,611.4574585,0.11617972,0.294114023,1.582184911,4.00537014,108,070801010301,F070801010301_95,24
1132,493.5141706,3463.684125,136_6_2,1.771590829,0.855529964,127.4739609,415.7875671,71,198.0209656,100,1320.139771,5.987977028,69.80068207,0.838419378,0.239548385,20.30992189,0.002296832,130.9999441,11.79862372,504,252,0.001380295,4.822118737,9644,4.339906856,1.65652E-05,325.4949341,613.8085327,0.505849063,1.2916466,29.37251091,75.0004425,104,070801030603,F070801030603_786,24
1133,493.1290237,3461.502914,60_17_2,1.814393163,0.854991198,127.393692,415.5257263,76,211.8326263,100,1412.217529,6.132648945,71.48709106,0.8378914,0.239397541,200.000003,0.022617834,136.0362634,11.09621748,5071,2534,0.013879629,80.52840549,161056,72.47556597,0.000276636,339.2263184,627.3583374,0.050273754,0.133869901,1.757746816,4.680561066,104,070801030202,F070801030202_367,32
1134,493.9571815,3460.718823,27_5_2,1.737578034,0.854797542,127.36483,415.4316101,78,217.3579254,100,1449.052856,5.873013973,68.46057129,0.837701619,0.239343315,40.22296143,0.004548781,130.9998016,11.79861355,998,499,0.002733202,24.1467514,48294,21.73207664,8.29504E-05,344.7227478,632.7895508,0.255240142,0.690827131,5.860683918,15.86239338,104,070801030202,F070801030202_216,32
1135,498.2366143,3460.479189,548_3_1,1.817024946,0.854738355,127.3560181,415.402832,71,197.837738,100,1318.918213,6.141544342,71.59078217,0.837643564,0.239326745,30.45533595,0.003444169,130.9992371,11.79857381,756,378,0.002070442,19.26831787,38537,17.34148665,6.61917E-05,325.1937561,613.2406006,0.336920679,0.860300958,7.344007969,18.75235748,108,070801010301,F070801010301_391,24
1136,498.9820512,3459.116932,104_9_1,1.797034144,0.854401886,127.3058777,415.2393188,86,239.5398254,100,1596.932129,6.073975563,70.80314636,0.837313831,0.239232525,75.18926563,0.008503091,138.3678462,12.39539242,1871,934,0.005115854,22.7061983,45411,20.43557856,7.80017E-05,366.8457031,654.7791748,0.136301801,0.392768413,6.229619503,17.95132446,108,070802060602,F070802060602_175,32
1137,494.2730029,3458.724708,93_5_2,1.762238145,0.854305029,127.2914505,415.1922302,78,217.2326508,100,1448.217651,5.956365108,69.43218231,0.83721894,0.239205405,32.35107136,0.003658556,131.0005493,11.798666,803,402,0.002201899,41.9301157,83861,37.7371037,0.000144041,344.5241089,632.4248657,0.316645414,0.857025146,3.373111248,9.129585266,108,070801030406,F070801030406_391,24
1138,491.9834452,3457.476603,137_37_2,1.76218164,0.853996694,127.2455063,415.0423889,78,217.1541901,100,1447.69458,5.956173897,69.42995453,0.836916745,0.239119068,180.6954253,0.020434695,132.8886236,8.3439701,3977,1987,0.010883513,330.0267143,660053,297.0240409,0.001133728,344.3996887,632.1965942,0.064039007,0.173326463,0.428401381,1.159501076,108,070802060602,F070802060602_113,32
1139,496.050007,3457.132405,723_39_1,1.846044183,0.853911698,127.2328415,415.0010986,77,214.3488922,100,1428.992676,6.239629269,72.73413849,0.836833477,0.239095271,30.28071353,0.003424421,130.9999847,11.79862642,751,375,0.00205401,40.06477815,80129,36.05829947,0.000137633,341.5817261,629.3499756,0.339287579,0.910884619,3.528531313,9.473040581,108,070801010405,F070801010405_28,32
1140,494.1530509,3456.592658,563_6_2,1.759122372,0.853778362,127.2129745,414.9362793,79,219.8816986,100,1465.87793,5.945833683,69.30941772,0.836702824,0.239057943,43.77727799,0.004950736,134.9667725,12.09542084,1115,557,0.003050889,68.55964946,137120,61.70368304,0.00023552,347.0946655,634.8179932,0.228389546,0.623150229,2.061675549,5.62518549,108,070802060501,F070802060501_129,16
1141,493.5453631,3454.401592,128_21_1,1.74077642,0.853237212,127.1323471,414.6732788,78,216.9611511,100,1446.407715,5.883824348,68.58659363,0.836172462,0.238906413,47.82178396,0.005408126,158.9554647,14.12714132,1424,712,0.00389988,139.3206258,278641,125.3885663,0.000478603,344.0935059,631.6343994,0.178556666,0.48327741,1.013907075,2.744217634,108,070801030406,F070801030406_608,16
1142,495.1723226,3453.839507,474_26_2,1.820898175,0.853098333,127.1116486,414.6058044,86,239.1746521,100,1594.497681,6.154635906,71.74338531,0.836036384,0.238867536,28.55615943,0.003229392,139.4991531,12.46109676,708,354,0.001938985,11.02761863,22055,9.924856479,3.78828E-05,366.2863159,653.7804565,0.359072447,1.034707069,12.80740452,36.90595627,108,070801030301,F070801030301_299,24
1143,493.2203355,3453.115074,129_3_2,1.731175423,0.8529194,127.0849915,414.5188293,86,239.1241302,100,1594.160889,5.851372719,68.20831299,0.835861027,0.238817438,110.3537776,0.012479817,135.986321,12.18730933,2782,1390,0.00761353,139.2646655,278529,125.3382001,0.000478411,366.2091064,653.6429443,0.091428049,0.263459802,1.013936639,2.921767712,108,070801030407,F070801030407_191,24
1144,490.7214574,3452.475902,46_6_1,1.741312623,0.852761567,127.06147,414.4421082,74,205.7201996,100,1371.468018,5.885636806,68.60771942,0.835706353,0.238773242,199.9999974,0.022617833,133.5487881,12.00140333,5015,2507,0.01373174,82.9174514,165834,74.62570549,0.000284843,332.7816772,620.1622925,0.050682675,0.132740989,1.702650189,4.45934391,104,070801030405,F070801030405_152,32
1145,490.7211973,3452.471809,46_7_2,1.742114663,0.852760553,127.0613251,414.4416199,71,197.3799591,100,1315.866455,5.888347626,68.63932037,0.83570534,0.238772959,42.04038963,0.004754313,131.0000509,11.79863135,1043,522,0.002859182,16.80664621,33614,15.12598159,5.77352E-05,324.4412842,611.8215942,0.243412495,0.621535003,8.400203705,21.44927216,104,070801030405,F070801030405_235,32
1146,490.7212019,3452.471477,46_7_1,1.742114663,0.852760434,127.0613022,414.4415588,72,200.1598969,100,1334.399292,5.888347626,68.63932037,0.835705221,0.238772929,111.8663378,0.012650871,130.9998665,11.79861808,2775,1387,0.007597098,57.19523478,114391,51.47571087,0.000196481,327.2211914,614.6014404,0.091608725,0.235920116,2.468374014,6.356807709,104,070801030405,F070801030405_235,32
1147,494.7759282,3451.195005,472_5_2,1.771666765,0.852445185,127.0143356,414.2883606,68,188.970047,100,1259.800293,5.988233566,69.80367279,0.83539629,0.238684654,,,,,,,,18.15297318,36306,16.33767509,6.23602E-05,315.984375,603.2584229,,,7.774321079,19.34084129,108,070801030301,F070801030301_600,16
1148,494.3284639,3449.263049,104_2_1,1.755425215,0.85196799,126.9432297,414.0564575,86,238.8577423,100,1592.38501,5.933337212,69.16374969,0.834928632,0.238551036,40.20629501,0.004546896,131.0009918,11.79869747,997,498,0.002727725,10.48952007,20979,9.44056797,3.60342E-05,365.8009644,652.9141846,0.254906088,0.734540105,13.44656658,38.74777222,108,070802060602,F070802060602_175,32
1149,492.3401874,3447.943935,498_13_2,1.701242566,0.851642132,126.8946762,413.8980713,92,255.4245148,100,1702.830078,5.750199795,67.02895355,0.83460927,0.238459796,199.9999974,0.022617833,137.537814,12.31383317,5195,2598,0.01423018,208.4859406,416969,187.6373457,0.000716204,382.3191833,669.3225708,0.048843216,0.14715904,0.676276207,2.037543058,108,070802060704,F070802060704_556,32
1150,494.9823693,3445.964926,54_8_2,1.811683893,0.851153314,126.821846,413.6605225,78,216.4312592,100,1442.875,6.123491764,71.38034821,0.834130228,0.238322929,199.999997,0.022617833,132.6540896,11.92238315,4986,2493,0.013655057,232.8734638,465745,209.5861166,0.000799981,343.2531128,630.0917969,0.050871179,0.137686774,0.605106115,1.63776648,104,070801030405,F070801030405_114,32
1151,490.0423917,3445.936733,549_19_1,1.758239746,0.8511464,126.820816,413.6571655,68,188.6821289,100,1257.880859,5.942850113,69.27464294,0.834123492,0.238320991,49.77229309,0.005628707,158.1996384,14.05359316,1470,734,0.004020382,92.02724838,184054,82.82452393,0.000316138,315.5029297,602.3392944,0.172780409,0.429840505,1.531198859,3.809293509,108,070801010301,F070801010301_371,24
1152,491.333992,3445.562015,617_14_2,1.691329479,0.851053834,126.8070221,413.6121521,69,191.4359436,100,1276.239624,5.716693878,66.63838196,0.834032774,0.238295078,24.57316542,0.002778959,130.9994583,11.79858923,609,305,0.001670595,18.3352313,36671,16.50170803,6.29863E-05,318.242981,605.0480957,0.415760726,1.0434196,7.68447876,19.28545761,108,070801010604,F070801010604_257,32
1153,490.9705445,3445.477902,424_2_1,1.748099327,0.851033032,126.8039246,413.6020508,78,216.4006195,100,1442.670776,5.908575535,68.87511444,0.834012389,0.238289252,40.55026531,0.004585796,142.3337199,12.66028118,1081,541,0.002963252,50.07410145,100149,45.0666914,0.000172018,343.2045288,630.0026855,0.234388024,0.634389162,2.813694954,7.6154809,108,070801030303,F070801030303_694,8
1154,494.6490366,3445.208849,388_9_1,1.711752534,0.850966573,126.7940216,413.5697632,86,238.5769958,100,1590.513306,5.785723686,67.44304657,0.833947241,0.23827064,25.49546339,0.002883261,130.9993515,11.7985816,632,316,0.001730846,17.3260447,34652,15.59344004,5.95195E-05,365.3710327,652.1467285,0.401246905,1.156237483,8.131240845,23.43107224,108,070802060601,F070802060601_70,24
1155,491.4738653,3444.242478,519_8_1,1.800436616,0.850727916,126.758461,413.4537659,68,188.5893707,100,1257.262451,6.085475922,70.93720245,0.833713353,0.238203824,21.46726418,0.002427715,139.4998245,12.46114635,592,296,0.001621298,34.76029546,69521,31.28426553,0.000119411,315.3478394,602.0431519,0.428238034,1.065364361,4.051827908,10.08007813,108,070801010301,F070801010301_509,24
1156,493.5129714,3443.756409,548_4_2,1.751020193,0.850607812,126.7405624,413.3953857,70,194.1085968,100,1294.057373,5.918448448,68.99019623,0.833595634,0.238170192,95.54842814,0.010805492,132.2133898,11.88854967,2388,1195,0.006545445,67.33408919,134669,60.60067926,0.00023131,320.8491516,607.5039673,0.106059045,0.268493026,2.091404915,5.294481277,108,070801010301,F070801010301_389,24
1157,491.7895508,3442.46894,138_19_1,1.758451939,0.850289822,126.6931839,413.2408447,78,216.2116699,100,1441.411133,5.943567753,69.28300476,0.83328402,0.238081157,200.0000011,0.022617833,134.9791281,11.19597577,4884,2442,0.013375712,191.412855,382824,172.2715697,0.000657553,342.9048462,629.4525146,0.051880911,0.140419677,0.735427141,1.990490079,108,070802060602,F070802060602_395,24
1158,493.5442791,3441.883538,496_42_2,1.75738883,0.850145221,126.6716385,413.1705627,78,216.1749268,100,1441.166138,5.939974308,69.24111938,0.83314234,0.238040656,27.49554592,0.003109448,142.3323669,12.72114015,765,382,0.002092351,19.30375212,38607,17.37337726,6.63134E-05,342.8465576,629.345459,0.331601143,0.897504091,7.291134834,19.73401833,108,070802060502,F070802060502_570,16
1159,490.8873318,3440.951874,25_1_2,1.720151424,0.849915087,126.6373444,413.0587463,74,205.0335083,100,1366.890015,5.81411171,67.77396393,0.832916796,0.237976223,169.4615995,0.019164271,132.7000397,10.12884082,4231,2116,0.011590093,56.47592807,112951,50.82833576,0.00019401,331.6708374,618.0922852,0.059847515,0.156744257,2.491471291,6.525313854,104,070801030403,F070801030403_75,32
1160,490.1581766,3440.482475,389_14_1,1.792106628,0.849799156,126.6200714,413.0023804,86,238.2496948,100,1588.331299,6.057320595,70.60900116,0.83280319,0.237943769,148.7011776,0.016816492,130.9998169,11.7986145,3689,1844,0.010100251,186.129282,372258,167.5163536,0.000639403,364.869751,651.2520752,0.068665981,0.19786863,0.755866945,2.178114176,108,070802060601,F070802060601_24,24
1161,493.7026131,3439.952182,593_2_2,1.714782953,0.849668205,126.600563,412.9387512,69,191.1243591,100,1274.162354,5.795966148,67.56244659,0.832674861,0.237907097,29.68804169,0.003357396,130.9989777,11.79855537,737,368,0.002015668,21.00549507,42011,18.90494537,7.21594E-05,317.7249146,604.0631104,0.344023257,0.863382936,6.696690083,16.80644417,108,070802060802,F070802060802_196,24
1162,489.7381754,3436.747333,711_6_1,1.676029086,0.848876595,126.4826126,412.5540161,84,261.157959,100,1741.053101,5.664978504,66.03554535,0.831899047,0.237685442,20.83049376,0.002355703,142.8991928,12.76804185,615,307,0.001681549,15.73524075,31471,14.16171668,5.40547E-05,387.640564,673.7119751,0.411995471,1.262672901,8.931304932,27.37242699,108,070802060501,F070802060501_146,16
1163,493.3278335,3436.497956,459_5_2,1.791752219,0.848815024,126.4734421,412.5241089,78,215.8364868,100,1438.909912,6.056122303,70.59503937,0.831838727,0.237668201,85.88987857,0.009713215,136.1003876,12.20437694,2132,1066,0.005838865,59.19325165,118387,53.27392609,0.000203344,342.3099365,628.3605957,0.118643001,0.321116269,2.37402153,6.425468445,108,070801030303,F070801030303_57,8
1164,490.3315011,3435.615506,93_9_1,1.778916001,0.84859705,126.4409637,412.4181519,78,215.781189,100,1438.54126,6.01273632,70.0892868,0.831625104,0.237607181,200.0000011,0.022617833,142.9814366,12.77000945,5680,2839,0.015550224,436.1788082,872357,392.5609254,0.001498388,342.222168,628.1993408,0.044537149,0.120543212,0.322092593,0.871768296,108,070801030406,F070801030406_423,24
1165,490.5509843,3435.579291,496_11_1,1.742085695,0.848588109,126.4396286,412.4138184,86,237.9095306,100,1586.063477,5.888249874,68.63817596,0.831616342,0.237604678,102.8189629,0.011627711,138.2871857,12.38065706,2790,1395,0.007640917,57.00087124,114001,51.30078381,0.000195813,364.3491516,650.3233643,0.090637729,0.261182189,2.464672565,7.102214336,108,070802060502,F070802060502_294,16
1166,492.7033787,3435.141502,462_2_2,1.796347499,0.848479927,126.4235077,412.3612366,78,215.7514801,100,1438.343262,6.07165432,70.77609253,0.831510305,0.237574384,28.30039632,0.003200468,153.6657104,13.66008155,810,404,0.002212853,11.2971808,22595,10.16746262,3.88088E-05,342.1749878,628.1127319,0.312929481,0.846967816,12.4341259,33.65392303,108,070801030301,F070801030301_184,24
1167,490.7649281,3434.720965,496_11_2,1.742085695,0.848376095,126.4080353,412.310791,86,237.8507233,100,1585.671509,5.888249874,68.63817596,0.83140856,0.237545311,66.58082569,0.00752957,149.5584335,13.31874681,1773,887,0.004858418,51.966097,103933,46.7694869,0.000178517,364.2587585,650.161499,0.142511874,0.410663754,2.702788591,7.788384914,108,070802060502,F070802060502_294,16
1168,492.5080459,3434.272497,563_5_1,1.832216978,0.84826529,126.3915253,412.2569275,78,215.6967621,100,1437.978394,6.192893505,72.18934631,0.831299961,0.237514287,20.34960531,0.00230132,135.2504005,12.11360097,506,252,0.001380295,23.25058604,46502,20.92552717,7.98718E-05,342.0882874,627.9536743,0.501553655,1.357493162,6.040063858,16.34789276,108,070802060501,F070802060501_138,16
1169,492.4547363,3434.189139,496_26_2,1.739733934,0.848244727,126.3884659,412.2469482,78,215.6916656,100,1437.944458,5.880300522,68.54551697,0.831279814,0.23750852,197.4969751,0.022334768,145.5068268,12.96256523,5493,2746,0.015040829,242.7118152,485423,218.4406352,0.000833779,342.0801392,627.9385986,0.04602639,0.124573976,0.578594089,1.566009641,108,070802060502,F070802060502_534,16
1170,498.9281876,3433.278195,101_3_1,1.796949387,0.848019719,126.3549347,412.1375732,78,215.6343994,100,1437.562622,6.073688984,70.79980469,0.831059337,0.237445518,85.06119251,0.009619499,136.6659485,12.22133846,2178,1089,0.005964845,61.49035764,122980,55.34132123,0.000211235,341.9893188,627.7719727,0.116028406,0.314039767,2.28319335,6.179637909,108,070801030406,F070801030406_337,24
1171,490.3882967,3432.731196,138_11_2,1.675479293,0.847884595,126.3348083,412.0718994,78,215.6000977,100,1437.333984,5.663119793,66.0138855,0.830926895,0.237407684,42.76227188,0.00483595,139.5002365,12.4611764,1120,560,0.003067321,48.89584732,97791,44.00626183,0.00016797,341.934906,627.6719971,0.225597873,0.610598028,2.870836973,7.770142078,108,070802060602,F070802060602_42,24
1172,489.8137744,3432.677956,166_27_2,1.659120679,0.847871482,126.3328476,412.0655518,79,218.3604431,100,1455.736328,5.607827663,65.36935425,0.83091408,0.237404019,200.0000018,0.022617833,139.8774414,12.51693164,5330,2666,0.014602641,90.93768625,181876,81.84391925,0.000312395,344.6932983,630.4260254,0.047386665,0.129292309,1.543582559,4.211593151,108,070802060406,F070802060406_103,32
1173,491.7415977,3431.896343,487_37_1,1.706185341,0.847678423,126.3040848,411.9717102,78,215.5476685,100,1436.984497,5.766906261,67.22370148,0.830724835,0.237349957,199.9999971,0.022617833,136.0994661,12.21138758,5038,2518,0.013791991,137.2133979,274426,123.4920563,0.000471364,341.8517456,627.5194092,0.050160479,0.135763198,1.022770882,2.768208265,108,070802060502,F070802060502_390,16
1174,491.7766204,3431.518505,533_7_1,1.780592322,0.847585082,126.2901764,411.9263611,78,215.523941,100,1436.826294,6.0184021,70.15533447,0.830633402,0.237323821,199.9999993,0.022617833,131.0000529,11.79863122,4961,2484,0.013605761,104.3531535,208705,93.9178378,0.00035848,341.8141174,627.4503174,0.050841454,0.137606323,1.344687819,3.639501572,108,070802060501,F070802060501_380,16
1175,488.5088408,3430.441666,102_11_1,1.750737309,0.847319067,126.2505417,411.7970581,78,215.4562988,100,1436.375366,5.917491913,68.97904968,0.830372691,0.237249345,199.999999,0.022617833,136.1001343,12.17657413,5122,2561,0.014027518,304.3392713,608678,273.9053459,0.001045485,341.7068481,627.2533569,0.049297363,0.133427113,0.460927635,1.247536302,104,070801030406,F070801030406_492,24
1176,490.364218,3429.185961,130_12_2,1.739379764,0.847008944,126.2043304,411.6463318,86,237.4674225,100,1583.116211,5.879103661,68.53156281,0.830068767,0.237162501,45.58222388,0.005154856,131.0005319,10.46758191,1107,553,0.00302898,26.61350302,53227,23.95215299,9.14243E-05,363.6717529,649.1137695,0.228217602,0.657634258,5.269018173,15.18325901,108,070801030407,F070801030407_486,24
1177,491.9816181,3428.819916,462_2_1,1.796347499,0.846918523,126.1908569,411.602417,78,215.354248,100,1435.694946,6.07165432,70.77609253,0.829980135,0.237137184,112.6382344,0.012738164,140.7151402,12.56989956,2957,1477,0.00809006,34.82071586,69643,31.33864443,0.000119618,341.545105,626.956665,0.085437275,0.231242448,4.026685238,10.8985281,108,070801030301,F070801030301_184,24
1178,489.7937487,3428.379654,487_9_2,1.678170443,0.846809745,126.1746521,411.54953,78,215.3267975,100,1435.511963,5.672215939,66.11991882,0.829873562,0.237106726,23.42955589,0.002649629,130.998764,11.79854012,581,290,0.001588434,12.43232918,24865,11.18909645,4.27083E-05,341.5014648,626.8763428,0.435084999,1.177591205,11.27657223,30.52091599,108,070802060502,F070802060502_566,16
1179,488.1999081,3428.076729,476_11_2,1.68944943,0.846734941,126.1635056,411.5131836,78,215.3077545,100,1435.38501,5.710339069,66.56430817,0.829800248,0.237085789,29.89802307,0.003381143,149.6992569,13.27254438,826,412,0.002256672,87.64575729,175292,78.88118252,0.000301086,341.4712524,626.8209229,0.306222111,0.828813732,1.599411964,4.328931808,108,070802060704,F070802060704_531,32
1180,491.0386024,3427.881234,479_2_1,1.77493906,0.846686661,126.156311,411.4897156,86,237.3770752,100,1582.513794,5.999293804,69.93260193,0.829752922,0.237072259,63.9576726,0.00723292,139.4994354,12.45024109,1698,850,0.004655756,39.3933798,78787,35.45404248,0.000135327,363.5333862,648.8668213,0.148419186,0.427686334,3.558305502,10.25365162,108,070801030301,F070801030301_306,16
1181,489.1312675,3427.096467,76_7_2,1.719030023,0.846492827,126.1274338,411.3955078,78,215.2462006,100,1434.974609,5.810321331,67.7297821,0.829562962,0.237017989,26.97051144,0.003050073,130.9995422,11.79859543,669,334,0.001829438,13.5073123,27015,12.15658092,4.64012E-05,341.3736267,626.6417236,0.377627045,1.022076726,10.37523937,28.08138466,104,070801030403,F070801030403_144,24
1182,487.9199044,3427.056679,547_2_2,1.733541369,0.846482992,126.1259689,411.3907471,76,209.7246246,100,1398.164185,5.859369755,68.30152893,0.829553306,0.237015232,65.57222557,0.007415508,158.2000427,14.05363274,1938,969,0.005307561,24.67245817,49345,22.20521259,8.47563E-05,335.8505859,621.1153564,0.130160958,0.346595019,5.680016041,15.12485313,108,070802060803,F070802060803_157,24
1183,492.043229,3426.16654,97_2_1,1.754914165,0.846263111,126.0932007,411.2838745,78,215.1872101,100,1434.581421,5.931610107,69.14361572,0.829337835,0.236953676,146.6172403,0.016580821,144.6579853,11.93211884,3506,1751,0.009590857,154.5150237,309030,139.0635178,0.0005308,341.2803955,626.4710693,0.072012104,0.194905996,0.906731009,2.454133272,108,070801030406,F070801030406_394,24
1184,491.1924987,3426.044897,92_4_2,1.776201248,0.84623307,126.0887299,411.2692871,78,215.1801605,100,1434.534424,6.003560066,69.98233032,0.829308391,0.236945257,40.03216986,0.004527205,146.89033,13.17472617,1163,582,0.003187823,96.87989473,193760,87.19190602,0.000332808,341.2688904,626.4494629,0.216647297,0.586372674,1.446105957,3.913997412,108,070801030406,F070801030406_399,24
1185,490.2777345,3425.771923,146_17_1,1.730453968,0.846165657,126.0786819,411.2365112,15,41.37750244,100,275.8500061,5.848934174,68.17988586,0.829242349,0.236926377,,,,,,,,2.905222535,5811,2.614700377,9.9802E-06,167.4561768,452.6140137,,,48.21916962,64.04411316,108,070801030409,F070801030409_425,16
1186,488.5732285,3425.188813,460_12_2,1.774215221,0.846021652,126.0572281,411.1665344,70,193.0621338,100,1287.080933,5.99684763,69.90408325,0.829101205,0.236886069,66.6427903,0.007536578,130.9997192,11.79860764,1654,826,0.004524299,82.81563136,165632,74.5340672,0.000284493,319.1193542,604.2286377,0.152611658,0.386343032,1.691269994,4.281523228,108,070801030303,F070801030303_151,8
1187,488.8809832,3423.636532,398_3_2,1.768605351,0.845638216,126.0000916,410.9801636,79,217.7856598,100,1451.904419,5.9778862,69.68305206,0.828725457,0.236778706,87.0378482,0.009843038,143.6551056,12.83912579,2279,1140,0.00624419,124.9543158,249907,112.4588864,0.000429251,343.7857666,628.7658081,0.110526398,0.301566452,1.120410323,3.056990623,108,070802060602,F070802060602_222,24
1188,491.3797557,3423.635987,602_36_2,1.759011865,0.845638096,126.0000763,410.9801025,27,74.43306732,100,496.220459,5.94546032,69.30506897,0.828725338,0.236778662,27.5893178,0.003120053,130.9995473,11.79859543,684,341,0.00186778,19.95377183,39907,17.95839477,6.85464E-05,200.433136,485.4131775,0.36950168,0.587780476,7.016221523,11.16097164,108,070801010602,F070801010602_539,24
1189,487.3075787,3423.450609,130_12_1,1.739379764,0.84559232,125.9932556,410.9578552,86,237.0702667,100,1580.468506,5.879103661,68.53156281,0.828680456,0.236765847,47.99752284,0.005428,136.6672974,12.25571847,1191,596,0.003264506,46.05342252,92108,41.44808113,0.000158206,363.0635376,648.0281372,0.21139808,0.60916698,3.039784908,8.759477615,108,070801030407,F070801030407_486,24
1190,488.2665044,3423.209418,594_37_1,1.717317343,0.845532715,125.984375,410.928894,5,13.78218365,100,91.88122559,5.804532528,67.66230011,0.828622043,0.236749157,80.78566343,0.009135983,142.0463486,8.255051756,1697,849,0.004650278,19.23449312,38468,17.31104378,6.60755E-05,139.7665558,424.7110901,0.148391485,0.164624915,7.277688026,8.07383728,108,070802060804,F070802060804_453,32
1191,487.6190962,3423.026477,714_3_2,1.761762261,0.845487535,125.9776459,410.9069519,1,2.756284475,100,18.37522888,5.95475626,69.41343689,0.828577757,0.236736506,32.11645889,0.003632024,131.0012817,11.7987175,797,398,0.002179989,29.81674004,59633,26.83506584,0.000102428,128.7339325,413.6632385,0.316526741,0.323452085,4.694516182,4.797228336,108,070802060503,F070802060503_152,16
1192,488.1472874,3422.472518,505_9_1,1.799790859,0.845350683,125.9572525,410.8404236,84,253.141037,100,1687.606934,6.083292961,70.91175842,0.828443646,0.236698195,55.60182799,0.006287964,150.7518921,13.44081443,1402,700,0.003834152,16.37804049,32755,14.74023632,5.62629E-05,379.0982971,663.9814453,0.179938927,0.541568995,8.54513073,25.71860313,108,070802060502,F070802060501_244,16
1193,491.0550234,3422.137869,128_33_2,1.787499189,0.845268071,125.9449463,410.800293,78,214.9347687,100,1432.898438,6.041747093,70.42746735,0.828362703,0.236675054,199.9999989,0.022617833,137.4251912,8.878925874,4224,2113,0.011573661,141.6244675,283249,127.4620215,0.000486517,340.8796997,625.7350464,0.059604801,0.161324993,0.988097847,2.674362898,108,070801030406,F070801030406_540,16
1194,486.2655437,3421.923957,836_1_1,1.748397708,0.845215201,125.9370651,410.7745972,77,212.1659088,100,1414.439453,5.909584045,68.88687134,0.828310907,0.236660257,200.0000011,0.022617833,133.9421093,10.90843602,4729,2364,0.012948478,220.4556024,440909,198.4100453,0.000757323,338.1029663,622.9404907,0.053272869,0.143021554,0.634731293,1.704061747,108,070802060302,F070802060302_45,32
1195,491.3831961,3421.715692,186_18_2,1.790414095,0.845163763,125.9293976,410.7496033,82,225.9289703,100,1506.193115,6.051599503,70.54231262,0.828260481,0.236645848,53.39964746,0.006038922,140.7112383,9.834511966,1278,639,0.003500033,34.94529399,69891,31.45076409,0.000120046,351.8583679,636.6785889,0.19707261,0.550639093,4.004016876,11.18759346,108,070801030407,F070801030407_386,16
1196,488.6743956,3420.65732,462_6_2,1.737157226,0.844902337,125.8904495,410.6225281,78,214.8417664,100,1432.278442,5.871591568,68.44399261,0.828004301,0.236572653,40.70708382,0.00460353,150.8326721,13.40824223,1212,606,0.00331928,18.42481205,36850,16.58233028,6.3294E-05,340.7322083,625.4642944,0.207740009,0.562264383,7.591843128,20.54790878,108,070801030301,F070801030301_184,24
1197,491.3243008,3420.548035,93_22_2,1.748755813,0.844875336,125.8864288,410.6094055,78,214.8348541,100,1432.232422,5.910794735,68.90097809,0.827977836,0.236565098,23.61813927,0.002670956,131.0000916,11.79863358,586,293,0.001604866,31.53185654,63064,28.37867165,0.00010832,340.721283,625.4442749,0.429646522,1.162871242,4.435952187,12.00624466,108,070801030406,F070801030406_391,24
1198,486,3420,46_8_1,1.716313243,0.844739974,125.8662567,410.5436401,77,212.0466309,100,1413.644165,5.801138878,67.6227417,0.827845156,0.23652719,39.08774066,0.0044204,130.998558,11.79852629,970,485,0.002656519,16.74160028,33484,15.06744045,5.75118E-05,337.9129028,622.590271,0.259518057,0.696727633,8.353526115,22.42669487,104,070801030405,F070801030405_235,32
1199,486,3420,46_8_2,1.716313243,0.844739974,125.8662567,410.5436401,75,206.5389252,100,1376.926147,5.801138878,67.6227417,0.827845156,0.23652719,28.14818525,0.003183255,130.9985321,11.79852428,698,349,0.001911598,9.452798083,18906,8.50751815,3.24728E-05,332.4051819,617.0825806,0.360648304,0.952450395,14.79470921,39.07193375,104,070801030405,F070801030405_235,32
1200,490.0748419,3418.95707,144_7_2,1.740779996,0.844482422,125.8278809,410.418457,86,236.7589874,100,1578.393311,5.883836269,68.58673096,0.82759279,0.236455083,200.0000055,0.022617834,133.8309326,12.0084211,5128,2565,0.014049427,247.8379679,495676,223.0541716,0.000851388,362.586853,647.1774292,0.049055703,0.141359404,0.564113557,1.625555158,108,070801030407,F070801030407_481,16
1201,487.2563768,3417.165755,93_5_1,1.762238145,0.844039917,125.7619476,410.2033997,78,214.622467,100,1430.816406,5.956365108,69.43218231,0.827159107,0.23633118,54.82272028,0.006199856,131.0002441,9.668915629,1115,557,0.003050889,36.39864148,72797,32.75877791,0.000125039,340.3843994,624.8258667,0.225784466,0.611103058,3.839030504,10.39063168,108,070801030406,F070801030406_391,24
1202,490.7099346,3417.087802,424_6_2,1.786333323,0.844020665,125.759079,410.1940308,79,217.3682861,100,1449.121948,6.037806511,70.38153076,0.827140272,0.236325786,24.53870964,0.002775062,130.9998779,11.79861927,609,304,0.001665117,31.8479023,63696,28.66311264,0.000109406,343.1273804,627.5623169,0.413681179,1.128708482,4.387488365,11.97104359,108,070801030303,F070801030303_700,8
1203,490.3139994,3416.65166,496_21_2,1.765365958,0.843912959,125.7430344,410.1416931,78,214.5901947,100,1430.601318,5.966937065,69.55541992,0.827034712,0.236295626,62.74589729,0.007095881,143.7499619,12.77610207,1655,828,0.004535254,63.55239618,127104,57.19715738,0.000218319,340.3332214,624.7318726,0.151863575,0.411030471,2.198414087,5.950177193,108,070802060502,F070802060502_480,16
1204,493.7098497,3411.207467,525_4_2,1.730416536,0.842568219,125.5426636,409.4881592,79,216.9949341,100,1446.632935,5.848807812,68.17841339,0.825716853,0.235919103,116.0608822,0.013125228,133.0400131,11.96091719,2894,1447,0.007925739,144.5677578,289136,130.110983,0.000496628,342.5375977,626.4830933,0.086760655,0.236722603,0.96488905,2.632657051,108,070802060502,F070802060502_62,16
1205,486.0878005,3411.047011,96_10_2,1.741027474,0.842528641,125.5367661,409.4689331,76,208.7445679,100,1391.630493,5.884672642,68.59648132,0.825678051,0.235908017,41.94172364,0.004743155,136.6664734,12.24029891,1041,522,0.002859182,25.23209788,50464,22.70888847,8.66789E-05,334.2813416,618.213501,0.240491882,0.640385687,5.528089523,14.72028637,104,070801030406,F070801030406_474,24
1206,486.3348809,3410.230875,138_7_2,1.699493527,0.842326999,125.5067215,409.3709106,78,214.1869049,100,1427.91272,5.744287968,66.96004486,0.825480461,0.235851556,52.84033966,0.00597567,147.9999542,13.1236887,1458,729,0.003992995,69.34830475,138697,62.41347504,0.00023823,339.693634,623.5578003,0.172162861,0.465972066,2.010891438,5.442633152,108,070802060602,F070802060602_42,24
1207,488.75383,3409.636446,160_16_2,1.743212581,0.842180192,125.484848,409.2995605,77,211.4040833,100,1409.360596,5.892058372,68.68257904,0.825336576,0.235810459,199.9999994,0.022617833,132.4168339,9.754319358,4303,2152,0.011787278,266.2248205,532449,239.6023348,0.000914552,336.888916,620.7036133,0.058310803,0.156546891,0.523721278,1.406033516,108,070802060602,F070802060602_75,24
1208,486.7373288,3409.630851,703_8_2,1.756114244,0.842178822,125.484642,409.2989197,78,214.1490631,100,1427.6604,5.935666084,69.19090271,0.825335264,0.235810071,21.16826975,0.002393902,140.3501511,12.53562999,582,292,0.001599389,5.781606073,11563,5.203445557,1.98613E-05,339.6336975,623.447998,0.429741919,1.163129091,24.1156826,65.27092743,108,070801030303,F070801030303_221,8
1209,489.0729249,3407.7651,388_6_2,1.666242242,0.841717958,125.4159775,409.0749207,78,214.0320435,100,1426.880249,5.63189888,65.64994812,0.82488358,0.235681027,191.7150429,0.021680894,136.3117962,12.22573245,4787,2395,0.013118276,479.2123098,958424,431.29107,0.00164622,339.4480286,623.1069336,0.052365754,0.141731948,0.290791959,0.787050903,108,070802060601,F070802060601_330,16
1210,486.6789575,3407.361531,425_47_1,1.716538429,0.841618299,125.401123,409.0264893,83,227.7250824,100,1518.167236,5.80189991,67.63161469,0.824785948,0.235653117,41.79695415,0.004726783,147.0553233,13.08168793,1135,568,0.00311114,40.45732093,80915,36.41158772,0.000138981,353.1262207,636.7515869,0.220776632,0.621701121,3.443989515,9.698182106,108,070801030302,F070801030302_81,24
1211,486.7976979,3406.638277,161_10_2,1.744005799,0.841439664,125.3745117,408.9396667,86,235.9054413,100,1572.702881,5.894739628,68.71382904,0.824610889,0.235603109,162.2081079,0.01834398,137.0270205,12.28387538,4178,2090,0.011447681,178.1274318,356252,160.3146892,0.000611914,361.2799683,644.8450928,0.059987806,0.172861233,0.782052577,2.253567457,108,070802060602,F070802060602_311,24
1212,485.9825783,3405.999885,448_9_2,1.731694937,0.84128195,125.3510132,408.8630371,78,213.9211731,100,1426.141113,5.85312891,68.22878265,0.824456334,0.235558942,50.97815323,0.005765077,130.9992065,11.79857159,1265,632,0.003461691,26.3755362,52751,23.73798203,9.06069E-05,339.2721863,622.7841797,0.198340207,0.536823094,5.280609608,14.29237652,108,070801030303,F070801030303_120,8
1213,488.1020541,3405.492453,137_40_2,1.720113516,0.841156662,125.3323441,408.802124,83,227.5999451,100,1517.333008,5.813983917,67.7724762,0.824333549,0.235523865,199.9999981,0.022617833,132.4165649,11.90360196,4981,2490,0.013638625,207.9995747,416000,187.1996126,0.000714533,352.9322815,636.4020996,0.050334275,0.141739875,0.669511795,1.885325909,108,070802060602,F070802060602_66,32
1214,485.2562756,3405.07732,476_17_1,1.691808939,0.841054082,125.3170547,408.7522888,78,213.8632355,100,1425.754883,5.718314171,66.65727234,0.824232996,0.23549515,34.77150088,0.00393228,144.5994611,12.87269715,930,465,0.002546972,75.56820968,151137,68.01138861,0.000259597,339.1802979,622.6155396,0.269499034,0.729420006,1.842589259,4.987110138,108,070802060704,F070802060704_531,32
1215,486.6744828,3404.568878,476_3_2,1.757706404,0.840928495,125.2983475,408.6912537,78,213.8312988,100,1425.541992,5.941047668,69.25363159,0.824109912,0.235459983,56.70448112,0.006412662,130.9986267,11.79853106,1407,703,0.003850584,69.48047352,138961,62.53242683,0.000238684,339.1296387,622.522583,0.178233787,0.482403457,2.003733873,5.423260689,108,070802060704,F070802060704_435,32
1216,487.8316806,3404.540223,496_2_1,1.765851021,0.840921462,125.2972946,408.6878357,78,213.8295135,100,1425.530029,5.968576431,69.57453156,0.824103057,0.235458016,102.5634543,0.011598816,137.7996033,12.32862892,2740,1369,0.007498505,104.3764834,208753,93.93883514,0.000358561,339.1268005,622.517334,0.091524683,0.247718632,1.33381784,3.610080957,108,070802060502,F070802060502_534,16
1217,485.3775167,3404.143649,398_4_1,1.747406363,0.840823472,125.2826996,408.6401978,79,216.5456696,100,1443.637817,5.906233311,68.84780884,0.824006975,0.235430568,25.00134003,0.002827381,149.6999512,13.3012228,678,340,0.001862302,27.93589702,55871,25.14230752,9.59671E-05,341.8283691,625.1858521,0.368478537,1.005377531,4.982943535,13.59574413,108,070802060602,F070802060602_502,24
1218,485.2974818,3403.861354,102_15_1,1.734442115,0.840753734,125.2723083,408.6063232,78,213.7868652,100,1425.245728,5.86241436,68.33702087,0.823938668,0.235411048,26.08287334,0.00294969,135.2501297,12.11358356,660,330,0.001807529,16.78771973,33575,15.10894775,5.76702E-05,339.0591736,622.3931885,0.379613042,1.027451992,8.291266441,22.4409523,104,070801030406,F070801030406_492,24
1219,483.9762234,3403.636517,458_59_2,1.783681035,0.840698242,125.2640381,408.5793457,78,213.7727509,100,1425.151611,6.028841972,70.27703094,0.823884249,0.235395506,24.48547649,0.002769042,135.2492828,12.11352396,617,309,0.001692504,60.67271233,121346,54.60544014,0.000208427,339.0368042,622.3521118,0.405385226,1.097206473,2.293984652,6.208846569,108,070802060801,F070802060801_80,24
1220,488.5211001,3402.198622,476_15_2,1.742907286,0.840343058,125.211113,408.4067383,84,230.1195374,100,1534.130249,5.891026497,68.67054749,0.823536217,0.235296056,24.63772701,0.00278626,130.9990463,11.79856062,611,305,0.001670595,63.09885781,126198,56.78897393,0.000216761,355.330658,638.5262451,0.410528243,1.165018559,2.204849005,6.257036209,108,070802060704,F070802060704_426,32
1221,486.2504951,3401.837349,459_8_2,1.718915462,0.84025383,125.1978226,408.3633728,78,213.6596985,100,1424.397949,5.809934139,67.7252655,0.823448777,0.235271066,165.3631441,0.01870078,132.6472832,11.94768972,4116,2058,0.011272406,54.40887762,108818,48.96798927,0.000186909,338.8575134,622.0230713,0.060834706,0.164653793,2.556727886,6.919980049,108,070801030303,F070801030303_55,8
1222,489.8602956,3400.115156,54_16_1,1.772300363,0.839828432,125.1344376,408.1566162,78,213.5510101,100,1423.67334,5.990375042,69.82863617,0.823031843,0.235151961,46.19023395,0.005223615,131.0004476,11.79865932,1146,573,0.003138527,17.08751484,34175,15.37876359,5.87001E-05,338.6854553,621.7076416,0.218384713,0.591074109,8.136833191,22.02293205,104,070801030405,F070801030405_113,32
1223,488.0224536,3399.727053,441_9_2,1.72925806,0.839732587,125.1201553,408.1100464,78,213.5270538,100,1423.513672,5.844892025,68.13276672,0.822937965,0.235125124,157.0689856,0.017762801,135.2479973,12.12975109,3941,1971,0.010795876,115.8458872,231691,104.2612975,0.000397961,338.6472168,621.637085,0.063480549,0.171814919,1.200063229,3.248062611,108,070801030303,F070801030303_642,8
1224,484.890531,3399.547978,474_9_2,1.742396951,0.839688361,125.1135635,408.0885315,86,235.4148712,100,1569.432495,5.889301777,68.6504364,0.822894573,0.235112742,64.22646257,0.007263317,137.7982117,12.32852821,1738,869,0.004759825,28.19568693,56392,25.37611896,9.68596E-05,360.5284424,643.503418,0.143974185,0.414877385,4.930366516,14.20739079,108,070801030301,F070801030301_527,24
1225,485.9650667,3398.469815,128_14_1,1.701733351,0.839422047,125.0738831,407.9591064,70,191.5561066,100,1277.040771,5.751858711,67.04829407,0.822633624,0.235038176,30.41014576,0.003439058,148.0009155,7.136885822,749,374,0.002048532,18.91784477,37836,17.0260601,6.49877E-05,316.6300049,599.5151978,0.334422141,0.846604288,7.346025944,18.5967865,108,070801030406,F070801030406_356,24
1226,484.3519137,3398.273062,495_10_1,1.730700016,0.839373469,125.0666504,407.9355164,78,213.4357605,100,1422.905029,5.849766254,68.18958282,0.822586,0.235024571,24.55658245,0.002777083,131.0005112,11.79866362,609,305,0.001670595,6.896166325,13792,6.206549764,2.36901E-05,338.5024109,621.3712769,0.410054594,1.109843969,20.15075302,54.53954697,108,070802060501,F070802060501_363,16
1227,486.5024708,3397.164215,658_39_2,1.731784225,0.839099586,125.0258408,407.8023987,62,169.5988159,100,1130.658813,5.853430748,68.2322998,0.8223176,0.23494789,25.44248156,0.002877269,135.0801147,10.29434321,653,326,0.001785619,32.97569939,65951,29.6781294,0.00011328,294.6246643,577.4012451,0.383514851,0.903756618,4.212726593,9.927332878,104,070801030401,F070801030401_531,32
1228,487.1380805,3396.83771,129_13_1,1.822953105,0.839018941,125.0138245,407.7632141,86,235.227356,100,1568.182373,6.161581516,71.82435608,0.822238564,0.2349253,20.74450576,0.002345979,133.1246986,11.95607996,527,264,0.001446023,7.163245082,14327,6.446920633,2.46076E-05,360.2411804,642.9906006,0.473537207,1.364549875,19.3912468,55.87802505,108,070801030407,F070801030407_153,24
1229,485.4208281,3396.346725,550_10_1,1.659586191,0.838897645,124.9957504,407.7042542,70,191.4364471,100,1276.24292,5.609401226,65.38769531,0.822119713,0.23489134,70.31045391,0.007951351,137.7992821,12.36232519,2025,1013,0.005548565,102.3249496,204650,92.09245428,0.000351513,316.4321899,599.140686,0.123391658,0.312371373,1.3572855,3.436027288,108,070801010301,F070801010301_252,24
1230,485.2795139,3396.190017,550_20_1,1.731796741,0.838858962,124.9899826,407.6854553,70,191.4275818,100,1276.183838,5.853473186,68.23278809,0.822081804,0.234880507,39.96167415,0.004519232,144.8837433,12.95372629,1008,504,0.002760589,18.98419834,37968,17.08577874,6.52157E-05,316.417572,599.1130371,0.247996002,0.627812624,7.315439701,18.51935387,108,070801010301,F070801010301_252,24
1231,486.294639,3395.912773,703_14_1,1.734154105,0.838790476,124.9797821,407.6521606,78,213.2875671,100,1421.917114,5.861440659,68.32566833,0.822014689,0.234861329,200.0000025,0.022617834,139.3571825,11.79731444,5046,2523,0.013819378,447.824409,895649,403.0419716,0.001538394,338.267334,620.9396973,0.04953618,0.134073451,0.310091227,0.839285612,108,070801030303,F070801030303_214,8
1232,485.4589745,3393.774431,489_19_1,1.663748622,0.83826226,124.9010773,407.3954468,75,204.9547424,100,1366.36499,5.623470306,65.55169678,0.821497023,0.234713435,200.0000011,0.022617833,133.8338025,11.60434222,5044,2520,0.013802946,85.40896668,170820,76.86807036,0.000293402,329.855835,612.3502197,0.049563918,0.130895168,1.624875903,4.291194439,108,070802060502,F070802060502_198,16
1233,483.5459792,3390.641795,458_76_1,1.725557685,0.837488532,124.7857895,407.0194397,79,215.6867981,100,1437.911987,5.832385063,67.98696899,0.820738733,0.234496787,200.0000008,0.022617833,136.4145949,12.21380149,5011,2506,0.013726263,181.028622,362057,162.925762,0.000621881,340.4725952,622.7062378,0.049794808,0.135862961,0.765905797,2.089740753,108,070802060801,F070802060801_74,24
1234,484.122812,3390.019427,459_4_1,1.735966682,0.837334812,124.762886,406.9447327,78,212.9173889,100,1419.449219,5.867567539,68.3970871,0.820588112,0.234453753,140.1400603,0.015848323,143.4665934,12.8207674,3967,1984,0.010867081,68.48504795,136970,61.63654398,0.000235264,337.6802673,619.8621216,0.062884517,0.170201749,2.024170637,5.478572369,108,070801030303,F070801030303_86,8
1235,486.2639349,3389.146536,580_4_2,1.693524122,0.837119222,124.7307663,406.8399353,75,204.6756439,100,1364.504272,5.724111557,66.72485352,0.820376813,0.234393388,111.1430837,0.012569079,131.0000131,11.79862853,2758,1379,0.007553279,75.81547928,151632,68.23393309,0.000260446,329.4064026,611.515564,0.09045016,0.238873392,1.827987313,4.827603817,108,070802060802,F070802060802_186,24
1236,484.728015,3386.933524,105_3_2,1.760752439,0.836572587,124.6493149,406.5742798,86,234.5413513,100,1563.609009,5.95134306,69.3736496,0.819841146,0.234240323,27.47973907,0.003107661,131.0007121,11.79867776,682,341,0.00186778,8.732460022,17465,7.859214127,2.99983E-05,359.1906738,641.1156006,0.365540504,1.053345084,15.86027718,45.70312881,108,070802060602,F070802060602_177,24
1237,483.254179,3386.783473,550_5_1,1.70863378,0.836535513,124.6437912,406.5562744,70,190.8973999,100,1272.649292,5.775182247,67.32016754,0.819804788,0.234229937,133.4535234,0.015092148,142.0478745,12.69348526,3894,1947,0.010664419,200.5952901,401191,180.5357569,0.000689097,315.5411987,597.4536743,0.064018384,0.162065327,0.690410554,1.747804403,108,070801010301,F070801010301_528,24
1238,487.3759237,3385.980134,542_7_1,1.814239025,0.83633709,124.6142273,406.4598389,72,196.3044739,100,1308.696533,6.132127762,71.48101807,0.819610357,0.234174386,56.79013175,0.006422349,144.59994,12.9261233,1464,733,0.004014905,65.9604991,131921,59.36445085,0.000226592,320.9187012,602.7642822,0.170005769,0.437815428,2.099138975,5.405907154,108,070802060502,F070802060502_76,16
1239,483.665562,3385.667417,396_18_1,1.702776909,0.836259842,124.6027145,406.4222717,70,190.8344574,100,1272.229736,5.755385876,67.08940887,0.819534659,0.234152749,41.18082952,0.004657106,148.0009308,13.12377294,1137,569,0.003116618,34.55351925,69107,31.0981667,0.0001187,315.4371643,597.2567139,0.218985438,0.554371119,4.006754398,10.1432724,108,070801030603,F070801030603_350,24
1240,484.0318527,3385.608775,389_15_2,1.707671642,0.836245358,124.6005554,406.4152527,92,250.8067017,100,1672.044678,5.771930218,67.28226471,0.819520473,0.234148696,24.2288475,0.00274002,139.5003204,12.42854881,633,316,0.001730846,29.73182487,59464,26.7586422,0.000102137,375.4072571,657.2219238,0.394305557,1.187997699,4.656460285,14.02938366,108,070802060601,F070802060601_122,16
1241,482.7263028,3384.815238,723_71_1,1.791006923,0.836049378,124.5713577,406.3200073,81,220.7664185,100,1471.776123,6.053603172,70.56567383,0.819328368,0.23409383,28.0845553,0.003176059,141.2010612,12.61017489,717,358,0.001960895,21.53861308,43077,19.38475153,7.39908E-05,345.3377686,627.0864258,0.347964674,0.964630663,6.426255226,17.81491852,108,070801010405,F070801010405_25,32
1242,485.7978857,3384.77153,487_38_1,1.722170472,0.836038589,124.5697479,406.3147583,78,212.5874023,100,1417.24939,5.820936203,67.85351563,0.819317818,0.234090805,25.45000882,0.00287812,131.0004425,11.79865894,630,315,0.001725368,15.44539564,30891,13.90085579,5.3059E-05,337.1571655,618.9021606,0.395459503,1.070340157,8.96130085,24.25441742,108,070802060502,F070802060502_389,16
1243,485.4951302,3384.113815,472_3_1,1.744532228,0.835876107,124.5455399,406.2357788,68,185.296814,100,1235.312134,5.896518707,68.73457336,0.819158614,0.234045312,45.69925976,0.005168091,141.2018433,12.61020994,1260,630,0.003450737,47.28829455,94577,42.5594666,0.000162448,309.8423462,591.5325928,0.197691336,0.491813242,2.926388741,7.280221462,108,070801030301,F070801030301_599,16
1244,481.8240272,3383.958211,703_7_2,1.661753893,0.835837662,124.5398102,406.2171021,64,174.3891754,100,1162.594482,5.616728306,65.47310638,0.819120884,0.234034538,166.8404282,0.018867845,134.6428179,10.71191709,4144,2072,0.011349089,112.7693328,225539,101.4924004,0.000387392,298.9289856,580.6062622,0.060106087,0.144270748,1.227085114,2.945333719,108,070801030303,F070801030303_572,8
1245,485.5195561,3383.653179,387_6_2,1.767726183,0.835762322,124.5285873,406.180481,86,234.3138885,100,1562.092529,5.974914551,69.64841461,0.819047093,0.234013453,139.8540416,0.015815977,131.0001246,11.79863644,3469,1734,0.009497741,110.2703539,220541,99.24331661,0.000378808,358.8424683,640.4943848,0.071815796,0.206944913,1.254780531,3.615784645,108,070802060601,F070802060601_97,16
1246,484.3486254,3382.553693,186_19_2,1.720995784,0.835490763,124.488121,406.0485229,78,212.4485931,100,1416.323975,5.81696558,67.80723572,0.818780959,0.233937413,25.01418304,0.002828833,130.9964294,11.79837608,621,311,0.001703459,87.9195261,175839,79.12757492,0.000302027,336.9367065,618.4971313,0.400283337,1.083397746,1.5732584,4.258145332,108,070801030407,F070801030407_296,16
1247,483.8907644,3382.104484,472_11_1,1.753896832,0.835379779,124.4715881,405.9945679,68,185.1869965,100,1234.579956,5.928171158,69.10353851,0.81867218,0.233906344,85.40381718,0.009658246,145.168396,12.98139,2502,1250,0.006846699,80.53412628,161068,72.48071146,0.000276656,309.6585693,591.1815796,0.09957727,0.247726858,1.717306376,4.272289276,108,070801030301,F070801030301_600,16
1248,485.928418,3381.261981,103_8_2,1.740457177,0.8351717,124.4405823,405.8934326,70,190.5861816,100,1270.574585,5.882745266,68.57401276,0.818468273,0.23384808,104.4943199,0.011817176,131.0000534,11.79863119,2592,1296,0.007098658,69.63844299,139277,62.67459679,0.000239226,315.0267639,596.4796143,0.09601897,0.243076205,1.98550272,5.026386738,104,070801030406,F070801030406_532,24
1249,483.1607737,3380.669236,443_25_1,1.657735586,0.835025311,124.4187698,405.8222961,78,212.3302307,100,1415.534912,5.603146076,65.31478119,0.818324804,0.233807087,43.59533234,0.00493016,145.1669998,12.9812932,1081,540,0.002957774,53.38560621,106771,48.0470475,0.000183394,336.7489929,618.1525269,0.230405122,0.623609245,2.589519501,7.008734226,108,070801030303,F070801030303_33,8
1250,484.1446554,3380.594073,67_5_2,1.709132433,0.835006714,124.4160004,405.8132629,78,212.3252106,100,1415.501465,5.77686739,67.33982086,0.818306565,0.233801886,199.9999967,0.022617833,132.7000916,11.93114033,4969,2484,0.013605761,109.5576766,219116,98.60191075,0.000376359,336.7412109,618.1384888,0.050086956,0.135564089,1.261801124,3.415158987,104,070801030601,F070801030601_47,32
1251,483.2756172,3380.109658,138_15_2,1.698376894,0.834887087,124.3981781,405.755127,78,212.2950134,100,1415.300049,5.740513802,66.91604614,0.818189323,0.233768389,199.9999964,0.022617833,134.1891022,12.04311073,4668,2333,0.01277868,214.6412697,429282,193.1771468,0.000737349,336.6931763,618.0501709,0.053321123,0.144317687,0.643959105,1.742924452,108,070802060602,F070802060602_42,24
1252,485.1534844,3380.043689,138_26_1,1.707254767,0.834870815,124.395752,405.7472229,78,212.2909546,100,1415.273071,5.770521164,67.26583862,0.818173409,0.233763829,25.08183479,0.002836484,147.9999542,13.1236887,692,346,0.001895166,32.91770554,65835,29.6259346,0.000113081,336.6867065,618.038208,0.359525293,0.97308296,4.198880196,11.36459351,108,070802060602,F070802060602_42,24
1253,491.3130824,3377.899298,97_2_2,1.754914165,0.834341109,124.3168259,405.4897766,78,212.1559601,100,1414.373047,5.931610107,69.14361572,0.817654312,0.233615518,200.0000008,0.022617833,139.455212,11.55330248,4724,2360,0.012926569,170.6227411,341246,153.5604663,0.000586134,336.4727783,617.645752,0.052676622,0.142573208,0.809562683,2.191141844,108,070801030406,F070801030406_394,24
1254,485.4018504,3377.468071,477_11_2,1.780137062,0.834234595,124.3009567,405.4380188,78,212.1291199,100,1414.194092,6.016863346,70.13739777,0.817549884,0.233585685,58.27892275,0.006590715,134.3999237,12.06363335,1445,722,0.003954654,113.2385769,226477,101.91472,0.000389004,336.4300842,617.5671387,0.172161996,0.465969652,1.219656587,3.301094055,108,070802060704,F070802060704_500,32
1255,482.8788261,3376.117239,537_14_2,1.684698105,0.833900928,124.251236,405.2758484,83,225.6369171,100,1504.246094,5.694279671,66.37710571,0.817222893,0.233492255,35.16809654,0.003977131,131.0008011,11.79868412,872,436,0.002388129,51.74226379,103485,46.56803703,0.000177748,349.8881531,630.9127808,0.28497991,0.802495778,2.668165684,7.513483047,108,070801010302,F070801010302_42,32
1256,476.3859185,3375.396122,405_7_2,1.769390464,0.83372283,124.2247009,405.1893005,88,239.1781769,100,1594.52124,5.980539799,69.71398163,0.817048371,0.233442396,33.04279641,0.003736782,131.0036392,8.249256253,819,409,0.00224024,22.21379614,44428,19.99241638,7.63102E-05,363.4028931,644.3674927,0.303727865,0.888515651,6.213591099,18.17703629,108,070802060601,F070802060601_151,16
1257,483.9672091,3375.250305,487_37_2,1.706185341,0.833686829,124.2193375,405.171814,78,211.9898834,100,1413.265869,5.766906261,67.22370148,0.817013085,0.233432308,31.9390755,0.003611963,131.0006943,11.79867649,792,396,0.002169034,31.98641078,63973,28.78776895,0.000109882,336.2092285,617.1616821,0.313685209,0.849013209,4.315003872,11.67889118,108,070802060502,F070802060502_390,16
1258,486.292852,3375.026412,420_8_1,1.697909355,0.833631516,124.2110977,405.144928,77,209.2581787,100,1395.054565,5.738933563,66.89762878,0.816958904,0.233416826,48.20930382,0.00545195,156.6919963,13.91672675,1437,718,0.003932744,42.63069879,85262,38.36762892,0.000146448,333.4692688,614.4030762,0.172995955,0.464441866,3.237393141,8.691422462,108,070801030303,F070801030303_286,16
1259,482.0962186,3374.20664,396_17_2,1.718242168,0.833429039,124.1809235,405.0465088,73,198.338623,100,1322.257446,5.807658672,67.6987381,0.81676048,0.233360127,24.59028986,0.002780895,145.449852,12.92501497,644,322,0.00176371,14.65500678,29310,13.1895062,5.03438E-05,322.5195313,603.3851318,0.385655046,1.001613498,9.415130615,24.45273781,108,070801030603,F070801030603_364,24
1260,483.6570242,3373.864067,487_27_2,1.697805524,0.8333444,124.1683121,405.0053711,92,249.9366455,100,1666.244263,5.738582611,66.89353943,0.816677511,0.233336434,23.25616646,0.00263002,131.0000153,11.79862881,577,288,0.00157748,24.94993401,49900,22.4549408,8.57096E-05,374.10495,654.9420166,0.431139976,1.298975468,5.52966547,16.66025162,108,070802060502,F070802060502_339,16
1261,486.7253711,3373.498695,442_1_2,1.767880321,0.833254158,124.1548691,404.9615173,70,190.1480103,100,1267.653442,5.975435257,69.65448761,0.816589057,0.233311161,152.5014751,0.017246265,132.6990021,11.92453461,3867,1933,0.010587736,70.90670577,141814,63.8160359,0.000243583,314.302887,595.1094971,0.064229108,0.162598491,1.945512056,4.925139427,108,070801030301,F070801030301_47,16
1262,482.5799591,3373.026637,537_13_1,1.703061342,0.833137572,124.1374969,404.9048462,83,225.4303589,100,1502.869019,5.756347179,67.10061646,0.816474795,0.233278513,199.9999955,0.022617833,147.1094251,13.11839145,5355,2677,0.014662892,178.3130111,356626,160.4817104,0.000612552,349.5678711,630.3352051,0.04637187,0.130581945,0.773530483,2.178241253,108,070801010302,F070801010302_42,32
1263,484.2026291,3372.350425,456_3_1,1.781788945,0.83297056,124.1126099,404.8237,70,190.0838776,100,1267.22583,6.022446632,70.20248413,0.816311121,0.233231753,81.13702869,0.009175719,137.2336807,12.28998582,2063,1032,0.005652635,40.75416112,81509,36.67874479,0.000140001,314.1964722,594.9075928,0.120264158,0.304453939,3.383774757,8.5661726,108,070801030301,F070801030301_82,16
1264,483.2225547,3372.06632,137_13_1,1.817284822,0.832900405,124.1021576,404.7896118,86,233.5119019,100,1556.745972,6.142422676,71.60102081,0.816242397,0.233212113,104.5991539,0.011829031,132.6996857,11.92458496,2597,1298,0.007109613,121.4023495,242804,109.2621138,0.000417049,357.6140747,638.3015137,0.095610291,0.275511622,1.135820627,3.272992373,108,070802060602,F070802060602_172,32
1265,484.6065599,3370.813882,103_21_2,1.733983755,0.832591057,124.0560684,404.6392517,78,211.7110596,100,1411.407104,5.860865116,68.3189621,0.815939248,0.233125493,152.0551396,0.017195789,141.4827321,9.749304861,3072,1538,0.008424179,186.8682321,373736,168.1814101,0.000641941,335.7671204,616.3503418,0.080660641,0.218314126,0.737632453,1.996457934,108,070801030406,F070801030406_468,24
1266,483.2653572,3367.22318,161_2_1,1.754304409,0.83170414,123.9239197,404.2082214,86,233.1765747,100,1554.510498,5.92954874,69.11959076,0.815070033,0.232877165,20.51186835,0.00231967,136.100811,12.20441151,543,272,0.001489842,16.56814235,33137,14.91132857,5.69159E-05,357.1004944,637.3847656,0.455602646,1.31286943,8.310723305,23.94826889,108,070802060602,F070802060602_124,24
1267,482.8279121,3364.300684,593_10_2,1.700087309,0.830982268,123.8163605,403.8573914,86,232.9741364,100,1553.160889,5.746294975,66.98343658,0.814362645,0.232675031,125.6291343,0.014207294,130.9994564,11.79858923,3117,1558,0.008533726,50.32564907,100651,45.29308287,0.000172882,356.7904968,636.831543,0.07947135,0.229005456,2.733670473,7.877372742,108,070802060802,F070802060802_52,24
1268,485.3739918,3363.389495,144_3_1,1.724344015,0.830757201,123.7828217,403.7479858,78,211.2447662,100,1408.298462,5.828282833,67.93915558,0.814142048,0.232612014,,,,,,,,11.7402785,23481,10.56625046,4.03309E-05,335.0275879,614.9927368,,,11.71492386,31.7073307,108,070801030407,F070801030407_488,16
1269,481.2883332,3359.698656,434_28_2,1.708805203,0.829845548,123.6469879,403.3049316,86,232.6553192,100,1551.0354,5.775761604,67.32692719,0.813248634,0.232356757,34.50873693,0.003902564,130.9989929,11.79855633,856,428,0.00234431,30.03865033,60077,27.03478544,0.000103191,356.3023071,635.9602661,0.288894832,0.83248204,4.573625565,13.17940235,108,070801030303,F070801030303_425,8
1270,478.0716195,3359.400149,791_28_1,1.728535295,0.829771817,123.6360016,403.269104,85,229.9297028,100,1532.864746,5.842449188,68.10429382,0.813176394,0.232336104,155.8300409,0.017622689,131.0017776,11.79875302,3865,1932,0.010582259,54.8358244,109672,49.35224116,0.000188375,353.5657043,633.1987915,0.063993789,0.18300502,2.505175114,7.164126396,108,070802060603,F070802060603_59,32
1271,481.2631365,3358.5104,504_8_1,1.646411777,0.829552054,123.6032562,403.1622925,78,210.9384918,100,1406.256592,5.564871788,64.86862183,0.812961042,0.232274577,58.1715858,0.006578576,159.3332977,14.163908,1733,866,0.004743393,41.59238601,83184,37.43314892,0.000142881,334.541748,614.100769,0.14272894,0.386306882,3.301973343,8.937045097,108,070802060501,F070802060501_292,16
1272,482.221799,3357.815484,723_82_2,1.717740893,0.829380453,123.5776901,403.0788879,60,162.2266693,100,1081.511108,5.805963993,67.67899323,0.812792838,0.232226521,47.4936955,0.005371022,130.9999771,8.249083956,1129,564,0.003089231,59.32226229,118645,53.39003515,0.000203787,285.8043518,565.305542,0.219109386,0.506745279,2.314620972,5.353140354,108,070801010405,F070801010405_57,32
1273,480.9088266,3356.92111,430_17_2,1.77452147,0.829159498,123.5447617,402.9715271,78,210.8386078,100,1405.590698,5.997882366,69.91614532,0.812576294,0.232164666,65.49832764,0.007407151,134.9664063,12.09539566,1625,811,0.004442139,57.81560786,115631,52.03404602,0.000198612,334.3833618,613.8101196,0.152336329,0.412309945,2.374306202,6.426241875,108,070801030302,F070801030302_1,16
1274,480.2414331,3356.280881,508_18_1,1.611111283,0.829001367,123.5212021,402.8946533,84,227.0137329,100,1513.424927,5.445556164,63.4777832,0.812421322,0.23212038,59.18326873,0.006692987,140.3097839,11.13761954,1506,752,0.004118974,121.2622068,242523,109.1359861,0.000416567,350.5349426,629.9083862,0.164256915,0.466136903,1.131810069,3.211909771,108,070802060502,F070802060502_8,16
1275,477.1442759,3355.581271,836_109_1,1.67706275,0.828828573,123.4954605,402.8106995,76,205.3505707,100,1369.003784,5.66847229,66.07627106,0.812251985,0.232071996,20.017488,0.002263761,136.6675873,12.22572041,429,214,0.001172155,17.50470114,35009,15.75423098,6.01332E-05,328.8460388,608.1612549,0.577081621,1.536663771,7.838875771,20.87350655,108,070802060302,F070802060302_360,32
1276,480.8549246,3355.440067,487_23_1,1.688421369,0.828793705,123.4902649,402.7937317,78,210.7456665,100,1404.971069,5.706864357,66.52380371,0.812217832,0.232062235,29.76806927,0.003366446,130.9997025,11.7986064,738,368,0.002015668,26.36143208,52722,23.72528982,9.05584E-05,334.2359314,613.5394287,0.335571378,0.908249795,5.205005646,14.08774948,108,070802060502,F070802060502_393,16
1277,480.887447,3353.889526,140_10_2,1.766508222,0.828410685,123.4331894,402.607605,78,210.6481171,100,1404.320801,5.970798016,69.60042572,0.811842442,0.231954992,199.9999994,0.022617833,137.9300842,12.34637473,5001,2502,0.013704354,212.9380674,425879,191.6442597,0.000731498,334.0812988,613.2557373,0.049333807,0.133525699,0.644074559,1.743236661,108,070801030407,F070801030407_197,24
1278,481.8717167,3351.936469,496_4_1,1.727740645,0.827928305,123.3613205,402.3731689,56,151.1463623,100,1007.642395,5.839763165,68.07298279,0.811369717,0.231819928,21.45826602,0.002426697,144.5997238,12.92610312,544,272,0.001489842,22.73101926,45462,20.45791709,7.8087E-05,274.5076904,553.5195313,0.453534275,1.009219408,6.030004025,13.41816425,108,070802060502,F070802060502_534,16
1279,477.5756894,3349.819369,462_5_2,1.704012394,0.827405393,123.2834015,402.1190186,78,210.3926392,100,1402.617554,5.759562016,67.13809204,0.810857296,0.231673509,24.93316841,0.002819671,159.3336639,14.16394329,743,372,0.002037578,11.29181671,22584,10.16263485,3.87903E-05,333.6760254,612.5116577,0.331406981,0.896978557,12.13104725,32.83361435,108,070801030301,F070801030301_184,24
1280,479.7018669,3349.496824,487_13_1,1.674504161,0.827325702,123.2715302,402.0802917,92,248.1310425,100,1654.206909,5.659823895,65.97546387,0.810779214,0.231651202,25.83523273,0.002921685,144.6002884,12.92615128,702,351,0.001922553,21.124331,42249,19.01189804,7.25676E-05,371.4025879,650.2113037,0.351200938,1.058127046,6.483914852,19.53527069,108,070802060502,F070802060502_440,16
1281,480.3965904,3349.229702,550_3_2,1.668883681,0.827259719,123.2616959,402.0482178,70,188.7806702,100,1258.537842,5.640826702,65.75402069,0.810714543,0.231632724,193.3753431,0.021868656,136.5245075,12.24610054,4900,2450,0.013419531,216.7240502,433449,195.0516434,0.000744504,312.0423584,590.8288574,0.050310895,0.127364233,0.631943882,1.599793553,108,070801010301,F070801010301_528,24
1282,478.1823949,3348.815427,184_11_2,1.685159326,0.827157438,123.24646,401.9985046,79,213.026123,100,1420.174194,5.695838451,66.39527893,0.810614288,0.231604084,48.61827788,0.005498201,130.9990489,11.79856046,1206,603,0.003302848,173.6484013,347297,156.2835639,0.000596528,336.272583,615.0246582,0.204388827,0.557666004,0.788607955,2.151682377,108,070802060602,F070802060602_139,24
1283,478.1737858,3348.791522,498_8_2,1.626461506,0.827151477,123.2455673,401.9956055,78,210.3280792,100,1402.187256,5.497439861,64.08258057,0.810608447,0.231602415,199.9999995,0.022617833,132.4166985,11.07641076,4569,2285,0.012515767,67.32624186,134651,60.59361873,0.000231283,333.5736389,612.3236694,0.053936791,0.145984083,2.033969402,5.505095005,108,070802060704,F070802060704_482,32
1284,476.9980925,3346.240853,449_1_1,1.706832647,0.826521516,123.1517029,401.6894531,70,188.6122131,100,1257.414795,5.769094467,67.24920654,0.809991062,0.23142603,50.02986965,0.005657836,158.3890228,14.0729208,1472,736,0.004031337,39.07283037,78146,35.16554676,0.000134225,311.763916,590.3016357,0.16732569,0.423592269,3.502055645,8.865607262,108,070801030301,F070801030301_146,24
1285,479.6653602,3345.63755,161_20_2,1.792689443,0.826372504,123.1295013,401.6170349,86,231.6817932,100,1544.545288,6.059290409,70.63196564,0.80984503,0.231384307,199.9999993,0.022617833,135.3820424,12.14042104,5199,2599,0.014235657,201.4170382,402833,181.2753331,0.00069192,354.8112793,633.2988281,0.047375724,0.136518389,0.679240227,1.957305908,108,070802060602,F070802060602_124,24
1286,479.0239893,3345.079659,487_19_1,1.683957577,0.826234698,123.1089706,401.5500488,78,210.0947113,100,1400.631348,5.691776752,66.34793091,0.809710026,0.231345713,72.82259154,0.008235446,131.0000356,11.79863008,1807,903,0.004946056,60.17456174,120348,54.15710533,0.000206715,333.2036743,611.6447754,0.136333302,0.368996322,2.273182154,6.1525383,108,070802060502,F070802060502_393,16
1287,479.2932382,3344.813123,496_22_2,1.732505202,0.826168835,123.0991592,401.5180664,86,231.6244812,100,1544.163208,5.855867386,68.26070404,0.809645474,0.23132728,66.27108867,0.007494542,142.3334579,12.7212193,1872,935,0.005121331,57.41861317,114837,51.67675319,0.000197248,354.7236328,633.1425781,0.131656855,0.379383564,2.38209939,6.864278793,108,070802060502,F070802060502_340,16
1288,476.7430597,3343.550973,489_12_2,1.798093796,0.825857103,123.0527115,401.3665466,66,177.6914215,100,1184.609497,6.077557087,70.84489441,0.809339941,0.231239989,34.47087635,0.003898283,142.3338013,9.799031585,860,430,0.002355265,20.94479984,41889,18.85032023,7.19509E-05,300.7441406,579.0579834,0.286169082,0.699404955,6.527884483,15.95432568,108,070802060502,F070802060502_520,16
1289,481.1515425,3343.299498,441_11_2,1.731412411,0.825794995,123.043457,401.3363647,78,209.9829712,100,1399.886475,5.852173805,68.21765137,0.809279084,0.2312226,39.48539462,0.00446537,151.3989131,13.46699842,1162,583,0.003193301,20.88100265,41761,18.79290238,7.17317E-05,333.0264282,611.3193359,0.211052239,0.571228862,6.547336578,17.72086143,108,070801030303,F070801030303_121,8
1290,479.1115428,3343.178279,441_2_1,1.69660759,0.825765014,123.0389862,401.3218079,78,209.9754486,100,1399.836304,5.734533787,66.84633636,0.809249699,0.23121421,20.64870585,0.002335145,149.1346893,13.30206426,576,288,0.00157748,11.44775181,22896,10.30297682,3.9326E-05,333.0144348,611.2972412,0.427218705,1.156300068,11.94208145,32.32215881,108,070801030303,F070801030303_662,8
1291,478.8459075,3341.835076,496_1_1,1.686389446,0.825433254,122.9895554,401.160553,78,209.8911743,100,1399.274536,5.699996471,66.44374084,0.808924615,0.231121317,200.0000024,0.022617834,137.5982263,11.57969801,5229,2614,0.014317818,148.4722533,296945,133.6250295,0.000510041,332.8807373,611.0517578,0.047050327,0.127345353,0.92040807,2.491155624,108,070802060502,F070802060502_476,16
1292,477.3552396,3339.783088,474_31_2,1.722497344,0.824926436,122.9140396,400.9142456,78,209.7622986,100,1398.415283,5.822041035,67.86639404,0.80842793,0.230979398,39.82282326,0.00450353,130.9990234,11.79855871,988,494,0.002705816,20.5732829,41147,18.51595479,7.06746E-05,332.6763306,610.6765137,0.248813853,0.67343384,6.638277054,17.96700859,108,070801030301,F070801030301_433,16
1293,477.820643,3339.564783,593_8_1,1.713552475,0.824872494,122.9059982,400.888031,71,190.9246979,100,1272.831299,5.791807175,67.51396942,0.808375061,0.230964303,20.84111935,0.002356905,130.9998271,11.79861546,517,258,0.001413159,11.99208975,23984,10.79288045,4.1196E-05,313.8306885,591.8127441,0.476379842,1.216398001,11.38769245,29.07756615,108,070802060802,F070802060802_195,24
1294,478.5993487,3339.447949,164_15_1,1.652279973,0.824843645,122.9017029,400.8740234,77,207.0522461,100,1380.348267,5.584706306,65.09983063,0.808346748,0.230956227,52.00581397,0.005881294,151.3968735,13.42125034,1467,733,0.004014905,24.10595,48212,21.6953551,8.28102E-05,329.953949,607.9262695,0.167669445,0.450141817,5.664885521,15.20850658,108,070801030407,F070801030407_120,16
1295,477.7374172,3337.531687,487_29_2,1.732350826,0.824370325,122.8311768,400.6439819,92,247.2451477,100,1648.301025,5.855345726,68.25462341,0.807882905,0.230823696,200.000002,0.022617833,132.4164028,11.90536702,5012,2507,0.01373174,193.955498,387913,174.5599475,0.000666288,370.0763245,647.8891602,0.048995283,0.147617206,0.703661859,2.120052814,108,070802060502,F070802060502_339,16
1296,479.3776838,3334.867215,532_3_1,1.731019735,0.82371223,122.7331238,400.3241577,75,201.397644,100,1342.651001,5.850846767,68.20217896,0.807237983,0.230639428,61.72048378,0.006979918,139.5004832,12.45032024,1579,790,0.004327114,110.8845181,221769,99.79606628,0.000380917,324.1307678,601.7218018,0.155358389,0.410292119,1.229839325,3.247931242,108,070802060502,F070802060502_14,16
1297,480.2025624,3334.683643,593_5_2,1.728050232,0.823666871,122.7263641,400.3020935,86,230.9224548,100,1539.483032,5.840809822,68.08518219,0.807193518,0.230626717,200.0000027,0.022617834,131.0008589,11.79868814,4962,2480,0.013583852,85.77077579,171542,77.1936976,0.000294645,353.6488037,631.2245483,0.049486436,0.142600328,1.589849591,4.581316948,108,070802060802,F070802060802_52,24
1298,478.0672465,3333.966353,138_21_1,1.639588594,0.823489666,122.6999588,400.2159729,78,209.3970795,100,1395.980469,5.541809559,64.59979248,0.807019889,0.230577111,22.85651493,0.002584824,145.1704483,12.88848734,628,314,0.001719891,32.77286911,65546,29.49558163,0.000112583,332.0970459,609.6130371,0.390764207,1.057633877,4.159943581,11.25921345,108,070802060602,F070802060602_42,24
1299,478.3990762,3332.796852,434_9_2,1.786020041,0.823200822,122.6569214,400.075592,70,187.8544312,100,1252.362915,6.036747932,70.3691864,0.806736827,0.230496228,150.6678033,0.017038896,130.9996582,10.02383604,3267,1635,0.008955483,345.5893197,691178,311.0303829,0.00118719,310.5113525,587.9300537,0.075019524,0.189915195,0.394356728,0.998331249,108,070801030303,F070801030303_586,8
1300,479.1774522,3332.391103,723_82_1,1.717740893,0.823100626,122.6419907,400.0269165,60,160.9983215,100,1073.322144,5.805963993,67.67899323,0.806638598,0.230468169,48.42978331,0.005476884,131.0000305,8.249086499,1196,597,0.003269984,59.59598351,119193,53.63638574,0.000204728,283.6403198,561.0252686,0.205430463,0.475109428,2.286544561,5.288207054,108,070801010405,F070801010405_54,32
1301,478.4280635,3331.280948,421_31_1,1.679431915,0.822826385,122.6011353,399.8936157,82,219.9577942,100,1466.385254,5.676479816,66.1696167,0.806369841,0.230391383,127.6652681,0.014437559,136.9500504,10.50469357,3116,1558,0.008533726,140.4646084,280929,126.4181477,0.000482533,342.5589294,619.8514404,0.078691356,0.21987094,0.969806433,2.709728956,108,070801030605,F070801030605_7,32
1302,476.1427269,3329.40951,483_11_1,1.762144089,0.822364151,122.5322571,399.6689758,70,187.6634979,100,1251.089966,5.956047058,69.42847443,0.805916846,0.230261967,22.65991402,0.002562591,151.3993988,13.42147541,639,320,0.001752755,41.01754761,82035,36.91579437,0.000140906,310.1957397,587.3324585,0.382913291,0.969361663,3.319236517,8.402791977,108,070801010403,F070801010403_48,32
1303,478.3406249,3329.307487,389_20_2,1.764481306,0.822338939,122.5285034,399.6567383,86,230.550766,100,1537.005127,5.963946819,69.52056122,0.805892169,0.230254903,38.75911714,0.004383236,139.4992867,12.46110678,1014,507,0.002777021,49.02429706,98050,44.12186715,0.000168411,353.0792847,630.2075195,0.241673574,0.696408868,2.777047157,8.002365112,108,070802060601,F070802060601_59,16
1304,476.8846578,3328.517083,455_20_1,1.628673792,0.822143734,122.4994125,399.5618591,86,230.4962158,100,1536.641479,5.504917622,64.1697464,0.805700839,0.230200246,24.84001886,0.002809137,139.4970016,12.43892217,639,320,0.001752755,54.30473839,108610,48.87426536,0.000186551,352.995636,630.0581055,0.382810652,1.103111386,2.50641942,7.222525597,108,070802060803,F070802060803_204,32
1305,478.0799429,3328.430575,703_19_2,1.753337026,0.822122335,122.4962311,399.5514526,77,206.3691711,100,1375.794434,5.926279068,69.08148193,0.805679917,0.230194256,200.0000012,0.022617833,140.1226013,12.54909554,5336,2666,0.014602641,188.6618662,377323,169.7956819,0.000648103,328.8654175,605.9206543,0.045947574,0.123355374,0.721433163,1.936830282,108,070801030303,F070801030303_291,8
1306,477.414883,3328.14752,434_21_2,1.735838413,0.822052419,122.4858093,399.5174866,71,190.2720795,100,1268.480469,5.867133617,68.39203644,0.805611372,0.230174676,74.10000164,0.008379907,139.7837728,10.87885085,1323,661,0.003620535,73.24584906,146491,65.92126445,0.000251619,312.7578735,589.7895508,0.185303792,0.473158658,1.858062148,4.74441576,108,070801030303,F070801030303_169,8
1307,475.021257,3327.039502,389_33_2,1.704235196,0.821778774,122.4450378,399.384491,86,230.3938599,100,1535.959106,5.760314941,67.14686584,0.805343211,0.230098054,41.12635863,0.004650946,139.5000954,12.46116638,1104,552,0.003023502,53.81439996,107629,48.43296003,0.000184867,352.8388977,629.7783203,0.221820727,0.639200926,2.528134584,7.285098553,108,070802060601,F070802060601_313,16
1308,476.7694294,3326.980647,128_16_2,1.717222571,0.821764231,122.4428711,399.3774109,78,208.9582062,100,1393.054688,5.804212093,67.65856934,0.805328965,0.230093986,200.0000003,0.022617833,146.3008606,11.64966728,5423,2710,0.014843644,219.746662,439491,197.771996,0.000754887,331.401062,608.3356323,0.04518187,0.122288212,0.61911124,1.675672293,108,070801030406,F070801030406_284,16
1309,476.4331599,3326.397804,137_40_1,1.720113516,0.821620286,122.4214249,399.3074646,84,224.9921417,100,1499.947632,5.813983917,67.7724762,0.805187881,0.230053678,83.43175943,0.009435228,132.4163723,11.90536177,2104,1053,0.00576766,86.95921594,173916,78.26329497,0.000298728,347.4135742,624.2996216,0.116259664,0.329927415,1.564225316,4.439035892,108,070802060602,F070802060602_66,32
1310,475.7811158,3324.155462,388_1_1,1.699616909,0.82106638,122.3388901,399.038269,86,230.1940918,100,1534.627319,5.7447052,66.96490479,0.804645061,0.229898587,199.9999943,0.022617833,144.1753654,12.85115457,5301,2651,0.01452048,155.5499526,311099,139.994961,0.000534355,352.5329895,629.2323608,0.046148203,0.132981136,0.873880684,2.51818347,108,070802060601,F070802060601_70,24
1311,474.3974581,3323.30298,449_2_1,1.702790737,0.820855856,122.3075256,398.9359436,82,219.4310608,100,1462.873779,5.755432606,67.08995819,0.80443871,0.229839638,95.64947918,0.01081692,158.3885701,14.07287629,2828,1414,0.007744986,61.5714905,123143,55.41434069,0.000211514,341.7385864,618.3670044,0.086497545,0.241682172,2.207145691,6.166970253,108,070801030301,F070801030301_135,24
1312,474.0616759,3322.041488,389_26_2,1.708405137,0.820544243,122.2610931,398.7845154,92,246.0976257,100,1640.650879,5.774409294,67.31116486,0.804133356,0.229752392,22.08630562,0.002497722,139.5003204,12.42854881,577,288,0.00157748,27.10265732,54205,24.3923912,9.31047E-05,368.3587036,644.8821411,0.424517691,1.27902329,5.012263775,15.10137749,108,070802060601,F070802060601_122,16
1313,477.9239887,3320.166681,598_24_1,1.724718571,0.820081174,122.1920929,398.5594482,71,189.8151703,100,1265.434448,5.829548836,67.95391083,0.803679526,0.229622722,21.8382844,0.002469673,133.8344231,12.01223636,556,277,0.001517229,11.28252982,22564,10.15427686,3.87584E-05,312.0072632,588.3746338,0.441126674,1.126379967,12.03355885,30.72668457,108,070802060804,F070802060804_422,32
1314,478.313513,3320.07059,420_5_2,1.695424199,0.820057452,122.1885605,398.5479126,77,205.8506165,100,1372.337402,5.7305336,66.79971313,0.80365628,0.229616091,199.999999,0.022617833,142.9331746,12.77514284,5428,2712,0.014854599,80.50388888,161007,72.45349988,0.000276552,328.0391846,604.3985596,0.045054778,0.120958403,1.686441064,4.527582169,108,070801030303,F070801030303_549,16
1315,476.3343208,3319.449753,128_42_2,1.674533844,0.819904089,122.1657104,398.4733887,78,208.4850922,100,1389.900635,5.659924507,65.97663116,0.803506017,0.229573146,31.0138135,0.003507326,148.8515015,13.24123001,816,408,0.002234763,57.58047867,115161,51.82242966,0.000197804,330.6508179,606.9584961,0.299425751,0.810418665,2.357390642,6.380457878,108,070801030406,F070801030406_156,16
1316,474.5465674,3318.398885,559_19_2,1.700407624,0.819644511,122.1270294,398.347229,84,224.4512177,100,1496.341431,5.747377872,66.99606323,0.803251624,0.229500458,31.49672496,0.003561938,133.2660828,11.96939392,799,399,0.002185466,13.23230486,26465,11.90907449,4.54564E-05,346.5782471,622.7984619,0.306082785,0.868617177,10.25495529,29.1020298,108,070802060501,F070802060501_72,16
1317,475.7276292,3317.627221,489_1_2,1.720112681,0.819453895,122.0986328,398.2546082,78,208.3707581,100,1389.138428,5.813981056,67.77243805,0.803064823,0.229447097,34.92766023,0.00394994,149.1319173,10.20463595,886,442,0.002420993,11.07846195,22157,9.970615685,3.80574E-05,330.4693909,606.6253662,0.276241243,0.747668326,12.24584675,33.14433289,108,070802060502,F070802060502_261,16
1318,472.3492091,3316.834422,845_171_1,1.627553701,0.819258094,122.069458,398.1594238,28,74.78188324,100,498.5458984,5.501131535,64.12561798,0.802872956,0.22939226,30.8903203,0.003493361,149.4161911,9.247449676,848,424,0.0023224,51.65346527,103307,46.48812056,0.000177443,196.8513489,472.9413147,0.287899673,0.464272052,2.625820398,4.234444141,108,070802060302,F070802060302_121,24
1319,473.8472546,3313.93713,476_11_1,1.68944943,0.81854248,121.9628296,397.8116455,78,208.1389771,100,1387.59314,5.710339069,66.56430817,0.802171648,0.229191899,45.48176064,0.005143494,149.4555926,11.7385513,1180,588,0.003220687,98.26820483,196538,88.44138454,0.000337577,330.1018066,605.9506226,0.207419783,0.561397612,1.379024386,3.732435942,108,070802060704,F070802060704_531,32
1320,473.9205954,3313.807721,137_36_1,1.703846812,0.818510532,121.9580688,397.7961121,86,229.4775085,100,1529.850098,5.759002209,67.13156128,0.802140296,0.229182944,65.59677727,0.007418285,134.7777557,12.08330568,1691,845,0.004628369,64.55826407,129117,58.10243785,0.000221775,351.4355774,627.2736206,0.144329071,0.415900081,2.099018097,6.048551559,108,070802060602,F070802060602_67,32
1321,473.8327862,3312.571367,441_2_2,1.69660759,0.818205118,121.9125595,397.6476746,78,208.0531921,100,1387.02124,5.734533787,66.84633636,0.801841021,0.229097426,90.49939832,0.010234502,154.7987747,13.7374711,2610,1306,0.007153432,78.7221543,157444,70.84993811,0.000270431,329.9657593,605.7008667,0.093348056,0.252653718,1.720715165,4.657248497,108,070801030303,F070801030303_662,8
1322,474.0360666,3309.529288,389_26_1,1.708405137,0.817453742,121.8006058,397.2825317,92,245.1702271,100,1634.46814,5.774409294,67.31116486,0.801104665,0.228887051,193.4276125,0.021874567,136.6663879,12.22137375,4954,2477,0.01356742,236.7335581,473467,213.0602014,0.000813242,366.9708252,642.4527588,0.049172629,0.148151323,0.571672261,1.722380877,108,070802060601,F070802060601_122,16
1323,474.531838,3308.668301,723_50_2,1.693956852,0.817241073,121.7689209,397.1791687,78,207.8080597,100,1385.387085,5.725574017,66.74189758,0.800896227,0.228827506,89.10354638,0.010076646,145.3543752,12.90886466,2440,1221,0.006687856,71.52194738,143044,64.36975193,0.000245697,329.5769653,604.9872437,0.099728845,0.269923806,1.891710281,5.12005949,108,070801010405,F070801010405_240,32
1324,475.7277168,3307.221431,406_32_1,1.628609896,0.816883683,121.7156677,397.0054626,78,207.7171783,100,1384.78125,5.504701614,64.1672287,0.80054599,0.22872743,34.73276997,0.0039279,140.0664571,12.55027771,894,447,0.00244838,29.7084465,59417,26.73760152,0.000102056,329.4328613,604.7226563,0.272294551,0.736986279,4.552228451,12.32095814,108,070801030603,F070801030603_260,24
1325,474.5968465,3306.768549,60_46_1,1.669190049,0.816771805,121.6989975,396.9511108,76,202.3633881,100,1349.089233,5.641862392,65.76609039,0.800436378,0.228696108,200.0000004,0.022617833,140.4069595,12.52274008,5285,2642,0.014471184,66.72326452,133447,60.05093825,0.000229212,324.0623779,599.3145142,0.046063207,0.122657977,2.026596069,5.396458149,104,070801030202,F070801030202_360,32
1326,474.7995629,3306.330944,723_56_2,1.673431754,0.816663742,121.6828995,396.8985901,77,204.9987488,100,1366.658325,5.656199455,65.93321228,0.80033046,0.228665844,65.51681137,0.007409242,149.8880971,13.37543933,1928,964,0.005280175,55.51857567,111037,49.96671772,0.000190721,326.6816406,601.8973389,0.126227081,0.338881373,2.435279131,6.537984848,108,070801010405,F070801010405_44,32
1327,475.7170924,3305.798451,161_12_1,1.754207134,0.816532195,121.6632996,396.8346558,78,207.6278076,100,1384.185425,5.9292202,69.1157608,0.800201535,0.228629008,200.0000019,0.022617833,137.5570722,12.30974443,5287,2643,0.014476661,144.7498591,289499,130.2748761,0.000497254,329.2911072,604.4624634,0.046032272,0.124589898,0.933896899,2.527663946,108,070802060602,F070802060602_199,24
1328,472.9391894,3304.968334,476_4_2,1.677670598,0.816327155,121.6327438,396.7349854,78,207.5756836,100,1383.837891,5.670526505,66.10021973,0.800000608,0.228571609,199.9999999,0.022617833,140.3501434,12.5356276,5334,2668,0.014613595,333.4974169,666996,300.147679,0.001145651,329.2084351,604.3106689,0.045589484,0.123391464,0.40524298,1.096821547,108,070802060704,F070802060704_531,32
1329,474.6219364,3304.820609,617_5_2,1.714386344,0.816290677,121.6273117,396.7172546,69,183.6164246,100,1224.109497,5.794625759,67.54682159,0.799964845,0.228561386,24.54043802,0.002775258,140.4449921,12.58709812,609,304,0.001665117,16.26270601,32526,14.63643507,5.58666E-05,305.2437439,580.3336792,0.40008983,1.004091263,8.309900284,20.85506058,108,070801010604,F070801010604_219,32
1330,475.2748449,3304.680344,537_9_2,1.694715023,0.816256046,121.6221542,396.7004395,83,220.862381,100,1472.415894,5.728137016,66.77177429,0.79993093,0.228551686,,,,,,,,5.994987965,11990,5.395489216,2.05944E-05,342.4845276,617.5628052,,,22.5414505,63.47608566,108,070801010302,F070801010302_42,32
1331,473.7598802,3303.99134,723_57_1,1.710530043,0.816085875,121.5967941,396.6177368,78,207.5143127,100,1383.428711,5.781591415,67.3948822,0.799764156,0.228504047,41.79930235,0.004727048,139.5004883,12.46119881,1037,519,0.00284275,29.45052598,58901,26.505473,0.00010117,329.1111145,604.1320801,0.23429054,0.634125471,4.587610722,12.41672325,108,070801010405,F070801010405_36,32
1332,471.4406616,3301.487756,104_6_2,1.684167027,0.815467477,121.5046539,396.3171997,86,228.6244659,100,1524.163086,5.692484379,66.35617828,0.799158156,0.228330895,37.93821144,0.004290401,131.0000992,11.79863453,941,471,0.002579836,56.33831692,112677,50.70448732,0.000193537,350.1291199,624.9416504,0.257971674,0.74337393,2.396329403,6.905288696,108,070802060602,F070802060602_278,32
1333,471.4451221,3301.454129,104_6_1,1.684167027,0.815459192,121.503418,396.3131714,86,228.6221466,100,1524.147705,5.692484379,66.35617828,0.79914999,0.228328571,30.05989885,0.003399449,131.0000839,11.79863358,746,374,0.002048532,8.803793907,17608,7.923414469,3.02433E-05,350.1255493,624.9353027,0.324875444,0.936164558,15.33472919,44.1887207,108,070802060602,F070802060602_278,32
1334,472.5582058,3301.385547,138_7_1,1.699493527,0.815442204,121.500885,396.3049011,78,207.3506012,100,1382.337402,5.744287968,66.96004486,0.79913336,0.228323817,126.8225189,0.014342253,137.3751678,12.28738046,3479,1739,0.009525128,167.3076009,334615,150.5768396,0.000574745,328.8515015,603.6555176,0.069868252,0.189103797,0.806902885,2.183944702,108,070802060602,F070802060602_42,24
1335,472.1296847,3300.810113,499_1_1,1.69475019,0.815300107,121.4797134,396.2358398,78,207.31427,100,1382.095093,5.728255749,66.77315521,0.798994124,0.228284031,74.85917652,0.008465762,131.0004456,11.79865913,1857,928,0.00508299,70.00981081,140019,63.00882959,0.000240502,328.7939758,603.5501099,0.130904868,0.354303867,1.927979231,5.218220711,108,070802060704,F070802060704_478,32
1336,471.9334095,3297.462009,128_46_1,1.668376803,0.814473093,121.3564911,395.8339233,78,207.1042175,100,1380.694824,5.639113426,65.73404694,0.79818362,0.228052467,200.0000009,0.022617833,151.8538788,9.959381342,5094,2547,0.013950835,715.2492387,1430498,643.724339,0.002457068,328.4606934,602.9381104,0.047646835,0.128959835,0.188522458,0.510250568,108,070801030406,F070801030406_608,16
1337,472.1953207,3296.560074,483_4_1,1.737547874,0.81425035,121.3233032,395.7256775,78,207.0475769,100,1380.317139,5.87291193,68.45938873,0.797965348,0.227990091,77.13995165,0.008723693,152.3054718,13.51761703,2255,1127,0.006172984,90.67047498,181340,81.60342686,0.000311477,328.3708801,602.7732544,0.107651554,0.291367233,1.486742735,4.023983955,108,070801010403,F070801010403_233,32
1338,474.011669,3296.390845,388_1_2,1.699616909,0.814208567,121.3170776,395.7053528,86,228.2715149,100,1521.810059,5.7447052,66.96490479,0.797924399,0.227978393,200.0000007,0.022617833,142.0183529,12.68868499,5112,2557,0.014005608,251.1482665,502298,226.0334377,0.00086276,349.5885925,623.9768677,0.047445085,0.136718258,0.536721826,1.546623349,108,070802060601,F070802060601_70,24
1339,470.8814581,3295.424132,699_30_1,1.708279848,0.813969731,121.2814865,395.5892944,6,15.92124748,100,106.1416473,5.773985863,67.30622864,0.797690332,0.227911532,200.0000019,0.022617833,135.0926971,11.01467184,4995,2497,0.013676967,597.864949,1195729,538.0784552,0.002053823,137.2027283,411.5105286,0.048570879,0.054947026,0.225397408,0.254986465,108,070802060406,F070802060406_164,32
1340,472.2859969,3294.239159,85_3_2,1.658326745,0.813677073,121.2378845,395.447052,78,206.9015961,100,1379.343994,5.605144501,65.33807373,0.797403514,0.227829576,185.4229179,0.020969323,134.8861062,12.12080165,4623,2311,0.012658178,168.6291418,337259,151.7662304,0.000579285,328.1394653,602.3486328,0.052461222,0.141990244,0.798846245,2.162137508,108,070802060301,F070802060301_110,32
1341,472.5481351,3293.029804,174_4_1,1.72967124,0.813378334,121.1933746,395.3018799,78,206.8258362,100,1378.838867,5.846288681,68.14904785,0.797110796,0.227745935,51.18430294,0.00578839,133.1250267,11.95610499,1274,637,0.003489078,15.78805911,31576,14.20925357,5.42361E-05,328.0192261,602.1276855,0.190256476,0.514943838,8.529186249,23.08490181,108,070801030603,F070801030603_396,24
1342,472.1090973,3292.100308,594_27_1,1.652389288,0.813148797,121.1591721,395.1903076,86,227.9737854,100,1519.825195,5.585075855,65.10414124,0.796885848,0.227681667,39.06694931,0.004418049,133.1239319,11.95602679,1001,500,0.00273868,20.42076821,40841,18.37869111,7.01507E-05,349.1329651,623.1640625,0.242318347,0.69826591,6.592372417,18.99661827,108,070802060804,F070802060804_241,32
1343,472.9525892,3291.2129,128_30_2,1.631695032,0.812929571,121.126503,395.0837708,78,206.711731,100,1378.078247,5.515129089,64.28878784,0.796670973,0.227620274,27.45667386,0.003105052,151.4167404,13.45552778,742,372,0.002037578,74.20852757,148417,66.78767538,0.000254926,327.8382263,601.7955322,0.325608879,0.881285548,1.813605666,4.90866375,108,070801030406,F070801030406_540,16
1344,470.8667484,3290.923159,489_8_1,1.601144075,0.812858045,121.1158524,395.0490112,78,206.6935425,100,1377.956909,5.411867142,63.08507538,0.796600878,0.227600247,199.999996,0.022617833,130.9994545,11.79858899,4963,2481,0.013589329,109.5758583,219151,98.61827328,0.000376422,327.8093872,601.7425537,0.048817351,0.132127926,1.228127837,3.32402277,108,070802060502,F070802060502_192,8
1345,470.48909,3289.928621,703_10_2,1.684490323,0.812612355,121.0792389,394.9295959,78,206.631073,100,1377.540527,5.69357729,66.36891937,0.796360135,0.227531463,200.0000034,0.022617834,140.9567936,12.57999625,5137,2568,0.014065859,119.2120262,238423,107.2908241,0.000409525,327.7103271,601.5606689,0.047149237,0.127613053,1.128514409,3.054411411,108,070801030303,F070801030303_572,8
1346,471.2328327,3289.554395,434_28_1,1.708805203,0.812519908,121.0654678,394.8846741,86,227.7980194,100,1518.653442,5.775761604,67.32692719,0.796269536,0.22750558,107.630542,0.012171848,134.5276446,12.06806932,2695,1347,0.007378003,84.21271105,168426,75.79144096,0.000289293,348.8634949,622.6826782,0.089877851,0.25899294,1.597350121,4.602940559,108,070801030303,F070801030303_425,8
1347,473.3053068,3289.175449,138_17_2,1.671702385,0.812426329,121.0515213,394.8392029,78,206.5837708,100,1377.225098,5.650353909,65.86507416,0.796177804,0.227479368,20.30636406,0.00229643,147.9999542,13.1236887,560,280,0.001533661,26.65032005,53301,23.98528862,9.15508E-05,327.6352844,601.4229736,0.432326853,1.170125961,5.046906948,13.65984344,108,070802060602,F070802060602_42,24
1348,469.6359082,3288.922656,456_2_1,1.579338789,0.812363923,121.0422211,394.8088684,70,185.3812103,100,1235.874756,5.338165283,62.22594833,0.79611665,0.227461904,134.6511183,0.015227583,136.6669483,12.25994098,3551,1775,0.009722313,108.2607933,216521,97.4347145,0.000371904,306.4234314,580.1900635,0.068192802,0.172632918,1.242290497,3.144910336,108,070801030301,F070801030301_82,16
1349,470.4614217,3287.486951,473_5_2,1.728236556,0.812009275,120.9893799,394.6365051,86,227.6549225,100,1517.699463,5.841439724,68.09252167,0.795769095,0.227362603,35.47648013,0.004012006,133.8334605,12.00860055,884,442,0.002420993,16.37961042,32759,14.74164909,5.62682E-05,348.6442871,622.2914429,0.273731619,0.788787961,8.207316399,23.65029144,108,070801030301,F070801030301_166,16
1350,467.9826741,3284.765326,836_150_1,1.662899017,0.811337054,120.8892212,394.3098145,74,195.726944,100,1304.846313,5.620598793,65.51821899,0.795110285,0.227174371,29.04357052,0.003284513,136.6671982,12.22569275,740,370,0.002026623,29.22436905,58449,26.30193138,0.000100393,316.6161499,590.0367432,0.326727629,0.855719328,4.596210957,12.03775311,108,070802060302,F070802060302_54,32
1351,471.112059,3284.586948,137_10_2,1.672758222,0.811292946,120.8826523,394.2883606,79,208.9402008,100,1392.934692,5.653922558,65.90667725,0.795067072,0.227162018,51.75772985,0.005853239,131.0003967,11.79865551,1284,641,0.003510987,19.37688996,38754,17.43920087,6.65647E-05,329.8228455,603.2285767,0.188584477,0.514544249,6.93166256,18.91272736,108,070802060602,F070802060602_81,32
1352,473.5880761,3282.616683,138_6_2,1.686839819,0.810806334,120.8101425,394.0518799,80,211.4582825,100,1409.721924,5.701518536,66.46148682,0.794590235,0.227025777,26.69007921,0.003018359,133.8335775,12.00861136,690,345,0.001889689,41.08316076,82167,36.97484529,0.000141131,332.2684326,605.5101318,0.350174338,0.963096917,3.26736021,8.986337662,108,070802060602,F070802060602_530,24
1353,469.991381,3281.930433,487_40_2,1.656885862,0.810636818,120.7848892,393.9694824,78,206.1287079,100,1374.191406,5.600274086,65.28130341,0.794424057,0.226978302,20.19068873,0.002283348,130.9990489,11.79856046,500,249,0.001363863,18.8981595,37797,17.0083437,6.49201E-05,326.9136047,600.0982056,0.485079885,1.312906027,7.101508141,19.22077751,108,070802060502,F070802060502_389,16
1354,469.8098628,3280.473223,496_7_2,1.696244717,0.810276866,120.7312546,393.7945557,64,169.056015,100,1127.040039,5.733307362,66.83203888,0.794071317,0.226877525,58.23903465,0.006586204,139.500529,12.42856471,1522,761,0.004168271,74.58606148,149171,67.12745571,0.000256223,289.787262,562.8505859,0.158648163,0.380797982,1.798537612,4.316970825,108,070802060502,F070802060502_476,16
1355,469.3768075,3277.557892,423_4_1,1.643969536,0.809556782,120.6239624,393.4446106,86,226.9673462,100,1513.115601,5.55661726,64.7723999,0.793365657,0.226675898,79.80187406,0.009024727,131.0002975,11.7986486,1980,990,0.005422586,66.39766091,132795,59.75789386,0.000228093,347.5913086,620.4119873,0.121842384,0.351102322,2.018544436,5.816659451,108,070801030303,F070801030303_737,8
1356,464.7701671,3275.00747,397_28_1,1.628293037,0.808926821,120.530098,393.1384277,92,242.613327,100,1617.422119,5.503630638,64.15474701,0.792748272,0.226499513,200.0000018,0.022617833,134.8246511,11.25469871,5078,2541,0.013917971,319.8445487,639690,287.8600926,0.00109875,363.1434326,635.75177,0.047434121,0.142913595,0.418710679,1.261527538,108,070802060602,F070802060602_161,24
1357,469.3817056,3274.452674,411_11_2,1.600230336,0.80878979,120.5096817,393.0718384,76,200.385498,100,1335.90332,5.408778667,63.04907608,0.792613983,0.226461142,23.05642325,0.002607432,140.9162903,8.743712227,192,95,0.000520349,6.680449024,13361,6.012404218,2.29491E-05,320.8951721,593.4573364,1.268522978,3.377843857,20.04351044,53.37218857,108,070802060602,F070802060602_260,24
1358,470.3910065,3274.406169,144_2_1,1.712343693,0.808778346,120.5079727,393.0662842,86,226.7490997,100,1511.660645,5.787721634,67.46633911,0.792602777,0.226457939,24.30159312,0.002748247,130.9966125,11.79838872,603,302,0.001654163,12.83270311,25665,11.54943246,4.40837E-05,347.2570801,619.8153687,0.39903301,1.149857879,10.43410301,30.06702614,108,070801030407,F070801030407_488,16
1359,469.1405022,3274.198468,487_12_2,1.647369981,0.808727026,120.5003281,393.0413208,78,205.6423645,100,1370.949097,5.568110466,64.9063797,0.792552471,0.226443574,111.719018,0.012634211,130.9995461,11.79859543,2772,1386,0.00759162,80.95614767,161912,72.86053228,0.000278106,326.1427002,598.6837158,0.086941071,0.235312194,1.653849125,4.476260185,108,070802060502,F070802060502_393,16
1360,469.1891178,3273.842958,656_21_2,1.628753185,0.808639228,120.4872437,392.9986572,76,200.3484497,100,1335.656372,5.505185604,64.17287445,0.792466462,0.226418987,43.97243881,0.004972806,131.0003662,11.7986536,1091,546,0.002990638,32.00640869,64013,28.80576706,0.00010995,320.8356934,593.3471069,0.220672607,0.587611139,4.182747364,11.13789749,104,070801030202,F070801030202_256,32
1361,470.9140401,3272.97467,496_30_1,1.713516593,0.808424771,120.4552917,392.8944397,78,205.5662537,100,1370.44165,5.791686058,67.51255035,0.792256296,0.226358935,43.25333458,0.004891484,148.0005035,13.12373638,1194,597,0.003269984,43.91071886,87821,39.51964849,0.000150845,326.0215454,598.4606934,0.201767653,0.546099722,3.047984838,8.249606133,108,070802060502,F070802060502_546,16
1362,467.9483099,3272.625706,104_1_2,1.689347744,0.808338523,120.4424362,392.8525085,86,226.6257935,100,1510.838623,5.70999527,66.56030273,0.792171776,0.22633478,29.68742371,0.003357326,131.0018412,11.79875724,736,368,0.002015668,22.17931271,44359,19.96138144,7.61917E-05,347.0682373,619.4782715,0.327289224,0.943120182,6.033772469,17.38698578,108,070802060602,F070802060602_175,32
1363,468.1324756,3271.714945,27_12_2,1.694605112,0.808113575,120.4089203,392.7431946,78,205.4871216,100,1369.914185,5.727765083,66.7674408,0.791951299,0.226271808,164.5818427,0.018612423,134.3051542,12.04592379,4184,2090,0.011447681,125.7845246,251568,113.206069,0.000432103,325.8960571,598.2303467,0.057611924,0.15593113,1.063626051,2.878786087,104,070801030202,F070801030202_216,32
1364,469.2928088,3270.60228,496_14_2,1.688460469,0.807838738,120.3679733,392.6096191,86,226.485672,100,1509.904541,5.706996441,66.52534485,0.791681945,0.226194844,22.10106659,0.002499391,147.9994965,13.1236496,610,305,0.001670595,22.37623215,44752,20.13860893,7.68682E-05,346.8536377,619.0952759,0.394649088,1.137225032,5.976975441,17.22331619,108,070802060502,F070802060502_395,16
1365,471.7797666,3270.582587,656_15_2,1.746881843,0.80783391,120.3672562,392.6072693,76,200.1489258,100,1334.326172,5.90446043,68.82714081,0.791677237,0.226193488,199.9999942,0.022617833,138.1402618,11.33356748,4949,2475,0.013556465,104.5207915,209041,94.0687102,0.000359056,320.5161743,592.7562256,0.048633236,0.129501492,1.279567361,3.407255888,104,070801030202,F070801030202_256,32
1366,469.5143758,3270.243143,559_14_2,1.683224201,0.807750046,120.3547592,392.5665283,79,208.0279541,100,1386.853027,5.689297676,66.31903076,0.791595042,0.226170018,25.49336338,0.002883023,130.9997177,11.79860735,632,316,0.001730846,15.78053427,31561,14.20248103,5.42103E-05,328.3827209,600.5944824,0.380869478,1.039185882,8.474206924,23.12150383,108,070802060501,F070802060501_73,16
1367,466.5831737,3270.19645,93_28_2,1.65689373,0.807738543,120.3530426,392.5609436,78,205.3917542,100,1369.27832,5.600300789,65.28161621,0.791583776,0.226166785,50.89870262,0.005756092,137.8010966,12.33968226,1393,697,0.00381772,51.29783964,102595,46.16805446,0.000176221,325.744812,597.9526978,0.172672942,0.467352659,2.606846809,7.055632114,108,070801030406,F070801030406_424,24
1368,468.3388091,3266.620319,525_8_1,1.697392821,0.806855202,120.2214279,392.1316223,77,202.5366058,100,1350.244019,5.737187862,66.87727356,0.790718079,0.225919455,132.3978109,0.014972758,138.2243118,12.36177325,3523,1762,0.009651108,144.5210149,289041,130.0689139,0.000496467,322.7580261,594.6682129,0.068230093,0.183177084,0.92429024,2.481438637,108,070802060502,F070802060502_178,16
1369,469.4445253,3265.22137,487_35_2,1.703670502,0.806509674,120.1699448,391.9637146,78,205.0791321,100,1367.194214,5.758406162,67.12461853,0.790379465,0.225822702,52.52048582,0.005939498,130.9995401,11.79859516,1303,650,0.003560284,24.80228177,49603,22.32205418,8.52023E-05,325.2490845,597.0428467,0.184876844,0.500383198,5.383462429,14.57075024,108,070802060502,F070802060502_345,16
1370,469.2951245,3264.938414,421_27_1,1.558525681,0.806439817,120.1595306,391.9297485,83,218.2062378,100,1454.708252,5.26781702,61.40591049,0.790311038,0.225803152,38.47277451,0.004350854,131.0004578,11.79866028,954,477,0.002612701,10.78029251,21561,9.702262878,3.70331E-05,338.3657837,610.1359863,0.251906782,0.709362209,12.38469124,34.87493515,108,070801030605,F070801030605_51,32
1371,466.8419243,3264.716271,496_23_1,1.639686108,0.806384921,120.1513519,391.9030762,78,205.0475616,100,1366.983765,5.542139053,64.60363007,0.790257215,0.225787774,101.2963629,0.011455521,139.5005951,12.42857011,2648,1323,0.007246547,111.6472607,223294,100.4825354,0.000383538,325.1989136,596.9506226,0.090817347,0.245804161,1.19574368,3.236372471,108,070802060502,F070802060502_476,16
1372,470.8503978,3264.180374,723_51_2,1.682922006,0.806252539,120.1316299,391.8387451,76,199.7566833,100,1331.711182,5.688276291,66.30712891,0.790127516,0.225750715,31.47394085,0.003559362,133.8331401,12.00857798,806,402,0.002201899,39.69084167,79382,35.72175837,0.000136348,319.8883057,591.595459,0.29883489,0.795742035,3.362982035,8.95499897,108,070801010405,F070801010405_224,32
1373,471.1978891,3263.899665,476_19_1,1.726418853,0.806183219,120.1212997,391.8050537,78,204.9962616,100,1366.641724,5.835295677,68.02090454,0.790059566,0.225731298,200.0000003,0.022617833,135.8157211,12.1583333,5170,2583,0.01414802,253.3681256,506737,228.0313101,0.000870386,325.1175537,596.8013306,0.046504568,0.125868201,0.526775479,1.425758362,108,070802060704,F070802060704_435,32
1374,467.6663919,3263.505625,489_6_1,1.632546663,0.806085885,120.1067963,391.7577515,78,204.9715271,100,1366.476807,5.518007755,64.32234192,0.789964139,0.225704044,31.89804821,0.003607324,131.0005188,11.79866409,792,396,0.002169034,10.66398937,21327,9.597590243,3.66336E-05,325.0783081,596.729248,0.303299993,0.820904791,12.51426601,33.87082672,108,070802060502,F070802060502_192,8
1375,468.8067532,3260.833506,594_27_2,1.652389288,0.805425882,120.0084534,391.4369812,86,225.8091888,100,1505.394531,5.585075855,65.10414124,0.789317369,0.22551924,77.30331453,0.008742167,131.0005856,11.79866886,1918,958,0.00524731,37.99046029,75981,34.19141444,0.000130507,345.817627,617.2461548,0.125269786,0.360978723,3.509900331,10.11416531,108,070802060804,F070802060804_241,32
1376,467.6693102,3260.713905,525_6_2,1.674813151,0.805396318,120.0040512,391.4226074,84,220.5497284,100,1470.331543,5.660868645,65.98764038,0.789288402,0.22551097,121.0528857,0.01368977,132.8895493,11.94101318,3002,1501,0.008221517,117.955025,235910,106.1595237,0.000405206,340.553772,611.9723511,0.079949401,0.226884589,1.130412459,3.207943678,108,070802060502,F070802060502_60,16
1377,468.5887222,3259.889481,420_5_1,1.695424199,0.805192709,119.9737167,391.3236694,77,202.1194916,100,1347.463257,5.7305336,66.79971313,0.789088845,0.225453958,200.0000027,0.022617834,138.8753672,12.53794098,5513,2756,0.015095603,205.1683805,410337,184.6515402,0.000704807,322.0932007,593.4431763,0.043531828,0.116869815,0.649730384,1.744329929,108,070801030303,F070801030303_549,16
1378,468.1465306,3259.807044,128_21_2,1.74077642,0.805172324,119.9706726,391.3137512,78,204.739212,100,1364.928101,5.883824348,68.58659363,0.789068878,0.225448251,74.03393437,0.008372436,142.3314575,10.812172,825,414,0.002267627,41.43515497,82870,37.2916395,0.000142341,324.7098999,596.0529785,0.289784223,0.784323454,3.217092991,8.707310677,108,070801030406,F070801030406_608,16
1379,470.3033775,3258.059219,434_3_1,1.697663903,0.804740608,119.9063492,391.1039429,86,225.6169739,100,1504.113159,5.738103867,66.88795471,0.788645804,0.225327373,75.75359154,0.008566911,128.8216302,11.6578474,1823,911,0.004989875,70.40406749,140809,63.3636583,0.000241856,345.5233154,616.7209473,0.131620586,0.379279166,1.892352104,5.453020096,108,070801030303,F070801030303_16,8
1380,468.3924919,3256.493266,85_3_1,1.658326745,0.804353833,119.8487244,390.9159546,78,204.5310974,100,1363.540649,5.605144501,65.33807373,0.788266778,0.225219071,200.0000012,0.022617833,130.999527,11.79859434,4961,2480,0.013583852,175.84835,351696,158.2635158,0.000604085,324.3798218,595.4470215,0.048326097,0.13079831,0.757273257,2.049618483,108,070802060301,F070802060301_110,32
1381,468.8218887,3254.249144,602_47_2,1.57163322,0.80379951,119.7661285,390.6465759,69,180.8065338,100,1205.376953,5.312120438,61.92234802,0.787723541,0.22506386,100.2802539,0.01134061,131,8.756162473,1690,846,0.004633846,90.50327241,181006,81.45294571,0.000310902,300.5726624,571.453125,0.141567528,0.355286837,1.470371962,3.690138578,108,070801010602,F070801010602_536,24
1382,467.5362069,3252.407191,487_23_2,1.688421369,0.803344548,119.6983414,390.4254456,78,204.2744598,100,1361.829712,5.706864357,66.52380371,0.787277639,0.22493647,21.58619475,0.002441165,131.0006943,11.79867649,536,268,0.001467932,14.63750196,29275,13.17375147,5.02836E-05,323.9728088,594.6998901,0.446635604,1.208853722,9.08612442,24.5922966,108,070802060502,F070802060502_393,16
1383,466.2421025,3251.909523,393_27_1,1.650490522,0.803221643,119.6800232,390.3657227,77,201.6247101,100,1344.164795,5.578658104,65.02932739,0.787157238,0.224902064,,,,,,,,56.1786843,112359,50.56081464,0.000192988,321.3047485,591.9904175,,,2.367050886,6.35481739,108,070801030408,F070801030408_98,8
1384,466.2356109,3250.309563,443_21_2,1.714954734,0.802826464,119.6211395,390.1736755,78,204.1426086,100,1360.950684,5.796546936,67.56921387,0.786769927,0.224791408,200.0000005,0.022617833,144.031917,12.82985755,5390,2696,0.014766961,152.757419,305514,137.4816757,0.000524762,323.7637329,594.3162842,0.044369858,0.120090403,0.870087862,2.354959249,108,070801030303,F070801030303_82,8
1385,464.6193793,3249.352397,60_25_1,1.656934142,0.802590013,119.5859146,390.0587463,76,198.8497009,100,1325.664673,5.600437164,65.28320313,0.786538184,0.224725202,27.91387042,0.003156756,131.0003586,11.79865313,692,346,0.001895166,20.30374891,40607,18.2733742,6.97487E-05,318.4356079,588.9084473,0.34562403,0.920334101,6.544270992,17.42620659,104,070801030202,F070801030202_256,32
1386,466.9225487,3249.191069,396_13_2,1.698587298,0.802550197,119.5799789,390.0393982,73,190.9902496,100,1273.268311,5.741225243,66.92433929,0.786499202,0.224714056,38.48714703,0.004352479,147.4327698,10.10535869,995,496,0.00271677,22.67466933,45350,20.40720257,7.78934E-05,310.5702209,581.0296631,0.241088673,0.626149654,5.859694958,15.21865749,108,070801030603,F070801030603_3,24
1387,465.2479099,3249.11582,559_8_1,1.661819696,0.8025316,119.5772095,390.030365,79,206.6839905,100,1377.893311,5.616950512,65.47569275,0.786480963,0.224708855,101.3967726,0.011466876,137.6108322,12.29325533,2598,1299,0.00711509,135.1601356,270320,121.6441211,0.00046431,326.2612,596.7143555,0.092053279,0.251163363,0.983008564,2.682096004,108,070802060501,F070802060501_126,16
1388,463.180102,3248.115048,87_11_1,1.631318092,0.80228442,119.5403748,389.9102173,78,204.0048828,100,1360.032593,5.51385498,64.27393341,0.78623873,0.224639639,43.49410629,0.004918712,147.9998474,13.12368011,1200,600,0.003286416,51.2437706,102488,46.1193924,0.000176036,323.5452576,593.9151001,0.199233964,0.539242089,2.591976404,7.015384197,108,070802060301,F070802060301_213,32
1389,466.5455162,3248.098805,138_23_1,1.647121906,0.802280426,119.5397797,389.9082947,79,206.6193085,100,1377.462036,5.567272186,64.89660645,0.786234796,0.224638522,,,,,,,,29.18144035,58363,26.26329613,0.000100246,326.1590881,596.5275879,,,4.551590919,12.41881752,108,070802060602,F070802060602_181,24
1390,466.7723612,3247.838396,128_51_1,1.687924981,0.802216113,119.5301971,389.8770447,78,203.9875183,100,1359.916748,5.705186367,66.50424194,0.786171794,0.224620506,101.9763757,0.011532423,144.8827209,12.95365334,2769,1385,0.007586143,360.5245508,721049,324.4720932,0.001238496,323.5177002,593.864563,0.086303391,0.233586788,0.368383586,0.99705863,108,070801030406,F070801030406_497,16
1391,464.3921091,3247.756289,723_21_2,1.578330755,0.802195787,119.5271759,389.867157,74,193.5217133,100,1290.144775,5.334757805,62.18623352,0.786151886,0.224614814,162.2887138,0.018353095,138.6513233,12.40730917,4349,2174,0.01190778,80.35530912,160709,72.31977956,0.000276042,313.0488892,583.388855,0.0549803,0.14399673,1.652759075,4.328675747,108,070801010405,F070801010405_53,32
1392,464.8566383,3247.722807,411_5_1,1.594827771,0.802187562,119.5259476,389.8631592,68,177.8289642,100,1185.526367,5.390517712,62.83621597,0.786143839,0.224612519,191.1591641,0.02161803,143.6278381,10.19420685,4776,2387,0.013074457,206.835567,413671,186.15201,0.000710534,297.3549194,567.6921387,0.050073709,0.12457265,0.642087877,1.597376943,108,070802060602,F070802060602_219,24
1393,463.8836966,3245.377562,85_2_2,1.607738256,0.801608264,119.4396286,389.581604,78,203.832901,100,1358.885986,5.434155464,63.34488678,0.785576105,0.22445032,42.35988617,0.004790444,131.0000458,11.79863071,1051,526,0.002881091,47.97356796,95947,43.17621231,0.000164802,323.272522,593.4144897,0.227071539,0.614586532,2.766329527,7.48728323,108,070802060301,F070802060301_110,32
1394,464.6340162,3245.233746,128_9_1,1.667154908,0.80157274,119.4343414,389.5643616,78,203.8239136,100,1358.82605,5.63498354,65.68590546,0.785541296,0.224440366,22.88343811,0.002587869,159.3332214,14.16390038,682,341,0.00186778,70.36303711,140726,63.32673264,0.000241715,323.2582397,593.3883057,0.350247324,0.947971404,1.886001945,5.104609489,108,070801030406,F070801030406_540,16
1395,464.4934053,3241.453736,656_29_1,1.646395206,0.800639093,119.2952271,389.1105957,76,198.3661346,100,1322.440918,5.564815998,64.86797333,0.784626305,0.22417894,82.54382801,0.009334813,131.0003052,11.79864915,2047,1023,0.005603339,46.51304746,93025,41.86174095,0.000159784,317.661377,587.4767456,0.116613127,0.310519427,2.849743605,7.588346004,104,070801030202,F070801030202_256,32
1396,464.2971,3241.026156,617_14_1,1.691329479,0.800533473,119.2794876,389.0592651,69,180.0717926,100,1200.478638,5.716693878,66.63838196,0.784522831,0.224149376,27.97657894,0.003163848,147.9994354,13.19474792,823,411,0.002251195,25.53681646,51074,22.98313485,8.77256E-05,299.3512878,569.1310425,0.290217727,0.728348613,5.189870358,13.02482414,108,070801010604,F070801010604_219,32
1397,465.1966274,3239.916514,424_9_2,1.700307369,0.800259352,119.2386398,388.9260559,82,213.9247742,100,1426.165161,5.747038841,66.99211121,0.784254193,0.22407262,84.07392728,0.00950785,131.0000966,9.136475891,2062,1032,0.005652635,78.24497938,156491,70.4204821,0.000268792,333.1634216,602.8508301,0.115541317,0.322832763,1.69323802,4.731058598,108,070801030303,F070801030303_700,8
1398,465.0586717,3238.516109,434_29_2,1.646618366,0.799913466,119.1871033,388.7579346,86,224.2637329,100,1495.091553,5.565569878,64.87676239,0.783915222,0.223975778,32.07060432,0.003626838,139.098114,12.42683029,841,420,0.002300491,44.0304203,88061,39.62737656,0.000151256,343.4508362,613.0216675,0.283778816,0.817740083,3.007696152,8.667009354,108,070801030303,F070801030303_20,8
1399,463.0354703,3237.286657,559_18_2,1.700373411,0.79960978,119.141861,388.6103516,79,205.9314575,100,1372.876343,5.747262001,66.99471283,0.783617556,0.223890737,33.2617604,0.003761545,137.7998962,12.32864265,866,432,0.002366219,74.03007016,148060,66.62706318,0.000254313,325.0733032,594.5418091,0.275791347,0.7524845,1.788190246,4.878997803,108,070802060501,F070802060501_126,16
1400,463.4143104,3237.101546,161_1_1,1.665908933,0.799564064,119.1350479,388.5881348,86,224.1657867,100,1494.438599,5.630772114,65.6368103,0.783572793,0.223877937,101.7447346,0.011506227,136.2888667,12.21145026,2533,1267,0.006939815,96.20120513,192401,86.58108363,0.000330476,343.3008423,612.7539063,0.09402924,0.270955682,1.375993967,3.965079069,108,070802060602,F070802060602_312,24
1401,462.5929073,3234.888002,23_19_2,1.644876838,0.79901731,119.0535812,388.3224182,73,190.1497955,100,1267.665283,5.5596838,64.80814362,0.783036947,0.223724842,147.6387921,0.016696348,148.9942576,11.52023368,3699,1850,0.010133115,468.8762303,937754,421.9886071,0.001610713,309.2033691,578.472229,0.064353287,0.167136952,0.282125115,0.732729197,105,070600060901,F070600060901_38,32
1402,460.860571,3234.344409,458_77_1,1.649580836,0.79888308,119.033577,388.2571716,5,13.02179432,100,86.81196594,5.575583458,64.9934845,0.7829054,0.223687261,200.0000032,0.022617834,134.1885262,8.4234912,4080,2040,0.011173813,416.7994456,833599,375.1195054,0.001431815,132.0553741,401.2789612,0.058349792,0.064733028,0.317321748,0.352035463,108,070802060801,F070802060801_241,24
1403,464.5597341,3231.414838,496_20_2,1.646540165,0.79815948,118.925766,387.9055176,78,202.9559937,100,1353.039917,5.56530571,64.87368011,0.782196283,0.22348465,40.56047392,0.00458695,136.6705729,12.21883488,1052,526,0.002881091,43.07834196,86156,38.77050734,0.000147985,321.8817749,590.8615112,0.226094618,0.61194253,3.067428589,8.302232742,108,070802060502,F070802060502_476,16
1404,461.8036663,3231.188096,703_13_2,1.650729418,0.798103452,118.9174118,387.8782654,77,200.3399353,100,1335.599609,5.579465389,65.03874207,0.782141387,0.223468959,46.77328992,0.005289552,146.7251778,13.0836215,1339,670,0.003669831,35.95168221,71905,32.35651302,0.000123503,319.2573547,588.2182007,0.17748867,0.476503521,3.675223351,9.866865158,108,070801030303,F070801030303_637,8
1405,467.3968893,3231.142962,723_51_1,1.682922006,0.798092306,118.9157562,387.8728638,78,202.9388275,100,1352.925537,5.688276291,66.30712891,0.78213048,0.223465845,200.0000014,0.022617833,139.5401731,12.47473969,5165,2583,0.01414802,237.8624787,475725,214.0762301,0.00081712,321.8545837,590.8117065,0.046037845,0.124604948,0.555483222,1.503457785,108,070801010405,F070801010405_224,32
1406,462.0962626,3231.125063,160_17_2,1.643685579,0.798087895,118.9151001,387.8707275,78,202.9377899,100,1352.918579,5.555657387,64.76121521,0.782126129,0.223464608,62.83179283,0.007105595,136.099588,12.21706333,1590,795,0.004354501,166.2663687,332532,149.6397287,0.000571168,321.8529053,590.8085327,0.149578735,0.40484643,0.794676006,2.150851965,108,070802060602,F070802060602_417,24
1407,465.8998603,3229.726516,598_26_2,1.701413751,0.797742426,118.8636246,387.7028198,70,182.0447388,100,1213.631592,5.750778675,67.03570557,0.781787574,0.223367885,26.7060768,0.003020168,138.5588735,12.36825975,710,355,0.001944463,12.28166893,24563,11.05350174,4.21907E-05,300.9083557,569.7475586,0.334827125,0.847629189,10.75348091,27.22289848,108,070802060804,F070802060804_422,32
1408,465.6529128,3228.486586,393_6_2,1.658929229,0.797436178,118.8179932,387.5539856,49,127.3824539,100,849.2163696,5.607180595,65.36180878,0.781487465,0.223282129,31.36552739,0.003547101,140.0657501,9.700170606,746,372,0.002037578,22.55226684,45104,20.29704094,7.74729E-05,246.2004395,514.9364624,0.319403201,0.661829114,5.853956223,12.12986851,108,070801030408,F070801030408_139,8
1409,463.7774206,3226.660627,714_2_2,1.648665428,0.796985149,118.7507858,387.3347778,3,7.794508457,100,51.96339035,5.572489262,64.95742035,0.781045437,0.223155841,39.21243144,0.004434501,131.0017446,11.79875024,973,487,0.002667474,36.31581757,72632,32.68423467,0.000124754,126.5452957,395.1292725,0.243841454,0.259846598,3.633274078,3.871753454,108,070802060503,F070802060503_155,16
1410,465.2570032,3226.6193,487_32_2,1.664434195,0.796974957,118.7492676,387.329834,78,202.6547852,100,1351.03186,5.625787735,65.57870483,0.781035483,0.223152995,40.25013113,0.004551854,130.9990489,11.79856046,998,499,0.002733202,35.07593441,70153,31.56834221,0.000120495,321.4040527,589.9846191,0.23797448,0.644096315,3.761656761,10.18121433,108,070802060502,F070802060502_389,16
1411,460.2639024,3226.374275,588_8_1,1.681826353,0.796914458,118.7402573,387.300415,15,38.9691124,100,259.7940674,5.684573174,66.26396179,0.780976176,0.223136052,20.27248001,0.002292598,130.9989014,11.79855013,503,252,0.001380295,20.15378284,40307,18.13840437,6.92335E-05,157.7093658,426.2695313,0.471191496,0.625830829,6.546345234,8.694776535,108,070801010602,F070801010602_457,24
1412,464.2394365,3225.892279,458_93_1,1.646551967,0.796795368,118.7225113,387.2425537,77,200.0115662,100,1333.4104,5.565345764,64.87414551,0.78085947,0.223102704,60.43809235,0.006834893,145.1666565,8.975456039,1652,826,0.004524299,26.6692245,53338,24.00230217,9.16158E-05,318.7340698,587.2541504,0.143731847,0.385876596,4.946296692,13.27931213,108,070802060801,F070802060801_93,24
1413,462.6953651,3225.141274,137_31_2,1.614370942,0.796609879,118.69487,387.1524048,79,205.1589813,100,1367.726563,5.456573963,63.60621643,0.780677676,0.223050773,200.000002,0.022617833,133.179826,11.96125654,5037,2518,0.013791991,178.8023976,357605,160.9221568,0.000614233,323.8538513,592.3114014,0.047138549,0.128615513,0.737591863,2.01248765,108,070802060602,F070802060602_267,32
1414,461.8263636,3224.959084,22_3_1,1.658424497,0.796564877,118.6881638,387.1305237,78,202.5505066,100,1350.33667,5.605474949,65.34192657,0.780633569,0.223038167,54.42331277,0.006154687,141.6327133,12.6192956,1355,678,0.00371365,21.55196154,43104,19.39676519,7.40366E-05,321.238678,589.6810303,0.175056294,0.473803371,6.118967056,16.56145668,105,070801030402,F070801030402_154,32
1415,461.4958826,3222.064707,389_4_2,1.598882556,0.795849979,118.5816498,386.7830811,86,223.1245575,100,1487.49707,5.404222965,62.99597168,0.779932976,0.222837999,45.17385656,0.005108674,135.2496338,12.12986565,1121,560,0.003067321,55.59433153,111189,50.03489763,0.000190981,341.7062073,609.9076538,0.211752951,0.610189676,2.369978905,6.829357624,108,070802060601,F070802060601_59,16
1416,462.3002755,3215.202226,594_40_1,1.701711416,0.794154942,118.3290863,385.9592896,11,28.47829056,100,189.8552704,5.751784801,67.04743195,0.778271854,0.222363383,59.24959183,0.006700487,158.1998749,14.05361652,1751,876,0.004798167,23.85815239,47716,21.47233772,8.1959E-05,146.807373,414.4375916,0.135078862,0.167588323,5.51076889,6.837046623,108,070802060804,F070802060804_453,32
1417,456.819299,3213.274718,588_17_1,1.765984178,0.79367888,118.2581558,385.7279358,5,12.93696594,100,86.24643707,5.969026566,69.57977295,0.777805328,0.222230092,120.8479709,0.013666596,135.4072503,11.03054537,3079,1540,0.008435134,135.3099607,270619,121.7789642,0.000464825,131.1951294,398.664917,0.076791011,0.085191645,0.971088529,1.077321768,108,070801010602,F070801010602_638,24
1418,458.01799,3212.447649,583_12_2,1.727496862,0.793474555,118.2277069,385.6286316,68,175.8974457,100,1172.649658,5.83893919,68.06337738,0.777605057,0.222172871,21.65930712,0.002449433,136.6658859,12.22559214,539,269,0.00147341,13.4094255,26818,12.06848335,4.60649E-05,294.1251526,561.526062,0.4395082,1.093402028,9.796401024,24.37134361,108,070801010301,F070801010301_147,24
1419,462.55263,3211.480416,184_5_2,1.616153479,0.79323566,118.1921158,385.5125427,70,181.0163269,100,1206.775513,5.462598801,63.67644882,0.77737093,0.22210598,37.91261646,0.004287506,130.9998779,9.136464208,719,359,0.001966372,91.27697185,182555,82.14927238,0.00031356,299.2084351,566.5288696,0.329225957,0.833449662,1.438748121,3.642252922,108,070802060602,F070802060602_139,24
1420,462.1529265,3210.548914,163_21_2,1.614570856,0.793005586,118.1578293,385.4007263,86,222.3270416,100,1482.180298,5.457249641,63.61408997,0.777145445,0.222041562,184.6972229,0.020887255,130.999548,10.61541847,4552,2275,0.012460993,475.5633128,951125,428.0069868,0.001633684,340.4848633,607.7277832,0.051937506,0.149663672,0.276065201,0.795512378,108,070801030407,F070801030407_335,16
1421,459.2196731,3207.620158,456_10_1,1.564378977,0.792282164,118.0500412,385.0491333,70,180.7987213,100,1205.324829,5.287600994,61.63653183,0.776436508,0.221839011,200.0000003,0.022617833,141.7315674,12.63921881,5251,2625,0.014378069,190.4804144,380962,171.4323718,0.00065435,298.8487549,565.8478394,0.044971444,0.113847144,0.688609958,1.743245721,108,070801030301,F070801030301_82,16
1422,462.0862018,3206.874086,396_23_1,1.623893499,0.792097926,118.0225906,384.9595947,70,180.7567444,100,1205.044922,5.488759995,63.98140335,0.776255965,0.221787423,39.26084614,0.004439976,141.6254997,12.61867714,1078,539,0.002952297,34.47874997,68957,31.03087501,0.000118444,298.7793274,565.7163086,0.218965843,0.554321587,3.803392172,9.628453255,108,070801030603,F070801030603_350,24
1423,458.2515764,3206.521592,103_19_1,1.632388234,0.792010844,118.009613,384.9172668,78,201.3925171,100,1342.616821,5.517472267,64.31609344,0.776170611,0.22176303,40.80407429,0.004614499,139.4993896,12.46111202,1042,520,0.002848227,7.311608791,14623,6.580447912,2.51173E-05,319.4021301,586.3098145,0.226941571,0.614234865,17.93337059,48.53805161,104,070801030406,F070801030406_489,24
1424,461.1443249,3206.147051,590_20_1,1.641971469,0.791918337,117.9958344,384.8723145,69,178.1340637,100,1187.560425,5.549863338,64.69367218,0.776079953,0.221737131,73.92301857,0.008359893,130.9988454,9.136409611,1812,906,0.004962488,40.72552997,81451,36.65297681,0.000139903,296.1298828,563.0063477,0.130238235,0.326854169,3.219270229,8.079285622,108,070802060802,F070802060802_192,24
1425,458.3792827,3204.195565,160_13_1,1.63474524,0.791436315,117.9240112,384.6380615,78,201.2459106,100,1341.639404,5.525438786,64.40896606,0.775607586,0.221602172,200.000001,0.022617833,131.8507034,11.86166601,4962,2480,0.013583852,118.5002872,237001,106.6502589,0.000407079,319.1699219,585.8839722,0.047550004,0.128697544,1.105707645,2.992678404,108,070802060602,F070802060602_283,24
1426,460.058507,3203.82726,550_9_1,1.633007765,0.791345358,117.9104614,384.5938416,67,172.8456573,100,1152.304443,5.519566059,64.34050751,0.775518477,0.221576706,200.0000013,0.022617833,135.9698756,11.40503416,5101,2554,0.013989176,335.0831747,670165,301.5748585,0.001151098,290.7561035,557.4395142,0.046166979,0.113843426,0.390982389,0.964125812,108,070801010301,F070801010301_345,24
1427,458.2118686,3201.804277,160_13_2,1.63474524,0.790845633,117.8359985,384.3509827,78,201.0962219,100,1340.641479,5.525438786,64.40896606,0.775028706,0.221436784,,,,,,,,1.786195174,3572,1.60757567,6.13605E-06,318.9322205,585.4472046,,,73.30043793,198.39328,108,070802060602,F070802060602_129,24
1428,460.2000415,3201.011568,842_11_1,1.667841077,0.790649831,117.8068237,384.2558289,78,201.0464325,100,1340.30957,5.637302876,65.7129364,0.774836838,0.221381947,86.19774613,0.009748031,130.9992371,11.79857368,2138,1069,0.005855297,25.71199974,51425,23.14079943,8.83274E-05,318.8532715,585.3022461,0.110202827,0.298272461,5.090870857,13.7788353,104,070801030602,F070801030602_388,32
1429,463.0860183,3200.181774,532_2_1,1.675408959,0.790444911,117.7762909,384.1562195,76,195.8405457,100,1305.603638,5.662882328,66.01111603,0.77463603,0.221324578,28.50614643,0.003223736,135.2503357,12.11360025,732,366,0.002004714,65.48893166,130978,58.94003773,0.000224972,313.6168213,579.9967651,0.321793139,0.856876552,1.99823916,5.32094717,108,070802060502,F070802060502_14,16
1430,460.4132699,3199.541052,424_11_1,1.656632423,0.79028666,117.7527161,384.0793152,86,221.5647736,100,1477.098511,5.599417686,65.27131653,0.774480939,0.221280262,200.0000012,0.022617833,131.0003949,11.79865557,4963,2483,0.013600284,125.1732799,250347,112.6559522,0.000430003,339.3175049,605.644104,0.047423568,0.136656269,1.045241833,3.011980295,108,070801030303,F070801030303_770,8
1431,458.5067195,3197.845584,456_1_1,1.604342699,0.789867878,117.6903152,383.8757935,78,200.8473053,100,1338.982056,5.422678471,63.21110153,0.774070501,0.221163005,21.19097638,0.00239647,130.9969482,8.248941541,514,257,0.001407681,5.132544816,10265,4.619290233,1.76316E-05,318.5376282,584.7230835,0.457938969,1.239446044,25.47800827,68.95812988,108,070801030301,F070801030301_85,16
1432,460.3480482,3197.707279,404_1_2,1.661727905,0.789833724,117.6852264,383.8591919,92,236.8863983,100,1579.242676,5.616640091,65.47207642,0.774037063,0.221153438,200.0000013,0.022617833,134.4003624,12.05884153,5004,2499,0.013687922,117.6265429,235251,105.8638885,0.000404078,354.5716248,620.7456055,0.047092929,0.1418854,1.111665487,3.34931612,108,070802060601,F070802060601_242,16
1433,460.971334,3196.29104,186_12_1,1.677065134,0.789483905,117.6331024,383.6891785,78,200.7498169,100,1338.332153,5.668479919,66.07636261,0.773694217,0.221055493,38.56424573,0.004361198,130.9974251,11.79844618,956,478,0.002618178,17.02642177,34053,15.32377978,5.84902E-05,318.3829346,584.4389648,0.246094361,0.666073084,7.676506996,20.77705002,108,070801030407,F070801030407_295,16
1434,457.7720457,3195.92235,160_9_2,1.652179718,0.789392829,117.6195297,383.644928,78,200.7268066,100,1338.178711,5.584367275,65.0958786,0.773604989,0.221029997,200.0000004,0.022617833,133.4294564,10.63323693,4451,2225,0.012187125,326.5070279,653014,293.8563301,0.001121637,318.346344,584.3717041,0.052862711,0.143077016,0.400262028,1.083340049,108,070802060602,F070802060602_76,24
1435,457.4367275,3194.067985,53_6_1,1.641365051,0.788934767,117.5512772,383.4223022,78,200.6099396,100,1337.399658,5.547813892,64.66978455,0.773156047,0.220901728,65.63664387,0.007422793,132.7006531,11.92464561,1644,822,0.00450239,24.70480766,49409,22.23432693,8.48675E-05,318.1612244,584.0322266,0.143006414,0.387057453,5.2869277,14.30946064,104,070801030601,F070801030601_201,32
1436,456.5695903,3193.797339,525_9_1,1.578416824,0.78886795,117.5413208,383.3898315,84,216.0236053,100,1440.157349,5.335048676,62.18962097,0.773090601,0.220883027,35.81117085,0.004049855,140.4451396,12.58710384,1002,501,0.002744157,25.55583093,51112,23.00024774,8.7791E-05,333.5649414,599.4134521,0.234613419,0.665798306,5.110437393,14.50266743,108,070802060502,F070802060502_61,16
1437,459.4321647,3193.355508,658_31_1,1.619697571,0.788758814,117.5250626,383.336792,78,200.5655975,100,1337.104004,5.474577904,63.81608582,0.772983611,0.220852464,48.41354065,0.005475047,133.125206,11.95611691,1242,621,0.00340144,34.59747382,69195,31.13772663,0.000118851,318.0906677,583.9024048,0.189251304,0.512223303,3.774362326,10.21560383,104,070801030401,F070801030401_472,24
1438,458.3277748,3193.042878,393_22_2,1.560712457,0.788681567,117.5135498,383.2992554,68,174.8349152,100,1165.566162,5.275207996,61.49206924,0.772907913,0.220830843,22.81015497,0.002579581,133.8309072,12.00842126,592,296,0.001621298,30.18115222,60362,27.16303795,0.00010368,292.3484497,558.1341553,0.39700523,0.987663686,4.326230049,10.7627306,108,070801030408,F070801030408_185,8
1439,458.480965,3191.986277,577_3_1,1.645601749,0.788420618,117.4746704,383.1724243,75,192.7688446,100,1285.12561,5.562133789,64.83670807,0.772652209,0.220757768,21.95863494,0.002483284,131.0016861,11.79874659,545,273,0.001495319,50.44582812,100892,45.40124617,0.000173295,310.2435303,575.9412842,0.43031016,1.13642323,2.58747673,6.833370209,108,070801010602,F070801010602_37,24
1440,458.6747574,3190.155974,588_10_1,1.59888351,0.787968516,117.4073105,382.9526978,16,41.10041046,100,274.0027466,5.404226303,62.99600983,0.772209167,0.220631182,198.9015208,0.022493607,131.9437561,11.86856715,4940,2470,0.013529078,307.0700231,614141,276.3630164,0.001054866,158.5077209,424.0531006,0.047533326,0.064173169,0.424830049,0.573548973,108,070801010602,F070801010602_457,24
1441,460.437634,3188.307187,184_5_1,1.616153479,0.787511885,117.3392715,382.7307739,76,195.1138763,100,1300.759155,5.462598801,63.67644882,0.771761656,0.22050333,62.3648403,0.007052788,131.0003204,6.47432512,1143,571,0.003127572,62.90601444,125812,56.61541104,0.000216099,312.4531555,577.8446655,0.205497846,0.547203422,2.072567701,5.518871307,108,070802060602,F070802060602_140,24
1442,456.8966118,3187.883979,699_28_1,1.587853074,0.787407339,117.3236923,382.6799622,78,200.2219391,100,1334.812988,5.366943359,62.56141281,0.771659195,0.220474049,61.40086699,0.006943773,133.1254921,11.95613527,1544,771,0.004223044,52.83908069,105679,47.55517387,0.000181516,317.5456238,582.9019165,0.152170807,0.411862016,2.467106819,6.677414894,108,070802060406,F070802060406_111,32
1443,457.6954325,3185.753157,186_40_1,1.609020591,0.78688103,117.2452698,382.4241943,78,200.0877686,100,1333.918457,5.438489437,63.39541245,0.771143436,0.220326692,57.6135789,0.006515472,140.0650177,12.49933681,1536,768,0.004206612,47.37192269,94743,42.63473082,0.000162735,317.3330383,582.5119629,0.152663112,0.41319406,2.749994278,7.443064213,108,070801030407,F070801030407_151,16
1444,453.4726895,3182.124164,589_13_1,1.683382034,0.785984695,117.1117172,381.9885559,69,176.7993774,100,1178.662476,5.689831257,66.32524872,0.770264983,0.220075712,59.13995576,0.006688088,136.6665904,12.24031162,1523,761,0.004168271,62.13359725,124268,55.92023754,0.000213445,293.9111023,558.7879639,0.153891876,0.386216968,2.094263554,5.255898476,108,070802060802,F070802060802_131,24
1445,457.4641912,3180.797707,53_12_2,1.455812216,0.785657048,117.0628967,381.8293152,78,199.7767792,100,1331.845215,4.920645237,57.35900116,0.769943893,0.21998398,39.68346548,0.00448777,131.0014699,11.79873085,984,491,0.002689384,13.49458694,26990,12.14512825,4.63574E-05,316.8396606,581.6060791,0.238417298,0.645294607,9.638670921,26.08779907,104,070801030601,F070801030601_471,32
1446,457.122486,3179.567986,711_12_2,1.63283813,0.785353303,117.0176392,381.6817017,84,215.061142,100,1433.740967,5.518992901,64.33382416,0.769646227,0.219898924,32.99406075,0.003731271,149.7024536,13.27282333,912,456,0.002497676,8.539690375,17080,7.685721219,2.93361E-05,332.0787964,596.7428589,0.256617635,0.728242993,15.2253294,43.20724106,108,070802060501,F070802060501_146,16
1447,457.0507175,3179.50658,711_12_1,1.63283813,0.785338104,117.0153809,381.6743164,84,215.0569916,100,1433.713257,5.518992901,64.33382416,0.769631326,0.219894662,38.73616028,0.00438064,141.1998215,12.61007118,988,494,0.002705816,33.96993256,67939,30.57294035,0.000116696,332.0723877,596.7313232,0.236873239,0.672211289,3.827416658,10.86164379,108,070802060501,F070802060501_146,16
1448,459.9110171,3177.717239,397_5_2,1.653938413,0.784896135,116.9495239,381.4595337,78,199.5833588,100,1330.555664,5.590312004,65.16517639,0.769198239,0.219770923,199.9999995,0.022617833,135.2559402,9.620113675,4718,2358,0.012915614,472.968713,945937,425.6718466,0.001624771,316.5328979,581.0429077,0.049596913,0.134237871,0.274741024,0.743607759,108,070802060602,F070802060602_155,24
1449,457.3602314,3176.360341,723_66_2,1.656753659,0.784560978,116.8995895,381.2966309,78,199.4975433,100,1329.983643,5.59982729,65.27609253,0.768869758,0.219677076,34.55527878,0.003907828,145.1649399,12.98115063,983,492,0.002694861,50.75853348,101517,45.68268013,0.000174369,316.3971252,580.7941895,0.237600788,0.643083572,2.558947802,6.925975323,108,070801010405,F070801010405_229,32
1450,454.8064417,3173.980392,396_23_2,1.623893499,0.783973157,116.8120041,381.0109558,70,178.9026794,100,1192.68457,5.488759995,63.98140335,0.768293679,0.219512478,112.6977973,0.0127449,142.9003296,12.70661716,3020,1510,0.008270813,164.3049947,328609,147.8744959,0.000564431,295.7146912,559.9136353,0.077358946,0.195837542,0.789940178,1.999768019,108,070801030603,F070801030603_350,24
1451,456.2572742,3173.66649,458_15_1,1.603618741,0.783895612,116.8004456,380.9732666,68,173.773941,100,1158.49292,5.420231342,63.18257904,0.768217683,0.219490767,199.9999973,0.022617833,130.9996965,9.862495921,4841,2421,0.013260687,339.2264682,678453,305.3038243,0.001165332,290.5744019,554.7471924,0.048244711,0.120022468,0.382571191,0.951754868,108,070802060801,F070802060801_119,24
1452,455.2566636,3173.030147,489_30_2,1.597820282,0.783738434,116.7770233,380.8968811,78,199.2889557,100,1328.593018,5.400632381,62.95412064,0.768063664,0.219446763,114.9883102,0.013003932,136.4404541,10.37996155,1403,700,0.003834152,31.59284171,63185,28.43355785,0.00010853,316.065979,580.1858521,0.166824326,0.451522827,4.107014179,11.11594868,108,070802060502,F070802060502_201,8
1453,453.1087981,3172.720377,845_159_1,1.611050844,0.783661962,116.7656326,380.8597107,66,168.6127167,100,1124.084717,5.445352077,63.47540283,0.767988741,0.21942535,,,,,,,,30.93511868,61870,27.84160757,0.00010627,285.3783569,549.4724121,,,4.193925858,10.25006771,108,070802060302,F070802060302_45,32
1454,457.3384764,3172.482106,590_7_1,1.572158694,0.783603072,116.7568588,380.8310852,72,183.9267883,100,1226.178589,5.313896179,61.9430542,0.767930984,0.219408855,199.9999967,0.022617833,131.4534558,10.30787998,4768,2386,0.01306898,102.2266944,204454,92.00402444,0.000351175,300.6836548,564.7578735,0.048934139,0.12601997,1.269040823,3.268157721,108,070802060802,F070802060802_196,24
1455,455.7484233,3172.034432,397_28_2,1.628293037,0.783492506,116.740387,380.7773438,92,234.9850769,100,1566.567139,5.503630638,64.15474701,0.767822683,0.219377905,70.27058508,0.007946842,136.6657461,9.467687696,1302,651,0.003565761,148.7872065,297575,133.9084828,0.000511123,351.7254639,615.7624512,0.179324716,0.540284872,0.871792316,2.626610756,108,070802060602,F070802060602_161,24
1456,453.3373797,3168.144877,95_2_2,1.57702589,0.782531798,116.5972366,380.3104553,78,198.982193,100,1326.547974,5.330347538,62.13481903,0.766881168,0.219108909,82.71189767,0.00935382,142.334905,12.72952207,2240,1120,0.006134643,29.63330001,59267,26.66996965,0.000101798,315.5794373,579.2926636,0.104104675,0.281767368,4.371854782,11.83276367,104,070801030602,F070801030602_43,32
1457,453.5592378,3167.441542,84_14_1,1.600785255,0.78235805,116.5713501,380.2260132,86,219.3418884,100,1462.279297,5.410654068,63.07093811,0.766710877,0.219060257,45.71111202,0.005169432,136.6674347,12.24037393,1167,584,0.003198778,27.03837442,54077,24.33453751,9.28839E-05,335.9132385,599.5678711,0.199608475,0.575193882,4.790366173,13.80397034,104,070801030406,F070801030406_369,32
1458,454.6725081,3166.519848,137_21_1,1.648860812,0.78213042,116.5374298,380.115387,78,198.8796234,100,1325.864136,5.573149681,64.96511841,0.766487837,0.218996525,,,,,,,,20.22163431,40444,18.19947011,6.94666E-05,315.4170532,578.9949951,,,6.40334177,17.33111191,108,070802060602,F070802060602_267,32
1459,453.4727099,3161.655019,186_2_2,1.569575787,0.780928791,116.3583908,379.5314026,78,198.5745697,100,1323.830444,5.305166245,61.84128571,0.765310228,0.218660057,133.6887441,0.015118749,135.2501297,12.12990499,3439,1720,0.009421058,187.7387865,375477,168.9649047,0.000644932,314.9329529,578.105957,0.067650229,0.183100551,0.688654184,1.863895655,108,070801030407,F070801030407_150,16
1460,451.4992654,3160.819575,782_2_1,1.510961175,0.780722439,116.3276443,379.4310913,44,111.9867249,100,746.578186,5.107048988,59.5318718,0.765107989,0.218602285,37.05363405,0.004190365,140.0670013,9.700238556,672,335,0.001834915,24.92113423,49842,22.429021,8.56106E-05,228.3143616,491.4178162,0.347246706,0.681535423,5.186479092,10.17941761,108,070802060804,F070802060804_240,32
1461,452.5178954,3159.309596,23_19_1,1.644876838,0.780349493,116.2720718,379.2498474,73,185.707489,100,1238.049927,5.5596838,64.80814362,0.764742494,0.218497857,48.14445139,0.005444616,146.3000081,12.9912494,1278,638,0.003494555,185.9596275,371920,167.3636613,0.00063882,301.9795532,564.9573364,0.182244629,0.473322183,0.694727123,1.80433166,105,070600060901,F070600060901_38,32
1462,454.5579719,3154.227274,393_35_1,1.599826097,0.77909416,116.0850296,378.6397705,68,172.7093048,100,1151.395386,5.407412052,63.03314972,0.763512254,0.218146369,37.00615688,0.004184995,132.6987488,11.9245163,921,460,0.002519585,43.16885899,86337,38.85197372,0.000148296,288.794342,551.3490601,0.252358764,0.627813816,2.987879753,7.433196068,108,070801030408,F070801030408_176,8
1463,453.1792478,3148.583627,423_4_2,1.643969536,0.777700126,115.8773193,377.9622498,86,218.0358276,100,1453.572144,5.55661726,64.7723999,0.762146115,0.217756033,96.53873856,0.010917485,131.000323,11.79865042,2395,1198,0.006561877,93.54676193,187093,84.19208635,0.000321358,333.913147,595.9980469,0.096725643,0.278725505,1.376344562,3.966087103,108,070801030303,F070801030303_737,8
1464,453.403335,3147.573972,594_1_1,1.640060663,0.7774508,115.8401718,377.841095,86,217.9661102,100,1453.107422,5.543405056,64.61839294,0.761901796,0.217686221,36.14387989,0.004087481,130.9993134,11.79857922,897,449,0.002459334,11.92647833,23853,10.73383057,4.09706E-05,333.8062744,595.8071899,0.257995933,0.743443847,10.79206276,31.09852219,108,070802060804,F070802060804_247,32
1465,452.8378088,3145.437175,590_20_2,1.641971469,0.776923001,115.761528,377.5845642,72,182.3591461,100,1215.727661,5.549863338,64.69367218,0.761384547,0.217538446,21.14792633,0.002391601,130.9990692,11.79856205,525,262,0.001435068,15.95145893,31903,14.35631275,5.47974E-05,298.1206665,559.9437256,0.441837907,1.137865186,8.063458443,20.76582336,108,070802060802,F070802060802_192,24
1466,450.5018424,3144.924418,166_9_1,1.546388626,0.776796341,115.7426529,377.5230103,78,197.5235596,100,1316.82373,5.226793766,60.92771149,0.76126039,0.217502981,123.7025038,0.013989413,133.9143459,12.03047344,3075,1537,0.008418702,66.87531662,133751,60.1877861,0.000229734,313.2662048,575.0465698,0.075304262,0.203816652,1.923025608,5.20481348,108,070802060406,F070802060406_122,32
1467,454.8859373,3144.906206,583_8_1,1.687484622,0.776791811,115.7419815,377.520813,68,172.1992035,100,1147.994629,5.703698158,66.4868927,0.76125598,0.2175017,109.8929881,0.012427706,140.6337111,11.42961515,2955,1476,0.008084583,78.18097442,156362,70.36287656,0.000268572,287.9411926,549.7200317,0.078415975,0.195082113,1.644929647,4.09223175,108,070801010301,F070801010301_147,24
1468,455.0216498,3144.876752,456_10_2,1.564378977,0.776784539,115.7408981,377.5172729,70,177.2621002,100,1181.747314,5.287600994,61.63653183,0.761248827,0.217499673,98.61009502,0.011151733,139.5000114,12.46115732,2640,1320,0.007230115,62.17759848,124356,55.95983744,0.000213596,293.0029907,554.7793579,0.0876825,0.221971959,2.068284988,5.235951424,108,070801030301,F070801030301_82,16
1469,452.0890246,3144.18247,487_33_1,1.598221898,0.776613057,115.7153473,377.43396,52,131.6513214,100,877.6754761,5.401989937,62.969944,0.761080801,0.217451662,133.7121154,0.015121392,132.416832,11.90362358,3362,1682,0.009212919,82.5780561,165155,74.32025037,0.000283677,247.3666687,509.0852661,0.068796284,0.147066981,1.556982756,3.328388453,108,070802060502,F070802060502_339,16
1470,450.4525603,3139.441544,185_1_2,1.772865653,0.775442064,115.5408707,376.8648376,78,197.1792145,100,1314.528076,5.992285728,69.85090637,0.759933233,0.217123777,84.16234971,0.00951785,133.1248245,9.794870639,2120,1060,0.005806001,111.2715109,222542,100.1443571,0.000382247,312.7200928,574.0440674,0.109000824,0.295018941,1.153743148,3.122693062,108,070802060602,F070802060602_201,24
1471,452.6932537,3139.217023,149_36_1,1.542291999,0.775386631,115.532608,376.8378906,78,197.1653137,100,1314.435425,5.212946892,60.76630402,0.759878874,0.21710825,24.5588398,0.002777339,139.5008469,12.46121407,654,327,0.001791097,7.363157749,14726,6.626841784,2.52944E-05,312.697937,574.0031738,0.353310734,0.956262827,17.43403816,47.18656921,104,070801030603,F070801030603_530,24
1472,448.9317326,3134.147756,163_15_2,1.596237302,0.774134517,115.3460464,376.2293701,76,191.7995453,100,1278.663574,5.395282269,62.89175034,0.758651853,0.21675767,37.43136799,0.004233082,140.3490753,10.24538467,998,499,0.002733202,134.638289,269276,121.1744585,0.000462518,307.1455994,568.0289307,0.231154397,0.615522265,0.951900661,2.534738779,108,070801030407,F070801030407_343,16
1473,450.7257855,3133.437252,499_9_2,1.614594579,0.773958981,115.3198853,376.1440735,78,196.8022919,100,1312.015259,5.45732975,63.61502457,0.758479774,0.216708511,42.9526825,0.004857483,130.9998525,11.79861705,1065,532,0.002913955,35.68314075,71367,32.11482763,0.000122581,312.1221924,572.9463501,0.2167667,0.58669585,3.590861082,9.718943596,108,070802060704,F070802060704_478,32
1474,448.4053044,3132.980139,587_5_1,1.663325429,0.77384609,115.3030701,376.0892029,70,176.5913849,100,1177.275879,5.622039795,65.53501892,0.758369148,0.216676906,43.46048659,0.00491491,133.1270332,9.79500072,1079,539,0.002952297,72.30436075,144609,65.073925,0.000248384,291.8944702,552.680603,0.213920355,0.541548193,1.771878242,4.485582829,108,070801010602,F070801010602_511,24
1475,451.2220078,3130.729552,84_26_2,1.538875461,0.773290217,115.2202454,375.8190308,78,196.6320953,100,1310.880615,5.201398849,60.63169479,0.757824421,0.216521263,199.9999987,0.022617833,135.6225016,12.15223644,5069,2532,0.013868674,114.0262581,228053,102.6236322,0.00039171,311.852356,572.4511108,0.045505628,0.123164438,1.122745752,3.038796663,104,070801030406,F070801030406_361,32
1476,448.4119886,3128.417937,487_36_2,1.589262247,0.772719204,115.1351624,375.5415344,55,138.5485535,100,923.6570435,5.371706486,62.61693192,0.757264793,0.216361374,200.0000013,0.022617833,133.1889087,11.49203373,4893,2442,0.013375712,157.3250128,314651,141.5925129,0.000540453,253.6837158,514.0900879,0.047147896,0.103883587,0.813144445,1.791646361,108,070802060502,F070802060502_324,16
1477,448.1343309,3128.028406,391_19_1,1.590646505,0.772623003,115.1208267,375.4947815,70,176.3124542,100,1175.416382,5.376385212,62.67147064,0.757170558,0.216334447,199.9999994,0.022617833,136.8551676,11.55299803,5106,2549,0.01396179,57.58981133,115179,51.83083105,0.000197836,291.4332886,551.807251,0.045163132,0.1143324,2.221087694,5.622778416,108,070801030607,F070801030607_27,32
1478,450.8475297,3127.623457,516_17_2,1.625809431,0.772522986,115.1059265,375.446167,78,196.4372253,100,1309.581543,5.49523592,64.0568924,0.757072508,0.216306433,30.88585448,0.003492856,144.599645,12.88052654,831,416,0.002278582,32.82165384,65643,29.53948832,0.000112751,311.5431519,571.8834229,0.27669695,0.748901784,3.896679878,10.5466671,108,070802060603,F070802060603_427,16
1479,446.9508376,3124.555357,583_9_2,1.627020836,0.771765172,114.9930115,375.0778809,68,171.0848083,100,1140.56543,5.499330521,64.10462189,0.756329894,0.216094255,27.19711661,0.003075699,126.2105179,11.55942082,678,339,0.001856825,28.2592535,56519,25.43332767,9.70779E-05,286.0778198,546.1627197,0.339212418,0.843887389,4.521351337,11.24814701,108,070801010301,F070801010301_146,24
1480,447.8421249,3123.286941,393_17_2,1.556935906,0.77145189,114.9463348,374.9256287,76,191.1348877,100,1274.232544,5.262443542,61.34327316,0.756022871,0.216006532,199.9999981,0.022617833,136.6663233,12.22941399,5126,2564,0.01404395,360.3333054,720667,324.2999754,0.001237839,306.0812378,566.0605469,0.044830862,0.119376458,0.354444474,0.943821371,108,070801030408,F070801030408_208,8
1481,447.2939311,3118.388959,540_20_2,1.50504458,0.770242095,114.7660751,374.3376465,37,92.90650177,100,619.376709,5.087050915,59.29875565,0.754837275,0.215667784,200.0000006,0.022617833,134.0910534,12.03362439,5071,2535,0.013885106,149.8216659,299642,134.8394968,0.000514677,207.6725769,467.2441406,0.045272615,0.081922121,0.851131022,1.54014647,108,070802060503,F070802060503_151,16
1482,448.8377868,3117.694968,598_4_2,1.573991537,0.770070672,114.7405319,374.2543335,23,57.73989868,100,384.9326477,5.320091248,62.01526642,0.754669249,0.215619788,32.67573977,0.003695272,159.3335342,14.16393089,973,487,0.002667474,14.50771165,29015,13.05694091,4.98378E-05,172.4804382,431.9942322,0.235606834,0.354169279,8.787704468,13.20986557,108,070802060804,F070802060804_364,32
1483,447.1958155,3113.146156,166_9_2,1.546388626,0.768947124,114.5731201,373.708313,78,195.5278778,100,1303.519165,5.226793766,60.92771149,0.753568172,0.215305194,96.99505156,0.01096909,132.213828,11.8885795,2406,1204,0.006594741,59.76415113,119529,53.78773642,0.000205305,310.1010132,569.2362061,0.095160402,0.257558972,2.130097389,5.765273571,108,070802060406,F070802060406_122,32
1484,446.3857364,3112.474836,137_1_1,1.554457903,0.768781304,114.5484161,373.6277161,79,197.9919434,100,1319.946289,5.254067898,61.2456398,0.75340569,0.215258762,25.54634746,0.002889015,133.8331146,12.00857766,634,318,0.0017418,38.34634012,76692,34.51170535,0.00013173,312.5403442,571.6196289,0.360215157,0.982831299,3.319117785,9.056067467,108,070802060602,F070802060602_98,32
1485,447.3001001,3109.89839,489_2_2,1.55262506,0.768144906,114.4535904,373.3184204,78,195.3238831,100,1302.15918,5.247872829,61.17342758,0.752781987,0.215080574,21.7371769,0.002458239,131.0005798,11.79866886,539,270,0.001478887,6.393521309,12787,5.754168987,2.19634E-05,309.7774658,568.642334,0.423902184,1.147323966,19.89055061,53.83530807,108,070802060502,F070802060502_192,8
1486,444.0619175,3108.21018,137_2_2,1.573562264,0.767727911,114.3914566,373.1157532,79,197.7206421,100,1318.137573,5.318640232,61.99835205,0.752373338,0.214963809,20.55385879,0.002324419,135.2498169,12.11356306,537,268,0.001467932,34.2368232,68474,30.81314088,0.000117612,312.1120911,570.8364258,0.426833779,1.164597392,3.712424517,10.12918758,108,070802060602,F070802060602_97,32
1487,447.3172499,3106.400134,540_13_1,1.531077266,0.767280817,114.3248444,372.898468,76,190.1016693,100,1267.344482,5.175041199,60.32444382,0.751935184,0.214838624,43.0451175,0.004867936,136.6647085,9.467628807,1124,562,0.003078276,22.67669523,45354,20.40902591,7.79004E-05,304.4265137,563.0001221,0.20342499,0.54168421,5.601680756,14.91626835,108,070802060503,F070802060503_160,16
1488,445.8362167,3106.202973,84_23_2,1.546714544,0.76723212,114.3175888,372.8748169,78,195.091568,100,1300.610474,5.22789526,60.94055176,0.7518875,0.214824989,199.9999967,0.022617833,144.5997849,10.53789966,5179,2589,0.014180884,178.8745447,357750,160.987091,0.000614481,309.4091492,567.9663696,0.044155113,0.119509138,0.710104048,1.921950102,104,070801030406,F070801030406_420,24
1489,444.9548071,3100.396322,137_12_1,1.50585866,0.765797913,114.1038895,372.1777954,79,197.2234802,100,1314.823242,5.089802265,59.33082962,0.750481963,0.214423418,75.05712139,0.008488147,133.1248665,11.95609236,1863,931,0.005099422,73.69544169,147391,66.32589659,0.000253163,311.3273621,569.4012451,0.122560568,0.334401041,1.720352054,4.693903446,108,070802060602,F070802060602_97,32
1490,447.1573766,3099.823754,456_9_2,1.571231842,0.765656471,114.0828171,372.1090393,71,177.2186737,100,1181.457764,5.310763836,61.9065361,0.750343323,0.214383811,42.96126616,0.004858454,136.6666463,12.24030908,1066,534,0.00292491,31.1591685,62318,28.04325184,0.00010704,291.3014832,549.3276978,0.213638231,0.545508385,4.06810236,10.38757896,108,070801030301,F070801030301_85,16
1491,443.4395489,3089.435327,658_24_2,1.544582963,0.763090551,113.7004929,370.8619995,78,194.0386658,100,1293.591064,5.22069025,60.85656738,0.747828722,0.213665351,130.2095779,0.014725293,134.3997101,12.05056477,3284,1641,0.008988347,46.49480638,92989,41.84532499,0.000159722,307.7391663,564.9006348,0.069287322,0.187531486,2.717161179,7.354206562,104,070801030401,F070801030401_472,24
1492,443.0139434,3085.720673,711_11_1,1.598522186,0.762172997,113.5637741,370.4160767,84,208.7134552,100,1391.423096,5.403005123,62.98177338,0.746929526,0.21340844,38.53002334,0.004357328,146.8661906,13.09122245,1096,549,0.00300707,26.55747265,53114,23.90172538,9.12319E-05,322.2772217,579.1295166,0.206855685,0.587025881,4.751279354,13.48342896,108,070802060501,F070802060501_146,16
1493,444.6152628,3083.227985,421_25_1,1.579444289,0.761557341,113.4720459,370.1168823,83,206.0621643,100,1373.747803,5.338521481,62.23010635,0.746326208,0.213236049,22.76647568,0.002574642,130.9989471,11.79855347,565,282,0.001544615,12.15576267,24312,10.9401865,4.17582E-05,319.5342102,576.1790771,0.402383149,1.133100033,10.37203979,29.2073822,108,070801030605,F070801030605_7,32
1494,443.6992266,3082.317483,490_4_2,1.597577691,0.761332393,113.43853,370.0075378,86,213.4471283,100,1422.980835,5.399812698,62.944561,0.746105731,0.213173077,29.46009588,0.003331618,130.9945984,11.79824638,731,366,0.002004714,17.4779892,34956,15.7301898,6.00415E-05,326.8856506,583.4546509,0.309941351,0.893130183,7.211516857,20.7807827,108,070802060502,F070802060502_363,16
1495,441.967611,3081.412749,660_1_1,1.526922226,0.761108935,113.4052277,369.8989563,78,193.5347748,100,1290.231812,5.160996914,60.16073608,0.745886743,0.213110507,40.80501854,0.004614606,131.0035553,9.669102359,1011,506,0.002771544,14.22558111,28452,12.80302271,4.88686E-05,306.9400024,563.4337158,0.224121004,0.606600821,8.857691765,23.97402573,104,070801030601,F070801030601_474,32
1496,444.3395715,3079.762462,458_96_2,1.567216992,0.760701299,113.3444901,369.7008362,79,195.9110107,100,1306.073364,5.297193527,61.74834824,0.745487273,0.212996364,200.0000028,0.022617834,132.0624523,9.731887221,3479,1741,0.009536083,177.5580115,355115,159.8022119,0.000609958,309.2554932,565.6118164,0.065103099,0.177630961,0.709279835,1.935239077,108,070802060801,F070802060801_72,24
1497,442.2953777,3078.75719,84_17_1,1.564735293,0.760453045,113.3075027,369.5801697,78,193.3681335,100,1289.12085,5.288805485,61.65056992,0.745243967,0.21292685,45.49295318,0.00514476,130.9988607,11.79854743,1128,564,0.003089231,32.60020693,65201,29.340186,0.00011199,306.6756287,562.9483032,0.200899825,0.543751121,3.8618536,10.45240879,104,070801030406,F070801030406_416,24
1498,442.4326155,3072.167148,456_9_1,1.571231842,0.758825302,113.0649719,368.789093,71,175.6377106,100,1170.918091,5.310763836,61.9065361,0.743648767,0.212471083,81.13962269,0.009176012,140.4444275,12.5870533,2166,1083,0.00593198,53.14137852,106282,47.82724106,0.000182555,288.7026978,544.4268188,0.104399793,0.266576827,2.364028692,6.036365509,108,070801030301,F070801030301_85,16
1499,442.055589,3068.786873,487_25_1,1.599256516,0.75799036,112.940567,368.3833008,78,192.7417908,100,1284.945313,5.405487061,63.01070786,0.742830575,0.212237298,50.3424255,0.005693183,138.3664246,12.39764137,1309,654,0.003582193,23.18531562,46370,20.8667837,7.96476E-05,305.682373,561.1251221,0.172692001,0.467404246,5.412456989,14.64923286,108,070802060502,F070802060502_330,16
1500,443.0378429,3066.368247,450_33_2,1.5566926,0.757392943,112.8515472,368.0929565,70,172.8370514,100,1152.24707,5.261620998,61.33368683,0.742245078,0.212070018,22.28195491,0.002519848,159.3339945,14.16397603,663,332,0.001818483,24.66531226,49331,22.19878083,8.47318E-05,285.6885986,540.9299927,0.339914292,0.860507846,5.08368206,12.86956215,108,070801030301,F070801030301_151,24
1501,440.3806125,3062.910671,60_7_2,1.492024183,0.756538928,112.7242966,367.6779175,76,187.4397736,100,1249.598511,5.043041706,58.78575134,0.741408169,0.211830899,200.0000023,0.022617834,133.1789739,11.18896691,4923,2462,0.013485259,70.0378801,140078,63.03409226,0.000240598,300.1640625,555.1176758,0.045785662,0.12191879,1.788306832,4.761931896,104,070801030202,F070801030202_146,32
1502,438.7886683,3060.060334,658_44_2,1.566648126,0.755834877,112.6194,367.3357544,78,192.1936951,100,1281.29126,5.295270443,61.72593689,0.740718186,0.211633772,96.98405484,0.010967846,133.8329697,12.01211643,2408,1204,0.006594741,76.4864746,152973,68.8378258,0.000262751,304.8131104,559.5294189,0.093537711,0.253167033,1.636010408,4.427988529,104,070801030401,F070801030401_476,32
1503,433.2229882,3057.896738,487_10_2,1.668075681,0.755300522,112.5397797,367.0760498,78,192.0578156,100,1280.385498,5.638095856,65.72218323,0.740194499,0.211484149,60.1887393,0.006806694,138.3648071,12.39753342,1542,772,0.004228522,107.0036528,214008,96.30328608,0.000367586,304.5975952,559.1338501,0.145776913,0.394556463,1.16859746,3.162899256,108,070802060502,F070802060502_329,16
1504,436.9326433,3055.078957,601_16_2,1.675490618,0.754604518,112.4360733,366.737793,67,164.8207092,100,1098.804688,5.663158417,66.014328,0.739512444,0.211289272,130.9612026,0.014810293,136.6657206,7.791093588,2644,1323,0.007246547,348.9676242,697935,314.070858,0.001198795,277.2567749,531.5584717,0.084985696,0.209566727,0.357995868,0.882784128,108,070801010602,F070801010602_444,24
1505,435.4107994,3050.113567,576_2_2,1.549214005,0.753378034,112.2533264,366.1417236,69,169.464859,100,1129.765747,5.236343384,61.03903198,0.738310456,0.210945845,28.43711092,0.003215929,136.6676025,12.2403911,705,353,0.001933508,50.12227598,100244,45.11004761,0.000172183,281.7182007,535.6065674,0.317998081,0.798068583,2.488432884,6.245131969,108,070801010602,F070801010602_10,24
1506,437.3814383,3046.732656,60_8_2,1.557187915,0.752542973,112.1289063,365.7358704,76,186.4500427,100,1243.000244,5.263295174,61.35320282,0.737492085,0.210712031,24.16302133,0.002732576,131.0003586,11.79865313,600,300,0.001643208,17.48159158,34963,15.73343277,6.00538E-05,298.578949,552.1859131,0.373763025,0.995263159,7.126792431,18.97735596,104,070801030202,F070801030202_256,32
1507,439.4462907,3045.946041,152_3_2,1.527721405,0.752348661,112.0999527,365.641449,86,210.9284668,100,1406.189819,5.163698196,60.1922226,0.737301707,0.210657626,24.760885,0.002800188,158.7642593,9.789022565,732,366,0.002004714,53.29789162,106596,47.96810246,0.000183092,323.0284119,576.5699463,0.30628401,0.882591307,2.33696866,6.734233856,108,070801030407,F070801030407_599,16
1508,437.0142553,3038.422413,458_34_2,1.55481708,0.750490308,111.8230591,364.7382813,79,193.2812805,100,1288.54187,5.255281925,61.25979233,0.735480487,0.210137293,43.36501122,0.004904113,135.2503891,12.11360216,1113,556,0.003045412,108.3739262,216748,97.53652954,0.000372293,305.1043396,558.0195313,0.201120615,0.548748791,1.146473646,3.128103256,108,070802060801,F070802060801_74,24
1509,434.0576357,3033.62753,458_81_1,1.435176492,0.749306023,111.6465988,364.1627197,79,192.9762573,100,1286.508423,4.850896358,56.54595566,0.734319925,0.209805682,50.14022207,0.005670316,133.1249619,11.95609856,1256,627,0.003434304,69.22001743,138440,62.29801488,0.000237789,304.6228638,557.1389771,0.178064749,0.4858419,1.792137384,4.8897686,108,070802060801,F070802060801_74,24
1510,436.143948,3028.850123,516_39_1,1.482117772,0.74812597,111.4707718,363.5892334,78,190.2330933,100,1268.220581,5.009558201,58.39543915,0.733163476,0.209475279,139.6834499,0.015796685,139.6712616,12.47456236,3558,1781,0.009755177,272.6668203,545332,245.4001387,0.000936682,301.7038574,553.8223267,0.062588871,0.169401377,0.454240859,1.229436398,108,070802060603,F070802060603_420,16
1511,435.9048299,3028.463954,516_12_1,1.527839422,0.748030603,111.4565582,363.5428772,79,192.6477966,100,1284.318604,5.164097309,60.19687271,0.733070016,0.209448576,91.13860941,0.010306789,139.498941,12.45455952,2417,1209,0.006622128,71.34029841,142681,64.20626891,0.000245073,304.1043701,556.1906738,0.092189044,0.251533806,1.735913992,4.736365795,108,070802060603,F070802060603_467,16
1512,435.21322,3028.006629,450_20_1,1.53986454,0.747917652,111.4397278,363.4879761,70,170.6748047,100,1137.832031,5.204741955,60.67066193,0.73295927,0.209416941,78.44083388,0.008870809,132.4166082,11.9036053,1948,973,0.005329471,65.06193571,130124,58.55574288,0.000223505,282.1145325,534.1627808,0.114532091,0.28994298,1.903139114,4.817879677,108,070801030301,F070801030301_41,16
1513,434.6167925,3024.035435,489_38_1,1.560153246,0.746936738,111.2935715,363.011261,78,189.930954,100,1266.206299,5.273317814,61.47003937,0.731998026,0.209142283,107.6497482,0.01217402,137.0459171,12.27350542,2763,1382,0.007569711,78.07943845,156160,70.27149563,0.000268223,301.2245178,552.9421997,0.080530807,0.217962742,1.583765507,4.286581993,108,070802060502,F070802060502_444,16
1514,453.1119304,3012.66779,549_15_1,1.656518579,0.744128942,110.8752136,361.6466675,68,164.9583282,100,1099.722168,5.599032879,65.26683044,0.729246378,0.208356097,,,,,,,,39.6648885,79329,35.69839923,0.000136259,275.8335571,526.6049805,,,3.105887651,7.7267766,108,070801010301,F070801010301_289,24
1515,432.8535317,3008.677684,388_3_1,1.553603411,0.74314338,110.728363,361.1676941,86,208.3473206,100,1388.982178,5.251179695,61.2119751,0.728280485,0.208080143,22.40635872,0.002533916,130.9993744,11.79858303,556,278,0.001522706,15.21750355,30435,13.6957531,5.22761E-05,319.0756836,569.5150146,0.398303479,1.147754312,8.084868431,23.29741859,108,070802060601,F070802060601_70,16
1516,420.8039339,2998.638239,137_11_2,1.588214278,0.740663648,110.3588867,359.9625244,78,188.3356781,100,1255.571167,5.368164063,62.57564163,0.725850403,0.207385823,21.50304642,0.002431762,140.0669098,12.5503149,533,267,0.001462455,51.8062263,103613,46.62560167,0.000177968,298.6945801,548.2982178,0.413329154,1.118706346,2.36691618,6.406235218,108,070802060602,F070802060602_108,32
1517,432.3691234,2998.28769,60_20_2,1.507026076,0.740577042,110.3459778,359.9204407,76,183.4853668,100,1223.23584,5.093748093,59.37682724,0.725765526,0.207361579,69.90079935,0.007905023,131,11.79862738,1735,868,0.004754348,35.75799741,71517,32.18219819,0.000122838,293.8313599,543.4058228,0.127126709,0.338515401,3.428789377,9.130245209,104,070801030202,F070801030202_320,32
1518,432.3333465,2997.91211,44_11_1,1.503822207,0.740484297,110.3321609,359.8753662,73,176.2203064,100,1174.802002,5.082919121,59.25059509,0.725674629,0.207335606,74.87646972,0.008467718,145.1669388,9.037529111,2053,1026,0.005619771,58.26437092,116528,52.43793297,0.000200153,286.5524597,536.0957031,0.107536219,0.279290885,2.104052544,5.46460247,104,070801030401,F070801030401_458,32
1519,431.2619958,2996.206112,60_47_2,1.491883755,0.740062892,110.269371,359.6705627,76,183.3579865,100,1222.386597,5.042567253,58.78022003,0.725261629,0.207217604,199.9999967,0.022617833,131.0002463,11.79864475,4961,2480,0.013583852,121.2558293,242511,109.1302471,0.000416545,293.6273499,543.0285645,0.044463456,0.118398122,1.010438204,2.690613747,104,070801030202,F070801030202_256,32
1520,432.2115618,2990.318807,458_96_1,1.567216992,0.738608718,110.0526962,358.9638367,79,190.2211761,100,1268.141113,5.297193527,61.74834824,0.723836541,0.206810445,140.8453587,0.015928084,138.6509171,12.39500411,3621,1810,0.009914021,147.8953439,295789,133.1058084,0.000508059,300.2738647,549.1849976,0.060802594,0.165897161,0.826806128,2.255903482,108,070802060801,F070802060801_72,24
1521,430.0590903,2981.29937,60_3_2,1.499881983,0.736380935,109.7207565,357.881134,76,182.4457397,100,1216.304932,5.069601059,59.09534836,0.721653342,0.206186667,44.90184586,0.005077912,143.2784831,9.838768333,970,484,0.002651042,27.42327286,54846,24.68094634,9.42061E-05,292.1665039,540.3269043,0.226695776,0.603649795,4.445565224,11.83773518,104,070801030202,F070801030202_360,32
1522,429.2611788,2980.743635,110_15_2,1.482170105,0.736243665,109.7003098,357.8144226,78,187.2120361,100,1248.0802,5.009735107,58.3975029,0.721518815,0.206148222,21.10003997,0.002386186,137.612498,12.29337215,557,278,0.001522706,49.18541908,98371,44.26687622,0.000168965,296.9123535,545.0264893,0.394605428,1.06803,2.478157997,6.707325459,108,070802060301,F070802060301_94,32
1523,425.3922415,2958.721763,60_13_2,1.453355432,0.730804265,108.8898392,355.1708679,78,185.8289032,100,1238.859375,4.912341595,57.26220322,0.716188192,0.204625189,200.0000024,0.022617834,134.237987,12.04263169,4985,2494,0.013660535,91.65050737,183301,82.48545599,0.000314843,294.71875,540.9997559,0.043660723,0.118171111,1.320109606,3.572978258,104,070801030202,F070801030202_146,32
1524,427.6224458,2957.567421,166_32_2,1.512101054,0.730519176,108.8473587,355.0323181,77,183.3749237,100,1222.499512,5.110901356,59.57678223,0.715908766,0.204545364,36.10794133,0.004083417,140.0663605,12.55026913,937,470,0.002574359,19.72663542,39453,17.75397231,6.77662E-05,292.22229,538.4072266,0.231590122,0.62174958,6.13087368,16.45954323,108,070802060406,F070802060406_146,32
1525,426.3245296,2956.162935,658_19_1,1.521529198,0.730172217,108.7956619,354.8637085,78,185.6682129,100,1237.788086,5.14276886,59.94824982,0.715568781,0.204448223,41.68569565,0.004714201,135.2503052,12.11359882,1060,530,0.002903001,28.418787,56837,25.57690811,9.7626E-05,294.4638672,540.5319214,0.205274835,0.555592179,4.253667355,11.51287937,104,070801030401,F070801030401_513,24
1526,425.9950695,2948.700486,450_25_2,1.48778522,0.728329003,108.521019,353.9678955,70,166.2046661,100,1108.031128,5.02871418,58.61873627,0.713762403,0.203932121,96.57296987,0.010921357,158.6250153,14.09565997,2876,1437,0.007870966,110.5200841,221041,99.46807472,0.000379665,274.7256775,520.1725464,0.075519152,0.191180006,1.091013551,2.761948347,108,070801030301,F070801030301_434,24
1527,426.2460537,2947.924155,411_5_2,1.594827771,0.728137255,108.4924545,353.8746948,63,149.5447998,100,996.965332,5.390517712,62.83621597,0.713574529,0.203878433,25.42868021,0.002875708,140.9162903,8.743712227,200,100,0.000547736,6.877038062,13754,6.189334445,2.36244E-05,258.037262,503.4194946,1.084924579,2.580372572,17.52893639,41.69063187,108,070802060602,F070802060602_219,24
1528,425.3831487,2935.379883,44_11_2,1.503822207,0.725038826,108.0307846,352.368866,73,172.5447388,100,1150.298218,5.082919121,59.25059509,0.71053803,0.203010872,148.4692768,0.016790267,142.3339508,10.81232395,3971,1986,0.010878036,231.6903573,463381,208.5213242,0.000795917,280.575531,524.9135742,0.054396164,0.141276702,0.518080294,1.345548391,104,070801030401,F070801030401_458,32
1529,423.2862483,2931.579432,388_8_1,1.468358397,0.724100113,107.8909149,351.9126587,91,214.8107605,100,1432.071777,4.963051319,57.85332108,0.709618092,0.20274803,51.53667259,0.005828239,139.4986165,12.495917,1288,645,0.003532897,32.28127527,64562,29.05314827,0.000110895,322.7016602,566.7233887,0.167272732,0.500312626,3.713570595,11.10728741,108,070802060601,F070802060601_77,16
1530,421.5116988,2920.737549,450_16_1,1.458553314,0.721422195,107.4919052,350.6111755,70,164.62854,100,1097.52356,4.929910183,57.46699905,0.706993759,0.201998219,53.34210786,0.006032415,136.3119354,12.20858312,1328,662,0.003626012,31.7109111,63421,28.53981906,0.000108935,272.1204529,515.2397461,0.162374482,0.411058098,3.766383648,9.53476429,108,070801030301,F070801030301_294,16
1531,419.4418744,2914.935432,458_88_2,1.478785753,0.719989061,107.2783737,349.9146729,80,187.7730255,100,1251.82019,4.998295784,58.26416016,0.705589294,0.201596931,29.51616287,0.003337958,139.4996796,12.42849922,771,386,0.002114261,80.96575165,161932,72.86917877,0.000278139,295.0513916,537.6876831,0.277923256,0.764381826,1.472205043,4.049056053,108,070802060801,F070802060801_74,24
1532,418.720417,2912.45953,566_6_1,1.477844477,0.719377518,107.1872482,349.6174622,81,189.9588318,100,1266.392212,4.995114326,58.22707367,0.70498997,0.201425701,27.73342228,0.00313635,141.1999435,12.6100831,765,383,0.002097829,20.98382521,41967,18.88544297,7.20849E-05,297.1460876,539.5762939,0.279862255,0.775838375,5.675654411,15.73413372,108,070802060503,F070802060503_256,24
1533,420.83524,2909.245348,388_12_1,1.484806776,0.718583584,107.0689545,349.2316284,78,182.7214355,100,1218.142944,5.018646717,58.50138855,0.704211891,0.201203406,67.66913772,0.007652646,141.6240273,12.6528666,1702,851,0.004661233,44.12188363,88245,39.70969582,0.00015157,289.7904053,531.953064,0.125815451,0.340529263,2.6962924,7.297724247,108,070802060601,F070802060601_330,16
1534,420.6347441,2906.462548,516_15_1,1.508649588,0.717896223,106.9665375,348.8975525,78,182.5466461,100,1216.977661,5.099235535,59.44079208,0.703538299,0.201010942,61.01492786,0.006900127,138.2271996,12.36198974,1616,808,0.004425707,77.15938473,154319,69.44344616,0.000265063,289.5131836,531.4442139,0.13238433,0.358308405,1.540340304,4.16904974,108,070802060603,F070802060603_427,16
1535,418.2014869,2904.211161,602_41_2,1.466282248,0.717340171,106.8836823,348.6273193,5,11.69264507,100,77.95096588,4.956034184,57.77151871,0.702993393,0.200855255,35.26791191,0.003988419,130.9969711,11.79841375,875,437,0.002393606,19.97065067,39941,17.97358608,6.86044E-05,118.5763245,360.3199768,0.244585082,0.271341711,5.946708679,6.597254753,108,070801010602,F070801010602_539,24
1536,416.8424617,2889.228357,185_6_1,1.52150023,0.713639379,106.3322678,346.8287354,78,181.4642181,100,1209.761475,5.142670631,59.94710922,0.69936657,0.199819028,66.03085744,0.007467375,132.6998596,11.92459583,1647,824,0.004513344,33.22733426,66454,29.90460145,0.000114145,287.7964783,528.2929688,0.129044011,0.349267572,3.555716038,9.623819351,108,070802060602,F070802060602_148,24
1537,416.0162375,2886.098861,149_35_1,1.429074168,0.712866426,106.2170944,346.4530945,76,176.6197815,100,1177.46521,4.830270767,56.30552292,0.698609114,0.199602604,199.999999,0.022617833,138.5167328,11.68306025,5147,2573,0.014093246,67.42427409,134848,60.68184568,0.00023162,282.8368835,523.072876,0.041281421,0.109924942,1.750393271,4.660980225,104,070801030603,F070801030603_464,24
1538,417.1437584,2879.77799,152_3_1,1.527721405,0.711305141,105.9844666,345.6943054,85,197.1025238,100,1314.016846,5.163698196,60.1922226,0.697079062,0.199165434,22.45267008,0.002539154,158.766777,9.789186915,663,331,0.001813006,78.98017341,157961,71.08215529,0.000271318,303.0869751,542.796814,0.320194751,0.915670633,1.491013646,4.263896942,108,070801030407,F070801030407_597,16
1539,414.4544279,2876.823567,458_66_2,1.416248322,0.710575402,105.8757324,345.3396301,78,180.6851196,100,1204.567505,4.786919117,55.80018234,0.696363866,0.198961109,30.43144798,0.003441467,139.5008011,12.46122074,819,409,0.00224024,66.3067131,132613,59.67604065,0.000227781,286.5608521,526.0247803,0.25886488,0.700637758,1.774174929,4.801941395,108,070802060801,F070802060801_272,24
1540,414.1279575,2873.295168,516_6_2,1.475583315,0.709703922,105.7458878,344.9161072,79,185.2942657,100,1235.295166,4.987471581,58.13798141,0.695509851,0.198717102,88.00424071,0.009952326,132.8887922,11.93859863,2184,1092,0.005981277,74.1194278,148239,66.70748454,0.00025462,291.0401611,530.2103882,0.096836895,0.266520292,1.585217714,4.362931252,108,070802060603,F070802060603_452,16
1541,415.4626624,2869.723248,579_1_1,1.45887661,0.708821654,105.6144257,344.4873352,86,198.725235,100,1324.834961,4.931003094,57.47974014,0.694645226,0.198470056,158.047875,0.017873502,134.4009674,12.0637104,4025,2012,0.011020447,135.5874365,271175,122.0286926,0.000465778,304.3396606,543.2125854,0.052492261,0.151262254,0.86548847,2.494000912,108,070802060802,F070802060802_142,24
1542,413.4427695,2867.740722,450_38_1,1.41978395,0.708331943,105.5414581,344.2493286,70,161.9624329,100,1079.749512,4.79886961,55.93948746,0.694165289,0.19833295,200.0000026,0.022617834,139.783168,12.49564991,5298,2648,0.014504048,113.3264081,226654,101.9937642,0.000389306,267.5039063,506.2117615,0.039857045,0.101021111,1.034783483,2.62274766,108,070801030301,F070801030301_298,24
1543,416.207671,2867.525463,84_12_2,1.547859788,0.708278775,105.5335388,344.2234802,78,180.10112,100,1200.674072,5.231766224,60.98567581,0.694113195,0.198318064,32.01421356,0.003620461,148.0012054,13.12379646,883,442,0.002420993,5.764451504,11529,5.188006401,1.98024E-05,285.6346436,524.324585,0.23876366,0.646232247,20.3418293,55.05672455,104,070801030406,F070801030406_361,32
1544,415.4309072,2864.585848,504_19_1,1.457614899,0.707552731,105.425354,343.870636,83,191.4492645,100,1276.328369,4.926738262,57.43002701,0.693401694,0.198114768,42.4846448,0.004804553,146.6779277,13.04495843,1183,590,0.003231642,18.72323921,37446,16.85091515,6.43192E-05,296.8746338,535.3198853,0.178687036,0.503177345,6.25635767,17.61771584,108,070802060501,F070802060501_89,16
1545,413.9810761,2864.572037,406_19_2,1.424023747,0.707549274,105.4248428,343.8689575,79,182.2221527,100,1214.814331,4.813200474,56.10653687,0.693398297,0.198113799,20.8879252,0.002362198,149.1330668,13.22294744,579,290,0.001588434,22.50847197,45017,20.25762401,7.73225E-05,287.6470032,526.0911255,0.363533944,0.991886199,5.204205513,14.19944382,108,070801030603,F070801030603_297,24
1546,411.9005099,2860.575242,566_16_2,1.462028027,0.706562102,105.2777557,343.3891907,81,186.5745087,100,1243.830078,4.941654682,57.60390472,0.692430854,0.197837383,63.75135076,0.007209587,134.9664917,12.10823154,1640,822,0.00450239,51.74771321,103496,46.57294279,0.000177767,291.8522644,529.9636841,0.128075123,0.355051428,2.260491848,6.266562462,108,070802060503,F070802060503_256,24
1547,413.9374294,2859.67963,397_8_2,1.440105557,0.706340849,105.2447891,343.2816467,37,85.19882965,100,567.9921875,4.867556572,56.74015808,0.692214012,0.197775438,33.28509186,0.003764183,147.2444814,10.08697876,882,441,0.002415516,23.64709714,47293,21.28238744,8.1234E-05,190.4436188,428.4804688,0.238650322,0.43184495,4.945158958,8.948413849,108,070802060602,F070802060602_60,24
1548,418.4876919,2858.157017,397_6_1,1.455176473,0.705964804,105.1887589,343.0989075,80,184.1156006,100,1227.437378,4.918496609,57.33395386,0.691845536,0.197670147,79.76062036,0.009020062,143.4652049,12.78117275,2217,1108,0.006068914,88.83626336,177673,79.95263857,0.000305176,289.3043518,527.2144775,0.0949357,0.261105001,1.315638423,3.618446589,108,070802060602,F070802060602_161,24
1549,412.3020651,2852.316073,520_2_2,1.388634443,0.704522073,104.9737854,342.3977356,83,190.6291199,100,1270.86084,4.693584442,54.71219635,0.690431654,0.197266176,36.44589472,0.004121636,136.6629842,12.24003029,916,459,0.002514108,36.59916782,73198,32.93925047,0.000125728,295.6029053,533.0268555,0.228701055,0.644015074,3.186890602,8.974184036,108,070801010301,F070801010301_520,24
1550,416.0193951,2846.957195,686_15_1,1.515201926,0.703198433,104.7765656,341.754425,70,160.4695587,100,1069.797119,5.121382713,59.69895554,0.689134479,0.196895555,48.95244515,0.005535991,143.4667409,12.78129896,1223,611,0.003346667,74.82594926,149652,67.34335291,0.000257047,265.2461243,502.223999,0.17148374,0.434118032,1.555856109,3.938712835,108,070801030408,F070801030408_111,16
1551,412.5683544,2845.601356,406_24_1,1.513950706,0.702863514,104.7266617,341.5916748,73,167.2669067,100,1115.112671,5.117153168,59.6496582,0.688806236,0.196801782,84.72334516,0.009581292,131.0006943,5.409470582,398,199,0.001089995,19.28438449,38569,17.35594559,6.62469E-05,271.9935608,508.8585815,0.526264608,1.366801858,6.034050941,15.67149162,108,070801030603,F070801030603_138,24
1552,411.5682148,2838.783968,658_12_2,1.492339373,0.701179624,104.4757614,340.7732849,78,178.2959595,100,1188.639771,5.04410696,58.798172,0.687156022,0.196330294,199.9999967,0.022617833,134.1878071,12.03486121,5017,2507,0.01373174,204.5448677,409090,184.0903797,0.000702665,282.7717285,519.0692139,0.041673619,0.112792872,0.567524314,1.536048412,104,070801030401,F070801030401_513,24
1553,411.8560186,2836.05745,516_50_2,1.437631726,0.70050621,104.3754272,340.4460144,78,178.124588,100,1187.497314,4.859195232,56.64268875,0.686496079,0.196141735,199.9999999,0.022617833,135.8378167,11.39798991,4732,2364,0.012948478,129.091627,258183,116.1824647,0.000443464,282.5,518.5706177,0.044152044,0.119500846,0.898375034,2.431520224,108,070802060603,F070802060603_351,16
1554,411.0984335,2831.525195,516_50_1,1.437631726,0.699386716,104.2086182,339.901947,78,177.8400574,100,1185.600342,4.859195232,56.64268875,0.685398996,0.195828274,43.3717181,0.004904871,142.4760208,12.6931746,1204,602,0.00329737,62.63787689,125275,56.37409025,0.000215177,282.0486755,517.7420044,0.173104018,0.46851939,1.848519683,5.00316143,108,070802060603,F070802060603_351,16
1555,408.4703307,2821.694717,531_3_1,1.517516494,0.696958601,103.8468323,338.7218933,73,165.8620148,100,1105.746826,5.129205704,59.79014969,0.6830194,0.195148408,22.12577629,0.002502186,135.2508545,12.11363697,561,281,0.001539138,28.04557848,56091,25.2410202,9.63439E-05,269.7088623,504.5839233,0.369561672,0.959818006,4.114209175,10.68533897,108,070802060502,F070802060502_14,16
1556,409.5761746,2820.230929,443_9_1,1.520538688,0.69659704,103.7929611,338.5461731,78,177.1303406,100,1180.868896,5.139420986,59.90922546,0.68266511,0.19504717,37.58502676,0.004250459,150.2653605,13.32213561,1060,531,0.002908478,71.51877484,143037,64.3668989,0.000245686,280.9233093,515.6765137,0.195466965,0.529045761,1.612520814,4.364406586,108,070801030303,F070801030303_741,8
1557,410.7535303,2817.419943,149_7_1,1.48358655,0.695902705,103.6895065,338.2087097,78,176.9541473,100,1179.694336,5.014522552,58.45331192,0.681984663,0.194852754,96.68288398,0.010933787,143.4652328,12.789289,2654,1327,0.007268456,23.08995366,46180,20.78095841,7.932E-05,280.6436462,515.1628418,0.078138284,0.211487293,4.989640236,13.50484657,104,070801030603,F070801030603_791,24
1558,406.8153801,2811.698882,399_11_1,1.399053097,0.694489598,103.4789505,337.5219421,92,208.2913208,100,1388.608765,4.728799343,55.12269211,0.680599809,0.194457084,25.4360889,0.002876546,130.9996643,11.79860401,631,316,0.001730846,18.67508391,37350,16.80757551,6.41538E-05,311.7702637,545.8132324,0.327465028,0.986614764,6.156685352,18.54938889,108,070802060601,F070802060601_133,16
1559,403.3478771,2794.120984,450_19_2,1.373291135,0.690147877,102.8320313,335.4118652,70,157.491745,100,1049.944946,4.64172411,54.10766983,0.676344931,0.193241403,199.999998,0.022617833,145.8152139,13.01830142,5472,2737,0.014991533,187.4548323,374908,168.7093501,0.000643956,260.3237915,492.9036255,0.037571076,0.095112823,0.609521806,1.543031216,108,070801030301,F070801030301_151,24
1560,404.8242344,2788.060287,60_7_1,1.492024183,0.688650906,102.6089859,334.6843262,76,170.6201324,100,1137.467529,5.043041706,58.78575134,0.674877882,0.192822248,56.76078594,0.00641903,140.9165421,12.54058838,1510,754,0.004129929,17.71175468,35424,15.94057901,6.08445E-05,273.229126,505.3044434,0.136086181,0.362372845,6.436967373,17.14047623,104,070801030202,F070801030202_146,32
1561,405.0579023,2784.639172,504_21_2,1.406157613,0.687805891,102.483078,334.2736511,78,174.8952789,100,1165.968506,4.752812862,55.40261078,0.674049795,0.192585647,22.01045957,0.002489145,140.9168091,12.54060984,575,288,0.00157748,13.04773599,26095,11.74296191,4.48224E-05,277.3783569,509.1689453,0.355844021,0.963119268,8.727191925,23.62081718,108,070802060501,F070802060501_475,16
1562,400.8051683,2776.681772,399_11_2,1.399053097,0.685840368,102.1902161,333.3184204,92,205.6972504,100,1371.314941,4.728799343,55.12269211,0.672123551,0.192035303,75.53527665,0.008542221,133.1255875,11.95614433,1889,944,0.005170627,66.39816666,132796,59.7583499,0.000228095,307.8874512,539.015686,0.108252347,0.326151967,1.710057497,5.152207851,108,070802060601,F070802060601_133,16
1563,400.4857348,2769.796627,84_24_1,1.419365287,0.684139788,101.9368286,332.4919434,78,173.963028,100,1159.75354,4.797454834,55.92299271,0.670457006,0.191559136,36.13214874,0.004086155,130.9997559,11.79861069,896,448,0.002453857,27.64260292,55285,24.87834167,9.49596E-05,275.8998413,506.4549561,0.227537557,0.615847886,4.097412586,11.08996105,104,070801030406,F070801030406_416,24
1564,399.1704941,2734.288092,450_34_1,1.422742963,0.675369143,100.6300049,328.2294006,70,154.1192322,100,1027.461548,4.808871269,56.05607224,0.661861777,0.189103365,27.33338976,0.00309111,159.3330383,14.16388226,814,407,0.002229285,23.5091939,47018,21.15827465,8.07602E-05,254.7492371,482.3486328,0.247248173,0.625919521,4.75605917,12.04017067,108,070801030301,F070801030301_434,24
1565,394.0366688,2712.080735,450_7_1,1.421802282,0.669883966,99.81271362,325.5635986,70,152.8675232,100,1019.116821,4.805691719,56.01900864,0.656486273,0.187567517,200.0000012,0.022617833,146.0168533,13.04427481,5349,2677,0.014662892,110.9455819,221893,99.85102308,0.000381127,252.6802368,478.4311218,0.037285287,0.094389327,0.999616325,2.530572414,108,070801030301,F070801030301_151,24
1566,387.7490355,2670.307762,164_4_1,1.335139632,0.659566045,98.27533722,320.5491028,77,165.56427,100,1103.761841,4.512772083,52.60449982,0.646374702,0.184678495,37.65713963,0.004258615,147.4310201,13.09032567,1063,532,0.002913955,47.91220795,95825,43.12098906,0.000164591,263.8395996,486.1133728,0.184728071,0.495939106,2.279060364,6.118588924,108,070801030407,F070801030407_62,16
1567,382.5637649,2640.181062,164_4_2,1.335139632,0.652124703,97.1665802,316.9326172,77,163.6961212,100,1091.307495,4.512772083,52.60449982,0.639082193,0.18259491,36.8928718,0.004172184,147.3215485,13.09708881,1012,506,0.002771544,62.17887408,124357,55.96098609,0.000213601,260.8627014,480.6287231,0.192028821,0.515538931,1.736327171,4.661509991,108,070801030407,F070801030407_61,16
1568,383.6196804,2631.443883,110_23_2,1.330800414,0.649966657,96.84503174,315.8837891,58,122.8954697,100,819.3031006,4.498105526,52.43353653,0.636967301,0.181990668,163.0669633,0.018441107,139.1453629,10.00714554,4092,2046,0.011206678,217.3055331,434611,195.574982,0.000746501,219.740509,438.7792664,0.047333837,0.107400052,0.495181084,1.123561502,108,070802060301,F070802060301_206,32
1569,381.4251011,2624.466863,588_1_2,1.299943209,0.648243308,96.58824921,315.0462341,7,14.79289913,100,98.61932373,4.393807888,51.21776199,0.635278463,0.181508124,199.9999983,0.022617833,136.4641854,12.2175419,5139,2569,0.014071337,239.6666265,479332,215.6999654,0.000823318,111.3811493,329.8391418,0.037597604,0.043355837,0.447789818,0.516370714,108,070801010602,F070801010602_457,24
1570,378.6598943,2609.067922,110_3_2,1.285939932,0.644439757,96.02152252,313.1977234,78,163.8679199,100,1092.452759,4.346477032,50.6660347,0.631550968,0.180443138,32.9849968,0.003730246,142.3330078,12.65264797,878,439,0.002404561,62.68685913,125374,56.41817474,0.000215346,259.8894348,477.0656433,0.218727842,0.592003286,1.701960802,4.606484413,108,070802060301,F070802060301_94,32
1571,381.4625942,2590.187881,95_22_2,1.358760834,0.639776409,95.32668304,310.9313354,78,162.6823425,100,1084.54895,4.59261179,53.53517532,0.626980901,0.179137394,200.0000028,0.022617834,133.2040558,11.96353637,5059,2530,0.01385772,83.53066034,167060,75.17759421,0.00028695,258.0090332,473.613678,0.037678532,0.101979852,1.268019915,3.431993723,104,070801030602,F070801030602_43,32
1572,349.7905558,2442.82272,399_17_1,1.227823019,0.603377223,89.90320587,293.241333,92,180.9648895,100,1206.432617,4.15004158,48.37622833,0.591309667,0.168945625,48.03829622,0.005432611,130.9992104,11.79857206,1192,596,0.003264506,50.26075375,100522,45.23467755,0.000172659,270.868103,474.2062378,0.150844306,0.454476684,1.987484217,5.988062859,108,070802060601,F070802060601_133,16
1573,355.8126271,2416.916536,395_13_2,1.276649117,0.596978366,88.9497757,290.1315002,70,136.230484,100,908.2032471,4.315073967,50.29997635,0.585038781,0.16715394,72.4134406,0.008189176,139.4998817,12.46115351,1856,929,0.005088467,19.8916423,39785,17.90247757,6.8333E-05,225.1802673,426.3619995,0.095747873,0.242389947,4.96857357,12.57816219,108,070801030605,F070801030605_212,32
1574,347.155572,2367.630906,588_14_2,1.210790873,0.584804833,87.13591766,284.2151489,5,9.532319069,100,63.54879379,4.09247303,47.70516205,0.573108733,0.163745359,64.07433319,0.007246113,144.222229,12.80968348,1720,860,0.004710529,132.1746578,264349,118.9571924,0.000454055,96.66823578,293.747467,0.101320833,0.112404928,0.732498109,0.812630415,108,070801010602,F070801010602_638,24
1575,339.0411421,2312.354489,164_6_2,1.082077146,0.571151555,85.10158539,277.5796509,77,143.3704681,100,955.8031006,3.657420635,42.63383865,0.559728503,0.159922436,50.28598022,0.0056868,143.4648692,12.75938257,1355,678,0.00371365,71.99787281,143996,64.7980848,0.000247332,228.4720459,420.9501343,0.12551856,0.336979419,1.313334942,3.525907278,108,070801030407,F070801030407_62,16
1576,295.0841679,2091.988713,399_17_2,1.227823019,0.516721189,76.99145508,251.1264954,92,154.9750214,100,1033.166748,4.15004158,48.37622833,0.506386757,0.144681931,31.88844109,0.003606237,130.9994278,11.79858732,791,396,0.002169034,27.12850308,54257,24.41565287,9.31935E-05,231.9664764,406.1015015,0.194422871,0.585773945,3.153364658,9.500727654,108,070802060601,F070802060601_133,16
1577,309.4920725,2078.675157,185_12_2,1.007166028,0.513432741,76.5014801,249.5283051,63,105.4488144,100,702.9920654,3.404221058,39.68234253,0.503164113,0.143761173,45.01965976,0.005091236,131.0004272,9.136493295,769,384,0.002103306,16.09317946,32187,14.48386145,5.52843E-05,181.9502869,354.9771118,0.199222609,0.473828882,5.281842709,12.56227779,108,070802060602,F070802060602_76,24
1578,293.5302191,1971.063095,185_12_1,1.007166028,0.486852586,72.54103851,236.6103516,63,99.98978424,100,666.5985718,3.404221058,39.68234253,0.477115542,0.136318728,22.38718119,0.002531748,130.9985886,8.24901847,545,272,0.001489842,20.58585595,41171,18.52726997,7.07178E-05,172.5308228,336.6001282,0.266694993,0.634304523,3.915365696,9.312263489,108,070802060602,F070802060602_76,24
