OBJECTID,FBndID,Shape_Length,Shape_Area,opAcres,DirectCost,OpportunityCost,bioYield,energyPot,CO2red,N2Ored,cropAcres,pctWScropAcres,cpNO3load,cpNO3LoadReduced,cpWSNO3LoadPct,cpSEDload,cpSEDloadlbs,cpSEDLoadReduced,cpWSSEDLoadPct,TotalCost,DCredNO3,TCredNO3,DCredSED,TCredSED,MLRA,HUC12
1,F070600060901_7,3622.598785,164709.1806,40.6831665,9357.12793,6366.102051,73.22969818,793.3217773,13.01861286,2.03415823,40.6831665,0.004600825,1122.634277,348.0166321,0.001906212,25.30188942,50603.78125,18.72339821,7.14664E-05,15723.23047,26.88701439,45.17953873,499.7558594,839.7637329,105,070600060901
2,F070600060901_12,2912.791883,91551.44264,22.61320686,5201.037598,3612.233887,40.7037735,440.9575195,7.236226082,1.130660295,22.61320686,0.002557309,561.0118408,173.9136658,0.000952588,80.26359558,160527.1875,59.39506149,0.000226708,8813.271484,29.90585899,50.67612839,87.5668335,148.3839111,105,070600060901
3,F070600060901_13,4611.379915,159978.375,39.51465988,9088.37207,6183.253418,71.12638855,770.5358887,12.64469147,1.975733042,39.51465988,0.00446868,980.3167114,303.8981934,0.00166456,124.7768478,249553.7031,92.33486938,0.000352438,15271.625,29.90597534,50.25243759,98.42838287,165.3939056,105,070600060901
4,F070600060901_38,4221.778508,170302.5877,42.06473923,9674.889648,7542.20752,75.71652985,820.2623901,13.46071625,2.103236914,42.06473923,0.004757066,1099.292114,340.7805481,0.001866578,162.6386261,325277.25,120.3525848,0.000459381,17217.09766,28.39038086,50.52253723,80.38788605,143.055481,105,070600060901
5,F070600060901_41,1336.684843,82213.79541,20.30680656,4670.56543,3045.209961,36.55225372,395.9827271,6.498178005,1.015340328,20.30680656,0.00229648,530.6898193,164.5138397,0.000901101,14.37483311,28749.66602,10.63737679,4.06024E-05,7715.775391,28.3901062,46.9004631,439.071167,725.3457031,105,070600060901
6,F070600060901_54,3861.367889,111495.2981,27.53933907,6334.047852,4399.133789,49.57080841,537.0170898,8.812588692,1.376966953,27.53933907,0.003114401,683.2327881,211.8021698,0.001160117,80.58172607,161163.4531,59.63047791,0.000227607,10733.18164,29.90549088,50.67550278,106.2216492,179.9948883,105,070600060901
7,F070600060901_61,6936.871914,162578.4686,40.15688324,9236.083008,5236.456543,72.28238678,783.0592041,12.85020256,2.00784421,40.15688324,0.004541309,1195.958252,370.7470703,0.002030715,163.0089874,326017.9688,120.6266479,0.000460427,14472.53906,24.91208649,39.03615189,76.56752014,119.9779587,105,070600060901
8,F070600060901_335,783.4586912,20647.12276,5.099839211,1172.963013,399.0114136,9.179710388,99.44686127,1.63194859,0.254991949,5.099839211,0.000576737,12.33187103,3.82288003,2.09393E-05,,,,,1571.974365,306.8270569,411.2015991,,,105,070600060901
9,F070600060901_715,3264.858897,58922.28507,14.5538044,3347.375,1992.706909,26.19684792,283.7991943,4.657217503,0.72769022,14.5538044,0.001645878,401.6250916,124.5037766,0.000681952,11.50065708,23001.31445,8.510486603,3.24842E-05,5340.082031,26.88573074,42.89092255,393.3235779,627.4708252,105,070600060901
10,F070600060901_718,7099.580127,150424.0909,37.15475082,8545.592773,5087.228516,66.8785553,724.5176392,11.88952065,1.857737541,37.15475082,0.0042018,921.7589722,285.7452698,0.00156513,151.6380768,303276.1563,112.2121735,0.000428309,13632.82129,29.90633202,47.70970154,76.15566254,121.4914627,105,070600060901
11,F070600060901_724,1641.029814,92820.44996,22.926651,5273.129883,3139.116943,41.26797104,447.0697021,7.336528301,1.146332502,22.926651,0.002592756,568.7269897,176.3053741,0.000965688,88.97885895,177957.7188,65.84435272,0.000251325,8412.24707,29.90907097,47.71406937,80.0847702,127.7595825,105,070600060901
12,F070600061002_39,2417.169898,326874.6713,80.73804474,18569.75,10528.24121,145.328476,1574.391846,25.83617401,4.036902428,80.73804474,0.009130598,2003.015503,620.9348145,0.003401083,69.93494415,139869.8906,51.75185776,0.000197535,29097.99219,29.90611839,46.86158752,358.822876,562.2598877,105,070600061002
13,F070600061002_69,4158.500453,374474.2598,92.49514008,21273.88281,32587.07813,166.4912567,1803.655273,29.59844398,4.624756813,92.49514008,0.010460198,2460.809082,762.8508301,0.004178408,65.85663605,131713.2656,48.73390961,0.000186015,53860.96094,27.88734245,70.60484314,436.5314331,1105.204956,105,070600061002
14,F070600061002_111,5032.988134,150859.752,37.26235962,8570.342773,6924.091797,67.07225037,726.6160278,11.92395496,1.863117933,37.26235962,0.004213969,924.4533691,286.5805359,0.001569705,142.7911072,285582.2188,105.6654205,0.00040332,15494.43457,29.90552902,54.06659698,81.10829926,146.6367493,105,070600061002
15,F070600061002_112,5193.304996,193047.5769,47.6827507,10967.03223,7616.842773,85.82894897,929.8136597,15.25848007,2.38413763,47.6827507,0.005392402,1182.95813,366.7170105,0.002008641,35.19190598,70383.8125,26.04201126,9.94012E-05,18583.875,29.90598106,50.6763382,421.128479,713.6113281,105,070600061002
16,F070600061002_113,7005.787163,193005.9057,47.67245865,10964.66504,9324.732422,85.8104248,929.612915,15.25518703,2.383622885,47.67245865,0.005391239,1182.704224,366.6383057,0.00200821,195.9420624,391884.125,144.9971313,0.000553448,20289.39844,29.90594482,55.33900452,75.61987305,139.929657,105,070600061002
17,F070600061002_121,3255.691874,438007.9143,108.1879578,24883.23047,14813.09473,194.738327,2109.665283,34.62014771,5.409398079,108.1879578,0.012234886,2684.021729,832.0467529,0.004557419,409.5447083,819089.4375,303.0630798,0.001156779,39696.32422,29.90604782,47.70924759,82.10578156,130.9837036,105,070600061002
18,F070600061002_166,1545.154702,136360.8757,33.68113708,7746.661621,3403.81543,60.62604523,656.7821655,10.77796364,1.684056878,33.68113708,0.003808972,880.2025146,272.862793,0.001494568,161.868454,323736.9063,119.7826538,0.000457205,11150.47656,28.39031792,40.86477661,64.6726532,93.08924103,105,070600061002
19,F070600061002_167,2048.305098,254624.7705,62.89231873,14465.2334,7381.04248,113.2061768,1226.400269,20.12554169,3.144615889,62.89231873,0.00711244,1735.524048,538.0124512,0.002946888,233.5816803,467163.375,172.8504486,0.000659763,21846.27539,26.88642883,40.60551834,83.686409,126.3883057,105,070600061002
20,F070600061002_170,5827.945778,167640.8897,41.40729904,9523.678711,8405.933594,74.53314209,807.4423218,13.25033569,2.070364952,41.40729904,0.004682717,1027.268677,318.4532776,0.001744283,73.3637619,146727.5156,54.28918457,0.00020722,17929.61328,29.90604782,56.30217743,175.4249725,330.2612305,105,070801030405
21,F070600061002_171,1427.720577,47122.77939,11.6393261,2677.044922,1328.047607,20.95078659,226.9668579,3.724584341,0.581966281,11.6393261,0.001316282,288.7629395,89.51651001,0.000490314,10.40503502,20810.07031,7.699726105,2.93895E-05,4005.092529,29.90559959,44.7413826,347.680542,520.1604004,105,070600061002
22,F070600061002_172,5351.348911,137087.4451,33.86059952,7787.937988,3311.566895,60.94907761,660.2816772,10.835392,1.69303,33.86059952,0.003829267,840.0411377,260.4127502,0.001426374,145.3346405,290669.2813,107.5476303,0.000410505,11099.50488,29.90613174,42.62273788,72.41384888,103.2054825,105,070600061002
23,F070600061002_182,6975.00756,260596.1311,64.36724091,14804.46582,8183.651855,115.8610306,1255.161255,20.59751701,3.218362093,64.36724091,0.007279238,1596.87207,495.0303345,0.002711459,57.94763565,115895.2656,42.88124847,0.000163676,22988.11719,29.90617943,46.43779373,345.2433472,536.0878906,105,070600061002
24,F070801010301_23,2594.435645,225672.2305,55.74103928,12820.43945,16899.57031,100.3338699,1086.950317,17.83713341,2.787051916,55.74103928,0.006303708,1382.860718,428.6868286,0.002348072,69.37347412,138746.9375,51.33637238,0.000195949,29720.00977,29.90630531,69.32801819,249.7340393,578.9269409,108,070801010301
25,F070801010301_29,4524.735927,250079.476,61.76963043,14207.01465,18324.58008,111.1853333,1204.507813,19.76628113,3.088481426,61.76963043,0.006985476,1532.434448,475.0546875,0.002602045,39.87624741,79752.49219,29.50842285,0.000112632,32531.59375,29.90606117,68.47968292,481.4562378,1102.451172,108,070801010301
26,F070801010301_37,1145.061036,58645.74919,14.48550034,3331.665039,2833.363281,26.07390022,282.4672546,4.635360241,0.724274993,14.48550034,0.001638153,359.415863,111.4189148,0.000610281,,,,,6165.02832,29.9021492,55.33197403,,,108,070801010301
27,F070801010301_41,8201.895666,254105.0135,62.7639389,14435.70605,14118.12109,112.97509,1223.896851,20.08446121,3.138196945,62.7639389,0.007097921,1557.095825,482.699707,0.00264392,139.6190186,279238.0625,103.3180771,0.000394361,28553.82813,29.90618324,59.1544342,139.7210083,276.3681641,108,070801010301
28,F070801010301_42,3762.243667,120306.9724,29.71582222,6834.63916,6974.898926,53.48847961,579.4585571,9.509062767,1.485791087,29.71582222,0.003360538,737.2237549,228.5393677,0.001251792,61.11933136,122238.6641,45.22830582,0.000172635,13809.53809,29.90574074,60.42520523,151.1141968,305.3295593,108,070801010301
29,F070801010301_48,3987.219068,135241.4739,33.40464401,7683.068359,8711.932617,60.12836075,651.390564,10.6894865,1.670232177,33.40464401,0.003777703,828.7313843,256.9067383,0.001407171,57.23885727,114477.7188,42.3567543,0.000161674,16395,29.90605927,63.81693268,181.3894501,387.0693054,108,070801010301
30,F070801010301_50,7636.42828,263487.9788,65.08152771,14968.75098,13578.61035,117.1467514,1269.089844,20.82608795,3.254076481,65.08152771,0.007360016,1614.580811,500.52005,0.002741528,164.4781494,328956.3125,121.713829,0.000464576,28547.36133,29.90639687,57.03540039,122.9831543,234.5449219,108,070801010301
31,F070801010301_51,4602.026573,163819.4219,40.46339798,9306.581055,8706.106445,72.83411407,789.0362549,12.94828701,2.023169994,40.46339798,0.004575972,1003.827759,311.186615,0.001704481,79.84552002,159691.0469,59.08568573,0.000225528,18012.6875,29.90675163,57.8838768,157.509903,304.8570557,108,070801010301
32,F070801010301_52,4403.021676,147765.4121,36.49805832,8394.553711,7971.905273,65.69650269,711.7121582,11.67937851,1.824902892,36.49805832,0.004127535,905.4576416,280.691864,0.00153745,88.52594757,177051.9063,65.50920105,0.000250046,16366.45898,29.90665054,58.30756378,128.1431274,249.8345032,108,070801010301
33,F070801010301_56,2216.940091,124817.8035,30.82999802,7090.899414,7236.416992,55.49399567,601.1849365,9.865599632,1.541499853,30.82999802,0.003486539,764.8287354,237.0969086,0.001298665,38.48204422,76964.08594,28.47671318,0.000108694,14327.31641,29.90717697,60.4281044,249.0069427,503.1239624,108,070801010301
34,F070801010301_69,2878.920884,271763.9244,67.12568665,15438.9082,17506.38086,120.8262329,1308.950928,21.48021889,3.35628438,67.12568665,0.007591188,1665.313965,516.2473145,0.002827672,102.8785553,205757.1094,76.13013458,0.000290585,32945.28906,29.90603065,63.81687164,202.7962799,432.7496643,108,070801010301
35,F070801010301_75,3268.529046,206514.1555,51.00899506,11732.06934,13635.72461,91.81619263,994.675415,16.32287788,2.550449848,51.00899506,0.005768565,1333.038574,413.2419434,0.002263475,81.21240997,162424.8125,60.09718323,0.000229388,25367.79297,28.39031601,61.38726425,195.2182922,422.112854,108,070801010301
36,F070801010301_78,1176.330838,63276.36046,15.62926102,3594.72998,3158.985596,28.13266945,304.7705994,5.001363754,0.781463027,15.62926102,0.0017675,387.7199097,120.1931686,0.000658341,33.42315674,66846.3125,24.73313522,9.44053E-05,6753.71582,29.90793991,56.19051361,145.3406525,273.0634766,108,070801010301
37,F070801010301_87,2390.994213,315298.4309,77.87871552,17912.10547,24372.91992,140.1816864,1518.63501,24.92118835,3.89393568,77.87871552,0.008807239,2319.401367,719.0144043,0.003938301,27.70661926,55413.23828,20.50289917,7.82587E-05,42285.02344,24.91202545,58.80970383,873.6376953,2062.392334,108,070801010301
38,F070801010301_88,1396.280894,118147.6296,29.1824646,6711.966797,8847.540039,52.52843475,569.0580444,9.338388443,1.459123254,29.1824646,0.003300221,862.3567505,267.3305969,0.001464266,20.67459106,41349.18359,15.2991972,5.83964E-05,15559.50684,25.10736465,58.20323944,438.7136536,1017.014587,108,070801010301
39,F070801010301_95,3079.384581,357740.1306,88.36180878,20323.2168,24485.05664,159.0512543,1723.055298,28.27577972,4.418090343,88.36180878,0.009992763,2192.138428,679.5629272,0.00372221,69.51464081,139029.2813,51.44083405,0.000196347,44808.27344,29.90630531,65.93689728,395.0794678,871.06427,108,070801010301
40,F070801010301_97,5022.4262,226393.1833,55.91911697,12861.39648,16953.56055,100.6544113,1090.422729,17.89411736,2.795955896,55.91911697,0.006323847,1387.296265,430.0618286,0.002355603,63.34941101,126698.8203,46.87856293,0.000178933,29814.95703,29.90592384,69.32714081,274.3555908,636.0040894,108,070801010301
41,F070801010301_100,6131.180358,230298.6419,56.88376617,13083.2666,14649.84277,102.3907776,1109.233398,18.20280457,2.844188213,56.88376617,0.006432938,1411.233398,437.4823608,0.002396248,84.19882965,168397.6563,62.30713272,0.000237824,27733.10938,29.90581512,63.3925209,209.9802399,445.1032715,108,070801010301
42,F070801010301_102,963.9285999,57625.84495,14.23358345,3273.724121,3619.316162,25.62045097,277.5548706,4.554746628,0.711679161,14.23358345,0.001609664,353.1343689,109.4716568,0.000599616,24.70708847,49414.17969,18.28324509,6.97864E-05,6893.040039,29.90476418,62.96643448,179.0559692,377.0140381,108,070801010301
43,F070801010301_104,4076.951395,331308.0164,81.83307648,18821.60742,22675.94531,147.29953,1595.744995,26.18658447,4.091653824,81.83307648,0.009254434,2030.182129,629.3564453,0.003447212,106.3982697,212796.5469,78.73471832,0.000300527,41497.55469,29.90611649,65.93649292,239.0509338,527.0553589,108,070801010301
44,F070801010301_105,1074.169112,46853.97354,11.57293129,2661.77417,3433.227295,20.83127594,225.6721649,3.703337908,0.578646541,11.57293129,0.001308773,287.1275635,89.00954437,0.000487537,17.35534477,34710.6875,12.84295559,4.9021E-05,6095.001465,29.90436745,68.47582245,207.2555695,474.5793457,108,070801010301
45,F070801010301_108,4877.319168,144391.961,35.664814,8202.907227,7208.571289,64.1966629,695.4638672,11.41274071,1.783240676,35.664814,0.004033304,1053.90686,326.7111206,0.001789514,17.95593071,35911.85938,13.2873888,5.07174E-05,15411.47852,25.10752296,47.17157745,617.3453369,1159.857544,108,070801010301
46,F070801010301_109,3120.395341,112466.8802,27.77931976,6389.243652,6701.483398,50.0027771,541.6967163,8.889382362,1.388965964,27.77931976,0.00314154,820.9047852,254.480484,0.001393881,13.56626034,27132.51953,10.03903294,3.83186E-05,13090.72656,25.10700798,51.44098282,636.4401245,1303.982788,108,070801010301
47,F070801010301_110,5149.389567,136821.9526,33.79502106,7772.85498,7050.992188,60.83103943,659.0029297,10.81440639,1.689751029,33.79502106,0.003821851,998.649353,309.5812988,0.001695688,15.07379436,30147.58789,11.15460777,4.25767E-05,14823.84766,25.10763741,47.88353729,696.8291016,1328.943848,108,070801010301
48,F070801010301_112,7189.771819,274494.0002,67.80001831,15594.00391,19008.41406,122.0400314,1322.100342,21.69600677,3.39000082,67.80001831,0.007667447,1771.832886,549.2681885,0.003008539,136.563797,273127.5938,101.0572128,0.000385731,34602.41797,28.39051056,62.99731064,154.30867,342.4042358,108,070801010301
49,F070801010301_114,7383.620302,266576.1069,65.84429932,15144.18848,16742.89063,118.5197372,1283.963867,21.07017517,3.29221487,65.84429932,0.007446277,1633.535278,506.3959351,0.002773713,31.28458023,62569.16016,23.15058899,8.83648E-05,31887.07813,29.90582466,62.96866989,654.1599731,1377.376587,108,070801010301
50,F070801010301_116,1599.095542,103840.2967,25.64855385,5899.16748,5434.928223,46.16739655,500.1467896,8.207537651,1.282427669,25.64855385,0.002900574,682.3890381,211.5406036,0.001158684,13.40753078,26815.0625,9.921572685,3.78702E-05,11334.0957,27.88669205,53.57881927,594.579895,1142.368896,108,070801010301
51,F070801010301_134,1836.410575,175423.4175,43.32958221,9965.803711,9322.793945,77.99324799,844.9268799,13.86546612,2.166479111,43.32958221,0.004900106,1074.934692,333.2297668,0.001825219,21.89873695,43797.47266,16.20506477,6.1854E-05,19288.59766,29.90670395,57.88377762,614.9807739,1190.282104,108,070801010301
52,F070801010301_136,11017.92575,382235.5732,94.41218567,21714.80273,21237.07813,169.9419403,1841.037598,30.2118988,4.720609188,94.41218567,0.010676995,2342.273438,726.1047363,0.003977137,45.62373352,91247.46875,33.76156235,0.000128866,42951.88281,29.90588188,59.15383911,643.1812134,1272.212524,108,070801010301
53,F070801010301_147,4798.973982,127093.2395,31.39203072,7220.166992,6344.957031,56.50565338,612.1445923,10.04545021,1.569601536,31.39203072,0.003550099,835.1689453,258.9023743,0.001418101,67.86048889,135720.9844,50.21676254,0.000191675,13565.12402,27.88760376,52.39474487,143.780014,270.1313782,108,070801010301
54,F070801010301_148,5159.963449,292862.3905,72.33701324,16637.51367,16507.30469,130.2066193,1410.571777,23.14784431,3.616850615,72.33701324,0.008180533,1794.596802,556.3250122,0.003047192,150.0075531,300015.125,111.0055923,0.000423704,33144.82031,29.90610313,59.57815933,149.8799591,298.5869446,108,070801010301
55,F070801010301_152,1011.24608,51576.42036,12.73937607,2930.056396,3530.080811,22.93087769,248.4178314,4.076600552,0.636968791,12.73937607,0.001440685,316.0354919,97.97100067,0.000536622,22.98503494,45970.07031,17.00892639,6.49223E-05,6460.137207,29.90738487,65.93927765,172.2658081,379.8086548,108,070801010301
56,F070801010301_155,2054.259989,223754.9505,55.26747131,12711.51855,12792.20898,99.48144531,1077.715698,17.68559074,2.763373613,55.26747131,0.006250152,1371.101563,425.0414734,0.002328105,121.9412231,243882.4531,90.2365036,0.000344429,25503.72656,29.9065361,60.00291443,140.8689117,282.632019,108,070801010301
57,F070801010301_156,4111.63303,107929.5491,26.65859795,6131.477539,6257.306152,47.98547745,519.8426514,8.530751228,1.33292985,26.65859795,0.003014799,661.3754272,205.0263824,0.001123003,48.05579376,96111.58594,35.56128693,0.000135736,12388.7832,29.90579796,60.42531204,172.4200134,348.3783569,108,070801010301
58,F070801010301_160,1362.557769,46031.27541,11.36972523,2615.036865,1853.265381,20.4655056,221.7096405,3.638312101,0.568486273,11.36972523,0.001285793,282.0784302,87.44431305,0.000478964,34.35531998,68710.64063,25.42293739,9.70383E-05,4468.302246,29.90516853,51.09883118,102.8613205,175.7586975,108,070801010301
59,F070801010301_168,1639.151782,101824.9653,25.15076637,5784.67627,6805.29541,45.27137756,490.4399414,8.04824543,1.257538319,25.15076637,0.002844279,623.9472046,193.4236298,0.001059451,60.025177,120050.3516,44.41863251,0.000169544,12589.97168,29.90677071,65.0901413,130.2308502,283.4389648,108,070801010301
60,F070801010301_169,3031.164405,98200.18173,24.25544548,5578.752441,6483.965332,43.65980148,472.9812012,7.761742592,1.21277225,24.25544548,0.002743028,601.7363892,186.5382843,0.001021737,55.80853653,111617.0703,41.29831696,0.000157634,12062.71777,29.9067421,64.66617584,135.084259,292.0874023,108,070801010301
61,F070801010301_179,3496.703159,104873.3037,25.9037056,5957.852051,5573.441895,46.62667084,505.1222534,8.289185524,1.295185328,25.9037056,0.002929428,642.6033325,199.2070313,0.001091129,14.72614765,29452.29492,10.89734936,4.15947E-05,11531.29395,29.90784073,57.8859787,546.7248535,1058.174194,108,070801010301
62,F070801010301_188,3005.859406,228506.4669,56.44109726,12981.45215,14167.84375,101.5939789,1100.60144,18.0611515,2.822054863,56.44109726,0.006382877,1680.929688,521.0881958,0.002854188,90.6612854,181322.5781,67.08934784,0.000256077,27149.29688,24.91219711,52.10115433,193.4949799,404.6737366,108,070801010301
63,F070801010301_192,1302.774101,98953.79588,24.44158745,5621.564941,7250.840332,43.99485779,476.6109619,7.821308136,1.222079396,24.44158745,0.002764079,606.3907471,187.9811249,0.00102964,38.20095062,76401.89844,28.26870346,0.0001079,12872.40527,29.90494347,68.47711945,198.8617859,455.3588867,108,070801010301
64,F070801010301_193,3886.642962,92619.09685,22.87691689,5261.690918,4623.882813,41.17845154,446.099884,7.320613384,1.143845797,22.87691689,0.002587131,676.0342407,209.5706177,0.001147894,39.89573669,79791.47656,29.52284431,0.000112687,9885.574219,25.10700607,47.17061234,178.2243958,334.8449097,108,070801010301
65,F070801010301_194,4374.923354,151283.4741,37.36701965,8594.414063,8039.887207,67.26063538,728.6568604,11.9574461,1.868350983,37.36701965,0.004225805,1104.223022,342.3091431,0.00187495,55.47178268,110943.5625,41.04911804,0.000156683,16634.30078,25.1071701,48.59437943,209.3690338,405.229187,108,070801010301
66,F070801010301_197,2432.937297,171458.0486,42.35013962,9740.532227,9526.243164,76.23025513,825.8276978,13.55204487,2.117506981,42.35013962,0.004789342,1050.663452,325.705658,0.001784007,19.95600319,39912.00391,14.7674427,5.63667E-05,19266.77539,29.90593529,59.15394592,659.5950317,1304.679199,108,070801010301
67,F070801010301_200,1859.29497,140946.7336,34.81384277,8007.183594,7944.52002,62.66491699,678.8699341,11.1404295,1.740692139,34.81384277,0.003937068,863.6867065,267.7428894,0.001466524,63.5735054,127147.0156,47.04439545,0.000179566,15951.70313,29.90624237,59.57843781,170.204834,339.0776367,108,070801010301
68,F070801010301_201,3688.724456,372255.4544,91.94709778,21147.83203,22481.06445,165.504776,1792.968384,29.42307091,4.597354889,91.94709778,0.01039822,2281.111572,707.1445923,0.003873285,93.31698608,186633.9844,69.05457306,0.000263578,43628.89844,29.90595245,61.69728088,306.2481079,631.8031616,108,070801010301
69,F070801010301_209,3348.753923,125120.2296,30.90469742,7108.080566,9369.685547,55.62845612,602.6416016,9.889503479,1.545234919,30.90469742,0.003494987,766.7276001,237.6855621,0.001301889,29.62541389,59250.82813,21.92280579,8.36784E-05,16477.76563,29.90539551,69.32589722,324.2322388,751.6266479,108,070801010301
70,F070801010301_216,3442.242028,111093.8507,27.44018173,6311.241699,6888.03418,49.39232635,535.0835571,8.78085804,1.372009039,27.44018173,0.003103187,680.746521,211.0314178,0.001155895,12.79726124,25594.52344,9.469973564,3.61465E-05,13199.27539,29.90664482,62.54649353,666.4476318,1393.802734,108,070801010301
71,F070801010301_217,3672.999706,94543.27612,23.35219002,5371.003906,5405.098145,42.03394318,455.3677063,7.472700596,1.167609453,23.35219002,0.00264088,579.3417969,179.5959625,0.000983712,11.06511593,22130.23242,8.188185692,3.1254E-05,10776.10156,29.90604019,60.00191498,655.9455566,1316.05481,108,070801010301
72,F070801010301_228,1348.121559,82736.02512,20.43579865,4700.233887,4996.552246,36.78443909,398.4980774,6.539455414,1.021789908,20.43579865,0.002311067,507.0050354,157.1715546,0.000860885,9.217457771,18434.91602,6.82091856,2.60352E-05,9696.786133,29.90511894,61.69555283,689.0910645,1421.624634,108,070801010301
73,F070801010301_229,4385.925922,598145.3222,147.7418976,33980.63672,36604.52734,265.9354248,2880.967041,47.2774086,7.387094975,147.7418976,0.016708009,4076.946289,1263.853394,0.006922579,291.1524963,582305,215.4528503,0.000822374,70585.16406,26.88653374,55.84917068,157.7172699,327.6130371,108,070801010301
74,F070801010301_231,1546.573224,98658.05844,24.36853981,5604.76416,6514.198242,43.8633728,475.1865234,7.797932625,1.218426943,24.36853981,0.002755818,604.5719604,187.4173126,0.001026552,14.06217384,28124.34766,10.40600872,3.97193E-05,12118.96289,29.9052639,64.66298676,538.6084595,1164.612061,108,070801010301
75,F070801010301_232,4022.848424,153669.1598,37.95628357,8729.945313,8909.099609,68.32131195,740.147522,12.1460104,1.897814155,37.95628357,0.004292444,941.6395874,291.9082642,0.001598887,53.82666016,107653.3203,39.83172989,0.000152036,17639.04492,29.90646935,60.42667007,219.1706238,442.8390503,108,070801010301
76,F070801010301_235,2713.508396,319593.5102,78.93959808,18156.10742,16727.30078,142.0912781,1539.322144,25.26067162,3.94698,78.93959808,0.008927213,1958.394531,607.1022949,0.003325318,41.15221024,82304.41406,30.45263481,0.000116236,34883.40625,29.90617561,57.4588623,596.2080688,1145.497192,108,070801010301
77,F070801010301_246,2908.222618,116770.1932,28.84223747,6633.714844,7522.055176,51.91602707,562.423645,9.229516029,1.44211185,28.84223747,0.003261745,715.5325317,221.8150787,0.001214961,52.38906479,104778.1328,38.76790619,0.000147975,14155.76953,29.9065094,63.81788635,171.1135712,365.141449,108,070801010301
78,F070801010301_248,6830.709227,181897.5911,44.92870331,10333.60156,12010.34082,80.87166595,876.1097412,14.37718487,2.246435165,44.92870331,0.00508095,1114.609863,345.5290527,0.001892587,23.21365738,46427.31641,17.17810631,6.55681E-05,22343.94141,29.90660667,64.66588593,601.5565186,1300.722046,108,070801010301
79,F070801010301_253,1374.380558,87733.85537,21.67026138,4984.160156,5580.959961,39.00646973,422.5700989,6.934483528,1.083513021,21.67026138,0.002450672,537.6223145,166.6629181,0.000912873,18.13727951,36274.55859,13.42158699,5.12296E-05,10565.12012,29.90563393,63.39214706,371.3540039,787.1737061,108,070801010301
80,F070801010301_259,2935.474773,92599.31084,22.87203026,5260.566895,6486.965332,41.16965485,446.0045776,7.319049835,1.143601537,22.87203026,0.002586579,567.43927,175.9061737,0.000963501,47.98641968,95972.83594,35.50994873,0.00013554,11747.53223,29.90552711,66.78294373,148.1434631,330.8237,108,070801010301
81,F070801010301_260,12245.79178,534115.1736,131.9264526,30343.08398,34406.41797,237.4676208,2572.565918,42.216465,6.596322536,131.9264526,0.014919452,3898.479248,1208.528564,0.006619546,189.2156219,378431.25,140.0195618,0.000534449,64749.5,25.10746193,53.57713699,216.7060394,462.4318237,108,070801010301
82,F070801010301_265,10579.74095,390969.7131,96.56951904,22210.99023,22981.61328,173.8251343,1883.105591,30.90224648,4.828475952,96.56951904,0.010920966,2395.762695,742.6864624,0.004067961,199.697403,399394.7813,147.7760773,0.000564055,45192.60156,29.90628052,60.85017395,150.3016663,305.8181152,108,070801010301
83,F070801010301_266,1545.80487,123910.3172,30.60584831,7039.345215,6784.70459,55.09052658,596.8140259,9.79387188,1.530292392,30.60584831,0.00346119,759.2974854,235.3822174,0.001289273,91.54676819,183093.5469,67.74460602,0.000258578,13824.0498,29.90601921,58.73022079,103.9100494,204.061264,108,070801010301
84,F070801010301_267,3495.84886,90575.16861,22.3720665,5145.575195,4959.439941,40.26971817,436.2553101,7.159061432,1.118603349,22.3720665,0.002530038,555.027832,172.0586243,0.000942427,44.32618713,88652.375,32.80138016,0.000125201,10105.01563,29.90594101,58.73007202,156.870697,308.0667725,108,070801010301
85,F070801010301_268,1426.048842,129368.328,31.95397758,7349.415039,7708.578125,57.51715851,623.1025391,10.22527313,1.597698927,31.95397758,0.003613649,792.7272339,245.7454376,0.001346036,61.42937088,122858.7422,45.45773315,0.00017351,15057.99316,29.90661812,61.2747612,161.6757965,331.2526245,108,070801010301
86,F070801010301_283,1077.87607,67298.76083,16.6227932,3823.242432,4606.176758,29.92102814,324.1444702,5.319293976,0.831139684,16.6227932,0.001879858,412.4125366,127.8478851,0.000700269,20.37544632,40750.89063,15.07783031,5.75514E-05,8429.418945,29.90461922,65.93318939,253.5671539,559.0604858,108,070801010301
87,F070801010301_285,1023.417428,51124.25281,12.62769032,2904.368652,3252.135254,22.72984314,246.2399597,4.04086113,0.631384492,12.62769032,0.001428055,313.275177,97.11530304,0.000531935,18.1791687,36358.33594,13.45258522,5.13479E-05,6156.503906,29.90639496,63.39375687,215.896698,457.6446838,108,070801010301
88,F070801010301_287,1571.989678,107700.2646,26.60196495,6118.452148,7891.738281,47.88353729,518.7383423,8.512628555,1.330098271,26.60196495,0.003008394,659.9415283,204.5818787,0.001120568,27.55669594,55113.39453,20.39195442,7.78352E-05,14010.19043,29.9071064,68.48207092,300.04245,687.0449829,108,070801010301
89,F070801010301_289,2386.486213,68087.76947,16.81767845,3868.066162,4495.701172,30.27182198,327.9447327,5.381657124,0.840883911,16.81767845,0.001901897,417.2271423,129.3404083,0.000708444,6.792247295,13584.49414,5.026263237,1.9185E-05,8363.767578,29.90609169,64.66477203,769.5709229,1664.013062,108,070801010301
90,F070801010301_303,1381.668574,96677.30371,23.87929344,5492.237305,5293.561523,42.98272705,465.6462097,7.641374111,1.19396472,23.87929344,0.002700489,684.1794434,212.0956268,0.001161724,52.72862625,105457.2578,39.01918411,0.000148935,10785.79883,25.89509964,50.85346985,140.7573547,276.4229736,108,070801010301
91,F070801010301_306,3569.383476,615920.2989,152.132309,34990.42969,36700.39844,273.8381653,2966.580078,48.68233871,7.606615543,152.132309,0.017204516,4047.39502,1254.692505,0.006872402,73.95817566,147916.3438,54.72904968,0.000208898,71690.82813,27.88765335,57.13816452,639.3392334,1309.922729,108,070801010301
92,F070801010301_308,2583.426013,71481.19585,17.65585518,4060.84668,4086.624268,31.78053856,344.2891846,5.649873734,0.882792771,17.65585518,0.001996686,487.2086792,151.0346832,0.000827271,46.72051239,93441.02344,34.57317734,0.000131964,8147.470703,26.88684845,53.94437027,117.4565659,235.6587219,108,070801010301
93,F070801010301_320,1992.505898,156502.2059,38.65604401,8890.889648,11089.64453,69.58087921,753.7928467,12.36993408,1.9328022,38.65604401,0.00437158,1142.283569,354.1079102,0.001939576,58.46837234,116936.7422,43.26659393,0.000165147,19980.53516,25.10785294,56.42498779,205.49086,461.8005066,108,070801010301
94,F070801010301_326,1305.422178,78783.35409,19.45948792,4475.682129,4884.720703,35.02707672,379.460022,6.227035999,0.97297442,19.45948792,0.002200657,536.9640503,166.4588623,0.000911755,27.17855453,54357.10938,20.11213112,7.67671E-05,9360.402344,26.88761711,56.23252487,222.536438,465.4107666,108,070801010301
95,F070801010301_329,6058.057703,147062.958,36.32455063,8354.646484,8881.352539,65.38419342,708.3287354,11.62385654,1.816227555,36.32455063,0.004107913,901.171936,279.3633118,0.001530173,17.23974991,34479.5,12.75741482,4.86945E-05,17236,29.90602684,61.69743729,654.8855591,1351.057373,108,070801010301
96,F070801010301_334,1270.791058,95388.01974,23.56084061,5418.993164,5914.242188,42.40951157,459.4364014,7.539468765,1.178042054,23.56084061,0.002664476,584.500061,181.1950226,0.00099247,71.64072418,143281.4375,53.01413727,0.000202353,11333.23535,29.90696526,62.54716873,102.2178879,213.7776031,108,070801010301
97,F070801010301_336,2450.32859,298147.2373,73.6423645,16937.74414,20646.37305,132.5562592,1436.026123,23.56555748,3.682118177,73.6423645,0.008328154,1826.955811,566.3563232,0.003102137,95.04579926,190091.5938,70.33389282,0.000268461,37584.11719,29.90651512,66.36125946,240.8190918,534.3670654,108,070801010301
98,F070801010301_342,903.608342,50232.87825,12.40752125,2853.72998,2305.565674,22.33353806,241.9466705,3.970406771,0.62037605,12.40752125,0.001403156,307.835022,95.4288559,0.000522698,37.44400024,74888,27.70856094,0.000105762,5159.295898,29.90426636,54.0643158,102.9909134,186.1986237,108,070801010301
99,F070801010301_351,2260.715959,239235.8329,59.09125137,13590.98828,16374.18555,106.3642502,1152.279419,18.90920067,2.954562664,59.09125137,0.00668258,1465.97583,454.4525146,0.0024892,24.69064331,49381.28516,18.2710762,6.97399E-05,29965.17383,29.90628815,65.93686676,743.8526611,1640.033325,108,070801010301
100,F070801010301_357,4753.50409,142903.1101,35.29706955,8118.326172,9205.476563,63.53472519,688.2928467,11.29506207,1.764853477,35.29706955,0.003991716,875.6802368,271.4608765,0.001486889,78.68930817,157378.625,58.23008728,0.000222262,17323.80273,29.90606308,63.81694031,139.4180603,297.5060425,108,070801010301
101,F070801010301_359,2666.416096,439826.2709,108.6370926,24986.53125,32936.59766,195.5467682,2118.42334,34.76387024,5.431854725,108.6370926,0.012285679,2695.181885,835.5064087,0.004576369,102.3036118,204607.2188,75.70467377,0.000288962,57923.12891,29.90585136,69.32697296,330.0527039,765.1195679,108,070801010301
102,F070801010301_360,5597.152637,134941.4377,33.33053589,7666.023438,9887.834961,59.9949646,649.9454346,10.66577148,1.666526794,33.33053589,0.003769323,826.8850098,256.3343506,0.001404035,41.20038986,82400.78125,30.48828888,0.000116372,17553.85938,29.90634537,68.48032379,251.4415741,575.7574463,108,070801010301
103,F070801010301_372,4024.909142,251046.2006,62.00841141,14261.93457,13139.58203,111.6151428,1209.164063,19.84269142,3.100420475,62.00841141,0.007012479,1832.361938,568.0322266,0.003111317,145.0997925,290199.5625,107.373848,0.000409841,27401.51563,25.10761452,48.23936844,132.8250275,255.1972961,108,070801010301
104,F070801010301_375,1918.312114,97730.93161,24.13953972,5552.094238,5272.558594,43.45117188,470.7210388,7.724652767,1.20697701,24.13953972,0.00272992,598.8740845,185.6509705,0.001016877,13.08867645,26177.35352,9.685620308,3.69696E-05,10824.65234,29.90608788,58.30646896,573.2306519,1117.600342,108,070801010301
105,F070801010301_383,1631.034429,54251.39766,13.40009499,3082.021729,3669.481445,24.12017059,261.3018494,4.288030624,0.670004725,13.40009499,0.001515406,332.4563599,103.06147,0.000564505,5.62795639,11255.91309,4.164687634,1.58964E-05,6751.50293,29.9046936,65.50947571,740.0366821,1621.130737,108,070801010301
106,F070801010301_389,4494.261242,182688.6321,45.1240921,10378.54102,11621.26074,81.22336578,879.9197998,14.43970966,2.256204605,45.1240921,0.005103046,1119.464722,347.0340576,0.00190083,19.48461342,38969.22656,14.41861439,5.50352E-05,21999.80078,29.9064045,63.39377975,719.8015747,1525.791626,108,070801010301
107,F070801010301_391,2255.609648,250615.3464,61.90198898,14237.45703,16345.83496,111.423584,1207.088745,19.80863571,3.095099449,61.90198898,0.007000444,1535.713013,476.0710449,0.002607612,25.53083801,51061.67578,18.89282036,7.21131E-05,30583.29297,29.90616035,64.24102783,753.5908813,1618.778564,108,070801010301
108,F070801010301_393,2976.543785,143244.9651,35.38150787,8137.746582,8996.80957,63.68671417,689.9393921,11.32208252,1.769075394,35.38150787,0.004001265,976.3692627,302.674469,0.001657857,63.83641052,127672.8203,47.23894501,0.000180309,17134.55664,26.8861351,56.61051178,172.267746,362.7209778,108,070801010301
109,F070801010301_394,1619.80424,161704.9462,39.94112015,9186.458008,11067.68457,71.89401245,778.8518677,12.78115845,1.997056007,39.94112015,0.004516908,1102.167725,341.6719971,0.00187146,15.0784626,30156.92578,11.15806198,4.25898E-05,20254.14258,26.88677406,59.27949142,823.3023071,1815.202515,108,070801010301
110,F070801010301_395,3347.409387,138881.5027,34.30373001,7889.85791,9505.563477,61.74671555,668.9227295,10.97719383,1.715186477,34.30373001,0.00387938,896.4865723,277.9108276,0.001522218,57.69182205,115383.6406,42.69194794,0.000162953,17395.42188,28.38989067,62.59353638,184.8090363,407.4637756,108,070801010301
111,F070801010301_419,5806.527109,241677.4664,59.69433594,13729.69727,14011.4541,107.4498062,1164.039551,19.10218811,2.984716892,59.69433594,0.006750782,1764.003906,546.8411865,0.002995246,27.16900253,54338.00391,20.10506248,7.67402E-05,27741.15234,25.10728455,50.72981644,682.897522,1379.809326,108,070801010301
112,F070801010301_424,7513.637475,373800.4008,92.3286972,21235.59961,24079.32422,166.1916504,1800.409546,29.54518318,4.616435051,92.3286972,0.010441375,2290.550781,710.0707397,0.003889313,59.37157822,118743.1563,43.93496704,0.000167698,45314.92188,29.90631485,63.81747437,483.3416443,1031.409058,108,070801010301
113,F070801010301_436,3050.019707,277859.4816,68.63129425,15785.19727,16780.35156,123.5363312,1338.310181,21.96201324,3.431564808,68.63129425,0.007761456,1702.663452,527.8256836,0.002891091,132.7347565,265469.5313,98.22371674,0.000374916,32565.54883,29.90608025,61.6975441,160.7065735,331.5446472,108,070801010301
114,F070801010301_443,5863.425953,193138.8515,47.70529556,10972.21777,11041.86816,85.86952972,930.2532349,15.26569462,2.385264874,47.70529556,0.005394952,1246.701172,386.477356,0.002116875,158.7022247,317404.4688,117.4396439,0.000448262,22014.08594,28.39032555,56.96086884,93.42856598,187.4502106,108,070801010301
115,F070801010301_455,3578.747212,102313.3202,25.27139091,5812.419922,6096.469727,45.4885025,492.7921143,8.086845398,1.263569593,25.27139091,0.00285792,626.9584961,194.357132,0.001064564,13.19231415,26384.62695,9.762312889,3.72623E-05,11908.88965,29.90587425,61.27323151,595.3937378,1219.884033,108,070801010301
116,F070801010301_462,3037.27223,66410.71363,16.4034462,3772.792725,3743.265625,29.52620316,319.8671875,5.249102592,0.82017231,16.4034462,0.001855052,462.9158325,143.5039063,0.000786023,54.57370377,109147.4063,40.38454056,0.000154146,7516.058594,26.29052353,52.37528992,93.42170715,186.1122742,108,070801010301
117,F070801010301_465,3190.676882,98970.09381,24.44561386,5622.491211,4622.175781,44.00210571,476.6894836,7.82259655,1.222280741,24.44561386,0.002764534,638.838562,198.0399475,0.001084736,64.30258942,128605.1719,47.58391571,0.000181626,10244.66699,28.39069176,51.73030472,118.1594925,215.2968445,108,070801010301
118,F070801010301_466,2178.56091,75526.89394,18.65514374,4290.683105,3588.130371,33.57925797,363.7752991,5.969645977,0.932757199,18.65514374,0.002109695,526.4564209,163.2014923,0.000893913,49.49702835,98994.05469,36.62779999,0.000139807,7878.813477,26.29071045,48.2766037,117.1427994,215.1047363,108,070801010301
119,F070801010301_468,3538.623377,345414.787,85.31745148,19623.01367,19747.57813,153.5714111,1663.690308,27.30158424,4.265872478,85.31745148,0.00964848,2407.778076,746.4111938,0.004088363,197.5214844,395042.9688,146.1658936,0.000557909,39370.59375,26.28981781,52.746521,134.2516632,269.3555298,108,070801010301
120,F070801010301_469,3955.206084,259080.3102,63.992836,14718.35254,12934.23145,115.1871033,1247.860352,20.47770691,3.199641705,63.992836,0.007236897,1702.516357,527.7800903,0.002890841,196.5227356,393045.4688,145.4268188,0.000555088,27652.58398,27.88728333,52.39413834,101.2079697,190.1477661,108,070801010301
121,F070801010301_476,3934.991649,382103.9696,94.37967682,21707.32617,22152.79883,169.8834229,1840.403687,30.20149612,4.71898365,94.37967682,0.010673319,2341.440918,725.8466797,0.003975723,122.9640121,245928.0156,90.99337006,0.000347318,43860.125,29.90621376,60.42615509,238.559433,482.0145264,108,070801010301
122,F070801010301_479,3589.547121,311158.105,76.85604858,17676.89063,21797.91602,138.3408813,1498.692993,24.59393501,3.842802525,76.85604858,0.008691587,1906.71106,591.0804443,0.00323756,84.43562317,168871.2344,62.48236084,0.000238493,39474.80469,29.90606499,66.78414917,282.9100952,631.7752075,108,070801010301
123,F070801010301_485,3672.798515,734242.4882,181.3578949,41712.31641,53801.63281,326.4442139,3536.479004,58.03452682,9.067894936,181.3578949,0.020509614,4499.254883,1394.769043,0.007639652,114.7737122,229547.4219,84.93254852,0.000324184,95513.95313,29.90625381,68.4801178,491.1228638,1124.585938,108,070801010301
124,F070801010301_495,3676.757027,400380.5356,98.89398956,22745.61719,25146.76563,178.0091858,1928.432739,31.6460762,4.944699287,98.89398956,0.011183839,2453.433838,760.5645142,0.004165886,40.05088806,80101.78125,29.63765717,0.000113126,47892.38281,29.90622902,62.96952057,767.456665,1615.930176,108,070801010301
125,F070801010301_496,2325.642768,290726.0011,71.80931854,16516.14258,20132.46289,129.2567749,1400.281738,22.97898102,3.590466022,71.80931854,0.008120856,1781.491211,552.2622681,0.003024939,65.5244751,131048.9531,48.4881134,0.000185077,36648.60547,29.90633965,66.36087036,340.6224976,755.8265991,108,070801010301
126,F070801010301_506,2456.58274,186531.5198,46.07328415,10596.85547,13367.70508,82.93191528,898.4290161,14.74345112,2.303664207,46.07328415,0.005210389,1143.018188,354.3356323,0.001940824,63.75121307,127502.4297,47.17589951,0.000180068,23964.56055,29.90626526,67.63237762,224.6243439,507.9831238,108,070801010301
127,F070801010301_510,5539.672948,219127.0158,54.12437439,12448.60645,13586.30078,97.4238739,1055.425293,17.31979942,2.706218719,54.12437439,0.006120881,1493.568115,463.0061035,0.002536051,89.1702652,178340.5313,65.98599243,0.000251866,26034.90625,26.88648415,56.23015594,188.6552887,394.552002,108,070801010301
128,F070801010301_518,1449.015285,112028.6596,27.67107964,6364.348145,7216.618164,49.80794525,539.5860596,8.854745865,1.383553982,27.67107964,0.003129299,686.4884644,212.8114166,0.001165645,64.16107941,128322.1563,47.47919846,0.000181226,13580.9668,29.90604591,63.81690979,134.0449829,286.0403442,108,070801010301
129,F070801010301_525,3223.612288,276682.6476,68.34061432,15718.34082,20719.50781,123.0131073,1332.641968,21.86899567,3.417030811,68.34061432,0.007728583,1695.429932,525.583252,0.002878808,50.68505859,101370.1172,37.50694275,0.000143162,36437.84766,29.90647125,69.32839966,419.0781555,971.4960938,108,070801010301
130,F070801010301_528,6378.10917,1202412.076,296.9957886,68309.03125,75520.08594,534.5924072,5791.417969,95.03865051,14.84978962,296.9957886,0.033587005,8776.321289,2720.659668,0.014902031,411.2034607,822406.9375,304.2905579,0.001161464,143829.125,25.10752487,52.86553192,224.4862061,472.6703491,108,070801010301
131,F070801010301_529,4840.840042,144746.7641,35.75244904,8223.063477,7692.497559,64.35440826,697.1727295,11.4407835,1.787622452,35.75244904,0.004043214,934.3348389,289.6437988,0.001586483,109.9851837,219970.3594,81.38903809,0.000310658,15915.56055,28.3902626,54.94873428,101.0340424,195.5491943,108,070801010301
132,F070801010301_530,9749.189159,269415.5696,66.54564667,15305.49902,16487.34766,119.7821655,1297.640137,21.29460716,3.327282429,66.54564667,0.007525592,1739.041992,539.1030273,0.002952861,185.9671478,371934.3125,137.6156921,0.000525273,31792.84766,28.39067459,58.97360229,111.2191391,231.0263214,108,070801010301
133,F070801010301_531,1069.319039,65244.20845,16.11532021,3706.523682,4045.267578,29.00757599,314.2487488,5.156902313,0.805765986,16.11532021,0.001822468,399.7658386,123.9274063,0.000678795,8.047505379,16095.00977,5.955153942,2.27306E-05,7751.791016,29.90882874,62.55106354,622.4060059,1301.694458,108,070801010301
134,F070801010301_532,1493.248816,84036.47012,20.7570076,4774.111816,4804.416504,37.36261368,404.7616577,6.642242432,1.03785038,20.7570076,0.002347393,514.9594116,159.6374207,0.000874392,10.02920437,20058.41016,7.421611309,2.8328E-05,9578.52832,29.90596962,60.00177383,643.2716064,1290.626465,108,070801010301
135,F070801010302_10,3169.475759,242107.4737,59.80054474,13754.125,17935.38086,107.6409836,1166.110596,19.13617516,2.990027189,59.80054474,0.006762794,1767.144409,547.8147583,0.003000578,48.98171997,97963.4375,36.24647141,0.000138351,31689.50586,25.10725594,57.84711838,379.4610901,874.2783813,108,070801010302
136,F070801010302_12,4994.6416,581384.348,143.6019287,33028.44531,43069.08984,258.4834595,2800.237549,45.95261765,7.180096626,143.6019287,0.016239822,4052.623535,1256.313354,0.00688128,151.0704041,302140.8125,111.792099,0.000426706,76097.53125,26.28997421,60.57209396,295.4452515,680.7058105,108,070801010302
137,F070801010302_42,10459.13167,398492.6097,98.42767334,22638.36523,25349.0625,177.1698151,1919.3396,31.49685478,4.921383858,98.42767334,0.011131103,2441.874268,756.9810181,0.004146257,158.4761047,316952.2188,117.272316,0.000447623,47987.42969,29.9061203,63.39317322,193.0410004,409.1965637,108,070801010302
138,F070801010302_44,2392.107698,232184.6162,57.34960175,13190.4082,16078.5332,103.2292862,1118.317261,18.3518734,2.86748004,57.34960175,0.006485619,1422.789673,441.0647888,0.002415871,77.50073242,155001.4688,57.35054016,0.000218905,29268.94141,29.90582848,66.35973358,229.9962311,510.3516235,108,070801010302
139,F070801010302_46,2590.807454,144764.0151,35.75671005,8224.042969,9325.350586,64.36207581,697.2558594,11.44214725,1.787835479,35.75671005,0.004043696,887.081604,274.9953003,0.001506248,,,,,17549.39453,29.90612221,63.81707001,,,108,070801010302
140,F070801010302_69,1973.623036,94893.61627,23.43872261,5390.90625,7488.202637,42.18970108,457.0550842,7.500391006,1.171936154,23.43872261,0.002650666,612.5408936,189.8876801,0.001040083,20.12821007,40256.42188,14.89487553,5.68531E-05,12879.10938,28.38997459,67.82488251,361.9302673,864.6671143,108,070801010302
141,F070801010302_70,969.3647024,57965.75351,14.31754112,3293.034424,4294.117188,25.77157402,279.1920471,4.581613064,0.715877056,14.31754112,0.001619159,380.9257813,118.0869904,0.000646805,,,,,7587.151367,27.88651276,64.25052643,,,108,070801010302
142,F070801010302_71,1498.480967,45817.30535,11.3168745,2602.881104,3209.691895,20.37037468,220.6790466,3.621399879,0.565843701,11.3168745,0.001279816,280.7754517,87.04039001,0.000476752,4.706973076,9413.946289,3.483160019,1.32951E-05,5812.573242,29.90429115,66.78018188,747.2757568,1668.764404,108,070801010302
143,F070801010302_83,1325.165978,91358.05057,22.56543922,5190.050781,6914.952637,40.61779022,440.026062,7.22094059,1.128271937,22.56543922,0.002551907,559.8130493,173.542038,0.000950552,18.50457764,37009.15625,13.69338703,5.22671E-05,12105.00391,29.90659142,69.75257111,379.0187683,884.0036621,108,070801010302
144,F070801010302_86,1527.044839,49465.25568,12.2179184,2810.121338,3305.924072,21.99225235,238.2494049,3.909733772,0.610895932,12.2179184,0.001381714,303.1329651,93.97122192,0.000514714,6.67941761,13358.83496,4.942769051,1.88663E-05,6116.04541,29.90406227,65.08423615,568.5317993,1237.372314,108,070801010302
145,F070801010302_88,2118.588424,255601.4575,63.13356018,14520.71875,17700.12695,113.6404114,1231.10437,20.20273972,3.156677961,63.13356018,0.007139722,1566.288086,485.5493164,0.002659528,55.73418808,111468.375,41.24329758,0.000157424,32220.8457,29.90575409,66.35957336,352.0746155,781.2383423,108,070801010302
146,F070801010302_108,2070.170255,95149.42497,23.50190735,5405.438477,6359.145996,42.30343246,458.2872009,7.520610332,1.17509532,23.50190735,0.002657811,583.0413208,180.7428131,0.000989993,,,,,11764.58398,29.9067955,65.09018707,,,108,070801010302
147,F070801010302_131,1457.104935,79758.60542,19.7003746,4531.085938,4431.402832,35.46067429,384.1573181,6.304120064,0.98501873,19.7003746,0.002227899,488.7514038,151.5129395,0.000829891,66.51132965,133022.6563,49.21838379,0.000187864,8962.488281,29.90560341,59.15328598,92.06084442,182.0963593,108,070801010302
148,F070801010403_11,3485.140101,626063.5954,154.6377106,35566.67188,46883.0625,278.3478699,3015.435303,49.48406601,7.731885433,154.6377106,0.01748785,4267.240234,1322.844482,0.007245695,146.7221985,293444.4063,108.5744247,0.000414424,82449.73438,26.88651085,62.32761002,327.5787354,759.3845215,108,070801010403
149,F070801010403_23,12594.84193,548294.6001,135.428772,31148.61719,36644.31641,243.7717896,2640.861084,43.33720779,6.771438599,135.428772,0.015315527,3821.981689,1184.814331,0.006489654,248.5852814,497170.5625,183.9531097,0.000702141,67792.9375,26.28987122,57.21819687,169.3291168,368.533783,108,070801010403
150,F070801010403_39,2027.176705,135126.8569,33.37633514,7676.557129,9466.193359,60.07740402,650.838562,10.68042755,1.668816805,33.37633514,0.003774502,921.0279541,285.5186768,0.001563889,32.3936348,64787.27344,23.97129059,9.14974E-05,17142.75,26.88635635,60.04072952,320.239624,715.1367188,108,070801010403
151,F070801010403_41,2382.500513,342868.6297,84.68855286,19478.36719,24019.36719,152.4393921,1651.426758,27.10033607,4.234427452,84.68855286,0.009577358,2213.195557,686.0906372,0.003757965,138.5907745,277181.5625,102.5571747,0.000391456,43497.73438,28.39036942,63.3993988,189.9269104,424.1315613,108,070801010403
152,F070801010403_43,4588.221116,155668.3433,38.45008087,8843.518555,9150.352539,69.21014404,749.7765503,12.30402565,1.922504067,38.45008087,0.004348287,1061.038696,328.9219971,0.001801624,19.74022865,39480.45703,14.60776901,5.57572E-05,17993.87109,26.88636971,54.70558929,605.3983154,1231.801514,108,070801010403
153,F070801010403_44,2388.450322,282543.6998,69.78829193,16051.30762,15925.68848,125.618927,1360.871704,22.3322525,3.489414692,69.78829193,0.007892299,1925.809448,597.0009155,0.003269989,35.89206696,71784.13281,26.56012917,0.000101379,31976.99609,26.88657188,53.56272507,604.3384399,1203.947266,108,070801010403
154,F070801010403_50,2199.84396,302273.5964,74.66157532,17172.16211,22392.5,134.3908386,1455.900757,23.89170456,3.733078718,74.66157532,0.008443415,2060.301758,638.6935425,0.003498354,101.4014893,202802.9844,75.03710175,0.000286413,39564.66406,26.88638687,61.94623947,228.8489532,527.2680054,108,070801010403
155,F070801010403_170,5156.312242,206805.3268,51.08091736,11748.61133,14654.09277,91.94564819,996.0778809,16.34589386,2.554045916,51.08091736,0.005776698,1267.236206,392.8432312,0.002151744,60.12189102,120243.7813,44.49020004,0.000169817,26402.70313,29.9066143,67.20925903,264.0718994,593.4498901,108,070801010403
156,F070801010403_212,3914.414074,139196.578,34.38155365,7907.757324,7733.786621,61.88679504,670.4403076,11.00209713,1.719077706,34.38155365,0.003888181,852.9829102,264.4247131,0.001448349,19.04203033,38084.05859,14.0911026,5.37851E-05,15641.54395,29.90551567,59.1531105,561.1879883,1110.029785,108,070801010403
157,F070801010403_233,7221.551768,270349.5382,66.77633667,15358.55762,17415.26758,120.197403,1302.13855,21.36842728,3.338816881,66.77633667,0.00755168,1842.689941,571.2338867,0.003128853,89.81161499,179623.2188,66.46059418,0.000253677,32773.82422,26.88663673,57.37374115,231.0926971,493.1316833,108,070801010403
158,F070801010403_235,3000.38712,110477.5745,27.28796005,6276.230957,7561.493164,49.11832809,532.1152344,8.732147217,1.364398003,27.28796005,0.003085973,753.0024414,233.4307556,0.001278584,32.72420502,65448.41406,24.21591187,9.24311E-05,13837.72461,26.88690758,59.27978516,259.1779785,571.4310913,108,070801010403
159,F070801010403_239,2080.606059,237100.4265,58.56380463,13469.6748,17755.37695,105.4148483,1141.994141,18.74041748,2.928190231,58.56380463,0.006622932,1558.085693,483.0065613,0.002645601,20.82038498,41640.76953,15.40708447,5.88082E-05,31225.05078,27.887146,64.64726257,874.2520142,2026.668335,108,070801010403
160,F070801010405_23,2281.545481,243944.025,60.25417328,13858.45996,16500.00195,108.4575119,1174.956421,19.28133583,3.012708664,60.25417328,0.006814094,1574.645874,488.1402283,0.00267372,101.9509964,203901.9844,75.44374084,0.000287966,30358.46094,28.39032555,62.19208908,183.6926422,402.3986816,108,070801010405
161,F070801010405_37,2067.979278,56513.07158,13.95872879,3210.507568,3822.458984,25.12571144,272.1952209,4.46679306,0.697936416,13.95872879,0.001578581,393.9181213,122.1146164,0.000668866,30.05982971,60119.66016,22.24427414,8.49054E-05,7032.966797,26.29093552,57.59316254,144.3296204,316.1697693,108,070801010405
162,F070801010405_38,2193.575184,134483.7302,33.21747971,7640.020508,9854.298828,59.79146194,647.7408447,10.62959385,1.660874009,33.21747971,0.003756537,824.0737915,255.4628754,0.001399262,35.27963638,70559.27344,26.10693169,9.9649E-05,17494.32031,29.90657806,68.48087311,292.6433716,670.102478,108,070801010405
163,F070801010405_39,1712.679395,104837.779,25.89493179,5955.834473,7597.571777,46.61087799,504.9511719,8.286377907,1.294746637,25.89493179,0.002928436,642.4313354,199.153717,0.001090836,28.99487686,57989.75391,21.45620918,8.18974E-05,13553.40625,29.90571594,68.05500031,277.5809326,631.6775513,108,070801010405
164,F070801010405_41,3927.825152,396354.1315,97.89946747,22516.87695,26170.48828,176.2190399,1909.039673,31.32782936,4.894973278,97.89946747,0.011071369,2428.774414,752.9200439,0.004124014,40.97386551,81947.72656,30.32065964,0.000115733,48687.36719,29.90606689,64.66472626,742.6248779,1605.748901,108,070801010405
165,F070801010405_45,1556.044169,116672.3168,28.81806183,6628.154297,7891.538086,51.87251282,561.9522095,9.221779823,1.440903068,28.81806183,0.003259011,813.284729,252.1182709,0.001380942,61.34727859,122694.5625,45.39698792,0.000173278,14519.69238,26.28986168,57.59079742,146.0042725,319.8382263,108,070801010405
166,F070801010405_58,1896.994201,168716.2325,41.67290878,9584.768555,12498.53906,75.0112381,812.6217041,13.33533096,2.083645344,41.67290878,0.004712754,1033.858643,320.4961853,0.001755473,29.30436707,58608.73438,21.68523216,8.27716E-05,22083.30859,29.90603065,68.90349579,441.9952087,1018.357056,108,070801010405
167,F070801010405_63,3216.264694,627967.0091,155.1078491,35674.80469,42474.73438,279.1941223,3024.603027,49.63451004,7.755392551,155.1078491,0.017541017,4280.222656,1326.869019,0.007267739,95.6337204,191267.4375,70.76895142,0.000270122,78149.53906,26.88645554,58.89770508,504.102478,1104.291382,108,070801010405
168,F070801010405_65,2706.895456,306749.7888,75.76719666,17426.45508,20995.0918,136.3809509,1477.460327,24.24550247,3.78835988,75.76719666,0.008568449,2090.797363,648.1471558,0.003550135,41.33701706,82674.03125,30.58939171,0.000116758,38421.54688,26.88657188,59.27904892,569.6895142,1256.041504,108,070801010405
169,F070801010405_66,1617.403361,163802.0236,40.45909882,9305.592773,11475.00977,72.82637787,788.9524536,12.94691181,2.022954941,40.45909882,0.004575486,1116.48938,346.1116943,0.001895778,29.70945168,59418.90234,21.98499489,8.39158E-05,20780.60156,26.88609695,60.04016113,423.2701721,945.2174683,108,070801010405
170,F070801010405_76,1064.342926,63260.8966,15.62544155,3593.851563,4431.6875,28.12579536,304.696106,5.000141144,0.781272054,15.62544155,0.001767068,431.1797485,133.6657257,0.000732135,23.85668182,47713.36719,17.65394402,6.73844E-05,8025.539063,26.88685989,60.04186249,203.5721588,454.6031799,108,070801010405
171,F070801010405_78,1553.184545,62866.01144,15.52790451,3571.417969,3897.814209,27.95022774,302.7941284,4.968929291,0.776395202,15.52790451,0.001756038,405.8122253,125.8017883,0.000689062,24.72772026,49455.44141,18.29851341,6.98446E-05,7469.232422,28.38924599,59.37302399,195.1753082,408.1879272,108,070801010405
172,F070801010405_79,7257.82595,304441.7908,75.19712067,17295.33789,19856.55078,135.3548126,1466.343872,24.06307793,3.759855986,75.19712067,0.00850398,2222.113037,688.8550415,0.003773107,147.1751709,294350.3438,108.9096298,0.000415703,37151.89063,25.10736847,53.93281555,158.8044891,341.1258545,108,070801010405
173,F070801010405_84,6209.665373,294722.3987,72.7964325,16743.17969,20171.89453,131.0335846,1419.530396,23.29485893,3.639821529,72.7964325,0.008232488,2054.42041,636.8703003,0.003488368,76.96510315,153930.2031,56.95417786,0.000217392,36915.07422,26.28977966,57.96325302,293.9763184,648.1539307,108,070801010405
174,F070801010405_86,3757.334636,592122.1254,146.2541656,33638.45703,41003.81641,263.2575073,2851.956299,46.80133438,7.312708378,146.2541656,0.016539762,3822.095703,1184.849609,0.006489847,200.6086426,401217.2813,148.4503937,0.000566629,74642.27344,28.39048576,62.99725723,226.59729,502.8095398,108,070801010405
175,F070801010405_87,2844.792407,422240.7687,104.2934723,23987.49805,30939.70117,187.7282562,2033.722656,33.37391281,5.214673519,104.2934723,0.011794462,2877.979004,892.1734619,0.004886755,84.09536743,168190.7344,62.23057175,0.000237531,54927.19922,26.88658524,61.56560516,385.4616394,882.6401367,108,070801010405
176,F070801010405_93,3320.398026,85143.16949,21.03036308,4836.983398,5416.160156,37.8546524,410.0920715,6.729716301,1.051518202,21.03036308,0.002378306,521.7529297,161.7434082,0.000885927,9.816121101,19632.24219,7.263929844,2.77261E-05,10253.14355,29.9052887,63.39141464,665.890686,1411.514648,108,070801010405
177,F070801010405_97,2606.294836,94183.72793,23.26338005,5350.577637,6294.605469,41.87408447,453.6359253,7.444281578,1.163169026,23.26338005,0.002630836,577.1257324,178.9089813,0.000979949,42.75154877,85503.09375,31.63614655,0.000120754,11645.18359,29.90670204,65.08998871,169.1286163,368.0974121,108,070801010405
178,F070801010405_98,1091.391183,42773.98986,10.56517506,2429.990234,2824.283203,19.01731491,206.0209198,3.380856037,0.528258741,10.56517506,0.001194807,262.1147766,81.25557709,0.000445066,23.88866997,47777.33984,17.67761612,6.74747E-05,5254.273438,29.90551949,64.6635437,137.4614258,297.227478,108,070801010405
179,F070801010405_99,5962.329326,201496.2463,49.76957321,11447.00195,12330.9082,89.5852356,970.5066528,15.92626381,2.488478661,49.76957321,0.0056284,1234.733276,382.7673035,0.002096554,83.82750702,167655.0156,62.03235626,0.000236775,23777.91016,29.90590286,62.12105942,184.5327606,383.3146362,108,070801010405
180,F070801010405_110,3154.738697,92903.65941,22.94720459,5277.856934,6059.438477,41.30496979,447.4704895,7.343105316,1.147360206,22.94720459,0.00259508,599.6695557,185.8975677,0.001018228,44.004879,88009.75781,32.56361008,0.000124294,11337.29492,28.39121056,60.98678589,162.0783691,348.1584167,108,070801010405
181,F070801010405_114,5173.860033,208788.7595,51.57082367,11861.28906,14290.27734,92.82748413,1005.631042,16.50266266,2.578541279,51.57082367,0.005832102,1279.393555,396.6119995,0.002172387,74.2122879,148424.5781,54.91709137,0.000209616,26151.56641,29.90653038,65.93740845,215.9853821,476.2008667,108,070801010405
182,F070801010405_115,3539.453003,147373.8355,36.40133667,8372.307617,10324.14844,65.52240753,709.8260498,11.64842796,1.82006681,36.40133667,0.004116597,903.0529785,279.9464111,0.001533367,53.19421005,106388.4141,39.36371613,0.00015025,18696.45703,29.9068222,66.7858429,212.690979,474.9667664,108,070801010405
183,F070801010405_159,2597.921794,136744.5854,33.77591324,7768.459961,9359.305664,60.7966423,658.6303101,10.80829239,1.688795686,33.77591324,0.00381969,932.0563354,288.9374695,0.001582614,15.62974834,31259.49609,11.56601334,4.4147E-05,17127.76563,26.88630104,59.27845001,671.6627197,1480.870239,108,070801010405
184,F070801010405_160,2834.491951,73087.87097,18.05270386,4152.12207,4119.627441,32.49486542,352.02771,5.776865005,0.902635217,18.05270386,0.002041565,480.2767639,148.8858032,0.000815501,10.29401493,20588.0293,7.617570877,2.90759E-05,8271.75,27.88796425,55.55768204,545.0716553,1085.877686,108,070801010405
185,F070801010405_161,6522.496773,285357.7259,70.48336029,16211.17285,19990.49023,126.8700485,1374.425537,22.55467606,3.524168015,70.48336029,0.007970904,1875.176147,581.3046265,0.003184014,32.32885742,64657.71484,23.9233551,9.13144E-05,36201.66406,27.88756943,62.27658081,677.6295776,1513.235229,108,070801010405
186,F070801010405_179,1371.498502,58153.24835,14.3638525,3303.686035,3699.267334,25.85493469,280.0951233,4.596432686,0.718192637,14.3638525,0.001624396,382.1191101,118.4569244,0.000648831,7.37871027,14757.4209,5.460245609,2.08415E-05,7002.953125,27.88934517,59.11814117,605.043457,1282.534424,108,070801010405
187,F070801010405_182,3026.567651,100545.895,24.83483696,5712.012695,6476.925781,44.70270538,484.2793274,7.947147846,1.241741896,24.83483696,0.002808551,660.7030029,204.8179321,0.001121862,11.64254379,23285.08789,8.61548233,3.28849E-05,12188.93848,27.88824463,59.51108932,662.9939575,1414.771484,108,070801010405
188,F070801010405_203,5855.960984,246513.044,60.88872147,14004.40625,15879.77734,109.5997009,1187.330078,19.48439026,3.044435978,60.88872147,0.006885855,1510.5896,468.2827759,0.002564953,26.58063889,53161.27734,19.66967201,7.50783E-05,29884.18359,29.90587425,63.81653214,711.9796753,1519.302612,108,070801010405
189,F070801010405_208,1949.465302,182621.5049,45.10751343,10374.72852,9852.381836,81.19352722,879.5964966,14.43440437,2.255375624,45.10751343,0.005101171,1119.079102,346.9145203,0.001900176,40.43655777,80873.11719,29.92305183,0.000114215,20227.10938,29.90571976,58.30574417,346.7135925,675.9708252,108,070801010405
190,F070801010405_224,2796.681741,343610.9052,84.87189484,19520.53516,22411.27344,152.7694092,1655.001953,27.15900612,4.243594646,84.87189484,0.009598092,2105.57959,652.7296753,0.003575235,113.1603622,226320.7344,83.73867035,0.000319627,41931.80859,29.90600204,64.24069214,233.1125488,500.7460632,108,070801010405
191,F070801010405_229,1349.099214,107472.5987,26.5457325,6105.518555,7096.205078,47.78231812,517.6417847,8.494634628,1.327286601,26.5457325,0.003002035,658.553894,204.1517029,0.001118212,77.28524017,154570.4844,57.19107819,0.000218296,13201.72363,29.90677261,64.66624451,106.756485,230.8353729,108,070801010405
192,F070801010405_234,4819.224027,150661.9237,37.21349335,8559.103516,9705.279297,66.98429108,725.663147,11.90831757,1.86067462,37.21349335,0.004208443,990.0526123,306.9163208,0.001681091,45.61855698,91237.10938,33.75773239,0.000128852,18264.38281,27.88741684,59.50932312,253.5449829,541.0429688,108,070801010405
193,F070801010405_262,2408.96013,266334.2731,65.78456879,15130.45117,20373.48047,118.4122238,1282.799072,21.05106163,3.289228439,65.78456879,0.007439522,1632.041748,505.9329529,0.002771177,40.55621338,81112.42969,30.01159859,0.000114553,35503.92969,29.90604019,70.1751709,504.1534424,1183.006958,108,070801010405
194,F070801010405_263,890.6432884,46039.58504,11.37177753,2615.508789,3410.623291,20.46920013,221.7496643,3.638968706,0.568588853,11.37177753,0.001286025,282.1250916,87.45877838,0.000479043,18.31394196,36627.88281,13.55231667,5.17286E-05,6026.131836,29.90561676,68.90254211,192.9934845,444.6569519,108,070801010405
195,F070801010405_265,2626.706154,105722.2258,26.11338997,6006.07959,7321.150391,47.0041008,509.2110901,8.356285095,1.305669546,26.11338997,0.002953141,647.8378906,200.8297424,0.001100017,42.44446945,84888.9375,31.40890694,0.000119886,13327.23047,29.90632439,66.36083984,191.2221832,424.3137207,108,070801010405
196,F070801010405_268,4125.63946,515286.1858,127.2756882,29273.4082,34853.17578,229.0962372,2481.875977,40.72822189,6.363784313,127.2756882,0.014393502,3591.900391,1113.489136,0.006098981,135.7272949,271454.5938,100.4382019,0.000383368,64126.58594,26.28980064,57.59067154,291.4569092,638.4680786,108,070801010405
197,F070801010405_281,4356.848885,845636.4659,208.8722076,48040.60938,60602.1875,375.9699707,4073.008057,66.8391037,10.44361019,208.8722076,0.023621185,5763.854492,1786.794922,0.009786918,154.2264099,308452.8125,114.1275406,0.00043562,108642.7969,26.88647079,60.80316925,420.9379272,951.9419556,108,070801010405
198,F070801010602_11,2166.667771,86384.44678,21.33695793,4907.500488,5564.678223,38.40652466,416.0706787,6.8278265,1.06684792,21.33695793,0.002412979,529.3435059,164.0964813,0.000898815,32.60626602,65212.53125,24.12863731,9.2098E-05,10472.17871,29.90618896,63.81720352,203.3890381,434.0144958,108,070801010602
199,F070801010602_23,916.3188797,55052.41621,13.59794712,3127.527832,3900.979004,24.47630501,265.1599731,4.351343155,0.679897368,13.59794712,0.001537781,337.3620911,104.5822449,0.000572835,5.331805229,10663.61035,3.945535898,1.50599E-05,7028.506836,29.90496063,67.20554352,792.6750488,1781.38208,108,070801010602
200,F070801010602_27,1846.444103,152764.2449,37.73276901,8678.537109,8733.626953,67.91898346,735.7890015,12.07448578,1.886638403,37.73276901,0.004267167,936.1083984,290.1936035,0.001589495,37.92104721,75842.09375,28.06157494,0.00010711,17412.16406,29.90602493,60.00188828,309.2676392,620.4984741,108,070801010602
201,F070801010602_75,2427.2921,274574.1927,67.81982422,15598.55957,12160.09473,122.0756836,1322.486572,21.70234299,3.390991211,67.81982422,0.007669687,1682.522827,521.5820923,0.002856893,33.95142365,67902.85156,25.12405396,9.58974E-05,27758.6543,29.90624046,53.22010422,620.8615723,1104.863647,108,070801010602
202,F070801010602_83,2958.883526,232973.1052,57.5443573,13235.20215,11443.27051,103.5798416,1122.11499,18.41419411,2.87721777,57.5443573,0.006507643,1530.922119,474.5858459,0.002599477,144.0587463,288117.5,106.6034698,0.000406901,24678.47266,27.8878994,52.00001907,124.1535797,231.4978333,108,070801010602
203,F070801010602_116,2172.077923,193467.3083,47.78642654,10990.87793,11839.56543,86.01556396,931.8353271,15.29165649,2.389321327,47.78642654,0.005404127,1185.506348,367.506958,0.002012968,50.50794983,101015.8984,37.3758812,0.000142662,22830.44336,29.90658379,62.12247849,294.063385,610.8335571,108,070801010602
204,F070801010602_118,7312.905749,222599.5972,54.98210144,12645.88379,13263.87988,98.96778107,1072.151001,17.59427261,2.749104977,54.98210144,0.00621788,1364.040527,422.8525696,0.002316116,119.6112518,239222.5,88.5123291,0.000337848,25909.76367,29.90612984,61.27375412,142.8714447,292.7249146,108,070801010602
205,F070801010602_122,6290.661627,273931.6397,67.66111755,15562.05664,15219.69141,121.7900085,1319.391846,21.65155792,3.383055925,67.66111755,0.007651739,1768.218262,548.147644,0.003002402,123.4373322,246874.6719,91.34362793,0.000348655,30781.74805,28.39026451,56.15594482,170.3682709,336.9884644,108,070801010602
206,F070801010602_126,4146.163065,135157.1814,33.38382339,7678.279297,8380.007813,60.09088135,650.9845581,10.68282318,1.669191122,33.38382339,0.003775349,888.152771,275.3273621,0.001508067,57.43867493,114877.3438,42.5046196,0.000162238,16058.28711,27.88781738,58.32434082,180.6457672,377.8009949,108,070801010602
207,F070801010602_133,1563.282346,153291.229,37.86293411,8708.474609,9998.085938,68.15328217,738.3272095,12.11613846,1.893146753,37.86293411,0.004281888,939.3491821,291.1982422,0.001594997,47.90348434,95806.96875,35.44857788,0.000135306,18706.56055,29.90565681,64.23995209,245.6649933,527.7097778,108,070801010602
208,F070801010602_142,2092.791772,98832.10487,24.41152954,5614.651855,4808.26416,43.94075394,476.0248413,7.811689377,1.220576525,24.41152954,0.002760679,605.5992432,187.7357635,0.001028296,78.55199432,157103.9844,58.12847519,0.000221874,10422.91602,29.90720367,55.5190773,96.59038544,179.3082581,108,070801010602
209,F070801010602_152,3243.133507,220585.2971,54.48456955,12531.45117,10301.94238,98.07222748,1062.449097,17.43506241,2.724228382,54.48456955,0.006161614,1351.703369,419.0280457,0.002295167,28.36829948,56736.60156,20.99254227,8.01276E-05,22833.39453,29.90599632,54.49132919,596.9477539,1087.690796,108,070801010602
210,F070801010602_155,3163.267257,58636.43328,14.48319912,3331.135742,2785.69873,26.06975937,282.4223938,4.634623528,0.724159956,14.48319912,0.001637893,359.3053589,111.3846588,0.000610094,9.073488235,18146.97656,6.714381218,2.56285E-05,6116.834473,29.90659332,54.91630936,496.1195374,911.0049438,108,070801010602
211,F070801010602_185,1225.403891,48023.68314,11.86184978,2728.225342,2204.168945,21.3513298,231.306076,3.795791864,0.593092501,11.86184978,0.001341447,294.3401489,91.24544525,0.000499784,,,,,4932.394531,29.89985275,54.05633545,,,108,070801010602
212,F070801010602_188,3496.540296,231750.2384,57.24230957,13165.73145,7651.007324,103.0361557,1116.225098,18.31753922,2.862115383,57.24230957,0.006473485,1420.106323,440.2329712,0.002411314,246.0289612,492057.9063,182.0614319,0.000694921,20816.73828,29.90628242,47.28573227,72.31477356,114.3390884,108,070801010602
213,F070801010602_189,4899.133765,210422.0925,51.97425842,11954.0791,9996.728516,93.55366516,1013.498047,16.63176346,2.598712921,51.97425842,0.005877726,1289.433472,399.7243652,0.002189434,153.2349701,306469.9375,113.3938751,0.00043282,21950.80859,29.90580559,54.91486359,105.4208527,193.5802002,108,070801010602
214,F070801010602_192,1811.47046,108820.2689,26.8786068,6182.07959,5257.455566,48.38149261,524.1328125,8.601154327,1.343930364,26.8786068,0.003039679,666.8286743,206.7168884,0.001132263,64.45359039,128907.1875,47.69565582,0.000182052,11439.53516,29.90602112,55.33914185,129.6151428,239.8443909,108,070801010602
215,F070801010602_211,2040.465781,219591.8205,54.23918152,12475.01172,12377.38086,97.63052368,1057.664063,17.35653877,2.711959124,54.23918152,0.006133864,1345.619263,417.1419678,0.002284836,23.65838051,47316.76172,17.50720215,6.68242E-05,24852.39258,29.90591431,59.57778168,712.5645752,1419.55249,108,070801010602
216,F070801010602_215,5377.665365,253580.3672,62.63434982,14405.90039,16743.41406,112.7418289,1221.369873,20.04299164,3.131717443,62.63434982,0.007083267,1553.879761,481.7027283,0.002638459,72.74386597,145487.7344,53.83045959,0.000205469,31149.31445,29.90620422,64.66501617,267.6161499,578.6559448,108,070801010602
217,F070801010602_225,2884.490653,77764.14244,19.20774269,4417.780762,4571.058105,34.57393646,374.5509949,6.146477699,0.960387111,19.20774269,0.002172188,501.9777527,155.6130981,0.000852349,47.82569122,95651.38281,35.39101028,0.000135086,8988.838867,28.38951683,57.76402664,124.8277664,253.986496,108,070801010602
218,F070801010602_226,1309.172914,95516.9399,23.59268379,5426.317383,4537.815918,42.46683121,460.0573425,7.549658775,1.179634213,23.59268379,0.002668077,585.2995605,181.4428711,0.000993828,33.39916992,66798.34375,24.71538544,9.43376E-05,9964.132813,29.90647888,54.9160881,219.5522003,403.1550598,108,070801010602
219,F070801010602_229,2768.841694,103877.7957,25.65781593,5901.297852,5436.891602,46.18406677,500.3274231,8.210500717,1.282890797,25.65781593,0.002901621,636.5515137,197.3309631,0.001080853,37.86981964,75739.64063,28.02366638,0.000106965,11338.18945,29.90558434,57.45773315,210.5826416,404.5933533,108,070801010602
220,F070801010602_231,1365.845906,110733.7659,27.35124016,6290.785156,7222.368652,49.23223114,533.3491821,8.752396584,1.367562056,27.35124016,0.003093129,678.5476074,210.349762,0.001152161,10.08167839,20163.35547,7.460442066,2.84762E-05,13513.1543,29.90630913,64.2413559,843.218811,1811.307495,108,070801010602
221,F070801010602_232,1750.087174,172929.5429,42.71359634,9824.126953,11696.69141,76.88447571,832.9151001,13.66835117,2.135679722,42.71359634,0.004830445,1059.657471,328.4938049,0.001799279,61.1710434,122342.0859,45.26657104,0.000172781,21520.81836,29.90658188,65.51361847,217.0283051,475.4241028,108,070801010602
222,F070801010602_234,1505.967787,134852.3474,33.3085289,7660.961426,8361.106445,59.95535278,649.5162964,10.65872955,1.665426493,33.3085289,0.003766834,826.3344116,256.1636658,0.001403101,32.61226654,65224.53125,24.13307762,9.21149E-05,16022.06836,29.90651131,62.54621887,317.4465027,663.9049072,108,070801010602
223,F070801010602_238,3946.189086,785426.6597,194.0003815,44620.08594,49330.41797,349.2006836,3783.007324,62.0801239,9.700018883,194.0003815,0.021939341,4812.929199,1492.008057,0.008172264,308.1924744,616384.9375,228.0624237,0.000870505,93950.5,29.90606308,62.9691658,195.6485596,411.9508057,108,070801010602
224,F070801010602_240,3774.83592,247931.1446,61.2389946,14084.96875,16570.04688,110.2301941,1194.1604,19.59647751,3.06194973,61.2389946,0.006925467,1519.25647,470.9695129,0.002579669,64.44316101,128886.3125,47.68793869,0.000182023,30655.01563,29.9063282,65.08917236,295.3570557,642.8253174,108,070801010602
225,F070801010602_244,3967.586742,117416.4436,29.00186157,6670.428223,7374.59375,52.20335007,565.5363159,9.280595779,1.450093031,29.00186157,0.003279796,719.5194702,223.0510406,0.001221731,74.07094574,148141.8906,54.8125,0.000209217,14045.02148,29.90538979,62.96774673,121.6953812,256.2375793,108,070801010602
226,F070801010602_245,1835.642767,147662.8385,36.4727211,8388.725586,9036.481445,65.65089417,711.2180786,11.67127037,1.823636055,36.4727211,0.00412467,904.8479004,280.5028381,0.001536415,37.07852173,74157.04688,27.43810654,0.00010473,17425.20703,29.90602684,62.12132263,305.732666,635.0732422,108,070801010602
227,F070801010602_261,2557.587353,303221.5219,74.89571381,17226.01367,20753.60156,134.8122864,1460.466431,23.96662903,3.744785786,74.89571381,0.008469894,1858.074341,576.0030518,0.003154976,58.31517792,116630.3516,43.15323257,0.000164714,37979.61719,29.90611458,65.93648529,399.1824646,880.1105957,108,070801010602
228,F070801010602_262,4630.006902,166578.9055,41.14498901,9463.347656,10864.74707,74.06098175,802.3272705,13.16639614,2.057249546,41.14498901,0.004653052,1020.738708,316.4289856,0.001733195,70.59464264,141189.2969,52.24003601,0.000199398,20328.09375,29.90670204,64.24219513,181.1512451,389.1286316,108,070801010602
229,F070801010602_265,932.8517715,40992.67009,10.12518978,2328.793701,2904.713379,18.2253418,197.4412079,3.240060806,0.506259501,10.12518978,0.001145049,251.1824341,77.86655426,0.000426503,7.249323368,14498.64648,5.364499092,2.04761E-05,5233.506836,29.90749741,67.21122742,434.1120605,975.581665,108,070801010602
230,F070801010602_270,1015.788656,50988.40937,12.59413719,2896.651611,2750.811279,22.66944695,245.5856781,4.030123711,0.62970686,12.59413719,0.00142426,312.5023804,96.87574005,0.000530623,6.042170525,12084.34082,4.471206188,1.70664E-05,5647.462891,29.90069199,58.29594421,647.8457031,1263.07373,108,070801010602
231,F070801010602_272,3215.302401,628873.5837,155.3317719,35726.30859,38991.38281,279.5971985,3028.969482,49.70616531,7.766588688,155.3317719,0.01756634,3853.60498,1194.617554,0.00654335,57.39987183,114799.7422,42.47590637,0.000162129,74717.6875,29.90606308,62.54527664,841.0958252,1759.060425,108,070801010602
232,F070801010602_273,6169.728218,192291.8975,47.49609756,10924.10254,11457.95996,85.49297333,926.1738892,15.19875145,2.374804974,47.49609756,0.005371294,1178.325439,365.2808838,0.002000775,116.9678268,233935.6563,86.55619049,0.000330381,22382.0625,29.90603447,61.2735672,126.2082214,258.584198,108,070801010602
233,F070801010602_280,5956.572332,230578.1301,56.95279694,13099.14355,13182.29395,102.5150375,1110.57959,18.22489548,2.847639799,56.95279694,0.006440744,1412.926025,438.0070801,0.002399122,92.72599792,185452,68.61724091,0.000261909,26281.4375,29.90623665,60.00231171,190.9016418,383.0150757,108,070801010602
234,F070801010602_281,5224.944604,181589.9746,44.85272217,10316.12598,10235.3916,80.73490143,874.6280518,14.35287094,2.242636204,44.85272217,0.005072357,1112.744263,344.9507141,0.001889419,22.45658112,44913.16406,16.61787033,6.34297E-05,20551.51758,29.90608597,59.57812881,620.7850952,1236.711914,108,070801010602
235,F070801010602_282,2122.282696,278743.0296,68.84952545,15835.39063,20200.45313,123.9291458,1342.565796,22.03184891,3.442476273,68.84952545,0.007786136,1708.096558,529.5099487,0.002900316,46.64049911,93281,34.51396942,0.000131738,36035.84375,29.90574646,68.05508423,458.8110657,1044.094482,108,070801010602
236,F070801010602_286,5784.285274,496036.3776,122.5209885,28179.82813,27959.28711,220.5377808,2389.15918,39.20671463,6.126049519,122.5209885,0.013855796,3039.668457,942.2972412,0.005161301,217.2738037,434547.5938,160.782608,0.0006137,56139.11719,29.90545464,59.57686615,175.2666473,349.1616211,108,070801010602
237,F070801010602_295,4908.631614,127606.7125,31.51885796,7249.337402,6884.349609,56.73394394,614.6177368,10.08603477,1.575942874,31.51885796,0.003564441,781.944397,242.4027557,0.001327727,13.45466614,26909.33203,9.956453323,3.80034E-05,14133.6875,29.90616798,58.30662918,728.1043701,1419.550415,108,070801010602
238,F070801010602_306,2182.078501,211930.7834,52.34690475,12039.78809,13310.77148,94.22442627,1020.764648,16.75100899,2.617345333,52.34690475,0.005919868,1298.650146,402.581543,0.002205084,119.296196,238592.3906,88.27918243,0.000336958,25350.55859,29.9064579,62.96999741,136.3830872,287.1634827,108,070801010602
239,F070801010602_308,3211.83049,124550.9126,30.76407623,7075.737305,8424.43457,55.37533569,599.8994751,9.844504356,1.538203835,30.76407623,0.003479084,818.4758301,253.7275085,0.001389757,52.47299957,104946,38.8300209,0.000148213,15500.17188,27.88715172,61.08983612,182.2233734,399.1801147,108,070801010602
240,F070801010602_316,2824.339399,283205.5644,69.9517746,16088.9082,18699.50781,125.9131927,1364.05957,22.38456726,3.497588634,69.9517746,0.007910788,1735.43042,537.9834595,0.002946729,58.21022034,116420.4453,43.07556152,0.000164418,34788.41406,29.90595245,64.66446686,373.504303,807.6137085,108,070801010602
241,F070801010602_319,1723.237857,59452.04929,14.68465614,3377.470947,2680.830811,26.43238068,286.3507996,4.699090004,0.734232783,14.68465614,0.001660676,364.3187561,112.9388123,0.000618606,37.58253479,75165.07031,27.81107521,0.000106154,6058.301758,29.90531731,53.6423378,121.4433823,217.837738,108,070801010602
242,F070801010602_326,2477.353929,223275.1207,55.1489563,12684.25977,11146.70703,99.26811981,1075.404663,17.64766693,2.75744772,55.1489563,0.00623675,1368.169556,424.1325684,0.002323127,120.3705978,240741.1875,89.07424164,0.000339993,23830.9668,29.90635681,56.18754196,142.4009857,267.5404968,108,070801010602
243,F070801010602_343,6970.121045,257509.7907,63.60491943,14629.13184,14721.99414,114.4888535,1240.295898,20.35357475,3.180245876,63.60491943,0.007193028,1795.000366,556.4501343,0.003047877,129.3387451,258677.4844,95.71067047,0.000365324,29351.125,26.29010391,52.74708939,152.8474426,306.6651306,108,070801010602
244,F070801010602_367,1568.193745,154262.8216,38.10291672,8763.670898,7825.577148,68.58525085,743.006897,12.19293308,1.905145884,38.10291672,0.004309027,945.2776489,293.0360718,0.001605064,16.92838287,33856.76563,12.52700329,4.7815E-05,16589.24805,29.9064579,56.61162567,699.5823975,1324.279053,108,070801010602
245,F070801010602_381,2154.122303,194055.6875,47.93175507,11024.30371,7969.133789,86.27716064,934.6692505,15.33816147,2.396587849,47.93175507,0.005420562,1189.148804,368.6361389,0.002019153,82.97433472,165948.6719,61.40100861,0.000234365,18993.4375,29.90565109,51.52353668,179.5459747,309.3342896,108,070801010602
246,F070801010602_387,1190.079425,57848.2965,14.2885294,3286.361816,3400.383789,25.71935272,278.6263123,4.572329521,0.714426458,14.2885294,0.001615878,373.4262085,115.7621231,0.000634071,23.17178535,46343.57031,17.14712143,6.54498E-05,6686.745605,28.38892174,57.76280975,191.6567688,389.9631653,108,070801010602
247,F070801010602_419,3290.636475,113274.1993,27.97872734,6435.107422,4013.268311,50.36170959,545.5852051,8.953192711,1.398936391,27.97872734,0.003164091,694.1370239,215.1824799,0.001178632,131.5733185,263146.6563,97.36425781,0.000371635,10448.37598,29.90534973,48.55588531,66.09311676,107.312233,108,070801010602
248,F070801010602_431,2552.410754,288592.0516,71.28223419,16394.91406,20217.07031,128.3080139,1390.00354,22.81031418,3.56411171,71.28223419,0.008061249,1768.448608,548.2190552,0.003002793,67.11315155,134226.2969,49.66373062,0.000189564,36611.98438,29.90577126,66.78349304,330.1184692,737.1976318,108,070801010602
249,F070801010602_435,3186.591032,139153.9475,34.37102509,7905.335938,7283.219238,61.86784363,670.2349854,10.9987278,1.718551278,34.37102509,0.00388699,852.696167,264.3358154,0.001447862,32.44904709,64898.09766,24.01229477,9.16539E-05,15188.55469,29.90641212,57.45931244,329.2203369,632.5324097,108,070801010602
250,F070801010602_438,3359.010535,104204.5932,25.73853493,5919.862793,5789.625488,46.32936096,501.9014282,8.236330986,1.286926746,25.73853493,0.00291075,638.5551147,197.9520874,0.001084255,53.73458862,107469.1797,39.76359558,0.000151776,11709.48828,29.90553284,59.15314484,148.8764496,294.4776001,108,070801010602
251,F070801010602_439,3608.918008,78500.77095,19.3896904,4459.628906,3919.044922,34.90144348,378.0989685,6.204700947,0.969484508,19.3896904,0.002192764,481.0312805,149.1196899,0.000816782,47.57246399,95144.92969,35.20362473,0.000134371,8378.673828,29.90637207,56.18757629,126.6809616,238.0059967,108,070801010602
252,F070801010602_446,2454.060815,80972.73139,20.00026512,4600.061035,5346.470703,36.00047684,390.0051575,6.400084972,1.000013232,20.00026512,0.002261813,496.1920471,153.8195343,0.000842525,36.12979507,72259.59375,26.73604774,0.00010205,9946.53125,29.90557098,64.66364288,172.0546417,372.0269775,108,070801010602
253,F070801010602_449,4287.214887,308094.9632,76.09945679,17502.875,19102.48828,136.9790192,1483.939453,24.35182571,3.804972887,76.09945679,0.008606024,1887.918213,585.2546387,0.00320565,83.19376373,166387.5313,61.56338501,0.000234985,36605.36328,29.90642738,62.54604721,284.3065796,594.5963135,108,070801010602
254,F070801010602_450,2017.838804,182599.0268,45.10195923,10373.4502,12644.78711,81.18352509,879.4882202,14.43262672,2.255097866,45.10195923,0.005100543,1199.933716,371.9794617,0.002037465,48.246521,96493.04688,35.70242691,0.000136275,23018.23828,27.88715935,61.88040161,290.5530701,644.7247314,108,070801010602
255,F070801010602_453,3316.73584,137371.1943,33.93068314,7804.057129,7411.141602,61.07522964,661.6483154,10.8578186,1.696534157,33.93068314,0.003837193,886.7036743,274.8781433,0.001505606,60.62314987,121246.3047,44.86112976,0.000171233,15215.19922,28.39097023,55.3525238,173.9603271,339.1622009,108,070801010602
256,F070801010602_457,7352.035662,605490.5647,149.5561676,34397.91797,29740.74023,269.2011108,2916.345215,47.85797501,7.477808475,149.5561676,0.016913183,3710.279541,1150.186646,0.006299986,72.50982666,145019.6563,53.65727234,0.000204808,64138.65625,29.9063797,55.76369476,641.0671997,1195.339478,108,070801010602
257,F070801010602_461,4677.495254,185402.7719,45.79448318,10532.73145,11047.46191,82.43006897,892.9924316,14.65423489,2.289724112,45.79448318,0.00517886,1196.752563,370.9932861,0.002032064,98.6697464,197339.5,73.01560974,0.000278697,21580.19336,28.390625,58.16868973,144.2531433,295.5558777,108,070801010602
258,F070801010602_462,3302.648248,99363.21804,24.54271507,5644.824707,5840.674316,44.17688751,478.5829468,7.85366869,1.227135777,24.54271507,0.002775515,608.8752441,188.7513275,0.001033859,52.83840561,105676.8125,39.10042191,0.000149245,11485.49902,29.9061451,60.84989929,144.3673553,293.7436218,108,070801010602
259,F070801010602_465,2862.040546,149617.716,36.95557404,8499.782227,6264.708984,66.52003479,720.633667,11.82578373,1.847778678,36.95557404,0.004179275,916.8409424,284.2207031,0.001556779,92.68067932,185361.3594,68.58370209,0.000261781,14764.49121,29.90557098,51.94727707,123.9329758,215.2769623,108,070801010602
260,F070801010602_504,1797.252585,97510.28243,24.08503914,5539.559082,6124.34375,43.35306931,469.6582642,7.707212448,1.204252005,24.08503914,0.002723757,597.5379639,185.2367706,0.001014608,23.65273857,47305.47656,17.50302696,6.68083E-05,11663.90234,29.9052887,62.96753311,316.4914856,666.3934326,108,070801010602
261,F070801010602_517,2862.142593,53618.99775,13.24389267,3046.095215,3669.882568,23.83900642,258.2559204,4.238045692,0.66219461,13.24389267,0.001497741,328.57901,101.8594894,0.000557921,30.06642914,60132.85938,22.24915695,8.49241E-05,6715.977539,29.9048748,65.93374634,136.9083405,301.8531189,108,070801010602
262,F070801010602_518,1999.447892,55871.58221,13.80028057,3174.064453,3599.11377,24.8405056,269.1054688,4.416090012,0.690014005,13.80028057,0.001560662,342.3676453,106.1339722,0.000581334,24.2295475,48459.09375,17.92986488,6.84375E-05,6773.178223,29.90620613,63.8172493,177.0266876,377.7595825,108,070801010602
263,F070801010602_522,1462.758115,77469.94194,19.13507652,4401.067383,3929.961914,34.44313812,373.1340027,6.123224258,0.95675385,19.13507652,0.00216397,474.736908,147.1684418,0.000806094,24.13899422,48277.98828,17.86285591,6.81818E-05,8331.029297,29.90496635,56.6088028,246.3809509,466.3884277,108,070801010602
264,F070801010602_535,2053.863882,91523.80022,22.60637856,5199.467285,4127.02002,40.69148254,440.8243713,7.234041214,1.13031888,22.60637856,0.002556537,560.8355103,173.8590088,0.000952288,15.02614021,30052.2793,11.11934376,4.24421E-05,9326.487305,29.90622902,53.64397049,467.6055908,838.7623901,108,070801010602
265,F070801010602_536,2543.480679,289014.4588,71.38657379,16418.91211,9774.249023,128.4958344,1392.038208,22.84370422,3.569328785,71.38657379,0.008073048,1770.997437,549.0092163,0.003007121,50.91302872,101826.0547,37.67564011,0.000143806,26193.16016,29.90644073,47.7098732,435.7965088,695.2280273,108,070801010602
266,F070801010602_538,3448.065833,137216.1883,33.89239883,7795.251953,5413.97168,61.00631714,660.9017944,10.8455677,1.694619894,33.89239883,0.003832863,840.8383179,260.6598816,0.001427728,26.18599892,52371.99609,19.37763977,7.39636E-05,13209.22363,29.90583801,50.67609024,402.2807617,681.6735229,108,070801010602
267,F070801010602_539,2141.365295,139454.7154,34.44531631,7922.422852,4267.084961,62.00156784,671.6836548,11.02250099,1.72226584,34.44531631,0.003895392,854.5437622,264.9085693,0.001451,15.9678669,31935.73438,11.81622124,4.5102E-05,12189.50781,29.90625381,46.01401901,670.4700928,1031.591064,108,070801010602
268,F070801010602_542,1368.913759,96987.82368,23.95599174,5509.87793,1952.413452,43.12078476,467.1418457,7.665917397,1.197799563,23.95599174,0.002709163,594.3366089,184.2443542,0.001009173,20.83562088,41671.24219,15.41835976,5.88512E-05,7462.291504,29.90527344,40.50214386,357.3582458,483.9873657,108,070801010602
269,F070801010602_559,2893.638609,119738.8882,29.57550621,6802.366211,5206.472656,53.23591232,576.7223511,9.464161873,1.478775263,29.57550621,0.003344669,733.7420044,227.460022,0.00124588,78.87086487,157741.7344,58.36444092,0.000222775,12008.83887,29.90576553,52.79538345,116.5498428,205.7560883,108,070801010602
270,F070801010602_574,2382.737153,316176.7784,78.09566498,17962.00391,21385.71875,140.5722046,1522.865479,24.99061203,3.904783249,78.09566498,0.008831774,2077.686768,644.0828857,0.003527874,78.42214966,156844.2969,58.03239059,0.000221507,39347.72266,27.88772202,61.09108734,309.5168762,678.0303345,108,070801010602
271,F070801010602_601,2577.957051,243026.7573,60.02761078,13806.35059,16829.33984,108.0496979,1170.538452,19.2088356,3.001380444,60.02761078,0.006788473,1489.193481,461.6499939,0.002528623,71.41752625,142835.0625,52.84896851,0.000201722,30635.69141,29.90653229,66.36129761,261.2416382,579.6838379,108,070801010602
272,F070801010602_630,2659.175753,82881.7582,20.47179413,4708.512695,3403.640869,36.84922791,399.1999817,6.550973892,1.02358973,20.47179413,0.002315138,507.8662415,157.4385376,0.000862347,71.37081909,142741.6406,52.81440735,0.00020159,8112.15332,29.90699005,51.52584457,89.15205383,153.5973511,108,070801010602
273,F070801010602_634,4305.314715,140806.5556,34.77922058,7999.220703,8843.660156,62.60259628,678.1948242,11.12935066,1.738960981,34.77922058,0.003933153,908.8988647,281.7586365,0.001543293,59.63166428,119263.3281,44.12742996,0.000168433,16842.88086,28.39032936,59.77769089,181.2754669,381.6873169,108,070801010602
274,F070801010602_635,4589.818272,181074.2531,44.7253418,10286.82813,11955.97754,80.50561523,872.144165,14.31210899,2.23626709,44.7253418,0.005057951,1109.598267,343.9754639,0.001884077,70.38233185,140764.6719,52.08292389,0.000198798,22242.80469,29.90570259,64.66392517,197.5086517,427.0652161,108,070801010602
275,F070801010602_637,1173.242657,53820.34149,13.29362392,3057.533447,3206.953857,23.92852402,259.2256775,4.253959656,0.664681196,13.29362392,0.001503365,380.8747559,118.0711746,0.000646718,30.54370689,61087.41406,22.60234261,8.62722E-05,6264.487305,25.89568138,53.05687332,135.2750702,277.1609802,108,070801010602
276,F070801010602_646,4304.351841,125028.6402,30.88207436,7102.876953,6644.586426,55.58773422,602.2004395,9.882264137,1.544103742,30.88207436,0.003492428,807.0666504,250.1906586,0.001370384,73.63592529,147271.8438,54.49058533,0.000207988,13747.46289,28.38985634,54.94794464,130.3505402,252.2906036,108,070801010602
277,F070801010602_658,1195.097399,71662.77397,17.70070457,4071.162109,3462.258545,31.861269,345.1637268,5.664225578,0.885035217,17.70070457,0.002001758,439.1204529,136.1273346,0.000745618,33.678936,67357.86719,24.92241287,9.51278E-05,7533.420898,29.90701485,55.34098434,163.3534546,302.2749329,108,070801010602
278,F070801010602_662,1537.038201,151846.2813,37.50603104,8626.386719,5502.134766,67.51085663,731.3676147,12.00193024,1.8753016,37.50603104,0.004241526,930.4785156,288.4483337,0.001579935,170.0883484,340176.6875,125.8653793,0.000480423,14128.52148,29.90617561,48.98111725,68.53661346,112.2510529,108,070801010602
279,F070801010602_667,984.9635033,44152.08063,10.90556431,2508.279785,2986.379639,19.63001633,212.6585083,3.489780664,0.545278192,10.90556431,0.001233301,270.5539856,83.87173462,0.000459396,24.21053314,48421.06641,17.91579437,6.83838E-05,5494.65918,29.90613937,65.51264191,140.00383,306.693573,108,070801010602
280,F070801010602_670,1627.623144,120707.2148,29.81468201,6857.376953,6512.123047,53.66642761,581.3862915,9.540698051,1.4907341,29.81468201,0.003371718,739.6681519,229.2971344,0.001255943,54.12033081,108240.6563,40.04904556,0.000152865,13369.5,29.90607262,58.30644226,171.224472,333.828186,108,070801010602
281,F070801010602_672,1385.085971,118507.4001,29.27132797,6732.405273,6298.019531,52.68838882,570.7908936,9.366825104,1.463566422,29.27132797,0.00331027,726.1808472,225.1160583,0.001233042,14.85858727,29717.17383,10.99535465,4.19688E-05,13030.4248,29.90637589,57.88314056,612.2954102,1185.084595,108,070801010602
282,F070801010602_675,1973.780964,108967.337,26.91493225,6190.43457,4825.847656,48.44687653,524.8411865,8.612778664,1.345746636,26.91493225,0.003043787,667.7230225,206.9941406,0.001133781,18.88116074,37762.32031,13.97205925,5.33308E-05,11016.28223,29.9063282,53.22026062,443.058136,788.4508667,108,070801010602
283,F070801010602_686,2522.028067,82392.89217,20.3510437,4680.740234,3317.220947,36.6318779,396.8453369,6.51233387,1.017552137,20.3510437,0.002301482,504.8762207,156.5116272,0.00085727,,,,,7997.960938,29.90666199,51.10138702,,,108,070801010602
284,F070801010602_693,5366.267671,209237.8174,51.68173981,11886.7998,11119.84277,93.02713013,1007.793945,16.53815651,2.584086895,51.68173981,0.005844645,1282.144409,397.4647522,0.002177057,115.5276031,231055.2031,85.49042511,0.000326313,23006.64258,29.90655136,57.88348007,139.0424652,269.113678,108,070801010602
285,F070801010602_700,2116.282707,243289.6255,60.09253693,13821.2832,16455.74023,108.1665649,1171.804443,19.22961235,3.004626751,60.09253693,0.006795815,1490.803711,462.1491394,0.002531357,70.50675964,141013.5156,52.17500305,0.00019915,30277.02344,29.90654373,65.51353455,264.9024048,580.2974854,108,070801010602
286,F070801010602_703,2402.611411,320272.0314,79.10719299,18194.6543,21146.93164,142.3929443,1542.59021,25.31430244,3.955359697,79.10719299,0.008946166,1962.571167,608.3970337,0.003332409,87.85766602,175715.3281,65.01467133,0.000248158,39341.58594,29.90588951,64.66432953,279.8545837,605.1185913,108,070801010602
287,F070801010602_704,980.5979266,44102.50696,10.89331913,2505.463379,2130.733154,19.60797501,212.4197235,3.485862017,0.544665933,10.89331913,0.001231916,270.2400818,83.77442169,0.000458863,6.254556179,12509.1123,4.628371716,1.76663E-05,4636.196289,29.90725899,55.34143066,541.3271484,1001.690552,108,070801010602
288,F070801010602_708,2978.004352,380991.3556,94.10486603,21644.11914,20247.60156,169.3887634,1835.044922,30.11355782,4.705243111,94.10486603,0.010642241,2334.63623,723.7372437,0.003964169,210.9814758,421962.9688,156.126297,0.000595927,41891.71875,29.90604591,57.88249588,138.6321106,268.3194275,108,070801010602
289,F070801010602_714,3532.759553,317672.1874,78.46502686,18046.95703,17138.33203,141.2370453,1530.067993,25.10880852,3.92325139,78.46502686,0.008873545,1946.601563,603.4464722,0.003305293,42.60564423,85211.28906,31.52817726,0.000120342,35185.28906,29.90647507,58.30722427,572.4072266,1115.994995,108,070801010602
290,F070801010602_725,4619.533495,128722.2016,31.794384,7312.708496,5908.032227,57.22989273,619.9904785,10.17420292,1.589719176,31.794384,0.0035956,788.7625732,244.5164032,0.001339304,123.8759232,247751.8594,91.66818237,0.000349894,13220.74023,29.9068222,54.06893158,79.77368164,144.223877,108,070801010602
291,F070801010602_728,1019.860254,47846.13135,11.81799412,2718.138672,1733.699585,21.27238846,230.450882,3.78175807,0.590899706,11.81799412,0.001336487,293.2125549,90.89588928,0.000497869,39.44609833,78892.19531,29.19011307,0.000111417,4451.838379,29.90386772,48.97733307,93.11846924,152.5118561,108,070801010602
292,F070801010602_735,2384.991225,149556.595,36.94047928,8496.310547,8791.094727,66.49285889,720.3393555,11.82095337,1.847023964,36.94047928,0.004177568,916.4713135,284.1061096,0.001556151,84.12001801,168240.0313,62.24881363,0.000237601,17287.40625,29.90541267,60.84841537,136.4895172,277.7146301,108,070801010602
293,F070801010602_753,1808.401734,164009.9245,40.51045227,9317.404297,7923.84375,72.91881561,789.9537964,12.96334457,2.025522709,40.51045227,0.004581293,1005.020813,311.5564575,0.001706507,106.4954453,212990.8906,78.806633,0.000300802,17241.24805,29.9059906,55.33908081,118.2312164,218.7791443,108,070801010602
294,F070801010602_764,13285.16393,545691.333,134.7857666,31000.72656,34713.76563,242.6143799,2628.32251,43.13144684,6.73928833,134.7857666,0.01524281,3343.861572,1036.597046,0.005677815,312.6699524,625339.875,231.3757629,0.000883151,65714.49219,29.90624619,63.39444351,133.9843292,284.0163269,108,070801010602
295,F070801010604_64,1345.23917,49509.38457,12.22881794,2812.628174,3348.739746,22.01187134,238.4619446,3.913221836,0.611440897,12.22881794,0.001382947,303.3977051,94.05329132,0.000515164,7.082325459,14164.65039,5.240921021,2.00044E-05,6161.368164,29.90462303,65.50933075,536.666748,1175.626953,108,070801010604
296,F070801010604_225,2704.666683,322648.197,79.69410706,18329.64453,22602.8418,143.4493866,1554.035034,25.50211334,3.984705448,79.69410706,0.00901254,1977.111328,612.904541,0.003357098,51.1101799,102220.3594,37.8215332,0.000144363,40932.48438,29.9061985,66.78443909,484.6351624,1082.253418,108,070801010604
297,F070801010601_17,1159.945877,74125.64789,18.30903435,4211.078125,4774.996094,32.95626068,357.0261841,5.85889101,0.915451705,18.30903435,0.002070553,454.1959839,140.8007507,0.000771216,,,,,8986.074219,29.9080658,63.82120895,,,108,070801010601
298,F070801010601_21,2378.019904,303500.8709,74.96471405,17241.88477,14907.4834,134.9364929,1461.81189,23.9887085,3.748235703,74.96471405,0.008477697,1959.068237,607.3111572,0.003326462,218.7269745,437453.9688,161.8579559,0.000617805,32149.36719,28.39052773,52.93722534,106.5247879,198.6270447,108,070801010601
299,F070801010601_36,2398.760822,320464.6404,79.1547699,18205.59766,19095.29492,142.4785919,1543.518066,25.3295269,3.9577384,79.1547699,0.008951547,1963.744141,608.7606812,0.003334401,156.7823639,313564.75,116.0189514,0.000442839,37300.89063,29.90600204,61.27348709,156.9191742,321.5068665,108,070801010601
300,F070801010601_46,2431.82364,69002.84701,17.04370308,3920.051758,3667.123535,30.67866516,332.3522034,5.453985214,0.85218513,17.04370308,0.001927458,497.8085632,154.3206482,0.00084527,,,,,7587.175293,25.40199089,49.16500473,,,108,070801010601
301,F070801010601_53,1835.820619,77061.44187,19.03417587,4377.860352,4840.01123,34.26151657,371.1664429,6.090936184,0.951708794,19.03417587,0.002152559,562.4857178,174.370575,0.00095509,11.42982864,22859.65625,8.458073616,3.22841E-05,9217.871094,25.10664558,52.86368561,517.595459,1089.831055,108,070801010601
302,F070801010601_62,1332.570371,56797.42744,14.028965,3226.661865,3521.550537,25.25213623,273.5648193,4.48926878,0.701448262,14.028965,0.001586524,347.9918213,107.8774643,0.000590884,,,,,6748.212402,29.91043472,62.55442047,,,108,070801010601
303,F070801010601_65,3105.206798,81852.2533,20.21750641,4650.026367,4218.180664,36.39151001,394.2413635,6.469602108,1.010875344,20.21750641,0.002286381,501.5740662,155.4879608,0.000851663,79.31832886,158636.6563,58.69556427,0.000224038,8868.207031,29.90602112,57.03468704,79.22279358,151.0881958,108,070801010601
304,F070801010601_70,1362.133536,50726.68505,12.52949142,2881.782959,2164.845459,22.55308533,244.3250885,4.009437084,0.626474559,12.52949142,0.00141695,310.8649292,96.36812592,0.000527843,62.76865387,125537.3047,46.44880295,0.000177293,5046.628418,29.90390205,52.36823273,62.04213715,108.6492691,108,070801010601
305,F070801010601_71,1243.350133,53661.64042,13.25442505,3048.517822,2290.099854,23.85796547,258.4613037,4.241415977,0.662721276,13.25442505,0.001498932,328.8514099,101.9439392,0.000558384,66.58374786,133167.5,49.27197266,0.000188069,5338.617676,29.90386581,52.36817169,61.87123489,108.3499908,108,070801010601
306,F070801010601_77,1410.373969,117348.4037,28.98505592,6666.562988,5952.951172,52.17309952,565.2086182,9.27521801,1.449252844,28.98505592,0.003277896,719.0663452,222.9105682,0.001220961,50.59076309,101181.5234,37.43716431,0.000142896,12619.51367,29.90689468,56.61244965,178.0733948,337.0852051,115,070801010601
307,F070801010601_79,1521.798725,108954.4437,26.91174698,6189.70166,6930.850586,48.44114304,524.7790527,8.611759186,1.345587373,26.91174698,0.003043427,667.6268921,206.9643402,0.001133618,47.77822113,95556.4375,35.35588455,0.000134952,13120.55273,29.90709305,63.39523315,175.0684967,371.0995483,115,070801010601
308,F070801010601_85,2495.455654,192977.2322,47.66537476,10963.03613,11654.18652,85.79767609,929.4747925,15.25292015,2.383268833,47.66537476,0.005390437,1182.53479,366.5857849,0.002007922,94.58191681,189163.8281,69.99061584,0.000267151,22617.22266,29.90578651,61.69694519,156.6358032,323.1465149,108,070801010601
309,F070801010601_92,1163.877141,72239.15606,17.84307098,4103.90625,3955.451904,32.11752701,347.9398804,5.7097826,0.892153561,17.84307098,0.002017858,442.6818237,137.231369,0.000751666,30.48396301,60967.92578,22.55813217,8.61034E-05,8059.358398,29.90501595,58.72825241,181.9257965,357.2706299,108,070801010601
310,F070801010601_116,975.0896067,49858.91333,12.31515121,2832.484863,2890.612549,22.16727257,240.1454468,3.940848351,0.615757585,12.31515121,0.00139271,305.5482788,94.71996307,0.000518815,28.18762207,56375.24609,20.85884094,7.96173E-05,5723.097656,29.90377998,60.42124176,135.7930145,274.3727417,108,070801010601
311,F070801010601_126,895.3307512,41230.86011,10.1840229,2342.325195,2755.592773,18.33124161,198.5884399,3.258887291,0.509201169,10.1840229,0.001151703,252.6713104,78.32810974,0.000429031,14.48443699,28968.87305,10.71848297,4.0912E-05,5097.917969,29.9040184,65.08414459,218.5314026,475.6193542,108,070801010601
312,F070801010601_161,1275.206186,90014.3189,22.23353767,5113.713867,2826.772217,40.02036667,433.5539856,7.114732265,1.111676931,22.23353767,0.002514372,551.6070557,170.9981842,0.000936619,12.97400475,25948.00977,9.600763321,3.66457E-05,7940.486328,29.90507698,46.43608475,532.6361694,827.0682373,108,070801010601
313,F070801010601_173,1125.773019,51386.25385,12.69240475,2919.253174,1861.97583,22.84632874,247.5018921,4.061569691,0.634620249,12.69240475,0.001435373,314.8544312,97.60487366,0.000534617,49.69063568,99381.27344,36.77106857,0.000140354,4781.229004,29.90888786,48.98555756,79.38994598,130.0269318,108,070801010601
314,F070801010601_190,1659.891128,102068.8133,25.21099663,5798.529297,5753.149414,45.37979507,491.6144409,8.067519188,1.260549784,25.21099663,0.002851091,625.4500122,193.8895111,0.001062003,34.79978561,69599.57031,25.75184059,9.82937E-05,11551.67871,29.90635872,59.57866669,225.1695099,448.5768127,115,070801010601
315,F070801010601_263,2557.533027,181115.0626,44.73542023,10289.14648,9479.435547,80.52375793,872.3406982,14.31533432,2.236771107,44.73542023,0.005059091,1109.833984,344.0485229,0.001884477,221.0911407,442182.2813,163.6074371,0.000624483,19768.58203,29.90609169,57.45870209,62.88923264,120.829361,108,070801010601
316,F070801010601_273,1646.524999,105677.1689,26.10226059,6003.52002,5616.162109,46.98406982,508.9940796,8.352723122,1.305113077,26.10226059,0.002951883,682.1263428,211.4591675,0.001158238,51.59933853,103198.6797,38.18350983,0.000145745,11619.68164,28.39091873,54.95000076,157.2280884,304.3115234,108,070801010601
317,F070801010601_315,1037.87525,47424.04367,11.71373844,2694.159912,2978.56958,21.08472824,228.4178925,3.748396397,0.585686922,11.71373844,0.001324697,290.6072693,90.08825684,0.000493446,23.93406105,47868.12109,17.71120453,6.76029E-05,5672.729492,29.9057827,62.96857834,152.1161346,320.2904358,115,070801010601
318,F070801010601_326,3263.360566,229956.3757,56.79922485,13063.82129,14628.07227,102.2386017,1107.584839,18.17575264,2.83996129,56.79922485,0.006423377,1409.14502,436.8349609,0.002392702,25.41303253,50826.0625,18.80564499,7.17803E-05,27691.89453,29.90562248,63.39212036,694.6755371,1472.531006,108,070801010601
319,F070801010601_329,1254.163747,57681.06081,14.24722195,3276.861084,3344.108154,25.64500046,277.8208313,4.559111118,0.712361097,14.24722195,0.001611206,353.4675598,109.5749435,0.000600181,9.431382179,18862.76367,6.979222775,2.66394E-05,6620.969238,29.90520477,60.42411804,469.5166321,948.6685791,108,070801010601
320,F070801010601_335,1227.280934,72732.13978,17.96483803,4131.912598,3806.749268,32.33670807,350.3143311,5.748748302,0.898241878,17.96483803,0.002031629,445.6748657,138.1592102,0.000756748,13.16947937,26338.95898,9.745414734,3.71978E-05,7938.662109,29.90689278,57.46024704,423.9852905,814.6048584,108,070801010601
321,F070801010601_372,2817.115454,153235.2729,37.84911346,8705.295898,7896.838867,68.12840271,738.0577393,12.11171627,1.892455697,37.84911346,0.004280325,938.9780884,291.0832214,0.001594367,82.49980164,164999.6094,61.04985428,0.000233025,16602.13477,29.90655327,57.03569794,142.5932312,271.9438782,108,070801010601
322,F070801010601_383,1303.531548,65361.74422,16.14435005,3713.200439,4315.705078,29.05982971,314.8148193,5.166192055,0.807217479,16.14435005,0.001825751,480.8101501,149.0511475,0.000816407,21.24227905,42484.55859,15.71928692,5.99998E-05,8028.905273,24.91225624,53.86677933,236.2193909,510.7677917,108,070801010601
323,F070801010601_407,3057.639385,77727.50876,19.19869423,4415.699707,3567.501465,34.55764771,374.3745422,6.143582344,0.959934711,19.19869423,0.002171164,476.304718,147.6544647,0.000808757,68.21473694,136429.4688,50.47890472,0.000192676,7983.201172,29.90563011,54.06677628,87.47614288,158.1492615,115,070801010601
324,F070801010601_409,5141.656641,339388.2985,83.82891083,19280.65039,18583.19336,150.8920441,1634.663818,26.82525063,4.191445351,83.82891083,0.009480142,2079.676025,644.699585,0.003531251,141.4742279,282948.4375,104.6909256,0.000399601,37863.84375,29.90641022,58.73098755,184.1673431,361.6726379,115,070801010601
325,F070801010601_416,2320.181096,69925.12403,17.27150536,3972.446289,2139.594238,31.08870888,336.794342,5.526881695,0.86357528,17.27150536,0.00195322,428.4866943,132.8308716,0.000727562,74.93972778,149879.4531,55.45539856,0.000211671,6112.040527,29.90604782,46.01370621,71.63317871,110.2154312,108,070801010601
326,F070801010601_422,3006.604839,204997.9024,50.63448334,11645.93164,11059.58398,91.14206696,987.3724365,16.20303535,2.531724215,50.63448334,0.005726212,1256.20459,389.4234314,0.002133012,109.8717957,219743.5938,81.30513,0.000310338,22705.51563,29.9055748,58.30546951,143.2373505,279.2630005,115,070801010601
327,F070801010601_425,2542.010738,93888.49241,23.1904583,5333.805176,1965.623047,41.74282455,452.2139282,7.420946598,1.159522891,23.1904583,0.00262259,575.3068848,178.3451385,0.00097686,119.5941696,239188.3281,88.49968719,0.0003378,7299.428223,29.90720749,40.92866516,60.26919937,82.47970581,115,070801010601
328,F070801010601_428,3057.9298,115406.7916,28.50547791,6556.259766,6504.949707,51.30986023,555.8568115,9.121752739,1.425273895,28.50547791,0.003223661,707.1981812,219.2314301,0.001200809,85.01708221,170034.1563,62.91263962,0.000240135,13061.20898,29.90565681,59.57726669,104.2121201,207.6086578,108,070801010601
329,F070801010601_433,4771.971399,203278.3622,50.20975494,11548.24316,9657.344727,90.37755585,979.09021,16.06712151,2.510487795,50.20975494,0.005678179,1245.647705,386.1507874,0.002115087,191.7300873,383460.1563,141.8802643,0.000541551,21205.58789,29.90604591,54.91530228,81.39428711,149.4611511,108,070801010601
330,F070801010603_7,988.4588046,40665.0576,10.04426956,2310.181885,2161.124756,18.07968521,195.8632507,3.214166164,0.502213478,10.04426956,0.001135898,249.1892395,77.24866486,0.000423119,,,,,4471.306641,29.90578461,57.88199234,,,108,070801010603
331,F070801010603_32,4983.297263,117547.2803,29.03417778,6677.86084,5773.736816,52.26152039,566.1664429,9.29093647,1.451708913,29.03417778,0.003283451,720.2901611,223.2899475,0.001223039,17.72269821,35445.39844,13.11479664,5.00586E-05,12451.59766,29.90667915,55.76425552,509.1852417,949.4312134,108,070801010603
332,F070801010603_71,1163.915627,56190.71836,13.87910748,3192.194824,2217.048828,24.98239326,270.6426086,4.44131422,0.693955362,13.87910748,0.001569577,344.3423157,106.7461166,0.000584687,7.897852421,15795.70508,5.844410896,2.23079E-05,5409.243652,29.90455246,50.67391586,546.196167,925.5413208,108,070801010603
333,F070801010603_88,1539.772747,46559.31776,11.50015163,2645.034912,2999.239502,20.70027351,224.2529602,3.680048466,0.575007558,11.50015163,0.001300543,285.2808838,88.43707275,0.000484402,5.567419052,11134.83789,4.119890213,1.57254E-05,5644.274414,29.90866661,63.82249069,642.0158691,1370.005981,108,070801010603
334,F070801010603_92,5101.853792,162863.999,40.22740936,9252.303711,8786.469727,72.4093399,784.4345093,12.87277126,2.01137042,40.22740936,0.004549284,997.9974976,309.3792114,0.001694581,106.0424271,212084.8594,78.4713974,0.000299522,18038.77344,29.90602875,58.30635452,117.9067001,229.8770447,108,070801010603
335,F070801010603_93,959.1054036,43901.06817,10.84356403,2494.019775,1908.901001,19.51841545,211.4494934,3.469940424,0.542178214,10.84356403,0.00122629,269.0021973,83.39067841,0.000456761,38.3014183,76602.83594,28.34305,0.000108184,4402.920898,29.90765572,52.7987175,87.99404907,155.3439331,108,070801010603
336,F070801010603_94,1251.931204,52758.39431,13.03132343,2997.204346,2421.480469,23.45638275,254.1108093,4.170023441,0.651566148,13.03132343,0.001473702,323.2704163,100.213829,0.000548907,,,,,5418.68457,29.90809059,54.07122421,,,108,070801010603
337,F070801010603_126,2387.312883,303720.1407,75.01887512,17254.3418,16385.62305,135.0339813,1462.868042,24.00604057,3.750943661,75.01887512,0.008483822,1861.108032,576.9434814,0.003160127,125.7913132,251582.625,93.08557129,0.000355304,33639.96484,29.90646744,58.30720901,185.3600006,361.3875427,108,070801010603
338,F070801010603_130,2335.126155,163782.3423,40.45423889,9304.474609,11605.51172,72.81762695,788.857666,12.94535637,2.022711992,40.45423889,0.004574936,1003.640808,311.1286621,0.001704164,49.57231522,99144.625,36.68351364,0.000140019,20909.98633,29.90555191,67.20687866,253.641861,570.010437,108,070801010603
339,F070801010603_157,1837.718958,208803.047,51.57435226,11862.10059,13114.32715,92.83383179,1005.69989,16.50379181,2.578717709,51.57435226,0.0058325,1279.496948,396.644043,0.002172562,39.83955002,79679.10156,29.48126793,0.000112529,24976.42773,29.90616035,62.96937561,402.3605957,847.1965332,108,070801010603
340,F070801010603_168,3017.643372,117011.3896,28.90181351,6647.416992,6783.833496,52.02326584,563.5853882,9.248579979,1.445090652,28.90181351,0.003268482,717.0220947,222.2768555,0.00121749,13.43211269,26864.22461,9.939763069,3.79397E-05,13431.25,29.90602493,60.42576981,668.7701416,1351.264648,108,070801010603
341,F070801010603_169,2854.573061,250928.9894,61.97946167,14255.27637,14143.71387,111.5630341,1208.599487,19.83342743,3.098973036,61.97946167,0.007009206,1537.646606,476.6704407,0.002610895,103.813118,207626.2344,76.82170868,0.000293225,28398.99023,29.90593719,59.57783127,185.5631256,369.6740112,108,070801010603
342,F070801010603_188,1066.131923,46280.81416,11.4313612,2629.213135,2124.175537,20.57645035,222.9115448,3.658035517,0.571568072,11.4313612,0.001292763,283.5931396,87.91387177,0.000481536,,,,,4753.388672,29.9066925,54.06869888,,,108,070801010603
343,F070801010603_209,1571.163758,154343.9932,38.12296677,8768.282227,7829.694336,68.62133789,743.3978271,12.1993494,1.906148314,38.12296677,0.004311295,945.8106689,293.2012939,0.001605969,20.37248611,40744.97266,15.07563972,5.75431E-05,16597.97656,29.90533257,56.60949326,581.6192627,1100.979858,115,070801010603
344,F070801010603_216,1828.433397,87293.83527,21.56157684,4959.162598,5412.387207,38.81083679,420.4507446,6.899704456,1.078078866,21.56157684,0.002438381,534.9341431,165.8295898,0.000908308,7.025387764,14050.77539,5.198786736,1.98435E-05,10371.5498,29.90517235,62.54341888,953.9076538,1994.994263,115,070801010603
345,F070801010603_221,4404.122808,137795.5239,34.03549576,7828.164063,7877.855957,61.26389313,663.6921387,10.89135838,1.701774836,34.03549576,0.003849046,844.3914795,261.7613525,0.001433761,62.37608719,124752.1719,46.15830612,0.000176184,15706.01953,29.90572929,60.00129318,169.5938263,340.2642212,108,070801010603
346,F070801010603_230,1051.410007,49255.70384,12.16615868,2798.216553,2340.038818,21.899086,237.240097,3.893170834,0.608307958,12.16615868,0.001375861,301.8244324,93.56557465,0.000512492,,,,,5138.255371,29.90647507,54.9160881,,,108,070801010603
347,F070801010603_237,2470.431468,73017.37518,18.03529167,4148.117188,4350.833984,32.46352386,351.6882019,5.771293163,0.901764572,18.03529167,0.002039596,447.4223022,138.7009125,0.000759715,32.84738541,65694.77344,24.30706596,9.2779E-05,8498.951172,29.90692139,61.27537918,170.6547852,349.6494141,115,070801010603
348,F070801010603_243,1807.692857,154902.2181,38.260849,8799.995117,6485.979004,68.86952972,746.0865479,12.2434721,1.913042426,38.260849,0.004326887,949.2042236,294.2532959,0.001611731,,,,,15285.97461,29.90619087,51.94835663,,,108,070801010603
349,F070801010603_244,2965.715376,57075.17823,14.09756947,3242.440918,2757.484863,25.37562561,274.9026184,4.511222363,0.704878449,14.09756947,0.001594282,349.7365417,108.4183273,0.000593846,,,,,5999.925781,29.90675926,55.34051132,,,108,070801010603
350,F070801010603_245,3946.25612,87374.23689,21.58143616,4963.730469,3025.285645,38.84658432,420.8380127,6.906059742,1.07907176,21.58143616,0.002440627,535.4230957,165.9811554,0.000909138,86.14319611,172286.3906,63.74596405,0.000243316,7989.016113,29.90538597,48.13206863,77.86737061,125.3258362,108,070801010603
351,F070801010603_246,1378.709482,58329.59476,14.40740967,3313.704102,2958.993896,25.93333817,280.9444885,4.610371113,0.720370471,14.40740967,0.001629322,357.4212952,110.8005981,0.000606895,,,,,6272.698242,29.90691566,56.61249542,,,108,070801010603
352,F070801010603_265,1538.993021,97546.26159,24.09392738,5541.603516,4634.226074,43.36906815,469.8315735,7.710056782,1.204696417,24.09392738,0.002724762,641.0175781,198.7154541,0.001088436,54.72566605,109451.3359,40.49699402,0.000154575,10175.83008,27.88712883,51.20804596,136.8398743,251.2737122,115,070801010603
353,F070801010603_289,2312.063064,52702.75145,13.01758003,2994.043457,2418.926758,23.43164444,253.842804,4.165625572,0.650879025,13.01758003,0.001472147,322.937561,100.1106415,0.000548342,,,,,5412.970215,29.90734482,54.06987762,,,108,070801010603
354,F070801010603_290,5024.394801,371926.3426,91.86580658,21129.13477,17669.46875,165.3584595,1791.383179,29.39705849,4.593290329,91.86580658,0.010389027,2279.067139,706.5108032,0.003869814,276.0953369,552190.625,204.3105469,0.000779845,38798.60156,29.90631485,54.91579437,103.4167633,189.9001465,108,070801010603
355,F070801010603_298,3185.611654,96233.35085,23.76963806,5467.016602,3719.4729,42.78534698,463.5079346,7.606284142,1.188481927,23.76963806,0.002688088,589.7060547,182.8088837,0.00100131,,,,,9186.489258,29.90563965,50.25187683,,,115,070801010603
356,F070801010603_305,977.0178496,52326.98221,12.92476463,2972.695801,3328.644043,23.26457596,252.0329132,4.135924816,0.646238208,12.92476463,0.001461651,320.6334534,99.39636993,0.00054443,17.30772209,34615.44531,12.80771446,4.88865E-05,6301.339844,29.90748787,63.3960762,232.1019745,491.9956665,115,070801010603
357,F070801010603_306,2030.025203,120158.1464,29.67906189,6826.184082,6966.269531,53.42230988,578.7416992,9.497300148,1.483953118,29.67906189,0.00335638,736.2931519,228.2508698,0.001250212,52.09591675,104191.8281,38.55097961,0.000147147,13792.45313,29.90649796,60.42672729,177.0690155,357.7717896,115,070801010603
358,F070801010603_318,5380.066695,167129.5194,41.2809906,9494.62793,8343.713867,74.30578613,804.9793091,13.20991707,2.064049482,41.2809906,0.004668433,1024.152466,317.4872742,0.001738992,,,,,17838.3418,29.90553856,56.18600464,,,115,070801010603
359,F070801010605_3,2030.054457,189885.6703,46.9017601,10787.40527,12384.87891,84.423172,914.5843506,15.00856304,2.345088005,46.9017601,0.005304081,1163.584351,360.7111511,0.001975745,37.08628082,74172.5625,27.44384766,0.000104752,23172.28516,29.90593719,64.24055481,393.0718994,844.3526611,108,070801010605
360,F070801010605_51,1573.879078,154409.1125,38.13904953,8771.981445,10195.33105,68.65029144,743.7114868,12.20449543,1.9069525,38.13904953,0.004313113,946.1750488,293.31427,0.001606588,39.83359146,79667.1875,29.47685814,0.000112512,18967.3125,29.90642548,64.66549683,297.5887451,643.4645386,108,070801010605
361,F070801010605_63,1083.553676,44708.61428,11.04302788,2539.896484,2160.016357,19.87745094,215.3390503,3.533768892,0.552151382,11.04302788,0.001248847,273.9725647,84.93149567,0.0004652,3.722694159,7445.388184,2.754793644,1.05149E-05,4699.913086,29.9052372,55.33769226,921.9915771,1706.085327,108,070801010605
362,F070801010605_68,1646.347036,129252.9891,31.92548752,7342.862305,6348.702637,57.46587753,622.5469971,10.21615601,1.596274376,31.92548752,0.003610427,792.027832,245.5286255,0.001344849,11.11643028,22232.85938,8.226158142,3.13989E-05,13691.56445,29.90633965,55.76361847,892.6235352,1664.393555,108,070801010605
363,F070801010605_69,1396.655149,123493.3182,30.50284958,7015.655273,5071.403809,54.90512848,594.805542,9.760911942,1.525142431,30.50284958,0.003449542,756.7524414,234.5932617,0.001284952,35.98627853,71972.55469,26.62984657,0.000101645,12087.05859,29.90561295,51.52346802,263.4508362,453.8914185,108,070801010605
364,F070801010605_71,2169.326866,163213.9182,40.31383896,9272.182617,9199.618164,72.56491089,786.119873,12.90042877,2.015691996,40.31383896,0.004559058,1000.120667,310.0374146,0.001698186,17.54973602,35099.47266,12.98680496,4.95701E-05,18471.80078,29.90665627,59.57926178,713.9694824,1422.35144,108,070801010605
365,F070801010605_72,3639.057802,85396.23442,21.09287071,4851.360352,4057.002686,37.9671669,411.3109741,6.749718666,1.054643512,21.09287071,0.002385375,523.2835083,162.2178802,0.000888526,12.00496674,24009.93359,8.883675575,3.39086E-05,8908.363281,29.90644646,54.91603851,546.0983276,1002.778992,108,070801010605
366,F070801010605_83,2057.699098,54897.94739,13.55979347,3118.752441,3005.935303,24.40762901,264.4159851,4.339133739,0.677989662,13.55979347,0.001533466,336.3979187,104.2833557,0.000571197,,,,,6124.6875,29.90652084,58.7312088,,,108,070801010605
367,F070801010605_87,3209.262482,482364.0873,119.1439285,27403.10352,31072.73633,214.4590759,2323.306641,38.12605667,5.957196236,119.1439285,0.013473888,2955.818604,916.303772,0.005018925,157.5425568,315085.0938,116.5814896,0.000444987,58475.83984,29.90613365,63.81708908,235.0553589,501.587677,108,070801010605
368,F070801010605_103,5568.472873,136742.5306,33.77540588,7768.343262,5064.959473,60.79573059,658.6204224,10.80813026,1.688770294,33.77540588,0.003819633,837.9293213,259.7580872,0.001422788,21.67288589,43345.77344,16.03793526,6.12161E-05,12833.30273,29.9060688,49.4048233,484.3730164,800.1842041,108,070801010605
369,F070801010605_104,4737.172024,123612.1368,30.53219795,7022.405762,5474.422852,54.95795441,595.3778687,9.770303726,1.526609898,30.53219795,0.003452861,757.4603882,234.8127136,0.001286154,18.49141312,36982.82422,13.68364525,5.22299E-05,12496.82813,29.90641212,53.22040558,513.1970215,913.2674561,108,070801010605
370,F070801010605_105,1094.044115,41856.48003,10.33855057,2377.866699,1415.554199,18.60939026,201.6017303,3.308336258,0.51692754,10.33855057,0.001169178,256.4811401,79.50915527,0.0004355,,,,,3793.420898,29.90682793,47.71049118,,,108,070801010605
371,F070801010605_114,4116.917024,117522.7731,29.02812576,6676.46875,5015.479492,52.25062561,566.0484619,9.289000511,1.45140624,29.02812576,0.003282767,720.1737061,223.2538452,0.001222842,16.67741585,33354.83203,12.34128761,4.71062E-05,11691.94824,29.90527916,52.37064743,540.9863892,947.3847656,108,070801010605
372,F070801010605_123,2815.309471,85505.60215,21.11988449,4857.573242,5163.811523,38.01579285,411.837738,6.758363247,1.055994272,21.11988449,0.00238843,523.9469604,162.4235535,0.000889652,51.47367477,102947.3516,38.09051895,0.00014539,10021.38477,29.90682793,61.69908524,127.527092,263.0939331,108,070801010605
373,F070801010605_125,3080.337477,104854.3565,25.89902687,5956.776367,5065.849121,46.61824799,505.0310364,8.287688255,1.29495132,25.89902687,0.002928899,642.52948,199.1841431,0.001091003,74.98035431,149960.7031,55.48546219,0.000211786,11022.625,29.90587616,55.33886719,107.3574219,198.6578979,108,070801010605
374,F070801010605_127,4913.627862,149729.0894,36.98308563,8506.109375,8077.844727,66.56955719,721.170166,11.8345871,1.849154234,36.98308563,0.004182386,917.5215454,284.4316711,0.001557935,,,,,16583.95313,29.90563393,58.30558014,,,108,070801010605
375,F070801010605_148,2914.782938,64024.23984,15.81398678,3637.217041,2783.89502,28.46517563,308.3727417,5.060475826,0.790699363,15.81398678,0.001788391,467.3215942,144.8696899,0.000793503,49.58659363,99173.1875,36.69408035,0.00014006,6421.112305,25.10681915,44.32336426,99.12271881,174.9904175,108,070801010605
376,F070801010605_155,1327.746671,49273.20707,12.17048168,2799.210693,2618.601074,21.90686798,237.3243866,3.894554138,0.608524084,12.17048168,0.00137635,301.9160767,93.59398651,0.000512648,34.04459,68089.17969,25.19299698,9.61606E-05,5417.811523,29.90801811,57.88632202,111.1106644,215.0522766,108,070801010605
377,F070801010605_158,1255.461761,46671.02966,11.52774429,2651.381104,2442.729004,20.74993896,224.7910156,3.688878059,0.576387227,11.52774429,0.001303663,286.0052795,88.66163635,0.000485632,5.376969814,10753.93945,3.978957653,1.51875E-05,5094.110352,29.90449142,57.45563126,666.350647,1280.262573,108,070801010605
378,F070801010605_161,2654.00271,85164.91551,21.03573418,4838.21875,4800.354004,37.86432266,410.1968079,6.731434822,1.051786661,21.03573418,0.002378914,521.8765259,161.781723,0.000886137,8.923894882,17847.78906,6.603682041,2.5206E-05,9638.572266,29.90584183,59.5776329,732.6547241,1459.575439,108,070801010605
379,F070801010605_167,869.4938463,42703.15902,10.5476799,2425.966309,1994.35498,18.98582458,205.6797638,3.375257492,0.527383983,10.5476799,0.001192828,275.6629639,85.45552063,0.000468071,,,,,4420.321289,28.38864326,51.72657394,,,108,070801010605
380,F070801010605_175,1333.871069,89533.959,22.11488724,5086.423828,4325.671387,39.80679703,431.2402954,7.076764107,1.105744362,22.11488724,0.002500954,548.6396484,170.0782928,0.00093158,15.75424099,31508.48242,11.65813828,4.44986E-05,9412.095703,29.90636635,55.33978271,436.2981262,807.3412476,108,070801010605
381,F070801010605_177,1007.054326,51907.208,12.82108021,2948.848389,2758.583496,23.0779438,250.0110626,4.102745533,0.641054034,12.82108021,0.001449925,318.0905762,98.608078,0.000540112,32.9381752,65876.35156,24.37425041,9.30355E-05,5707.431641,29.90473366,57.87995911,120.9821167,234.1582489,108,070801010605
382,F070801010605_179,4823.09074,119878.3992,29.60996437,6810.291992,4922.952637,53.29793549,577.3942871,9.475188255,1.480498195,29.60996437,0.003348566,734.5758667,227.7185211,0.001247296,18.8809967,37761.99219,13.97193718,5.33303E-05,11733.24414,29.90662384,51.52520752,487.4264832,839.7721558,108,070801010605
383,F070801010605_183,1438.439145,122623.3785,30.28797531,6966.234375,7405.410156,54.51835632,590.6155396,9.692152023,1.514398813,30.28797531,0.003425242,751.4102173,232.9371643,0.001275881,44.64597702,89291.95313,33.0380249,0.000126105,14371.64453,29.90606689,61.6975174,210.8550568,435.0031433,108,070801010605
384,F070801010605_184,1639.390407,161899.3336,39.98913574,9197.500977,8734.426758,71.98044586,779.788147,12.79652309,1.999456763,39.98913574,0.004522338,992.0671997,307.5408325,0.001684512,76.07796478,152155.9219,56.29769516,0.000214886,17931.92773,29.90660095,58.30746841,163.3726044,318.5197449,108,070801010605
385,F070801010605_187,2326.340075,120941.9943,29.87267303,6870.714844,5845.789063,53.77081299,582.5171509,9.5592556,1.493633628,29.87267303,0.003378276,741.0852661,229.7364349,0.001258349,70.51355743,141027.1094,52.18003082,0.000199169,12716.50391,29.90694427,55.35257721,131.6732635,243.704422,108,070801010605
386,F070801010605_188,918.5713818,41143.294,10.16239357,2337.350586,1822.117554,18.29230881,198.1666718,3.251966,0.508119702,10.16239357,0.001149257,265.5664673,82.3256073,0.000450927,5.223594189,10447.18848,3.865459681,1.47543E-05,4159.468262,28.39153862,50.52459717,604.6759644,1076.060425,108,070801010605
387,F070801010605_189,2519.838598,163366.8807,40.35161972,9280.87207,9602.878906,72.63291931,786.8565674,12.9125185,2.017580986,40.35161972,0.004563331,1001.097778,310.3403015,0.001699845,16.96917915,33938.35547,12.5571928,4.79303E-05,18883.75,29.90546799,60.848526,739.0881348,1503.819336,108,070801010605
388,F070801010605_195,1835.035732,62999.51481,15.56087971,3579.002441,3652.449951,28.00958252,303.4371643,4.979481697,0.778043985,15.56087971,0.001759767,386.0331421,119.6702728,0.000655477,6.879423618,13758.84766,5.090773582,1.94313E-05,7231.452148,29.90719795,60.42814255,703.0370483,1420.501587,108,070801010605
389,F070801010605_206,2438.096275,80499.11313,19.88328171,4573.154785,4731.822266,35.78990555,387.723999,6.362649918,0.994164109,19.88328171,0.002248584,493.276062,152.9155731,0.000837574,,,,,9304.976563,29.90640259,60.85041809,,,108,070801010605
390,F070801010605_218,853.9891791,43883.51003,10.83922672,2493.022217,2473.511719,19.51060867,211.3649139,3.468552589,0.541961312,10.83922672,0.001225799,268.9146118,83.36353302,0.000456612,,,,,4966.53418,29.90542984,59.57682037,,,115,070801010605
391,F070801010605_221,3466.773667,74081.44692,18.29811668,4208.566895,2922.941406,32.93661118,356.8132629,5.855397224,0.914905846,18.29811668,0.002069319,486.7951965,150.9065094,0.000826569,12.09827805,24196.55664,8.95272541,3.41722E-05,7131.508301,27.88857079,47.25778961,470.0877991,796.5739746,108,070801010605
392,F070801010605_251,1018.724685,45240.37467,11.17437267,2570.105713,2622.849365,20.11387062,217.9002686,3.575799227,0.558718622,11.17437267,0.001263701,277.2453308,85.94605255,0.000470757,,,,,5192.955078,29.90370941,60.42110062,,,108,070801010605
393,F070801010605_272,1468.14398,67230.66255,16.6059742,3819.374023,3951.889404,29.89075279,323.8164978,5.313911915,0.830298722,16.6059742,0.001877956,411.9612122,127.7079773,0.000699503,22.8536911,45707.37891,16.91173172,6.45514E-05,7771.263672,29.90709114,60.85182571,225.8416901,459.519104,108,070801010605
394,F070801010605_286,2599.50162,144399.5103,35.66667938,8203.335938,8720.501953,64.20001984,695.5002441,11.41333771,1.783334017,35.66667938,0.004033515,884.8606567,274.3067932,0.001502477,33.6566658,67313.32813,24.90593338,9.50649E-05,16923.83789,29.90569687,61.69675064,329.3727417,679.5103149,115,070801010605
395,F070801010605_290,1011.896392,45819.28473,11.31736374,2602.993652,1697.151855,20.37125397,220.6885986,3.621556282,0.565868199,11.31736374,0.001279871,280.7761536,87.04061127,0.000476753,55.31042099,110620.8438,40.92971039,0.000156227,4300.145508,29.90550804,49.40390015,63.59667969,105.0617142,108,070801010605
396,F070801010605_318,1986.621908,174466.7484,43.09328842,9911.456055,11519.69629,77.56791687,840.3191528,13.78985214,2.154664516,43.09328842,0.004873384,1069.084961,331.4163513,0.001815286,16.38354301,32767.08594,12.12382221,4.62761E-05,21431.15234,29.90635872,64.66534424,817.519104,1767.689453,108,070801010605
397,F070801010605_324,1001.301518,53771.74878,13.28162193,3054.772949,2121.606201,23.90691948,258.9916382,4.250119209,0.664081097,13.28162193,0.001502008,329.5321045,102.154953,0.000559539,24.35418892,48708.375,18.02210045,6.87896E-05,5176.378906,29.90332603,50.67183304,169.5014954,287.223938,108,070801010605
398,F070801010605_325,1364.421043,44349.19449,10.95425129,2519.477783,1142.747437,19.71765137,213.6078949,3.505360365,0.547712564,10.95425129,0.001238807,271.7254333,84.23488617,0.000461385,37.06967163,74139.34375,27.4315567,0.000104705,3662.225098,29.91014671,43.47634506,91.84596252,133.5040894,108,070801010605
399,F070801010605_327,885.350336,44516.70928,10.9956274,2528.994385,1863.978638,19.79212952,214.4147339,3.518600702,0.549781382,10.9956274,0.001243486,272.7629089,84.5565033,0.000463146,5.877619267,11755.23828,4.34943819,1.66016E-05,4392.973145,29.90892792,51.95310974,581.453125,1010.009338,108,070801010605
400,F070801010605_328,1550.984669,99426.79464,24.55841827,5648.436035,3602.719971,44.20515442,478.8891602,7.858694077,1.22792089,24.55841827,0.002777291,609.2941895,188.8811951,0.00103457,88.3293457,176658.6875,65.36371613,0.000249491,9251.15625,29.90470314,48.97870636,86.41546631,141.5335083,108,070801010605
401,F070801010605_342,3984.602148,136686.9749,33.76168442,7765.1875,7594.353516,60.77103043,658.3528442,10.80373859,1.688084245,33.76168442,0.003818081,837.5831299,259.6507568,0.001422201,105.3063583,210612.7188,77.92670441,0.000297443,15359.54102,29.9062767,59.15461731,99.64732361,197.1024017,108,070801010605
402,F070801010605_352,1481.749894,136405.465,33.69215012,7749.194336,7139.366699,60.64587021,656.9969482,10.78148842,1.684607506,33.69215012,0.003810217,950.8286743,294.756897,0.001614489,90.0612793,180122.5625,66.6453476,0.000254382,14888.56055,26.29012108,50.51132202,116.2751007,223.3998413,108,070801010605
403,F070801010605_376,2241.330259,68352.43486,16.88305092,3883.101807,3632.556885,30.38949203,329.2194824,5.402576447,0.84415257,16.88305092,0.00190929,418.839386,129.84021,0.000711181,22.70451355,45409.02734,16.8013401,6.413E-05,7515.658691,29.90677452,57.88390732,231.118576,447.3249512,108,070801010605
404,F070801010605_387,2637.722028,254963.0895,62.97588348,14484.45313,14165.79395,113.3565903,1228.029785,20.15228271,3.148794174,62.97588348,0.00712189,1645.779419,510.1916199,0.002794503,106.322464,212644.9219,78.67862701,0.000300313,28650.24609,28.39022064,56.15585327,184.0964203,364.1426697,108,070801010605
405,F070801010605_406,1056.47756,53202.57998,13.14103699,3022.438477,2185.212891,23.65386581,256.2502136,4.205132008,0.657051861,13.14103699,0.001486109,343.4133911,106.4581528,0.00058311,55.61797714,111235.9531,41.15730286,0.000157096,5207.651367,28.3908596,48.91735458,73.43626404,126.5304337,108,070801010605
406,F070801030202_13,1732.876126,175330.8987,43.30673218,9960.548828,10164.95703,77.95211792,844.4812622,13.8581543,2.165336609,43.30673218,0.004897522,1074.366943,333.0537415,0.001824255,42.59790039,85195.80469,31.52244568,0.00012032,20125.50586,29.90673065,60.42720413,315.9827271,638.4500122,104,070801030202
407,F070801030202_29,2811.067968,84084.62943,20.76890373,4776.847656,5281.117188,37.38402557,404.9936218,6.646049023,1.038445234,20.76890373,0.002348738,542.7644653,168.2569885,0.000921604,33.93635559,67872.71094,25.11290359,9.58549E-05,10057.96484,28.39018822,59.77739716,190.2148743,400.5098267,104,070801030202
408,F070801030202_30,4221.978369,692899.9021,171.1462708,39363.64063,36265.89453,308.0632935,3337.352295,54.76680756,8.557313919,171.1462708,0.019354789,4829.973633,1497.29187,0.008201206,495.3880615,990776.125,366.5871582,0.001399248,75629.53125,26.2898922,50.51087952,107.3786697,206.3070984,104,070801030202
409,F070801030202_31,3766.02768,83705.62459,20.67528915,4755.316406,3841.882324,37.21551895,403.1681519,6.616092682,1.033764482,20.67528915,0.002338151,583.4954224,180.8835754,0.000990764,70.70630646,141412.6094,52.32266617,0.000199713,8597.199219,26.28937721,47.52891159,90.88444519,164.3111877,104,070801030202
410,F070801030202_32,1307.078209,94568.38713,23.35839081,5372.429688,4264.308594,42.04510498,455.4886169,7.474685192,1.167919517,23.35839081,0.002641581,659.2165527,204.357132,0.001119338,100.7247772,201449.5625,74.53633881,0.000284502,9636.738281,26.28941536,47.15636063,72.0779953,129.2891235,104,070801030202
411,F070801030202_50,9380.585095,310378.2404,76.66342163,17632.58789,15267.94238,137.9941559,1494.936768,24.53229523,3.833171129,76.66342163,0.008669802,1901.932129,589.598938,0.003229445,42.61083603,85221.67188,31.53201866,0.000120356,32900.53125,29.90607071,55.80154419,559.1962891,1043.400757,104,070801030202
412,F070801030202_52,4717.769454,137070.7469,33.85647583,7786.989258,6843.070801,60.94165802,660.2012939,10.83407211,1.692823768,33.85647583,0.003828801,839.9456177,260.3831482,0.001426212,16.32090187,32641.80273,12.07746696,4.60992E-05,14630.06055,29.9058876,56.18666458,644.75354,1211.351685,104,070801030202
413,F070801030202_53,7998.784169,235277.6252,58.11357498,13366.12207,12314.2666,104.6044312,1133.214722,18.59634399,2.905678749,58.11357498,0.006572016,1603.633301,497.1263123,0.002722939,187.3383789,374676.75,138.6304016,0.000529146,25680.38867,26.88677216,51.65767288,96.41551971,185.2435608,104,070801030202
414,F070801030202_84,8233.145199,248920.4722,61.48335648,14141.17188,10623.09473,110.6700439,1198.925415,19.67467499,3.074167728,61.48335648,0.006953102,1525.319214,472.8489685,0.002589964,190.4691162,380938.25,140.9471436,0.000537989,24764.26563,29.90631866,52.37246323,100.3296127,175.6989594,104,070801030202
415,F070801030202_93,2714.747062,48722.4244,12.03443909,2767.920898,3065.090088,21.66199112,234.6715698,3.851020575,0.601721942,12.03443909,0.001360965,298.5845337,92.561203,0.000506991,15.78753281,31575.06641,11.68277454,4.45927E-05,5833.010742,29.90368271,63.01787949,236.9232483,499.2829895,104,070801030202
416,F070801030202_96,1029.981782,49022.30197,12.10850906,2784.957031,3078.951904,21.7953167,236.115921,3.874722958,0.605425477,12.10850906,0.001369341,316.4328918,98.09420013,0.000537297,20.05851746,40117.03516,14.84330273,5.66563E-05,5863.90918,28.39063835,59.77834702,187.6238098,395.0541992,104,070801030202
417,F070801030202_114,3147.926777,210767.2284,52.05950546,11973.68652,11227.01172,93.70710754,1015.160339,16.65904236,2.602975368,52.05950546,0.005887366,1520.552612,471.3713074,0.00258187,128.9254608,257850.9375,95.40483856,0.000364156,23200.69922,25.40181541,49.2195816,125.5039749,243.1815796,104,070801030202
418,F070801030202_146,4772.293477,919508.7764,227.1186676,52237.29297,67377.02344,408.8135986,4428.813965,72.67797089,11.35593319,227.1186676,0.02568466,6042.384766,1873.139282,0.010259857,67.14668274,134293.3594,49.68854523,0.000189659,119614.3125,27.88756561,63.85766983,1051.294434,2407.281494,104,070801030202
419,F070801030202_150,2550.396454,316344.6927,78.13713837,17971.54102,23738.16406,140.6468506,1523.674194,25.00388336,3.906857014,78.13713837,0.008836464,2156.189209,668.4186401,0.003661169,46.43829727,92876.59375,34.36434174,0.000131167,41709.70313,26.8866539,62.40056992,522.9706421,1213.749512,104,070801030401
420,F070801030202_152,4044.458703,658041.7101,162.5363007,37383.34766,49277.75,292.5653381,3169.457764,52.01161575,8.126814842,162.5363007,0.018381095,4032.338867,1250.025024,0.006846836,108.0326309,216065.2656,79.9441452,0.000305143,86661.09375,29.90608025,69.32748413,467.6183167,1084.020508,104,070801030202
421,F070801030202_153,4645.629176,859084.1959,212.1938019,48804.57422,58107.15234,381.9488525,4137.779297,67.90201569,10.60968971,212.1938019,0.023996821,5264.30127,1631.93335,0.008938686,61.79491043,123589.8203,45.72823334,0.000174543,106911.7266,29.90598488,65.51231384,1067.274414,2337.980713,104,070801030202
422,F070801030202_165,2045.125966,246267.7947,60.82814407,13990.47266,18045.27539,109.4906616,1186.148804,19.46500587,3.041407108,60.82814407,0.006879004,1589.642334,492.7891235,0.002699183,28.21740913,56434.81641,20.88088226,7.97014E-05,32035.74805,28.39038467,65.00904083,670.0134888,1534.214233,104,070801030202
423,F070801030202_170,2093.089707,262573.4701,64.85564423,14916.79785,19028.64453,116.7401581,1264.685059,20.75380707,3.242782116,64.85564423,0.007334471,1608.980591,498.7839966,0.002732019,21.29804802,42596.09766,15.76055527,6.01574E-05,33945.44141,29.9063282,68.05639648,946.4639893,2153.822754,104,070801030202
424,F070801030202_185,2435.867382,327363.6251,80.85881805,18597.52734,24251.17969,145.5458679,1576.746948,25.87482262,4.042941093,80.85881805,0.009144256,2006.008179,621.8625488,0.003406165,46.20596313,92411.92969,34.19241333,0.000130511,42848.70703,29.90616989,68.90382385,543.90802,1253.164185,104,070801030202
425,F070801030202_188,4328.230218,715828.7772,176.8097076,40666.23438,53028.76563,318.2574768,3447.789307,56.57910538,8.840485573,176.8097076,0.019995263,4386.435547,1359.795044,0.007448087,39.62401581,79248.03125,29.32177162,0.00011192,93695,29.90615082,68.90376282,1386.895508,3195.407227,104,070801030202
426,F070801030202_192,4374.650529,707643.8572,174.7880402,40201.25,47863.95703,314.6184692,3408.366699,55.93217468,8.739401817,174.7880402,0.019766634,4932.740723,1529.149658,0.008375702,141.8018036,283603.5938,104.9333344,0.000400526,88065.20313,26.28993797,57.59096527,383.1123047,839.2490845,104,070801030202
427,F070801030202_193,1454.096229,131713.7767,32.53330231,7482.659668,8696.803711,58.55994415,634.3994141,10.41065693,1.626665115,32.53330231,0.003679164,897.7496948,278.3023987,0.001524362,10.90805054,21816.10156,8.071957588,3.08103E-05,16179.46289,26.88679504,58.13626862,926.9944458,2004.403809,104,070801030202
428,F070801030202_195,2425.627764,329775.7166,81.4546051,18734.55859,24164.32031,146.6182861,1588.364746,26.06547356,4.072730064,81.4546051,0.009211633,2020.795166,626.4464722,0.003431272,29.66693687,59333.87109,21.95353317,8.37957E-05,42898.87891,29.90608025,68.47972107,853.373291,1954.076294,104,070801030202
429,F070801030202_196,4817.538922,530791.127,131.1054077,30154.24414,38893.73047,235.9897308,2556.55542,41.95373154,6.555270195,131.1054077,0.014826601,3699.963623,1146.98877,0.00628247,56.36294937,112725.8984,41.70858383,0.0001592,69047.97656,26.28992081,60.19934845,722.9745483,1655.485962,104,070801030202
430,F070801030202_199,2449.256111,349397.3099,86.3011322,19849.25977,25883.43555,155.342041,1682.87207,27.61636162,4.315056801,86.3011322,0.009759723,2141.038818,663.7220459,0.003635444,22.5867691,45173.53906,16.7142086,6.37974E-05,45732.69531,29.90598297,68.90338135,1187.567993,2736.156738,104,070801030202
431,F070801030202_201,3781.222797,607593.7886,150.0756683,34517.40234,44521.44922,270.1362,2926.475586,48.0242157,7.503783226,150.0756683,0.016971933,3992.692871,1237.734741,0.006779518,49.18223572,98364.46875,36.3948555,0.000138918,79038.85156,27.88755989,63.85766602,948.4143066,2171.703857,104,070801030202
432,F070801030202_202,4112.376122,687750.8317,169.8744507,39071.125,46518.41797,305.7740173,3312.551758,54.35982513,8.493722916,169.8744507,0.019210961,4214.388184,1306.460327,0.007155953,96.03060913,192061.2188,71.06265259,0.000271243,85589.54688,29.9060936,65.51255035,549.8123779,1204.423706,104,070801030202
433,F070801030202_211,2410.161115,317226.0521,78.35483551,18021.61133,23500.18164,141.0386963,1527.919312,25.07354736,3.917741776,78.35483551,0.008861083,1943.874634,602.6011353,0.003300663,27.09836197,54196.72656,20.05278778,7.65406E-05,41521.79297,29.90636826,68.90427399,898.7084961,2070.624512,104,070801030202
434,F070801030202_212,7160.410463,208029.0892,51.38318634,11818.13281,8396.337891,92.48973846,1001.972107,16.44261932,2.569159269,51.38318634,0.005810881,1450.102661,449.5318298,0.002462247,37.57606125,75152.11719,27.80628586,0.000106135,20214.4707,26.28986931,44.96783066,425.0166016,726.9748535,104,070801030202
435,F070801030202_214,6120.612984,973493.0263,240.452774,55304.13672,70548.84375,432.8150024,4688.829102,76.94488525,12.02263832,240.452774,0.027192604,5965.329102,1849.252075,0.010129019,166.5463715,333092.75,123.2443161,0.000470418,125852.9844,29.90621948,68.05615234,448.7358093,1021.166626,104,070801030202
436,F070801030202_217,10439.44153,418085.2321,103.2670517,23751.42188,24284.06641,185.8806915,2013.70752,33.04545593,5.163352489,103.2670517,0.011678385,2561.919189,794.1949463,0.004350091,301.5601196,603120.25,223.1544952,0.000851771,48035.48828,29.90628624,60.48324585,106.4348831,215.2566528,104,070801030202
437,F070801030202_223,3831.254947,658724.8409,162.7050323,37422.15625,48798.49219,292.8690491,3172.748047,52.06560898,8.135251999,162.7050323,0.018400177,4036.525635,1251.322998,0.006853946,66.50482941,133009.6719,49.21357346,0.000187846,86220.64844,29.90607262,68.90359497,760.4031372,1751.968872,104,070801030202
438,F070801030202_224,2418.998482,327400.3503,80.8678894,18599.61523,24517.53125,145.5621948,1576.923828,25.87772369,4.043394566,80.8678894,0.009145282,2006.241089,621.9347534,0.00340656,59.81955338,119639.1094,44.26646805,0.000168963,43117.14844,29.90605545,69.32744598,420.1739197,974.0363159,104,070801030202
439,F070801030202_227,3273.190946,577363.0942,142.6086884,32800,41376.48438,256.6956482,2780.869385,45.63478088,7.130434513,142.6086884,0.016127497,3537.942383,1096.762085,0.00600736,36.39641571,72792.82813,26.9333477,0.000102803,74176.48438,29.90621185,67.63224792,1217.821167,2754.075928,104,070801030202
440,F070801030202_228,3062.553583,141492.9747,34.9487648,8038.21582,10595.76855,62.90777588,681.5009155,11.18360519,1.747438192,34.9487648,0.003952327,867.0435791,268.7835083,0.001472224,15.02650356,30053.00781,11.11961269,4.24431E-05,18633.98438,29.9059124,69.32711029,722.8862915,1675.776367,104,070801030202
441,F070801030202_230,1880.26715,138781.1603,34.27894592,7884.157715,9722.194336,61.70210266,668.4394531,10.96926308,1.713947296,34.27894592,0.003876577,895.8319702,277.7079163,0.001521106,20.75336266,41506.72266,15.35748863,5.86189E-05,17606.35156,28.39010811,63.39881134,513.3754272,1146.434326,104,070801030202
442,F070801030202_232,3266.851994,615179.4777,151.9493256,34948.34375,45077.29297,273.5087891,2963.011963,48.62378311,7.597466469,151.9493256,0.017183822,3769.695801,1168.605713,0.006400874,59.51163483,119023.2656,44.03860855,0.000168093,80025.64063,29.9060173,68.47959137,793.5841675,1817.170044,104,070801030202
443,F070801030202_235,4757.60975,432648.0703,106.8640747,24578.73633,31402.84961,192.3553314,2083.849365,34.19650269,5.343203545,106.8640747,0.01208517,2948.904541,914.1604004,0.005007185,37.74316788,75486.33594,27.92994499,0.000106607,55981.58594,26.8866787,61.23825455,880.0137939,2004.357178,104,070801030202
444,F070801030202_239,3541.732788,487043.3752,120.2997131,27668.93359,35688.10938,216.5394897,2345.844482,38.49590683,6.014985561,120.2997131,0.013604594,3395.003906,1052.451172,0.005764653,83.38404083,166768.0781,61.7041893,0.000235522,63357.04297,26.28999329,60.19950867,448.4125671,1026.786743,104,070801030202
445,F070801030202_243,4625.536844,498054.8944,123.0195618,28294.5,38099.15625,221.4352112,2398.881348,39.36626053,6.150978088,123.0195618,0.01391218,3214.898682,996.6185913,0.005458838,50.6472435,101294.4922,37.47896194,0.000143056,66393.65625,28.39049911,66.61891937,754.9435425,1771.491333,108,070801030202
446,F070801030202_257,5280.160752,1050556.412,259.4874268,59682.10938,78671.39844,467.0773621,5060.004883,83.03598022,12.97437096,259.4874268,0.029345216,6437.560547,1995.643799,0.010930859,151.1996155,302399.25,111.8877182,0.000427071,138353.5,29.90619278,69.32775116,533.4107056,1236.538696,108,070801030202
447,F070801030202_259,2430.722569,314175.823,77.60142517,17848.32813,23274.21875,139.6825714,1513.227783,24.83245659,3.880071163,77.60142517,0.008775881,2266.609131,702.6488037,0.00384866,45.87854767,91757.09375,33.95012665,0.000129586,41122.54688,25.40149307,58.52503586,525.7219849,1211.263428,104,070801030202
448,F070801030202_261,1555.3196,127514.915,31.4961834,7244.12207,9138.301758,56.69313049,614.1755981,10.07877827,1.574809194,31.4961834,0.003561877,823.0957031,255.159668,0.001397601,37.24085236,74481.70313,27.55823135,0.000105189,16382.42383,28.39054489,64.20459747,262.8659973,594.4656982,104,070801030202
449,F070801030202_263,3241.754094,633364.0233,156.440918,35981.41016,46919.76172,281.5936584,3050.5979,50.06109238,7.822045803,156.440918,0.017691772,4316.978516,1338.263306,0.007330149,83.03852844,166077.0625,61.44850922,0.000234546,82901.17188,26.88664436,61.94683075,585.553833,1349.116089,104,070801030202
450,F070801030202_265,1196.640873,78032.89303,19.27412415,4433.04834,5655.028809,34.69342422,375.8454285,6.167719841,0.963706195,19.27412415,0.002179695,478.1662903,148.2315521,0.000811918,9.267145157,18534.29102,6.857687473,2.61755E-05,10088.07715,29.90624046,68.05620575,646.4348755,1471.061035,104,070801030202
451,F070801030202_267,2391.40586,317916.7201,78.52542877,18060.84766,23678.46484,141.3457642,1531.24585,25.12813759,3.926271439,78.52542877,0.008880375,2089.134033,647.6315308,0.003547311,56.02648544,112052.9688,41.45959854,0.00015825,41739.3125,27.8875351,64.44916534,435.6252441,1006.746643,104,070801030202
452,F070801030202_270,2773.989533,301925.638,74.57563019,17152.39453,21167.41211,134.2361298,1454.224731,23.8642025,3.728781462,74.57563019,0.008433696,1850.115234,573.5357056,0.003141461,102.6894989,205378.9844,75.99022675,0.000290051,38319.80469,29.90641022,66.81328583,225.7184296,504.2727966,104,070801030202
453,F070801030202_281,4621.6596,107673.6178,26.59538269,6116.937988,4161.64502,47.87168884,518.6099854,8.510522842,1.329769135,26.59538269,0.00300765,733.9042358,227.5103149,0.001246156,103.879425,207758.8594,76.87077332,0.000293412,10278.58301,26.8864212,45.17853546,79.57430267,133.7124939,104,070801030202
454,F070801030202_288,1664.376483,146276.2328,36.13022995,8309.953125,10482.82422,65.0344162,704.5394897,11.56167316,1.806511521,36.13022995,0.004085938,1019.63269,316.0861206,0.001731317,20.45703125,40914.0625,15.13820267,5.77819E-05,18792.77734,26.29015541,59.45461273,548.939209,1241.414063,104,070801030202
455,F070801030202_291,2624.352681,78034.9985,19.27464485,4433.168457,4461.309082,34.69435883,375.8555603,6.167886257,0.963732243,19.27464485,0.002179754,478.1907654,148.2391357,0.000811959,,,,,8894.477539,29.90551949,60.00087357,,,104,070801030202
456,F070801030202_293,5071.066933,924048.4288,228.2399597,52495.19141,68453.72656,410.8319397,4450.679199,73.03678894,11.4119978,228.2399597,0.025811467,6298.298828,1952.472656,0.010694395,77.13179016,154263.5781,57.07752609,0.000217862,120948.9219,26.88651848,61.94653702,919.7173462,2119.028809,104,070801030202
457,F070801030202_296,2634.223706,310530.7867,76.70110321,17641.25391,21253.875,138.0619812,1495.671509,24.54435349,3.835055113,76.70110321,0.008674064,2266.534668,702.6257324,0.003848534,10.33181953,20663.63867,7.645546436,2.91827E-05,38895.12891,25.1076107,55.35682297,2307.389648,5087.291992,104,070801030202
458,F070801030202_300,2329.272435,289771.5878,71.57358551,16461.92383,21583.26172,128.8324585,1395.684937,22.90354729,3.578679323,71.57358551,0.008094197,1870.466187,579.8445435,0.003176017,55.94804001,111896.0859,41.40155029,0.000158028,38045.1875,28.3902359,65.61273956,397.6161194,918.9314575,104,070801030202
459,F070801030202_328,3516.886301,603035.9441,148.9498749,34258.47266,44673.04688,268.1097717,2904.522461,47.6639595,7.447493553,148.9498749,0.016844617,3695.274902,1145.535278,0.006274509,46.01758194,92035.16406,34.05300903,0.000129979,78931.51563,29.90608215,68.90361023,1006.03363,2317.901367,104,070801030202
460,F070801030202_342,2185.231747,270745.9003,66.87423706,15381.07422,19620.90039,120.3736267,1304.047607,21.39975548,3.343711853,66.87423706,0.007562752,1659.082153,514.3154907,0.002817091,29.28136253,58562.72656,21.66820908,8.27066E-05,35001.97656,29.9059124,68.05545807,709.8452148,1615.36084,104,070801030202
461,F070801030202_344,2636.569139,279445.3557,69.02300262,15875.29102,20251.35156,124.2414017,1345.948608,22.08736038,3.451150179,69.02300262,0.007805754,1803.810425,559.1812134,0.003062837,54.56378555,109127.5781,40.37720108,0.000154118,36126.64063,28.39024353,64.60632324,393.1746216,894.7286987,104,070801030202
462,F070801030202_351,1923.604606,214280.6711,52.9273262,12173.28516,15873.96387,95.26918793,1032.082886,16.93674469,2.646366358,52.9273262,0.005985507,1313.087402,407.0570984,0.002229598,32.00632477,64012.64844,23.68468094,9.04034E-05,28047.25,29.90559578,68.90249634,513.9729614,1184.193726,104,070801030202
463,F070801030202_356,1913.579247,188035.4773,46.44476318,10682.2959,13626.8916,83.60057068,905.6728516,14.86232376,2.322238207,46.44476318,0.005252399,1281.664063,397.3158569,0.002176242,22.72725487,45454.50781,16.81816864,6.41942E-05,24309.1875,26.88615608,61.18353271,635.1640625,1445.412231,104,070801030202
464,F070801030202_360,2948.579607,433761.744,107.1391525,24642.00586,30037.53516,192.8504791,2089.213379,34.28453064,5.356957436,107.1391525,0.012116278,2799.903564,867.9700928,0.004754184,82.68074036,165361.4688,61.18374634,0.000233536,54679.53906,28.39038658,62.99703217,402.7541199,893.6938477,104,070801030202
465,F070801030202_367,5304.542849,621974.4238,153.6276855,35334.36719,44072.70703,276.5298462,2995.739746,49.16085815,7.681384087,153.6276855,0.017373627,3811.301514,1181.503418,0.006471519,74.53770447,149075.4063,55.15790176,0.000210535,79407.07813,29.9062767,67.20850372,640.6038818,1439.631958,104,070801030202
466,F070801030202_376,2503.189509,240672.6376,59.44614029,13672.6123,18022.88281,107.0030518,1159.199707,19.02276421,2.972306967,59.44614029,0.006722714,1474.771484,457.1791687,0.002504135,33.81122589,67622.45313,25.02030754,9.55014E-05,31695.49609,29.90646362,69.32839203,546.4605713,1266.790771,104,070801030202
467,F070801030202_378,1177.469484,75990.93048,18.76976013,4317.044922,5201.097656,33.78556824,366.0103149,6.006323338,0.938488007,18.76976013,0.002122656,465.6688843,144.3573608,0.000790697,14.69152355,29383.04688,10.87172699,4.14969E-05,9518.142578,29.9052639,65.93458557,397.0891724,875.4949951,104,070801030202
468,F070801030202_380,2209.865222,156400.4725,38.6309166,8885.110352,11348.9502,69.53565216,753.3028564,12.36189365,1.931545854,38.6309166,0.004368738,1009.570679,312.9669189,0.001714232,26.34176254,52683.52734,19.49290466,7.44036E-05,20234.06055,28.38993454,64.65239716,455.8125305,1038.021851,104,070801030202
469,F070801030202_396,2336.570949,62491.93867,15.43550873,3550.166992,3472.063232,27.78391647,300.9924316,4.939363003,0.771775424,15.43550873,0.001745589,382.9226685,118.7060242,0.000650196,68.45707703,136914.1563,50.65823746,0.00019336,7022.230469,29.90721893,59.15647888,70.08074188,138.6197205,104,070801030202
470,F070801030202_400,1962.903457,231283.2634,57.12696457,13139.20215,17319.75391,102.828537,1113.97583,18.2806282,2.856348276,57.12696457,0.006460441,1492.916016,462.8039551,0.002534944,25.23980522,50479.60938,18.6774559,7.12911E-05,30458.95703,28.39042664,65.81394958,703.479248,1630.787231,104,070801030202
471,F070801030202_401,1370.986352,85315.49812,21.07292747,4846.773438,5839.308594,37.9312706,410.9220886,6.743336678,1.053646326,21.07292747,0.00238312,581.5216675,180.2717133,0.000987413,4.258972645,8517.945313,3.1516397,1.20297E-05,10686.08203,26.88593483,59.2776413,1537.857666,3390.64209,104,070801030202
472,F070801030202_404,924.4812819,51683.12427,12.76573181,2936.118408,3745.466309,22.97831726,248.9317627,4.08503437,0.638286591,12.76573181,0.001443666,316.7023315,98.17771912,0.000537755,5.70133543,11402.6709,4.218988419,1.61037E-05,6681.584961,29.90615845,68.05602264,695.9295044,1583.693604,104,070801030202
473,F070801030202_406,1768.540618,146709.5088,36.23724747,8334.567383,10986.4082,65.22704315,706.6263428,11.59591961,1.81186235,36.23724747,0.00409804,946.9868164,293.565918,0.001607966,19.25216866,38504.33594,14.24660492,5.43787E-05,19320.97656,28.39078712,65.81478119,585.0213013,1356.181152,104,070801030202
474,F070801030202_417,3028.563748,156748.4829,38.71687698,8904.881836,11738.18164,69.69037628,754.979126,12.38940048,1.935843825,38.71687698,0.004378459,1030.044312,319.3137512,0.001748996,19.49949074,38998.98047,14.4296236,5.50773E-05,20643.0625,27.8875618,64.64820862,617.125,1430.603027,108,070801030202
475,F070801030203_192,11114.1962,374297.544,92.45149231,21263.84375,13261.24316,166.4126892,1802.804077,29.58447838,4.622574806,92.45149231,0.010455262,2551.20752,790.8743286,0.004331903,,,,,34525.08594,26.88650131,43.65432739,,,104,070801030202
476,F070801030203_290,2532.575558,153459.5002,37.90449524,8718.03418,4448.470215,68.22808838,739.1376343,12.1294384,1.89522481,37.90449524,0.004286588,940.3419189,291.5059814,0.001596683,,,,,13166.50391,29.90687943,45.16718292,,,104,070801030202
477,F070801030301_6,4741.089071,556314.588,137.4096985,31604.23047,42555.78516,247.3374634,2679.489014,43.97110367,6.870484829,137.4096985,0.015539548,3791.818359,1175.463745,0.006438437,58.45047379,116900.9453,43.2533493,0.000165096,74160.01563,26.88660622,63.09000778,730.677063,1714.549683,108,070801030301
478,F070801030301_22,1900.400519,113514.2176,28.03801155,6448.742676,7952.141602,50.46842194,546.7412109,8.972164154,1.40190053,28.03801155,0.003170795,695.59729,215.6351624,0.001181111,36.31251526,72625.03125,26.8712616,0.000102566,14400.88477,29.90580368,66.78356171,239.9866028,535.9214478,108,070801030301
479,F070801030301_32,2253.565053,181543.2261,44.84117508,10313.4707,12425.49414,80.71411133,874.4028931,14.34917641,2.242058754,44.84117508,0.005071051,1112.470581,344.8658752,0.001888954,33.73745728,67474.91406,24.96571922,9.52931E-05,22738.96484,29.90574455,65.93567657,413.1052856,910.8074951,108,070801030301
480,F070801030301_33,1058.659676,41018.67682,10.13161278,2330.270996,3038.67334,18.23690224,197.566452,3.242115974,0.506580651,10.13161278,0.001145776,251.343338,77.91643524,0.000426776,12.25476646,24509.5332,9.068527222,3.46142E-05,5368.944336,29.90731049,68.90644073,256.9624634,592.0415039,108,070801030301
481,F070801030301_36,3802.443171,754597.6983,186.3856354,42868.69531,55900.78125,335.4941406,3634.519775,59.6434021,9.319281578,186.3856354,0.021078195,4623.992676,1433.437744,0.007851453,104.687027,209374.0469,77.46839905,0.000295694,98769.47656,29.90621376,68.90391541,553.3701172,1274.964722,108,070801030301
482,F070801030301_41,6357.023129,289444.4013,71.49276733,16443.33594,20276.7793,128.6869812,1394.109009,22.87768555,3.574638367,71.49276733,0.008085057,1773.659302,549.8344116,0.003011641,98.6162796,197232.5625,72.9760437,0.000278546,36720.11719,29.90597916,66.78395844,225.325119,503.1804199,108,070801030301
483,F070801030301_44,897.5886671,50312.3033,12.42713928,2858.241943,3646.12207,22.36885071,242.3292236,3.97668457,0.621356964,12.42713928,0.001405375,342.9408875,106.311676,0.000582307,10.66953087,21339.0625,7.895452976,3.01366E-05,6504.364258,26.88549423,61.18202972,362.0111389,823.8114014,108,070801030301
484,F070801030301_52,2326.682016,235090.9112,58.06745529,13355.51465,16847.69141,104.5214233,1132.31543,18.58158493,2.903372765,58.06745529,0.0065668,1440.597656,446.5852661,0.002446108,26.48859215,52977.1875,19.60155869,7.48183E-05,30203.20703,29.90585518,67.63144684,681.3496094,1540.857422,108,070801030301
485,F070801030301_54,2055.308333,161796.9079,39.96383667,9191.682617,11855.67188,71.93490601,779.2947998,12.78842735,1.998191833,39.96383667,0.004519477,991.4312134,307.343689,0.001683432,20.95773888,41915.48047,15.50872707,5.91961E-05,21047.35547,29.90685272,68.48149872,592.6781006,1357.129761,108,070801030301
486,F070801030301_66,3764.217523,649341.994,160.3874664,36889.11719,46011.95703,288.6974487,3127.555664,51.32398987,8.01937294,160.3874664,0.018138085,3979.001465,1233.490479,0.006756271,174.2163391,348432.6875,128.9200897,0.000492082,82901.07813,29.90628433,67.20852661,286.1394043,643.0423584,108,070801030301
487,F070801030301_75,329.5860502,5497.92014,1.357986331,312.336853,358.5898743,2.444375515,26.48073387,0.43455562,0.067899317,1.357986331,0.000153574,37.47372437,11.61685467,6.36297E-05,1.736960173,3473.92041,1.285350561,4.90613E-06,670.9267578,26.8865242,57.75459671,242.997406,521.9796143,108,070801030301
488,F070801030301_76,1050.659697,10203.99246,2.520386219,579.6888428,608.0175171,4.536695004,49.1475296,0.806523561,0.126019314,2.520386219,0.000285028,69.54975891,21.5604248,0.000118094,2.400047064,4800.094238,1.776034832,6.77905E-06,1187.706299,26.88670731,55.08733368,326.394989,668.7404175,108,070801030301
489,F070801030301_77,553.5375592,11372.41002,2.808985233,646.0665894,723.4260254,5.056173325,54.77521133,0.898875296,0.140449256,2.808985233,0.000317666,77.51580811,24.0298996,0.00013162,3.132977247,6265.95459,2.318403244,8.84925E-06,1369.492676,26.88594627,56.99119568,278.6687622,590.7051392,108,070801030301
490,F070801030301_78,461.4058911,8723.187946,2.154627323,495.56427,568.9510498,3.878329277,42.01523209,0.689480722,0.107731365,2.154627323,0.000243665,59.45726013,18.43175125,0.000100957,2.352366686,4704.733398,1.740751386,6.64437E-06,1064.515381,26.886446,57.75443649,284.6841125,611.5263672,108,070801030301
491,F070801030301_79,4064.781175,149448.4891,36.9137764,8490.168945,10228.8125,66.4447937,719.8186646,11.81240845,1.84568882,36.9137764,0.004174548,964.6662598,299.0465393,0.001637985,66.42482758,132849.6563,49.15437317,0.00018762,18718.98047,28.39079475,62.59554291,172.7245941,380.8202515,108,070801030301
492,F070801030301_83,2313.963605,167970.7077,41.48876572,9542.416016,12308.05762,74.67977905,809.0309448,13.27640533,2.074438334,41.48876572,0.00469193,1144.875244,354.9113159,0.001943977,27.54214859,55084.29688,20.38118935,7.77941E-05,21850.47266,26.88676262,61.56600571,468.1972046,1072.09021,108,070801030301
493,F070801030301_85,4008.775595,427569.0115,105.6095428,24290.19531,29952.97852,190.0971832,2059.385986,33.79505539,5.280477047,105.6095428,0.011943296,2620.072754,812.2225342,0.004448835,46.01236725,92024.73438,34.04915237,0.000129964,54243.17188,29.90583801,66.78363037,713.3861694,1593.084351,108,070801030301
494,F070801030301_87,1820.37409,113891.8765,28.13129425,6470.197754,7520.057617,50.63632965,548.5602417,9.00201416,1.406564713,28.13129425,0.003181345,697.9191284,216.3549347,0.001185054,9.515697479,19031.39648,7.041615963,2.68775E-05,13990.25586,29.90547752,64.66344452,918.8512573,1986.796143,108,070801030301
495,F070801030301_96,3137.708487,356869.8593,88.14685822,20273.77734,25862.28906,158.6643372,1718.86377,28.20699501,4.407342911,88.14685822,0.009968455,2432.417236,754.0493164,0.004130199,19.72490883,39449.82031,14.59643269,5.5714E-05,46136.06641,26.88653946,61.18441391,1388.954224,3160.776855,108,070801030301
496,F070801030301_98,1930.642423,197206.2559,48.70994568,11203.28711,13179.93848,87.67790222,949.8439331,15.587183,2.435497284,48.70994568,0.005508567,1374.639038,426.138092,0.002334112,63.19702148,126394.0469,46.76579666,0.000178503,24383.22656,26.29027367,57.21907425,239.561554,521.3901978,108,070801030301
497,F070801030301_99,2119.106127,260370.4067,64.31149292,14791.64355,17191.74805,115.7606888,1254.074097,20.57967758,3.215574741,64.31149292,0.007272933,1774.67627,550.1496582,0.003013368,96.63917542,193278.3438,71.51299286,0.000272962,31983.39063,26.88658142,58.13579941,206.8385468,447.2388916,108,070801030301
498,F070801030301_100,1585.433057,82166.87058,20.29521751,4667.899902,4300.554688,36.53139114,395.7567444,6.494469643,1.014760852,20.29521751,0.002295169,572.7434082,177.5504608,0.000972508,49.81416702,99628.32813,36.86248398,0.000140703,8968.455078,26.29055405,50.512146,126.6300964,243.2949219,108,070801030301
499,F070801030301_101,2905.752936,359657.5668,88.8354187,20432.14648,26064.3125,159.9037476,1732.290649,28.42733383,4.44177103,88.8354187,0.010046324,2451.396973,759.9330444,0.004162427,40.69182968,81383.65625,30.11195374,0.000114936,46496.46094,26.88677216,61.18494415,678.5393677,1544.119751,108,070801030301
500,F070801030301_104,2804.767199,366588.6227,90.54738617,20825.89844,25976.23438,162.9852905,1765.674072,28.97516441,4.527369499,90.54738617,0.010239928,2246.364258,696.3729248,0.003814285,106.426651,212853.2969,78.75572205,0.000300607,46802.13281,29.90624428,67.20843506,264.4366455,594.2695923,108,070801030301
501,F070801030301_106,2812.593029,426195.8301,105.2703705,24212.18555,30543.14258,189.4866638,2052.772217,33.68651962,5.263518333,105.2703705,0.011904938,2611.624756,809.6036987,0.004434491,51.29656601,102593.1328,37.9594574,0.00014489,54755.32813,29.90621948,67.63226318,637.8433228,1442.468628,108,070801030301
502,F070801030301_107,1803.211413,82795.64762,20.45052528,4703.620605,5933.515625,36.8109436,398.7852478,6.544167995,1.022526264,20.45052528,0.002312733,507.3699036,157.284668,0.000861505,15.73266029,31465.32031,11.642169,4.44377E-05,10637.13672,29.90514374,67.62983704,404.0158386,913.6730957,108,070801030301
503,F070801030301_117,4837.100538,874867.5177,216.0922699,49701.22266,64105.93359,388.966095,4213.799316,69.1495285,10.80461311,216.0922699,0.024437694,6435.712891,1995.071045,0.010927722,169.8269806,339653.9688,125.6719666,0.000479685,113807.1563,24.91200638,57.04416275,395.4837646,905.5890503,108,070801030301
504,F070801030301_120,3566.25171,205803.6437,50.83349991,11691.70508,15577.41309,91.50029755,991.2532349,16.26671982,2.541675091,50.83349991,0.005748718,1402.74585,434.8512268,0.002381837,30.74759674,61495.19531,22.75322151,8.68481E-05,27269.11719,26.8866787,62.70907211,513.8483276,1198.472778,108,070801030301
505,F070801030301_123,2040.6777,96206.79605,23.76307869,5465.508301,7281.959473,42.7735405,463.3800354,7.604185104,1.188153982,23.76307869,0.002687347,632.1797485,195.9757233,0.001073429,17.31638908,34632.77734,12.81412792,4.8911E-05,12747.46777,27.88870049,65.04615784,426.5220642,994.7979126,108,070801030301
506,F070801030301_124,3380.554006,163870.7664,40.47607803,9309.498047,12271.54004,72.85694122,789.2835083,12.95234489,2.023803949,40.47607803,0.004577406,1116.960449,346.2577515,0.001896578,25.80780411,51615.60547,19.09777451,7.28954E-05,21581.03906,26.88603592,62.3265152,487.4650879,1130.029053,108,070801030301
507,F070801030301_140,1872.797441,167784.2488,41.44271088,9531.823242,12024.18848,74.59687805,808.1328735,13.26166725,2.072135448,41.44271088,0.004686722,1028.168945,318.7323608,0.001745812,31.08601761,62172.03516,23.00365257,8.7804E-05,21556.01172,29.90541458,67.63044739,414.3612976,937.0690918,108,070801030301
508,F070801030301_146,2554.617245,300642.0766,74.2585907,17079.47656,21303.30664,133.6654663,1448.04248,23.76274872,3.712929487,74.2585907,0.008397842,2168.953613,672.3756104,0.003682843,50.63671875,101273.4375,37.47117233,0.000143026,38382.78125,25.40168953,57.08532715,455.8031006,1024.328247,108,070801030301
509,F070801030301_149,2612.043184,289760.5913,71.57086945,16461.30078,21698.85547,128.8275604,1395.631958,22.90267754,3.578543425,71.57086945,0.00809389,2131.537598,660.7766724,0.003619311,45.08472061,90169.4375,33.36269379,0.000127344,38160.15625,24.91204834,57.75045776,493.4044189,1143.797241,108,070801030301
510,F070801030301_170,4270.015398,396070.3034,97.82936859,22500.75391,29340.98438,176.092865,1907.672729,31.30539703,4.891468525,97.82936859,0.011063442,2556.600098,792.5460205,0.004341059,99.568573,199137.1563,73.68074036,0.000281236,51841.73828,28.3904705,65.41164398,305.3817444,703.5996094,108,070801030301
511,F070801030301_171,3896.293354,318886.7897,78.76503754,18115.95898,23109.66211,141.7770691,1535.918213,25.2048111,3.938251972,78.76503754,0.008907473,1954.088135,605.767334,0.003318005,137.4434357,274886.875,101.7081451,0.000388216,41225.62109,29.90580368,68.0552063,178.1170959,405.33255,108,070801030301
512,F070801030301_175,2115.752447,148924.0573,36.78424072,8460.375,11032.33203,66.21163177,717.2927246,11.77095699,1.83921206,36.78424072,0.004159899,912.5860596,282.9016724,0.001549554,22.59683037,45193.66016,16.72165489,6.38258E-05,19492.70703,29.90570831,68.90276337,505.9532166,1165.716431,108,070801030301
513,F070801030301_182,3987.571802,613582.7337,151.5549316,34857.63281,42984.00781,272.7988892,2955.321289,48.49757767,7.577746391,151.5549316,0.017139221,3960.610352,1227.789185,0.006725043,132.8684692,265736.9375,98.32266998,0.000375293,77841.64063,28.39056778,63.39984131,354.5228577,791.6957397,108,070801030301
514,F070801030301_189,2424.303359,303003.7236,74.84191895,17213.64063,22202.60352,134.7154541,1459.41748,23.9494133,3.742095947,74.84191895,0.00846381,1856.750366,575.5925903,0.003152728,29.81868744,59637.375,22.06582832,8.42243E-05,39416.24219,29.90594482,68.47941589,780.1040039,1786.302368,108,070801030301
515,F070801030301_196,2016.503375,165198.2486,40.80396652,9384.912109,12503.9668,73.44714355,795.6773682,13.0572691,2.040198326,40.80396652,0.004614486,1125.981934,349.0544128,0.001911897,22.41528893,44830.57813,16.58731461,6.33131E-05,21888.87891,26.88667297,62.70907211,565.7885132,1319.615601,108,070801030301
516,F070801030301_205,879.8519332,48134.86552,11.88931179,2734.541748,3527.083008,21.40076065,231.8415833,3.804579735,0.594465613,11.88931179,0.001344552,310.7172241,96.32234192,0.000527592,,,,,6261.625,28.38948631,65.0069809,,,108,070801030301
517,F070801030301_206,2257.661061,163369.765,40.35233307,9281.036133,12497.11621,72.63420105,786.8704834,12.91274643,2.017616749,40.35233307,0.004563412,1138.809814,353.0310364,0.001933678,18.08866882,36177.33594,13.38561535,5.10923E-05,21778.15234,26.28957558,61.68906021,693.3589478,1626.981812,108,070801030301
518,F070801030301_234,3065.708057,306228.1586,75.63835144,17396.82031,23425.19922,136.1490326,1474.947876,24.20427322,3.781917572,75.63835144,0.008553878,1876.481323,581.7092285,0.003186231,50.24079514,100481.5859,37.17818832,0.000141908,40822.01953,29.90638542,70.17598724,467.9308167,1098.009888,108,070801030301
519,F070801030301_241,2580.821762,272147.9426,67.22054291,15460.72461,20599.0625,120.9969788,1310.800537,21.51057434,3.361027241,67.22054291,0.007601915,1667.643921,516.9696045,0.002831628,37.7730751,75546.14844,27.95207596,0.000106692,36059.78906,29.90644836,69.75224304,553.1154175,1290.057617,108,070801030301
520,F070801030301_245,1266.79663,62826.98282,15.51826477,3569.200928,4401.291016,27.93287659,302.6061707,4.965844631,0.775913239,15.51826477,0.001754948,453.281311,140.5172119,0.000769663,9.985006332,19970.01172,7.388904572,2.82031E-05,7970.492188,25.40045357,56.72253418,483.0487366,1078.710938,108,070801030301
521,F070801030301_248,2195.33416,241031.0518,59.53466797,13692.97363,17273.38867,107.1623993,1160.926025,19.05109406,2.976733446,59.53466797,0.006732726,1583.919678,491.0151062,0.002689466,41.36609268,82732.1875,30.61090851,0.000116841,30966.36328,27.88707161,63.06600952,447.3233337,1011.612,108,070801030301
522,F070801030301_257,4103.90661,743103.0184,183.5464478,42215.68359,55049.25,330.383606,3579.155762,58.73486328,9.177322388,183.5464478,0.020757115,4553.555664,1411.602295,0.007731854,149.820755,299641.5,110.8673553,0.000423176,97264.9375,29.90621567,68.90392303,380.7764893,877.309082,108,070801030301
523,F070801030301_260,4923.694589,177410.3208,43.82035065,10078.68066,11285.49219,78.87663269,854.4968262,14.02251244,2.191017628,43.82035065,0.004955607,1145.158203,354.999054,0.001944457,65.76368713,131527.375,48.6651268,0.000185753,21364.17188,28.39072609,60.18092728,207.1027374,439.0037231,108,070801030301
524,F070801030301_264,4415.378242,131855.3786,32.56827927,7490.704102,8706.152344,58.62290192,635.0814209,10.42184925,1.628413916,32.56827927,0.00368312,807.9819336,250.4743958,0.001371938,80.61529541,161230.5938,59.65531921,0.000227702,16196.85645,29.90606689,64.66471863,125.5664063,271.5073242,108,070801030301
525,F070801030301_265,1907.349112,165738.3007,40.93735886,9415.592773,12277.93262,73.68724823,798.2785034,13.09995461,2.046867847,40.93735886,0.004629572,1015.620483,314.8423462,0.001724505,42.44291687,84885.83594,31.40775871,0.000119882,21693.52539,29.90573883,68.90281677,299.785553,690.7059326,108,070801030301
526,F070801030301_266,1601.114105,125148.7101,30.91173172,7109.698242,9271.045898,55.6411171,602.7787476,9.89175415,1.545586586,30.91173172,0.003495782,766.8659668,237.7284546,0.001302124,36.43030167,72860.60156,26.95842361,0.000102899,16380.74414,29.90680313,68.90527344,263.7282715,607.6298828,108,070801030301
527,F070801030301_269,1916.288925,163228.8415,40.31752396,9273.030273,12354.89941,72.57154083,786.1917114,12.90160751,2.015876293,40.31752396,0.004559475,1000.225159,310.0697937,0.001698364,19.60062408,39201.25,14.50446224,5.53629E-05,21627.92969,29.90626717,69.75180817,639.3225708,1491.122437,108,070801030301
528,F070801030301_271,1651.442756,130872.3294,32.32546616,7434.857422,9589.672852,58.18584061,630.3466187,10.34414959,1.616273284,32.32546616,0.00365566,801.9494019,248.6043091,0.001361695,22.94205666,45884.11328,16.97712135,6.48009E-05,17024.53125,29.90638924,68.48043823,437.9339294,1002.792603,108,070801030301
529,F070801030301_272,1841.555919,145554.7214,35.95201492,8268.963867,10782.72852,64.71362305,701.06427,11.50464439,1.797600746,35.95201492,0.004065783,939.5559692,291.2623596,0.001595349,32.07651901,64153.03906,23.73662376,9.06017E-05,19051.69141,28.39008713,65.41075897,348.3630981,802.62854,108,070801030301
530,F070801030301_274,2411.766308,321294.4558,79.35973358,18252.73828,23542.85938,142.8475189,1547.514771,25.3951149,3.967986584,79.35973358,0.008974726,1968.824707,610.3356323,0.003343028,53.22966766,106459.3359,39.38995361,0.00015035,41795.59766,29.90606689,68.47969818,463.3856201,1061.07251,108,070801030301
531,F070801030301_275,2027.587466,128310.9931,31.69281578,7289.347656,9401.991211,57.04706955,618.0098877,10.14170074,1.584640741,31.69281578,0.003584114,874.5856323,271.1215515,0.00148503,22.4906311,44981.26172,16.64306641,6.35259E-05,16691.33984,26.8859024,61.56404495,437.9810486,1002.900513,108,070801030301
532,F070801030301_281,1527.252451,48982.85517,12.09876537,2782.716064,2760.938721,21.77777863,235.9259186,3.871604919,0.604938269,12.09876537,0.001368239,360.3242493,111.7005157,0.000611824,18.75798035,37515.96094,13.88090515,5.29828E-05,5543.654785,24.91229439,49.62962723,200.4707947,399.3727112,108,070801030301
533,F070801030301_285,2328.12693,231029.2073,57.0642128,13124.76855,17858.81836,102.7155838,1112.752197,18.26054764,2.853210688,57.0642128,0.006453344,1415.678955,438.8604736,0.002403797,35.74075317,71481.50781,26.44815826,0.000100951,30983.58594,29.90647125,70.6000824,496.2450867,1171.483643,108,070801030301
534,F070801030301_294,3708.749229,656698.1304,162.2044373,37307.01953,47062.07813,291.9679871,3162.986572,51.9054184,8.110221863,162.2044373,0.018343564,4238.916504,1314.064087,0.007197601,170.9709167,341941.8438,126.5184784,0.000482916,84369.09375,28.39056396,64.20470428,294.8740845,666.8519287,108,070801030301
535,F070801030301_310,2253.964382,258774.2782,63.91724777,14700.9668,18544.95117,115.0510483,1246.386353,20.45351982,3.195862293,63.91724777,0.007228348,1803.810669,559.1813354,0.003062837,64.89260101,129785.1953,48.02052307,0.000183292,33245.91797,26.29015923,59.45462799,306.1392517,692.3272705,108,070801030301
536,F070801030301_311,2564.380846,305651.9761,75.49604034,17364.08984,24119.47461,135.892868,1472.172729,24.15873337,3.77480197,75.49604034,0.008537784,1872.955688,580.616272,0.003180244,26.94708061,53894.16016,19.94083977,7.61133E-05,41483.5625,29.90630913,71.44747162,870.7802734,2080.331787,108,070801030301
537,F070801030301_346,2065.895449,156941.9334,38.76465607,8915.871094,12131.78711,69.77638245,755.9107666,12.40468979,1.93823278,38.76465607,0.004383862,961.7169189,298.1322327,0.001632977,19.88506126,39770.125,14.71494579,5.61663E-05,21047.6582,29.90575981,70.5983963,605.9058228,1430.359253,108,070801030301
538,F070801030301_349,5828.750984,762262.4347,188.2788239,43304.12891,55241.00781,338.901886,3671.437012,60.2492218,9.413941383,188.2788239,0.021292295,4670.995117,1448.008545,0.007931263,160.1121826,320224.3438,118.483017,0.000452245,98545.14063,29.9059906,68.05563354,365.4880676,831.7237549,108,070801030301
539,F070801030301_358,1563.562291,68320.58448,16.87518501,3881.29248,5226.244629,30.37533379,329.0661011,5.400059223,0.843759239,16.87518501,0.001908401,498.6496582,154.5813904,0.000846698,6.486391068,12972.78223,4.799929619,1.83211E-05,9107.537109,25.10840797,58.91742325,808.6144409,1897.431396,108,070801030301
540,F070801030301_361,2513.725873,249821.1839,61.70583344,14192.3418,17702.16992,111.0705032,1203.263794,19.74586678,3.085291624,61.70583344,0.006978261,1530.830811,474.5575562,0.002599322,50.89529419,101790.5859,37.66251755,0.000143756,31894.51172,29.90647125,67.20894623,376.8293457,846.8502197,108,070801030301
541,F070801030301_366,2581.893498,98800.0638,24.40361595,5612.831543,7319.133789,43.92650986,475.8705139,7.809156895,1.22018075,24.40361595,0.002759785,637.7581787,197.7050323,0.001082901,24.12888718,48257.77344,17.8553772,6.81532E-05,12931.96484,28.38992691,65.41040039,314.3496399,724.2616577,108,070801030301
542,F070801030301_391,996.9135289,62165.04307,15.35476589,3531.596191,3854.353027,27.63857841,299.4179382,4.913525105,0.767738283,15.35476589,0.001736458,380.9546509,118.0959396,0.000646854,4.372086525,8744.172852,3.235343933,1.23492E-05,7385.949219,29.90446663,62.54193878,1091.567505,2282.894531,108,070801030301
543,F070801030301_395,2350.351607,313316.3263,77.38912964,17799.5,23715.12305,139.3004303,1509.088013,24.76452065,3.86945653,77.38912964,0.008751872,2184.008057,677.0424805,0.003708405,27.35253525,54705.07031,20.24087524,7.72586E-05,41514.625,26.29007912,61.31760788,879.3839111,2051.029053,108,070801030301
544,F070801030301_403,1552.091541,153069.6078,37.80819321,8695.884766,9860.376953,68.05474854,737.2597656,12.09862137,1.890409708,37.80819321,0.004275697,937.9956055,290.7786255,0.001592699,63.00506973,126010.1406,46.62375259,0.000177961,18556.26172,29.90551567,63.8157692,186.5119019,398.0001831,108,070801030301
545,F070801030301_407,5904.713025,288767.5524,71.32558441,16404.88477,19764.32031,128.3860474,1390.848877,22.82418633,3.566279173,71.32558441,0.008066151,1769.502319,548.5457153,0.003004582,18.22606659,36452.13281,13.48728943,5.14804E-05,36169.20313,29.90613937,65.93653107,1216.321899,2681.725098,108,070801030301
546,F070801030301_410,1697.176292,123752.3324,30.56682587,7030.370117,8769.011719,55.02028656,596.0531006,9.781384468,1.528341293,30.56682587,0.003456777,758.3188477,235.0788422,0.001287611,33.41424179,66828.48438,24.72653961,9.43801E-05,15799.38184,29.90643501,67.2088623,284.3248596,638.9645386,108,070801030301
547,F070801030301_456,2350.257867,245282.8384,60.58486176,13934.51855,18763.13086,109.0527496,1181.404785,19.38715553,3.029242992,60.58486176,0.006851492,1583.270508,490.8138428,0.002688364,34.11650467,68233.01563,25.24621391,9.63637E-05,32697.64844,28.39063835,66.61924744,551.9448853,1295.150635,108,070801030301
548,F070801030301_457,2420.755864,331128.2517,81.78868103,18811.39648,24263.42969,147.2196198,1594.879272,26.17237854,4.089434147,81.78868103,0.009249413,2308.169922,715.5326538,0.00391923,82.60316467,165206.3281,61.12634277,0.000233317,43074.82813,26.29006004,60.19966888,307.7461548,704.6851807,108,070801030301
549,F070801030301_464,1587.725431,157197.9916,38.82790375,8930.417969,10885.79102,69.89022827,757.144104,12.42492962,1.941395164,38.82790375,0.004391015,1014.71698,314.5622559,0.001722971,40.805336,81610.67188,30.19594955,0.000115257,19816.20898,28.38998604,62.99614334,295.7488708,656.2539063,108,070801030301
550,F070801030301_467,1711.351572,169868.2372,41.95745468,9650.214844,12173.53516,75.52342224,818.1703491,13.42638588,2.097872734,41.95745468,0.004744933,1184.100952,367.0712891,0.002010581,53.00298691,106005.9688,39.22220993,0.00014971,21823.75,26.28975677,59.45370865,246.0395508,556.4130859,108,070801030301
551,F070801030301_476,2739.071395,251619.0806,62.14991379,14294.48047,17626.95508,111.8698425,1211.92334,19.88797188,3.107495785,62.14991379,0.007028482,1541.854736,477.9749756,0.002618041,59.17588425,118351.7656,43.7901535,0.000167145,31921.43555,29.90633583,66.78474426,326.4313965,728.9637451,108,070801030301
552,F070801030301_492,2106.136744,197050.0926,48.67137146,11194.41504,13962.84277,87.6084671,949.0917358,15.57483864,2.433568478,48.67137146,0.005504205,1294.896118,401.4177856,0.00219871,27.76105309,55522.10547,20.54317856,7.84124E-05,25157.25781,27.88719177,62.67100906,544.9212646,1224.604004,108,070801030301
553,F070801030301_566,3223.580429,509326.7304,125.8037033,28934.85156,36500.6875,226.4466705,2453.172119,40.25718689,6.290184975,125.8037033,0.014227036,3550.358154,1100.611084,0.006028443,111.3422012,222684.3906,82.39322662,0.000314491,65435.53906,26.28980637,59.4538269,351.1799927,794.1859131,108,070801030301
554,F070801030301_580,2217.003166,260368.5728,64.31103516,14791.53809,18659.20117,115.7598648,1254.065186,20.57953072,3.215551853,64.31103516,0.007272881,1680.654785,521.0029907,0.002853721,47.9274025,95854.80469,35.46627808,0.000135373,33450.73828,28.39050484,64.20450592,417.0592041,943.1702271,108,070801030301
555,F070801030301_582,2183.661634,254286.9698,62.80887985,14446.04199,18837.63867,113.0559845,1224.773193,20.09884071,3.14044404,62.80887985,0.007103004,1558.228516,483.0508423,0.002645843,26.23207855,52464.15625,19.41173744,7.40938E-05,33283.67969,29.90584183,68.90305328,744.1911011,1714.616211,108,070801030301
556,F070801030301_585,3697.139525,357411.7077,88.28069305,20304.55859,25901.55273,158.9052429,1721.473511,28.24982262,4.414034843,88.28069305,0.00998359,2436.117188,755.1963501,0.004136482,48.41157532,96823.15625,35.82456589,0.000136741,46206.10938,26.88646317,61.18423462,566.7775269,1289.788452,108,070801030301
557,F070801030301_598,10459.33726,533917.421,131.8776093,30331.84961,35683.4375,237.3796997,2571.613281,42.20083618,6.593880653,131.8776093,0.014913929,3721.742432,1153.740112,0.006319449,36.14871216,72297.42188,26.75004768,0.000102104,66015.28906,26.29001999,57.21850967,1133.898926,2467.856934,108,070801030301
558,F070801030301_599,15503.20881,839208.2606,207.2844391,47675.42188,56762.76953,373.1119995,4042.046631,66.33102417,10.36422157,207.2844391,0.023441624,5849.835938,1813.449097,0.009932913,248.776825,497553.6563,184.0948486,0.000702682,104438.1875,26.28991508,57.59091187,258.9720459,567.3063965,108,070801030301
559,F070801030301_610,1551.738505,114371.7776,28.24982834,6497.460449,8012.214844,50.84968948,550.8716431,9.039944649,1.412491441,28.24982834,0.00319475,700.8384399,217.2599182,0.001190011,30.65028763,61300.57422,22.68121338,8.65732E-05,14509.67578,29.90639305,66.78487396,286.468811,639.722229,108,070801030301
560,F070801030301_611,926.1067112,52447.88731,12.95462799,2979.564453,3843.119385,23.31833076,252.6152496,4.14548111,0.647731423,12.95462799,0.001465028,321.3900146,99.63090515,0.000545714,13.77592754,27551.85547,10.19418621,3.89108E-05,6822.683594,29.90602684,68.47959137,292.2807617,669.2720337,108,070801030301
561,F070801030301_614,2204.605521,64847.97372,16.01745033,3684.013672,4438.436035,28.83141136,312.340271,5.125584126,0.800872505,16.01745033,0.0018114,397.3685913,123.1842651,0.000674725,10.62302113,21246.04297,7.861035824,3.00052E-05,8122.449707,29.90652847,65.93739319,468.6422729,1033.254395,108,070801030301
562,F070801030301_624,2278.684798,137868.613,34.05354691,7832.315918,10102.3252,61.2963829,664.0441895,10.89713478,1.702677369,34.05354691,0.003851087,889.9367065,275.8803711,0.001511096,49.04788589,98095.77344,36.29543686,0.000138538,17934.64063,28.3902607,65.00875854,215.7934113,494.129364,108,070801030301
563,F070801030301_627,1579.741633,155741.2757,38.46809387,8847.661133,11662.75586,69.24256897,750.1278076,12.30978966,1.923404694,38.46809387,0.004350325,954.3478394,295.8478394,0.001620465,29.69106483,59382.12891,21.97138786,8.38639E-05,20510.41797,29.9061203,69.32759094,402.6901245,933.5057983,108,070801030301
564,F070801030301_629,1405.568857,47900.09447,11.83132362,2721.204346,3664.1604,21.2963829,230.7108154,3.786023617,0.591566205,11.83132362,0.001337994,293.5339355,90.99552155,0.000498415,13.64133835,27282.67773,10.09459019,3.85306E-05,6385.364746,29.90481567,70.17229462,269.5705566,632.5531616,108,070801030301
565,F070801030301_630,1800.338042,77097.17696,19.04300308,4379.890625,5897.620605,34.27740479,371.338562,6.093760967,0.952150166,19.04300308,0.002153557,472.4139709,146.4483337,0.00080215,8.616170883,17232.3418,6.375966549,2.43368E-05,10277.51172,29.90741158,70.17841339,686.9375,1611.914307,108,070801030301
566,F070801030402_4,3123.649622,112723.6045,27.84272957,6403.827637,13252.02441,50.11691284,542.9332275,8.909673691,1.392136455,27.84272957,0.003148711,690.7571411,214.1347198,0.001172893,11.05275631,22105.51367,8.179039955,3.1219E-05,19655.85156,29.9056015,91.79198456,782.9559326,2403.197998,105,070600061002
567,F070801030402_24,2969.812491,422480.4834,104.3526764,24001.11523,18030.05664,187.8348236,2034.877197,33.3928566,5.217633724,104.3526764,0.011801157,2588.874268,802.5510254,0.004395861,337.7772522,675554.5,249.9551697,0.000954068,42031.17188,29.90603065,52.3719635,96.02168274,168.1548462,105,070801030402
568,F070801030402_72,4917.592727,130717.187,32.28714371,7426.042969,7788.949707,58.11685944,629.5993042,10.33188629,1.614357233,32.28714371,0.003651326,801.0196533,248.3160858,0.001360117,104.8840103,209768.0313,77.61416626,0.00029625,15214.99219,29.90560532,61.27268219,95.67896271,196.0337067,105,070801030402
569,F070801030402_135,2309.825864,297507.2546,73.48429108,16901.38672,15571.31934,132.2717285,1432.943726,23.51497269,3.674214602,73.48429108,0.008310277,2027.783691,628.612915,0.003443139,149.586731,299173.4688,110.6941833,0.000422515,32472.70703,26.88679504,51.65771484,152.6854095,293.3551331,105,070801030402
570,F070801030402_138,4740.511948,117275.9244,28.96715355,6662.445313,6327.006836,52.14087677,564.8594971,9.269489288,1.448357701,28.96715355,0.003275871,718.640686,222.7786102,0.001220239,62.45477295,124909.5469,46.21653366,0.000176407,12989.45215,29.90612602,58.30654907,144.1571808,281.0563965,105,070801030402
571,F070801030402_139,4727.264845,192400.2011,47.52285004,10930.25586,10844.71484,85.54113007,926.6955566,15.20731163,2.376142502,47.52285004,0.005374319,1178.970581,365.4808655,0.00200187,107.3806534,214761.3125,79.46168518,0.000303302,21774.9707,29.90650558,59.57896042,137.5537872,274.0310669,105,070801030402
572,F070801030402_146,3622.233749,96871.37719,23.92723083,5503.263184,6708.238281,43.0690155,466.5809937,7.656713963,1.196361542,23.92723083,0.00270591,593.6057129,184.0177765,0.001007932,44.53241348,89064.82031,32.95398712,0.000125784,12211.50195,29.90614891,66.36045074,166.9983978,370.5621948,104,070801030402
573,F070801030402_152,1293.394779,108921.2138,26.90353966,6187.813965,8156.615234,48.42637253,524.6190186,8.609132767,1.345176935,26.90353966,0.003042499,715.7403564,221.8795166,0.001215314,6.240712166,12481.4248,4.618126869,1.76272E-05,14344.42969,27.88817215,64.64963531,1339.896973,3106.114258,104,070801030402
574,F070801030402_160,4957.54227,158637.2385,39.1833992,9012.181641,8558.438477,70.53012085,764.0762939,12.53868771,1.959169984,39.1833992,0.004431218,972.1135254,301.3551941,0.001650631,143.0860138,286172.0313,105.8836517,0.000404153,17570.62109,29.90551376,58.30535507,85.11400604,165.9427185,105,070801030402
575,F070801030402_198,1578.928715,149507.2585,36.92829132,8493.506836,10593.98828,66.47092438,720.1016846,11.81705284,1.846414566,36.92829132,0.00417619,965.043335,299.1634216,0.001638626,23.53102493,47062.05078,17.41295815,6.64645E-05,19087.49609,28.3908596,63.80290604,487.7693176,1096.166138,104,070801030402
576,F070801030402_204,2367.953145,317600.2616,78.44726563,18042.87109,20970.52539,141.2050781,1529.72168,25.10312462,3.922363281,78.44726563,0.008871536,2050.072266,635.5223999,0.003480985,30.44793129,60895.86328,22.53146935,8.60017E-05,39013.39844,28.39061356,61.38792038,800.7854004,1731.50708,104,070801030402
577,F070801030402_217,3223.601935,547246.4503,135.1698761,31089.07227,36133.60938,243.3057709,2635.8125,43.2543602,6.7584939,135.1698761,0.015286248,3353.424072,1039.561523,0.005694052,38.38640594,76772.8125,28.40594101,0.000108424,67222.67969,29.90594673,64.6644516,1094.456665,2366.500732,104,070801030402
578,F070801030402_219,1809.143362,137467.8566,33.95455933,7809.548828,9962.269531,61.11820602,662.1138916,10.86545944,1.697727919,33.95455933,0.003839893,842.348938,261.1281738,0.001430293,13.68496132,27369.92188,10.12687111,3.86538E-05,17771.81836,29.90695572,68.05783844,771.1709595,1754.916992,104,070801030402
579,F070801030402_226,8672.711781,308416.3243,76.17883301,17521.13086,17880.69531,137.1219025,1485.487305,24.37722588,3.808941603,76.17883301,0.008615001,1889.92749,585.8775024,0.003209062,179.5388031,359077.5938,132.8587189,0.000507116,35401.82813,29.90579224,60.42530823,131.8779144,266.4622192,105,070801030402
580,F070801030402_231,3155.886217,99534.77716,24.58509064,5654.570801,6972.822754,44.25316238,479.4092712,7.867228985,1.229254484,24.58509064,0.002780307,678.4342041,210.3146057,0.001151969,12.26006794,24520.13672,9.072450638,3.46292E-05,12627.39355,26.88624954,60.04049683,623.2683105,1391.839355,104,070801030402
581,F070801030402_245,2376.838107,59287.53653,14.64402199,3368.125,4344.295898,26.35923958,285.5584412,4.686087132,0.732201099,14.64402199,0.00165608,363.2979736,112.6223755,0.000616873,24.37099266,48741.98438,18.03453445,6.8837E-05,7712.420898,29.90635681,68.48036194,186.7597351,427.6473389,105,070801030402
582,F070801030402_254,1524.983663,145340.9545,35.8992157,8256.819336,10415.79688,64.61859131,700.034729,11.4877491,1.794960737,35.8992157,0.004059813,890.5974731,276.0852051,0.001512218,15.02956295,30059.125,11.12187672,4.24517E-05,18672.61719,29.90678024,67.63352966,742.3944092,1678.908813,104,070801030402
583,F070801030402_256,4727.325627,136051.1514,33.60463333,7729.06543,8325.885742,60.48833847,655.2903442,10.75348282,1.68023169,33.60463333,0.00380032,878.1978149,272.241333,0.001491164,79.97385406,159947.7031,59.18065262,0.00022589,16054.95117,28.39049149,58.97323227,130.6012268,271.2871704,105,070801030402
584,F070801030402_268,2955.546298,73232.39434,18.08840179,4160.33252,4481.581543,32.55912399,352.7238464,5.788288593,0.904420078,18.08840179,0.002045602,448.7542725,139.1138306,0.000761976,47.86265182,95725.30469,35.41836166,0.00013519,8641.914063,29.90595818,62.12117004,117.4625931,243.9953156,105,070801030402
585,F070801030402_272,2377.57243,306372.2559,75.6739502,17405.00781,20722.55469,136.2131042,1475.64209,24.21566391,3.783697605,75.6739502,0.008557904,1977.591919,613.0534668,0.003357914,27.20444298,54408.88672,20.13128853,7.68403E-05,38127.5625,28.39068413,62.19288254,864.5749512,1893.945435,104,070801030402
586,F070801030402_276,3305.409619,111416.5464,27.51988602,6329.57373,6459.467285,49.5357933,536.6377563,8.806363106,1.375994325,27.51988602,0.003112201,682.7438354,211.650589,0.001159286,10.63072205,21261.44336,7.866734505,3.0027E-05,12789.04102,29.90576935,60.42525482,804.5999146,1625.711548,104,070801030402
587,F070801030402_292,3269.092094,77478.79384,19.13726234,4401.570313,5552.485352,34.44707108,373.1766052,6.123923779,0.956863105,19.13726234,0.002164217,528.078064,163.7041931,0.000896667,9.952055931,19904.11328,7.364521503,2.81101E-05,9954.055664,26.88734055,60.80513382,597.6723022,1351.622925,105,070801030402
588,F070801030402_305,1566.627281,153076.3597,37.80986023,8696.267578,10723.63379,68.05774689,737.2922974,12.09915543,1.890493035,37.80986023,0.004275885,1043.362793,323.4424744,0.001771611,36.6689682,73337.9375,27.13503647,0.000103573,19419.90234,26.88659668,60.04128647,320.4811401,715.6762695,104,070801030402
589,F070801030402_316,12760.42486,574360.4501,141.8670349,32629.41797,31449.08398,255.3606567,2766.407227,45.39744949,7.093351841,141.8670349,0.016043624,3519.562988,1091.064575,0.005976153,356.6756287,713351.25,263.9399719,0.001007448,64078.5,29.90603828,58.73025513,123.6243896,242.7767944,105,070801030402
590,F070801030402_323,13050.5395,413372.2066,102.1029358,23483.67578,27294.15625,183.7852783,1991.007202,32.6729393,5.105146885,102.1029358,0.011546736,2533.047119,785.2446289,0.004301067,51.77825165,103556.5,38.31590652,0.00014625,50777.83203,29.90619087,64.66498566,612.8962402,1325.241577,105,070801030402
591,F070801030402_377,1001.016402,45026.90491,11.12164593,2557.978516,4930.89209,20.01896286,216.8721008,3.558926582,0.556082308,11.12164593,0.001257738,275.9380798,85.540802,0.000468538,5.039238453,10078.47754,3.72903657,1.42336E-05,7488.870605,29.90360641,87.54734802,685.9622803,2008.258789,105,070801030402
592,F070801030402_378,1131.316108,45915.03235,11.34101295,2608.432861,4362.661133,20.41382408,221.1497498,3.629124165,0.567050636,11.34101295,0.001282546,281.3518066,87.21906281,0.00047773,21.74505424,43490.10547,16.09134102,6.142E-05,6971.09375,29.90668297,79.9262619,162.1016388,433.2201843,105,070801030402
593,F070801030402_383,3009.477028,59851.74207,14.78338051,3400.17749,2265.109131,26.61008453,288.2759094,4.730681896,0.739169002,14.78338051,0.00167184,386.3344116,119.7636642,0.000655989,63.02752686,126055.0547,46.64036942,0.000178024,5665.286621,28.39072609,47.30388641,72.90203094,121.4674454,105,070801030402
594,F070801030402_386,3389.407561,126305.7895,31.19753075,7175.432129,6712.460449,56.15555573,608.3518677,9.98320961,1.559876561,31.19753075,0.003528103,773.9679565,239.930069,0.001314183,89.71417999,179428.3594,66.3884964,0.000253402,13887.89258,29.90634727,57.88308334,108.0824585,209.1912537,104,070801030402
595,F070801030402_387,1083.253331,55523.29425,13.71425343,3154.27832,3129.591797,24.68565559,267.427948,4.388561249,0.685712695,13.71425343,0.001550933,340.2446594,105.4758453,0.000577729,32.02077103,64041.53906,23.69536972,9.04442E-05,6283.870117,29.90522003,59.57638931,133.1179199,265.1940002,105,070801030402
596,F070801030402_429,3582.780767,106029.0481,26.18917465,6023.510254,6232.500488,47.14051437,510.6889038,8.380536079,1.309458733,26.18917465,0.002961712,722.6734009,224.0287476,0.001227086,58.45215225,116904.3047,43.2545929,0.000165101,12256.01074,26.88722038,54.70731354,139.2571259,283.3458862,105,070801030402
597,F070801030402_446,2090.148432,69511.49724,17.16934013,3948.948242,4645.681152,30.90481186,334.802124,5.494188786,0.858466983,17.16934013,0.001941666,456.8048706,141.6095123,0.000775646,41.3470459,82694.08594,30.5968132,0.000116787,8594.628906,27.88617897,60.69245529,129.0640411,280.8994751,105,070801030402
598,F070801030402_447,1975.292189,57820.96946,14.28177929,3284.809326,4190.274902,25.70720291,278.4946899,4.570169449,0.714088976,14.28177929,0.001615115,379.9677429,117.7900009,0.000645178,36.27238083,72544.76563,26.84156227,0.000102453,7475.083984,27.88699722,63.46110916,122.3777237,278.4891663,105,070801030402
599,F070801030402_503,574.6675567,15979.82879,3.94701767,907.8140869,810.6382446,7.104631901,76.96684265,1.263045669,0.197350889,3.94701767,0.000446365,115.2888565,35.73954391,0.000195758,,,,,1718.452393,25.40082932,48.08266068,,,104,070801030402
600,F070801030402_515,4652.030579,194760.9452,48.10595322,11064.36914,11918.73047,86.5907135,938.0661011,15.39390469,2.405297756,48.10595322,0.005440262,1257.175781,389.7244873,0.002134661,120.1672592,240334.5313,88.92377472,0.000339418,22983.09961,28.39023399,58.97268677,124.4253235,258.4584351,104,070801030402
601,F070801030302_2,2702.203131,229058.5938,56.57747269,13012.81836,16230.94629,101.839447,1103.260742,18.10479164,2.828873634,56.57747269,0.006398299,1403.641479,435.1288452,0.002383357,33.92355347,67847.10938,25.10342979,9.58187E-05,29243.76563,29.90566635,67.20713806,518.3681641,1164.93103,108,070801030302
602,F070801030302_6,2176.302048,55844.26361,13.79353333,3172.512695,2518.147705,24.8283596,268.9739075,4.413930893,0.689676642,13.79353333,0.001559899,342.1838379,106.0769882,0.000581022,47.22229767,94444.60156,34.94449997,0.000133382,5690.660156,29.90764236,53.64651108,90.78718567,162.848526,108,070801030302
603,F070801030302_9,4142.135484,586317.8105,144.8204956,33308.71484,37297.07422,260.6768799,2823.999756,46.34255981,7.241024971,144.8204956,0.01637763,3592.805908,1113.769775,0.006100518,243.9768829,487953.7813,180.5428925,0.000689125,70605.78906,29.90628433,63.39352417,184.4919739,391.0748596,108,070801030302
604,F070801030302_20,1306.275189,104298.5577,25.76174355,5925.201172,5206.963867,46.37113953,502.3540039,8.243758202,1.28808713,25.76174355,0.002913374,639.0859375,198.1166382,0.001085156,66.53479004,133069.5781,49.23574448,0.000187931,11132.16504,29.90764046,56.18995667,120.3434906,226.0992584,108,070801030302
605,F070801030302_23,1608.469847,73852.22069,18.24149895,4195.544922,4341.112305,32.83469772,355.7092285,5.837279797,0.912074924,18.24149895,0.002062916,503.3825378,156.048584,0.000854734,5.140057087,10280.11426,3.803642273,1.45183E-05,8536.657227,26.88614464,54.7051239,1103.033569,2244.337646,108,070801030302
606,F070801030302_26,1306.229621,57968.92525,14.31832409,3293.2146,3360.796875,25.77298355,279.2073059,4.58186388,0.715916216,14.31832409,0.001619247,355.1891785,110.1086426,0.000603105,,,,,6654.011719,29.90877533,60.43133163,,,108,070801030302
607,F070801030302_29,6447.751332,46434.65829,11.46936035,2637.952881,2729.478516,20.64484787,223.6525269,3.670195341,0.573468029,11.46936035,0.00129706,316.5160522,98.11997986,0.000537438,14.00856495,28017.13086,10.36633778,3.95679E-05,5367.431641,26.88497162,54.70273972,254.4729767,517.7750854,108,070801030302
608,F070801030302_33,2378.775446,317187.9524,78.34542084,18019.44727,22220.33008,141.021759,1527.735718,25.07053375,3.917271137,78.34542084,0.008860018,1943.655518,602.5332031,0.003300291,60.02092361,120041.8438,44.41548157,0.000169532,40239.77734,29.90614891,66.78433228,405.7019348,905.9854126,108,070801030302
609,F070801030302_35,6067.25486,220680.6876,54.50812912,12536.87012,15814.98926,98.11463165,1062.908569,17.44260216,2.725406408,54.50812912,0.006164279,1352.290649,419.2101135,0.002296165,77.18564606,154371.2969,57.11737823,0.000218015,28351.85938,29.90593338,67.63162231,219.4930878,496.3788757,108,070801030302
610,F070801030302_37,1073.010421,50118.1421,12.37918091,2847.21167,3551.340088,22.28252602,241.3940277,3.961337805,0.618959069,12.37918091,0.001399951,307.1315002,95.21076202,0.000521504,23.40599251,46811.98438,17.32043457,6.61114E-05,6398.551758,29.9043045,67.20407867,164.3845367,369.4221191,108,070801030302
611,F070801030302_52,1964.410672,239513.0496,59.15972137,13606.73633,16007.4375,106.4874954,1153.614624,18.93111038,2.957986116,59.15972137,0.006690323,1467.682129,454.9814453,0.002492097,46.45687103,92913.74219,34.37808609,0.00013122,29614.17383,29.90613365,65.08875275,395.7967834,861.4259033,108,070801030302
612,F070801030302_55,2240.488857,205959.2106,50.87192535,11700.54297,14594.13672,91.56946564,992.0025635,16.27901649,2.543596268,50.87192535,0.005753064,1262.067383,391.2408752,0.002142967,25.28878593,50577.57031,18.71370125,7.14294E-05,26294.67969,29.90623856,67.2084198,625.2393799,1405.103149,108,070801030302
613,F070801030302_58,4108.862154,326861.6625,80.73483276,18569.01172,24213.99023,145.3226929,1574.329224,25.83514595,4.036741734,80.73483276,0.009130235,2109.859131,654.0563354,0.003582502,89.05579376,178111.5938,65.90129089,0.000251542,42783,28.39053917,65.41179657,281.7700806,649.1981812,108,070801030302
614,F070801030302_63,2811.788382,85268.17251,21.06123924,4844.084961,4531.535156,37.91023254,410.6941528,6.739596367,1.053061962,21.06123924,0.002381798,522.4882202,161.971344,0.000887175,56.59609985,113192.2031,41.88111496,0.000159858,9375.620117,29.90704918,57.88443756,115.6627502,223.8627167,108,070801030302
615,F070801030302_67,2417.665944,331819.1208,81.95932007,18850.64453,22978.11719,147.5267792,1598.206787,26.22698212,4.097966194,81.95932007,0.009268711,2033.319336,630.3289795,0.003452539,73.60025787,147200.5156,54.46419144,0.000207887,41828.76172,29.9060421,66.3602066,346.1107788,768.0048218,108,070801030302
616,F070801030302_71,5514.646906,205595.5211,50.78209305,11679.88184,13740.61914,91.40776825,990.2507935,16.25026894,2.5391047,50.78209305,0.005742905,1401.320068,434.4092102,0.002379415,94.9990387,189998.0781,70.29928589,0.000268329,25420.5,26.88681984,58.51740646,166.1450958,361.6039429,108,070801030302
617,F070801030302_81,8679.645672,282989.5796,69.89842987,16076.63867,16406.55859,125.8171768,1363.019409,22.3674984,3.494921446,69.89842987,0.007904755,1859.610596,576.4793091,0.003157584,32.92873383,65857.46875,24.36726379,9.30088E-05,32483.19727,27.88762474,56.34754944,659.7637939,1333.067139,108,070801030302
618,F070801030302_89,1986.090121,234739.3997,57.98063278,13335.5459,16633.48438,104.3651428,1130.622314,18.55380249,2.899031639,57.98063278,0.006556981,1599.967896,495.9900513,0.002716716,34.62765121,69255.30469,25.62446213,9.78075E-05,29969.03125,26.88672066,60.42264557,520.4224854,1169.547729,108,070801030302
619,F070801030302_92,1911.102227,147290.74,36.3808136,8367.586914,10555.52832,65.485466,709.4258423,11.64186001,1.819040656,36.3808136,0.004114276,902.5551758,279.7921143,0.001532522,21.87293625,43745.87109,16.18597221,6.17812E-05,18923.11523,29.90644264,67.63276672,516.965332,1169.105835,108,070801030302
620,F070801030302_93,1811.364716,140608.7553,34.73036194,7987.983398,10303.11133,62.51465225,677.2420654,11.11371613,1.736518145,34.73036194,0.003927628,861.6040039,267.097229,0.001462988,18.15081596,36301.63281,13.43160343,5.12679E-05,18291.09375,29.90665054,68.48103333,594.7155762,1361.795288,108,070801030302
621,F070801030302_101,1773.817809,72893.29998,18.00464439,4141.068359,5106.478027,32.40835953,351.0905762,5.761486053,0.900232196,18.00464439,0.00203613,446.6777954,138.4701233,0.000758451,18.01901627,36038.03516,13.33407211,5.08956E-05,9247.546875,29.9058609,66.78369904,310.5629272,693.5275879,108,070801030302
622,F070801030302_110,1901.476664,172956.0508,42.72014618,9825.633789,13230.42773,76.89626312,833.0428467,13.6704464,2.136007309,42.72014618,0.004831186,1059.86084,328.5568542,0.001799624,42.94963455,85899.26563,31.7827301,0.000121313,23056.0625,29.90542984,70.17373657,309.1500854,725.4273682,108,070801030302
623,F070801030302_118,2411.593669,308605.4526,76.22554779,17531.87695,21619.0918,137.2059937,1486.398193,24.39217567,3.81127739,76.22554779,0.008620284,1891.052002,586.2261353,0.003210971,40.67126465,81342.53125,30.096735,0.000114878,39150.96875,29.90633774,66.78475189,582.5175781,1300.837769,108,070801030302
624,F070801030302_122,2640.661939,82223.68454,20.30924988,4671.127441,5561.484863,36.55664825,396.030365,6.498960018,1.015462518,20.30924988,0.002296756,530.7333984,164.527359,0.000901175,38.28142929,76562.85938,28.32825851,0.000108128,10232.6123,28.39118958,62.19398499,164.8928528,361.2157288,108,070801030302
625,F070801030302_128,1799.770297,203521.0363,50.26969528,11562.03027,14749.12891,90.48545074,980.2590332,16.0863018,2.513484716,50.26969528,0.005684958,1247.113403,386.6051636,0.002117575,30.27770615,60555.41406,22.40550232,8.55208E-05,26311.16016,29.90655899,68.05693054,516.0352783,1174.316895,108,070801030302
626,F070801030302_130,4754.205013,118693.1334,29.31720352,6742.957031,8410.519531,52.77096558,571.6854858,9.381505013,1.465860128,29.31720352,0.003315458,727.3414307,225.4758453,0.001235012,9.84394455,19687.88867,7.284519196,2.78047E-05,15153.47656,29.90545273,67.20664978,925.6557617,2080.230225,108,070801030302
627,F070801030302_135,2523.519459,340196.3869,84.02851105,19326.55664,24927.89648,151.2513123,1638.555908,26.88912392,4.201425552,84.02851105,0.009502714,2084.664795,646.2460938,0.003539722,24.9522419,49904.48438,18.46465874,7.04788E-05,44254.45313,29.90587807,68.47925568,1046.678223,2396.711182,108,070801030302
628,F070801030302_136,2352.435194,283400.2881,69.9998703,16099.96973,21222.56055,125.9997635,1364.997437,22.39995766,3.499993563,69.9998703,0.007916227,1736.589478,538.3427124,0.002948696,50.26683426,100533.6641,37.19745636,0.000141981,37322.53125,29.90654373,69.32857513,432.8244934,1003.362488,108,070801030302
629,F070801030302_139,3808.899272,341824.2206,84.43058014,19419.0332,25872.90625,151.9750366,1646.396362,27.01778603,4.221529007,84.43058014,0.009548184,2094.609619,649.3289795,0.003556608,60.41835022,120836.7031,44.70957947,0.000170655,45291.9375,29.90630913,69.75191498,434.3371887,1013.02533,108,070801030302
630,F070801030302_143,3403.46919,374748.4888,92.56287384,21289.46094,25649.17188,166.6131744,1804.976074,29.62011909,4.628143787,92.56287384,0.010467858,2735.284668,847.9382324,0.004644462,69.62473297,139249.4688,51.52230072,0.000196658,46938.63281,25.1073246,55.35619354,413.2086487,911.0352783,108,070801030302
631,F070801030302_149,3207.34652,509674.2388,125.889534,28954.59375,38167.1875,226.6011658,2454.845947,40.28465271,6.294476509,125.889534,0.014236743,3289.896729,1019.867981,0.005586184,142.310379,284620.75,105.3096771,0.000401963,67121.78125,28.39053154,65.8141861,274.9471436,637.3752441,108,070801030302
632,F070801030302_152,8528.193346,228726.1478,56.49535751,12993.93262,16207.3877,101.6916428,1101.659424,18.0785141,2.824767828,56.49535751,0.006389013,1476.417358,457.6893921,0.002506929,102.6514664,205302.9219,75.96208191,0.000289944,29201.32031,28.39028549,63.80160904,171.058136,384.4197083,108,070801030302
633,F070801030302_157,2963.450308,343063.9099,84.73678589,19489.46094,25966.74023,152.5262146,1652.36731,27.11577225,4.236839294,84.73678589,0.009582813,2523.644043,782.3296509,0.004285101,59.28404999,118568.1016,43.8701973,0.000167451,45456.20313,24.91208267,58.10364532,444.2528687,1036.152222,108,070801030302
634,F070801030302_158,4818.041213,762209.4638,188.2657318,43301.11719,52782.18359,338.8783264,3671.181885,60.24503326,9.413286209,188.2657318,0.021290815,4670.662598,1447.905396,0.007930699,203.4868317,406973.6563,150.5802612,0.000574758,96083.29688,29.90604019,66.3602066,287.5617065,638.0869141,108,070801030302
635,F070801030302_163,2762.967175,250462.7013,61.86428833,14228.78613,18352.66016,111.3557205,1206.353638,19.79657173,3.093214512,61.86428833,0.006996181,1534.776855,475.7808228,0.002606023,61.64323044,123286.4609,45.61598969,0.000174114,32581.44531,29.90617752,68.47994995,311.925415,714.2549438,108,070801030302
636,F070801030302_182,3086.87907,137461.2712,33.95293427,7809.174805,8744.238281,61.11528015,662.0822144,10.86493874,1.697646737,33.95293427,0.003839709,936.9121704,290.4427795,0.001590859,47.5818634,95163.72656,35.21057892,0.000134397,16553.41406,26.88713646,56.99371719,221.7848969,470.1261597,108,070801030302
637,F070801030302_186,2864.056826,120048.928,29.65208435,6819.979492,7829.929688,53.37375259,578.2156372,9.488666534,1.482604265,29.65208435,0.00335333,735.6234131,228.0432587,0.001249075,7.340020657,14680.04102,5.431615353,2.07322E-05,14649.90918,29.90651703,64.2417984,1255.60791,2697.155029,108,070801030302
638,F070801030302_208,2649.331089,209673.4473,51.78934097,11911.54883,15532.66016,93.22080994,1009.892151,16.57258987,2.589467049,51.78934097,0.005856813,1284.845459,398.3020935,0.002181644,51.94183731,103883.6797,38.43695831,0.000146712,27444.20898,29.90581512,68.90299988,309.8983154,714.0057373,108,070801030302
639,F070801030302_209,2451.09713,174559.5682,43.11621475,9916.729492,12228.62109,77.60918427,840.7661743,13.79718876,2.155810833,43.11621475,0.004875977,1069.659302,331.5943909,0.001816262,52.7035141,105407.0313,39.00059891,0.000148864,22145.35156,29.90620422,66.78445435,254.2712097,567.8208008,108,070801030302
640,F070801030302_219,1590.738258,157808.8247,38.97877884,8965.119141,11309.30176,70.1618042,760.0861816,12.47320938,1.948938966,38.97877884,0.004408078,1100.031128,341.0096436,0.001867832,49.37660217,98753.20313,36.53868484,0.000139467,20274.42188,26.28992844,59.45410156,245.3596497,554.8755493,108,070801030302
641,F070801030302_222,9059.587764,285717.743,70.57228088,16231.625,14954.26758,127.0301056,1376.159424,22.58312988,3.528614044,70.57228088,0.00798096,1750.797852,542.7473145,0.002972822,219.410141,438820.2813,162.3635101,0.000619735,31185.89258,29.90641212,57.45932007,99.97089386,192.0745087,108,070801030302
642,F070801030302_223,2478.219254,181205.878,44.75785065,10294.30566,12256.49023,80.56413269,872.7780762,14.32251263,2.237892628,44.75785065,0.005061628,1110.391846,344.2214661,0.001885425,23.18299294,46365.98438,17.15541458,6.54815E-05,22550.79688,29.90605354,65.51246643,600.0615845,1314.500244,108,070801030302
643,F070801030302_238,3052.03747,555623.2082,137.2389374,31564.95508,38476.30469,247.0300903,2676.15918,43.91645813,6.86194706,137.2389374,0.015520237,3787.102295,1174.001709,0.006430429,116.501236,233002.4688,86.21091461,0.000329063,70041.25781,26.88663483,59.66027069,366.1364136,812.4407349,108,070801030302
644,F070801030302_240,2361.685658,310458.0996,76.68315125,17637.125,23748.76953,138.0296783,1495.321411,24.53860855,3.834157467,76.68315125,0.008672033,2283.812012,707.9817505,0.003877871,43.84973526,87699.47656,32.44880295,0.000123856,41385.89453,24.91183472,58.4561615,543.5369873,1275.421265,108,070801030302
645,F070801030302_241,3906.465648,583919.9653,144.2282257,33172.49219,44667.48047,259.6108093,2812.450439,46.1530304,7.211411476,144.2282257,0.016310649,4295.457031,1331.591675,0.007293606,60.50202942,121004.0547,44.77150345,0.000170891,77839.96875,24.91191101,58.45633316,740.9287109,1738.605225,108,070801030302
646,F070801030302_247,1634.513412,92740.6066,22.90692902,5268.59375,6944.92041,41.23247147,446.6851196,7.330217361,1.145346403,22.90692902,0.002590525,568.2940063,176.1711426,0.000964953,12.53143787,25062.875,9.273263931,3.53957E-05,12213.51367,29.90611076,69.3275528,568.1488037,1317.067383,108,070801030302
647,F070801030302_262,3111.794224,267715.4998,66.12572479,15208.91699,19401.28906,119.0263062,1289.45166,21.16023254,3.306286335,66.12572479,0.007478103,1640.499634,508.5549011,0.002785538,41.77356339,83547.125,30.91243744,0.000117991,34610.20703,29.9061451,68.05599213,491.999939,1119.620728,108,070801030302
648,F070801030302_263,4841.45142,301810.7538,74.54725647,17145.86914,21629.13867,134.1850586,1453.671509,23.85512161,3.727362871,74.54725647,0.008430487,1849.43689,573.3254395,0.00314031,73.59966278,147199.3281,54.46374893,0.000207886,38775.00781,29.90599823,67.63175964,314.8125,711.9415894,108,070801030302
649,F070801030302_270,9677.068366,503620.6305,124.3942947,28610.6875,27575.72461,223.909729,2425.688721,39.80617523,6.219714642,124.3942947,0.014067647,3633.319336,1126.328979,0.006169309,55.45510864,110910.2188,41.03678131,0.000156636,56186.41406,25.40171432,49.88454819,697.196167,1369.171997,108,070801030302
650,F070801030302_272,2372.646259,286556.4399,70.77944183,16279.27148,20074.4668,127.4029922,1380.199097,22.64942169,3.538972139,70.77944183,0.008004388,1755.939819,544.3413696,0.002981553,70.43322754,140866.4531,52.12059021,0.000198942,36353.73828,29.90636444,66.78481293,312.3385925,697.4928589,108,070801030302
651,F070801030303_3,3242.381538,549308.1151,135.6791077,31206.19531,37596.67578,244.2223969,2645.742676,43.41731262,6.783955574,135.6791077,0.015343837,4009.385498,1242.909546,0.006807862,31.62104988,63242.09766,23.39957619,8.93152E-05,68802.875,25.10737419,55.35630035,1333.622192,2940.347168,108,070801030303
652,F070801030303_4,2205.976584,277483.7997,68.53849792,15763.85449,21002.9375,123.3692932,1336.500732,21.93231964,3.426924944,68.53849792,0.007750961,1700.374268,527.1160278,0.002887204,39.21765137,78435.29688,29.02106285,0.000110772,36766.79297,29.90585327,69.75085449,543.1866455,1266.900269,108,070801030303
653,F070801030303_8,776.4306462,32802.95395,8.102329254,1863.535767,2509.291748,14.58419228,157.9954224,2.592745304,0.405116469,8.102329254,0.000916286,184.2182007,57.10764313,0.000312799,1.821458936,3642.917725,1.347879648,5.1448E-06,4372.827637,32.63198471,76.57167053,1382.568359,3244.227051,108,070801030303
654,F070801030303_11,3088.658047,272984.3533,67.42713165,15508.24023,19563.31055,121.3688354,1314.829102,21.57668304,3.371356487,67.42713165,0.007625278,1672.782471,518.562561,0.002840354,71.70735168,143414.7031,53.06343842,0.000202541,35071.55078,29.90620804,67.63224792,292.2584839,660.9362793,108,070801030303
655,F070801030303_12,6734.034544,279138.1993,68.94713593,15857.84082,17082.34375,124.1048431,1344.469116,22.06308365,3.447356701,68.94713593,0.007797174,1710.498291,530.2544556,0.002904394,219.7626953,439525.4063,162.6243896,0.00062073,32940.18359,29.9060955,62.12146378,97.5120697,202.553772,108,070801030303
656,F070801030303_16,7681.42466,266506.5399,65.82711792,15140.2373,19099.08203,118.4888153,1283.628784,21.06467819,3.291355848,65.82711792,0.007444334,1496.672241,463.9683838,0.002541322,85.19963074,170399.2656,63.04772568,0.00024065,34239.32031,32.63204575,73.79666901,240.1393127,543.0698853,108,070801030303
657,F070801030303_21,2761.412097,71254.24695,17.5997982,4047.953613,4360.525879,31.679636,343.1960754,5.631935596,0.879989922,17.5997982,0.001990346,483.1434021,149.7744598,0.000820369,38.75245667,77504.91406,28.67681885,0.000109458,8408.479492,27.02699471,56.14094543,141.1576996,293.21521,108,070801030303
658,F070801030303_28,3060.797703,282601.0834,69.80246735,16054.56738,20480.04297,125.6444397,1361.148071,22.33679008,3.490123272,69.80246735,0.007893903,1731.732178,536.8369751,0.002940449,85.49044037,170980.8906,63.26292419,0.000241472,36534.60938,29.90585327,68.05531311,253.7752991,577.5042725,108,070801030303
659,F070801030303_29,1814.144807,202203.8343,49.94434738,11487.2002,14979.30859,89.89982605,973.9147949,15.98219109,2.497217417,49.94434738,0.005648165,1239.040527,384.1025696,0.002103868,40.48861694,80977.23438,29.96157646,0.000114362,26466.50781,29.90659523,68.90479279,383.3977356,883.3483276,108,070801030303
660,F070801030303_34,2429.671038,323845.3283,79.9897995,18397.6543,24512.07227,143.9816437,1559.801147,25.596735,3.999490023,79.9897995,0.00904598,1984.463989,615.1838379,0.003369583,53.79624176,107592.4844,39.80921936,0.00015195,42909.72656,29.90594482,69.75106049,462.1455688,1077.884155,108,070801030303
661,F070801030303_35,3471.985555,449468.726,111.0187759,25534.31836,32210.98828,199.8338013,2164.866211,35.52600861,5.550938606,111.0187759,0.012555021,2754.236328,853.8132324,0.004676642,106.0491714,212098.3281,78.47638702,0.000299541,57745.30469,29.90620995,67.6322403,325.375824,735.8303223,108,070801030303
662,F070801030303_38,2432.501634,327147.2436,80.80536652,18585.23438,24235.14648,145.4496613,1575.70459,25.85771751,4.040268421,80.80536652,0.009138212,2004.663452,621.4456787,0.003403881,55.79087448,111581.7422,41.2852478,0.000157584,42820.38281,29.90645027,68.90446472,450.1664734,1037.183594,108,070801030303
663,F070801030303_44,2784.943499,235348.4164,58.13105774,13370.14355,14781.56641,104.6359024,1133.555664,18.60193825,2.906552792,58.13105774,0.006573993,1442.176147,447.0746155,0.002448788,110.7168732,221433.75,81.93048859,0.000312725,28151.71094,29.90584373,62.96870804,163.1888733,343.6048279,108,070801030303
664,F070801030303_51,1161.148873,41639.49901,10.28495598,2365.539795,3051.135254,18.51292038,200.5566406,3.291185856,0.514247775,10.28495598,0.001163117,306.3118286,94.95666504,0.000520112,5.073430061,10146.85938,3.754338264,1.43301E-05,5416.674805,24.91178322,57.04365158,630.081665,1442.777466,108,070801030303
665,F070801030303_52,1156.698734,80461.26281,19.87393188,4571.004395,5895.800781,35.77307892,387.541687,6.359658241,0.99369657,19.87393188,0.002247526,560.8571167,173.8657074,0.000952325,17.76966476,35539.32813,13.14955235,5.01913E-05,10466.80469,26.29043198,60.20051193,347.6167297,795.9818115,108,070801030303
666,F070801030303_61,4049.75958,123662.2644,30.54457855,7025.25293,7966.026367,54.98023987,595.6192627,9.774265289,1.527228951,30.54457855,0.003454261,757.7781982,234.9112396,0.001286693,64.63908386,129278.1719,47.83292389,0.000182576,14991.2793,29.90598869,63.81678009,146.8706512,313.4092102,108,070801030303
667,F070801030303_62,1236.563045,83482.69887,20.62022591,4742.651855,5982.751465,37.11640549,402.0943909,6.598472118,1.031011343,20.62022591,0.002331924,511.5875244,158.5921326,0.000868666,16.84857368,33697.14844,12.46794415,4.75896E-05,10725.40332,29.90471077,67.62884521,380.3876343,860.2383423,108,070801030303
668,F070801030303_63,2168.873255,270891.701,66.9102478,15389.35742,20285.84961,120.438446,1304.749878,21.41127968,3.34551239,66.9102478,0.007566824,1659.962158,514.5882568,0.002818585,83.98956299,167979.125,62.15227509,0.000237233,35675.20703,29.90615654,69.32767487,247.6072998,573.9968262,108,070801030303
669,F070801030303_64,3088.630472,140743.1747,34.76356506,7995.620117,10879.60547,62.57441711,677.8895264,11.12434101,1.738178253,34.76356506,0.003931383,862.4210205,267.3505249,0.001464375,14.44799042,28895.98047,10.69151306,4.0809E-05,18875.22656,29.90687943,70.6010437,747.8474121,1765.440186,108,070801030303
670,F070801030303_70,3062.179075,283508.1134,70.02650452,16106.0957,21230.63477,126.0477066,1365.516846,22.4084816,3.50132513,70.02650452,0.007919239,1737.258667,538.5501709,0.002949833,50.91427612,101828.5547,37.67656326,0.00014381,37336.73047,29.90639877,69.32823181,427.4831543,990.9802856,108,070801030303
671,F070801030303_72,1770.744814,179207.8177,44.26433182,10180.7959,13708.66211,79.67579651,863.15448,14.16458607,2.213216543,44.26433182,0.005005816,1098.162354,340.4303284,0.001864659,19.59904671,39198.09375,14.50329494,5.53585E-05,23889.45703,29.90566635,70.17429352,701.9643555,1647.174438,108,070801030303
672,F070801030303_73,1017.418467,36222.1644,8.946874619,2057.78125,2770.847168,16.10437393,174.4640503,2.862999916,0.447343737,8.946874619,0.001011795,221.9531555,68.80548096,0.000376872,2.61727953,5234.559082,1.93678689,7.39263E-06,4828.628418,29.90722847,70.17796326,1062.47168,2493.113037,108,070801030303
673,F070801030303_92,6931.611673,262714.3078,64.89043427,14924.7998,15442.62402,116.8027802,1265.363525,20.76493835,3.244521618,64.89043427,0.007338405,1831.275146,567.6953125,0.003109471,210.5210266,421042.0625,155.785553,0.000594627,30367.42383,26.29015923,53.49246979,95.80348969,194.9309387,108,070801030303
674,F070801030303_97,2408.854186,314364.1787,77.64794922,17859.02734,21769.37891,139.7663116,1514.13501,24.84734344,3.882397413,77.64794922,0.008781142,1926.332397,597.1630249,0.003270877,22.19780922,44395.61719,16.42637825,6.26988E-05,39628.40625,29.90645218,66.36112213,1087.216431,2412.48584,108,070801030303
675,F070801030303_98,6675.566459,244055.2708,60.28165054,13864.7793,15524.93652,108.5069733,1175.492188,19.29012871,3.014082432,60.28165054,0.006817202,1495.520996,463.6115112,0.002539367,22.21863747,44437.27344,16.44179153,6.27576E-05,29389.71484,29.90602875,63.39297867,843.2645264,1787.500732,108,070801030303
676,F070801030303_100,8351.272982,266739.1769,65.88457489,15153.45215,16108.77832,118.5922318,1284.749268,21.08306313,3.294228792,65.88457489,0.007450832,1634.530884,506.7045593,0.002775403,37.58768845,75175.375,27.81488991,0.000106168,31262.23047,29.90589333,61.697155,544.7963867,1123.938721,108,070801030303
677,F070801030303_103,3392.401022,109739.0184,27.10553741,6234.273438,5478.571289,48.78996658,528.5579834,8.673771858,1.355276823,27.10553741,0.003065343,672.444458,208.4577789,0.001141798,94.0016098,188003.2188,69.56118774,0.000265512,11712.84473,29.90664864,56.18809128,89.6228714,168.381897,108,070801030303
678,F070801030303_109,2376.936962,292011.5519,72.12685394,16589.17578,19516.08398,129.8283386,1406.473633,23.08059311,3.606342793,72.12685394,0.008156766,1884.900635,584.3192139,0.003200526,68.24358368,136487.1563,50.50025177,0.000192757,36105.25781,28.39060402,61.79029846,328.4968872,714.9520264,108,070801030303
679,F070801030303_110,8111.260322,291658.9993,72.03977203,16569.14844,17613.72461,129.6715851,1404.775513,23.05272675,3.601988554,72.03977203,0.008146917,1916.61438,594.1504517,0.003254376,159.473175,318946.3438,118.0101471,0.00045044,34182.875,27.88712502,57.53235626,140.4044342,289.6604614,108,070801030303
680,F070801030303_113,3894.291351,581691.6292,143.6778259,33045.89844,41686.68359,258.6200867,2801.717529,45.97690582,7.183891296,143.6778259,0.016248405,3754.779297,1163.981567,0.006375546,178.3770447,356754.0625,131.9990082,0.000503835,74732.57813,28.39039612,64.20426178,250.3495941,566.1601563,108,070801030303
681,F070801030303_126,2774.352506,230327.3856,56.89086533,13084.89941,17248.17578,102.4035568,1109.371826,18.20507622,2.844543219,56.89086533,0.006433741,1569.903076,486.6699524,0.002665666,58.09033585,116180.6719,42.98684692,0.000164079,30333.07422,26.88659859,62.32781219,304.3930969,705.6361694,108,070801030303
682,F070801030303_128,2389.564637,123246.7226,30.44194031,7001.646484,9229.386719,54.79549408,593.6178589,9.741420746,1.522096992,30.44194031,0.003442654,755.2321167,234.1219635,0.00128237,23.11696625,46233.92969,17.10655594,6.5295E-05,16231.0332,29.90597916,69.32725525,409.2960815,948.819458,108,070801030303
683,F070801030303_131,6017.293964,659144.6659,162.8087311,37446.00781,45114.30078,293.0557251,3174.770264,52.09879303,8.140436172,162.8087311,0.018411905,4039.090332,1252.118042,0.006858301,251.6178284,503235.6563,186.1971893,0.000710707,82560.3125,29.90613174,65.93652344,201.1094208,443.4025574,108,070801030303
684,F070801030303_134,3323.941452,457619.4243,113.0319977,25997.35938,34269.04297,203.4575958,2204.124023,36.17023849,5.651599884,113.0319977,0.012782695,2804.179932,869.2957764,0.004761445,73.35227966,146704.5625,54.28068542,0.000207187,60266.40234,29.90622902,69.32784271,478.9430847,1110.273438,108,070801030303
685,F070801030303_145,5339.147318,180640.0481,44.61809158,10262.16113,12800.03809,80.31256104,870.0527954,14.27778912,2.230904579,44.61809158,0.005045823,1166.009399,361.4629211,0.001979862,52.25308609,104506.1719,38.6672821,0.000147591,23062.19922,28.39063263,63.80239105,265.3964844,596.4266968,108,070801030303
686,F070801030303_146,2294.88414,239604.645,59.18234634,13611.93945,16785.29883,106.5282211,1154.055786,18.93835068,2.959117413,59.18234634,0.006692882,1468.260864,455.1608582,0.00249308,94.28752899,188575.0469,69.77277374,0.00026632,30397.23828,29.90577698,66.7835083,195.0895538,435.6604614,108,070801030303
687,F070801030303_148,6442.863863,274219.0873,67.7321167,15578.38672,19210.18359,121.9178085,1320.776245,21.67427826,3.38660574,67.7321167,0.007659769,1770.062012,548.7192383,0.003005533,91.71302032,183426.0469,67.86763763,0.000259048,34788.57031,28.39045143,63.39958191,229.5407257,512.5943604,108,070801030303
688,F070801030303_149,1601.995991,160930.3054,39.74978638,9142.451172,11662.58594,71.54961395,775.1208496,12.7199316,1.987489343,39.74978638,0.00449527,1038.813232,322.0321045,0.001763886,40.49669647,80993.39063,29.967556,0.000114385,20805.03711,28.38987541,64.60547638,305.0783081,694.2520752,108,070801030303
689,F070801030303_150,5758.020767,273413.946,67.53324127,15532.64551,20034.41211,121.5598373,1316.898193,21.61063766,3.376662016,67.53324127,0.007637278,1675.423096,519.3811646,0.002844837,59.17946243,118358.9219,43.7928009,0.000167155,35567.05859,29.90606308,68.47968292,354.684906,812.1668091,108,070801030303
690,F070801030303_151,3759.634,139471.4909,34.44945908,7923.375488,9995.166016,62.00902557,671.7644653,11.0238266,1.722472906,34.44945908,0.003895861,854.6539307,264.9427185,0.001451186,44.01335144,88026.70313,32.56988144,0.000124318,17918.54102,29.90599442,67.63175201,243.2730865,550.1567993,108,070801030303
691,F070801030303_156,2289.743009,74552.14205,18.41437912,4235.307129,4982.562012,33.14588165,359.0803833,5.89260149,0.920718968,18.41437912,0.002082467,456.8282776,141.6167603,0.000775686,33.28268814,66565.375,24.62918854,9.40086E-05,9217.869141,29.9068203,65.09024048,171.9629211,374.2660522,108,070801030303
692,F070801030303_157,2744.094423,236585.3445,58.43658066,13440.41309,16573.7832,105.1858444,1139.513306,18.69970512,2.921828985,58.43658066,0.006608544,1449.745117,449.42099,0.00246164,88.71751404,177435.0313,65.65096283,0.000250587,30014.19531,29.90606499,66.78414154,204.725296,457.1782837,108,070801030303
693,F070801030303_158,1241.198525,52525.42886,12.97378063,2983.969482,3806.506836,23.35280609,252.9887238,4.151609898,0.648689032,12.97378063,0.001467194,321.8772278,99.78194427,0.000546542,7.948630333,15897.25977,5.881986618,2.24513E-05,6790.476563,29.90490341,68.05316162,507.3063965,1154.452881,108,070801030303
694,F070801030303_166,11464.18293,494381.3938,122.1122055,28085.80664,29060.26172,219.8019714,2381.187988,39.07590485,6.105610371,122.1122055,0.013809567,3029.445313,939.1280518,0.005143942,344.6567078,689313.4375,255.0459595,0.0009735,57146.07031,29.90625954,60.8501358,110.1205673,224.0618591,108,070801030303
695,F070801030303_173,1861.402336,48430.57128,11.96235085,2751.340576,2456.827148,21.53223228,233.2658386,3.827952385,0.59811753,11.96235085,0.001352812,356.2689209,110.443367,0.000604938,46.42428589,92848.57031,34.35397339,0.000131128,5208.167969,24.9117775,47.15690994,80.08798981,151.6030731,108,070801030303
696,F070801030303_176,3257.656278,107143.8462,26.46453094,6086.842285,6211.754395,47.63615417,516.0583496,8.468649864,1.323226571,26.46453094,0.002992852,782.0209961,242.4265137,0.001327857,92.25122833,184502.4531,68.26590729,0.000260568,12298.59668,25.10798836,50.7312355,89.16371918,180.1572266,108,070801030303
697,F070801030303_180,3220.738268,650182.377,160.595047,36936.85938,44500.88672,289.0710754,3131.603516,51.39041519,8.029752731,160.595047,0.018161559,3984.164307,1235.090942,0.006765037,177.5215607,355043.0938,131.3659515,0.000501418,81437.75,29.90618515,65.93664551,281.175293,619.9304199,108,070801030303
698,F070801030303_181,8287.528564,421106.1253,104.0132141,23923.03906,30517.47656,187.2237854,2028.25769,33.28422928,5.200660706,104.0132141,0.011762768,2718.220215,842.6482544,0.004615488,118.8766022,237753.2031,87.96868896,0.000335773,54440.51563,28.39030266,64.60645294,271.9494934,618.8624268,108,070801030303
699,F070801030303_185,12598.37886,463627.7468,114.5160522,26338.69141,23519.30469,206.128891,2233.062988,36.64513779,5.725802422,114.5160522,0.012950525,2841.023438,880.7172852,0.004824005,367.9789429,735957.875,272.3044128,0.001039374,49857.99609,29.90595436,56.610672,96.72517395,183.0965424,108,070801030303
700,F070801030303_186,6202.341196,286082.0329,70.66226196,16252.32031,16355.48535,127.19207,1377.914063,22.61192322,3.533113003,70.66226196,0.007991136,2088.104004,647.3122559,0.003545562,252.7881317,505576.2813,187.0632172,0.000714012,32607.80469,25.10738945,50.37414932,86.88143158,174.3143616,108,070801030303
701,F070801030303_197,2804.920239,481982.989,119.0497971,27381.45313,34541.10938,214.2896423,2321.470947,38.09593582,5.952489853,119.0497971,0.013463242,3285.166504,1018.401611,0.005578152,127.8081512,255616.3125,94.57803345,0.000361,61922.5625,26.88669395,60.80367661,289.5117493,654.7245483,108,070801030303
702,F070801030303_200,896.1358642,44571.46416,11.00915146,2532.104736,3158.304932,19.81647301,214.6784515,3.522928476,0.550457597,11.00915146,0.001245016,287.7226868,89.19403076,0.000488548,6.772186279,13544.37305,5.011417866,1.91284E-05,5690.409668,28.38872337,63.79809952,505.2671204,1135.489014,108,070801030303
703,F070801030303_201,6922.09092,278174.8109,68.70917511,15803.11035,18815.32227,123.6765137,1339.828857,21.98693657,3.43545866,68.70917511,0.007770263,1704.590942,528.4232178,0.002894364,112.1394196,224278.8438,82.98316956,0.000316743,34618.43359,29.90616226,65.51270294,190.4375305,417.1741638,108,070801030303
704,F070801030303_203,1818.92227,185086.8906,45.71646118,10514.78613,13413.21094,82.28962708,891.4710083,14.62926769,2.285823107,45.71646118,0.005170037,1134.183472,351.5968628,0.001925822,22.18449783,44368.99609,16.4165287,6.26612E-05,23927.99609,29.90580177,68.0552063,640.5,1457.555176,108,070801030303
705,F070801030303_204,12180.97645,510714.3188,126.1464386,29013.68164,36600.12891,227.0635834,2459.855469,40.36685944,6.307322025,126.1464386,0.014265795,3296.621094,1021.952515,0.005597601,171.3028259,342605.6563,126.7640915,0.000483853,65613.8125,28.39043999,64.20436859,228.8793335,517.6056519,108,070801030303
706,F070801030303_220,3185.929618,636965.1989,157.3303986,36185.99219,47699.42969,283.1947021,3067.942871,50.34572601,7.866519928,157.3303986,0.017792363,3903.18335,1209.986816,0.006627533,81.88427734,163768.5625,60.59436417,0.000231286,83885.42188,29.90610504,69.3275528,597.1841431,1384.376587,108,070801030303
707,F070801030303_225,5411.792312,494399.2113,122.1166077,28086.82031,33440.41016,219.8098907,2381.273926,39.07731628,6.105830193,122.1166077,0.013810066,3248.878418,1007.152283,0.005516535,108.8867111,217773.4219,80.57616425,0.000307556,61527.23047,27.88736153,61.09029388,348.5747986,763.5909424,108,070801030303
708,F070801030303_226,2224.083221,282804.6806,69.85275269,16066.13281,20267.08008,125.7349548,1362.128662,22.35288048,3.492637634,69.85275269,0.00789959,1732.957031,537.2166748,0.002942529,64.35038757,128700.7734,47.61928558,0.000181761,36333.21094,29.90624428,67.63232422,337.3871155,762.9935913,108,070801030303
709,F070801030303_232,3217.599947,647935.8387,160.0401459,36809.23438,49042.70313,288.0722656,3120.782959,51.21284485,8.002007484,160.0401459,0.018098807,4416.332031,1369.062988,0.00749885,81.13538361,162270.7656,60.04018402,0.000229171,85851.9375,26.88644409,62.70853806,613.0766602,1429.907959,108,070801030303
710,F070801030303_238,2874.304551,298276.5128,73.67430115,16945.08984,22096.39648,132.613739,1436.648926,23.57577705,3.683715105,73.67430115,0.008331765,1827.772339,566.609436,0.003103524,71.20354462,142407.0781,52.69062424,0.000201118,39041.48438,29.9061203,68.90369415,321.5959167,740.9569702,108,070801030303
711,F070801030303_242,4311.581856,139962.2738,34.57068253,7951.256836,10030.33984,62.22723007,674.1282959,11.06261826,1.728534102,34.57068253,0.00390957,975.6277466,302.4446106,0.001656598,44.1539917,88307.98438,32.67395401,0.000124715,17981.59766,26.28996086,59.45418549,243.351532,550.3342896,108,070801030303
712,F070801030303_243,2462.540326,241741.5322,59.7101593,13733.33691,17908.27148,107.4782867,1164.348145,19.10725021,2.985507965,59.7101593,0.006752572,1481.331787,459.2128601,0.002515274,13.44422913,26888.45898,9.948729515,3.79739E-05,31641.60938,29.90625572,68.90401459,1380.411133,3180.467285,108,070801030301
713,F070801030303_246,1979.800823,198271.817,48.9731369,11263.82129,14049.41504,88.15164948,954.9761963,15.67140388,2.448656797,48.9731369,0.005538331,1214.958374,376.637085,0.002062977,43.01966858,86039.33594,31.83455467,0.000121511,25313.23633,29.90629959,67.20855713,353.8237305,795.1497192,108,070801030303
714,F070801030303_247,2068.937713,154022.2473,38.04349518,8750.003906,11161.96289,68.47829437,741.8481445,12.17391872,1.902174711,38.04349518,0.004302307,943.8064575,292.5800171,0.001602566,23.66802025,47336.04297,17.51433563,6.68515E-05,19911.9668,29.90636253,68.05648041,499.5909729,1136.895386,108,070801030303
715,F070801030303_248,2576.431667,291648.5392,72.03718567,16568.55273,20666.03125,129.6669312,1404.725098,23.05189896,3.601859331,72.03718567,0.008146625,1787.164673,554.0210571,0.003034573,63.16217422,126324.3438,46.74000931,0.000178405,37234.58594,29.90599823,67.20788574,354.4833069,796.631958,108,070801030303
716,F070801030303_251,3677.628043,445601.7157,110.0636215,25314.63281,33010.28516,198.1145172,2146.240723,35.2203598,5.503180981,110.0636215,0.012447003,2730.548828,846.4701538,0.004636421,91.62415314,183248.3125,67.80187225,0.000258797,58324.91797,29.90611458,68.90369415,373.3618469,860.225769,108,070801030303
717,F070801030303_267,2166.073084,239963.7573,59.2710495,13632.3418,17390.125,106.6878891,1155.785522,18.96673584,2.963552475,59.2710495,0.006702913,1635.606323,507.0379639,0.002777229,73.8404541,147680.9063,54.64193726,0.000208566,31022.4668,26.88623428,61.18371582,249.4849701,567.7409668,108,070801030303
718,F070801030303_271,2301.582207,75959.15505,18.76191139,4315.239746,5076.598145,33.7714386,365.8572693,6.003811836,0.93809557,18.76191139,0.002121769,558.7601929,173.2156525,0.000948764,28.26279068,56525.58203,20.91446495,7.98296E-05,9391.837891,24.91252708,54.22049332,206.3280029,449.0594482,108,070801030303
719,F070801030303_275,2563.207605,397237.6924,98.1177063,22567.07227,29107.59961,176.6118774,1913.295288,31.39766693,4.90588522,98.1177063,0.01109605,2434.188232,754.5983276,0.004133206,85.11540985,170230.8125,62.98540497,0.000240413,51674.67188,29.90607262,68.47970581,358.2904968,820.4229736,108,070801030303
720,F070801030303_279,1485.286671,118251.4369,29.20810509,6717.864258,7998.347168,52.57458878,569.5580444,9.346593857,1.460405231,29.20810509,0.00330312,824.2895508,255.5297546,0.001399628,26.13984871,52279.69922,19.34348869,7.38333E-05,14716.21094,26.28994942,57.59098816,347.2933044,760.7836914,108,070801030303
721,F070801030303_292,6026.822012,219706.4416,54.26749039,12481.52246,13091.49023,97.68148041,1058.216064,17.36559677,2.713374615,54.26749039,0.006137065,1346.323975,417.3604431,0.002286033,136.8638,273727.5938,101.279213,0.000386578,25573.01172,29.90585899,61.2732048,123.238739,252.5001068,108,070801030303
722,F070801030303_299,1807.099046,134349.1716,33.18424606,7632.376465,9844.438477,59.73164368,647.0927734,10.61895847,1.659212351,33.18424606,0.003752779,823.2401123,255.2044373,0.001397846,32.79219437,65584.39063,24.26622391,9.26231E-05,17476.81445,29.90691185,68.48162079,314.5267334,720.2115479,108,070801030303
723,F070801030303_331,3254.032763,466546.277,115.2369308,26504.49414,31556.48047,207.4264832,2247.120117,36.87581635,5.761846542,115.2369308,0.013032048,3065.81543,950.402771,0.005205698,139.5665741,279133.1563,103.2792664,0.000394213,58060.97656,27.88764381,61.09091568,256.6293945,562.1745605,108,070801030303
724,F070801030303_332,2371.100041,286657.3125,70.80435944,16285.00293,18004.13086,127.4478455,1380.685059,22.65739441,3.540217876,70.80435944,0.008007206,1756.593018,544.5438232,0.002982662,85.78902435,171578.0469,63.48387909,0.000242315,34289.13281,29.90577126,62.96854782,256.5218506,540.1234741,108,070801030303
725,F070801030303_340,2067.847944,54578.06351,13.48078156,3100.579834,3208.156982,24.26540756,262.8752441,4.313849926,0.674039066,13.48078156,0.00152453,334.4518433,103.680069,0.000567893,32.47532272,64950.64844,24.03173828,9.17281E-05,6308.736816,29.9052639,60.84811401,129.0202026,262.5168762,108,070801030303
726,F070801030303_344,2432.149785,37686.37649,9.308534622,2140.962891,1881.44104,16.75536156,181.5164185,2.978731155,0.465426743,9.308534622,0.001052694,243.2715759,75.4141922,0.000413071,5.59148407,11182.96777,4.137698174,1.57934E-05,4022.403809,28.38938904,53.33749008,517.4284668,972.1356201,108,070801030303
727,F070801030303_354,2000.454514,152256.4961,37.60735321,8649.691406,10666.19922,67.6932373,733.3433838,12.03435326,1.880367637,37.60735321,0.004252984,932.9844971,289.2251892,0.00158419,34.84144592,69682.89063,25.78266907,9.84113E-05,19315.89063,29.90642548,66.78495026,335.4847107,749.1812134,108,070801030303
728,F070801030303_358,1627.761387,138466.4132,34.20120239,7866.276367,9142.666016,61.56216431,666.9234619,10.94438457,1.71006012,34.20120239,0.003867785,848.4987793,263.0346069,0.001440735,83.05950928,166119.0156,61.46403503,0.000234606,17008.94141,29.9058609,64.66426849,127.9817734,276.7299805,108,070801030303
729,F070801030303_359,2581.172482,175406.2446,43.32534409,9964.829102,12711.65527,77.98561859,844.8442383,13.86410999,2.166267157,43.32534409,0.004899627,1074.844727,333.2018738,0.001825067,31.60937119,63218.74219,23.39093399,8.92822E-05,22676.48438,29.90628242,68.05628967,426.0124512,969.4561157,108,070801030303
730,F070801030303_365,957.5933829,51811.24618,12.79737759,2943.396729,3754.750488,23.03528023,249.5488586,4.095160961,0.639868855,12.79737759,0.001447245,378.1588745,117.229248,0.000642107,19.5351696,39070.33594,14.45602512,5.5178E-05,6698.147461,25.10803986,57.13716888,203.6103821,463.346405,108,070801030303
731,F070801030303_366,1154.151197,49688.72018,12.2731142,2822.816162,2560.662109,22.09160614,239.3257294,3.927396536,0.613655686,12.2731142,0.001387956,338.659668,104.9844971,0.000575038,41.59352112,83187.03906,30.77920532,0.000117483,5383.478516,26.88793373,51.27879333,91.71179199,174.9063568,108,070801030303
732,F070801030303_375,913.6894748,46114.52904,11.39028835,2619.766357,3416.175537,20.50251961,222.1106262,3.644892216,0.569514394,11.39028835,0.001288118,282.5870667,87.60198975,0.000479828,7.886179924,15772.35938,5.835772991,2.22749E-05,6035.941895,29.90532875,68.90187836,448.9150696,1034.300293,108,070801030303
733,F070801030303_377,3134.967005,124801.3293,30.82592773,7089.963379,7737.925293,55.48667145,601.1055908,9.864296913,1.541296363,30.82592773,0.003486078,764.7329712,237.067215,0.001298502,11.4111433,22822.28711,8.444246292,3.22313E-05,14827.88867,29.90697479,62.54719162,839.6206055,1755.975342,108,070801030303
734,F070801030303_385,3477.817162,612424.591,151.2688751,34791.83984,45368.5625,272.2839661,2949.743164,48.40604019,7.563443661,151.2688751,0.01710687,3752.806152,1163.369873,0.006372195,120.5012817,241002.5625,89.17095184,0.000340362,80160.40625,29.90608597,68.90362549,390.170105,898.9520264,108,070801030303
735,F070801030303_400,3565.283636,108765.7752,26.86514664,6178.983887,7794.654297,48.35726547,523.8703613,8.596846581,1.343257308,26.86514664,0.003038157,666.4944458,206.6132813,0.001131695,36.16391754,72327.83594,26.76129913,0.000102147,13973.63867,29.90603447,67.6318512,230.8925171,522.1584473,108,070801030303
736,F070801030303_406,12900.44845,536052.3047,132.4049225,30453.13281,35394.48438,238.3288574,2581.895996,42.3695755,6.620245934,132.4049225,0.014973562,3284.822266,1018.294922,0.005577567,160.0562286,320112.4688,118.4416122,0.000452087,65847.61719,29.90600395,64.6645813,257.1151428,555.9500122,108,070801030303
737,F070801030303_408,2745.726588,474456.1164,117.1906586,26953.85156,35147.82422,210.9431915,2285.217773,37.50101089,5.859532833,117.1906586,0.013252994,3463.012695,1073.533936,0.005880131,29.24408722,58488.17578,21.640625,8.26013E-05,62101.67578,25.10759163,57.84789276,1245.520996,2869.68042,108,070801030303
738,F070801030303_418,3431.017809,125584.8582,31.01946068,7134.476074,8393.244141,55.8350296,604.8794556,9.92622757,1.550973058,31.01946068,0.003507965,825.2582397,255.8300476,0.001401273,65.47486115,130949.7266,48.45139694,0.000184937,15527.7207,27.8875618,60.69545364,147.2501678,320.4803467,108,070801030303
739,F070801030303_419,11545.12455,421150.4714,104.0241699,23925.55859,20686.24609,187.2434998,2028.471313,33.28773499,5.201208591,104.0241699,0.011764007,2767.53833,857.9368896,0.004699229,386.0679016,772135.8125,285.6902466,0.001090467,44611.80469,27.88731766,51.9989357,83.74649811,156.1544495,108,070801030303
740,F070801030303_421,6128.644851,1150822.522,284.2531738,65378.23047,73206.5625,511.6557007,5542.937012,90.96101379,14.21265888,284.2531738,0.032145955,7428.492188,2302.83252,0.012613442,579.3093872,1158618.75,428.6889343,0.001636287,138584.7969,28.39035416,60.18014526,152.5073853,323.2758789,108,070801030303
741,F070801030303_433,2917.705568,520021.5637,128.4453278,29542.42578,36848.39453,231.2015839,2504.683838,41.10250473,6.422266483,128.4453278,0.014525775,3544.463135,1098.783569,0.006018433,120.5090179,241018.0313,89.17667389,0.000340384,66390.82031,26.88648224,60.4221077,331.2797546,744.4863892,108,070801030303
742,F070801030303_435,2887.37407,383254.796,94.6639328,21772.70508,29008.81641,170.3950806,1845.946655,30.29245758,4.733196735,94.6639328,0.010705465,2473.884766,766.9042969,0.004200611,55.56258011,111125.1641,41.11631012,0.000156939,50781.52344,28.39038086,66.21624756,529.5393677,1235.070068,108,070801030303
743,F070801030303_446,2195.538296,262230.8767,64.77102661,14897.33594,20270.74023,116.5878448,1263.035034,20.72672844,3.238551378,64.77102661,0.007324901,1827.928467,566.6578369,0.003103789,42.750103,85500.20313,31.63507652,0.00012075,35168.07813,26.28982544,62.06228256,470.9119568,1111.679932,108,070801030303
744,F070801030303_449,1516.563502,99067.83578,24.46975517,5628.043457,7498.511719,44.04555893,477.1602173,7.830321789,1.223487735,24.46975517,0.002767264,639.4650879,198.2341766,0.0010858,16.61367989,33227.36328,12.2941227,4.69261E-05,13126.55469,28.3908844,66.21741486,457.7832642,1067.709717,108,070801030303
745,F070801030303_463,5836.213003,213206.2309,52.66193771,12112.24609,12360.81055,94.79148865,1026.907837,16.85181999,2.633096933,52.66193771,0.005955494,1306.466187,405.0045166,0.002218355,28.75085068,57501.69922,21.27562904,8.12082E-05,24473.05664,29.90644646,60.42662811,569.3014526,1150.285889,108,070801030303
746,F070801030303_464,1245.206758,79229.26575,19.56962776,4501.01416,3317.443604,35.22533035,381.6077271,6.262280941,0.978481412,19.56962776,0.002213113,485.4990234,150.5046997,0.000824368,57.41997147,114839.9453,42.49077988,0.000162185,7818.458008,29.90613747,51.94826508,105.9291992,184.0036316,108,070801030303
747,F070801030303_465,5372.4422,133992.6148,33.09617615,7612.120605,7336.760254,59.5731163,645.3754272,10.59077644,1.65480876,33.09617615,0.003742819,821.0907593,254.5381317,0.001394197,83.99037933,167980.75,62.15288162,0.000237235,14948.88086,29.90562057,58.72943497,122.4741364,240.5178986,108,070801030303
748,F070801030303_469,2337.448101,145593.9137,35.96169662,8271.19043,9847.750977,64.73105621,701.2531128,11.50774288,1.798084855,35.96169662,0.004066878,892.1693726,276.5725098,0.001514887,58.02263641,116045.2656,42.93675232,0.000163888,18118.94141,29.90604591,65.51244354,192.6366119,421.9914246,108,070801030303
749,F070801030303_476,1353.789601,96790.15133,23.90716743,5498.648438,6624.676758,43.03290176,466.1897583,7.65029335,1.195358396,23.90716743,0.002703642,674.6802979,209.1508942,0.001145595,34.67595291,69351.90625,25.66020584,9.79439E-05,12123.3252,26.29034233,57.9644928,214.2870026,472.4562683,108,070801030303
750,F070801030303_481,1328.804943,110196.2331,27.21846962,6260.248047,7009.84375,48.99324417,530.7601318,8.709910393,1.360923529,27.21846962,0.003078114,675.2463379,209.3263702,0.001146556,36.59906769,73198.13281,27.08330917,0.000103376,13270.0918,29.9066391,63.39426804,231.1478271,489.973053,108,070801030303
751,F070801030303_482,4065.370985,669021.2692,165.2482605,38007.10156,40403.19531,297.4468689,3222.341064,52.87944412,8.262413025,165.2482605,0.018687788,4560.01709,1413.605347,0.007742825,247.4082947,494816.5938,183.0821381,0.000698817,78410.29688,26.88664246,55.4683075,207.5959015,428.2793274,108,070801030303
752,F070801030303_512,3406.10513,416225.6571,102.8077393,23645.7793,13741.28223,185.0539246,2004.750977,32.89847565,5.140387058,102.8077393,0.011626442,3038.020996,941.786499,0.005158503,271.7958679,543591.75,201.1289368,0.000767701,37387.0625,25.10736656,39.69802475,117.5652771,185.8860474,108,070801030303
753,F070801030303_515,2283.101649,285019.0257,70.39969635,16191.92969,18360.24219,126.7194519,1372.794067,22.5279026,3.519984722,70.39969635,0.007961443,2080.317871,644.8985596,0.003532341,82.78727722,165574.5469,61.26258469,0.000233837,34552.17188,25.10771561,53.57768631,264.3037415,564.0012207,108,070801030303
754,F070801030303_518,2643.345466,109700.5077,27.09602547,6232.085938,4946.649902,48.77284622,528.3724976,8.67072773,1.354801297,27.09602547,0.003064267,672.2245483,208.3896027,0.001141425,88.50283813,177005.6719,65.49210358,0.000249981,11178.73633,29.90593529,53.64344406,95.15782166,170.6883087,108,070801030303
755,F070801030303_552,7326.352398,219220.072,54.14735794,12453.89258,14121.63086,97.46524048,1055.873535,17.32715416,2.707367897,54.14735794,0.006123479,1343.339355,416.4352112,0.002280965,17.74273682,35485.47266,13.12962532,5.01152E-05,26575.52344,29.90595436,63.81670761,948.5337524,2024.088501,108,070801030303
756,F070801030303_554,3246.029989,142324.8642,35.15423965,8085.475098,8939.020508,63.27762985,685.5076904,11.24935627,1.757712007,35.15423965,0.003975564,918.682312,284.7915039,0.001559905,73.2049942,146410,54.17169571,0.000206771,17024.49609,28.3908577,59.77880478,149.2564545,314.2692261,108,070801030303
757,F070801030303_555,2438.458176,56072.40591,13.84988403,3185.473389,3521.746826,24.9297905,270.0727539,4.431962967,0.692494214,13.84988403,0.001566272,343.620697,106.5224152,0.000583462,31.94719505,63894.39063,23.64092445,9.02364E-05,6707.220215,29.90425491,62.96533966,134.7440338,283.7122498,108,070801030303
758,F070801030303_556,2331.900466,141589.0382,34.97249222,8043.67334,8322.751953,62.95048523,681.963623,11.1911974,1.748624563,34.97249222,0.00395501,867.6192627,268.9619751,0.001473201,64.66293335,129325.8594,47.85057068,0.000182644,16366.42578,29.90635872,60.85033417,168.0998383,342.0319824,108,070801030303
759,F070801030303_557,1587.513774,120171.6636,29.68240166,6826.952148,8031.464355,53.42832184,578.8068237,9.498368263,1.484120131,29.68240166,0.003356758,736.3751221,228.2762909,0.001250351,12.53565025,25071.30078,9.276381493,3.54076E-05,14858.41602,29.90653229,65.08961487,735.9498901,1601.746948,108,070801030303
760,F070801030303_558,1094.362774,59602.6641,14.72185802,3386.027344,4031.435791,26.49934387,287.0762329,4.71099472,0.736092925,14.72185802,0.001664883,365.2204285,113.2183304,0.000620137,27.27010727,54540.21484,20.17988014,7.70257E-05,7417.462891,29.90705872,65.51467896,167.7922363,367.5672302,108,070801030303
761,F070801030303_565,1142.008951,53737.32199,13.27311897,3052.817383,3548.17041,23.89161491,258.8258057,4.2473979,0.663655937,13.27311897,0.001501046,374.5838013,116.1209793,0.000636036,16.42852783,32857.05469,12.15711021,4.64032E-05,6600.987793,26.28997231,56.84577942,251.113739,542.9734497,108,070801030303
762,F070801030303_566,3577.664151,488958.4928,120.7727509,27777.73242,37009.59766,217.3909454,2355.068604,38.64728165,6.038637638,120.7727509,0.01365809,3568.901123,1106.359375,0.006059928,97.35063171,194701.25,72.03946686,0.000274972,64787.32813,25.10733223,58.55902481,385.5904846,899.3310547,108,070801030303
763,F070801030303_567,8556.256195,380578.5755,94.0029068,21620.66797,27580.45313,169.2052307,1833.056641,30.08093071,4.700145245,94.0029068,0.01063071,2777.810059,861.1210938,0.00471667,113.6790771,227358.1406,84.12252045,0.000321092,49201.12109,25.10758209,57.13612366,257.0140381,584.8745728,108,070801030303
764,F070801030303_569,2008.669147,218265.7158,53.91163254,12399.67578,16169.17578,97.04093933,1051.276855,17.25172234,2.695581675,53.91163254,0.006096822,1337.469238,414.6154785,0.002270998,43.99040985,87980.8125,32.55290222,0.000124253,28568.85156,29.90644646,68.90444946,380.9084473,877.6130371,108,070801030303
765,F070801030303_570,2384.451915,93919.55723,23.19813156,5335.570313,6957.583984,41.75663757,452.3635559,7.423402309,1.159906626,23.19813156,0.002623457,575.5314941,178.4147644,0.000977242,16.43932343,32878.64453,12.16509914,4.64337E-05,12293.1543,29.90542984,68.90211487,438.5965271,1010.526428,108,070801030303
766,F070801030303_576,2706.002672,274001.5443,67.67838287,15566.02832,19856.83594,121.8210907,1319.728516,21.6570816,3.383919239,67.67838287,0.007653692,1679.005859,520.4918213,0.002850921,54.82666779,109653.3359,40.57173538,0.000154861,35422.86328,29.90638351,68.05652618,383.6668091,873.0921631,108,070801030303
767,F070801030303_580,3511.798458,99429.62501,24.55911827,5648.597168,4563.575195,44.20641327,478.9028015,7.858917713,1.227955937,24.55911827,0.00277737,609.2696533,188.8735962,0.001034529,103.4721909,206944.3906,76.56941986,0.000292262,10212.17188,29.90675926,54.06881714,73.77092743,133.3714142,108,070801030303
768,F070801030303_581,4749.120017,191047.4814,47.18872833,10853.40723,10153.12793,84.93971252,920.1801758,15.1003933,2.359436512,47.18872833,0.005336534,1170.692627,362.9147034,0.001987814,195.3850403,390770.0938,144.5849304,0.000551875,21006.53516,29.90622139,57.88284302,75.06596375,145.288559,108,070801030303
769,F070801030303_582,1256.513747,89869.91327,22.19786835,5105.509766,5861.570313,39.9561615,432.858429,7.103317738,1.109893441,22.19786835,0.002510338,550.6826172,170.7116089,0.000935049,11.96700001,23934,8.85558033,3.38014E-05,10967.08008,29.90722084,64.24331665,576.5302124,1238.437256,108,070801030303
770,F070801030303_588,1613.296101,162588.2597,40.15930176,9236.639648,11520.90039,72.28674316,783.1063843,12.85097694,2.007965088,40.15930176,0.004541582,1186.723633,367.8843384,0.002015035,23.07765198,46155.30469,17.07746315,6.51839E-05,20757.53906,25.10745621,56.42409134,540.8671875,1215.493164,108,070801030303
771,F070801030303_593,691.0972001,28202.87112,6.966109276,1602.205078,862.9614868,12.5389967,135.8391266,2.229155064,0.348305464,6.966109276,0.000787792,196.5922394,60.94359589,0.00033381,,,,,2465.166504,26.28996658,40.44996643,,,108,070801030303
772,F070801030303_601,1098.499573,60708.99744,14.99512196,3448.87793,4595.104492,26.99121857,292.4048767,4.798439026,0.749756098,14.99512196,0.001695786,371.9892273,115.316658,0.000631631,9.193948746,18387.89844,6.80352211,2.59688E-05,8043.982422,29.90789032,69.75559998,506.925354,1182.326172,108,070801030303
773,F070801030303_608,4278.890264,180391.0453,44.55658722,10248.01465,12346.63184,80.20185852,868.8534546,14.25810814,2.227829456,44.55658722,0.005038867,1257.452271,389.8102112,0.002135131,91.3898468,182779.6875,67.62848663,0.000258135,22594.64648,26.28975487,57.96319962,151.5339966,334.0995483,108,070801030303
774,F070801030303_612,1839.28378,169573.5366,41.88466263,9633.472656,12152.41602,75.39239502,816.7509155,13.40309238,2.094233036,41.88466263,0.004736701,1223.394287,379.2522278,0.002077301,52.24443436,104488.8672,38.66088104,0.000147567,21785.88867,25.40122986,57.44432449,249.1788177,563.5124512,108,070801030303
775,F070801030303_619,2340.557468,286874.3167,70.85795593,16297.33008,20789.72266,127.5443192,1381.730103,22.67454529,3.542897701,70.85795593,0.008013267,1757.886353,544.9447632,0.002984858,60.67854691,121357.0938,44.90212631,0.00017139,37087.05469,29.90638924,68.05654144,362.952301,825.953186,108,070801030303
776,F070801030303_621,1313.232391,78255.16204,19.32902527,4445.675781,5734.146973,34.79224396,376.9159851,6.185287952,0.966451287,19.32902527,0.002185903,479.5122681,148.6488037,0.000814203,26.30490494,52609.80859,19.46562958,7.42995E-05,10179.82227,29.90724182,68.48236847,228.3859253,522.9639282,108,070801030303
777,F070801030303_622,3117.024655,346564.6192,85.60146332,19688.33594,22882.98242,154.0826416,1669.228516,27.3924675,4.280073166,85.60146332,0.009680598,2123.650391,658.331604,0.003605919,113.5743332,227148.6719,84.0450058,0.000320796,42571.32031,29.90641212,64.66546631,234.2594452,506.5300293,108,070801030303
778,F070801030303_647,1650.971907,56542.83847,13.96608067,3212.198486,4188.707031,25.13894463,272.338562,4.469145775,0.698304057,13.96608067,0.001579412,346.4668579,107.4047241,0.000588294,6.527194023,13054.3877,4.830123425,1.84364E-05,7400.905273,29.90742302,68.90670013,665.0344238,1532.23938,108,070801030303
779,F070801030303_660,830.788845,28662.48795,7.079634666,1628.315918,1338.61731,12.7433424,138.0528717,2.265483141,0.353981733,7.079634666,0.00080063,210.8401489,65.36044312,0.000358003,,,,,2966.933105,24.91286469,45.39340591,,,108,070801030303
780,F070801030303_663,7355.401771,330727.0515,81.68958282,18788.60352,23701.41602,147.0412445,1592.946899,26.14066696,4.084479332,81.68958282,0.009238207,2305.37085,714.664978,0.003914477,97.35401917,194708.0313,72.04197693,0.000274981,42490.01953,26.29008484,59.45446014,260.8007813,589.7952881,108,070801030303
781,F070801030303_669,7888.687876,350061.4156,86.46517181,19886.99023,25650.75586,155.6373138,1686.070801,27.66885567,4.3232584,86.46517181,0.009778274,2145.105469,664.982666,0.003642349,22.48169708,44963.39453,16.63645554,6.35006E-05,45537.74609,29.90602875,68.479599,1195.38623,2737.226563,108,070801030303
782,F070801030303_670,1482.202176,134885.2924,33.31666565,7662.833008,9666.498047,59.96999741,649.6749878,10.66133308,1.665833235,33.31666565,0.003767754,826.5263062,256.2231445,0.001403426,49.07204819,98144.09375,36.31331635,0.000138606,17329.33203,29.9068737,67.63375092,211.0199127,477.2170105,108,070801030303
783,F070801030303_671,2796.714542,95606.06655,23.61469841,5431.380859,6235.696777,42.50645828,460.4866333,7.556703568,1.180734873,23.61469841,0.002670567,585.8720703,181.6203461,0.0009948,38.41883087,76837.66406,28.42993546,0.000108516,11667.07813,29.9051342,64.23883057,191.0444336,410.3800354,108,070801030303
784,F070801030303_672,7266.207561,327041.6993,80.77929688,18579.23828,22383.94336,145.4027405,1575.196289,25.84937477,4.038964748,80.77929688,0.009135263,2004.025513,621.2479248,0.003402798,101.5091171,203018.2344,75.116745,0.000286717,40963.17969,29.90631866,65.9369278,247.3381653,545.3268433,108,070801030303
785,F070801030303_686,2269.345303,240059.9269,59.29480362,13637.80469,17784.06641,106.7306442,1156.248657,18.97433662,2.964740276,59.29480362,0.0067056,1471.010376,456.0132141,0.002497748,39.22060013,78441.19531,29.02324486,0.00011078,31421.87109,29.90659904,68.90561676,469.8924866,1082.64502,108,070801030303
786,F070801030303_692,3519.977245,218375.7642,53.93881226,12405.92676,16213.90918,97.08985901,1051.806885,17.26041985,2.69694066,53.93881226,0.006099895,1593.901978,494.1096191,0.002706416,28.14209557,56284.1875,20.82515144,7.94887E-05,28619.83594,25.10764122,57.92203903,595.7184448,1374.29187,108,070801030303
787,F070801030303_693,1431.95832,114291.6845,28.23004532,6492.910645,8449.728516,50.8140831,550.4859009,9.033614159,1.411502242,28.23004532,0.003192512,737.7472534,228.7016449,0.001252681,52.53329086,105066.5859,38.87463379,0.000148383,14942.63867,28.39031029,65.33682251,167.0217896,384.380188,108,070801030303
788,F070801030303_695,2578.369638,78445.40566,19.37601471,4456.483398,5014.161133,34.87682724,377.8322754,6.200324535,0.968800724,19.37601471,0.002191217,480.6982422,149.016449,0.000816217,11.62581253,23251.625,8.60310173,3.28377E-05,9470.644531,29.90598297,63.55435562,518.0089111,1100.840698,108,070801030303
789,F070801030303_728,4741.812276,478888.291,118.285408,27205.64453,34319.73438,212.9137268,2306.56543,37.8513298,5.914270401,118.285408,0.013376798,3091.197021,958.2710571,0.005248795,150.6016846,301203.375,111.4452438,0.000425382,61525.37891,28.39034271,64.20456696,244.1166992,552.0682373,108,070801030303
790,F070801030303_730,3100.636227,91092.64515,22.49988365,5174.973145,6454.765137,40.49979019,438.7477417,7.199962616,1.124994159,22.49988365,0.002544493,620.8909912,192.4762115,0.001054261,25.98467064,51969.34375,19.22865677,7.3395E-05,11629.73828,26.88629913,60.42169189,269.1281738,604.8128052,108,070801030303
791,F070801030303_731,12802.10843,537255.1579,132.7020264,30521.4668,36339.12109,238.8636475,2587.689453,42.4646492,6.635101318,132.7020264,0.015007162,3292.179443,1020.575623,0.00559006,207.4579163,414915.8125,153.5188599,0.000585975,66860.58594,29.90612984,65.51262665,198.8124847,435.5203247,108,070801030303
792,F070801030303_741,25106.14948,1084138.481,267.782196,61589.90625,68964.625,482.0079651,5221.75293,85.69029999,13.38910961,267.782196,0.030283265,7557.141602,2342.713867,0.012831886,508.4178162,1016835.625,376.229187,0.001436051,130554.5313,26.28998184,55.72790146,163.7031555,347.0079956,108,070801030303
793,F070801030303_744,3204.706282,386040.4168,95.35198212,21930.95508,28287.12109,171.6335754,1859.363647,30.51263428,4.767599106,95.35198212,0.010783277,2365.588135,733.3323364,0.004016725,70.87056732,141741.1406,52.4442215,0.000200177,50218.07813,29.9058876,68.47929382,418.1767578,957.5521851,108,070801030303
794,F070801030303_745,8546.12037,348388.8574,86.05204773,19791.9707,23283.96289,154.893692,1678.014893,27.53665543,4.302602291,86.05204773,0.009731554,2134.831787,661.7978516,0.003624905,125.17202,250344.0469,92.62729645,0.000353554,43075.93359,29.90636826,65.08926392,213.6732025,465.0457764,108,070801030303
795,F070801030303_748,5692.799856,295959.284,73.10194397,16813.44727,20256.54688,131.5834961,1425.487915,23.39262199,3.655097246,73.10194397,0.008267038,1813.551392,562.2009277,0.003079377,21.99929237,43998.58594,16.27947617,6.21381E-05,37069.99219,29.90647316,65.93726349,1032.800293,2277.099854,108,070801030303
796,F070801030303_749,3422.931947,686084.4462,169.4628601,38976.45703,50825.30078,305.0331421,3304.525879,54.22811508,8.473142624,169.4628601,0.019164413,4676.342773,1449.66626,0.007940344,71.55558777,143111.1719,52.95113373,0.000202112,89801.75781,26.88650322,61.9465065,736.0834961,1695.936401,108,070801030303
797,F070801030303_750,2577.198153,201662.0584,49.8105278,11456.42188,14452.02637,89.65895081,971.3052979,15.9393692,2.490526438,49.8105278,0.005633031,1325.173584,410.8038025,0.00225012,36.30399323,72607.98438,26.8649559,0.000102542,25908.44922,27.88781929,63.06769562,426.4448547,964.395752,108,070801030303
798,F070801030303_766,3377.158327,235434.1187,58.15222549,13375.01172,17251.43945,104.6740036,1133.968384,18.60871124,2.90761137,58.15222549,0.006576387,1547.130981,479.6105957,0.002627,9.497718811,18995.4375,7.028311729,2.68268E-05,30626.45117,27.88723183,63.85691071,1903.019165,4357.583008,108,070801030303
799,F070801030303_767,3202.44015,385149.3607,95.13188934,21880.33398,28842.08594,171.2373962,1855.071899,30.44220543,4.756594658,95.13188934,0.010758386,2778.630859,861.3755493,0.004718063,42.55713272,85114.26563,31.49227905,0.000120205,50722.42188,25.40161896,58.88537598,694.7840576,1610.630371,108,070801030303
800,F070801030303_770,11044.6989,389445.4244,96.19301605,22124.39453,26968.67578,173.1474304,1875.763794,30.78176498,4.809650898,96.19301605,0.010878388,2386.436279,739.7952271,0.004052124,156.0764313,312152.875,115.4965591,0.000440845,49093.07031,29.90610695,66.36035156,191.5588989,425.0608826,108,070801030303
801,F070801030303_771,2407.813382,324768.8381,80.21790314,18450.11719,23836.26172,144.3922272,1564.249146,25.66972923,4.010895252,80.21790314,0.009071776,1990.114624,616.9355469,0.003379178,74.15301514,148306.0313,54.87322998,0.000209449,42286.37891,29.9060688,68.5426178,336.2316589,770.6194458,108,070801030303
802,F070801030303_773,2148.409525,238230.1826,58.84285355,13533.85645,15538.04492,105.9171371,1147.435669,18.82971382,2.942142725,58.84285355,0.006654489,1459.820923,452.5444946,0.002478749,107.526123,215052.2344,79.56932831,0.000303713,29071.90234,29.90613365,64.24098206,170.0888672,365.3656921,108,070801030303
803,F070801030401_46,10900.45623,520952.4035,128.6752472,29595.30664,28524.72852,231.615448,2509.167236,41.1760788,6.43376255,128.6752472,0.014551776,3192.286621,989.6088257,0.005420443,222.4713593,444942.7188,164.6287994,0.000628381,58120.03516,29.90606499,58.73031235,179.769928,353.0368652,104,070801030401
804,F070801030401_48,9240.659687,398638.1439,98.46362305,22646.63281,23111.38086,177.2345276,1920.040649,31.50835991,4.923181057,98.46362305,0.011135169,2442.783203,757.2628174,0.004147801,107.1103058,214220.6094,79.2616272,0.000302538,45758.01563,29.90590858,60.42554092,285.7200012,577.3035278,104,070801030401
805,F070801030401_49,2067.043996,203357.0876,50.22920227,11552.7168,12772.2793,90.41256714,979.4694214,16.07334518,2.511460066,50.22920227,0.005680379,1246.114502,386.2955017,0.002115879,47.5460434,95092.09375,35.18407059,0.000134296,24324.99609,29.90642357,62.9699173,328.350769,691.3638916,104,070801030401
806,F070801030401_77,4034.845154,144548.6159,35.70350647,8211.806641,6285.24707,64.26631165,696.2183838,11.42512226,1.785175323,35.70350647,0.00403768,985.2229004,305.4190979,0.00167289,21.4347744,42869.54688,15.86173344,6.05436E-05,14497.05371,26.88701057,47.4661026,517.711792,913.9640503,104,070801030401
807,F070801030401_78,1702.965459,136223.6435,33.64723969,7738.865234,8994.579102,60.56503296,656.1211548,10.76711655,1.68236196,33.64723969,0.003805138,879.3049927,272.5845337,0.001493043,30.54230881,61084.61719,22.60130882,8.62682E-05,16733.44531,28.39069748,61.38809586,342.4078369,740.375061,104,070801030401
808,F070801030401_103,2800.876879,248886.1094,61.47486877,14139.21973,17836.31641,110.6547623,1198.759888,19.67195892,3.073743343,61.47486877,0.006952142,1734.89856,537.8185425,0.002945825,55.14637756,110292.7578,40.80831909,0.000155764,31975.53516,26.2899456,59.45413208,346.4788513,783.5543213,104,070801030401
809,F070801030401_108,2381.352781,221606.0703,54.73669815,12589.44043,15345.98145,98.52605438,1067.365601,17.51574326,2.736835003,54.73669815,0.006190128,1544.744263,478.8707275,0.002622947,57.8797226,115759.4453,42.83099365,0.000163484,27935.42188,26.28985214,58.3360405,293.9329529,652.2244873,104,070801030401
810,F070801030401_130,2343.778724,281014.1474,69.41049194,15964.41309,17649.70117,124.9388885,1353.504639,22.21135712,3.470524549,69.41049194,0.007849575,1722.004639,533.8214111,0.002923932,74.04799652,148096,54.79551697,0.000209152,33614.11328,29.90590668,62.96883774,291.3452454,613.4464111,104,070801030401
811,F070801030401_151,1850.157177,165460.2999,40.86869431,9399.799805,10258.86035,73.56365204,796.9395142,13.07798195,2.04343462,40.86869431,0.004621807,1087.305786,337.0647888,0.001846225,37.20639038,74412.78125,27.5327282,0.000105091,19658.66016,27.88722038,58.3230896,341.4046021,714.0106201,104,070801030401
812,F070801030401_232,3168.73147,391204.1772,96.62743378,22224.31055,22995.39258,173.9293823,1884.234985,30.92077827,4.831371784,96.62743378,0.010927516,2397.20752,743.1343384,0.004070414,190.3356934,380671.375,140.8484192,0.000537612,45219.70313,29.90618134,60.84997177,157.7888489,321.0522461,104,070801030401
813,F070801030401_234,3971.689167,133196.1631,32.89945221,7566.874023,8794.681641,59.21901321,641.5393066,10.5278244,1.644972563,32.89945221,0.003720572,907.8500366,281.4335022,0.001541512,49.59802246,99196.03906,36.70253754,0.000140092,16361.55566,26.88689804,58.13648987,206.1676025,445.788147,104,070801030401
814,F070801030401_238,1231.343095,55122.22327,13.61518955,3131.493652,3905.925293,24.50734138,265.4961853,4.356860638,0.68075949,13.61518955,0.00153973,375.7045593,116.4684143,0.000637939,6.835680008,13671.35938,5.058403015,1.93077E-05,7037.418945,26.88706398,60.42341232,619.067627,1391.233398,104,070801030401
815,F070801030401_353,3012.953505,100032.8366,24.70811081,5682.865723,5172.27832,44.47459793,481.8081665,7.90659523,1.235405564,24.70811081,0.00279422,657.3470459,203.7775879,0.001116163,11.65559006,23311.17969,8.625136375,3.29218E-05,10855.14453,27.88759041,53.2695694,658.8725586,1258.547607,104,070801030401
816,F070801030401_380,1940.79509,137189.2662,33.88574982,7793.722656,7511.791504,60.99435043,660.7720947,10.84344006,1.694287539,33.88574982,0.003832111,935.0789185,289.8744507,0.001587747,4.492996693,8985.993164,3.324817657,1.26907E-05,15305.51367,26.88654518,52.80049133,2344.105225,4603.414551,104,070801030401
817,F070801030401_386,1991.771423,193658.1279,47.83355713,11001.71777,8888.431641,86.10040283,932.7543945,15.3067379,2.391677856,47.83355713,0.005409457,1272.611328,394.5095215,0.00216087,,,,,19890.14844,27.88707733,50.4174118,,,104,070801030401
818,F070801030401_392,5211.971015,217153.9325,53.63702011,12336.51465,13289.10938,96.54663849,1045.921875,17.16384697,2.68185091,53.63702011,0.006065766,1426.967529,442.3599243,0.002422964,21.10370445,42207.40625,15.61674118,5.96084E-05,25625.625,27.88795662,57.92935562,789.9544678,1640.907349,104,070801030401
819,F070801030401_393,3301.941776,459532.5669,113.5045471,26106.04492,29972.00781,204.3081818,2213.338623,36.32145691,5.675227165,113.5045471,0.012836135,3019.727295,936.1154785,0.005127441,29.94216537,59884.33203,22.15720177,8.45731E-05,56078.05469,27.88763237,59.90505981,1178.21936,2530.917725,104,070801030401
820,F070801030401_394,2395.237237,316531.6158,78.18331146,17982.16211,22174.35156,140.7299652,1524.574585,25.01865959,3.909165621,78.18331146,0.008841686,2157.453613,668.8106079,0.003663316,56.89357758,113787.1563,42.10124588,0.000160699,40156.51563,26.88677788,60.0416832,427.1170959,953.8082275,104,070801030401
821,F070801030401_451,4769.865891,1132207.77,279.655304,64320.71875,52880.21875,503.3795471,5453.27832,89.48970032,13.9827652,279.655304,0.031625986,6937.894531,2150.747314,0.011780417,112.4199219,224839.8438,83.19074249,0.000317536,117200.9375,29.90621758,54.4931221,773.1715698,1408.821899,104,070801030401
822,F070801030401_456,1600.70289,159991.8828,39.51799393,9089.138672,10821.60645,71.13238525,770.6008911,12.64575768,1.975899696,39.51799393,0.004469057,980.3934937,303.9219971,0.00166469,17.20782471,34415.64844,12.7337904,4.86043E-05,19910.74609,29.90615654,65.51268768,713.7810669,1563.61499,104,070801030401
823,F070801030401_462,2071.53739,167724.9638,41.42806625,9528.455078,11074.55078,74.57051849,807.84729,13.2569809,2.071403265,41.42806625,0.004685065,1102.160645,341.6697998,0.001871448,19.26689529,38533.78906,14.25750256,5.44203E-05,20603.00586,27.88790512,60.30092621,668.3116455,1445.064209,104,070801030401
824,F070801030401_466,2376.011992,320440.2129,79.14873505,18204.20898,22964.21094,142.4677277,1543.400391,25.32759476,3.9574368,79.14873505,0.008950865,1963.577515,608.7090454,0.003334118,49.5080719,99016.14063,36.63597488,0.000139838,41168.42188,29.90625763,67.63234711,496.8943481,1123.715698,104,070801030401
825,F070801030401_467,2802.364063,450810.8678,111.3502808,25610.56445,23958.12891,200.4305115,2171.330566,35.63209152,5.567513943,111.3502808,0.01259251,2762.465088,856.3641968,0.004690615,110.2880249,220576.0469,81.61313629,0.000311514,49568.69531,29.90616035,57.88272858,313.8044434,607.3617554,104,070801030401
826,F070801030401_468,28855.23814,1045149.87,258.1520081,59374.96094,60633.91797,464.6736145,5033.964355,82.60864258,12.9076004,258.1520081,0.029194195,6404.453125,1985.380493,0.010874643,92.85105896,185702.1094,68.70978546,0.000262262,120008.875,29.90608597,60.44628525,864.1412354,1746.605347,104,070801030401
827,F070801030401_469,2382.653161,313779.1037,77.50344086,17825.79102,23497.49023,139.5061951,1511.317139,24.80110168,3.875172138,77.50344086,0.0087648,2187.235596,678.0430298,0.003713886,67.04972076,134099.4531,49.61679459,0.000189385,41323.28125,26.29005814,60.9449234,359.2692871,832.8486938,104,070801030401
828,F070801030401_471,6631.527597,272315.8269,67.26200867,15470.26172,14691.36816,121.0716171,1311.609131,21.52384186,3.363100529,67.26200867,0.007606605,1856.084351,575.3861694,0.003151597,198.6125946,397225.1875,146.9733276,0.000560991,30161.62891,26.88674545,52.4197998,105.2589722,205.2183838,104,070801030401
829,F070801030401_474,3497.371333,460604.5846,113.7693329,26166.94727,33379.92578,204.7848053,2218.501953,36.40618515,5.688466549,113.7693329,0.012866079,2822.48584,874.9705811,0.004792529,90.02779388,180055.5938,66.62056732,0.000254288,59546.875,29.90608788,68.05586243,392.7758179,893.821167,104,070801030401
830,F070801030401_475,1616.737293,163158.2566,40.30009079,9269.020508,12086.80371,72.54016113,785.8517456,12.89602947,2.015004635,40.30009079,0.004557504,999.8168945,309.9432373,0.001697671,22.426054,44852.10547,16.59527969,6.33435E-05,21355.82422,29.90554237,68.90237427,558.5335693,1286.861328,104,070801030401
831,F070801030401_476,2329.118642,307202.7282,75.8790741,17452.1875,21520.82031,136.5823364,1479.641968,24.28130341,3.793953657,75.8790741,0.008581101,1882.450806,583.5597534,0.003196367,67.80752563,135615.0469,50.17757034,0.000191526,38973.00781,29.90642738,66.78495026,347.8085327,776.7017822,104,070801030401
832,F070801030401_479,3166.22719,468502.1546,115.7200317,26615.60742,34706.75,208.296051,2256.540527,37.03041077,5.786001682,115.7200317,0.013086682,2870.88501,889.9743652,0.00487471,58.66153717,117323.0781,43.40953827,0.000165692,61322.35938,29.90603828,68.90351105,613.1281128,1412.647095,104,070801030202
833,F070801030401_480,2831.814795,489316.8755,120.8612671,27798.0918,35854.70313,217.5502777,2356.794678,38.67560577,6.043063164,120.8612671,0.0136681,3158.484375,979.130127,0.005363048,38.06268311,76125.36719,28.16638565,0.00010751,63652.79688,28.3906002,65.00953674,986.9243774,2259.885254,104,070801030401
834,F070801030401_481,4346.520256,702011.8932,173.3969421,39881.29688,51595.78906,312.114502,3381.240479,55.4870224,8.669847488,173.3969421,0.019609315,4301.750977,1333.542847,0.007304294,56.85580826,113711.6172,42.07329941,0.000160592,91477.08594,29.90627289,68.59703827,947.9003906,2174.231445,104,070801030401
835,F070801030401_484,2325.194162,334538.7778,82.63108063,19005.14844,23705.20703,148.7359467,1611.30603,26.44194603,4.131554127,82.63108063,0.00934468,2049.991211,635.4972534,0.003480847,22.29698181,44593.96094,16.4997673,6.29789E-05,42710.35547,29.90594864,67.2077713,1151.843384,2588.542969,104,070801030401
836,F070801030401_485,4571.991423,459447.9788,113.4836502,26101.24023,33668.05078,204.2705688,2212.931152,36.31476974,5.674182415,113.4836502,0.012833771,3353.497314,1039.584229,0.005694177,38.31454849,76629.09375,28.35276604,0.000108221,59769.28906,25.10738373,57.49345398,920.5888672,2108.058594,104,070801030401
837,F070801030401_487,2463.363995,335042.1961,82.7554245,19033.74805,24010.6582,148.9597626,1613.730835,26.48173523,4.13777113,82.7554245,0.009358742,2053.043701,636.4435425,0.00348603,34.87932968,69758.65625,25.81070328,9.85184E-05,43044.40625,29.90641975,67.63272095,737.4362183,1667.696045,104,070801030401
838,F070801030401_491,4551.56253,285262.5614,70.45985413,16205.7666,20672.92188,126.8277359,1373.967163,22.54715347,3.522992611,70.45985413,0.007968246,1748.040527,541.8925781,0.00296814,57.61919403,115238.3906,42.63820267,0.000162748,36878.6875,29.90586472,68.05534363,380.0762024,864.9212646,104,070801030401
839,F070801030401_492,5966.719154,277238.3616,68.47787476,15749.91113,18751.97852,123.2601776,1335.318604,21.91292,3.42389369,68.47787476,0.007744106,1821.841675,564.7709351,0.003093454,26.82973289,53659.46484,19.854002,7.57819E-05,34501.89063,27.88725471,61.09006119,793.286499,1737.780151,104,070801030406
840,F070801030401_493,6424.735689,187627.3481,46.34395599,10659.11035,9669.203125,83.41912079,903.7071533,14.83006573,2.3171978,46.34395599,0.005240999,1149.720215,356.413269,0.001952204,145.268158,290536.3125,107.498436,0.000410317,20328.3125,29.90660286,57.03578949,99.15596008,189.1033325,104,070801030401
841,F070801030401_494,4450.542436,588231.2687,145.2931213,33417.41797,41681.69141,261.5276184,2833.21582,46.4937973,7.264656067,145.2931213,0.016431078,3604.527832,1117.403687,0.006120422,118.6075516,237215.1094,87.76958466,0.000335013,75099.10938,29.90630722,67.20857239,380.7402954,855.6393433,104,070801030401
842,F070801030401_498,1777.190779,60301.28585,14.89441776,3425.716064,2719.125,26.80995178,290.4411316,4.766213894,0.744720876,14.89441776,0.001684397,369.4859619,114.5406494,0.00062738,52.16902924,104338.0547,38.60508347,0.000147354,6144.84082,29.9083004,53.647686,88.73743439,159.1717987,104,070801030401
843,F070801030401_499,3275.794696,504858.6143,124.7000809,28681.01953,36604.41016,224.460144,2431.651611,39.90402603,6.235003948,124.7000809,0.014102228,3093.654053,959.0327759,0.005252967,74.15174103,148303.4844,54.87228775,0.000209445,65285.42969,29.90619278,68.07424164,522.6867676,1189.770508,104,070801030401
844,F070801030401_503,16060.67251,577159.1973,142.5583191,32788.41406,28813.91602,256.6049805,2779.887207,45.61866379,7.127915859,142.5583191,0.016121801,3792.72583,1175.744995,0.006439978,79.5165863,159033.1719,58.84227371,0.000224598,61602.32813,27.88735199,52.39429474,557.2254639,1046.906006,104,070801030401
845,F070801030401_507,9743.025986,331305.8385,81.83254242,18821.48438,18940.95898,147.298584,1595.734619,26.18641281,4.091627121,81.83254242,0.009254374,2030.154541,629.3479004,0.003447165,23.76792145,47535.83984,17.58826256,6.71336E-05,37762.44531,29.9063282,60.00249481,1070.116211,2147.025391,104,070801030401
846,F070801030401_508,3268.328905,487658.1803,120.4515686,27703.86133,34555.14844,216.8128204,2348.805664,38.54450226,6.022578239,120.4515686,0.013621767,2988.243164,926.3554077,0.005073982,26.85030937,53700.62109,19.86922836,7.584E-05,62259.00781,29.90629768,67.20855713,1394.309937,3133.438721,104,070801030401
847,F070801030401_510,3569.829871,474513.4053,117.2048111,26957.10742,33623.71484,210.9686584,2285.493896,37.50553894,5.860240459,117.2048111,0.013254594,2907.733154,901.3972778,0.004937277,18.34946823,36698.9375,13.57860661,5.1829E-05,60580.82031,29.9059124,67.20767975,1985.263184,4461.490234,104,070801030401
848,F070801030401_511,5086.592643,812577.5989,200.706665,46162.53125,57578.72656,361.2720032,3913.780029,64.22613525,10.03533363,200.706665,0.022697749,4979.295898,1543.581787,0.008454752,96.30758667,192615.1719,71.26761627,0.000272025,103741.2578,29.90611267,67.20813751,647.7350464,1455.657715,104,070801030401
849,F070801030401_512,6728.67626,751467.3664,185.612442,42690.86328,53853.59766,334.1023865,3619.442627,59.39598083,9.280622482,185.612442,0.020990755,4850.651855,1503.702026,0.008236317,85.25231934,170504.6406,63.0867157,0.000240799,96544.46094,28.39050674,64.20451355,676.7012939,1530.345337,104,070801030401
850,F070801030401_513,2394.400359,321043.4822,79.29773712,18238.48047,22748.9375,142.7359314,1546.305908,25.37527657,3.964886904,79.29773712,0.008967715,2072.315918,642.4179077,0.003518754,62.524189,125048.375,46.26789856,0.000176603,40987.41797,28.39036751,63.80179977,394.1929626,885.8716431,104,070801030401
851,F070801030401_515,2404.32153,305885.344,75.55368042,17377.3457,22167.44922,135.9966278,1473.296753,24.17717743,3.777683973,75.55368042,0.008544303,1874.400635,581.064209,0.003182698,44.44245911,88884.92188,32.88742065,0.00012553,39544.79688,29.9060688,68.05580902,528.388855,1202.429199,104,070801030401
852,F070801030401_519,17331.5255,846869.1453,209.1766815,48110.63672,57962.86719,376.5180359,4078.945313,66.9365387,10.45883369,209.1766815,0.023655616,5189.414551,1608.718506,0.00881153,233.6060333,467212.0625,172.8684692,0.000659832,106073.5,29.90618706,65.93664551,278.3077698,613.6081543,104,070801030401
853,F070801030401_520,6059.896503,272028.3368,67.19100189,15453.93066,16647.24023,120.9438019,1310.224487,21.50112152,3.359549999,67.19100189,0.007598574,1755.907104,544.3311768,0.002981498,174.3213959,348642.7813,128.9978333,0.000492379,32101.17188,28.3906765,58.97360611,119.7999268,248.8504791,104,070801030401
854,F070801030401_521,4421.596564,603288.6227,149.0122833,34272.82422,44205.98828,268.2221069,2905.739502,47.68392944,7.450613976,149.0122833,0.016851675,3696.79834,1146.007446,0.006277095,30.68634605,61372.69141,22.70789528,8.66751E-05,78478.8125,29.90628433,68.48019409,1509.291138,3456.014404,104,070801030401
855,F070801030401_523,3367.252953,390298.5413,96.40373993,22172.85938,28284.85938,173.5267334,1879.872925,30.84919739,4.820187092,96.40373993,0.010902219,2519.339355,780.9951782,0.004277791,94.01060486,188021.2031,69.56784821,0.000265538,50457.71875,28.3905201,64.60695648,318.7228088,725.3023071,104,070801030401
856,F070801030401_529,2355.005485,303535.0557,74.97315979,17243.82617,21997.125,134.9516907,1461.976563,23.99141121,3.748657942,74.97315979,0.008478652,1859.990234,576.5969849,0.003158229,47.00136566,94002.73438,34.78100967,0.000132758,39240.95313,29.90620232,68.05612183,495.7828064,1128.229248,104,070801030401
857,F070801030401_531,2592.799285,305998.0825,75.58152771,17383.75195,21929.22461,136.0467529,1473.839844,24.18608856,3.779076338,75.58152771,0.008547452,1875.083862,581.276001,0.003183858,36.45905304,72918.10938,26.97970009,0.00010298,39312.97656,29.90619278,67.63220215,644.3270874,1457.131714,104,070801030401
858,F070801030401_540,2963.280376,293471.3237,72.48741913,16672.10547,21740.42383,130.477356,1413.504639,23.19597435,3.624371052,72.48741913,0.008197541,1798.306396,557.4749756,0.003053491,14.79607391,29592.14844,10.94909477,4.17922E-05,38412.53125,29.90646362,68.90449524,1522.692627,3508.283691,104,070801030401
859,F070801030401_545,3934.928654,96760.25113,23.89978218,5496.949707,4534.539551,43.01960754,466.0457458,7.647930145,1.194989085,23.89978218,0.002702806,674.4805298,209.0889587,0.001145255,95.98444366,191968.8906,71.02848816,0.000271113,10031.48926,26.29000473,47.9771347,77.39077759,141.2319183,104,070801030401
860,F070801030401_556,5154.434892,139495.6219,34.45541763,7924.746094,5279.259766,62.0197525,671.8806152,11.02573395,1.722770929,34.45541763,0.003896534,950.7891235,294.7446289,0.001614422,169.5042725,339008.5313,125.4331589,0.000478773,13204.00586,26.88682175,44.79812241,63.17903519,105.2672653,104,070801030401
861,F070801030401_561,2457.18591,305550.8985,75.47106934,17358.3457,17960.60547,135.8479309,1471.685791,24.15074158,3.773553371,75.47106934,0.00853496,2007.891235,622.4462891,0.003409362,19.05518913,38110.37891,14.10083961,5.38223E-05,35318.95313,27.88729858,56.74216843,1231.015015,2504.741211,104,070801030401
862,F070801030401_584,2755.955014,359427.082,88.77848816,20419.05273,26337.02539,159.8012848,1731.180542,28.40911674,4.438924313,88.77848816,0.010039886,2449.855469,759.4552002,0.004159809,15.28806305,30576.12695,11.31316662,4.31819E-05,46756.07813,26.88644791,61.56528854,1804.892822,4132.890625,104,070801030401
863,F070801030401_588,7240.66134,194986.1786,48.16158676,11077.16504,10048.43457,86.69085693,939.1509399,15.41170788,2.408079386,48.16158676,0.005446554,1194.840454,370.4005432,0.002028817,174.3474426,348694.875,129.0171051,0.000492453,21125.59961,29.90590858,57.03447342,85.85810852,163.74263,104,070801030401
864,F070801030401_599,4074.171762,455018.3677,112.389534,25849.59375,26746.46484,202.3011627,2191.595947,35.9646492,5.619476795,112.389534,0.012710039,2788.265625,864.3623657,0.004734423,103.6062775,207212.5469,76.66864777,0.000292641,52596.05859,29.90596771,60.84954834,337.1599121,686.0178223,104,070801030401
865,F070801030401_604,2194.70204,299161.0376,73.89277649,16995.33789,21439.24805,133.0070038,1440.90918,23.64568901,3.694638729,73.89277649,0.008356472,1833.172363,568.2834473,0.003112693,12.55941296,25118.82617,9.29396534,3.54747E-05,38434.58594,29.90644455,67.63277435,1828.642212,4135.43457,104,070801030401
866,F070801030401_609,2417.086759,303991.976,75.08602142,17269.78516,22764.57813,135.1548462,1464.177368,24.02752686,3.754301071,75.08602142,0.008491416,1962.233521,608.2924194,0.003331836,24.73817062,49476.33984,18.3062458,6.98742E-05,40034.36328,28.3905983,65.81433868,943.3821411,2186.923828,104,070801030401
867,F070801030401_627,2658.238949,309864.1934,76.53645325,17603.38477,23204.32227,137.7656097,1492.460815,24.49166489,3.826822758,76.53645325,0.008655444,1898.759033,588.6152954,0.003224058,33.89727402,67794.54688,25.08398247,9.57445E-05,40807.70703,29.90643501,69.32831573,701.7778931,1626.843262,104,070801030401
868,F070801030401_628,2441.893632,327881.7501,80.98679352,18626.96289,22177.42188,145.7762299,1579.242432,25.91577339,4.049339771,80.98679352,0.009158729,2234.821045,692.7944946,0.003794685,57.2003746,114400.75,42.32827759,0.000161565,40804.38281,26.88670731,58.89825058,440.0595398,963.9981689,104,070801030401
869,F070801030401_640,1012.328105,41961.45919,10.36448002,2383.830322,2433.94458,18.65606308,202.1073608,3.316633701,0.518224001,10.36448002,0.00117211,257.1207886,79.70744324,0.000436586,2.833519459,5667.038574,2.09680438,8.00341E-06,4817.774902,29.90724945,60.44322586,1136.887329,2297.675049,104,070801030401
870,F070801030401_644,959.500618,51809.02222,12.79682827,2943.270508,1877.294556,23.03429031,249.538147,4.094985008,0.639841437,12.79682827,0.001447183,317.491394,98.42233276,0.000539095,11.20114613,22402.29297,8.288847923,3.16382E-05,4820.564941,29.90449905,48.97836685,355.0880127,581.5723877,104,070801030401
871,F070801030401_645,2332.30023,134267.8413,33.16415787,7627.756348,8324.868164,59.69548416,646.7010498,10.61253071,1.658207893,33.16415787,0.003750507,866.694458,268.675293,0.001471631,23.23900414,46478.00781,17.19686317,6.56397E-05,15952.625,28.39024162,59.37511063,443.5550842,927.6473999,104,070801030401
872,F070801030403_40,8131.645105,254439.5916,62.84658051,14454.71387,11883.03027,113.123848,1225.508301,20.1109066,3.142328978,62.84658051,0.007107268,1734.250977,537.6177979,0.002944726,29.48383331,58967.66797,21.81803703,8.32785E-05,26337.74414,26.88659859,48.98971939,662.512085,1207.154663,104,070801030403
873,F070801030403_47,4757.193087,789004.3188,194.8840637,44823.33594,46378.50781,350.7913208,3800.239258,62.36289978,9.744203568,194.8840637,0.022039276,5377.847168,1667.132568,0.009131485,333.9008179,667801.625,247.0866089,0.000943119,91201.84375,26.88648605,54.70581436,181.4073792,369.1087952,104,070801030403
874,F070801030403_56,3831.463001,123691.2233,30.55173302,7026.898438,5477.925293,54.99311829,595.7587891,9.776554108,1.527586699,30.55173302,0.00345507,843.0877075,261.3571777,0.001431547,15.23907852,30478.15625,11.27691841,4.30435E-05,12504.82422,26.88618851,47.84572601,623.1221924,1108.886597,105,070801030403
875,F070801030403_58,4107.020221,173586.1102,42.87577057,9861.426758,8666.049805,77.17638397,836.0775146,13.72024632,2.143788576,42.87577057,0.004848785,1120.498047,347.3544006,0.001902585,124.0950241,248190.0469,91.83031464,0.000350512,18527.47656,28.39010239,53.33882904,107.3874893,201.7577362,105,070801030403
876,F070801030403_64,3460.605458,96159.7614,23.75146103,5462.835938,6271.810059,42.75262833,463.1535034,7.600467682,1.187573075,23.75146103,0.002686033,620.7111206,192.4204407,0.001053956,44.65547943,89310.96094,33.04505539,0.000126132,11734.64648,28.39010239,60.98440552,165.3147736,355.1105042,104,070801030403
877,F070801030403_67,7946.952102,251629.3437,62.15244675,14295.0625,13777.95605,111.8744049,1211.972656,19.8887825,3.107622385,62.15244675,0.007028768,1851.040649,573.8226318,0.003143033,205.6343384,411268.6875,152.1694031,0.000580824,28073.01953,24.9119873,48.92281723,93.94176483,184.4853058,104,070801030403
878,F070801030403_101,4475.931261,114811.8018,28.35851479,6522.458496,5454.477051,51.04532623,552.9910278,9.074725151,1.417925715,28.35851479,0.003207041,844.5950317,261.8244629,0.001434107,,,,,11976.93555,24.9115696,45.74414063,,,104,070801030403
879,F070801030403_107,2191.347133,240045.1744,59.29115677,13636.96582,16429.58008,106.7240829,1156.177612,18.97316933,2.964557886,59.29115677,0.006705187,1636.151733,507.2070313,0.002778155,42.44985962,84899.71875,31.4128952,0.000119902,30066.54688,26.88638878,59.27864838,434.1199951,957.1402588,104,070801030403
880,F070801030403_111,2386.009356,318026.0454,78.55243683,18067.06055,22022.95898,141.3943787,1531.772461,25.13677979,3.927621841,78.55243683,0.00888343,1948.812256,604.1317749,0.003309047,96.70614624,193412.2813,71.56254578,0.000273151,40090.01953,29.90582657,66.35972595,252.4653168,560.2095337,104,070801030403
881,F070801030403_112,2383.600639,314796.7443,77.75479889,17883.60352,22306.29688,139.9586334,1516.218628,24.88153648,3.887739897,77.75479889,0.008793226,1929.016235,597.9950562,0.003275434,70.48816681,140976.3281,52.16124344,0.000199097,40189.89844,29.9059391,67.20774078,342.8523254,770.4934692,104,070801030403
882,F070801030403_113,2369.090915,310682.3757,76.73854828,17649.86523,20513.74805,138.1293945,1496.401733,24.55633545,3.836927414,76.73854828,0.008678298,2005.43811,621.685791,0.003405197,43.0838089,86167.61719,31.88201904,0.000121692,38163.61328,28.39033127,61.3873024,553.5993652,1197.026245,104,070801030403
883,F070801030403_114,2645.693748,302032.9823,74.60214996,17158.49414,19699.44531,134.2838745,1454.741943,23.87268829,3.730107546,74.60214996,0.008436695,1984.770264,615.2788086,0.003370103,46.02906799,92058.13281,34.06151199,0.000130011,36857.9375,27.88734818,59.90444946,503.7502136,1082.099243,104,070801030403
884,F070801030403_115,3962.851786,117908.6819,29.1234436,6698.39209,5791.48877,52.42219925,567.9071655,9.319501877,1.456172228,29.1234436,0.003293546,761.1038208,235.9421844,0.00129234,17.33890724,34677.8125,12.83079147,4.89746E-05,12489.88086,28.38997269,52.93619156,522.0560303,973.4302979,104,070801030403
885,F070801030403_118,2374.351919,313012.982,77.31420898,17782.26758,20667.63281,139.1655731,1507.627075,24.74054718,3.865710497,77.31420898,0.0087434,2020.482422,626.3495483,0.003430742,51.80821991,103616.4453,38.33808136,0.000146335,38449.89844,28.39032555,61.38728714,463.8277893,1002.916626,104,070801030403
886,F070801030403_119,2525.8253,294329.5021,72.6993866,16720.85938,20145,130.858902,1417.638062,23.26380348,3.634969234,72.6993866,0.008221513,2051.665771,636.0164185,0.003483691,48.80041885,97600.83594,36.1123085,0.000137839,36865.85938,26.28997993,57.96369171,463.0238342,1020.866882,104,070801030403
887,F070801030403_120,2342.028167,230185.7491,56.85588074,13076.85254,16125.46484,102.3405838,1108.689697,18.19388199,2.842793941,56.85588074,0.006429784,1410.528809,437.263916,0.002395052,47.67927551,95358.54688,35.28266525,0.000134672,29202.31641,29.90608597,66.78418732,370.631073,827.6675415,104,070801030403
888,F070801030403_121,3487.05914,458709.0717,113.3011398,26059.26172,30657.02148,203.9420471,2209.372314,36.25636292,5.665057182,113.3011398,0.012813131,2810.892334,871.3766479,0.004772843,81.08682251,162173.6406,60.00424957,0.000229034,56716.28125,29.90585327,65.08813477,434.2902832,945.2044067,104,070801030403
889,F070801030403_123,3393.326604,471750.8954,116.5224686,26800.16797,31908.51563,209.740448,2272.188232,37.28718948,5.826123238,116.5224686,0.013177428,3215.44165,996.7869263,0.00545976,145.2007294,290401.4375,107.4485397,0.000410126,58708.68359,26.88655663,58.89792633,249.4232941,546.388855,104,070801030403
890,F070801030403_125,1544.927711,149930.2282,37.03276825,8517.537109,10865.41309,66.65898132,722.1389771,11.8504858,1.851638436,37.03276825,0.004188005,1021.936218,316.8002319,0.001735229,22.84407425,45688.14844,16.9046154,6.45242E-05,19382.94922,26.88614464,61.18350601,503.8586731,1146.606934,104,070801030403
891,F070801030403_129,2423.528558,317838.2593,78.50605011,18056.39063,22009.95703,141.3108826,1530.86792,25.1219368,3.925302505,78.50605011,0.008878184,2051.623535,636.0032959,0.003483619,58.09443283,116188.8672,42.98987961,0.000164091,40066.34766,28.39040375,62.99707413,420.0149231,931.994873,104,070801030403
892,F070801030403_132,10212.76783,565395.6178,139.65271,32120.12305,35510.89063,251.3748779,2723.227783,44.68886566,6.982635498,139.65271,0.015793208,3649.586914,1131.371948,0.006196931,180.7764282,361552.8438,133.7745514,0.000510612,67631.01563,28.39041901,59.77787781,240.1063843,505.5596619,104,070801030403
893,F070801030403_137,10679.74037,473265.6518,116.8966141,26886.2207,33154.22266,210.4139099,2279.483887,37.40691757,5.844830513,116.8966141,0.01321974,3298.960938,1022.677917,0.005601575,123.4562531,246912.5,91.35762787,0.000348708,60040.44531,26.29001808,58.70904541,294.2963867,657.2023315,104,070801030403
894,F070801030403_145,2756.229864,333868.2581,82.46546173,18967.05664,21238.1543,148.4378357,1608.076538,26.38894844,4.123272896,82.46546173,0.00932595,2045.865479,634.2183228,0.003473842,37.74835205,75496.70313,27.93378067,0.000106622,40205.21094,29.90619469,63.39332962,679.0006714,1439.304321,104,070801030403
895,F070801030403_156,3009.856583,380897.3206,94.08163452,21638.77539,23616.36914,169.3469391,1834.591919,30.10612297,4.704081535,94.08163452,0.010639613,2334.069092,723.5614014,0.003963206,51.41574097,102831.4766,38.04764938,0.000145226,45255.14453,29.90592766,62.54499435,568.7283325,1189.43335,104,070801030403
896,F070801030403_182,11856.92312,386362.8083,95.43161011,21949.26953,22399.70703,171.7769012,1860.916382,30.53811455,4.771580696,95.43161011,0.010792281,2633.44458,816.3677979,0.00447154,232.4144897,464828.9688,171.9867249,0.000656466,44348.97656,26.88649559,54.32474899,127.6218796,257.862793,105,070801030403
897,F070801030403_183,2377.817142,315249.7814,77.86669922,17909.33984,17261.48828,140.1600647,1518.400635,24.91734314,3.893334866,77.86669922,0.00880588,2197.514893,681.2296143,0.003731339,151.7466888,303493.375,112.2925491,0.000428616,35170.82813,26.28972626,51.62844849,159.4882355,313.2071533,104,070801030403
898,F070801030403_199,4132.904132,99847.67858,24.6623764,5672.34668,4743.5625,44.39227676,480.9163513,7.891960621,1.233118773,24.6623764,0.002789048,656.152832,203.4073792,0.001114135,17.2123394,34424.67969,12.73713112,4.86171E-05,10415.90918,27.88663101,51.20713425,445.3394165,817.7594604,104,070801030403
899,F070801030403_212,1929.655906,227168.56,56.11063385,12905.44531,15548.25684,100.9991379,1094.157349,17.95540237,2.80553174,56.11063385,0.006345505,1392.031982,431.5299072,0.002363645,48.1013298,96202.66406,35.59498596,0.000135865,28453.70313,29.90625954,65.93680573,362.5635681,799.3739014,104,070801030403
900,F070801030403_228,17836.11698,771570.3928,190.5778809,43832.91406,45353.72656,343.0401917,3716.268555,60.9849205,9.528894424,190.5778809,0.021552294,5259.013672,1630.294189,0.008929707,295.7670898,591534.125,218.8676453,0.000835408,89186.64063,26.88650513,54.70585632,200.2713318,407.4912109,104,070801030403
901,F070801030403_237,1170.408043,75881.72127,18.7427845,4310.840332,3971.598145,33.73701096,365.4842834,5.997691154,0.937139213,18.7427845,0.002119606,489.8071289,151.84021,0.000831683,59.8909111,119781.8203,44.3192749,0.000169165,8282.438477,28.39063644,54.54706955,97.26784515,186.8811798,104,070801030403
902,F070801030403_238,2236.490855,54496.95945,13.46074867,3095.972168,3071.741699,24.22934723,262.4845886,4.307439804,0.67303741,13.46074867,0.001522265,351.7609558,109.0458984,0.000597284,37.63274765,75265.49219,27.84823418,0.000106296,6167.713867,28.39145851,56.56071472,111.1730118,221.4759369,104,070801030403
903,F070801030403_243,1479.648461,132440.1825,32.71272659,7523.927246,8851.410156,58.88290787,637.8981934,10.46807289,1.63563633,32.71272659,0.003699455,902.6913452,279.8343201,0.001532753,45.44350433,90887.00781,33.6281929,0.000128357,16375.33789,26.88707733,58.51797485,223.738678,486.9526672,104,070801030403
904,F070801030403_250,2342.137863,310920.7382,76.79742432,17663.4082,13519.41895,138.2353668,1497.549805,24.57517624,3.839871168,76.79742432,0.008684956,2167.314453,671.8674927,0.00368006,284.4723816,568944.75,210.5095673,0.000803506,31182.82813,26.29001808,46.41217041,83.90786743,148.1302185,105,070801030403
905,F070801030403_252,3387.615433,465447.4562,114.9655228,26442.07031,31107.36719,206.9379425,2241.827637,36.78896713,5.748276234,114.9655228,0.013001355,2852.183594,884.1769409,0.004842955,30.77004433,61540.08984,22.76983261,8.69115E-05,57549.4375,29.90585899,65.0881424,1161.276489,2527.442383,104,070801030403
906,F070801030403_261,6027.527623,210249.5041,51.93162918,11944.27441,10157.8252,93.47692871,1012.666748,16.6181221,2.596581459,51.93162918,0.005872905,1381.644409,428.3097534,0.002346006,30.08632278,60172.64453,22.26387978,8.49803E-05,22102.09961,27.88700104,51.60307312,536.4866333,992.7335205,104,070801030403
907,F070801030403_262,9822.135513,337015.7072,83.24288177,19145.86328,17910.53906,149.8371887,1623.236206,26.63772202,4.162144184,83.24288177,0.009413868,2214.667969,686.5470581,0.003760465,43.17051697,86341.03906,31.94618225,0.000121937,37056.40234,27.88718224,53.97503662,599.3161621,1159.963379,104,070801030403
908,F070801030403_266,2416.945831,326305.2554,80.59739685,18537.40039,22596.28711,145.0753174,1571.649292,25.79116631,4.029870033,80.59739685,0.009114692,1999.516479,619.8500977,0.003395142,41.71307373,83426.14844,30.86767387,0.000117821,41133.6875,29.90626335,66.36070251,600.5441284,1332.581421,104,070801030403
909,F070801030403_289,8445.104447,304631.8399,75.24406433,17306.13477,15944.2168,135.4393158,1467.259277,24.0781002,3.762203217,75.24406433,0.008509289,1866.716919,578.682251,0.003169651,37.81809616,75636.1875,27.98539162,0.000106819,33250.35156,29.90610886,57.45873642,618.3988647,1188.132446,104,070801030403
910,F070801030403_308,3751.015616,109148.4673,26.95967102,6200.724121,5097.536621,48.5274086,525.713562,8.627094269,1.347983599,26.95967102,0.003048847,704.5601807,218.4136505,0.00119633,81.62094879,163241.9063,60.3995018,0.000230542,11298.26074,28.3898201,51.72872925,102.6618423,187.0588379,104,070801030403
911,F070801030403_353,2387.126862,308377.3966,76.16921997,17518.91992,21603.11133,137.104599,1485.299805,24.37415123,3.808460951,76.16921997,0.008613913,1889.646851,585.7905273,0.003208585,53.0856514,106171.3047,39.28338242,0.000149943,39122.03125,29.9064579,66.78501892,445.962616,995.8926392,104,070801030403
912,F070801030404_44,1119.123337,64538.14172,15.94092083,3666.411865,4053.458252,28.69365692,310.8479614,5.101094723,0.797046065,15.94092083,0.001802745,416.5860901,129.1416931,0.000707356,11.27288818,22545.77539,8.341937065,3.18408E-05,7719.870117,28.39061356,59.77829361,439.5156555,925.4289551,104,070801030404
913,F070801030404_107,2387.792233,318323.1078,78.62580872,18083.93555,21274.56836,141.5264587,1533.203247,25.16025925,3.931290388,78.62580872,0.008891727,1950.618042,604.6915894,0.003312113,28.68893242,57377.86719,21.22981071,8.10333E-05,39358.50391,29.90604782,65.08856201,851.8180542,1853.92627,104,070801030404
914,F070801030404_117,2005.134679,160370.7692,39.6115799,9110.663086,11492.90332,71.30084229,772.4257813,12.67570591,1.980579019,39.6115799,0.004479641,982.7033691,304.638031,0.001668612,17.79401016,35588.01953,13.16756725,5.026E-05,20603.56641,29.90651894,67.6329422,691.9017944,1564.720825,104,070801030404
915,F070801030404_119,1838.8296,185493.1967,45.81681824,10537.86816,13741.37793,82.47027588,893.4279785,14.66138172,2.290840864,45.81681824,0.005181386,1136.637939,352.3577576,0.00192999,20.43475723,40869.51563,15.12172031,5.7719E-05,24279.24609,29.90672874,68.90509796,696.8696899,1605.587524,104,070801030404
916,F070801030404_120,5134.134604,824337.5313,203.6113739,46830.61719,55756.9375,366.5004883,3970.421875,65.15563965,10.1805687,203.6113739,0.023026241,5051.367188,1565.923828,0.008577128,66.90496826,133809.9375,49.50967789,0.000188976,102587.5547,29.90606308,65.51248169,945.8881226,2072.070801,104,070801030602
917,F070801030404_133,1324.927608,90122.69548,22.2603054,5119.870117,3846.135498,40.06855011,434.0759583,7.123297691,1.113015294,22.2603054,0.002517399,662.9589844,205.5172882,0.001125692,8.951295853,17902.5918,6.623959064,2.52834E-05,8966.005859,24.91211319,43.62652969,772.9320068,1353.572021,104,070801030404
918,F070801030404_161,1186.093868,79544.15015,19.64740562,4518.90332,2754.172363,35.36532974,383.1244202,6.287169933,0.982370257,19.64740562,0.002221909,554.4646606,171.8840485,0.000941471,8.132527351,16265.05469,6.018070221,2.29707E-05,7273.075684,26.29041672,42.3138504,750.8890991,1208.539551,104,070801030404
919,F070801030404_177,2192.584521,263480.2698,65.07962799,14968.31445,18033.56641,117.1433334,1269.052734,20.82548141,3.253981352,65.07962799,0.007359801,1614.526367,500.5031738,0.002741436,30.04158974,60083.17578,22.23077583,8.48539E-05,33001.88281,29.90653229,65.93740845,673.3150024,1484.513306,104,070801030404
920,F070801030404_189,2211.901196,244089.9108,60.29020691,13866.74805,18278.7832,108.5223694,1175.659058,19.29286575,3.014510393,60.29020691,0.006818169,1495.72583,463.6750183,0.002539715,28.01294327,56025.88672,20.72957802,7.91239E-05,32145.53125,29.90617943,69.32772064,668.9353638,1550.708374,104,070801030404
921,F070801030404_239,1999.743845,177489.0924,43.8398056,10083.15527,12719.68262,78.91165161,854.8762207,14.02873802,2.191990376,43.8398056,0.004957807,1087.593018,337.1538391,0.001846713,28.59041405,57180.82813,21.15690613,8.0755E-05,22802.83789,29.9066906,67.6333313,476.5892944,1077.796387,104,070801030404
922,F070801030404_264,1096.487474,68336.10745,16.87901878,3882.174316,5007.329102,30.38223457,329.1408691,5.401286125,0.843950927,16.87901878,0.001908834,418.7254028,129.8048706,0.000710988,7.630157948,15260.31641,5.646317005,2.15518E-05,8889.503906,29.90777016,68.48358917,687.5587158,1574.389771,104,070801030404
923,F070801030405_19,16960.95113,513240.3732,126.7703705,29157.18555,23556.4707,228.1866608,2472.022217,40.56651688,6.33851862,126.7703705,0.014336356,3746.114746,1161.295532,0.006360833,78.22518158,156450.3594,57.88663483,0.000220951,52713.65625,25.10746384,45.39211273,503.6946106,910.6360474,105,070801030405
924,F070801030405_47,1582.15363,127177.4961,31.4128418,7224.953613,8704.498047,56.54311371,612.550415,10.05210972,1.570642114,31.4128418,0.003552452,835.6990967,259.0667114,0.001419001,6.285589218,12571.17773,4.651336193,1.7754E-05,15929.45117,27.88838959,61.48783493,1553.307129,3424.704346,104,070801030405
925,F070801030405_76,2634.515344,47739.63425,11.79168987,2712.088623,2921.508789,21.22504234,229.9379578,3.773340702,0.58958447,11.79168987,0.001333512,292.548645,90.69007874,0.000496742,34.86845779,69736.91406,25.80265808,9.84876E-05,5633.597656,29.90501976,62.11922836,105.1088867,218.3339996,104,070801030405
926,F070801030405_77,7116.503896,193876.1793,47.88741684,11014.10547,10147.34375,86.19734955,933.8046265,15.32397366,2.394370794,47.88741684,0.005415548,1188.042114,368.2930603,0.002017274,150.6743011,301348.625,111.4989853,0.000425587,21161.44922,29.90581894,57.45817947,98.78211212,189.7905121,104,070801030405
927,F070801030405_78,5338.940705,173249.1951,42.79255295,9842.287109,7393.696777,77.02659607,834.4547729,13.69361687,2.139627695,42.79255295,0.004839374,1061.650146,329.1115417,0.001802662,165.6609955,331322,122.5891342,0.000467917,17235.98438,29.9056282,52.37125397,80.28678131,140.5996094,105,070801030405
928,F070801030405_107,3129.296752,62016.88725,15.3181715,3523.179443,4344.539551,27.57270813,298.7043457,4.901814938,0.765908599,15.3181715,0.001732319,380.0291138,117.8090286,0.000645282,47.00749588,94014.99219,34.78554535,0.000132775,7867.71875,29.90585327,66.78366852,101.2828598,226.1778107,105,070801030405
929,F070801030405_109,7254.500607,255591.712,63.13115311,14520.16504,17493.64258,113.6360779,1231.057495,20.20196915,3.15655756,63.13115311,0.007139449,1566.207764,485.5244141,0.002659392,144.2592316,288518.4688,106.7518311,0.000407467,32013.80859,29.90614891,65.93656158,136.0179443,299.8900146,105,070801030405
930,F070801030405_119,2225.24806,258628.917,63.88134384,14692.70898,18742.78711,114.9864197,1245.686157,20.44202995,3.19406724,63.88134384,0.007224288,1669.426514,517.5222168,0.002834655,28.34886932,56697.73828,20.97816277,8.00728E-05,33435.49609,28.39048958,64.60688019,700.3811035,1593.823853,104,070801030405
931,F070801030405_120,912.948813,55368.78283,13.67608929,3145.500488,3923.396729,24.61696053,266.6837463,4.376348495,0.683804452,13.67608929,0.001546617,339.3032837,105.184021,0.000576131,48.67009735,97340.19531,36.01587296,0.000137471,7068.897461,29.90473747,67.20504761,87.33650208,196.2717285,104,070801030405
932,F070801030405_123,3189.036737,632756.5405,156.290863,35946.89844,44836.72266,281.3235474,3047.671875,50.01307678,7.814543247,156.290863,0.017674804,3877.397461,1201.993164,0.006583749,113.6456146,227291.2344,84.09775543,0.000320998,80783.625,29.90607643,67.20805359,427.4418335,960.5919189,104,070801030405
933,F070801030405_124,4056.342864,609015.9952,150.4269562,34598.19922,42664.09375,270.7685242,2933.325684,48.1366272,7.521348,150.4269562,0.017011659,3731.915771,1156.893921,0.006336724,30.16929626,60338.59375,22.32527924,8.52146E-05,77262.29688,29.90611267,66.78425598,1549.731934,3460.753906,104,070801030405
934,F070801030405_127,5665.022564,874999.1858,216.1248016,49708.70313,64820.14453,389.0246582,4214.433594,69.159935,10.80624008,216.1248016,0.024441374,5361.810059,1662.161133,0.009104254,100.0090332,200018.0625,74.00668335,0.00028248,114528.8438,29.90606689,68.90357208,671.6785889,1547.547363,104,070801030405
935,F070801030405_157,1295.041343,56671.98864,13.99798107,3219.535645,2646.737793,25.19636536,272.9606323,4.479353905,0.699899077,13.99798107,0.00158302,395.0244446,122.4575806,0.000670744,4.622275829,9244.551758,3.420484066,1.30558E-05,5866.273438,26.29102707,47.90453339,941.2514648,1715.04187,104,070801030405
936,F070801030405_161,640.7897123,20330.13033,5.021542072,1154.954712,785.770752,9.038775444,97.92006683,1.60689342,0.251077116,5.021542072,0.000567882,141.7223969,43.9339447,0.000240642,,,,,1940.725464,26.28843689,44.17371368,,,104,070801030405
937,F070801030405_199,3204.089189,640801.2214,158.2779083,36403.91797,45922.75391,284.900238,3086.419189,50.6489296,7.913895607,158.2779083,0.017899517,3926.678223,1217.270264,0.006667427,61.40399933,122808,45.43896103,0.000173439,82326.67188,29.90619087,67.63220215,801.1608887,1811.807983,104,070801030405
938,F070801030405_203,9645.245952,256899.3069,63.45412827,14594.44922,13032.20898,114.2174301,1237.355469,20.30532074,3.172706366,63.45412827,0.007175975,1574.224365,488.009552,0.002673004,38.1072731,76214.53906,28.19938278,0.000107636,27626.6582,29.90607262,56.61089706,517.5449829,979.6901855,105,070801030405
939,F070801030405_204,6088.061096,147566.6292,36.44895554,8383.259766,5584.708984,65.60812378,710.7546387,11.66366577,1.822447777,36.44895554,0.004121982,904.262146,280.3212585,0.00153542,147.7611847,295522.375,109.343277,0.000417359,13967.96875,29.90590096,49.82843018,76.66918182,127.744194,105,070801030405
940,F070801030405_209,4763.912966,140774.0444,34.77119064,7997.374023,6461.182617,62.5881424,678.038208,11.12678146,1.738559484,34.77119064,0.003932245,862.631897,267.4158936,0.001464733,20.58241844,41164.83594,15.23098946,5.8136E-05,14458.55664,29.90612793,54.06768036,525.0725098,949.2854614,105,070801030405
941,F070801030405_217,4357.254854,126996.5741,31.36815453,7214.675781,6749.171387,56.462677,611.6790161,10.03780937,1.568407774,31.36815453,0.003547398,834.5266724,258.7032776,0.001417011,16.68014717,33360.29297,12.34330845,4.71139E-05,13963.84766,27.88784027,53.97630692,584.5009766,1131.28894,104,070801030405
942,F070801030405_218,7619.537636,244300.5993,60.34224701,13878.7168,14950.39551,108.6160431,1176.673828,19.30951881,3.017112255,60.34224701,0.006824054,1497.02478,464.0776672,0.00254192,31.14815712,62296.3125,23.04963684,8.79795E-05,28829.11328,29.90602112,62.12131119,602.1229858,1250.740479,104,070801030405
943,F070801030405_222,16106.92334,495758.6653,122.4523926,28164.05078,23552.49219,220.4143066,2387.821777,39.18476486,6.122619629,122.4523926,0.013848039,3037.898682,941.7485962,0.005158296,76.75037384,153500.7344,56.79527664,0.000216785,51716.54297,29.90612411,54.91544342,495.887207,910.5782471,104,070801030405
944,F070801030405_227,948.9854031,24753.21647,6.114044666,1406.230225,876.9984131,11.00528049,119.2238693,1.956494331,0.305702239,6.114044666,0.000691432,151.6959534,47.02574539,0.000257577,3.561103106,7122.206055,2.635216236,1.00585E-05,2283.228516,29.90341187,48.55273438,533.6299438,866.4292603,104,070801030405
945,F070801030405_228,4597.129552,85367.19921,21.08569908,4849.710938,4193.103027,37.95425797,411.1711426,6.747423649,1.05428493,21.08569908,0.002384564,523.12323,162.1681976,0.000888254,13.63754177,27275.08203,10.09178066,3.85199E-05,9042.814453,29.90543747,55.76194763,480.5604858,896.057373,104,070801030405
946,F070801030405_229,3910.538434,632205.9784,156.1548767,35915.62109,47852.09766,281.0787659,3045.02002,49.96955872,7.807744026,156.1548767,0.017659426,4309.077148,1335.813965,0.007316733,35.93581009,71871.625,26.59249878,0.000101502,83767.71875,26.88669395,62.7091217,1350.592163,3150.050781,104,070801030405
947,F070801030405_230,7714.686262,278535.448,68.79825592,15823.59863,17269.73828,123.8368607,1341.56604,22.01544189,3.439912796,68.79825592,0.007780337,1706.816284,529.1130371,0.002898142,29.9681282,59936.25781,22.17641449,8.46464E-05,33093.33594,29.90589523,62.54492569,713.5327759,1492.276245,104,070801030405
948,F070801030405_233,11504.00093,557295.6578,137.6520233,31659.96484,40387.10547,247.7736359,2684.214355,44.04864883,6.882601261,137.6520233,0.015566953,3415.002197,1058.650635,0.00579861,143.0012512,286002.5,105.8209229,0.000403914,72047.07031,29.90596199,68.05556488,299.1843567,680.8395386,104,070801030405
949,F070801030405_249,1527.144169,145065.1619,35.83109665,8241.152344,9227.941406,64.49597168,698.7063599,11.46595097,1.791554809,35.83109665,0.004052109,1011.190308,313.4689941,0.001716982,8.488593102,16977.18555,6.28155899,2.39764E-05,17469.09375,26.29016685,55.72829819,1311.959717,2781.012451,104,070801030405
950,F070801030405_270,3772.95755,86301.6226,21.31650162,4902.79541,5628.835938,38.36970139,415.6717834,6.821280479,1.065825105,21.31650162,0.002410665,528.8287964,163.9369202,0.000897941,10.99517345,21990.34766,8.136428833,3.10564E-05,10531.63086,29.90659714,64.24197388,602.5733643,1294.380005,105,070801030405
951,F070801030405_271,3900.048215,113914.8435,28.13696671,6471.502441,5687.04248,50.6465416,548.6708374,9.003829002,1.406848311,28.13696671,0.003181986,698.0410156,216.3927155,0.001185261,15.40554428,30811.08789,11.40010262,4.35137E-05,12158.54492,29.90628624,56.18740463,567.6705322,1066.529419,105,070801030405
952,F070801030405_272,1935.017606,135879.7645,33.56230164,7719.32959,8534.22168,60.41214371,654.4649048,10.73993683,1.678115129,33.56230164,0.003795533,832.6234741,258.1132813,0.001413779,76.12957001,152259.1406,56.33588028,0.000215032,16253.55078,29.90675163,62.97061157,137.0233307,288.5115356,105,070801030405
953,F070801030405_283,3358.014196,620199.8791,153.1893768,35233.55859,45445.15625,275.7408752,2987.192871,49.02059937,7.659468651,153.1893768,0.017324058,3800.453613,1178.140625,0.0064531,71.62044525,143240.8906,52.99913025,0.000202295,80678.71875,29.90607262,68.47969818,664.7950439,1522.265015,104,070801030405
954,F070801030405_285,2178.590572,221853.7842,54.79788589,12603.51367,16434.98242,98.63619232,1068.558716,17.5353241,2.73989439,54.79788589,0.006197047,1359.447266,421.4286499,0.002308316,40.72762299,81455.24219,30.13844109,0.000115037,29038.49609,29.90663719,68.90489197,418.1873169,963.5036011,104,070801030405
955,F070801030405_286,2634.298876,397204.4985,98.10951233,22565.1875,27186.14453,176.5971222,1913.135498,31.39504433,4.905475616,98.10951233,0.011095123,2434.005615,754.541748,0.004132897,52.37815094,104756.2969,38.75983047,0.000147945,49751.33203,29.90581703,65.93582153,582.1797485,1283.579712,104,070801030405
956,F070801030405_297,2432.726379,336433.6953,83.09912109,19112.79688,13816.05859,149.5784149,1620.432861,26.59171867,4.154955864,83.09912109,0.00939761,2345.17041,727.0028076,0.003982056,36.87837601,73756.75,27.28999901,0.000104165,32928.85547,26.28985214,45.29398727,700.3590088,1206.627197,104,070801030405
957,F070801030405_306,7835.35765,182996.0277,45.20001984,10396.00488,6925.546875,81.36003876,881.4003906,14.46400642,2.260000944,45.20001984,0.005111632,1121.34668,347.6174622,0.001904026,142.1077881,284215.5625,105.1597595,0.00040139,17321.55078,29.90645218,49.8293457,98.85915375,164.7165375,105,070801030405
958,F070801030405_312,2382.345499,318832.2063,78.7515564,18112.85742,23619.16406,141.7528076,1535.655396,25.20049858,3.937577724,78.7515564,0.008905948,1953.722534,605.6539917,0.003317385,43.58258057,87165.15625,32.25111008,0.000123101,41732.02344,29.90627861,68.90406799,561.6196289,1293.97168,104,070801030405
959,F070801030405_331,3054.934441,354868.582,87.65254211,20160.08398,25145.76172,157.7745819,1709.224609,28.04881287,4.38262701,87.65254211,0.009912553,2473.67334,766.8387451,0.004200251,48.5973587,97194.71875,35.96204376,0.000137266,45305.84375,26.28986168,59.0813179,560.5933838,1259.823975,104,070801030405
960,F070801030405_335,1117.605163,57122.22234,14.10918903,3245.113525,2621.769287,25.39653969,275.1291809,4.514940262,0.705459476,14.10918903,0.001595596,412.0960693,127.7497787,0.000699731,56.32907867,112658.1641,41.68351746,0.000159104,5866.882813,25.40210724,45.92479706,77.85124207,140.7482605,105,070801030405
961,F070801030405_336,1630.663984,41944.86118,10.36038113,2382.887695,2398.013916,18.64868546,202.0274353,3.315321922,0.51801908,10.36038113,0.001171647,285.8945618,88.62731171,0.000485444,22.61534309,45230.6875,16.73535347,6.38781E-05,4780.901367,26.88660622,53.94388199,142.3864594,285.6767578,105,070801030405
962,F070801030405_343,7863.260662,207058.3454,51.14340973,11762.98438,13004.74512,92.05813599,997.2965088,16.3658905,2.557170391,51.14340973,0.005783766,1268.811401,393.331543,0.002154418,30.26901436,60538.02734,22.39907074,8.54963E-05,24767.73047,29.90602875,62.96909332,525.1550293,1105.748169,105,070801030405
963,F070801030405_371,1629.173219,116455.966,28.76462364,6615.863281,8064.451172,51.77632141,560.9101563,9.204679489,1.43823123,28.76462364,0.003252967,751.722229,233.0338898,0.00127641,9.996944427,19993.88867,7.397738934,2.82369E-05,14680.31445,28.3901329,62.99647903,894.3088379,1984.432617,104,070801030405
964,F070801030405_437,12230.93863,713948.0858,176.3451843,40559.39063,51164.78906,317.4213257,3438.731201,56.43045807,8.817258835,176.3451843,0.019942731,4374.925293,1356.226807,0.007428542,176.0836945,352167.4063,130.3019409,0.000497357,91724.17969,29.90605354,67.63188934,311.2723389,703.9356079,104,070801030405
965,F070801030405_439,2884.796178,84499.77511,20.8714447,4800.432129,5579.352051,37.5685997,406.9931641,6.678862095,1.043572187,20.8714447,0.002360334,517.7828979,160.5126953,0.000879186,50.38103867,100762.0781,37.28196716,0.000142304,10379.78418,29.90686798,64.66643524,128.7601624,278.4129944,105,070801030405
966,F070801030405_442,12093.01252,295209.0292,72.91663361,16770.82617,13311.66016,131.249939,1421.87439,23.33332253,3.645831585,72.91663361,0.008246081,1808.972656,560.7814941,0.003071602,255.2032166,510406.4375,188.8503876,0.000720834,30082.48633,29.90616989,53.64386368,88.80482483,159.2926941,105,070801030405
967,F070801030405_456,6400.601194,128753.9474,31.80222511,7314.511719,6427.865723,57.2440033,620.1433716,10.17671204,1.590111256,31.80222511,0.003596487,831.1018677,257.641571,0.001411195,125.2898026,250579.6094,92.71445465,0.000353887,13742.37695,28.3902626,53.3391304,78.89289856,148.2225952,105,070801030402
968,F070801030405_474,7464.64194,239554.4874,59.16996002,13609.09082,13309.69141,106.505928,1153.814209,18.93438721,2.958498001,59.16996002,0.006691481,1467.94165,455.0619202,0.002492538,158.9841461,317968.3125,117.6482697,0.000449058,26918.78125,29.90601921,59.15410614,115.6760788,228.8072815,105,070801030405
969,F070801030405_478,5800.60878,180918.5701,44.68688583,10277.9834,9469.149414,80.43639374,871.3942871,14.29980373,2.234344244,44.68688583,0.005053603,1108.613037,343.6700439,0.001882404,21.02636719,42052.73438,15.55951214,5.939E-05,19747.13281,29.90654373,57.45956802,660.5595093,1269.135742,105,070801030405
970,F070801030405_488,2870.64056,114937.3915,28.3895359,6529.593262,3979.645508,51.10116577,553.5959473,9.084651947,1.419476748,28.3895359,0.003210549,704.3029175,218.3339081,0.001195893,98.61199188,197223.9844,72.9728775,0.000278534,10509.23828,29.90645599,48.13378906,89.4797287,144.0156708,105,070801030405
971,F070801030405_495,1771.183008,45406.06917,11.21529865,2579.518799,2705.578857,20.18753815,218.6983185,3.588895559,0.560764909,11.21529865,0.001268329,278.2263184,86.25016022,0.000472423,49.08602142,98172.04688,36.32365417,0.000138646,5285.097656,29.90740967,61.27638245,71.0148468,145.5001678,105,070801030405
972,F070801030405_520,2535.265851,60622.77866,14.97382641,3443.97998,3465.841553,26.95288849,291.989624,4.791624546,0.74869132,14.97382641,0.001693378,371.5006104,115.1651917,0.000630801,35.15967178,70319.34375,26.01815796,9.93102E-05,6909.821289,29.90469551,59.99921799,132.3683319,265.5768738,104,070801030405
973,F070801030405_525,5788.049145,144436.5075,35.67581558,8205.4375,9304.25293,64.21646881,695.6784058,11.41626072,1.783790827,35.67581558,0.004034548,885.0792847,274.3745728,0.001502848,19.05743408,38114.86719,14.10250092,5.38286E-05,17509.69141,29.90596962,63.81674194,581.8427124,1241.601807,105,070801030405
974,F070801030405_531,3106.221424,112574.8539,27.80598831,6395.377441,4804.318848,50.05077744,542.2167969,8.89791584,1.390299439,27.80598831,0.003144556,689.8219604,213.8448029,0.001171305,89.0300293,178060.0625,65.88222504,0.00025147,11199.69629,29.90662956,52.37301254,97.07288361,169.9957275,105,070801030405
975,F070801030405_535,3539.264041,115630.3269,28.56068993,6568.958496,5586.471191,51.40924072,556.9334717,9.139420509,1.428034544,28.56068993,0.003229905,708.559082,219.6533203,0.00120312,68.63568878,137271.375,50.79040909,0.000193865,12155.42969,29.90602875,55.3391571,129.3346252,239.3253021,105,070801030405
976,F070801030405_541,1401.546759,120497.786,29.7629528,6845.479004,8441.367188,53.57331467,580.3775635,9.524145126,1.488147616,29.7629528,0.003365868,738.4041748,228.9052887,0.001253797,5.964396477,11928.79297,4.413653374,1.68467E-05,15286.8457,29.9052906,66.78240204,1550.977905,3463.535645,104,070801030405
977,F070801030405_542,1372.787285,92552.72327,22.86052322,5257.92041,6930.854004,41.14894104,445.7802124,7.315367222,1.143026114,22.86052322,0.002585277,567.1394653,175.8132324,0.000962992,5.405843258,10811.68652,4.000324249,1.52691E-05,12188.77441,29.90628433,69.32797241,1314.373535,3046.946533,104,070801030405
978,F070801030405_551,1843.232965,137796.2301,34.03566742,7828.203613,9320.326172,61.26420212,663.6954956,10.89141369,1.701783419,34.03566742,0.003849065,844.4040527,261.7652588,0.001433782,12.07247925,24144.95898,8.933634758,3.40993E-05,17148.5293,29.90543365,65.51110077,876.2619019,1919.546753,104,070801030405
979,F070801030405_559,6757.724194,272473.5553,67.30096436,15479.22168,15138.67871,121.1417389,1312.368774,21.53630829,3.36504817,67.30096436,0.00761101,1669.640625,517.588623,0.002835019,163.4683838,326936.7813,120.9666061,0.000461724,30617.90039,29.90641785,59.15489578,127.9627686,253.1103516,104,070801030405
980,F070801030405_563,2860.15854,61088.24988,15.08879757,3470.42334,3197.315918,27.15983582,294.2315674,4.828415394,0.75443989,15.08879757,0.00170638,374.3523254,116.0492172,0.000635643,7.277701378,14555.40234,5.385499001,2.05562E-05,6667.739258,29.90475464,57.4561348,644.4014282,1238.091309,105,070801030405
981,F070801030405_574,4335.359128,114182.8211,28.20315742,6486.726074,6435.959961,50.76568222,549.9615479,9.025010109,1.410157919,28.20315742,0.003189472,699.6914063,216.9043427,0.001188063,15.74102688,31482.05273,11.64836025,4.44613E-05,12922.68555,29.90592957,59.57780838,556.8789063,1109.399536,105,070801030405
982,F070801030405_696,1128.08933,73574.09695,18.17280197,4179.744629,5094.925293,32.71104431,354.3696289,5.81529665,0.908640087,18.17280197,0.002055147,501.490509,155.4620514,0.000851522,8.254833221,16509.66602,6.108576775,2.33162E-05,9274.669922,26.88594818,59.65873718,684.2419434,1518.302856,104,070801030405
983,F070801030406_9,3351.140764,478497.4047,118.188858,27183.4375,31208.94922,212.7399445,2304.682617,37.82043457,5.909442902,118.188858,0.01336588,2932.124512,908.9586182,0.004978693,90.98831177,181976.625,67.33135223,0.000257001,58392.38672,29.90613365,64.24097443,403.7262878,867.2391968,104,070801030406
984,F070801030406_13,3800.347459,141702.0083,35.00039673,8050.091309,7872.988281,63.00071335,682.5077515,11.20012665,1.750019789,35.00039673,0.003958166,868.2976685,269.1722717,0.001474353,75.27790833,150555.8125,55.70565033,0.000212626,15923.08008,29.90683746,59.15572357,144.5112152,285.8431702,104,070801030406
985,F070801030406_35,18155.64959,822600.4617,203.182312,46731.93359,47028.57813,365.7281494,3962.055176,65.01834106,10.15911579,203.182312,0.022977719,5606.812012,1738.111694,0.009520262,611.9387207,1223877.5,452.8346558,0.001728451,93760.51563,26.88661194,53.94389725,103.1986694,207.0524292,108,070801030406
986,F070801030406_38,4511.016758,106346.8177,26.26766396,6041.5625,5223.587891,47.2817955,512.2194214,8.405652046,1.313383222,26.26766396,0.002970588,686.4664917,212.8046112,0.001165607,114.5698166,229139.625,84.78166199,0.000323608,11265.15039,28.39018631,52.93658829,71.26025391,132.8724823,108,070801030406
987,F070801030406_39,1778.86316,119897.88,29.61477661,6811.398438,8302.798828,53.30659866,577.4881592,9.476728439,1.480738878,29.61477661,0.00334911,881.9828491,273.4146729,0.00149759,12.99406719,25988.13477,9.615610123,3.67024E-05,15114.19727,24.91233635,55.27939224,708.3688354,1571.8396,108,070801030406
988,F070801030406_41,6891.800575,261038.5166,64.47651672,14829.59863,15133.92773,116.0577316,1257.292114,20.63248444,3.223825932,64.47651672,0.007291595,1920.259277,595.2803955,0.003260565,166.7109833,333421.9375,123.366127,0.000470883,29963.52734,24.91195488,50.33514786,120.2080231,242.8829346,108,070801030406
989,F070801030406_45,3595.514928,135902.8964,33.56801605,7720.643555,9411.126953,60.42242813,654.5762939,10.74176502,1.678400755,33.56801605,0.003796179,832.7816162,258.1622925,0.001414048,54.25367355,108507.3516,40.14772034,0.000153242,17131.76953,29.90616226,66.360466,192.3059082,426.7183533,108,070801030406
990,F070801030406_49,2972.992232,48359.90637,11.9448967,2747.326172,2141.720459,21.50081444,232.9254913,3.822366953,0.597244859,11.9448967,0.001350838,312.1610718,96.76993561,0.000530044,45.42934799,90858.69531,33.61771774,0.000128317,4889.046875,28.39028549,50.5223732,81.7225647,145.4306641,108,070801030406
991,F070801030406_50,3042.183909,89225.04987,22.03858757,5068.875,4957.359863,39.66945648,429.7524719,7.052348137,1.101929426,22.03858757,0.002492325,608.1429443,188.5243073,0.001032615,9.214393616,18428.78711,6.818651199,2.60265E-05,10026.23438,26.88711739,53.18271255,743.3838501,1470.413208,108,070801030406
992,F070801030406_53,2686.053555,254196.4844,62.78653336,14440.90234,17398.14648,113.0157623,1224.337402,20.09169006,3.139326572,62.78653336,0.007100477,1557.639771,482.8683167,0.002644843,35.37445831,70748.92188,26.17709923,9.99169E-05,31839.04883,29.90650177,65.93733215,551.6616821,1216.293945,104,070801030406
993,F070801030406_54,3827.956653,127766.6372,31.55835915,7258.422363,8333.300781,56.80504608,615.3880005,10.09867477,1.577917933,31.55835915,0.003568908,870.8424683,269.9611511,0.001478674,44.3014183,88602.83594,32.78305054,0.000125132,15591.72266,26.88691521,57.75543213,221.4077759,475.6031799,108,070801030406
994,F070801030406_59,967.8755681,41250.74621,10.18893433,2343.454834,2092.603027,18.34008217,198.6842194,3.260458946,0.50944674,10.18893433,0.001152258,287.5281067,89.13371277,0.000488217,23.09651566,46193.03125,17.09142113,6.52372E-05,4436.057617,26.29145241,49.76857376,137.1129303,259.5487976,104,070801030406
995,F070801030406_60,7439.156573,187176.5293,46.23260117,10633.49805,9495.25293,83.21868134,901.5357056,14.79443264,2.311630011,46.23260117,0.005228406,1304.73645,404.4682922,0.002215418,109.2672653,218534.5313,80.85777283,0.000308631,20128.75,26.29006577,49.76595306,131.508667,248.9402008,104,070801030406
996,F070801030406_72,2209.963083,283471.6552,70.01750183,16104.02539,18488.82227,126.0315018,1365.341309,22.4056015,3.500874996,70.01750183,0.007918221,1975.966431,612.5496216,0.003355155,26.01017761,52020.35547,19.24753189,7.3467E-05,34592.84766,26.29015732,56.47354507,836.6799927,1797.261475,104,070801030406
997,F070801030406_75,1088.503212,63615.52779,15.71303558,3613.998291,3432.041016,28.28346443,306.4042053,5.028171539,0.785651803,15.71303558,0.001776974,410.646698,127.3004761,0.000697271,9.245819092,18491.63867,6.841906071,2.61153E-05,7046.039063,28.38951111,55.3496666,528.2151489,1029.835693,104,070801030406
998,F070801030406_87,10416.04315,398656.5511,98.46817017,22647.67969,25359.49414,177.2427063,1920.129272,31.50981522,4.923408508,98.46817017,0.011135683,2717.217285,842.3373413,0.004613785,38.81656647,77633.13281,28.72425842,0.000109639,48007.17188,26.88670921,56.9928093,788.451355,1671.311157,104,070801030406
999,F070801030406_89,3042.960683,191587.8636,47.32220078,10884.10645,14192.87305,85.17996216,922.7828979,15.14310455,2.366110086,47.32220078,0.005351628,1174.027588,363.9485474,0.001993477,12.39101696,24782.0332,9.169352531,3.4999E-05,25076.98047,29.90561867,68.90254211,1187.009277,2734.869385,104,070801030406
1000,F070801030406_98,2295.634662,300514.3127,74.22703552,17072.21875,22020.18945,133.6086578,1447.427246,23.75265121,3.711351871,74.22703552,0.008394274,2048.297363,634.972168,0.003477971,65.67127991,131342.5625,48.59674835,0.000185492,39092.40625,26.88656235,61.56554413,351.3037109,804.4243164,108,070801030406
1001,F070801030406_99,1177.000175,67103.24765,16.57450294,3812.135742,3674.236572,29.83410454,323.2028198,5.303841114,0.828725159,16.57450294,0.001874397,484.1002197,150.0710754,0.000821993,3.91450119,7829.002441,2.8967309,1.10567E-05,7486.37207,25.40220261,49.88550949,1316.013062,2584.420898,108,070801030406
1002,F070801030406_100,8625.377885,315218.2897,77.85891724,17907.55078,9898.982422,140.1460571,1518.248901,24.91485405,3.892945766,77.85891724,0.008805,2300.760254,713.2356567,0.003906648,334.2250366,668450.0625,247.3265228,0.000944035,27806.5332,25.107481,38.98645782,72.40448761,112.4284286,108,070801030406
1003,F070801030406_101,2980.792176,232975.7856,57.54501724,13235.35352,17071.30664,103.5810318,1122.127808,18.41440582,2.87725091,57.54501724,0.006507718,1623.989258,503.436676,0.002757504,41.60738373,83214.76563,30.78946304,0.000117522,30306.66016,26.29000664,60.19954681,429.866333,984.3192139,108,070801030406
1004,F070801030406_102,1661.775782,166075.5984,41.02067184,9434.754883,12035.46484,73.83721161,799.9030762,13.12661457,2.051033497,41.02067184,0.004638994,1212.194946,375.780426,0.002058285,9.400660515,18801.32031,6.956488609,2.65526E-05,21470.21875,25.10709572,57.13500977,1356.252441,3086.358643,104,070801030406
1005,F070801030406_124,939.5944893,27494.41394,6.791120052,1561.957642,1859.680298,12.22401619,132.4268341,2.173158407,0.339556009,6.791120052,0.000768002,202.2469635,62.69655991,0.000343412,,,,,3421.637939,24.9129715,54.57457352,,,108,070801030406
1006,F070801030406_129,7441.827319,233423.2103,57.65553284,13260.77246,12969.03711,103.7799606,1124.282837,18.44976997,2.882776737,57.65553284,0.006520216,1627.10022,504.401062,0.002762786,165.0447235,330089.4375,122.1330948,0.000466177,26229.80859,26.29013634,52.00188828,108.5764084,214.7641296,108,070801030406
1007,F070801030406_134,14418.32965,548886.0269,135.5748444,31182.21484,17678.95898,244.0347137,2643.709473,43.38394928,6.778742313,135.5748444,0.015332046,4006.286621,1241.948853,0.0068026,104.498085,208996.1719,77.32858276,0.00029516,48861.17188,25.10748672,39.34233856,403.2430725,631.8643188,108,070801030406
1008,F070801030406_139,7501.892982,211008.6382,52.119133,11987.40039,10874.13672,93.81443787,1016.32312,16.67812347,2.605956554,52.119133,0.005894109,1293.016113,400.8349915,0.002195517,136.3432465,272686.5,100.8940048,0.000385108,22861.53711,29.90607262,57.03478241,118.811821,226.5896454,108,070801030406
1009,F070801030406_149,1328.097443,79469.3989,19.62894058,4514.65625,5631.150391,35.33209229,382.7643433,6.281260967,0.981447041,19.62894058,0.002219821,486.9906616,150.9671021,0.000826901,,,,,10145.80664,29.9049015,67.20541382,,,104,070801030406
1010,F070801030406_160,2131.700752,171480.1944,42.35560989,9741.790039,12012.89844,76.24009705,825.9343872,13.55379486,2.117780447,42.35560989,0.004789961,1050.785034,325.7433472,0.001784213,21.92730331,43854.60547,16.22620392,6.19347E-05,21754.6875,29.90633583,66.78475189,600.3739624,1340.713257,104,070801030406
1011,F070801030406_197,18807.33383,472345.8367,116.6694183,26833.9668,18636.77539,210.0049591,2275.053711,37.33421326,5.833470821,116.6694183,0.013194047,3048.963623,945.1787109,0.005177083,339.8018494,679603.6875,251.4533691,0.000959787,45470.74219,28.39036369,48.10808945,106.715477,180.8317108,104,070801030406
1012,F070801030406_199,3071.399846,82114.49212,20.28227997,4664.924316,4496.175293,36.50810242,395.5044556,6.490329742,1.014114022,20.28227997,0.002293706,581.1330566,180.1512451,0.000986753,2.909831047,5819.662109,2.153275013,8.21896E-06,9161.099609,25.89448929,50.85226822,2166.432129,4254.496094,104,070801030406
1013,F070801030406_237,2018.860067,145029.2194,35.82221603,8239.109375,10276.67773,64.4799881,698.5332031,11.46310902,1.791110754,35.82221603,0.004051105,1066.854004,330.7247314,0.001811498,15.05325603,30106.51367,11.13940907,4.25186E-05,18515.78711,24.91228676,55.98549271,739.6361084,1662.1875,108,070801030406
1014,F070801030406_240,1016.488105,58263.66442,14.39112473,3309.95874,3190.224121,25.90402412,280.6269226,4.60515976,0.719556212,14.39112473,0.00162748,357.0090942,110.672821,0.000606195,47.21150208,94423,34.93651199,0.000133351,6500.182617,29.90760231,58.73332214,94.74210358,186.0570068,108,070801030406
1015,F070801030406_243,2992.638801,68691.15029,16.96671486,3902.344482,2654.951172,30.54008675,330.8509521,5.429348946,0.848335743,16.96671486,0.001918752,420.9147339,130.4835663,0.000714705,48.86594391,97731.89063,36.16079712,0.000138024,6557.295898,29.90678978,50.25380707,107.9164429,181.3371429,108,070801030406
1016,F070801030406_251,6377.056945,158911.0939,39.25104141,9027.739258,7293.628418,70.65187073,765.3953247,12.56033325,1.962552071,39.25104141,0.004438867,973.7735596,301.869812,0.001653449,24.13001823,48260.03516,17.85621262,6.81564E-05,16321.36719,29.9060688,54.06756973,505.5797424,914.0441895,108,070801030406
1017,F070801030406_255,3063.607122,70524.38151,17.41952133,4006.48999,2952.957275,31.35513878,339.6806641,5.574246883,0.87097609,17.41952133,0.001969959,432.1546021,133.967926,0.000733791,12.20372391,24407.44727,9.030755997,3.447E-05,6959.447266,29.90633774,51.9486084,443.6494446,770.6383667,108,070801030406
1018,F070801030406_272,5390.425767,207587.9583,51.27422714,11793.07227,12870.85547,92.29360962,999.8474121,16.40775299,2.563711405,51.27422714,0.00579856,1447.039063,448.5821228,0.002457045,92.70444489,185408.875,68.60128784,0.000261848,24663.92773,26.28966141,54.98196793,171.9074402,359.5257263,108,070801030406
1019,F070801030406_276,1034.026168,24084.67784,5.948915482,1368.25061,1609.656982,10.70804787,116.0038528,1.903652906,0.297445774,5.948915482,0.000672758,175.8049316,54.49952698,0.000298514,,,,,2977.907715,25.10573387,54.64098358,,,108,070801030406
1020,F070801030406_309,2414.460322,34675.61189,8.564876556,1969.921631,2457.092041,15.41677761,167.0150909,2.740760565,0.428243816,8.564876556,0.000968595,253.09935,78.46080017,0.000429758,,,,,4427.013672,25.10708046,56.42325592,,,108,070801030406
1021,F070801030406_338,5287.966896,263229.9747,65.01780701,14954.0957,12505.52344,117.0320511,1267.84729,20.80569839,3.250890255,65.01780701,0.007352809,1613.027344,500.0384827,0.00273889,219.190155,438380.3125,162.2007141,0.000619113,27459.61914,29.90588951,54.91501236,92.19500732,169.2940674,108,070801030406
1022,F070801030406_341,3955.181787,124345.3345,30.71329689,7064.058105,5206.518555,55.28393555,598.9093018,9.8282547,1.535664797,30.71329689,0.003473341,866.7528687,268.6933899,0.00147173,136.9780731,273956.1563,101.3637772,0.000386901,12270.57617,26.29040527,45.66757584,69.69016266,121.0548401,108,070801030406
1023,F070801030406_346,3229.622859,652624.9213,161.198349,37075.62109,47295.60156,290.1570435,3143.36792,51.58347321,8.05991745,161.198349,0.018229786,3999.118408,1239.726685,0.006790429,80.12682343,160253.6563,59.29384995,0.000226322,84371.21875,29.90628624,68.05630493,625.2861328,1422.933716,104,070801030406
1024,F070801030406_348,6506.728735,239484.9581,59.15278625,13605.14063,11570.28613,106.4750137,1153.47937,18.92889214,2.957639217,59.15278625,0.006689539,1467.523682,454.9323425,0.002491828,34.45703888,68914.07813,25.498209,9.73256E-05,25175.42578,29.90585518,55.33883667,533.5723877,987.3409424,108,070801030406
1025,F070801030406_349,3483.460409,757203.2624,187.0292053,43016.71875,38448.64844,336.6525574,3647.06958,59.84934616,9.351460457,187.0292053,0.021150976,5161.061523,1599.929077,0.008763387,108.5781097,217156.2344,80.34780121,0.000306684,81465.36719,26.88664055,50.91810989,535.3814087,1013.909119,108,070801030406
1026,F070801030406_359,6026.190444,1160345.062,286.6052246,65919.20313,42044.98828,515.8894043,5588.801758,91.71366882,14.33026123,286.6052246,0.032411944,7625.008789,2363.752686,0.012947123,1354.46521,2708930.5,1002.30426,0.003825753,107964.1875,27.88752174,45.67490768,65.76765442,107.7159805,108,070801030406
1027,F070801030406_361,2787.747527,282557.2052,69.79162598,16052.07422,20704.38281,125.6249237,1360.936768,22.33332062,3.489581347,69.79162598,0.007892677,1925.916382,597.0340576,0.00327017,12.56661892,25133.23828,9.299298286,3.5495E-05,36756.45703,26.88636208,61.56509399,1726.15979,3952.605469,104,070801030406
1028,F070801030406_362,6320.53181,280275.0743,69.22794342,15922.42676,19634.42578,124.6102982,1349.944946,22.15294266,3.461397171,69.22794342,0.00782893,1910.34668,592.2074585,0.003243733,18.9248333,37849.66797,14.00437641,5.34541E-05,35556.85156,26.88656998,60.04121017,1136.960815,2538.981445,108,070801030406
1029,F070801030406_366,3688.698157,188175.2762,46.47929382,10690.2373,13637.02441,83.66272736,906.3462524,14.87337399,2.323964596,46.47929382,0.005256305,1153.091919,357.4584961,0.001957929,49.94639206,99892.78906,36.96033096,0.000141076,24327.26172,29.90623283,68.05618286,289.2354431,658.1992188,104,070801030406
1030,F070801030406_369,2290.533234,305725.5034,75.5141983,17368.26563,21909.68945,135.9255524,1472.526855,24.16454315,3.775709867,75.5141983,0.008539838,1873.430298,580.7633667,0.00318105,73.74234009,147484.6875,54.56933212,0.000208289,39277.95313,29.90592575,67.6315918,318.2788696,719.7807007,104,070801030406
1031,F070801030406_370,2411.79285,209743.4617,51.80663681,11915.52637,15537.84668,93.2519455,1010.229431,16.57812309,2.590331793,51.80663681,0.005858769,1285.252441,398.4282532,0.002182335,54.49617386,108992.3516,40.32716751,0.000153927,27453.37305,29.9063282,68.90418243,295.4714355,680.7662354,104,070801030406
1032,F070801030406_372,2435.29394,302684.1723,74.76299286,17195.48828,22422.91211,134.5733948,1457.878418,23.9241581,3.738149643,74.76299286,0.008454884,2063.094971,639.5594482,0.003503097,45.8521347,91704.26563,33.93058014,0.000129512,39618.39844,26.88645744,61.94638824,506.7843933,1167.630981,104,070801030406
1033,F070801030406_374,5013.759646,294300.4489,72.69220734,16719.20703,21090.91406,130.8459778,1417.498047,23.26150703,3.634610415,72.69220734,0.008220701,1933.973145,599.5316772,0.003283851,53.93913651,107878.2734,39.91496277,0.000152354,37810.12109,27.88711166,63.06609344,418.8706665,947.2668457,104,070801030406
1034,F070801030406_382,1777.06765,157571.7447,38.92021942,8951.650391,11546.07227,70.05639648,758.9442749,12.45447063,1.946010947,38.92021942,0.004401455,965.5507813,299.3207397,0.001639487,41.29231644,82584.63281,30.55631447,0.000116632,20497.72266,29.90654945,68.48079681,292.9558411,670.8178711,104,070801030406
1035,F070801030406_384,3183.817898,619716.5106,153.0699768,35206.09375,44910.73438,275.5259705,2984.864502,48.98239136,7.65349865,153.0699768,0.017310556,4000.239746,1240.074341,0.006792333,99.36930084,198738.6094,73.53327942,0.000280673,80116.82813,28.39030838,64.6064682,478.7776794,1089.531494,104,070801030406
1036,F070801030406_385,10725.25955,561752.4475,138.7528534,31913.15625,40257.75781,249.7551422,2705.680664,44.40091324,6.937642574,138.7528534,0.015691444,3626.071289,1124.082153,0.006157002,196.1250916,392250.1875,145.1325684,0.000553965,72170.91406,28.39041328,64.20430756,219.8896942,497.2757874,108,070801030406
1037,F070801030406_386,5488.205912,151763.9722,37.48570251,8621.711914,9287.457031,67.47426605,730.9711914,11.99542522,1.874285102,37.48570251,0.004239227,1034.419067,320.6699219,0.001756424,83.06576538,166131.5313,61.46866608,0.000234623,17909.16797,26.88656235,55.84922791,140.2619019,291.3544312,108,070801030406
1038,F070801030406_391,6740.748287,939422.2482,232.0372925,53368.57813,62029.76953,417.6671143,4524.727051,74.25193024,11.60186481,232.0372925,0.026240904,5756.574707,1784.538208,0.009774557,309.7858887,619571.8125,229.2415619,0.000875005,115398.3438,29.90609932,64.66566467,232.8049774,503.3919067,108,070801030406
1039,F070801030406_392,9928.462257,310040.1179,76.57991028,17613.37891,19472.73828,137.8438416,1493.308228,24.50557137,3.828995466,76.57991028,0.008660358,2113.224365,655.0995483,0.003588216,182.803299,365606.5938,135.2744446,0.000516337,37086.11719,26.88656807,56.61142349,130.2047729,274.1546326,108,070801030406
1040,F070801030406_393,5869.391211,223940.5272,55.31330872,12722.06055,12983.14063,99.56395721,1078.609497,17.70025826,2.765665531,55.31330872,0.006255336,1526.353516,473.1695862,0.00259172,26.10661888,52213.23828,19.31889725,7.37394E-05,25705.20117,26.88689423,54.32555771,658.5293579,1330.572876,108,070801030406
1041,F070801030406_395,5348.466483,181479.8971,44.82553482,10309.87305,10375.31543,80.68595886,874.0979004,14.34417152,2.241276741,44.82553482,0.005069282,1171.42981,363.1432495,0.001989066,123.9680176,247936.0313,91.73633575,0.000350154,20685.1875,28.3906498,56.9615097,112.3859253,225.4852142,108,070801030406
1042,F070801030406_405,8033.489164,261369.8281,64.55834961,14848.41992,17468.19727,116.2050323,1258.887817,20.65867233,3.227917433,64.55834961,0.00730085,1687.11853,523.0067139,0.002864696,121.5521393,243104.2813,89.94858551,0.00034333,32316.61719,28.3904953,61.79006195,165.0767517,359.2787781,104,070801030406
1043,F070801030406_412,2058.234607,146661.7171,36.22544479,8331.852539,11100.92383,65.20580292,706.3961792,11.59214211,1.811272264,36.22544479,0.004096705,898.6868896,278.592926,0.001525954,27.39398384,54787.96875,20.27154732,7.73756E-05,19432.77734,29.90690613,69.75330353,411.0121765,958.623291,104,070801030406
1044,F070801030406_414,4556.265981,838617.2072,207.138443,47641.84375,58748.60938,372.8491821,4039.199707,66.28430176,10.35692215,207.138443,0.023425113,5138.836426,1593.039307,0.008725649,191.1447449,382289.5,141.447113,0.000539898,106390.4531,29.90625763,66.78457642,336.8173523,752.1571045,104,070801030406
1045,F070801030406_416,6997.178994,846921.7931,209.189682,48113.625,60694.29688,376.5414429,4079.19873,66.94069672,10.4594841,209.189682,0.023657087,5189.741699,1608.819946,0.008812086,160.0388336,320077.6875,118.4287338,0.000452037,108807.9219,29.90615845,67.63213348,406.2664795,918.7628784,104,070801030406
1046,F070801030406_420,5026.923194,603217.1095,148.9946289,34268.76563,39829.24609,268.1903381,2905.395264,47.67827988,7.44973135,148.9946289,0.016849678,3893.71167,1207.050659,0.006611451,76.28651428,152573.0313,56.45201874,0.000215475,74098.01563,28.3904953,61.38766098,607.0423584,1312.583984,104,070801030406
1047,F070801030406_433,12465.19655,490149.8928,121.0670242,27845.41602,21312.64063,217.920639,2360.806885,38.74144745,6.053351402,121.0670242,0.013691369,3340.829834,1035.657227,0.005672667,474.4163208,948832.625,351.0680847,0.001340012,49158.05469,26.88671112,47.46556473,79.31628418,140.0242767,108,070801030406
1048,F070801030406_435,1346.068896,109894.9203,27.14404488,6243.130371,3628.072998,48.85927963,529.3088989,8.686094284,1.357202291,27.14404488,0.003069697,673.4483032,208.7689667,0.001143503,,,,,9871.203125,29.90449524,47.28290558,,,108,070801030406
1049,F070801030406_438,4862.65725,148004.7509,36.55717468,8408.150391,8580.702148,65.80291748,712.8649292,11.69829559,1.827858686,36.55717468,0.004134221,955.3487549,296.1581116,0.001622165,117.0334625,234066.9375,86.60475922,0.000330567,16988.85156,28.39074898,57.36412811,97.08647156,196.165329,108,070801030406
1050,F070801030406_440,6369.909395,226726.0476,56.00133514,12880.30664,15335.4043,100.8024063,1092.026001,17.92042732,2.80006671,56.00133514,0.006333144,1389.312622,430.6869202,0.002359027,81.45494843,162909.8906,60.27666092,0.000230073,28215.71094,29.90642548,65.51327515,213.6864624,468.1034241,108,070801030406
1051,F070801030406_442,1127.52884,45511.79433,11.24141312,2585.524902,2162.173584,20.23454285,219.20755,3.597252131,0.562070668,11.24141312,0.001271282,278.896637,86.45795441,0.000473561,48.60412216,97208.24219,35.96704865,0.000137285,4747.698242,29.90499687,54.91337585,71.88593292,132.0013275,108,070801030406
1052,F070801030406_445,1625.427189,163669.8047,40.42644119,9298.081055,11202.16797,72.76759338,788.3156128,12.93646145,2.021322012,40.42644119,0.004571793,1002.94281,310.912262,0.001702978,97.2258606,194451.7188,71.94713593,0.000274619,20500.25,29.90580368,65.93580627,129.2349091,284.934906,108,070801030406
1053,F070801030406_446,2740.229533,301724.183,74.52587128,17140.95117,18950.44141,134.1465759,1453.254517,23.84827805,3.726293564,74.52587128,0.008428069,1848.915039,573.1636353,0.003139423,162.4845581,324969.125,120.2385712,0.000458945,36091.39063,29.90585899,62.96873856,142.5578461,300.1648254,108,070801030406
1054,F070801030406_453,9997.608772,391509.5603,96.70285797,22241.6582,16077.81738,174.0651398,1885.705688,30.94491386,4.835143089,96.70285797,0.010936046,2399.081055,743.7151489,0.004073595,68.55076599,137101.5313,50.72756577,0.000193625,38319.47656,29.90615273,51.5243988,438.4530945,755.397522,108,070801030406
1055,F070801030406_455,13714.281,575856.9731,142.2366791,32714.43555,40341.16797,256.0260315,2773.615234,45.51573563,7.111834049,142.2366791,0.016085427,3925.024658,1216.75769,0.006664619,196.7403412,393480.6875,145.5878601,0.000555703,73055.60156,26.88656616,60.04120636,224.7057953,501.7973328,104,070801030406
1056,F070801030406_458,20602.25731,965631.0605,238.5108795,54857.50391,66868.91406,429.3195801,4650.961914,76.3234787,11.92554379,238.5108795,0.026972996,5917.192383,1834.32959,0.010047283,69.24624634,138492.5,51.24222183,0.000195589,121726.4219,29.90602303,66.36016846,1070.552856,2375.510254,104,070801030406
1057,F070801030406_459,12365.93529,442633.0211,109.3303528,25145.98047,26731.27148,196.794632,2131.941895,34.98571396,5.466517448,109.3303528,0.012364078,3016.960693,935.2578125,0.005122744,47.09423447,94188.46875,34.84973526,0.00013302,51877.25,26.88668251,55.46839523,721.5544434,1488.598145,104,070801030406
1058,F070801030406_460,12597.22885,487918.0928,120.51577,27718.62695,26715.93555,216.9283905,2350.057617,38.56504822,6.025788307,120.51577,0.013629028,2989.851318,926.8538818,0.005076712,67.96153259,135923.0625,50.29153442,0.000191961,54434.5625,29.9061451,58.73046875,551.1588745,1082.380249,104,070801030406
1059,F070801030406_462,1475.745044,126807.1346,31.32136154,7203.913086,8985.472656,56.3784523,610.7665405,10.02283573,1.566068053,31.32136154,0.003542107,777.0667725,240.8907013,0.001319445,15.06865311,30137.30469,11.15080357,4.25621E-05,16189.38574,29.90531731,67.20635223,646.0443115,1451.858154,104,070801030406
1060,F070801030406_464,2677.001349,437639.4194,108.0969391,24862.29688,28191.68164,194.5744934,2107.890381,34.59101868,5.404847145,108.0969391,0.012224592,3157.3125,978.7668457,0.005361058,137.3265686,274653.125,101.6216583,0.000387886,53053.97656,25.40165329,54.20491791,244.6554871,522.0735474,104,070801030406
1061,F070801030406_468,8075.181302,234876.8265,58.01457596,13343.35254,9645.50293,104.426239,1131.28418,18.56466484,2.900728703,58.01457596,0.00656082,1439.27832,446.1762695,0.002443868,201.7922516,403584.5313,149.3262634,0.000569972,22988.85547,29.90601158,51.52415466,89.35704041,153.9505157,108,070801030406
1062,F070801030406_479,7255.557854,195277.6036,48.23356628,11093.7207,7075.86377,86.82041931,940.5545654,15.43474102,2.411678314,48.23356628,0.005454694,1260.5177,390.760498,0.002140336,35.71537781,71430.75781,26.42938042,0.00010088,18169.58398,28.39007759,46.49800491,419.7495422,687.4767456,108,070801030406
1063,F070801030406_485,1629.986301,129879.9801,32.0803566,7378.481934,9098.629883,57.74464035,625.5669556,10.26571369,1.604017854,32.0803566,0.003627941,795.8815918,246.7232971,0.001351392,6.108208179,12216.41699,4.520073891,1.72529E-05,16477.11133,29.90589905,66.7837677,1632.380859,3645.319092,104,070801030406
1064,F070801030406_498,7611.324338,251614.097,62.14868164,14294.19727,11548.46875,111.86763,1211.899292,19.88757896,3.107434034,62.14868164,0.007028343,1541.817505,477.9634399,0.002617978,213.4147339,426829.4688,157.9269104,0.0006028,25842.66602,29.90646553,54.06829071,90.51147461,163.6368713,108,070801030406
1065,F070801030406_500,4493.857955,403933.243,99.77150726,22947.44727,13985.96973,179.5887146,1945.544434,31.92688179,4.988575459,99.77150726,0.011283076,2948.302734,913.973877,0.005006163,399.3542175,798708.4375,295.5221252,0.001127995,36933.41797,25.10733414,40.40970993,77.65052032,124.9768295,108,070801030406
1066,F070801030406_509,1258.355965,61589.52673,15.21261311,3498.901123,2380.469727,27.38270378,296.6459656,4.86803627,0.760630667,15.21261311,0.001720382,377.3831482,116.9887772,0.00064079,11.42808819,22856.17773,8.456785202,3.22792E-05,5879.371094,29.90800667,50.25585556,413.7389221,695.2252808,108,070801030406
1067,F070801030406_513,2420.477742,311927.5896,77.04611206,17720.60547,22354.1582,138.6829987,1502.39917,24.65475655,3.852305651,77.04611206,0.008713081,1911.408081,592.536499,0.003245536,52.00889587,104017.7891,38.48658371,0.000146902,40074.76563,29.906353,67.63256836,460.4359131,1041.265869,104,070801030406
1068,F070801030406_514,2494.283951,126368.718,31.21307373,7179.006836,6512.295898,56.18353271,608.6549072,9.988183975,1.560653687,31.21307373,0.00352986,861.3300171,267.0122986,0.001462522,111.9775467,223955.0938,82.86338806,0.000316286,13691.30273,26.88642693,51.27592468,86.63665771,165.2274017,108,070801030406
1069,F070801030406_518,3091.461041,597883.3717,147.6772003,33965.75781,42847.05859,265.8189697,2879.705322,47.25670242,7.383860111,147.6772003,0.016700691,3663.706543,1135.749023,0.006220906,105.3623123,210724.625,77.96810913,0.000297601,76812.8125,29.9060421,67.6318512,435.6365356,985.1824341,104,070801030406
1070,F070801030406_521,9110.266153,286386.8492,70.73754883,16269.63672,16603.51953,127.3275909,1379.382202,22.63601494,3.536877394,70.73754883,0.00799965,1848.59729,573.0651855,0.003138884,250.1704559,500340.9063,185.1261444,0.000706619,32873.15625,28.39055252,57.36372757,87.88405609,177.5716553,108,070801030406
1071,F070801030406_528,2424.795406,322816.0493,79.73556519,18339.17969,23654.35352,143.5240173,1554.843506,25.51538086,3.986778259,79.73556519,0.009017228,1978.147461,613.225708,0.003358858,58.05149841,116102.9922,42.95810699,0.000163969,41993.53125,29.90608406,68.4797287,426.9084778,977.5461426,104,070801030406
1072,F070801030406_533,9958.53316,281528.5709,69.53755951,15993.63867,18137.47656,125.1676102,1355.982422,22.25201988,3.476877928,69.53755951,0.007863944,1725.130127,534.7903442,0.002929239,128.402771,256805.5313,95.01805115,0.00036268,34131.11719,29.90637207,63.82149124,168.322113,359.206665,104,070801030406
1073,F070801030406_541,13682.86726,434100.9597,107.2229385,24661.27539,22370.99023,193.0012817,2090.847412,34.31134033,5.361146927,107.2229385,0.012125753,2660.094238,824.6292114,0.004516791,70.34171295,140683.4219,52.05286789,0.000198684,47032.26563,29.90589523,57.03443909,473.7736206,903.5480347,104,070801030406
1074,F070801030406_550,3549.136461,307390.9076,75.92555237,17462.87695,8910.624023,136.6660004,1480.548218,24.29617691,3.796277523,75.92555237,0.008586357,2019.955688,626.1862793,0.003429847,64.28466797,128569.3281,47.57065582,0.000181575,26373.5,27.88767052,42.11766052,367.0934753,554.4069214,108,070801030406
1075,F070801030406_558,2065.000901,213470.104,52.72711563,12127.23633,14782.5752,94.90880585,1028.178711,16.87267685,2.636355877,52.72711563,0.005962865,1377.922729,427.1560364,0.002339687,63.50970078,127019.4063,46.99717712,0.000179386,26909.8125,28.39064789,62.99761581,258.0418091,572.5836182,108,070801030407
1076,F070801030406_560,10023.4464,315150.675,77.84221649,17903.70898,14464.64063,140.1159973,1517.923218,24.90950966,3.892110825,77.84221649,0.008803112,2196.794922,681.0064087,0.003730117,287.4252625,574850.5625,212.6946869,0.000811847,32368.34961,26.29007339,47.53017044,84.17562866,152.1822205,108,070801030406
1077,F070801030406_563,15615.3349,563288.107,139.1321564,32000.39648,35378.52344,250.4378815,2713.077148,44.52228928,6.956607819,139.1321564,0.015734339,3451.706299,1070.028931,0.005860933,242.0635376,484127.0938,179.1270142,0.00068372,67378.92188,29.90610313,62.96925354,178.6464081,376.1516418,104,070801030406
1078,F070801030406_564,1573.655618,156448.4194,38.64276123,8887.834961,11211.81152,69.55696869,753.5338135,12.36568356,1.932138085,38.64276123,0.004370078,1009.843567,313.0515137,0.001714696,45.34809113,90696.17969,33.55758667,0.000128088,20099.64648,28.39096642,64.20555878,264.8532104,598.9598389,104,070801030406
1079,F070801030406_566,2205.446913,95597.63563,23.61261559,5430.901367,7081.896973,42.50270844,460.4460144,7.556036949,1.180630803,23.61261559,0.002670331,617.0847778,191.2962799,0.001047799,16.62258148,33245.16406,12.30071068,4.69513E-05,12512.79883,28.38999939,65.41056824,441.5112,1017.241943,104,070801030406
1080,F070801030406_572,13644.23952,500191.3135,123.5472565,28415.86914,34234.94531,222.3850555,2409.171387,39.53512192,6.177362919,123.5472565,0.013971856,3065.080322,950.1749268,0.00520445,39.52829361,79056.58594,29.25093651,0.00011165,62650.8125,29.90593529,65.93608093,971.4515991,2141.8396,104,070801030406
1081,F070801030406_573,5427.16432,209515.7902,51.75040054,11902.5918,14508.74316,93.15071869,1009.132813,16.56012726,2.587520123,51.75040054,0.00585241,1283.856689,397.995575,0.002179965,82.6519165,165303.8281,61.16241837,0.000233454,26411.33594,29.90634155,66.36087799,194.6062927,431.822937,108,070801030406
1082,F070801030406_575,3943.750817,103588.7369,25.58641815,5884.875977,5338.352051,46.05555344,498.9351501,8.187653542,1.279320955,25.58641815,0.002893547,634.7593384,196.7753906,0.00107781,99.77889252,199557.7813,73.83638,0.00028183,11223.22852,29.90656471,57.03573227,79.70157623,152.0013428,108,070801030406
1083,F070801030406_578,3838.769997,528139.6415,130.4504852,30003.61133,37423.63672,234.8108673,2543.784424,41.74415588,6.522524357,130.4504852,0.014752537,3236.346436,1003.267395,0.005495256,101.8215866,203643.1719,75.34797668,0.0002876,67427.25,29.90589714,67.20765686,398.2006226,894.8780518,108,070801030406
1084,F070801030406_580,14874.63502,479946.3427,118.5467453,27265.75195,20482.50781,213.38414,2311.661621,37.93495941,5.92733717,118.5467453,0.013406352,3271.310547,1014.106262,0.005554625,490.5746765,981149.375,363.0252686,0.001385652,47748.25781,26.88648415,47.08407593,75.10703278,131.5287476,108,070801030406
1085,F070801030406_581,14336.28364,465014.414,114.8585587,26417.46875,27723.13281,206.7454071,2239.741943,36.75473785,5.742928028,114.8585587,0.012989258,3001.622559,930.5029907,0.0050967,264.6551514,529310.3125,195.8448181,0.000747531,54140.60156,28.39052582,58.1842308,134.889801,276.4464417,108,070801030406
1086,F070801030406_582,2310.240746,64332.73913,15.89018631,3654.74292,2279.288818,28.60233498,309.8586426,5.084859848,0.794509292,15.89018631,0.001797008,438.5044556,135.9363861,0.000744572,13.85375309,27707.50586,10.25177765,3.91306E-05,5934.031738,26.88568497,43.65300369,356.4984436,578.8295288,108,070801030406
1087,F070801030406_590,8002.102013,308290.6855,76.14779663,17513.99414,18121.65234,137.06604,1484.88208,24.36729431,3.807389736,76.14779663,0.008611491,2025.893188,628.0269165,0.003439929,39.91682816,79833.65625,29.53845215,0.000112747,35635.64844,27.88733101,56.74222946,592.921875,1206.415527,104,070801030406
1088,F070801030406_591,4921.128108,123869.0021,30.595644,7036.998047,6483.21582,55.07215881,596.6150513,9.790606499,1.529782176,30.595644,0.003460036,759.0258789,235.2980194,0.001288812,97.62606049,195252.125,72.24328613,0.00027575,13520.21387,29.90674591,57.45995712,97.4069519,187.1483765,108,070801030406
1089,F070801030406_597,10242.92932,298823.8501,73.80949402,16976.18359,12512.18555,132.8570862,1439.285156,23.61903763,3.690474749,73.80949402,0.008347054,2083.004639,645.7314453,0.003536903,56.09732437,112194.6484,41.51202011,0.00015845,29488.36914,26.28985023,45.66661453,408.946228,710.3573608,108,070801030406
1090,F070801030406_598,5347.36726,159643.3608,39.43191147,9069.339844,10798.03125,70.97743988,768.9223022,12.61821175,1.971595526,39.43191147,0.004459322,1151.750488,357.0426636,0.001955651,15.07778168,30155.56445,11.15755844,4.25879E-05,19867.37109,25.40127754,55.64424896,812.8427124,1780.619995,108,070801030406
1091,F070801030406_604,2920.81292,274807.7568,67.8775177,15611.8291,19472.70508,122.1795349,1323.611572,21.72080612,3.393875837,67.8775177,0.007676212,1773.856201,549.8954468,0.003011975,44.64862442,89297.25,33.03998184,0.000126112,35084.53516,28.39054108,63.80219269,472.5132446,1061.881226,104,070801030406
1092,F070801030406_610,1539.46884,150152.8492,37.0877533,8530.183594,5320.375488,66.75795746,723.2111816,11.86808109,1.854387641,37.0877533,0.004194223,969.2134399,300.4561768,0.001645706,165.1229401,330245.875,122.190979,0.000466398,13850.55859,28.39077377,46.09843063,69.81025696,113.3517303,108,070801030406
1093,F070801030406_611,6253.40397,271400.1456,67.03583527,15418.24219,12465.65918,120.664505,1307.19873,21.45146751,3.351791859,67.03583527,0.007581027,1751.858276,543.0760498,0.002974623,257.1966858,514393.375,190.3255463,0.000726464,27883.90234,28.39057732,51.34437943,81.00984192,146.5063629,108,070801030406
1094,F070801030406_638,2417.601876,325600.8693,80.42341614,18497.38477,24120.58789,144.762146,1568.256592,25.73549271,4.021170616,80.42341614,0.009095017,1995.19873,618.5115967,0.00338781,36.61367416,73227.34375,27.09411812,0.000103417,42617.97266,29.90628624,68.90408325,682.7084961,1572.960327,104,070801030406
1095,F070801030406_640,2404.827221,320347.5179,79.12583923,18198.94336,23215.52148,142.4265137,1542.953857,25.32026863,3.956291914,79.12583923,0.008948275,2067.824951,641.0257568,0.003511128,53.37232971,106744.6563,39.49552536,0.000150753,41414.46484,28.39034653,64.60655212,460.7849426,1048.586304,104,070801030406
1096,F070801030406_648,3394.950999,79565.21557,19.65260887,4520.100098,4356.589844,35.37469482,383.2258606,6.288835049,0.982630432,19.65260887,0.002222497,487.5736694,151.1478424,0.000827891,79.4812851,158962.5625,58.81615067,0.000224499,8876.689453,29.90515709,58.72852325,76.85134125,150.9226532,104,070801030406
1097,F070801030406_662,2363.756581,304741.1502,75.27106476,17312.3457,21348.37891,135.487915,1467.785767,24.08674049,3.763553143,75.27106476,0.008512342,1967.081909,609.7954102,0.003340069,76.49879456,152997.5938,56.60910797,0.000216075,38660.72656,28.3904171,63.39950562,305.8226318,682.9418335,104,070801030406
1098,F070801030406_665,2119.347533,166156.6486,41.04069138,9439.359375,12576.51172,73.87324524,800.293457,13.13302135,2.052034616,41.04069138,0.004641258,1018.175293,315.6343384,0.001728843,21.33018494,42660.37109,15.78433704,6.02481E-05,22015.87109,29.90599632,69.75119019,598.0206299,1394.792236,104,070801030406
1099,F070801030406_674,2352.59092,252618.5883,62.39678955,14351.26172,17900.39258,112.3142242,1216.737427,19.96697235,3.11983943,62.39678955,0.007056401,1547.98877,479.8765259,0.002628456,26.49375343,52987.50781,19.6053772,7.48329E-05,32251.6543,29.90615463,67.20823669,732.0064087,1645.04126,108,070801030406
1100,F070801030406_678,4430.907495,154957.4766,38.27449799,8803.134766,10231.53809,68.89409637,746.3527222,12.24783897,1.913724899,38.27449799,0.004328431,1056.169556,327.4125671,0.001793356,79.93412018,159868.25,59.15124893,0.000225778,19034.67188,26.88697815,58.13665771,148.8241577,321.7966309,108,070801030406
1101,F070801030406_696,3353.63037,312990.9059,77.30875397,17781.01367,22430.36328,139.1557617,1507.520752,24.73880196,3.865437746,77.30875397,0.008742782,1917.937866,594.56073,0.003256623,45.78931808,91578.63281,33.88409424,0.000129334,40211.375,29.90613556,67.63207245,524.7598877,1186.733032,108,070801030406
1102,F070801030406_698,1499.955807,106447.7592,26.29259682,6047.297363,5999.971191,47.32667542,512.7056274,8.413631439,1.314629793,26.29259682,0.002973408,652.2909546,202.2101898,0.001107578,79.08261108,158165.2188,58.52113342,0.000223373,12047.26855,29.90599632,59.57794952,103.3352737,205.8618469,108,070801030406
1103,F070801030406_706,10854.25839,276019.8744,68.1769104,15680.68945,14446.6875,122.7184372,1329.449707,21.81661224,3.408845425,68.1769104,0.00771007,1691.400024,524.3339844,0.002871966,39.41785431,78835.71094,29.16921234,0.000111338,30127.37695,29.90591812,57.45837021,537.5767212,1032.848511,108,070801030406
1104,F070801030406_712,994.2964853,40836.09059,10.08651447,2319.898438,1972.921875,18.15572548,196.687027,3.227684736,0.504325747,10.08651447,0.001140676,250.2221527,77.56887054,0.000424873,,,,,4292.820313,29.90759659,55.34204865,,,108,070801030406
1105,F070801030406_717,2228.202047,67709.96287,16.72436142,3846.603027,4416.235352,30.10385132,326.125061,5.351795673,0.836218059,16.72436142,0.001891344,471.9779053,146.3131561,0.00080141,38.56973648,77139.47656,28.541605,0.000108942,8262.837891,26.29020691,56.47364807,134.7717896,289.5015259,108,070801030406
1106,F070801030406_731,5653.845422,178147.5432,44.00244141,10120.56152,7746.192383,79.20439148,858.0476074,14.08078098,2.200122118,44.00244141,0.004976199,1214.243286,376.4154053,0.002061763,31.13562775,62271.25391,23.04036522,8.79441E-05,17866.75391,26.88668251,47.46552277,439.2535095,775.4544678,108,070801030406
1107,F070801030406_738,3181.56566,134755.1079,33.28451157,7655.4375,7270.003906,59.91212082,649.0479736,10.65104389,1.664225578,33.28451157,0.003764118,825.7466431,255.9814606,0.001402103,17.18404198,34368.08203,12.71619129,4.85372E-05,14925.44141,29.90621948,58.30672836,602.0228271,1173.735229,104,070801030406
1108,F070801030406_745,995.6518645,48829.70955,12.06093788,2774.015625,1965.932861,21.70968819,235.1882935,3.85950017,0.603046894,12.06093788,0.001363961,332.8417358,103.1809387,0.000565159,35.02494049,70049.88281,25.91845512,9.89296E-05,4739.948242,26.88496208,45.93821716,107.0285873,182.8792725,104,070801030406
1109,F070801030406_747,896.6693393,45457.85102,11.22808933,2582.460449,2123.006836,20.21055984,218.9477386,3.592988491,0.561404467,11.22808933,0.001269775,309.8265686,96.04623413,0.00052608,49.58823776,99176.47656,36.69529724,0.000140064,4705.467285,26.88768005,48.99168777,70.37578583,128.2308044,104,070801030406
1110,F070801030406_760,1899.033853,219058.4418,54.10743332,12444.70996,13758.43848,97.39337921,1055.094971,17.31437874,2.705371618,54.10743332,0.006118964,1414.004639,438.3414307,0.002400954,65.97849274,131956.9844,48.82408524,0.000186359,26203.14844,28.39044952,59.77794266,254.8887482,536.6848755,108,070801030406
1111,F070801030406_779,1970.58761,232153.4771,57.3419075,13188.63867,9346.730469,103.2154312,1118.167236,18.34941101,2.86709547,57.3419075,0.006484748,1582.366455,490.5335999,0.002686829,46.01202774,92024.05469,34.0489006,0.000129963,22535.36914,26.88631058,45.94052124,387.3440247,661.8530884,108,070801030406
1112,F070801030406_780,2934.689241,80772.92495,19.95091248,4588.709961,3902.399658,35.91164398,389.0427856,6.384292126,0.9975456,19.95091248,0.002256232,550.5426025,170.6682129,0.000934811,15.32947063,30658.94141,11.34380817,4.32988E-05,8491.109375,26.88672829,49.75214386,404.5122986,748.5236816,108,070801030406
1113,F070801030406_781,8184.249013,339545.4471,83.86772919,19289.57813,14764.07324,150.9619141,1635.420776,26.83767319,4.193386555,83.86772919,0.009484531,2080.666748,645.0067139,0.003532934,317.3965759,634793.1875,234.8734589,0.000896502,34053.65234,29.90601158,52.7958107,82.12753296,144.9872284,108,070801030406
1114,F070801030406_784,1203.989968,80635.61739,19.91699791,4580.909668,3116.613281,35.85059738,388.3814697,6.373439312,0.995849907,19.91699791,0.002252397,588.5488281,182.4501343,0.000999345,78.61412048,157228.2344,58.17444992,0.000222049,7697.522949,25.10773468,42.18973541,78.74435425,132.3179321,108,070801030406
1115,F070801030406_787,2069.760197,66788.23758,16.49669456,3794.239746,2796.519287,29.69404984,321.6855469,5.278942108,0.824834704,16.49669456,0.001865597,409.2689209,126.8733673,0.000694931,77.55210876,155104.2031,57.38856125,0.00021905,6590.758789,29.90572357,51.94753647,66.11491394,114.8444672,108,070801030406
1116,F070801030406_788,2645.648366,56985.94638,14.0755291,3237.371582,2707.287842,25.33595276,274.4728088,4.504169464,0.703776479,14.0755291,0.00159179,349.2105103,108.2552567,0.000592953,53.26801682,106536.0313,39.41833115,0.000150458,5944.65918,29.90498352,54.91335297,82.12857819,150.8095093,108,070801030406
1117,F070801030406_803,5396.290928,101332.7527,25.02919006,5756.713867,5466.876465,45.05254364,488.0692139,8.00934124,1.251459479,25.02919006,0.00283053,620.9315186,192.4887695,0.00105433,79.85025024,159700.5,59.08918381,0.000225541,11223.58984,29.90675163,58.30776596,97.42415619,189.943222,108,070801030406
1118,F070801030406_810,1529.117074,45008.47851,11.11709404,2556.931641,2718.129395,20.01076889,216.7833405,3.557470083,0.555854678,11.11709404,0.001257223,275.7895203,85.49475098,0.000468285,37.54392624,75087.85156,27.78250504,0.000106045,5275.061035,29.9074688,61.70040894,92.03387451,189.8698883,108,070801030406
1119,F070801030406_823,2455.312697,295741.3081,73.04810333,16801.06445,11192.43164,131.4865875,1424.437988,23.37539291,3.652405262,73.04810333,0.00826095,1812.231567,561.7918091,0.003077136,,,,,27993.49609,29.90621185,49.82894897,,,108,070801030406
1120,F070801030406_832,1041.770247,48127.70639,11.88754368,2734.13501,3255.284668,21.39757919,231.8070984,3.804013968,0.59437716,11.88754368,0.001344352,316.2675171,98.0429306,0.000537016,14.58305168,29166.10352,10.79145813,4.11905E-05,5989.419922,27.8871212,61.08976746,253.3610382,555.0148926,108,070801030406
1121,F070801030406_840,2049.601944,154196.9297,38.08664322,8759.927734,9063.857422,68.55595398,742.6895142,12.18772602,1.904332161,38.08664322,0.004307187,1013.281372,314.117218,0.001720533,105.2226181,210445.2344,77.86473846,0.000297206,17823.78516,27.88744926,56.74246597,112.5018616,228.9070129,108,070801030406
1122,F070801030406_842,1708.158358,176903.529,43.69517136,10049.88965,12677.71777,78.65130615,852.0558472,13.98245525,2.184758663,43.69517136,0.00494145,1233.146484,382.2754211,0.00209386,51.35671234,102713.4297,38.00396729,0.00014506,22727.60742,26.28965759,59.4534874,264.4431763,598.0324707,108,070801030406
1123,F070801030406_844,3099.681455,103022.6568,25.44659615,5852.717285,6553.514648,45.80387115,496.2086182,8.142910957,1.272329807,25.44659615,0.002877734,677.0098267,209.8730469,0.00114955,44.33086014,88661.71875,32.80483627,0.000125215,12406.23242,27.88694191,59.11303329,178.410202,378.1830444,108,070801030406
1124,F070801030406_851,4009.377451,110113.1641,27.19795227,6255.528809,4787.927734,48.95631409,530.3600464,8.703344345,1.359897614,27.19795227,0.003075794,674.7426758,209.1702271,0.001145701,21.38511467,42770.23047,15.82498455,6.04033E-05,11043.45703,29.90640068,52.79650497,395.2944641,697.8494873,108,070801030406
1125,F070801030406_867,5388.764236,131838.6732,32.56415176,7489.754883,6688.028809,58.6154747,635.0009766,10.42052841,1.628207564,32.56415176,0.003682653,919.012207,284.8937988,0.001560466,121.4285431,242857.0781,89.85712433,0.000342981,14177.7832,26.28963852,49.76515198,83.3518219,157.7814026,108,070801030406
1126,F070801030406_868,3375.308517,152529.141,37.67469788,8665.180664,9948.379883,67.81445313,734.6566162,12.05590343,1.883734941,37.67469788,0.0042606,934.6491089,289.7412109,0.001587017,55.25327301,110506.5469,40.88742065,0.000156066,18613.56055,29.90662193,64.24201965,211.9277954,455.2392883,108,070801030406
1127,F070801030406_869,2359.777268,69215.41661,17.09620857,3932.12793,4625.892578,30.77317619,333.3760681,5.470786572,0.854810417,17.09620857,0.001933396,454.8568726,141.0056305,0.000772339,2.452735901,4905.47168,1.815024614,6.92787E-06,8558.020508,27.88631821,60.69275665,2166.432373,4715.098633,108,070801030406
1128,F070801030407_1,6464.843075,259943.4156,64.20602417,14767.38574,16537.69336,115.5708466,1252.017456,20.54592705,3.210301161,64.20602417,0.007261006,1592.884888,493.7943115,0.002704689,130.926712,261853.4375,96.88576508,0.000369809,31305.07813,29.90594482,63.39699936,152.4205933,323.1132813,108,070801030407
1129,F070801030407_5,5332.398927,187978.5043,46.43069077,10679.05859,10141.39258,83.57524109,905.3984985,14.85782146,2.321534634,46.43069077,0.005250808,1174.705444,364.1586914,0.001994628,187.7767792,375553.5625,138.9548187,0.000530385,20820.45117,29.32528877,57.17411423,76.85273743,149.8361206,108,070801030407
1130,F070801030407_6,3484.468712,142565.8108,35.21375656,8099.164063,8839.358398,63.38476181,686.6682739,11.2684021,1.760687828,35.21375656,0.003982294,1028.537354,318.8465881,0.001746437,23.19395065,46387.89844,17.16352272,6.55124E-05,16938.52344,25.40144539,53.12436676,471.8823853,986.8908691,108,070801030407
1131,F070801030407_13,2488.96032,83001.97077,20.50148773,4715.342285,4477.93457,36.90267944,399.7790222,6.560476303,1.025074363,20.50148773,0.002318496,508.6145325,157.6705017,0.000863618,66.90409851,133808.1875,49.5090332,0.000188974,9193.277344,29.90630531,58.30689621,95.2420578,185.6888885,108,070801030407
1132,F070801030407_17,3518.059755,143594.7973,35.46791458,8157.620117,8609.415039,63.84224701,691.6243286,11.3497324,1.773395777,35.46791458,0.004011037,879.918335,272.7746887,0.001494085,69.16336823,138326.7344,51.18089294,0.000195355,16767.03516,29.90607452,61.46844101,159.3880005,327.6034241,108,070801030407
1133,F070801030407_18,1423.716136,117869.2383,29.11370277,6696.151855,6738.657715,52.40466309,567.7172241,9.316385269,1.455685139,29.11370277,0.003292444,722.2773438,223.9059753,0.001226414,13.07375622,26147.51367,9.67457962,3.69275E-05,13434.80957,29.90608788,60.00201416,692.1387939,1388.671143,108,070801030407
1134,F070801030407_26,8131.608034,245191.807,60.56237793,13929.34668,15005.02734,109.0122833,1180.966309,19.37996101,3.028118849,60.56237793,0.006848949,1502.498535,465.7745361,0.002551215,120.1681976,240336.4063,88.92446899,0.000339421,28934.375,29.90577126,62.12099075,156.6424561,325.3814697,108,070801030407
1135,F070801030407_28,4299.582567,131672.4892,32.52310562,7480.314453,7951.900391,58.54159164,634.2005615,10.40739346,1.626155257,32.52310562,0.003678011,865.2774658,268.2360229,0.001469225,15.89091778,31781.83594,11.75927925,4.48847E-05,15432.21484,27.88706207,57.53222275,636.1201172,1312.343628,108,070801030407
1136,F070801030407_32,4960.944426,130551.1698,32.24613953,7416.612305,8409.792969,58.04305267,628.7997437,10.31876469,1.612306952,32.24613953,0.003646689,857.9004517,265.9491272,0.001456699,76.95854187,153917.0938,56.94932175,0.000217373,15826.40527,27.88733482,59.50914383,130.2317963,277.9033203,108,070801030407
1137,F070801030407_33,6603.920288,233657.9576,57.71351624,13274.1084,12982.07813,103.8843307,1125.413574,18.46832466,2.885675907,57.71351624,0.006526773,1431.785034,443.853363,0.002431144,154.5175934,309035.1875,114.3430176,0.000436442,26256.1875,29.90651703,59.15509415,116.0902405,229.6265106,108,070801030407
1138,F070801030407_37,4152.950907,93898.71976,23.19298363,5334.38623,5080.154297,41.74737167,452.2631836,7.421754837,1.159649134,23.19298363,0.002622875,617.0497437,191.2854156,0.001047739,13.12367153,26247.3418,9.711517334,3.70684E-05,10414.54102,27.88705063,54.44503403,549.2845459,1072.390747,108,070801030407
1139,F070801030407_42,5865.671341,125053.3526,30.88817787,7104.280762,4833.381836,55.59872055,602.319458,9.884217262,1.544408917,30.88817787,0.003493118,807.2174683,250.2374115,0.00137064,117.287735,234575.4688,86.79292297,0.000331285,11937.66211,28.39016151,47.70534515,81.85322571,137.5418854,108,070801030407
1140,F070801030407_46,2687.64628,78100.35376,19.29078674,4436.880859,3710.389893,34.72341537,376.1703491,6.173051834,0.964539349,19.29078674,0.002181579,504.1259766,156.2790527,0.000855997,65.94634247,131892.6875,48.80029297,0.000186269,8147.270508,28.39075851,52.1328392,90.91914368,166.9512634,108,070801030407
1141,F070801030407_48,4264.019342,164128.999,40.53986359,9324.168945,9515.516602,72.97175598,790.5273438,12.97275639,2.026993275,40.53986359,0.004584619,1005.735229,311.7779236,0.00170772,85.83705139,171674.1094,63.51941681,0.000242451,18839.68555,29.90644455,60.42661667,146.7924194,296.5972595,108,070801030407
1142,F070801030407_51,1834.142324,173478.134,42.84909821,9855.292969,10476.60352,77.12837982,835.5574341,13.71171188,2.142454863,42.84909821,0.004845769,1063.05249,329.5462646,0.001805043,18.84028625,37680.57031,13.94181156,5.32153E-05,20331.89648,29.90564346,61.6966362,706.8875732,1458.3396,108,070801030407
1143,F070801030407_55,9061.740252,313375.2561,77.40368652,17802.84766,16155.67676,139.3266296,1509.371826,24.7691803,3.870184422,77.40368652,0.008753519,2305.246826,714.6265259,0.003914266,202.2956848,404591.375,149.6988068,0.000571394,33958.52344,24.91209984,47.51926041,118.9244461,226.8456573,108,070801030407
1144,F070801030407_56,3980.815083,101357.9823,25.03542137,5758.146973,4407.235352,45.06375885,488.1907043,8.011334419,1.251771092,25.03542137,0.002831235,621.0894775,192.537735,0.001054598,93.03027344,186060.5469,68.8423996,0.000262769,10165.38281,29.90658951,52.79683304,83.64244843,147.6616516,108,070801030407
1145,F070801030407_59,1578.07242,155647.0172,38.44481277,8842.306641,11279.70801,69.20066071,749.6738281,12.30234051,1.922240615,38.44481277,0.004347692,953.7852783,295.6734314,0.00161951,58.31244278,116624.8828,43.15120697,0.000164706,20122.01563,29.90565109,68.05486298,204.9144745,466.3140869,108,070801030407
1146,F070801030407_60,984.0803801,40824.10379,10.08355331,2319.217285,2860.273438,18.15039635,196.6292877,3.226737022,0.50417769,10.08355331,0.001140341,284.5800171,88.21980286,0.000483212,13.63682175,27273.64258,10.09124851,3.85179E-05,5179.490723,26.28907776,58.71120453,229.8246155,513.265625,108,070801030407
1147,F070801030407_63,2547.983657,77012.85074,19.02217484,4375.100098,5395.068848,34.23991394,370.9324036,6.087095737,0.951108754,19.02217484,0.002151202,536.8197632,166.4141235,0.00091151,28.43473816,56869.47656,21.04170609,8.03153E-05,9770.168945,26.2904377,58.7099762,207.9251556,464.3240051,108,070801030407
1148,F070801030407_66,3557.908816,122841.3469,30.34181213,6978.616699,4550.058594,54.61526108,591.6653442,9.70938015,1.517090559,30.34181213,0.00343133,792.9174194,245.8043976,0.001346359,77.61145782,155222.9219,57.43247986,0.000219217,11528.67578,28.3909359,46.90182877,121.5099335,200.7344208,108,070801030407
1149,F070801030407_71,1063.156128,43115.85094,10.64961529,2449.411621,2083.064453,19.16930771,207.6674957,3.407876968,0.532480776,10.64961529,0.001204356,278.2995911,86.27287292,0.000472548,50.88532639,101770.6563,37.65513992,0.000143728,4532.476074,28.39144516,52.53651428,65.04853058,120.3680573,108,070801030407
1150,F070801030407_73,3435.973815,75827.326,18.72934914,4307.750488,3480.287598,33.71282959,365.2223206,5.993391514,0.936467469,18.72934914,0.002118086,489.4573059,151.7317657,0.000831089,74.45314789,148906.2969,55.09532928,0.000210297,7788.038086,28.39056396,51.32767105,78.18721771,141.3556824,108,070801030407
1151,F070801030407_75,6223.628595,177062.8943,43.73453522,10058.94336,9695.072266,78.72216034,852.8234253,13.99505138,2.186726809,43.73453522,0.004945902,1142.929565,354.3081665,0.001940673,123.4442368,246888.4844,91.34873199,0.000348674,19754.01563,28.39037895,55.75376892,110.1158524,216.2483826,108,070801030407
1152,F070801030407_79,8378.20767,318803.0253,78.74434662,18111.19922,11552.11035,141.7398224,1535.514771,25.19819069,3.937217236,78.74434662,0.008905132,1953.567139,605.605835,0.003317121,352.7376099,705475.1875,261.0258179,0.000996324,29663.30859,29.90592003,48.98121262,69.38470459,113.6412811,108,070801030407
1153,F070801030407_81,1284.38676,70471.59704,17.4064846,4003.491455,2553.53125,31.33167267,339.4264526,5.570075035,0.870324254,17.4064846,0.001968485,431.8572693,133.8757477,0.000733286,85.14622498,170292.4531,63.00820541,0.0002405,6557.022461,29.90453148,48.97842026,63.53920746,104.0661697,108,070801030407
1154,F070801030407_84,2189.221297,277187.9573,68.46542358,15747.04785,20108.60742,123.2377625,1335.075806,21.90893555,3.423271179,68.46542358,0.007742698,1698.522095,526.5418701,0.002884059,71.41190338,142823.7969,52.84480667,0.000201706,35855.65625,29.90654373,68.09649658,297.9866638,678.508606,108,070801030407
1155,F070801030407_86,5021.211338,159753.8457,39.459198,9075.615234,10958.25488,71.02655792,769.4543457,12.62694359,1.972959876,39.459198,0.004462408,1113.589233,345.212677,0.001890854,82.40981293,164819.625,60.98326111,0.000232771,20033.87109,26.28992462,58.03341675,148.8214111,328.5142517,108,070801030408
1156,F070801030407_89,9219.373974,311052.8335,76.83004761,17670.91016,19035.41406,138.2940826,1498.185913,24.58561516,3.841502428,76.83004761,0.008688646,1906.058716,590.8781738,0.003236452,223.6346893,447269.375,165.4896698,0.000631667,36706.32422,29.90618134,62.12164688,106.7795334,221.8043213,108,070801030407
1157,F070801030407_90,3491.253415,129963.6168,32.10101318,7383.23291,9209.969727,57.7818222,625.9697266,10.27232456,1.605050683,32.10101318,0.003630277,854.0131836,264.7440796,0.001450098,41.88703918,83774.07813,30.99640846,0.000118312,16593.20313,27.88818932,62.6763916,238.1963959,535.3266602,108,070801030407
1158,F070801030407_101,1174.011671,67584.77929,16.69344139,3839.491455,4353.649414,30.04819489,325.5220947,5.341901302,0.834672093,16.69344139,0.001887847,414.1360474,128.3821716,0.000703195,5.458069324,10916.13867,4.038971424,1.54166E-05,8193.140625,29.90673447,63.818367,950.6112061,2028.521606,108,070801030407
1159,F070801030407_123,2768.460468,158701.7593,39.19933319,9015.84668,9714.679688,70.55879974,764.3870239,12.543787,1.95996666,39.19933319,0.00443302,1106.251343,342.9379272,0.001878394,63.13165665,126263.3125,46.7174263,0.000178318,18730.52734,26.29002571,54.617836,192.9868011,400.9323425,108,070801030407
1160,F070801030407_125,1596.877418,150250.0858,37.11177063,8535.707031,10283.71484,66.80118561,723.6795044,11.87576675,1.855588555,37.11177063,0.004196939,920.6856079,285.4125366,0.001563307,40.16369247,80327.38281,29.72113228,0.000113444,18819.42188,29.90655899,65.93761444,287.1932068,633.2000122,108,070801030407
1161,F070801030407_127,5289.568315,237009.8894,58.54144287,13464.53223,11146.56738,105.3745956,1141.558105,18.73326111,2.927072048,58.54144287,0.006620403,1452.326904,450.221344,0.002466024,160.5240936,321048.1875,118.7878265,0.000453408,24611.09961,29.90647316,54.66444397,113.3494263,207.1853638,108,070801030407
1162,F070801030407_132,1797.652094,54347.43107,13.42381573,3087.477539,3063.36377,24.1628685,261.7644043,4.295620918,0.671190798,13.42381573,0.001518088,378.8273926,117.4364929,0.000643242,20.66688347,41333.76563,15.29349422,5.83746E-05,6150.841309,26.29061508,52.37589264,201.8817596,402.1867981,108,070801030407
1163,F070801030407_150,7441.340931,308195.443,76.12427521,17508.58398,19108.71484,137.0236969,1484.42334,24.35976791,3.806213856,76.12427521,0.008608831,2100.658203,651.2040405,0.003566879,163.631546,327263.0938,121.0873413,0.000462185,36617.29688,26.88647842,56.2301445,144.5946655,302.4039917,108,070801030407
1164,F070801030407_153,7863.00975,271347.2959,67.02278137,15415.23926,19664.48438,120.6410065,1306.944214,21.44729042,3.351139069,67.02278137,0.007579551,1662.740234,515.4494629,0.002823302,15.62140083,31242.80273,11.55983639,4.41234E-05,35079.72266,29.90640259,68.05657196,1333.51709,3034.621094,108,070801030407
1165,F070801030407_154,2232.116427,271117.975,66.96614075,15402.21191,20521.10156,120.5390549,1305.839722,21.42916489,3.348307133,66.96614075,0.007573145,1781.606567,552.2980347,0.003025135,14.19987202,28399.74414,10.50790501,4.01082E-05,35923.3125,27.88750076,65.04335022,1465.773804,3418.694092,108,070801030407
1166,F070801030407_167,1626.805601,165349.9473,40.84143829,9393.53125,12382.30566,73.5145874,796.40802,13.0692606,2.042071819,40.84143829,0.004618724,1013.236084,314.1031799,0.001720456,37.3351326,74670.26563,27.62799835,0.000105455,21775.83594,29.90587807,69.32701874,340.0004272,788.1799927,108,070801030407
1167,F070801030407_168,1201.548008,79860.28226,19.72549057,4536.862793,5980.374023,35.50588226,384.6470642,6.312157154,0.98627454,19.72549057,0.002230739,489.390686,151.7111053,0.000830976,26.44096756,52881.9375,19.5663166,7.46838E-05,10517.23633,29.90461922,69.32410431,231.8710785,537.5174561,108,070801030407
1168,F070801030407_175,2430.100757,331827.7018,81.96144104,18851.13086,25383.45898,147.5305939,1598.248047,26.22766113,4.098072052,81.96144104,0.009268951,2033.346313,630.3373413,0.003452584,17.31084824,34621.69531,12.81002808,4.88953E-05,44234.58984,29.90641594,70.17605591,1471.591675,3453.12207,108,070801030407
1169,F070801030407_181,2719.148126,442304.5653,109.2492294,25127.32227,33122.17969,196.6486206,2130.359863,34.95975494,5.462461472,109.2492294,0.012354904,3014.72583,934.5650024,0.005118948,73.2674408,146534.875,54.21790695,0.000206947,58249.5,26.88665009,62.32792664,463.4506226,1074.359009,108,070801030407
1170,F070801030407_182,2071.94771,193138.3333,47.70516968,10972.18945,14618.77246,85.86930847,930.2507935,15.26565456,2.385258436,47.70516968,0.005394938,1183.517212,366.8903503,0.00200959,35.36520767,70730.41406,26.17025375,9.98907E-05,25590.96094,29.90590858,69.75097656,419.2618713,977.8644409,108,070801030407
1171,F070801030407_183,5872.410478,225523.5679,55.70432281,12811.99414,15980.45508,100.2677841,1086.234253,17.82538414,2.785216093,55.70432281,0.006299555,1381.954712,428.4059753,0.002346534,84.7668457,169533.6875,62.72746658,0.000239428,28792.44922,29.9061985,67.20832825,204.2485504,459.0086365,108,070801030407
1172,F070801030407_185,1605.07789,160846.0348,39.72896957,9137.663086,11785.99609,71.512146,774.7149048,12.71327019,1.986448526,39.72896957,0.004492916,985.6306763,305.5455017,0.001673583,25.66861916,51337.23828,18.99477768,7.25023E-05,20923.66016,29.90606308,68.47968292,481.0618591,1101.548096,108,070801030407
1173,F070801030407_186,2723.161709,293979.8635,72.61302948,16700.99609,20831.22656,130.7034607,1415.954102,23.23616982,3.630651474,72.61302948,0.008211747,1897.601563,588.2564697,0.003222092,95.77521515,191550.4219,70.87365723,0.000270522,37532.22266,28.39067078,63.8024826,235.6446228,529.5651855,108,070801030407
1174,F070801030407_200,2121.345526,210036.3397,51.87897491,11932.16406,15221.29199,93.38215637,1011.640015,16.60127258,2.593948841,51.87897491,0.00586695,1287.05603,398.9873657,0.002185397,62.3528862,124705.7734,46.14113617,0.000176119,27153.45703,29.9061203,68.05593109,258.6014404,588.4869385,108,070801030407
1175,F070801030407_203,1582.595744,156591.8806,38.67819595,8895.985352,11096,69.62075043,754.2247925,12.37702274,1.933909774,38.67819595,0.004374085,1067.346802,330.8775024,0.001812335,56.70154953,113403.1016,41.95914841,0.000160156,19991.98438,26.88603783,60.42110443,212.0153961,476.4630737,108,070801030407
1176,F070801030407_205,2194.281736,68724.65937,16.97499084,3904.247803,5091.141113,30.55498314,331.0123291,5.431997299,0.848749518,16.97499084,0.001919688,421.1461182,130.5552979,0.000715098,19.64761353,39295.22656,14.53923416,5.54956E-05,8995.388672,29.90493584,68.90098572,268.5318604,618.6975708,108,070801030407
1177,F070801030407_206,2137.945626,78472.58285,19.38272858,4458.027344,5623.704102,34.8889122,377.9631958,6.202473164,0.969136417,19.38272858,0.002191977,480.8662109,149.0685272,0.000816502,29.00079536,58001.58984,21.46058846,8.19142E-05,10081.73145,29.90589333,67.63152313,207.730896,469.7789001,108,070801030407
1178,F070801030407_208,961.3690313,38729.28145,9.566132545,2200.210449,5987.631836,17.21903801,186.5395813,3.061162472,0.478306621,9.566132545,0.001081826,269.960907,83.68788147,0.000458389,5.482165337,10964.33008,4.056802273,1.54846E-05,8187.842285,26.29067039,97.83785248,542.3508911,2018.299561,108,070801030407
1179,F070801030407_213,3209.111452,135063.9931,33.36080551,7672.985352,8809.255859,60.04944992,650.5357056,10.67545795,1.668040276,33.36080551,0.003772746,827.647644,256.5707703,0.00140533,53.33492279,106669.8516,39.4678421,0.000150647,16482.24219,29.90592194,64.24053192,194.4110718,417.6119385,108,070801030407
1180,F070801030407_216,1034.006301,48461.25673,11.96993065,2753.083984,3472.955566,21.54587555,233.4136505,3.830377817,0.598496556,11.96993065,0.001353669,337.7966919,104.7169724,0.000573573,12.05257034,24105.14063,8.918902397,3.40431E-05,6226.039551,26.29071426,59.45587921,308.6796875,698.0723877,108,070801030407
1181,F070801030407_220,2546.276253,280905.3122,69.38361359,15958.23145,20583.34375,124.8905029,1352.980469,22.20275688,3.469180584,69.38361359,0.007846535,1721.331055,533.6126099,0.002922788,45.2533226,90506.64844,33.48745728,0.00012782,36541.57422,29.90602303,68.47959137,476.5435486,1091.201782,108,070801030407
1182,F070801030407_222,2383.80083,316833.8636,78.25796509,17999.33203,23726.25195,140.8643341,1526.030273,25.04254913,3.912898302,78.25796509,0.008850128,1941.465576,601.8543091,0.003296572,47.83525848,95670.51563,35.39809036,0.000135113,41725.58594,29.90645981,69.3283844,508.4831238,1178.752441,108,070801030407
1183,F070801030407_231,4895.34072,819698.7411,202.4655914,46567.08594,60723.47656,364.4380493,3948.079102,64.78898621,10.12327957,202.4655914,0.022896664,5022.939453,1557.111206,0.008528857,219.9126587,439825.3125,162.7353668,0.000621154,107290.5625,29.90607643,68.90359497,286.1522217,659.2946777,108,070801030407
1184,F070801030407_233,2853.72724,320997.1187,79.2862854,18235.8457,23521.07031,142.7153168,1546.08252,25.37161064,3.964314222,79.2862854,0.00896642,1966.991821,609.7674561,0.003339916,23.31437874,46628.75781,17.25263977,6.58526E-05,41756.91406,29.90622902,68.48006439,1056.98877,2420.320313,108,070801030407
1185,F070801030407_237,3814.047035,751245.6748,185.5576782,42678.26563,55047.53906,334.0038147,3618.374756,59.37845612,9.27788353,185.5576782,0.020984564,4603.460938,1427.072876,0.007816591,167.0942535,334188.5,123.6497498,0.000471966,97725.80469,29.90615654,68.47989655,345.15448,790.34375,108,070801030407
1186,F070801030407_242,2398.241722,319131.8669,78.82556915,18129.88086,24155.30664,141.8860168,1537.098633,25.22418213,3.941278458,78.82556915,0.008914318,1955.588257,606.2323608,0.003320553,43.07792664,86155.85938,31.87766647,0.000121676,42285.1875,29.90582848,69.75079346,568.7329712,1326.483154,108,070801030407
1187,F070801030407_243,2432.051126,331475.3593,81.87441254,18831.11523,24288.86328,147.3739471,1596.551025,26.19981194,4.093720436,81.87441254,0.009259109,2031.18689,629.6679077,0.003448918,86.3482132,172696.4219,63.89767838,0.000243895,43119.97656,29.90642357,68.4805069,294.7073364,674.8285522,108,070801030407
1188,F070801030407_246,6631.923041,220391.7129,54.43675232,12520.45313,15439.35059,97.98615265,1061.516724,17.41976166,2.721837521,54.43675232,0.006156207,1350.495972,418.6537476,0.002293117,83.52493286,167049.8594,61.80844879,0.00023592,27959.80469,29.90646362,66.78503418,202.568634,452.3621826,108,070801030407
1189,F070801030407_248,8170.356438,419419.3208,103.5965729,23827.21094,29382.06055,186.4738312,2020.133179,33.15090179,5.179828644,103.5965729,0.01171565,2570.118652,796.7367554,0.004364014,168.2972107,336594.4063,124.5399323,0.000475364,53209.27344,29.90600204,66.78400421,191.3218536,427.2466736,108,070801030407
1190,F070801030407_249,3035.645309,48457.58152,11.96902275,2752.875244,1989.969727,21.54424095,233.3959503,3.830087185,0.598451138,11.96902275,0.001353567,296.9247742,92.04667664,0.000504173,37.93000793,75860.01563,28.06820679,0.000107135,4742.844727,29.90738297,51.52651596,98.07805634,168.9756927,108,070801030407
1191,F070801030407_251,1876.137195,189690.0065,46.8534317,10776.28906,8248.078125,84.33617401,913.6419067,14.99309826,2.342671633,46.8534317,0.005298615,1162.392822,360.3417664,0.001973721,196.5155945,393031.1875,145.4215393,0.000555068,19024.36719,29.90574455,52.79534149,74.10380554,130.8222046,108,070801030407
1192,F070801030407_259,2313.630374,248317.2024,61.33435059,14106.90039,14796.29785,110.4018326,1196.019775,19.62699127,3.066717625,61.33435059,0.006936251,1521.651611,471.7120056,0.002583736,24.41539955,48830.79688,18.06739616,6.89625E-05,28903.19922,29.90574837,61.27297592,780.7932129,1599.74353,108,070801030407
1193,F070801030407_260,11091.02417,436743.9278,107.8757477,24811.42188,23913.89648,194.1763458,2103.577148,34.52024078,5.393787384,107.8757477,0.012199579,2676.269043,829.6434326,0.004544255,320.5859985,641172,237.2336426,0.000905511,48725.32031,29.90612793,58.73043442,104.586441,205.3895874,108,070801030407
1194,F070801030407_265,3554.629807,128779.5837,31.80855751,7315.968262,6844.008301,57.25540161,620.2668457,10.17873859,1.590427876,31.80855751,0.003597203,789.1538086,244.6376801,0.001339969,90.03691864,180073.8281,66.62731934,0.000254314,14159.97656,29.90532112,57.88142014,109.8043289,212.5250854,108,070801030407
1195,F070801030407_267,7542.841129,230236.8878,56.8685112,13079.75781,16870.61133,102.3633194,1108.935913,18.19792366,2.843425512,56.8685112,0.006431213,1512.976685,469.0227661,0.002569006,50.7602005,101520.3984,37.56254959,0.000143375,29950.36914,27.88725662,63.85696411,348.212738,797.3465576,108,070801030407
1196,F070801030407_269,3255.735189,286538.4692,70.77500153,16278.25,20765.38477,127.3950043,1380.112549,22.64800072,3.538750172,70.77500153,0.008003886,1882.952148,583.7151489,0.003197218,16.87023735,33740.47266,12.48397541,4.76508E-05,37043.63281,27.88731766,63.46183395,1303.931641,2967.294678,108,070801030407
1197,F070801030407_281,6895.039357,318418.4572,78.64936066,18089.35352,22050.13477,141.5688477,1533.662476,25.16779518,3.932467937,78.64936066,0.00889439,1951.212402,604.8758545,0.003313123,128.9858398,257971.6719,95.44952393,0.000364327,40139.48828,29.90589523,66.35987854,189.5174866,420.5310364,108,070801030407
1198,F070801030407_285,7239.910555,270228.0532,66.74633026,15351.65625,14361.73438,120.1433945,1301.553467,21.35882568,3.337316513,66.74633026,0.007548287,1655.881958,513.3234253,0.002811657,39.19154739,78383.09375,29.00174522,0.000110698,29713.39063,29.90640068,57.88434601,529.3355713,1024.537964,108,070801030407
1199,F070801030407_289,2458.010622,92069.06477,22.74105835,5230.443359,5782.595215,40.93390656,443.4506226,7.27713871,1.137052894,22.74105835,0.002571767,564.1607666,174.8898315,0.000957934,42.2125473,84425.09375,31.23728561,0.000119231,11013.03906,29.90707588,62.9712944,167.4423065,352.5606995,108,070801030407
1200,F070801030407_290,4867.339732,147096.5253,36.33283997,8356.552734,9712.496094,65.39910889,708.4903564,11.62650871,1.816642046,36.33283997,0.00410885,901.3904419,279.4310303,0.001530544,20.06837845,40136.75781,14.85060024,5.66841E-05,18069.04883,29.90559959,64.66371918,562.7080688,1216.721802,108,070801030407
1201,F070801030407_294,3897.495274,140764.4562,34.76882172,7996.829102,9067.708008,62.58387756,677.9920044,11.12602329,1.73844111,34.76882172,0.003931977,862.5527954,267.3913574,0.001464599,15.88694,31773.87891,11.75633526,4.48734E-05,17064.53711,29.90683556,63.81858063,680.2144775,1451.518433,108,070801030407
1202,F070801030407_299,4042.589446,97099.55425,23.98358917,5516.225586,5551.241699,43.17045975,467.6799927,7.674748421,1.199179411,23.98358917,0.002712284,595.0026245,184.4508209,0.001010304,81.50710297,163014.2031,60.31525803,0.000230221,11067.4668,29.90621376,60.00226212,91.4565506,183.4936523,108,070801030407
1203,F070801030407_300,3814.313823,96490.93822,23.83326149,5481.649902,5982.625488,42.89987183,464.7485962,7.626643658,1.191663027,23.83326149,0.002695284,591.2769775,183.2958679,0.001003977,64.44471741,128889.4375,47.68909073,0.000182027,11464.27539,29.90601921,62.54519272,114.9455719,240.3961792,108,070801030407
1204,F070801030407_303,931.1478839,44303.09353,10.94286442,2516.858887,2069.07666,19.697155,213.385849,3.501716614,0.547143221,10.94286442,0.001237519,271.491333,84.16231537,0.000460987,42.1935463,84387.09375,31.22322464,0.000119178,4585.935547,29.90481949,54.48918152,80.60855103,146.8757782,108,070801030407
1205,F070801030407_310,2044.45878,252031.4749,62.25177383,14317.9082,18873.49219,112.0531921,1213.909546,19.92056847,3.112588644,62.25177383,0.007040001,1756.813477,544.6121826,0.002983037,55.81223297,111624.4688,41.30105209,0.000157644,33191.39844,26.29009819,60.94501495,346.6717529,803.6453247,108,070801030407
1206,F070801030407_312,2860.164911,124921.8984,30.85570908,7096.812988,9153.65625,55.54027557,601.6863403,9.873826981,1.542785406,30.85570908,0.003489446,901.2240601,279.3794556,0.001530262,37.50485611,75009.71094,27.75359344,0.000105934,16250.46875,25.40205765,58.16629791,255.707901,585.5266724,108,070801030407
1207,F070801030407_315,8988.211711,337321.3511,83.31837463,19163.22656,17383.54492,149.9730682,1624.708252,26.66188049,4.165918827,83.31837463,0.009422406,2067.039551,640.7822876,0.003509795,71.53644562,143072.8906,52.93696976,0.000202058,36546.77344,29.90598679,57.03461838,362.000824,690.3828125,108,070801030407
1208,F070801030407_316,938.9507588,29950.8241,7.397853374,1701.506226,4582.231445,13.31613636,144.2581482,2.367313147,0.369892657,7.397853374,0.000836617,183.5330658,56.89525223,0.000311636,19.72948456,39458.96875,14.59981823,5.57269E-05,6283.737793,29.90594482,110.4439774,116.5429764,430.3983459,108,070801030407
1209,F070801030407_318,8676.016469,346273.5691,85.52957153,19671.80078,20354.32813,153.9532318,1667.82666,27.36946297,4.276478767,85.52957153,0.009672468,2121.891113,657.7862549,0.003602932,44.67264938,89345.29688,33.05776215,0.00012618,40026.12891,29.9060688,60.84975052,595.0735474,1210.793701,108,070801030407
1210,F070801030407_322,6684.373456,259516.1348,64.10048676,14743.1123,17762.24414,115.3808746,1249.959473,20.51215553,3.205024242,64.10048676,0.007249071,1590.263306,492.9816284,0.002700238,24.63700676,49274.01172,18.23138428,6.95884E-05,32505.35547,29.90600777,65.93624115,808.666626,1782.934082,108,070801030407
1211,F070801030407_328,4041.421637,173927.9006,42.96018982,9880.84375,12604.52051,77.32833862,837.7236938,13.74726105,2.148009539,42.96018982,0.004858332,1185.489258,367.5016785,0.002012939,53.37172699,106743.4531,39.49507904,0.000150751,22485.36328,26.88652611,61.18438339,250.1791077,569.3206177,108,070801030407
1212,F070801030407_330,1745.75436,150289.6022,37.12153244,8537.952148,10891.45898,66.8187561,723.869873,11.87889004,1.856076598,37.12153244,0.004198043,920.9355469,285.4900208,0.001563731,66.55303192,133106.0625,49.24924469,0.000187982,19429.41016,29.90630722,68.05635834,173.3620911,394.5118408,108,070801030407
1213,F070801030407_335,8136.121743,249269.9643,61.56968307,14161.02734,10437.29297,110.8254318,1200.608765,19.70229912,3.078484058,61.56968307,0.006962864,1527.473633,473.5168152,0.002593622,47.94881058,95897.625,35.48212051,0.000135434,24598.32031,29.90607071,51.94814682,399.1031799,693.2595825,108,070801030407
1214,F070801030407_341,2366.159478,308853.4166,76.28679657,17545.96289,12434.74805,137.3162384,1487.592529,24.41177559,3.814339876,76.28679657,0.00862721,2105.136475,652.5922852,0.003574483,204.6582489,409316.5,151.4470978,0.000578067,29980.71094,26.88656235,45.9409523,115.8553925,197.9616089,108,070801030407
1215,F070801030407_349,1898.9489,158034.1614,39.03443909,8977.920898,4453.829102,70.26199341,761.1715698,12.4910202,1.951721907,39.03443909,0.004414372,968.437561,300.2156372,0.001644389,,,,,13431.75,29.90490723,44.74034119,,,108,070801030407
1216,F070801030407_365,824.8998472,42892.96225,10.59456158,2436.749268,1519.68396,19.07021141,206.5939484,3.390259743,0.529728055,10.59456158,0.00119813,262.8535461,81.48459625,0.00044632,57.13885117,114277.7031,42.28274918,0.000161391,3956.433105,29.90441513,48.55436707,57.62986755,93.57085419,108,070801030407
1217,F070801030407_367,2909.156877,468126.4626,115.6272354,26594.26367,18093.34961,208.1290283,2254.731201,37.00071716,5.78136158,115.6272354,0.013076188,3263.136719,1011.572388,0.005540746,389.3918457,778783.6875,288.1499634,0.001099856,44687.61328,26.29002571,44.17638779,92.2931366,155.0845642,108,070801030407
1218,F070801030407_370,10444.83992,350462.6095,86.56426239,19909.78125,16367.57031,155.8156738,1688.003174,27.70056343,4.328213215,86.56426239,0.00978948,2147.546143,665.7393188,0.003646494,160.4515839,320903.1563,118.734169,0.000453203,36277.35156,29.90627289,54.4918251,167.68367,305.5342102,108,070801030407
1219,F070801030407_371,1950.980978,78439.03932,19.37444305,4456.12207,2589.588135,34.87399673,377.8016357,6.199821949,0.968722165,19.37444305,0.00219104,506.3074036,156.9552917,0.000859701,96.41973877,192839.4688,71.35060883,0.000272342,7045.709961,28.39102745,44.88991547,62.4538765,98.74771881,108,070801030407
1220,F070801030407_372,1778.219774,192655.5313,47.58591461,10944.76074,14582.22559,85.65464783,927.925354,15.22749233,2.379295826,47.58591461,0.005381451,1406.179443,435.9156189,0.002387667,25.73399162,51467.98438,19.04315376,7.26869E-05,25526.98633,25.10752106,58.55946732,574.7346802,1340.481079,108,070801030407
1221,F070801030407_381,6317.472707,274330.418,67.75961304,15584.71094,19438.88086,121.9673004,1321.3125,21.68307686,3.3879807,67.75961304,0.007662878,1681.043335,521.1234131,0.00285438,22.93696785,45873.9375,16.97335625,6.47866E-05,35023.59375,29.90598869,67.20787048,918.1867676,2063.445313,108,070801030407
1222,F070801030407_382,6106.669141,266410.7379,65.80345154,15134.79395,17590.57617,118.4462128,1283.167358,21.05710411,3.290172577,65.80345154,0.007441658,1632.511963,506.0787048,0.002771975,143.8811798,287762.3438,106.4720764,0.000406399,32725.37109,29.90600777,64.66458893,142.1480103,307.3610535,108,070801030407
1223,F070801030407_384,2861.484225,73119.53817,18.06052589,4153.920898,3591.516602,32.50894547,352.1802673,5.779368401,0.903026283,18.06052589,0.00204245,448.0463257,138.8943634,0.000760774,8.764432907,17528.86523,6.48568058,2.47556E-05,7745.4375,29.90705109,55.76495361,640.475708,1194.236694,108,070801030407
1224,F070801030407_385,1238.432991,54615.45348,13.49001694,3102.703857,2814.557373,24.28203011,263.0553284,4.316805363,0.674500823,13.49001694,0.001525575,358.8947449,111.25737,0.000609397,8.881863594,17763.72656,6.572578907,2.50873E-05,5917.26123,27.88762474,53.18534088,472.0679626,900.2952271,108,070801030407
1225,F070801030407_386,3261.751746,104150.3508,25.7251358,5916.78125,5535.039063,46.30524445,501.6401367,8.232043266,1.28625679,25.7251358,0.002909234,638.2163696,197.8470764,0.00108368,12.47321701,24946.43359,9.23018074,3.52312E-05,11451.82031,29.90583038,57.88217926,641.0255127,1240.692993,108,070801030407
1226,F070801030407_388,2060.969492,181016.2382,44.71100998,10283.53223,8600.166992,80.47982025,871.8646851,14.30752277,2.235550404,44.71100998,0.005056331,1109.231323,343.8617249,0.001883454,28.52022743,57040.45313,21.10496902,8.05568E-05,18883.69922,29.90600967,54.91654968,487.2564392,894.7513428,108,070801030407
1227,F070801030407_394,2392.979953,320501.9373,79.16397858,18207.71484,17549.07227,142.495163,1543.697632,25.33247375,3.958199024,79.16397858,0.008952589,2339.324463,725.1906128,0.00397213,220.4616241,440923.25,163.1416016,0.000622705,35756.78906,25.10748863,49.30674744,111.6068192,219.1764069,108,070801030407
1228,F070801030407_398,6682.624001,204860.0398,50.60042953,11638.09863,10722.23145,91.0807724,986.708374,16.19213676,2.530021429,50.60042953,0.00572236,1255.316528,389.1481323,0.002131504,27.57791138,55155.82031,20.40765381,7.78951E-05,22360.33008,29.90660286,57.45968628,570.2810669,1095.683472,108,070801030407
1229,F070801030407_411,3739.49784,174683.2791,43.14677048,9923.756836,11674.65332,77.66418457,841.3619995,13.80696678,2.157338619,43.14677048,0.004879432,1070.421753,331.8307495,0.001817556,16.58101082,33162.02344,12.26994801,4.68339E-05,21598.41016,29.90608025,65.08863068,808.7855835,1760.269043,108,070801030407
1230,F070801030407_412,2538.169288,52743.42191,13.02762508,2996.35376,3185.25415,23.4497261,254.0386963,4.168839931,0.651381254,13.02762508,0.001473283,323.2012634,100.1923904,0.00054879,6.371948719,12743.89746,4.715241909,1.79979E-05,6181.60791,29.90600204,61.69738007,635.4613037,1310.984253,108,070801030407
1231,F070801030407_413,856.5457881,44529.58045,10.998806,2529.725342,2509.927734,19.79785156,214.4767151,3.519618034,0.549940288,10.998806,0.001243846,292.634491,90.71669006,0.000496888,5.663824558,11327.64941,4.191230297,1.59977E-05,5039.65332,27.88599777,55.55376053,603.5758667,1202.428101,108,070801030407
1232,F070801030407_419,2462.364888,339151.233,83.77035522,19267.18164,24851.31055,150.7866364,1633.521973,26.80651283,4.18851757,83.77035522,0.009473519,2228.664307,690.8859253,0.003784231,23.86708641,47734.17188,17.66164398,6.74137E-05,44118.49219,27.88764572,63.85785294,1090.905396,2497.983398,108,070801030407
1233,F070801030407_420,1885.391864,218851.2694,54.05626297,12432.94043,15860.10547,97.30126953,1054.097168,17.29800415,2.702813148,54.05626297,0.006113178,1609.918213,499.074646,0.002733611,73.46479797,146929.5938,54.36394882,0.000207505,28293.04688,24.9119854,56.69101334,228.6982574,520.4376831,108,070801030407
1234,F070801030407_422,3877.662842,91694.59862,22.64856529,5209.169922,5691.156738,40.76741791,441.6470337,7.247540951,1.132428288,22.64856529,0.002561307,561.8829956,174.1837311,0.000954067,11.25035667,22500.71289,8.325263977,3.17772E-05,10900.32617,29.90617943,62.57947159,625.7062988,1309.307007,108,070801030407
1235,F070801030407_428,7314.869605,264240.4723,65.26739502,15011.50098,19149.45117,117.481308,1272.714233,20.88556671,3.263369799,65.26739502,0.007381035,1619.203735,501.9531555,0.002749378,83.90322113,167806.4375,62.08838272,0.000236989,34160.95313,29.90617943,68.05606079,241.7763214,550.1987915,108,070801030407
1236,F070801030407_429,2924.407214,300101.7056,74.12512207,17048.77734,22473.25391,133.4252167,1445.439941,23.72003937,3.706256151,74.12512207,0.008382748,1838.977417,570.0830078,0.00312255,63.13615036,126272.2969,46.72075272,0.000178331,39522.03125,29.90578079,69.32679749,364.90802,845.9202881,108,070801030407
1237,F070801030407_431,2425.823144,326652.9635,80.68328094,18557.1543,23935.50195,145.2299042,1573.323975,25.81864929,4.034163952,80.68328094,0.009124405,2108.509766,653.6380005,0.00358021,111.0723724,222144.75,82.19355774,0.000313729,42492.65625,28.39056778,65.00946808,225.7738342,516.9827881,108,070801030407
1238,F070801030407_432,6289.918548,277057.6718,68.4332428,15739.64551,20078.31641,123.1798401,1334.448242,21.89863777,3.421662092,68.4332428,0.007739058,1788.370117,554.3947144,0.003036619,105.3446426,210689.2813,77.95503235,0.000297551,35817.96094,28.39068413,64.60733032,201.906723,459.4695129,108,070801030407
1239,F070801030407_434,985.7050665,57683.1408,14.24773598,3276.979248,4366.07666,25.64592552,277.8308411,4.559275627,0.712386787,14.24773598,0.001611265,353.453949,109.5707245,0.000600158,11.06628513,22132.57031,8.189050674,3.12573E-05,7643.055664,29.90743446,69.75453949,400.1659546,933.3262329,108,070801030407
1240,F070801030407_437,2257.365049,133241.2278,32.9105835,7569.434082,9226.810547,59.23905182,641.7563477,10.53138638,1.645529151,32.9105835,0.00372183,860.0463257,266.6143494,0.001460343,60.39178848,120783.5781,44.68992233,0.00017058,16796.24414,28.39094734,62.99827576,169.3767548,375.8396301,108,070801030407
1241,F070801030407_444,2833.309191,179374.4509,44.30548859,10190.2627,12999.23047,79.74987793,863.9570313,14.17775631,2.215274334,44.30548859,0.005010471,1099.164429,340.7409668,0.001866361,38.28621674,76572.4375,28.33180046,0.000108141,23189.49219,29.90618515,68.05607605,359.6757813,818.4969482,108,070801030407
1242,F070801030407_454,1072.128034,60293.54755,14.8925066,3425.276611,3742.620117,26.80651093,290.4038696,4.765602112,0.74462533,14.8925066,0.001684181,369.4881287,114.5413208,0.000627384,31.53499985,63070,23.33589935,8.90721E-05,7167.896484,29.90428734,62.57913208,146.7814331,307.1617737,108,070801030407
1243,F070801030407_472,2515.722982,346929.7044,85.69163513,19709.07617,24862.57227,154.2449493,1670.986938,27.42132378,4.284581661,85.69163513,0.009690796,2125.932373,659.0390625,0.003609794,81.32656097,162653.125,60.18165588,0.000229711,44571.64844,29.90577888,67.63127136,327.4930725,740.6185303,108,070801030407
1244,F070801030407_473,2686.927682,236133.0856,58.32487106,13414.7207,17112.51758,104.9847717,1137.334961,18.6639595,2.916243553,58.32487106,0.006595911,1609.47168,498.9362183,0.002732853,53.08974457,106179.4844,39.28641129,0.000149955,30527.23828,26.88664436,61.18465042,341.4595642,777.0432129,108,070801030407
1245,F070801030407_474,2380.362379,318933.2465,78.77651215,18118.59766,24397.08594,141.7977295,1536.141968,25.20848465,3.938825607,78.77651215,0.00890877,1954.357056,605.850708,0.003318462,37.2832489,74566.5,27.58960342,0.000105308,42515.68359,29.90604401,70.17517853,656.7183228,1541.003784,108,070801030407
1246,F070801030407_478,7842.925713,260359.3013,64.30874634,14791.01172,17610.30664,115.7557449,1254.020508,20.57879829,3.215437412,64.30874634,0.007272623,1595.428345,494.5827942,0.002709008,119.8446579,239689.3125,88.68504333,0.000338507,32401.31836,29.90603828,65.51242828,166.7813568,365.3526917,108,070801030407
1247,F070801030407_482,15922.74972,483129.7872,119.3330612,27446.60352,29176.93164,214.7995148,2326.994629,38.18658066,5.96665287,119.3330612,0.013495277,3293.008301,1020.832581,0.005591467,257.4127197,514825.4375,190.4854126,0.000727075,56623.53516,26.88648796,55.46799469,144.0876923,297.2591553,108,070801030407
1248,F070801030407_483,1147.066123,41006.17081,10.12852383,2329.560547,2971.708984,18.23134232,197.5062103,3.241127729,0.506426215,10.12852383,0.001145426,290.2187805,89.96781921,0.000492786,2.417588234,4835.176758,1.789015293,6.8286E-06,5301.269531,25.89326477,58.92406464,1302.146851,2963.233154,108,070801030407
1249,F070801030407_485,3840.28958,98111.12202,24.23344803,5573.692871,6557.085938,43.62020493,472.5522461,7.754703522,1.211672425,24.23344803,0.002740541,601.2023926,186.3727417,0.00102083,7.684863567,15369.72754,5.686799049,2.17063E-05,12130.7793,29.90615845,65.08880615,980.1107178,2133.147217,108,070801030407
1250,F070801030407_486,4381.424769,455612.2115,112.5362167,25883.33008,33018.125,202.5651855,2194.456299,36.01158905,5.626811028,112.5362167,0.012726627,2791.888672,865.4854736,0.004740575,93.32230377,186644.6094,69.0585022,0.000263593,58901.45313,29.90614128,68.05596924,374.802948,852.9210815,108,070801030407
1251,F070801030407_489,3048.55404,520855.6483,128.6513519,29589.81055,38165.70703,231.5724335,2508.701416,41.16843414,6.432567596,128.6513519,0.014549074,3550.124756,1100.538696,0.006028046,111.9619827,223923.9531,82.85186768,0.000316242,67755.51563,26.88666153,61.56577301,357.1411438,817.7910767,108,070801030407
1252,F070801030407_494,2969.189953,118354.2001,29.23348808,6723.702148,4669.757813,52.6202774,570.0530396,9.354716301,1.461674452,29.23348808,0.003305991,725.2324219,224.822052,0.001231431,66.13348389,132266.9688,48.93877792,0.000186797,11393.45996,29.90677261,50.67768097,137.3900757,232.8104706,108,070801030407
1253,F070801030407_495,8708.423482,340654.8206,84.14173889,19352.59961,14812.31348,151.4551239,1640.763916,26.92535591,4.20708704,84.14173889,0.009515519,2087.471191,647.1160889,0.003544488,276.6786804,553357.375,204.742218,0.000781492,34164.91406,29.90591621,52.79565048,94.52178192,166.8679504,108,070801030407
1254,F070801030407_503,3911.570472,367483.5435,90.76843262,20876.74023,15091.15918,163.3831787,1769.984375,29.04589844,4.538421631,90.76843262,0.010264927,2251.865723,698.0783691,0.003823626,68.03236389,136064.7344,50.34394836,0.000192161,35967.89844,29.90601158,51.52415466,414.6822205,714.4433594,108,070801030407
1255,F070801030407_507,8870.620114,382005.5812,94.3553772,21701.73633,25223.08398,169.8396759,1839.92981,30.19371986,4.717768669,94.3553772,0.010670571,2340.858154,725.6660156,0.003974734,181.5517426,363103.5,134.3482971,0.000512802,46924.82031,29.90595627,64.66448975,161.5333862,349.2773743,108,070801030407
1256,F070801030407_509,1858.581881,106321.1187,26.2613163,6040.102539,7790.683594,47.27037048,512.0956421,8.403621674,1.313065767,26.2613163,0.00296987,686.2990112,212.7527008,0.001165323,15.76939297,31538.78711,11.66935062,4.45414E-05,13830.78613,28.39025116,65.00874329,517.6040039,1185.223267,108,070801030407
1257,F070801030407_511,2924.791002,80020.74701,19.76512527,4545.979004,4768.138672,35.57722473,385.4199524,6.324840069,0.988256276,19.76512527,0.002235221,516.5371094,160.1265106,0.00087707,42.56055832,85121.11719,31.49481392,0.000120214,9314.117188,28.38992119,58.16724014,144.3405609,295.7349548,108,070801030407
1258,F070801030407_512,1806.829696,179330.9254,44.29473877,10187.79004,12851.6748,79.73052979,863.7474365,14.17431641,2.214736938,44.29473877,0.005009255,1157.555908,358.8423462,0.001965509,43.78723145,87574.46094,32.40254974,0.000123679,23039.46484,28.39071274,64.20497894,314.413208,711.0386353,108,070801030407
1259,F070801030407_514,2346.035742,303880.512,75.05848694,17263.45117,22266.84766,135.1052704,1463.640503,24.0187149,3.752924442,75.05848694,0.008488302,1862.093628,577.2490234,0.003161801,47.12526703,94250.53906,34.87269592,0.000133108,39530.29688,29.90641975,68.48049164,495.0420532,1133.560059,108,070801030407
1260,F070801030407_526,1581.461734,156367.3302,38.62273026,8883.227539,11835.5498,69.52091217,753.1432495,12.35927391,1.931136489,38.62273026,0.004367813,1065.80957,330.4009705,0.001809725,29.30365372,58607.30469,21.68470383,8.27696E-05,20718.77734,26.88620377,62.70798111,409.6540833,955.4558716,108,070801030407
1261,F070801030407_527,4088.506944,307889.2375,76.04864502,17491.1875,22560.5918,136.887558,1482.948608,24.33556557,3.802432299,76.04864502,0.008600278,1886.669678,584.8676147,0.00320353,15.76290798,31525.81641,11.66455173,4.45231E-05,40051.78125,29.90623283,68.48007965,1499.516479,3433.632324,108,070801030407
1262,F070801030407_529,3185.500242,98904.17495,24.42933083,5618.746094,7167.56543,43.97279358,476.3719482,7.817385674,1.221466541,24.42933083,0.002762693,638.4042358,197.9053192,0.001083999,28.49640656,56992.8125,21.08734131,8.04895E-05,12786.31152,28.39108086,64.60822296,266.4511414,606.3500977,108,070801030407
1263,F070801030407_530,2609.295441,248761.9321,61.44419861,14132.16602,18228.18555,110.599556,1198.161865,19.66214371,3.072209835,61.44419861,0.006948673,1605.741211,497.7797852,0.002726519,73.01006317,146020.125,54.02744675,0.00020622,32360.35156,28.39039803,65.0093689,261.573822,598.9613037,108,070801030407
1264,F070801030407_541,917.3260256,47762.4928,11.79733562,2713.387207,1307.63562,21.2352047,230.0480499,3.775147438,0.589866757,11.79733562,0.001334151,332.9460144,103.2132645,0.000565336,57.06744003,114134.875,42.22990417,0.00016119,4021.022949,26.28913307,38.9583931,64.25274658,95.21743011,108,070801030407
1265,F070801030407_542,2929.787227,432108.7025,106.7308502,24548.0957,11830.04688,192.1155243,2081.251465,34.15387344,5.336542606,106.7308502,0.012070103,3153.92041,977.715332,0.005355299,85.77185059,171543.7031,63.47116852,0.000242267,36378.14063,25.1076107,37.20729446,386.7597961,573.1443481,108,070801030407
1266,F070801030407_552,3736.631416,117375.1091,28.99165154,6668.080078,3969.537109,52.18497467,565.3372192,9.277328491,1.449582577,28.99165154,0.003278642,719.2428589,222.9652863,0.001221261,103.4081345,206816.2656,76.52201843,0.000292081,10637.61719,29.90636063,47.70974731,87.13936615,139.0138092,108,070801030407
1267,F070801030407_564,5743.264629,243059.9667,60.03581238,13808.2373,8024.387207,108.0644608,1170.698364,19.21146011,3.001790524,60.03581238,0.0067894,1753.543823,543.5985718,0.002977485,51.8964386,103792.875,38.40336609,0.000146584,21832.625,25.40153313,40.16313934,359.5579834,568.5081177,108,070801030407
1268,F070801030407_567,1485.915979,129766.1649,32.05224228,7372.015625,3448.180176,57.69403458,625.0187378,10.25671768,1.602612138,32.05224228,0.003624761,795.1661377,246.5014954,0.001350177,24.8300972,49660.19531,18.37427139,7.01338E-05,10820.19531,29.90657616,43.89505005,401.2140503,588.8775024,108,070801030407
1269,F070801030407_572,1868.559984,107423.957,26.53371811,6102.755371,2854.497314,47.7606926,517.4075317,8.490789413,1.326685905,26.53371811,0.003000676,748.8320923,232.1379547,0.001271503,78.76763916,157535.2813,58.28805161,0.000222483,8957.25293,26.28934669,38.58590317,104.6999359,153.6721954,108,070801030407
1270,F070801030407_573,4897.965304,110058.6927,27.18449783,6252.43457,3722.101563,48.93209457,530.0977173,8.699039459,1.359224916,27.18449783,0.003074272,767.1766357,237.8247528,0.001302652,100.4390106,200878.0156,74.32486725,0.000283695,9974.536133,26.29009247,41.94069672,84.12304688,134.2018738,108,070801030407
1271,F070801030407_575,917.2449744,51375.64006,12.6897831,2918.650146,1034.217529,22.84160995,247.4507751,4.060730457,0.634489179,12.6897831,0.001435077,350.1800537,108.5558167,0.000594599,53.18097687,106361.9609,39.3539238,0.000150212,3952.867676,26.88616943,36.41322708,74.16414642,100.4440536,108,070801030407
1272,F070801030407_576,1779.842651,88857.84289,21.94788742,5048.01416,2003.402954,39.50619888,427.9837952,7.023324013,1.097394347,21.94788742,0.002482068,605.6425781,187.7492065,0.00102837,91.98030853,183960.6094,68.06542969,0.000259803,7051.416992,26.88700676,37.55764008,74.16413879,103.5976257,108,070801030407
1273,F070801030407_581,2360.482111,254277.8184,62.80662155,14445.52344,6961.48584,113.051918,1224.729126,20.09811974,3.14033103,62.80662155,0.007102748,1558.154907,483.0280151,0.002645718,265.8857727,531771.5,196.7554779,0.000751007,21407.00977,29.90618134,44.31835938,73.41866302,108.8000717,108,070801030407
1274,F070801030407_583,2249.644524,64128.39488,15.8397131,3643.134033,1342.574097,28.51148415,308.8744202,5.06870842,0.791985631,15.8397131,0.0017913,392.9573669,121.8167801,0.000667234,12.80935478,25618.70898,9.478922844,3.61806E-05,4985.708008,29.90666771,40.92792511,384.3405151,525.9783325,108,070801030407
1275,F070801030407_585,1925.060148,94499.37437,23.34134483,5368.509277,2282.963867,42.01441956,455.1562195,7.469230175,1.167067289,23.34134483,0.002639653,579.0510254,179.5058136,0.000983218,16.88847542,33776.94922,12.49747181,4.77023E-05,7651.473145,29.90716171,42.62520981,429.567627,612.2416992,108,070801030407
1276,F070801030407_596,1188.060613,67141.65337,16.58398819,3814.317383,1621.914429,29.85117912,323.3877563,5.306876183,0.829199433,16.58398819,0.001875469,493.8921204,153.1065521,0.00083862,78.87194824,157743.9063,58.365242,0.000222778,5436.231934,24.91282845,35.50619888,65.35254669,93.14160156,108,070801030407
1277,F070801030407_601,1159.474424,66645.94944,16.46154976,3786.156494,2951.555908,29.6307888,321.0002136,5.267695904,0.8230775,16.46154976,0.001861623,486.4487915,150.799118,0.000825981,29.44341087,58886.82031,21.78812408,8.31643E-05,6737.712402,25.10728455,44.6800499,173.7715759,309.237854,108,070801030407
1278,F070801030407_609,9881.218956,323826.0813,79.98503876,18396.55859,16427.32813,143.9730682,1559.708252,25.59521294,3.999251842,79.98503876,0.009045442,1984.353149,615.1494751,0.003369395,171.4799957,342960,126.895195,0.000484354,34823.88672,29.9058342,56.61044693,144.9744263,274.4302979,108,070801030407
1279,F070801030407_612,10933.02381,407867.0144,100.7431488,23170.92383,14122.17578,181.3376617,1964.491455,32.23780823,5.037157536,100.7431488,0.011392958,2780.019043,861.8059082,0.004720421,78.25537872,156510.75,57.90898132,0.000221036,37293.10156,26.88647652,43.27320099,400.1265869,643.9951172,108,070801030407
1280,F070801030407_616,5192.894309,179056.5033,44.22695541,10172.2002,4902.115723,79.60852051,862.4256592,14.15262604,2.211347818,44.22695541,0.00500159,1220.439819,378.3363342,0.002072284,37.56928253,75138.57031,27.80126953,0.000106116,15074.31641,26.88665962,39.84369278,365.8897705,542.2168579,108,070801030407
1281,F070801030407_621,3956.982414,133450.5688,32.96229172,7581.327148,3116.254639,59.33212662,642.7647095,10.54793358,1.648114562,32.96229172,0.003727678,817.7550049,253.5040588,0.001388533,24.76535416,49530.70703,18.32636261,6.99509E-05,10697.58203,29.90613747,42.19886017,413.6842346,583.7264404,108,070801030407
1282,F070801030407_623,1331.934298,42695.04183,10.54567528,2425.505371,928.2303467,18.98221588,205.6406708,3.374616146,0.527283788,10.54567528,0.001192602,261.6173096,81.10136414,0.000444221,53.86254501,107725.0938,39.858284,0.000152137,3353.73584,29.90708542,41.35239792,60.85322952,84.14150238,108,070801030407
1283,F070801030407_635,3479.058511,317857.9052,78.5109024,18057.50781,12029.44043,141.3196259,1530.962646,25.12348938,3.925545216,78.5109024,0.008878732,2166.516846,671.6202393,0.003678706,248.9911804,497982.3438,184.253479,0.000703288,30086.94922,26.88648605,44.79756165,98.00361633,163.2910767,108,070801030407
1284,F070801030407_637,1992.866843,65141.18045,16.08987236,3700.670654,1888.307251,28.96177101,313.7525024,5.148759365,0.804493606,16.08987236,0.00181959,399.1506042,123.7366867,0.00067775,56.36817932,112736.3594,41.71245193,0.000159215,5588.978027,29.90762711,45.1683197,88.71860504,133.9882355,108,070801030407
1285,F070801030407_650,9413.04319,283508.2575,70.02654266,16106.10449,9359.748047,126.0477753,1365.517578,22.40849304,3.501327038,70.02654266,0.007919244,2045.361206,634.0619507,0.003472985,110.8088226,221617.6406,81.99852753,0.000312985,25465.85156,25.40146828,40.16303253,196.4194336,310.5647278,108,070801030407
1286,F070801030407_664,6622.130716,221918.3673,54.81383514,12607.18164,13580.67578,98.66490173,1068.869751,17.54042816,2.740691662,54.81383514,0.006198851,1359.847534,421.5527344,0.002308996,21.30847549,42616.94922,15.76827145,6.01868E-05,26187.85742,29.90653419,62.12237549,799.5284424,1660.794434,108,070801030407
1287,F070801030407_684,722.1915207,33830.7641,8.356198311,1921.925659,1171.396118,15.04115677,162.9458618,2.673983574,0.417809904,8.356198311,0.000944995,248.8588867,77.14625549,0.000422558,,,,,3093.321777,24.91275406,40.09684753,,,108,070801030407
1288,F070801030408_1,6393.208375,274051.0525,67.69061279,15568.84082,18757.06641,121.8431015,1319.966919,21.66099548,3.384530544,67.69061279,0.007655075,1768.964478,548.3789673,0.003003669,166.1876373,332375.2813,122.9788513,0.000469405,34325.90625,28.39065933,62.59522629,126.5977097,279.1203918,108,070801030408
1289,F070801030408_11,6815.50351,249456.7389,61.61581421,14171.6377,12052.05371,110.9084625,1201.508423,19.71706009,3.080790758,61.61581421,0.006968081,1528.63623,473.8772278,0.002595596,183.1929932,366385.9688,135.5628204,0.000517438,26223.69141,29.90571594,55.33857727,104.5392685,193.4431,108,070801030408
1290,F070801030408_13,12079.68774,421083.9596,104.0077362,23921.7793,18987.65234,187.2139282,2028.150879,33.28247452,5.200387001,104.0077362,0.011762148,2580.296875,799.8920288,0.004381296,343.0589905,686117.9375,253.8636475,0.000968987,42909.42969,29.90625954,53.64402771,94.2308197,169.0254974,108,070801030408
1291,F070801030408_18,1157.495302,63068.83223,15.57800198,3582.94043,4824.506836,28.04040337,303.7710266,4.984960556,0.778900087,15.57800198,0.001761703,386.4747009,119.8071594,0.000656227,3.9284904,7856.980957,2.907082796,1.10962E-05,8407.447266,29.90589523,70.17483521,1232.486572,2892.056396,108,070801030408
1292,F070801030408_23,2368.511557,60288.57203,14.89127731,3424.993896,4077.827393,26.8042984,290.3799133,4.765208721,0.744563878,14.89127731,0.001684042,369.4302979,114.5233917,0.000627286,22.40136909,44802.73828,16.57701302,6.32738E-05,7502.821289,29.90649986,65.51344299,206.6110382,452.6039429,108,070801030408
1293,F070801030408_26,3605.358666,155625.6115,38.4395256,8841.09082,10275.65625,69.19114685,749.5707397,12.30064774,1.921976328,38.4395256,0.004347094,953.6237793,295.6233826,0.001619236,57.08499527,114169.9922,42.24289703,0.000161239,19116.74609,29.90660286,64.6658783,209.2917786,452.543457,108,070801030408
1294,F070801030408_32,3161.426719,100510.8145,24.82617188,5710.019531,5503.466309,44.6871109,484.1103516,7.944375038,1.24130857,24.82617188,0.002807571,648.7977905,201.1273193,0.001101647,50.92084885,101841.6953,37.681427,0.000143828,11213.48633,28.39007378,55.75317383,151.5340576,297.5865479,108,070801030408
1295,F070801030408_35,3403.986614,106673.5887,26.34837723,6060.126953,4982.366699,47.42707825,513.793335,8.431480408,1.317418814,26.34837723,0.002979716,653.6821289,202.6414642,0.00110994,13.75739574,27514.79102,10.18047333,3.88584E-05,11042.49414,29.90566063,54.49276733,595.2696533,1084.67395,108,070801030408
1296,F070801030408_40,965.5079987,47040.73561,11.61906147,2672.384033,2272.688721,20.91431046,226.571701,3.718099594,0.580953062,11.61906147,0.00131399,288.2391357,89.35413361,0.000489425,40.25877762,80517.55469,29.79149628,0.000113713,4945.072754,29.90778351,55.34240723,89.70291138,165.9894104,108,070801030408
1297,F070801030408_43,3153.864902,584610.6277,144.398819,33211.72656,26832.19141,259.9178772,2815.776855,46.20762253,7.219941139,144.398819,0.016329942,3582.356934,1110.53064,0.006082776,535.6907349,1071381.375,396.4111328,0.001513084,60043.91797,29.90617752,54.06777191,83.78101349,151.4687958,108,070801030408
1298,F070801030408_47,1179.036968,68676.37729,16.9630661,3901.505127,2654.380615,30.53351974,330.7797852,5.428181171,0.848153293,16.9630661,0.001918339,420.8196106,130.4540863,0.000714544,12.81389332,25627.78711,9.482280731,3.61935E-05,6555.885742,29.90711403,50.25435257,411.452179,691.3828125,108,070801030408
1299,F070801030408_64,2401.199236,297472.8908,73.47580719,16899.43555,19162.49023,132.2564545,1432.778198,23.51225853,3.673790455,73.47580719,0.008309318,2073.571533,642.8071899,0.003520886,131.80336,263606.7188,97.53448486,0.000372285,36061.92578,26.29005432,56.10068893,173.2662659,369.7351379,108,070801030408
1300,F070801030408_83,1417.301083,81587.56477,20.15212822,4634.989258,5255.674805,36.27383041,392.9664917,6.448680878,1.007606387,20.15212822,0.002278987,499.9487915,154.9841309,0.000848904,7.193975925,14387.95215,5.323542118,2.03197E-05,9890.664063,29.90621758,63.81726837,870.6588745,1857.9104,108,070801030408
1301,F070801030408_86,11121.21502,332983.8195,82.24700165,18916.81055,18768.76563,148.0446014,1603.816528,26.3190403,4.112349987,82.24700165,0.009301245,2430.437988,753.435791,0.004126839,125.1986542,250397.2969,92.64700317,0.00035363,37685.57813,25.10739517,50.0182991,204.1815643,406.7652283,108,070801030408
1302,F070801030408_89,2811.640719,63607.37666,15.71102238,3613.535156,2919.421875,28.27984047,306.3649292,5.027527332,0.785551131,15.71102238,0.001776746,433.5429382,134.3983154,0.000736148,12.14797115,24295.94141,8.989499092,3.43125E-05,6532.957031,26.8867588,48.60892105,401.9729004,726.7320557,108,070801030408
1303,F070801030408_98,16007.6231,542481.5274,133.9929352,30818.375,27956.28906,241.1872864,2612.862305,42.87773895,6.69964695,133.9929352,0.015153149,3501.682129,1085.521484,0.005945791,417.5560913,835112.1875,308.9915161,0.001179407,58774.66406,28.39038658,54.14417267,99.7385788,190.2144928,108,070801030408
1304,F070801030408_101,3876.173375,109457.4914,27.03600121,6218.280273,5905.203613,48.66480255,527.2020264,8.651520729,1.351800084,27.03600121,0.003057479,805.2007446,249.6122284,0.001367216,74.33532715,148670.6563,55.00814056,0.000209964,12123.48438,24.91176224,48.56927109,113.0429077,220.3943634,108,070801030408
1305,F070801030408_105,7081.884282,276013.8841,68.1754303,15680.34863,16224.39063,122.7157745,1329.420898,21.81613731,3.408771515,68.1754303,0.007709903,1691.364502,524.322998,0.002871906,152.9693146,305938.6563,113.1972961,0.000432069,31904.73828,29.90589523,60.84939575,138.5222931,281.850708,108,070801030408
1306,F070801030408_108,3721.246639,136760.5661,33.77986145,7769.368164,9911.012695,60.80374908,658.7072754,10.80955601,1.688993096,33.77986145,0.003820136,882.7811279,273.6621399,0.001498946,38.47312927,76946.25781,28.47011566,0.000108669,17680.38086,28.3903656,64.6065979,272.8955688,621.0154419,108,070801030408
1307,F070801030408_109,2449.784412,142327.7152,35.15494537,8085.637207,9626.829102,63.27890015,685.5214233,11.24958229,1.757747293,35.15494537,0.003975643,935.2824707,289.937561,0.001588092,10.72362518,21447.25,7.935482502,3.02894E-05,17712.4668,27.88751221,61.09062576,1018.921936,2232.059326,108,070801030408
1308,F070801030408_110,4082.285473,557219.1359,137.6331329,31655.62109,32753.92969,247.7396393,2683.846191,44.04260254,6.881656647,137.6331329,0.015564816,3798.010254,1177.383179,0.006448951,252.2726898,504545.4063,186.6817932,0.000712556,64409.55078,26.8864212,54.70568466,169.5699463,345.0231934,108,070801030408
1309,F070801030408_112,5008.994444,211586.303,52.26181793,12020.21777,13970.63086,94.0712738,1019.105469,16.72378159,2.613090992,52.26181793,0.005910245,1296.540405,401.9275208,0.002201502,68.6296463,137259.2969,50.78593826,0.000193848,25990.84766,29.9064312,64.66551208,236.6839752,511.772522,108,070801030408
1310,F070801030408_119,4040.819535,125951.9355,31.1101284,7155.32959,7505.007324,55.99822998,606.647522,9.955241203,1.555506468,31.1101284,0.003518218,858.4898071,266.1318359,0.0014577,54.01745605,108034.9141,39.97291565,0.000152575,14660.33691,26.88640976,55.08674622,179.0044403,366.7567444,108,070801030408
1311,F070801030408_123,2581.727047,58824.9717,14.52976799,3341.84668,3694.62915,26.15358162,283.3304749,4.649525642,0.726488411,14.52976799,0.001643159,360.4851074,111.7503815,0.000612097,,,,,7036.475586,29.90456581,62.96601105,,,108,070801030408
1312,F070801030408_124,3146.823287,624514.3673,154.2550507,35478.66016,44758.45313,277.6590881,3007.973389,49.36161804,7.712752342,154.2550507,0.017444575,3826.88916,1186.335693,0.006497987,36.77643967,73552.875,27.21456528,0.000103877,80237.10938,29.90608788,67.63440704,1303.664429,2948.314941,108,070801030408
1313,F070801030408_125,6592.28755,268518.7092,66.32411957,15254.54785,17945.97852,119.3834152,1293.320313,21.22371864,3.316205978,66.32411957,0.00750054,1830.234009,567.3725586,0.003107704,108.5738678,217147.7344,80.34466553,0.000306672,33200.52734,26.88629913,58.5162735,189.8638611,413.2262878,108,070801030408
1314,F070801030408_126,11807.32326,395332.7081,97.64717865,22458.85156,20373.16602,175.7649231,1904.119995,31.24709702,4.882359028,97.64717865,0.011042838,2755.719238,854.2729492,0.00467916,200.348938,400697.875,148.2582092,0.000565895,42832.01563,26.29001808,50.13856125,151.4847107,288.9014893,108,070801030408
1315,F070801030408_127,3536.839824,135410.6874,33.44644165,7692.681641,8286.691406,60.20359421,652.2056274,10.70286179,1.672322035,33.44644165,0.00378243,988.3494263,306.3883362,0.001678199,65.49012756,130980.25,48.46269608,0.00018498,15979.37305,25.10761833,52.15398788,158.7340851,329.7252197,108,070801030408
1316,F070801030408_131,7413.161712,305227.1701,75.39111328,17339.95703,13026.07617,135.70401,1470.126709,24.1251564,3.769555569,75.39111328,0.008525918,2005.743408,621.7804565,0.003405715,346.3889465,692777.9375,256.3278198,0.000978392,30366.0332,27.8875885,48.83722687,67.64758301,118.4656143,108,070801030408
1317,F070801030408_134,10032.68247,242934.6373,60.00485611,13801.11719,11932.56445,108.0087433,1170.094727,19.20155334,3.00024271,60.00485611,0.006785899,1655.845703,513.3121948,0.002811596,39.05237961,78104.75781,28.89876175,0.000110305,25733.68164,26.88640022,50.13261414,477.5677795,890.4769897,108,070801030408
1318,F070801030408_135,1882.461622,146434.5205,36.16932678,8318.945313,7664.280273,65.10478973,705.3018799,11.57418442,1.808466315,36.16932678,0.004090359,998.0843506,309.4061584,0.001694729,17.78540039,35570.80078,13.16119671,5.02357E-05,15983.22559,26.88681221,51.65774918,632.0812378,1214.42041,108,070801030408
1319,F070801030408_140,10853.40544,383270.7675,94.6678772,21773.61133,19751.50586,170.4021759,1846.02356,30.29372025,4.733393669,94.6678772,0.010705912,2348.586914,728.0619507,0.003987857,321.0409851,642081.9375,237.5703278,0.000906796,41525.11719,29.90626144,57.03514099,91.65122223,174.7908478,108,070801030408
1320,F070801030408_160,8582.737919,274980.2675,67.92012787,15621.62988,13728.0166,122.2562332,1324.442505,21.73444176,3.396006346,67.92012787,0.007681031,1685.016724,522.3551636,0.002861127,40.90598297,81811.96875,30.2704277,0.000115541,29349.64648,29.906147,56.18714905,516.0690308,969.5814819,108,070801030408
1321,F070801030408_162,9830.521088,324477.4578,80.14593506,18433.56445,14631.44043,144.2626801,1562.845703,25.64669991,4.007296562,80.14593506,0.009063637,2132.245605,660.9961548,0.003620514,53.61283112,107225.6641,39.67349625,0.000151432,33065.00391,27.88755226,50.02299118,464.6317139,833.4280396,108,070801030408
1322,F070801030408_166,999.4606658,55796.64866,13.78177261,3169.807617,3729.072021,24.80718994,268.7445679,4.410167217,0.689088643,13.78177261,0.001558569,341.8909607,105.9861984,0.000580525,26.58999634,53179.99609,19.6765976,7.51047E-05,6898.879883,29.90773964,65.09224701,161.0953064,350.6134644,108,070801030408
1323,F070801030408_173,8599.374478,288003.6946,71.13690948,16361.48926,19016.32031,128.0464325,1387.169678,22.76381111,3.556845427,71.13690948,0.008044814,1764.822754,547.0950317,0.002996636,117.4339752,234867.9531,86.90113831,0.000331698,35377.80859,29.90611839,64.66483307,188.2770386,407.1040955,108,070801030408
1324,F070801030408_175,7141.150504,351644.901,86.85629272,19976.94727,24067.87891,156.3413239,1693.697754,27.79401398,4.342814445,86.85629272,0.009822506,2269.859375,703.6564331,0.003854179,134.2717743,268543.5313,99.3611145,0.000379257,44044.82813,28.39019966,62.59422302,201.0539703,443.2803345,108,070801030408
1325,F070801030408_181,17533.04941,822771.4512,203.2245483,46741.64453,43725.79297,365.8041992,3962.878662,65.03185272,10.16122723,203.2245483,0.022982495,5607.989746,1738.476807,0.009522263,460.1149597,920229.9375,340.4850769,0.001299617,90467.4375,26.8865509,52.03833389,137.2795715,265.7016296,108,070801030408
1326,F070801030408_182,4009.050192,128706.0637,31.79039764,7311.791504,8498.208984,57.22271729,619.9127808,10.1729269,1.589519858,31.79039764,0.00359515,877.2686157,271.9532776,0.001489586,62.36539841,124730.7969,46.15039444,0.000176154,15810,26.88620567,58.13498688,158.4339905,342.5756226,108,070801030408
1327,F070801030408_186,1159.192783,63240.14627,15.62031651,3592.672852,3666.400879,28.11656952,304.5961609,4.998501301,0.781015813,15.62031651,0.001766489,387.502655,120.125824,0.000657972,32.45810699,64916.21094,24.0189991,9.16795E-05,7259.07373,29.90758133,60.42892075,149.5762939,302.222168,108,070801030408
1328,F070801030408_187,2565.270056,90323.14626,22.30981636,5131.257813,6472.971191,40.15766907,435.0414124,7.139141083,1.115490794,22.30981636,0.002522998,553.4909668,171.5821991,0.000939817,7.203270435,14406.54102,5.330420017,2.0346E-05,11604.22852,29.90553665,67.63072205,962.6366577,2176.981934,108,070801030408
1329,F070801030408_188,4848.069807,192409.8325,47.52523041,10930.80273,12859.37598,85.54541779,926.7420044,15.20807362,2.376261473,47.52523041,0.005374589,1179.039185,365.5021362,0.002001987,83.3821106,166764.2188,61.7027626,0.000235517,23790.17969,29.90626144,65.0890274,177.1525726,385.5610046,108,070801030408
1330,F070801030408_189,16477.69296,745907.7055,184.2391968,42375.01563,44445.86328,331.6305542,3592.664307,58.95654297,9.211959839,184.2391968,0.020835457,4901.62207,1519.502808,0.008322863,80.28931427,160578.625,59.41409302,0.000226781,86820.875,27.88742256,57.13768768,713.2149048,1461.28418,108,070801030408
1331,F070801030408_192,2410.31504,322962.0392,79.7716217,18347.47266,14043.11816,143.588913,1555.546631,25.52691841,3.988581181,79.7716217,0.009021306,2251.263672,697.8917236,0.003822604,163.2953644,326590.7188,120.8385696,0.000461236,32390.58984,26.28985596,46.41205597,151.8345795,268.0484314,108,070801030408
1332,F070801030408_195,3095.12137,94348.83698,23.30416298,5359.95752,4330.384766,41.94749451,454.4311829,7.457332134,1.165208101,23.30416298,0.002635448,578.1307373,179.2205353,0.000981655,15.24937153,30498.74219,11.28453445,4.30726E-05,9690.341797,29.90704918,54.06937027,474.982605,858.7276611,108,070801030408
1333,F070801030408_197,11074.79271,556790.5808,137.5272675,31631.27148,37212.12891,247.5490875,2681.781738,44.00872421,6.876363277,137.5272675,0.015552844,3594.023193,1114.147217,0.006102585,216.783783,433567.5625,160.4199982,0.000612316,68843.39844,28.39056778,61.79021835,197.1778564,429.1447449,108,070801030408
1334,F070801030408_198,2415.016169,325494.0587,80.39703369,18491.31836,18608.69727,144.7146606,1567.742188,25.72705078,4.019851685,80.39703369,0.009092034,1994.53894,618.3070679,0.00338669,36.94257355,73885.14063,27.33750534,0.000104346,37100.01563,29.90636826,60.00257492,676.4083862,1357.110474,108,070801030408
1335,F070801030408_201,2433.692815,230680.3923,56.97805786,13104.95313,15974.36816,102.5605011,1111.072144,18.23297882,2.848902941,56.97805786,0.006443601,1489.022217,461.5968933,0.002528332,76.78287506,153565.75,56.81932831,0.000216877,29079.32031,28.3904705,62.99721909,230.6425171,511.7857056,108,070801030408
1336,F070801030408_202,6204.873282,282378.946,69.74759674,16041.94727,12733.12305,125.5456772,1360.078125,22.31923103,3.487379789,69.74759674,0.007887698,1730.376953,536.4168701,0.002938148,325.4276733,650855.375,240.8164825,0.000919186,28775.07031,29.90574646,53.64311218,66.61482239,119.489624,108,070801030408
1337,F070801030408_204,6195.666701,321792.8612,79.48283386,18281.05273,13992.1582,143.0691071,1549.915283,25.43450737,3.974141598,79.48283386,0.008988648,1971.871704,611.2802124,0.003348202,211.7250519,423450.125,156.6765442,0.000598028,32273.21094,29.90617371,52.79610062,116.6802139,205.9862366,108,070801030408
1338,F070801030408_207,1585.654416,156702.0577,38.70541,8902.244141,11482.3457,69.66973877,754.7554932,12.38573074,1.935270548,38.70541,0.004377163,960.2213135,297.6686096,0.001630438,40.05972672,80119.45313,29.64419746,0.000113151,20384.58984,29.9065609,68.4808197,300.3031006,687.6418457,108,070801030408
1339,F070801030408_219,5640.48515,133442.9919,32.9604187,7580.896484,6985.007324,59.32875443,642.7281494,10.54733372,1.648020983,32.9604187,0.003727466,973.9932251,301.9378967,0.001653822,16.57220268,33144.40625,12.26342964,4.6809E-05,14565.9043,25.10746956,48.24139023,618.1710205,1187.751343,108,070801030408
1340,F070801030408_221,9737.398514,434904.9341,107.4215164,24706.94922,28018.625,193.3587341,2094.719482,34.37488556,5.37107563,107.4215164,0.01214821,2664.999023,826.1497192,0.004525119,205.4441376,410888.2813,152.028656,0.000580287,52725.57422,29.90613937,63.82084656,162.5150757,346.813385,108,070801030408
1341,F070801030409_3,1092.55617,44641.21797,11.02638054,2536.067627,1942.992554,19.84748459,215.0144196,3.528441668,0.551319003,11.02638054,0.001246964,273.5458679,84.79921722,0.000464476,,,,,4479.060059,29.90673447,52.81959152,,,108,070801030409
1342,F070801030409_5,3692.369683,118756.9718,29.33297157,6746.583496,5642.062988,52.79934692,571.9929199,9.386550903,1.466648579,29.33297157,0.003317241,727.7288818,225.5959473,0.00123567,18.70746613,37414.93359,13.84352493,5.28401E-05,12388.64648,29.90560532,54.91519928,487.3457947,894.9055176,108,070801030409
1343,F070801030409_8,2726.804462,322744.5168,79.71789551,18335.11523,13775.18164,143.492218,1554.499023,25.50972748,3.98589468,79.71789551,0.00901523,1977.709839,613.0900269,0.003358115,57.19649887,114393,42.32540894,0.000161554,32110.29688,29.90607262,52.37452316,433.1940613,758.6529541,108,070801030409
1344,F070801030409_12,3196.818784,398918.5814,98.53289032,22662.56445,24733.72461,177.3592072,1921.391357,31.53052521,4.926644325,98.53289032,0.011143003,2574.996338,798.2488403,0.004372296,205.7178345,411435.6875,152.2312012,0.00058106,47396.28906,28.39035034,59.37533188,148.8693848,311.3441162,108,070801030409
1345,F070801030409_15,3208.796069,117503.5359,29.02337265,6675.375488,4446.961914,52.24206924,565.9557495,9.287479401,1.451168656,29.02337265,0.003282229,720.0258179,223.2080078,0.001222591,133.2110443,266422.0938,98.57617188,0.000376261,11122.33789,29.90652275,49.8294754,67.71794128,112.8298798,108,070801030409
1346,F070801030409_18,4188.580656,135603.0242,33.49394608,7703.607422,9171.982422,60.28910446,653.131958,10.7180624,1.67469728,33.49394608,0.003787803,830.9620972,257.5982361,0.001410958,10.99708652,21994.17188,8.137844086,3.10618E-05,16875.58984,29.90551376,65.51127625,946.6398315,2073.717529,108,070801030409
1347,F070801030409_21,1569.688612,154024.4298,38.04403305,8750.12793,11410.16895,68.47926331,741.8586426,12.17409039,1.902201653,38.04403305,0.004302368,943.8197632,292.584137,0.001602589,41.75147247,83502.94531,30.89608955,0.000117929,20160.29688,29.90636444,68.90427399,283.2114868,652.5193481,108,070801030409
1348,F070801030409_24,4275.825127,131992.6086,32.60217285,7498.5,7014.68457,58.68391037,635.7423706,10.43269539,1.630108595,32.60217285,0.003686953,808.8134766,250.7321777,0.00137335,18.45014,36900.27734,13.65310383,5.21133E-05,14513.18457,29.90641212,57.88321686,549.2157593,1062.995239,108,070801030409
1349,F070801030409_29,3585.578824,125781.5375,31.06803894,7145.648926,5266.654297,55.92247009,605.8267822,9.941772461,1.553401947,31.06803894,0.003513459,826.5452271,256.2290344,0.001403459,22.03127289,44062.54688,16.30314255,6.22284E-05,12412.30273,27.88774109,48.44221878,438.2988586,761.3441772,108,070801030409
1350,F070801030409_43,1928.822624,143362.4084,35.41051483,8144.418457,10851.19727,63.73892593,690.5050659,11.33136463,1.770525694,35.41051483,0.004004546,977.1461792,302.9153137,0.001659176,35.61050797,71221.01563,26.35177612,0.000100584,18995.61523,26.8867836,62.7093277,309.0652466,720.8475952,108,070801030409
1351,F070801030409_56,8276.355442,357147.5579,88.21544647,20289.55273,18693.0625,158.7878113,1720.201172,28.22894287,4.410772324,88.21544647,0.009976211,2188.521484,678.4416504,0.003716069,47.95195007,95903.89844,35.48444366,0.000135443,38982.61719,29.90611267,57.45905685,571.7872314,1098.583252,108,070801030409
1352,F070801030409_77,2351.333486,123868.1178,30.59542465,7036.947754,4887.312988,55.0717659,596.6107788,9.790535927,1.529771209,30.59542465,0.003460011,759.0577393,235.3078918,0.001288866,157.541687,315083.375,116.5808487,0.000444984,11924.26074,29.90527725,50.67514038,60.36109543,102.2831879,108,070801030409
1353,F070801030409_79,4153.453134,148014.8951,36.55968094,8408.726563,7270.257324,65.80742645,712.9137573,11.69909763,1.827984095,36.55968094,0.004134504,1031.763794,319.8467712,0.001751916,137.5239258,275047.8438,101.7677078,0.000388443,15678.98438,26.28985977,49.020298,82.62667084,154.0664063,108,070801030409
1354,F070801030409_109,1558.767316,92192.0461,22.77143478,5237.430176,3415.047363,40.98858261,444.0429688,7.286859035,1.138571739,22.77143478,0.002575203,564.942688,175.1322327,0.000959262,18.24702644,36494.05078,13.50279999,5.15396E-05,8652.477539,29.9055748,49.40539551,387.8773499,640.7913818,108,070801030409
1355,F070801030409_141,2681.455686,298045.4746,73.61723328,16931.96289,39838.70313,132.5110168,1435.536011,23.55751419,3.680861712,73.61723328,0.008325311,1826.352051,566.1691284,0.003101112,70.37625885,140752.5156,52.07843018,0.000198781,56770.66406,29.90619278,100.2715607,325.1242981,1090.099365,104,070801030603
1356,F070801030409_144,2729.844108,353392.087,87.2878418,20076.20313,23618.34375,157.1181183,1702.112915,27.93210983,4.364392281,87.2878418,0.00987131,2165.519775,671.3111572,0.003677013,70.2277298,140455.4531,51.96852112,0.000198362,43694.54688,29.90595818,65.08836365,386.3146973,840.7887573,108,070801030409
1357,F070801030409_167,3446.328873,84028.40216,20.75501442,4773.65332,3721.375,37.35902405,404.7227783,6.641604424,1.037750721,20.75501442,0.002347167,618.1359863,191.6221619,0.001049583,78.43803406,156876.0625,58.04414368,0.000221552,8495.02832,24.91180229,44.33218002,82.24177551,146.3546143,108,070801030409
1358,F070801030409_174,1712.823369,73945.51099,18.26454163,4200.844727,2858.0354,32.87617493,356.1585693,5.84465313,0.913227081,18.26454163,0.002065522,453.1211243,140.4675446,0.000769391,76.48924255,152978.4844,56.60203934,0.000216048,7058.879883,29.90615845,50.25274658,74.2171936,124.710701,108,070801030409
1359,F070801030409_178,941.5014774,46144.56235,11.39770699,2621.472656,631.6607056,20.51587296,222.2552795,3.64726615,0.569885373,11.39770699,0.001288957,282.8035278,87.66909027,0.000480195,7.460841179,14921.68262,5.52102232,2.10735E-05,3253.133301,29.90190315,37.1069603,474.8165283,589.2266235,108,070801030409
1360,F070801030409_179,3080.39175,241946.1196,59.7606926,13744.95898,13442.57031,107.5692444,1165.333496,19.12342072,2.988034725,59.7606926,0.006758287,1482.595093,459.6044922,0.002517419,93.65756989,187315.1406,69.30660248,0.00026454,27187.5293,29.90605927,59.15418625,198.3210602,392.2790527,108,070801030409
1361,F070801030409_214,3156.649523,464274.7478,114.6758652,26375.44922,32150.52344,206.4165649,2236.179443,36.69627762,5.733793259,114.6758652,0.012968598,3236.310303,1003.256165,0.005495195,142.9956818,285991.375,105.816803,0.000403898,58525.97266,26.28984451,58.33602142,249.2557678,553.0877075,108,070801030409
1362,F070801030409_244,3851.413086,296161.4131,73.15187073,16824.92969,8585.102539,131.6733704,1426.461426,23.40859795,3.657593489,73.15187073,0.008272684,1814.787598,562.5841675,0.003081476,305.894989,611789.9375,226.3622894,0.000864015,25410.03125,29.90651131,45.16662979,74.32743835,112.2538147,108,070801030409
1363,F070801030409_258,1284.91573,104197.1918,25.73670578,5919.442383,4362.886719,46.32606888,501.8657532,8.23574543,1.286835313,25.73670578,0.002910543,766.4835815,237.6099091,0.001301475,10.66375923,21327.51758,7.891181946,3.01203E-05,10282.3291,24.91243935,43.27399063,750.1337891,1303.015137,108,070801030409
1364,F070801030409_280,1988.034883,236263.75,58.35714722,13422.14355,15409.78906,105.0428619,1137.964355,18.6742878,2.917857409,58.35714722,0.006599561,1724.458984,534.5822754,0.002928099,18.48762894,36975.25781,13.68084526,5.22192E-05,28831.93359,25.10772324,53.93357468,981.09021,2107.467285,108,070801030409
1365,F070801030409_294,3487.998793,340236.3036,84.03836823,19328.82422,23013.06445,151.2690582,1638.748169,26.89227867,4.201918602,84.03836823,0.009503829,2084.893311,646.3169556,0.00354011,33.40805817,66816.11719,24.72196388,9.43627E-05,42341.89063,29.90610695,65.51258087,781.8482666,1712.723633,108,070801030409
1366,F070801030409_296,1240.17395,88913.32674,21.96159172,5051.166016,5870.771973,39.53086472,428.2510376,7.027709484,1.098079562,21.96159172,0.002483618,544.838501,168.8999329,0.000925126,13.23266697,26465.33398,9.792173386,3.73763E-05,10921.9375,29.90626335,64.66513824,515.8370972,1115.374146,108,070801030409
1367,F070801030409_317,5300.571144,174044.0191,42.98887253,9887.44043,7007.185547,77.37997437,838.28302,13.75643921,2.149443626,42.98887253,0.004861576,1066.511719,330.6186218,0.001810917,134.8226166,269645.25,99.76873779,0.000380813,16894.625,29.90587807,51.10004044,99.10359192,169.3378601,108,070801030409
1368,F070801030409_326,4959.170585,178474.4805,44.08319855,10139.13574,10059.78613,79.34975433,859.6223755,14.10662365,2.204159975,44.08319855,0.004985332,1216.479614,377.1086731,0.00206556,90.76109314,181522.1875,67.16320801,0.000256359,20198.92188,26.88650894,53.562603,150.9626465,300.743866,108,070801030409
1369,F070801030409_349,1458.686239,114779.6984,28.35058594,6520.634766,6931.718262,51.03105545,552.8364258,9.072187424,1.417529345,28.35058594,0.003206144,703.3484497,218.0380249,0.001194273,22.46994972,44939.90234,16.62776184,6.34675E-05,13452.35352,29.90595245,61.69728088,392.1534729,809.0297241,108,070801030409
1370,F070801030409_355,1813.057504,60251.97597,14.88223839,3422.914795,3299.094727,26.78802872,290.2036438,4.762316227,0.744111896,14.88223839,0.00168302,395.9187622,122.7348175,0.000672263,20.37786293,40755.72656,15.07961845,5.75583E-05,6722.009766,27.88870239,54.76856613,226.9894867,445.7678833,108,070801030409
1371,F070801030409_356,1080.476677,41524.34627,10.2565136,2358.998047,2407.408691,18.46172523,200.0020142,3.282084465,0.512825668,10.2565136,0.001159901,272.8630981,84.58756256,0.000463317,12.11912537,24238.25,8.968153,3.42311E-05,4766.406738,27.888237,56.34878922,263.041687,531.4814453,108,070801030409
1372,F070801030409_357,1805.450323,200513.0241,49.52671814,11391.14551,13562.39648,89.14809418,965.7709961,15.84854984,2.476336002,49.52671814,0.005600935,1317.663696,408.4757385,0.002237368,24.26865959,48537.31641,17.9588089,6.8548E-05,24953.54297,27.88695717,61.08941269,634.2929077,1389.487671,108,070801030409
1373,F070801030409_359,1898.388555,164428.2511,40.61377716,9341.168945,9797.667969,73.10479736,791.9686279,12.99640846,2.030688763,40.61377716,0.004592978,1061.384277,329.0291138,0.001802211,56.22193146,112443.8594,41.60422897,0.000158802,19138.83594,28.39009857,58.16760635,224.5245056,460.0213928,108,070801030409
1374,F070801030409_373,1896.705543,218102.6142,53.87134552,12390.40918,15630.2334,96.96842194,1050.491211,17.23883057,2.693567276,53.87134552,0.006092266,1486.583862,460.8410034,0.002524192,30.46131897,60922.64063,22.54137611,8.60395E-05,28020.64258,26.88651657,60.80327606,549.6740112,1243.075928,104,070801030409
1375,F070801030409_374,1251.900395,76097.68922,18.79612923,4323.109863,5698.608887,33.8330307,366.5245056,6.014761448,0.939806461,18.79612923,0.002125639,518.6717529,160.7882385,0.000880695,15.16905975,30338.12109,11.22510433,4.28457E-05,10021.71875,26.88697815,62.32868195,385.1286926,892.795166,104,070801030409
1376,F070801030409_375,1794.373945,166062.4404,41.01742172,9434.006836,12168.22754,73.83135986,799.8397217,13.12557507,2.050871134,41.01742172,0.004638626,1131.88269,350.8836365,0.001921916,19.18646049,38372.92188,14.19798088,5.41931E-05,21602.23438,26.88642502,61.56523895,664.4611816,1521.500488,104,070801030409
1377,F070801030409_391,7086.328267,199710.8122,49.32857132,11345.57129,6593.257324,88.79142761,961.9071655,15.7851429,2.466428518,49.32857132,0.005578527,1223.775269,379.3703308,0.002077948,32.88788605,65775.77344,24.33703613,9.28934E-05,17938.82813,29.90632248,47.28579712,466.1854248,737.0999756,108,070801030409
1378,F070801030409_406,2602.256524,234218.0442,57.85185623,13305.92676,15087.76367,104.1333389,1128.111206,18.51259422,2.892592907,57.85185623,0.006542418,1596.444214,494.8977051,0.002710733,27.15155792,54303.11719,20.09215355,7.66909E-05,28393.69141,26.88621712,57.37284851,662.2449341,1413.173096,104,070801030409
1379,F070801030409_407,2257.291596,214543.4545,52.99223328,12188.21387,15375.16504,95.38601685,1033.348511,16.95751381,2.649611712,52.99223328,0.005992847,1462.303101,453.3139648,0.002482963,29.13263321,58265.26563,21.55814934,8.22865E-05,27563.37891,26.88691521,60.8041687,565.364563,1278.55957,104,070801030409
1380,F070801030409_445,3320.550363,284986.3598,70.39163208,16190.0752,6654.825684,126.7049408,1372.636841,22.52532196,3.519581556,70.39163208,0.007960531,1942.444092,602.1576538,0.003298234,335.5729065,671145.8125,248.3239441,0.000947842,22844.90039,26.88677216,37.93840408,65.19739532,91.99636841,108,070801030409
1381,F070801030409_459,1580.05753,155997.0258,38.53126526,8862.191406,10048.95313,69.35627747,751.3596802,12.33000469,1.926563263,38.53126526,0.004357469,1138.615479,352.9707947,0.001933348,14.73551655,29471.0332,10.90428257,4.16212E-05,18911.14453,25.10743523,53.57707977,812.725769,1734.286011,104,070801030409
1382,F070801030409_493,1191.715665,59227.15134,14.62910652,3364.69458,2336.853516,26.33239174,285.2675781,4.681313992,0.731455326,14.62910652,0.001654394,362.9105835,112.5022812,0.000616215,7.564241886,15128.4834,5.597538948,2.13656E-05,5701.547852,29.90778923,50.67939758,601.102478,1018.581177,104,070801030409
1383,F070801030409_498,1088.02138,67618.98626,16.70188904,3841.43457,2667.959717,30.06340027,325.6868286,5.344604492,0.835094452,16.70188904,0.001888803,414.3709717,128.4550018,0.000703594,11.16038799,22320.77539,8.258687019,3.15231E-05,6509.394531,29.90490532,50.67451096,465.1386414,788.187561,108,070801030409
1384,F070801030409_525,1108.750782,59703.07603,14.74666023,3391.731934,1778.74231,26.54398918,287.5598755,4.718931198,0.737333,14.74666023,0.001667688,365.8678284,113.4190292,0.000621237,60.14215469,120284.3125,44.50519562,0.000169874,5170.474121,29.9044342,45.58736038,76.20980072,116.1768646,108,070801030409
1385,F070801030601_3,6335.202108,150598.958,37.19794083,8555.526367,4123.019531,66.9562912,725.3598633,11.90334129,1.859897017,37.19794083,0.004206684,922.840332,286.0805054,0.001566966,147.870163,295740.3438,109.4239197,0.000417666,12678.5459,29.90600967,44.31810379,78.1869812,115.8663101,105,070801030601
1386,F070801030601_19,7579.485997,252801.0134,62.44184875,14361.625,14045.66992,112.3953247,1217.616089,19.98139191,3.122092485,62.44184875,0.007061497,1723.078491,534.1543579,0.002925755,156.4990997,312998.2188,115.8093338,0.000442039,28407.29492,26.88665771,53.18180847,124.0109482,245.2936554,104,070801030601
1387,F070801030601_25,2733.467258,276492.3406,68.29360962,15707.53027,20037.34375,122.9284973,1331.725342,21.85395432,3.414680481,68.29360962,0.007723267,1784.726074,553.2650757,0.003030432,121.2115631,242423.125,89.69655609,0.000342368,35744.875,28.39060593,64.60713959,175.1185455,398.5088806,104,070801030601
1388,F070801030601_29,1802.409996,195680.0244,48.33296585,11116.58203,14338.45801,86.99933624,942.4928589,15.46654892,2.416648388,48.33296585,0.005465935,1199.087402,371.7171021,0.002036028,20.18213654,40364.27344,14.93478107,5.70054E-05,25455.03906,29.90602875,68.479599,744.3417969,1704.41333,104,070801030601
1389,F070801030601_31,2747.695323,305703.0548,75.50865173,17366.99023,22892.71094,135.9155731,1472.418701,24.16276932,3.775432587,75.50865173,0.00853921,1973.289673,611.7197876,0.003350609,45.27381897,90547.64063,33.50262451,0.000127878,40259.70313,28.39043427,65.81396484,518.3770142,1201.687988,104,070801030601
1390,F070801030601_32,2553.965331,385999.8612,95.34196472,21928.65234,28284.14648,171.6155396,1859.168335,30.50942802,4.767098427,95.34196472,0.010782143,2365.313965,733.2473145,0.004016259,47.14190292,94283.80469,34.88500977,0.000133155,50212.79688,29.90621567,68.48002625,628.5981445,1439.380371,104,070801030601
1391,F070801030601_34,1628.160521,165655.2096,40.91683578,9410.87207,11871.6084,73.6503067,797.8782959,13.0933876,2.045841694,40.91683578,0.004627251,1015.08429,314.6761169,0.001723594,16.47729683,32954.59375,12.19320011,4.65409E-05,21282.48047,29.90653419,67.63297272,771.8131104,1745.438477,104,070801030601
1392,F070801030601_35,1681.463905,127319.8812,31.4480114,7233.04248,9329.369141,56.60642242,613.2362061,10.06336403,1.57240057,31.4480114,0.003556429,867.8123779,269.0218506,0.001473529,19.8776722,39755.34766,14.70947742,5.61454E-05,16562.41211,26.88644981,61.5653038,491.7266846,1125.96875,104,070801030601
1393,F070801030601_40,4811.621967,117082.1691,28.91929626,6651.437988,4713.845703,52.05473328,563.9262695,9.254175186,1.445964813,28.91929626,0.003270459,755.7410278,234.2797241,0.001283234,80.09690857,160193.8125,59.27171326,0.000226238,11365.2832,28.39101028,48.51159668,112.219429,191.7488556,104,070801030601
1394,F070801030601_41,5958.952124,198810.4548,49.1061821,11294.42188,10405.59863,88.39112854,957.5705566,15.71397781,2.455309153,49.1061821,0.005553377,1355.067383,420.0708923,0.002300879,135.4277344,270855.4688,100.2165222,0.000382522,21700.01953,26.88694191,51.65799332,112.7001953,216.5313568,104,070801030601
1395,F070801030601_43,5608.121681,261650.8556,64.62776184,14864.38477,18751.09961,116.3299713,1260.241333,20.68088341,3.231388092,64.62776184,0.0073087,1783.423828,552.8613892,0.00302822,60.11278534,120225.5703,44.48345947,0.000169791,33615.48438,26.88627815,60.80273438,334.1553345,755.6850586,104,070801030601
1396,F070801030601_52,2416.63654,325755.2472,80.46154785,18506.15625,23607.41602,144.83078,1569.000244,25.74769592,4.023077488,80.46154785,0.00909933,1996.164917,618.8110962,0.003389451,27.57333565,55146.67188,20.40426826,7.78822E-05,42113.57031,29.90598679,68.05561829,906.9747314,2063.95874,104,070801030601
1397,F070801030601_53,2393.885557,302756.3126,74.7808075,17199.58594,21940.68945,134.6054535,1458.225708,23.92985916,3.739040375,74.7808075,0.008456899,1855.231201,575.1216431,0.003150148,54.42005157,108840.1094,40.27083969,0.000153712,39140.27344,29.90599632,68.05564117,427.0977783,971.9259033,104,070801030601
1398,F070801030601_57,3225.058518,399401.0196,98.65205383,22689.97266,28944.51563,177.5737,1923.715088,31.56865692,4.932602882,98.65205383,0.011156479,2722.304199,843.9143066,0.004622422,77.05504608,154110.0938,57.02073288,0.000217646,51634.48828,26.88658333,61.18451691,397.9249573,905.5388184,104,070801030601
1399,F070801030601_62,3488.260554,112075.6331,27.68268204,6367.01709,5324.486816,49.8288269,539.8123169,8.858458519,1.384134054,27.68268204,0.003130611,686.7618408,212.8961639,0.001166109,15.41713142,30834.26367,11.4086771,4.35464E-05,11691.50391,29.90667915,54.91646194,558.0855103,1024.790527,105,070801030601
1400,F070801030601_70,1560.772494,147666.4769,36.47362137,8388.932617,10225.74316,65.65251923,711.2355957,11.67155838,1.823681116,36.47362137,0.004124771,904.8677368,280.5090027,0.001536449,9.035132408,18070.26563,6.685997963,2.55202E-05,18614.67578,29.90610886,66.36035156,1254.70166,2784.128174,104,070801030601
1401,F070801030601_71,2407.260315,111405.2049,27.51708603,6328.929688,7176.450684,49.53075409,536.5831909,8.805467606,1.375854254,27.51708603,0.003111884,682.6647339,211.6260681,0.001159152,11.56843853,23136.87695,8.56064415,3.26756E-05,13505.38086,29.90619087,63.81718826,739.3052979,1577.612671,104,070801030601
1402,F070801030601_72,3750.380691,314749.0564,77.7430191,17880.89453,21542.58984,139.937439,1515.988892,24.87776566,3.887151003,77.7430191,0.008791893,1928.701538,597.8974609,0.003274899,16.04169655,32083.39453,11.87085533,4.53105E-05,39423.48438,29.90629005,65.93686676,1506.285278,3321.031494,104,070801030601
1403,F070801030601_80,3863.604212,134812.7761,33.29875565,7658.713867,7164.560059,59.9377594,649.3257446,10.6556015,1.664937735,33.29875565,0.003765729,826.1157227,256.0958862,0.001402729,89.8011322,179602.2656,66.45283508,0.000253648,14823.27344,29.90564919,57.88173294,115.2503738,223.0645752,104,070801030601
1404,F070801030601_86,7758.647245,190793.902,47.12609482,10839.00195,6759.76709,84.82697296,918.9588623,15.08034992,2.356304646,47.12609482,0.005329451,1392.584839,431.7012939,0.002364583,193.7701721,387540.3438,143.3899231,0.000547313,17598.76953,25.10764313,40.76607895,75.5911026,122.7336578,105,070801030601
1405,F070801030601_89,3156.670145,275884.0241,68.14335632,15672.97168,18438.22852,122.6580429,1328.79541,21.80587387,3.407167912,68.14335632,0.007706275,2013.649658,624.2313843,0.00341914,40.81105423,81622.10938,30.20018005,0.000115273,34111.19922,25.10763168,54.64511871,518.9694824,1129.503174,104,070801030601
1406,F070801030601_90,3588.142613,140669.0779,34.74526215,7991.410156,9967.72168,62.54147339,677.5325928,11.11848354,1.737263083,34.74526215,0.003929313,924.3686523,286.5542908,0.001569561,7.98022747,15960.45508,5.905368328,2.25405E-05,17959.13281,27.88794518,62.6727066,1353.244995,3041.153809,104,070801030601
1407,F070801030601_93,4643.720279,142156.683,35.11270142,8075.921387,8813.988281,63.20286179,684.6976929,11.23606491,1.755635023,35.11270142,0.003970866,871.1251221,270.0487976,0.001479154,9.052270889,18104.54102,6.698680401,2.55686E-05,16889.91016,29.90541458,62.54391861,1205.598877,2521.378662,104,070801030601
1408,F070801030601_94,6570.143312,277182.5008,68.46408081,15746.73828,19640.9707,123.2353439,1335.049561,21.90850639,3.423203945,68.46408081,0.007742546,1789.17981,554.645752,0.003037994,70.78756714,141575.125,52.38280106,0.000199943,35387.71094,28.39062309,63.80236435,300.6089478,675.5597534,104,070801030601
1409,F070801030601_102,5356.871494,194201.9425,47.96788025,11032.6123,9226.142578,86.34218597,935.3736572,15.34972191,2.398394108,47.96788025,0.005424648,1190.03418,368.9105835,0.002020656,147.7729492,295545.9063,109.3519821,0.000417392,20258.75391,29.90592575,54.91508102,100.890831,185.2618866,104,070801030601
1410,F070801030601_115,1598.240676,136516.1889,33.71949768,7755.484375,10223.07813,60.69509506,657.5302124,10.79023933,1.685974836,33.71949768,0.00381331,836.5637817,259.3347778,0.00142047,16.08704376,32174.08789,11.90441227,4.54386E-05,17978.5625,29.90530014,69.32569122,651.4797974,1510.243652,104,070801030601
1411,F070801030601_118,3643.041373,131274.1965,32.42472839,7457.6875,3382.547363,58.36450958,632.2822266,10.37591267,1.621236444,32.42472839,0.003666885,804.4376831,249.3756866,0.00136592,24.11569023,48231.37891,17.84561157,6.81159E-05,10840.23438,29.90543175,43.46949005,417.9003601,607.4453735,104,070801030601
1412,F070801030601_128,7664.360357,265405.4766,65.55515289,15077.68555,6625.003906,117.9992752,1278.325439,20.97764969,3.277757645,65.55515289,0.007413578,1713.176514,531.0847168,0.002908942,287.6502991,575300.625,212.8612213,0.000812482,21702.68945,28.39035797,40.86483383,70.83340454,101.9569931,104,070801030601
1413,F070801030601_134,5185.617172,225067.2795,55.59161758,12786.07227,11236.17773,100.0649109,1084.036499,17.78931808,2.779580832,55.59161758,0.00628681,1379.175659,427.5444641,0.002341815,28.80708504,57614.16797,21.31724358,8.1367E-05,24022.25,29.90583038,56.18655396,599.7994995,1126.892822,105,070801030601
1414,F070801030601_147,5943.255243,212447.2416,52.47446823,12069.12793,12487.87305,94.45404053,1023.252136,16.79183006,2.623723507,52.47446823,0.005934294,1448.016846,448.8852234,0.002458706,23.42469215,46849.38281,17.33427238,6.61642E-05,24557,26.88689041,54.70663452,696.2581177,1416.673218,104,070801030601
1415,F070801030601_181,1807.607593,176473.6874,43.5890007,10025.46973,10089.10938,78.46020508,849.9855347,13.94848061,2.179450035,43.5890007,0.004929444,1048.459351,325.0223999,0.001780265,26.4785347,52957.07031,19.59411621,7.47899E-05,20114.57813,30.84547234,61.88674545,511.6571655,1026.562134,104,070801030601
1416,F070801030601_190,1576.234586,154875.1791,38.25416946,8798.458984,10600.23047,68.8575058,745.9562988,12.24133396,1.912708521,38.25416946,0.004326132,949.0296021,294.1991882,0.001611435,17.57341003,35146.82031,13.00432301,4.96369E-05,19398.68945,29.90646935,65.93726349,676.5795288,1491.710815,104,070801030601
1417,F070801030601_192,7257.035635,278081.8932,68.68622589,15797.83203,11195.85449,123.6352081,1339.381348,21.97959137,3.43431139,68.68622589,0.007767668,1895.38208,587.5684204,0.003218323,43.96794891,87935.89844,32.53628159,0.00012419,26993.6875,26.88679504,45.94135284,485.545105,829.6488037,105,070801030601
1418,F070801030601_194,3976.480332,101671.4111,25.11283875,5775.953125,3520.318115,45.20310974,489.7003479,8.036108017,1.255641937,25.11283875,0.00283999,693.0018311,214.8305664,0.001176704,18.15320396,36306.41016,13.43337059,5.12746E-05,9296.271484,26.88608551,43.27257538,429.9704895,692.0281982,105,070801030601
1419,F070801030601_196,8537.894579,265146.5318,65.49119568,15062.97461,7686.045898,117.8841553,1277.078369,20.95718193,3.274559736,65.49119568,0.007406345,1807.236206,560.2432251,0.003068654,260.4431152,520886.25,192.7279053,0.000735634,22749.01953,26.88649178,40.60561371,78.15668488,118.0369797,104,070801030601
1420,F070801030601_205,4305.955329,130922.6859,32.33790207,7437.717285,8328.304688,58.20822525,630.5891113,10.34812832,1.61689508,32.33790207,0.003657066,802.2639771,248.701828,0.001362229,58.39968491,116799.3672,43.21576691,0.000164953,15766.02148,29.90616226,63.39326859,172.1065674,364.8210449,104,070801030601
1421,F070801030601_228,2399.580164,322486.5382,79.6541748,18320.46094,24149.55078,143.3775177,1553.256348,25.48933601,3.982708693,79.6541748,0.009008024,1976.140747,612.6036377,0.00335545,53.26473236,106529.4688,39.41590118,0.000150449,42470.01172,29.90589714,69.32706451,464.7987366,1077.484253,104,070801030601
1422,F070801030601_262,7692.855358,174196.3387,43.02649689,9896.094727,6732.785645,77.44769287,839.0166626,13.76847935,2.151324749,43.02649689,0.004865831,1067.452026,330.9101257,0.001812514,164.3514557,328702.9063,121.620079,0.000464219,16628.88086,29.90568733,50.25195694,81.36891937,136.7280884,104,070801030601
1423,F070801030601_268,1281.894111,96887.83105,23.93129349,5504.197266,7255.489746,43.07632828,466.6602173,7.658013821,1.196564674,23.93129349,0.00270637,593.7247314,184.0546722,0.001008134,9.222650528,18445.30078,6.824761391,2.60498E-05,12759.6875,29.90522957,69.32553101,806.5039673,1869.616699,104,070801030601
1424,F070801030601_281,4900.710642,140477.1723,34.69786072,7980.507813,7465.591797,62.45615005,676.6082764,11.10331535,1.734893084,34.69786072,0.003923952,860.8095093,266.8509521,0.001461639,19.00571251,38011.42578,14.0642271,5.36826E-05,15446.09961,29.90623665,57.88287354,567.4331055,1098.254395,104,070801030601
1425,F070801030601_290,1183.01322,79340.11888,19.59700966,4507.312012,5877.53418,35.27461624,382.1416931,6.271043301,0.979850471,19.59700966,0.002216209,486.1860657,150.7176819,0.000825535,4.658638954,9317.277344,3.447392941,1.31586E-05,10384.8457,29.90566254,68.90263367,1307.4552,3012.376465,104,070801030601
1426,F070801030601_291,1560.794294,138797.5856,34.28300476,7885.091309,8046.906738,61.70940781,668.5186157,10.97056198,1.71415019,34.28300476,0.003877037,1013.071594,314.0521851,0.001720177,14.9288969,29857.79297,11.04738331,4.21674E-05,15931.99805,25.10758209,50.73041534,713.7519531,1442.151245,104,070801030601
1427,F070801030601_295,2196.079256,66998.22057,16.5485611,3806.168945,3398.743164,29.78741074,322.6969299,5.295539379,0.827428043,16.5485611,0.001871463,410.5595093,127.2734451,0.000697122,52.93631744,105872.6328,39.17287445,0.000149521,7204.912109,29.9054451,56.60970306,97.16338348,183.9260559,104,070801030601
1428,F070801030601_297,3065.606806,89483.97315,22.10254097,5083.584473,4683.527832,39.7845726,430.9995422,7.072813034,1.105127096,22.10254097,0.002499558,548.3565063,169.9905243,0.000931099,56.38547134,112770.9375,41.72525024,0.000159264,9767.112305,29.90510559,57.45680618,121.8347244,234.0815735,104,070801030601
1429,F070801030601_300,899.5008345,50141.323,12.38490677,2848.528564,3593.356934,22.29283142,241.5056763,3.963170052,0.61924535,12.38490677,0.001400599,341.7575684,105.9448471,0.000580298,4.792711735,9585.423828,3.546606779,1.35372E-05,6441.885742,26.88689995,60.80414581,803.170105,1816.351807,104,070801030601
1430,F070801030601_308,1770.200068,127867.5283,31.58327866,7264.154297,9472.458008,56.84990311,615.8739624,10.1066494,1.579163909,31.58327866,0.003571727,783.5470581,242.8995819,0.001330448,28.67796135,57355.92578,21.22169113,8.10023E-05,16736.61328,29.90599823,68.90342712,342.2985535,788.6559448,104,070801030601
1431,F070801030601_310,2707.278955,293109.2731,72.39798737,16651.53711,18173.34375,130.3163757,1411.760742,23.16735649,3.619899273,72.39798737,0.008187428,2043.167847,633.382019,0.003469261,50.47216034,100944.3203,37.34939957,0.000142561,34824.88281,26.28987885,54.9824295,445.8314514,932.4080811,104,070801030601
1432,F070801030601_311,2411.20402,323094.353,79.80430603,18354.99023,23934.9082,143.6477509,1556.18396,25.53737831,3.990215302,79.80430603,0.009025003,2085.556885,646.522644,0.003541237,59.59537125,119190.7422,44.10057449,0.00016833,42289.89844,28.39032936,65.41131592,416.2075195,958.9421387,104,070801030601
1433,F070801030601_322,1559.844079,126367.495,31.21277046,7178.937012,9157.828125,56.18298721,608.6490479,9.9880867,1.560638547,31.21277046,0.003529826,774.3490601,240.0482025,0.00131483,12.03989315,24079.78516,8.909521103,3.40073E-05,16336.76563,29.90623093,68.05619049,805.7601318,1833.630005,104,070801030601
1434,F070801030601_323,3196.496575,545239.0647,134.6740417,30975.0293,39074.32813,242.413269,2626.143799,43.09569168,6.733702183,134.6740417,0.015230175,3341.092285,1035.738647,0.005673113,85.64235687,171284.7188,63.37534332,0.000241901,70049.35938,29.90622139,67.63227081,488.7552185,1105.309326,104,070801030601
1435,F070801030601_364,2239.961543,65608.65328,16.20533752,3727.227539,3328.252197,29.16960716,316.0040894,5.185708046,0.810266852,16.20533752,0.001832648,402.0481567,124.6349258,0.00068267,49.40339279,98806.78125,36.55850983,0.000139542,7055.479492,29.9051609,56.60916901,101.9523926,192.9914398,104,070801030601
1436,F070801030601_384,1310.928566,86061.53486,21.25719833,4889.155762,6236.861816,38.26295853,414.5153809,6.802303314,1.062859893,21.25719833,0.002403959,527.3482056,163.477951,0.000895428,21.9720993,43944.19922,16.25935364,6.20613E-05,11126.01758,29.90712738,68.05821228,300.6980286,684.2841187,104,070801030601
1437,F070801030601_388,1045.039332,53295.07519,13.16388321,3027.693115,2403.198486,23.69499016,256.6957092,4.212442398,0.658194184,13.16388321,0.001488693,326.591217,101.2432785,0.000554546,7.560472012,15120.94336,5.594749451,2.13549E-05,5430.891602,29.90512657,53.64199829,541.1668701,970.7122192,104,070801030601
1438,F070801030601_401,7161.781988,168309.3358,41.57240677,9561.65332,6505.249512,74.8303299,810.6619263,13.3031702,2.078620434,41.57240677,0.004701389,1031.379028,319.7275085,0.001751263,24.78956413,49579.12891,18.34427834,7.00193E-05,16066.90234,29.90563202,50.25186157,521.2335205,875.8535767,105,070801030601
1439,F070801030601_421,1991.183902,140803.0274,34.77834702,7999.02002,10203.9668,62.60102463,678.1777954,11.12907124,1.738917351,34.77834702,0.003933054,862.8032227,267.4689941,0.001465024,55.25889587,110517.7891,40.89158249,0.000156081,18202.98633,29.90634537,68.05643463,195.6153259,445.1524048,104,070801030601
1440,F070801030601_426,892.7524807,40508.55588,10.00561333,2301.291016,2087.571045,18.01010323,195.1094666,3.201796293,0.500280678,10.00561333,0.001131526,276.1129761,85.59502411,0.000468835,4.378109455,8756.21875,3.23980093,1.23662E-05,4388.862305,26.88580322,51.27473831,710.3186646,1354.67041,104,070801030601
1441,F070801030601_431,3601.210825,117793.6864,29.09504128,6691.859375,6449.789063,52.37107468,567.3533325,9.310413361,1.454752088,29.09504128,0.003290334,721.8189087,223.763855,0.001225635,74.41921997,148838.4375,55.07022095,0.000210201,13141.64844,29.90589905,58.7299881,121.5150299,238.6343842,104,070801030601
1442,F070801030601_434,2028.251855,65566.8948,16.19502258,3724.855225,2956.563721,29.15104103,315.802948,5.182407379,0.809751153,16.19502258,0.001831482,401.778656,124.551384,0.000682213,54.31344604,108626.8906,40.19195175,0.000153411,6681.418945,29.90617371,53.64387512,92.67664337,166.2377319,105,070801030601
1443,F070801030601_454,2598.608084,61901.08886,15.2895689,3516.60083,1943.916138,27.52122498,298.1466064,4.892662048,0.764478445,15.2895689,0.001729085,421.9280701,130.797699,0.000716426,9.866053581,19732.10742,7.300879478,2.78671E-05,5460.51709,26.88580132,41.74780655,481.6681213,747.9259033,105,070801030601
1444,F070801030601_482,2582.510566,380085.2294,93.88105011,21592.64063,25096.2832,168.9858856,1830.68042,30.04193687,4.694052696,93.88105011,0.010616929,2329.070557,722.0119019,0.003954719,55.4503746,110900.75,41.0332756,0.000156622,46688.92188,29.90621185,64.66503143,526.2227173,1137.830688,104,070801030601
1445,F070801030601_490,2083.721824,232351.5611,57.39083481,13199.8916,16090.09082,103.3035049,1119.121338,18.36506653,2.869541645,57.39083481,0.006490282,1423.808594,441.3806763,0.002417601,20.84208107,41684.16016,15.42313957,5.88695E-05,29289.98242,29.9059124,66.35990906,855.8498535,1899.093384,104,070801030601
1446,F070801030601_491,3405.44221,303832.3702,75.04659271,17260.7168,21284.71484,135.0838623,1463.408569,24.01490974,3.752329588,75.04659271,0.008486956,1861.805054,577.1595459,0.00316131,49.46165848,98923.32031,36.60162735,0.000139707,38545.42969,29.90631866,66.78470612,471.583313,1053.106934,104,070801030601
1447,F070801030601_494,2482.154556,103863.6746,25.65432739,5900.495117,6774.281738,46.17778778,500.2593994,8.209384918,1.282716393,25.65432739,0.002901227,707.9287109,219.457901,0.00120205,7.917849541,15835.69922,5.859208584,2.23643E-05,12674.77734,26.88668251,57.75493622,1007.046448,2163.223389,104,070801030601
1448,F070801030601_502,887.7266517,46957.75117,11.59856415,2667.669678,3478.639404,20.8774147,226.1719971,3.711540461,0.579928219,11.59856415,0.001311672,287.7672729,89.20785522,0.000488624,10.94370079,21887.40234,8.098338127,3.0911E-05,6146.309082,29.90397644,68.89874268,329.4095154,758.9592896,104,070801030601
1449,F070801030601_515,4590.87388,109867.4661,27.13726425,6241.570801,8050.539063,48.84707642,529.1766357,8.683924675,1.35686326,27.13726425,0.003068931,673.2316895,208.701828,0.001143135,20.91261864,41825.23828,15.47533798,5.90687E-05,14292.10938,29.90664101,68.48099518,403.3237,923.5410156,104,070801030601
1450,F070801030601_531,3077.254795,32680.56188,8.072098732,1856.582764,1684.16272,14.52977753,157.4059296,2.583071709,0.403604925,8.072098732,0.000912867,240.4028015,74.52487183,0.0004082,,,,,3540.745605,24.91225624,47.51092529,,,105,070801030601
1451,F070801030601_532,1097.139805,60294.04721,14.89262962,3425.304932,2184.748535,26.80673409,290.4062805,4.765641689,0.744631469,14.89262962,0.001684195,369.447998,114.5288773,0.000627316,51.78455353,103569.1094,38.32056808,0.000146268,5610.053711,29.90778351,48.98374939,89.38554382,146.3979797,105,070801030601
1452,F070801030602_20,5104.905969,786922.3742,194.3698273,44705.05859,56394.46094,349.8656921,3790.21167,62.19834518,9.718491554,194.3698273,0.021981122,4822.072266,1494.842407,0.008187789,233.0606689,466121.3438,172.4648895,0.000658291,101099.5156,29.90620232,67.63222504,259.2125244,586.2034912,104,070801030601
1453,F070801030602_25,3097.666943,459215.5037,113.4262314,26088.0332,31060.63672,204.1672211,2211.811523,36.29639435,5.671311378,113.4262314,0.012827278,2813.958252,872.3270874,0.004778049,24.55027008,49100.53906,18.16720009,6.93434E-05,57148.67188,29.90625191,65.51289368,1435.996338,3145.706055,104,070801030602
1454,F070801030602_26,1173.915366,57969.43577,14.31845093,3293.243652,1447.022461,25.77321243,279.2097778,4.581904411,0.715922534,14.31845093,0.001619262,34.62330627,10.73322487,5.87897E-05,,,,,4740.266113,306.8270569,441.644165,,,104,070801030602
1455,F070801030602_29,2402.859532,293202.3488,72.42098236,16656.82617,21248.31641,130.3577728,1412.209106,23.17471504,3.621049166,72.42098236,0.008190028,1796.657471,556.9638062,0.003050691,41.62997818,83259.96094,30.80618477,0.000117586,37905.14063,29.90647888,68.05673981,540.6974487,1230.439331,104,070801030602
1456,F070801030602_30,2470.274752,306118.081,75.61116791,17390.56836,21198.3457,136.1000977,1474.417725,24.19557381,3.780558348,75.61116791,0.008550804,1875.829712,581.5072021,0.003185124,13.99139118,27982.7832,10.35362911,3.95194E-05,38588.91406,29.90602493,66.36016846,1679.65918,3727.090576,104,070801030602
1457,F070801030602_55,2402.067672,320408.5705,79.14091492,18202.41016,20897.95117,142.4536438,1543.247803,25.32509232,3.957045794,79.14091492,0.00894998,2233.438721,692.3660278,0.003792338,54.61829376,109236.5859,40.41753769,0.000154272,39100.35938,26.29015541,56.47353745,450.3591919,967.4107056,104,070801030602
1458,F070801030602_58,1208.337491,81363.34208,20.09674644,4622.251465,4782.624512,36.17414474,391.8865662,6.430958748,1.004837275,20.09674644,0.002272724,498.5603333,154.5537109,0.000846546,10.46463108,20929.26172,7.743826866,2.95579E-05,9404.875977,29.90708733,60.85182953,596.8950195,1214.499756,104,070801030602
1459,F070801030602_59,2610.947331,424262.7515,104.7929001,24102.36719,30404.60938,188.6272278,2043.461548,33.53372955,5.239645004,104.7929001,0.011850942,2599.79248,805.9356689,0.0044144,23.25969124,46519.38281,17.21217155,6.56981E-05,54506.97656,29.9060688,67.63191986,1400.309448,3166.769287,104,070801030602
1460,F070801030602_66,2571.324593,235355.1489,58.13272095,13370.52539,16108.57715,104.6389008,1133.588013,18.6024704,2.906636,58.13272095,0.006574181,1546.618408,479.4517212,0.002626129,25.48325539,50966.51172,18.8576088,7.19787E-05,29479.10156,27.88711548,61.48502731,709.0255127,1563.24707,104,070801030602
1461,F070801030602_67,2296.200171,249428.2526,61.60877991,14170.01953,16870.94922,110.8958054,1201.371216,19.71480942,3.080439091,61.60877991,0.006967286,1528.443604,473.8175049,0.002595269,45.6414299,91282.85938,33.7746582,0.000128916,31040.96875,29.90607071,65.51249695,419.5458984,919.0609131,104,070801030602
1462,F070801030602_69,2371.930849,308759.4589,76.26358795,17540.625,20138.16211,137.2744598,1487.140015,24.40434837,3.813179493,76.26358795,0.008624585,1892.021362,586.5266113,0.003212617,58.44227219,116884.5391,43.24728012,0.000165073,37678.78906,29.90593147,64.24054718,405.5890808,871.2406616,104,070801030602
1463,F070801030602_71,1651.288682,145660.4182,35.97812271,8274.967773,10321.40527,64.76062012,701.5733643,11.51299953,1.798906088,35.97812271,0.004068736,892.5586548,276.6931763,0.001515548,15.85546017,31710.91992,11.73304081,4.47845E-05,18596.37305,29.90665627,67.20936584,705.2705078,1584.957642,104,070801030602
1464,F070801030602_96,958.4406257,47367.02957,11.69965649,2690.920898,1945.184937,21.05938148,228.1432953,3.743890047,0.584982812,11.69965649,0.001323104,330.1824646,102.3565674,0.000560644,3.992607355,7985.214844,2.954529524,1.12773E-05,4636.105957,26.28967476,45.2936821,910.7781372,1569.151978,104,070801030602
1465,F070801030602_99,1977.27783,94115.5127,23.24653244,5346.702637,4471.23877,41.84375763,453.307373,7.438890457,1.162326574,23.24653244,0.002628931,576.7130127,178.7810364,0.000979248,15.49435425,30988.70898,11.46582222,4.37646E-05,9817.941406,29.9064312,54.91601181,466.3165588,856.2788696,104,070801030602
1466,F070801030602_100,2120.862188,144997.4945,35.81438065,8237.307617,6888.537109,64.46588135,698.3804321,11.46060181,1.790719032,35.81438065,0.004050219,888.5151978,275.4396973,0.001508682,24.35716248,48714.32422,18.02429962,6.8798E-05,15125.84473,29.90602875,54.91526794,457.0112305,839.1918335,104,070801030602
1467,F070801030602_101,1237.419445,77189.05155,19.06569481,4385.109863,3294.170654,34.31825256,371.7810364,6.101022243,0.95328474,19.06569481,0.002156124,472.96521,146.6192169,0.000803086,8.914523125,17829.04688,6.596746922,2.51795E-05,7679.280273,29.90815163,52.3756752,664.7382202,1164.101074,104,070801030602
1468,F070801030602_103,3248.080765,82211.39132,20.30621338,4670.429199,3243.715088,36.55118561,395.9711609,6.497988224,1.015310645,20.30621338,0.002296413,503.78479,156.1732788,0.000855417,25.84006119,51680.12109,19.12164497,7.29865E-05,7914.144531,29.90543175,50.67540741,244.248291,413.8840942,104,070801030602
1469,F070801030602_106,2002.834891,147780.4431,36.50177002,8395.407227,10471.62402,65.70318604,711.7845459,11.68056679,1.825088501,36.50177002,0.004127955,905.5671997,280.7258301,0.001537636,24.41546249,48830.92578,18.06744194,6.89627E-05,18867.03125,29.90607262,67.2080307,464.6705017,1044.255859,104,070801030602
1470,F070801030602_110,2654.741509,162202.4106,40.06399536,9214.71875,10448.68945,72.1151886,781.2479248,12.82047844,2.003199816,40.06399536,0.004530804,993.9284058,308.1177979,0.001687672,26.9867363,53973.47266,19.97018433,7.62253E-05,19663.4082,29.90648079,63.81782532,461.4238281,984.6383057,104,070801030602
1471,F070801030602_133,1358.742089,110131.2344,27.20241547,6256.555664,5941.551758,48.96434784,530.4470825,8.704772949,1.360120773,27.20241547,0.003076298,674.8616333,209.2071075,0.001145903,15.04256535,30085.13086,11.13149834,4.24885E-05,12198.10742,29.90603828,58.3063736,562.0587158,1095.81897,104,070801030602
1472,F070801030602_136,2379.391558,200154.0498,49.43804932,11370.75098,8541.907227,88.98848724,964.0419922,15.82017612,2.47190237,49.43804932,0.005590908,1226.476929,380.2078552,0.002082535,28.73080254,57461.60547,21.26079369,8.11515E-05,19912.6582,29.90666962,52.37308502,534.8225098,936.5905151,104,070801030602
1473,F070801030602_137,1462.56026,59720.34925,14.75092602,3392.712891,3414.248779,26.55166626,287.6430664,4.720296383,0.737546325,14.75092602,0.00166817,365.9337158,113.4394531,0.000621349,10.63238811,21264.77539,7.867967129,3.00317E-05,6806.961914,29.90769768,60.00524139,431.20578,865.1487427,104,070801030602
1474,F070801030602_147,2674.140729,304442.5181,75.19730377,17295.37891,21327.45703,135.3551483,1466.347412,24.06313705,3.759865284,75.19730377,0.008504,1865.532593,578.3151245,0.00316764,15.98983288,31979.66602,11.83247662,4.51641E-05,38622.83594,29.90649605,66.78510284,1461.687134,3264.137939,104,070801030602
1475,F070801030602_156,1009.548162,49244.32922,12.16334915,2797.570313,2379.151367,21.89402771,237.1853027,3.892271757,0.60816747,12.16334915,0.001375543,301.7420959,93.54004669,0.000512352,13.19153404,26383.06836,9.761734962,3.72601E-05,5176.72168,29.9077282,55.34230423,286.5853577,530.3075562,104,070801030602
1476,F070801030602_197,1058.544543,62256.09147,15.37725449,3536.768555,3659.479492,27.67905807,299.8564758,4.920721531,0.768862724,15.37725449,0.001739001,454.401886,140.8645782,0.000771566,5.45392561,10907.85156,4.035904884,1.54049E-05,7196.248047,25.10757828,51.08628464,876.3260498,1783.056885,104,070801030602
1477,F070801030602_209,1932.180132,217080.4011,53.61885834,12332.33789,13459.40625,96.51394653,1045.567749,17.15803528,2.680943012,53.61885834,0.006063712,1330.216187,412.3670044,0.002258682,34.88667297,69773.34375,25.81613731,9.85391E-05,25791.74414,29.90621948,62.54560471,477.6987915,999.0551147,104,070801030602
1478,F070801030602_217,2906.840943,114010.8804,28.1606884,6476.958496,5875.445313,50.6892395,549.1334229,9.01142025,1.408034444,28.1606884,0.003184669,698.6461792,216.5803223,0.001186288,,,,,12352.4043,29.90557289,57.03382492,,,104,070801030602
1479,F070801030602_230,1488.341966,138812.1568,34.28660202,7885.918457,8718.398438,61.71588516,668.5887451,10.97171307,1.714330077,34.28660202,0.003877443,850.6236572,263.6933289,0.001444343,19.03145409,38062.90625,14.08327579,5.37553E-05,16604.31641,29.90564346,62.96828461,559.9491577,1179.009521,104,070801030602
1480,F070801030602_237,4295.644328,119936.5433,29.62432671,6813.595215,5601.368164,53.32378769,577.6743774,9.479784966,1.481216311,29.62432671,0.00335019,875.4091187,271.3768311,0.001486428,19.98147964,39962.96094,14.78629494,5.64387E-05,12414.96289,25.1075058,45.74805832,460.8047791,839.6263428,104,070801030602
1481,F070801030602_238,2659.777804,287901.5753,71.11168671,16355.6875,13677.62207,128.0010376,1386.677856,22.75573921,3.555584431,71.11168671,0.008041961,1764.194702,546.9003296,0.00299557,34.61294937,69225.89844,25.61358261,9.7766E-05,30033.30859,29.90615845,54.91550827,638.5552368,1172.553955,104,070801030602
1482,F070801030602_267,2248.510624,86724.68397,21.42099762,4926.82959,5377.100098,38.55779648,417.7094421,6.854719162,1.071049929,21.42099762,0.002422483,633.0075684,196.2323456,0.001074835,4.768758774,9537.517578,3.52888155,1.34696E-05,10303.92969,25.10712242,52.50882339,1396.144775,2919.885498,104,070801030602
1483,F070801030602_273,1975.139316,205442.1019,50.74419785,11671.16504,14722.92285,91.33955383,989.5118408,16.23814392,2.537209988,50.74419785,0.005738619,1258.8927,390.2567444,0.002137576,9.289766312,18579.5332,6.874426842,2.62394E-05,26394.08789,29.90637589,67.63262177,1697.765503,3839.460205,104,070801030602
1484,F070801030602_275,1574.857329,154610.0321,38.18867874,8783.396484,11204.55957,68.73962402,744.6792603,12.22037697,1.909433961,38.18867874,0.004318726,947.3952026,293.6925049,0.001608659,7.545880795,15091.76172,5.58395195,2.13137E-05,19987.95703,29.90677834,68.05742645,1572.971313,3579.535889,104,070801030602
1485,F070801030602_284,3626.842847,447331.7642,110.4909439,25412.91797,27375.23828,198.8836975,2154.573486,35.35710144,5.5245471,110.4909439,0.012495329,2741.169434,849.7625122,0.004654455,78.19057465,156381.1563,57.86102676,0.000220853,52788.15625,29.90590668,62.12107086,439.2061462,912.3266602,104,070801030602
1486,F070801030602_285,2275.451005,59138.48268,14.60720539,3359.657227,2285.735596,26.29296875,284.8405151,4.674305916,0.73036027,14.60720539,0.001651917,362.3973083,112.3431625,0.000615344,43.42021561,86840.42969,32.13095856,0.000122642,5645.392578,29.90531158,50.2513237,104.5613785,175.6994781,104,070801030602
1487,F070801030602_287,1917.108545,228532.3455,56.44749069,12982.92285,14353.4668,101.605484,1100.726074,18.06319618,2.822374582,56.44749069,0.0063836,1400.407349,434.1262817,0.002377866,47.65885162,95317.70313,35.26755142,0.000134615,27336.39063,29.90586662,62.96875381,368.1265869,775.114502,104,070801030602
1488,F070801030602_291,2372.800969,311012.2582,76.82003021,17668.60742,20785.96094,138.276062,1497.990601,24.58240891,3.841001511,76.82003021,0.008687513,1905.835327,590.80896,0.003236073,31.86870003,63737.40234,23.58283806,9.00147E-05,38454.57031,29.90578842,65.08799744,749.2146606,1630.616699,104,070801030602
1489,F070801030602_301,1610.320516,161607.7843,39.91712189,9180.938477,11451.42383,71.85082245,778.3838501,12.77347946,1.995856047,39.91712189,0.004514194,990.2974854,306.992218,0.001681507,59.25405502,118508.1094,43.84799957,0.000167366,20632.36328,29.9060955,67.20809937,209.381012,470.5428772,104,070801030602
1490,F070801030602_320,1214.574854,81770.02677,20.19719696,4645.355469,6255.073242,36.35495377,393.8453369,6.463102818,1.0098598,20.19719696,0.002284084,501.0460205,155.3242645,0.000850767,7.408735752,14817.47168,5.482464314,2.09263E-05,10900.42871,29.9074688,70.17852783,847.3115845,1988.235229,104,070801030602
1491,F070801030602_338,2371.189689,229508.9868,56.6887207,13038.40625,12197.14453,102.0396957,1105.430054,18.1403904,2.83443594,56.6887207,0.00641088,1406.394653,435.9823303,0.002388032,27.97861671,55957.23438,20.70417595,7.9027E-05,25235.55078,29.90581322,57.88204956,629.7476807,1218.862793,104,070801030602
1492,F070801030602_340,1365.620714,106186.4324,26.22804832,6032.451172,7011.28125,47.21048737,511.4469299,8.392975807,1.31140244,26.22804832,0.002966108,697.7922974,216.3156128,0.001184838,12.06114101,24122.28125,8.925244331,3.40673E-05,13043.73242,27.88726616,60.29954147,675.8864136,1461.442627,104,070801030602
1493,F070801030602_354,5246.052682,520421.968,128.54422,29565.16992,31429.0625,231.3795929,2506.612305,41.13415146,6.427210808,128.54422,0.014536959,3189.026367,988.5981445,0.005414907,101.7412491,203482.5,75.28852081,0.000287373,60994.23438,29.90615463,61.69770432,392.6915894,810.1398926,104,070801030602
1494,F070801030602_365,3810.565777,635859.5015,157.0572968,36123.17969,37376.49609,282.703125,3062.617188,50.25833511,7.852864742,157.0572968,0.017761478,3896.418945,1207.889893,0.006616047,55.95164871,111903.2969,41.40422058,0.000158038,73499.67188,29.90602112,60.84964371,872.4515991,1775.173462,104,070801030602
1495,F070801030602_407,2656.144189,282442.3166,69.76325226,16045.54785,19331.39648,125.5738525,1360.383423,22.32424164,3.488162518,69.76325226,0.007889468,1730.749268,536.5322876,0.00293878,74.67140198,149342.7969,55.25683594,0.000210913,35376.94531,29.90602493,65.93628693,290.3812256,640.227478,104,070801030602
1496,F070801030602_416,2543.910841,85727.06484,21.17458534,4870.154785,3589.515625,38.114254,412.9044189,6.775867462,1.058729291,21.17458534,0.002394616,525.3079834,162.8454742,0.000891963,72.39115143,144782.2969,53.56945038,0.000204472,8459.669922,29.90660286,51.94906235,90.91291046,157.9196625,104,070801030602
1497,F070801030602_464,1706.68502,41141.81221,10.16202736,2337.266357,3114.051758,18.29164886,198.1595306,3.251848698,0.508101344,10.16202736,0.001149215,291.1894836,90.26873779,0.000494434,4.689402103,9378.804688,3.470157623,1.32454E-05,5451.318359,25.892313,60.38988113,673.5332031,1570.913818,104,070801030602
1498,F070801030602_476,3380.731973,500100.9043,123.5249252,28410.73242,36644.90625,222.3448639,2408.736084,39.52797699,6.176246166,123.5249252,0.013969331,3064.520264,950.0012817,0.005203499,77.82118225,155642.375,57.58767319,0.00021981,65055.64063,29.90599442,68.47953033,493.3474731,1129.679932,104,070801030602
1499,F070801030602_484,1778.572957,49050.34219,12.11543465,2786.550049,3396.684814,21.80778313,236.2509766,3.876939058,0.60577172,12.11543465,0.001370124,300.559906,93.17356873,0.000510345,7.591628551,15183.25781,5.617805004,2.14429E-05,6183.234863,29.90708733,66.3625412,496.0211487,1100.649658,104,070801030602
1500,F070801030602_487,1306.074621,48230.23806,11.9128685,2739.959717,2330.156982,21.44316292,232.3009338,3.812117815,0.595643401,11.9128685,0.001347216,352.0183105,109.125679,0.000597721,7.148001671,14296.00391,5.289521217,2.01899E-05,5070.116699,25.10829544,46.46126175,517.9976807,958.5209351,104,070801030602
1501,F070801030602_492,2040.220681,99013.79092,24.45640564,5624.973145,6139.047852,44.02153015,476.8999023,7.826049805,1.222820282,24.45640564,0.002765754,606.7529907,188.0934296,0.001030255,5.230774403,10461.54883,3.870773077,1.47746E-05,11764.02148,29.90520859,62.54349899,1453.191162,3039.19165,104,070801030602
1502,F070801030602_506,1432.79178,92253.67511,22.78665733,5240.931152,4085.647217,41.01598358,444.3398132,7.291730404,1.139332891,22.78665733,0.002576924,678.6531982,210.3824921,0.001152341,4.765016556,9530.033203,3.526112318,1.3459E-05,9326.578125,24.9114418,44.33153152,1486.319946,2645.003174,104,070801030602
1503,F070801030602_511,3016.449743,73306.02669,18.10658836,4164.515137,5135.390137,32.59185791,353.0784607,5.794108391,0.905329406,18.10658836,0.002047659,449.213623,139.2562256,0.000762756,12.25679684,24513.59375,9.070029259,3.46199E-05,9299.905273,29.90541458,66.78269196,459.1512451,1025.344604,104,070801030602
1504,F070801030602_519,3298.983644,77145.3785,19.05490875,4382.628906,5217.993652,34.29883575,371.5707092,6.097570896,0.952745438,19.05490875,0.002154904,472.736908,146.5484467,0.000802699,11.43006516,22860.13086,8.458248138,3.22848E-05,9600.623047,29.90566635,65.51159668,518.1485596,1135.060425,104,070801030602
1505,F070801030602_548,1540.804546,135714.1315,33.52138901,7709.919434,12239.33203,60.33850098,653.6671143,10.72684479,1.676069498,33.52138901,0.003790906,831.6500854,257.8115234,0.001412126,5.119450569,10238.90137,3.788393497,1.44601E-05,19949.25195,29.90525627,77.37921143,2035.142212,5265.887207,104,070801030602
1506,F070801030602_570,1390.320204,91515.43191,22.60431099,5198.991699,6189.964355,40.6877594,440.7840576,7.233379364,1.130215526,22.60431099,0.002556303,560.769104,173.8384247,0.000952176,5.141757011,10283.51465,3.804900169,1.45231E-05,11388.95605,29.90703392,65.51461029,1366.393677,2993.233887,104,070801030602
1507,F070801030602_580,1305.841994,55355.34051,13.67276955,3144.737061,2986.406006,24.6109848,266.6190186,4.375286102,0.683638453,13.67276955,0.001546242,339.2016296,105.152504,0.000575958,47.86946869,95738.9375,35.42340851,0.00013521,6131.143066,29.90644073,58.30715179,88.77567291,173.0816803,104,070801030602
1508,F070801030603_20,2603.228253,324328.8922,80.10923767,18425.125,17758.61523,144.1966248,1562.130127,25.63495636,4.005461693,80.10923767,0.009059487,2260.795898,700.8467407,0.00383879,55.33797455,110675.9453,40.95009995,0.000156305,36183.74219,26.28980637,51.6286087,449.940918,883.6057129,108,070801030603
1509,F070801030603_36,1590.075577,157832.8951,38.98472595,8966.487305,10294.30664,70.17250824,760.2021484,12.47511196,1.949236274,38.98472595,0.00440875,967.1879272,299.8282471,0.001642267,51.79460144,103589.2031,38.32800674,0.000146296,19260.79297,29.90541267,64.23941803,233.9408722,502.5252991,108,070801030603
1510,F070801030603_38,1755.7511,121254.2907,29.94981003,6888.456543,6346.364746,53.90965652,584.0213013,9.583939552,1.497490525,29.94981003,0.003386999,782.6943359,242.6352386,0.001329,75.56414032,151128.2813,55.91746521,0.000213435,13234.82129,28.39017296,54.54616165,123.1897125,236.6849365,108,070801030603
1511,F070801030603_42,2950.529049,87438.25034,21.59724808,4967.367188,4224.421875,38.87504578,421.1463318,6.911119461,1.079862356,21.59724808,0.002442415,535.8115234,166.1015778,0.000909798,21.06719589,42134.39453,15.58972454,5.95053E-05,9191.789063,29.90559959,55.33835983,318.6308594,589.6055908,108,070801030603
1512,F070801030603_45,2578.54994,78425.09218,19.37099838,4455.32959,5241.405762,34.86779785,377.7344666,6.198719501,0.968549907,19.37099838,0.00219065,506.2319641,156.9319153,0.000859573,34.83006287,69660.125,25.77424622,9.83792E-05,9696.735352,28.39020729,61.78944016,172.8597412,376.2179871,108,070801030603
1513,F070801030603_46,2461.220338,85025.34496,21.00126076,4830.290039,5750.982422,37.80226898,409.5245972,6.720403671,1.050063014,21.00126076,0.002375015,548.8212891,170.1345978,0.000931888,28.8923111,57784.62109,21.38031006,8.16077E-05,10581.27246,28.39099312,62.19353867,225.9223633,494.9073486,108,070801030603
1514,F070801030603_47,8494.120297,271307.2597,67.01289368,15412.96582,17040.03711,120.6232071,1306.751465,21.44412613,3.350644588,67.01289368,0.007578432,1751.264038,542.8918457,0.002973614,117.6739807,235347.9531,87.07874298,0.000332376,32453.00391,28.39049149,59.77802658,177.0003204,372.68573,108,070801030603
1515,F070801030603_48,1340.509454,48544.46604,11.99048328,2757.811035,3283.4729,21.58287048,233.8144226,3.836954594,0.59952414,11.99048328,0.001355994,313.3703613,97.14481354,0.000532097,17.72577667,35451.55469,13.11707497,5.00673E-05,6041.28418,28.38866043,62.18843842,210.2458801,460.5664063,108,070801030603
1516,F070801030603_49,2229.071487,67851.01659,16.75920105,3854.616211,4425.43457,30.16656113,326.8044128,5.362944126,0.837960064,16.75920105,0.001895284,462.4634094,143.3636627,0.000785254,36.25987625,72519.75781,26.83230782,0.000102418,8280.050781,26.88698196,57.75557327,143.655777,308.5851135,108,070801030603
1517,F070801030603_52,1345.591892,64046.97737,15.81960297,3638.508789,4383.612305,28.47528458,308.4822693,5.062273026,0.79098016,15.81960297,0.001789026,413.4256592,128.1619568,0.000701989,19.32990837,38659.81641,14.30413246,5.45983E-05,8022.121094,28.38992882,62.5936203,254.3676605,560.8254395,108,070801030603
1518,F070801030603_54,1641.809025,167505.6396,41.37389374,9515.995117,9846.15918,74.4730072,806.7909546,13.23964596,2.068694592,41.37389374,0.004678939,1026.449463,318.1993408,0.001742892,69.39610291,138792.2188,51.35311508,0.000196013,19362.1543,29.90576553,60.84913254,185.3051147,377.0395203,108,070801030603
1519,F070801030603_57,11280.59313,456428.0842,112.7377396,25929.67969,28666.95313,202.9279327,2198.385986,36.07607651,5.636887074,112.7377396,0.012749417,2796.877197,867.0319214,0.004749046,43.9358139,87871.63281,32.51250076,0.000124099,54596.63281,29.90625763,62.96957779,797.529541,1679.250488,108,070801030603
1520,F070801030603_58,13393.08327,735704.649,181.7190552,41795.38281,47984.73047,327.0942993,3543.521484,58.15009689,9.085952759,181.7190552,0.020550456,4508.232422,1397.552002,0.007654895,231.9799957,463959.9688,171.6651917,0.000655239,89780.10938,29.90613747,64.24098206,243.4703369,522.9954224,108,070801030302
1521,F070801030603_63,4754.288196,175485.2517,43.34485626,9969.317383,10315.20703,78.02074432,845.2246704,13.8703537,2.167242765,43.34485626,0.004901834,1153.152832,357.4773865,0.001958032,95.54404449,191088.0781,70.70259094,0.000269869,20284.52344,27.88796616,56.74351501,141.0035706,286.899292,108,070801030603
1522,F070801030603_72,2509.725847,307133.8841,75.86206818,17448.27539,22999.86133,136.5517273,1479.310303,24.27586174,3.793103456,75.86206818,0.008579178,1982.509766,614.5780029,0.003366265,72.44536591,144890.7188,53.60956955,0.000204625,40448.13672,28.39066124,65.81449127,325.4694214,754.4946899,108,070801030603
1523,F070801030603_73,7225.42929,256568.4579,63.37240982,14575.6543,16940.71094,114.0703354,1235.761963,20.27917099,3.168620586,63.37240982,0.007166733,1572.215332,487.3867493,0.002669592,126.8777008,253755.3906,93.88949585,0.000358372,31516.36523,29.90572548,64.66397858,155.2426453,335.6750793,108,070801030603
1524,F070801030603_120,2025.974331,238872.5006,59.00150681,13570.34668,17503.38867,106.202713,1150.529419,18.88048172,2.950075388,59.00150681,0.006672431,1665.088135,516.1773071,0.002827289,60.16855621,120337.1094,44.52473068,0.000169949,31073.73438,26.29008865,60.19972992,304.7822266,697.8983154,108,070801030603
1525,F070801030603_123,9600.108573,424720.8918,104.9060593,24128.39453,30095.45313,188.8309021,2045.668213,33.56993866,5.245303154,104.9060593,0.011863739,2602.610352,806.8092041,0.004419184,165.1991577,330398.3125,122.2473755,0.000466613,54223.84766,29.90594864,67.2077713,197.3735199,443.5583801,108,070801030603
1526,F070801030603_125,2295.649274,294325.9309,72.69850159,16720.65625,20855.74609,130.8572998,1417.620728,23.26352119,3.634925127,72.69850159,0.008221413,2051.62915,636.0050659,0.003483628,52.56694031,105133.8828,38.89953613,0.000148478,37576.40234,26.29013062,59.08192444,429.842041,965.9859009,108,070801030603
1527,F070801030603_134,7223.321481,281693.761,69.57836151,16003.02344,18826.51172,125.2410507,1356.778076,22.26507568,3.478918076,69.57836151,0.007868559,1726.163574,535.1107178,0.002930994,102.7270508,205454.0938,76.01802063,0.000290158,34829.53516,29.90600395,65.08846283,210.5161743,458.1747131,108,070801030603
1528,F070801030603_135,2013.208539,56632.05393,13.98811722,3217.266846,3465.695801,25.17861176,272.76828,4.47619772,0.699405849,13.98811722,0.001581904,347.0210571,107.5765305,0.000589235,32.6185112,65237.01953,24.13769913,9.21326E-05,6682.962891,29.90677261,62.1228714,133.2880554,276.8682556,108,070801030603
1529,F070801030603_139,4027.522075,135499.965,33.4684906,7697.75293,8510.368164,60.24328232,652.6355591,10.70991707,1.673424482,33.4684906,0.003784924,830.3256836,257.4009705,0.001409878,67.05164337,134103.2813,49.61821747,0.000189391,16208.12109,29.90568733,62.96837616,155.1396484,326.6566467,108,070801030603
1530,F070801030603_150,1540.955476,149387.1322,36.89862061,8486.682617,9502.870117,66.41751862,719.5230713,11.80755901,1.844931006,36.89862061,0.004172834,915.4356689,283.7850647,0.001554393,35.08581924,70171.64063,25.9635067,9.91016E-05,17989.55273,29.90531731,63.39147186,326.8696594,692.878418,108,070801030603
1531,F070801030603_152,6316.834864,232717.2273,57.4811554,13220.66602,14991.08398,103.4660797,1120.882568,18.39397049,2.87405777,57.4811554,0.006500496,1426.052368,442.0762329,0.002421411,83.08742523,166174.8438,61.48469543,0.000234684,28211.75,29.90585136,63.81648254,215.0236816,458.8418274,108,070801030603
1532,F070801030603_163,2376.986439,316451.4204,78.16349792,17977.60547,23187.98242,140.6942902,1524.188232,25.01231956,3.908174992,78.16349792,0.008839445,2079.531738,644.6548462,0.003531006,20.26267815,40525.35547,14.9943819,5.72329E-05,41165.58594,27.88718033,63.85678482,1198.956055,2745.400635,108,070801030603
1533,F070801030603_196,1272.257985,83419.90851,20.60471725,4739.084961,6179.768555,37.08848953,401.7919922,6.593509674,1.030235887,20.60471725,0.00233017,511.2000732,158.4720154,0.000868008,8.078807831,16157.61621,5.978317738,2.2819E-05,10918.85352,29.90486908,68.90083313,792.7120972,1826.409058,108,070801030603
1534,F070801030603_198,2390.938791,317540.8978,78.43260193,18039.49805,22245.05273,141.1786804,1529.435791,25.09843254,3.921630144,78.43260193,0.008869878,1945.803589,603.1990967,0.003303938,92.83329773,185666.5938,68.69664001,0.000262212,40284.55078,29.90637398,66.78483582,262.5965271,586.4122314,108,070801030603
1535,F070801030603_211,2404.787334,323751.7692,79.96669006,18392.33789,23983.60742,143.9400482,1559.350464,25.58934021,3.998334408,79.96669006,0.009043367,1983.855591,614.9952393,0.00336855,41.43915558,82878.3125,30.66497421,0.000117047,42375.94531,29.90647125,68.9045105,599.7832642,1381.900513,108,070801030603
1536,F070801030603_212,2395.922168,319563.3621,78.93215179,18154.39453,21614.78125,142.0778809,1539.177002,25.25828934,3.94660759,78.93215179,0.008926371,1958.228516,607.0508423,0.003325036,79.0128479,158025.6875,58.46950912,0.000223176,39769.17578,29.9058876,65.51210022,310.4933777,680.1694946,108,070801030603
1537,F070801030603_226,2745.627272,359285.3124,88.74346924,20410.99805,26326.63672,159.7382507,1730.497681,28.39791107,4.437173367,88.74346924,0.010035925,2201.641113,682.508728,0.003738346,63.77531052,127550.625,47.1937294,0.000180136,46737.63281,29.90584183,68.47917175,432.493866,990.3356323,108,070801030603
1538,F070801030603_227,9522.343224,347325.2595,85.78933716,19731.54688,20416.14648,154.4208069,1672.89209,27.45258713,4.289466858,85.78933716,0.009701844,2128.324707,659.7806396,0.003613856,170.0431519,340086.2813,125.8319321,0.000480295,40147.69531,29.9062233,60.85006714,156.8087463,319.058075,108,070801030603
1539,F070801030603_228,2829.150886,55149.48898,13.62192345,3133.04248,3152.93042,24.51946259,265.6275024,4.359015465,0.681096196,13.62192345,0.001540492,384.4245605,119.1716156,0.000652746,36.80696106,73613.92188,27.2371521,0.000103963,6285.972656,26.29017448,52.74723053,115.0282669,230.7867126,108,070801030603
1540,F070801030603_229,3209.111196,116393.3033,28.74914551,6612.303711,7310.333984,51.74846268,560.6083374,9.199726105,1.437457323,28.74914551,0.003251217,713.2223511,221.0989227,0.001211038,39.43770981,78875.42188,29.18390465,0.000111394,13922.6377,29.90653992,62.97017288,226.5736542,477.0656128,108,070801030603
1541,F070801030603_252,2143.968077,221202.5122,54.63702011,12566.51465,14249.33691,98.34663391,1065.421875,17.48384666,2.731851101,54.63702011,0.006178855,1355.470703,420.1959229,0.002301564,42.95389175,85907.78125,31.78587914,0.000121325,26815.85156,29.90632248,63.81749725,395.3489685,843.6403809,108,070801030603
1542,F070801030603_277,2710.721659,91670.93704,22.64272118,5207.825684,6274.297852,40.75689697,441.5330505,7.245670795,1.132136106,22.64272118,0.002560647,561.737854,174.1387329,0.00095382,28.45898247,56917.96484,21.05964661,8.03838E-05,11482.12305,29.90618706,65.93663788,247.2893219,545.2191772,108,070801030603
1543,F070801030603_278,2214.473385,74500.62211,18.40165329,4232.380371,4799.150879,33.1229744,358.8322449,5.888528824,0.920082688,18.40165329,0.002081028,456.5391846,141.5271454,0.000775195,19.90080261,39801.60156,14.72659397,5.62108E-05,9031.53125,29.90507889,63.81483459,287.3970947,613.2803955,108,070801030603
1544,F070801030603_280,2230.75096,67538.12538,16.68191719,3836.841064,3915.578613,30.02745056,325.2973938,5.338213444,0.834095836,16.68191719,0.001886544,460.3303833,142.7024231,0.000781632,13.24539089,26490.7832,9.801589012,3.74122E-05,7752.419922,26.88700676,54.32577515,391.4509277,790.9349976,108,070801030603
1545,F070801030603_285,835.5252461,42722.79498,10.55253029,2427.082031,3199.31665,18.99455452,205.7743378,3.376809597,0.527626514,10.55253029,0.001193377,311.8273926,96.66648865,0.000529477,7.974045753,15948.09082,5.900794029,2.25231E-05,5626.398438,25.1077919,58.20422745,411.3144836,953.4985352,108,070801030603
1546,F070801030603_287,12319.02785,536563.4646,132.5311737,30482.16992,32403.875,238.5561066,2584.35791,42.40997696,6.626558781,132.5311737,0.01498784,3947.091797,1223.598511,0.006702089,326.4793396,652958.6875,241.5947113,0.000922157,62886.04688,24.91190529,51.39434814,126.1706848,260.2956238,108,070801030603
1547,F070801030603_296,1919.22084,110317.0473,27.24831009,6267.111328,7816.995605,49.04695892,531.342041,8.719459534,1.362415552,27.24831009,0.003081489,768.9752808,238.3823395,0.001305706,24.35144997,48702.90234,18.02007294,6.87818E-05,14084.10742,26.29016685,59.08200836,347.7850037,781.5787964,108,070801030603
1548,F070801030603_307,3709.345732,90132.65909,22.26276588,5120.436035,5007.787109,40.07297897,434.1239319,7.124084949,1.113138318,22.26276588,0.002517678,581.7949829,180.3564453,0.000987877,63.96449661,127928.9922,47.33372879,0.000180671,10128.22266,28.39064598,56.15670013,108.1773224,213.9747467,108,070801030603
1549,F070801030603_308,5786.939664,252926.246,62.47278214,14368.74023,15070.93457,112.451004,1218.219238,19.99129105,3.123639107,62.47278214,0.007064995,1632.605591,506.1077271,0.002772134,123.0095901,246019.1719,91.02709961,0.000347447,29439.67578,28.39067459,58.16879272,157.8512421,323.4165955,108,070801030603
1550,F070801030603_326,4021.532142,304590.0926,75.23374939,17303.76172,18885.17578,135.4207458,1467.058105,24.07480049,3.761687517,75.23374939,0.008508122,1866.484619,578.6102295,0.003169256,110.9074326,221814.8594,82.07150269,0.000313263,36188.9375,29.9057312,62.54458618,210.8376312,440.9440002,108,070801030603
1551,F070801030603_327,5020.279107,470406.7808,116.1904755,26723.80859,32196.38086,209.1428528,2265.714355,37.18095398,5.809523582,116.1904755,0.013139884,2882.555664,893.5922852,0.004894526,168.7524719,337504.9375,124.8768311,0.00047665,58920.1875,29.9060421,65.93631744,214.0013428,471.826416,108,070801030302
1552,F070801030603_338,2381.80166,315875.3371,78.02120972,17944.87891,19584.88477,140.4381714,1521.413574,24.96678734,3.901060581,78.02120972,0.008823354,1935.631958,600.0458984,0.003286667,27.47410393,54948.20703,20.33083725,7.76019E-05,37529.76563,29.90584373,62.54482651,882.6433716,1845.952759,108,070801030603
1553,F070801030603_377,6231.734241,268696.2724,66.36798096,15264.63574,19039.64648,119.4623642,1294.175659,21.23775482,3.318398952,66.36798096,0.0075055,1646.514893,510.4196167,0.002795752,20.82102966,41642.05859,15.40756226,5.881E-05,34304.28125,29.90605164,67.20800018,990.7236328,2226.45752,108,070801030603
1554,F070801030603_384,2681.455686,298045.4746,73.61723328,16931.96289,39838.70313,132.5110168,1435.536011,23.55751419,3.680861712,73.61723328,0.008325311,1826.380615,566.1779785,0.00310116,70.19499207,140389.9844,51.94429398,0.000198269,56770.66406,29.90572548,100.2699966,325.9638672,1092.914307,104,070801030603
1555,F070801030603_409,2693.157682,436011.5267,107.6948471,24769.81445,23522.70898,193.8507233,2100.049561,34.46235275,5.38474226,107.6948471,0.01217912,2671.785889,828.2536011,0.004536643,43.58219147,87164.38281,32.25082016,0.0001231,48292.52344,29.90607452,58.30644608,768.0367432,1497.404541,104,070801030603
1556,F070801030603_427,2373.54697,316868.7345,78.26657867,18001.3125,21687.66992,140.879837,1526.198242,25.04530525,3.913328886,78.26657867,0.008851103,1941.695801,601.9257202,0.003296964,65.09875488,130197.5078,48.17308044,0.000183875,39688.98438,29.90620232,65.93668365,373.6799011,823.8830566,104,070801030603
1557,F070801030603_447,5934.077008,737167.9465,182.0804901,41878.51172,47486.58594,327.744873,3550.56958,58.26575851,9.104024887,182.0804901,0.020591332,4517.179199,1400.325562,0.007670087,66.45917511,132918.3594,49.1797905,0.000187717,89365.09375,29.90626907,63.81737137,851.5390625,1817.110107,108,070801030603
1558,F070801030603_470,1813.527613,202618.4969,50.04676819,11510.75684,13541.65723,90.08418274,975.9119873,16.01496506,2.502338409,50.04676819,0.005659747,1241.584717,384.8912659,0.002108188,9.303266525,18606.5332,6.884417057,2.62775E-05,25052.41406,29.90651703,65.08959198,1672.001709,3639.00293,104,070801030603
1559,F070801030603_489,1583.912588,158413.5666,39.12815094,8999.474609,10459.7373,70.43067169,762.9989624,12.52100849,1.956407547,39.12815094,0.00442497,1165.340576,361.2555847,0.001978727,14.89690208,29793.80469,11.02370739,4.2077E-05,19459.21094,24.91165543,53.86549377,816.3745728,1765.214722,104,070801030603
1560,F070801030603_498,2382.066818,313067.9133,77.32777405,17785.38867,21679.61523,139.1899872,1507.891602,24.74488831,3.866388798,77.32777405,0.008744934,1918.423096,594.7111816,0.003257447,29.30277252,58605.54688,21.68405151,8.27671E-05,39465.00391,29.90592575,66.3599472,820.2059937,1820.001343,104,070801030603
1561,F070801030603_547,1044.922648,55582.21518,13.72880745,3157.625732,3983.275635,24.71185303,267.711731,4.393218517,0.686440349,13.72880745,0.001552579,358.7825012,111.2225723,0.000609206,9.143864632,18287.73047,6.766459942,2.58273E-05,7140.901367,28.39015198,64.20370483,466.6584473,1055.337891,104,070801030603
1562,F070801030603_581,8268.15218,360614.3974,89.07175446,20486.50391,12195.70508,160.3291626,1736.89917,28.50296211,4.453587532,89.07175446,0.010073051,2369.705078,734.6085815,0.004023715,16.35201836,32704.03711,12.10049343,4.61871E-05,32682.20898,27.88764572,44.48928452,1693.030396,2700.898926,104,070801030603
1563,F070801030603_583,1852.719412,111283.0949,27.48692513,6321.992676,5376.442383,49.47646332,535.9950562,8.795816422,1.374346256,27.48692513,0.003108473,681.9023438,211.3897247,0.001157857,3.749376297,7498.752441,2.774538517,1.05903E-05,11698.43555,29.90681076,55.34060669,2278.574463,4216.353516,104,070801030603
1564,F070801030603_629,2217.112199,56573.11442,13.97355938,3213.918701,3052.104736,25.15240669,272.4844055,4.471539021,0.698677957,13.97355938,0.001580258,365.1621094,113.2002563,0.000620038,21.04827309,42096.54688,15.57572174,5.94519E-05,6266.023438,28.39144325,55.35343933,206.3415527,402.2942505,108,070801030603
1565,F070801030603_632,2654.519616,296015.9379,73.11593628,16816.66602,19120.07422,131.6086884,1425.760742,23.39710045,3.655796766,73.11593628,0.00826862,1945.229004,603.0209961,0.003302963,11.64867687,23297.35352,8.620020866,3.29023E-05,35936.74219,27.88736343,59.59451294,1950.884644,4168.985352,104,070801030603
1566,F070801030603_645,1238.101212,76665.63193,18.9364109,4355.374512,4259.556641,34.08554077,369.2600098,6.059651375,0.946820557,18.9364109,0.002141503,534.4107666,165.6673431,0.00090742,5.608645916,11217.29199,4.150397778,1.58419E-05,8614.931641,26.28987885,52.00138855,1049.387207,2075.688232,104,070801030603
1567,F070801030603_646,2028.791351,239804.3528,59.23167419,13623.28516,14675.24121,106.617012,1155.0177,18.95413589,2.961583614,59.23167419,0.006698461,1547.922729,479.8560486,0.002628344,28.69153976,57383.08203,21.23173904,8.10406E-05,28298.52734,28.39035797,58.97294998,641.6471558,1332.84082,104,070801030603
1568,F070801030603_667,1449.167145,96729.97642,23.89230347,5495.22998,5530.112793,43.00614548,465.8999023,7.6455369,1.194615126,23.89230347,0.002701961,674.2884521,209.0294189,0.001144929,4.604158878,9208.318359,3.407077551,1.30047E-05,11025.34277,26.28926659,52.74541092,1612.886719,3236.011719,108,070801030603
1569,F070801030603_695,1750.923908,194052.1643,47.93088531,11024.10352,11875.35547,86.27559662,934.6522827,15.337883,2.396544218,47.93088531,0.005420464,1352.680542,419.3309631,0.002296827,9.646901131,19293.80273,7.138706684,2.72481E-05,22899.45898,26.28974342,54.60951233,1544.271851,3207.788086,108,070801030603
1570,F070801030604_44,2232.793004,280637.1007,69.31736755,15942.99414,19885.76563,124.7712631,1351.688721,22.1815567,3.465868473,69.31736755,0.007839044,1719.705933,533.1088257,0.002920029,36.59697342,73193.94531,27.08176041,0.00010337,35828.75781,29.90570259,67.20721436,588.6986084,1322.984863,104,070801030604
1571,F070801030604_96,5610.790133,735719.7061,181.7227631,41796.23438,42061.54688,327.1009827,3543.593994,58.15128326,9.086137772,181.7227631,0.020550875,4508.310547,1397.576294,0.007655028,202.6511383,405302.2813,149.9618378,0.000572398,83857.78125,29.90622711,60.00229263,278.7124634,559.1941528,104,070801030604
1572,F070801030604_182,1481.338296,136105.1771,33.61797714,7732.134766,6356.487793,60.51235962,655.5505371,10.75775242,1.680898905,33.61797714,0.003801829,834.0351563,258.5509033,0.001416176,8.727351189,17454.70313,6.458240032,2.46508E-05,14088.62305,29.90565681,54.49071121,1197.251099,2181.49585,104,070801030604
1573,F070801030604_225,1734.604093,141006.8915,34.82870102,8010.601074,9764.577148,62.69166183,679.159668,11.14518452,1.741435051,34.82870102,0.003938749,910.1931152,282.1598511,0.001545491,33.71018219,67420.36719,24.94553566,9.5216E-05,17775.17773,28.39029312,62.9968338,321.1236267,712.5594482,104,070801030604
1574,F070801030604_234,3092.034855,360079.0454,88.93952179,20456.08984,21165.82813,160.0911407,1734.320679,28.46064758,4.446976185,88.93952179,0.010058097,2324.288818,720.529541,0.0039466,91.83164215,183663.2813,67.95541382,0.000259383,41621.91797,28.39035606,57.76573563,301.0222168,612.4886475,104,070801030604
1575,F070801030604_255,1563.711168,150341.3263,37.13430786,8540.890625,8352.992188,66.8417511,724.1190186,11.88297844,1.856715441,37.13430786,0.004199488,921.2364502,285.583313,0.001564243,29.50937843,59018.75781,21.83694077,8.33507E-05,16893.88281,29.90682602,59.15570831,391.1212158,773.6378174,104,070801030604
1576,F070801030604_427,2216.731368,274506.176,67.80302429,15594.69531,19451.33203,122.0454407,1322.158936,21.69696808,3.390151262,67.80302429,0.007667787,1682.10498,521.4525146,0.002856183,15.05143929,30102.87891,11.13806534,4.25135E-05,35046.02734,29.90626144,67.20847321,1400.126099,3146.509521,104,070801030604
1577,F070801030605_1,2413.554935,290832.3394,71.83558655,16522.18555,21310.74414,129.3040619,1400.793945,22.98738861,3.591779232,71.83558655,0.008123826,1782.157104,552.468689,0.00302607,38.50279236,77005.58594,28.49206543,0.000108753,37832.92969,29.90610313,68.47977448,579.8872681,1327.840942,108,070801030605
1578,F070801030605_43,4729.438145,568181.2552,140.3407745,32278.37891,40718.46875,252.6133881,2736.64502,44.90904617,7.017038822,140.3407745,0.015871022,3481.678223,1079.32019,0.005911825,38.04194641,76083.89844,28.15104103,0.000107451,72996.84375,29.90621185,67.6322403,1146.614014,2593.04248,108,070801030605
1579,F070801030605_47,4223.418518,144699.8309,35.74085999,8220.397461,7340.458008,64.3335495,696.9467773,11.43707561,1.787042975,35.74085999,0.004041904,886.6723022,274.8684082,0.001505553,18.41548729,36830.97266,13.62746048,5.20154E-05,15560.85547,29.9066658,56.61201859,603.2229614,1141.874878,108,070801030605
1580,F070801030605_60,1016.532774,62308.0981,15.39010048,3539.723145,2859.78833,27.70218086,300.1069641,4.924832344,0.769505024,15.39010048,0.001740454,424.6904907,131.6540527,0.000721117,40.26185989,80523.71875,29.79377556,0.000113722,6399.511719,26.886549,48.6085434,118.8074722,214.7935791,108,070801030605
1581,F070801030605_64,3427.622453,331498.2366,81.88006592,18832.41602,18951.96094,147.3841248,1596.661255,26.20162201,4.094003201,81.88006592,0.009259748,2178.38501,675.2993774,0.003698858,37.42581558,74851.63281,27.69510269,0.000105711,37784.375,27.88750648,55.952034,679.9908447,1364.298096,108,070801030605
1582,F070801030605_65,1923.553714,175829.7238,43.42994308,9988.886719,11751.27441,78.17389679,846.8839111,13.89758205,2.171497107,43.42994308,0.004911456,1198.435303,371.5149536,0.002034921,34.07501984,68150.03906,25.21551514,9.62465E-05,21740.16016,26.88690376,58.51758957,396.1405029,862.1739502,108,070801030605
1583,F070801030605_68,3180.286076,633690.9152,156.5216522,35999.98047,35207.98047,281.7389832,3052.172119,50.08692932,7.826082706,156.5216522,0.017700903,4417.226074,1369.340088,0.007500368,422.8833618,845766.75,312.9336853,0.001194455,71207.96094,26.2900219,52.00166321,115.0402832,227.5496826,108,070801030605
1584,F070801030605_70,6762.576341,260946.2838,64.45373535,14824.35938,14918.45996,116.0167236,1256.8479,20.62519455,3.222686768,64.45373535,0.007289019,1904.643311,590.4394531,0.003234049,132.0610962,264122.1875,97.7252121,0.000373013,29742.82031,25.10733223,50.3740387,151.6943207,304.3515625,108,070801030605
1585,F070801030605_75,5303.977639,169028.5842,41.75006104,9602.513672,7349.680664,75.15010834,814.1262207,13.36001968,2.087502956,41.75006104,0.004721479,1035.769897,321.0886536,0.001758718,117.8632736,235726.5469,87.21882629,0.000332911,16952.19531,29.90611267,52.79599762,110.0968018,194.3639526,108,070801030605
1586,F070801030605_76,3931.517605,112640.456,27.82219315,6399.104492,5986.222656,50.07994843,542.5327759,8.903101921,1.391109705,27.82219315,0.003146389,740.2073364,229.4642792,0.001256858,8.5210495,17042.09766,6.305576801,2.40681E-05,12385.32715,27.8871479,53.97496796,1014.83252,1964.186279,108,070801030605
1587,F070801030605_79,10323.93941,503755.5907,124.4276276,28618.35352,28394.38477,223.9697266,2426.338623,39.81684113,6.221381187,124.4276276,0.014071417,3433.593262,1064.41394,0.005830178,314.0327148,628065.375,232.3842163,0.000887001,57012.73828,26.88648796,53.56256104,123.1510239,245.3382568,108,070801030605
1588,F070801030605_80,5052.88349,206439.4132,50.99053574,11727.82324,8643.916016,91.78296661,994.3154297,16.31697083,2.549526691,50.99053574,0.005766477,1356.585327,420.5414429,0.002303457,38.62902069,77258.04688,28.58547592,0.00010911,20371.73828,27.88743782,48.44168854,410.2720947,712.6604614,108,070801030605
1589,F070801030605_83,8405.605206,232123.6273,57.33453751,13186.94336,14765.93652,103.2021637,1118.023438,18.34705162,2.866726875,57.33453751,0.006483915,1498.349243,464.4882507,0.002544169,143.5986023,287197.2188,106.2629623,0.000405601,27952.87891,28.3902626,60.1799469,124.0972672,263.053833,108,070801030605
1590,F070801030605_88,8138.038922,248005.8637,61.2574501,14089.21387,15576.54297,110.2634125,1194.520264,19.60238457,3.06287241,61.2574501,0.006927554,1519.741699,471.1199341,0.002580493,158.7785187,317557.0313,117.4961014,0.000448478,29665.75781,29.90579033,62.96858978,119.912178,252.4829102,108,070801030605
1591,F070801030605_89,3945.781527,434726.5128,107.377449,24696.8125,25903.73633,193.2794037,2093.860352,34.36078262,5.368872643,107.377449,0.012143226,2663.885986,825.8046265,0.004523229,52.34227371,104684.5469,38.733284,0.000147843,50600.54688,29.90636253,61.27423477,637.6121216,1306.384155,108,070801030605
1592,F070801030605_90,2393.174007,59161.31671,14.61284542,3360.954346,3096.46167,26.30312157,284.9505005,4.676110744,0.730642259,14.61284542,0.001652554,362.5071411,112.3772125,0.00061553,8.186439514,16372.87988,6.057965279,2.3123E-05,6457.416016,29.90779305,57.46197128,554.7991943,1065.93811,108,070801030605
1593,F070801030605_102,2209.000654,62816.51109,15.51567841,3568.605957,3641.839844,27.92822075,302.5557251,4.965017319,0.775783896,15.51567841,0.001754655,384.9380188,119.3307877,0.000653618,43.38790131,86775.80469,32.10704803,0.000122551,7210.445801,29.90515709,60.42401886,111.1471176,224.5751648,108,070801030605
1594,F070801030605_104,2761.246228,58419.61804,14.42964554,3318.818359,3716.211426,25.97336197,281.3780823,4.617486477,0.721482277,14.42964554,0.001631837,357.9526978,110.9653397,0.000607797,37.14281845,74285.64063,27.48568535,0.000104912,7035.029785,29.90860367,63.39844131,120.7471542,255.9524994,108,070801030605
1595,F070801030605_136,3388.666905,295546.6311,73.00001526,16790.00391,14992.74121,131.4000244,1423.500244,23.36000443,3.650000811,73.00001526,0.008255511,1942.11377,602.0552979,0.003297673,35.23075867,70461.51563,26.07076073,9.9511E-05,31782.74609,27.88780975,52.79040909,644.0166626,1219.095459,108,070801030607
1596,F070801030605_145,2878.242266,414124.3083,102.2887039,23526.40234,25676.50781,184.1196594,1994.629761,32.73238373,5.114435196,102.2887039,0.011567744,2673.139648,828.6732788,0.004538942,234.0538635,468107.7188,173.1998596,0.000661096,49202.91016,28.3904438,59.37552261,135.833847,284.0816956,108,070801030605
1597,F070801030605_147,2456.09821,151073.139,37.31506348,8582.464844,9610.12207,67.16711426,727.6437378,11.94082069,1.865753174,37.31506348,0.004219929,925.7232056,286.9741821,0.001571861,77.06048584,154120.9844,57.0247612,0.000217661,18192.58594,29.90674973,63.39450455,150.5041809,319.0295715,108,070801030605
1598,F070801030605_148,2419.770597,325084.1229,80.29577637,18468.0293,20679.375,144.5323944,1565.767578,25.69464874,4.014788628,80.29577637,0.009080582,2136.244629,662.2358398,0.003627304,31.4117775,62823.55469,23.24471474,8.87241E-05,39147.40625,27.88739014,59.1139946,794.5044556,1684.142212,108,070801030605
1599,F070801030605_158,8167.310651,233101.7533,57.57613373,13242.51074,16705.13867,103.6370392,1122.734619,18.42436218,2.878806591,57.57613373,0.006511237,1624.859131,503.7063293,0.002758981,91.25582123,182511.6406,67.5293045,0.000257756,29947.64844,26.29014206,59.45458221,196.1002045,443.4763489,108,070801030605
1600,F070801030605_163,3998.493061,386412.9005,95.44398499,21952.11719,24269.49609,171.7991791,1861.157715,30.54207611,4.772199154,95.44398499,0.01079368,2633.783691,816.4729614,0.004472116,130.0524139,260104.8281,96.23878479,0.000367339,46221.61328,26.88652039,56.6113205,228.1005249,480.2805176,108,070801030605
1601,F070801030605_171,1617.417485,163407.4995,40.36165237,9283.179688,9605.266602,72.65097046,787.0522461,12.91572857,2.018082619,40.36165237,0.004564465,1113.758789,345.2652283,0.001891142,51.05457687,102109.1563,37.78038788,0.000144206,18888.44531,26.88709641,54.70705795,245.7142487,499.9537048,108,070801030605
1602,F070801030605_187,6684.612601,288447.0393,71.24642181,16386.67773,19277.85742,128.2435608,1389.305176,22.79885483,3.562321186,71.24642181,0.008057198,1966.057495,609.4778442,0.003338329,118.7877884,237575.5781,87.90296173,0.000335522,35664.53516,26.8864212,58.51654053,186.4178162,405.7261963,108,070801030605
1603,F070801030605_191,5973.987962,180456.8089,44.5728302,10251.75098,10316.82715,80.23109436,869.170166,14.26330566,2.22864151,44.5728302,0.005040704,1105.814453,342.8024902,0.001877652,23.89539337,47790.78516,17.68259048,6.74937E-05,20568.57813,29.90570831,60.00125122,579.7651978,1163.210693,108,070801030605
1604,F070801030605_196,7020.939737,307056.9858,75.84307861,17443.9082,18049.13477,136.5175476,1478.940063,24.26978493,3.792153835,75.84307861,0.00857703,1982.031372,614.4297485,0.003365453,173.9326935,347865.375,128.7101898,0.000491281,35493.04297,28.39040375,57.76582718,135.5285645,275.7593994,108,070801030605
1605,F070801030605_216,7349.264761,256507.962,63.35746765,14572.21777,13838.54004,114.0434418,1235.470581,20.27438927,3.167873383,63.35746765,0.007165043,1571.810181,487.2611694,0.002668905,99.66566467,199331.3281,73.75259399,0.000281511,28410.75781,29.9063797,58.30704117,197.5824432,385.2170715,108,070801030605
1606,F070801030605_231,4191.505254,112140.1938,27.69862747,6370.684082,5417.851563,49.85752869,540.12323,8.863560677,1.384931326,27.69862747,0.003132415,687.1572876,213.0187531,0.00116678,81.1329422,162265.8906,60.03837585,0.000229164,11788.53516,29.90668106,55.34036255,106.110199,196.3500061,108,070801030605
1607,F070801030605_257,890.2206308,42577.58935,10.51666451,2418.832764,2194.196777,18.92999649,205.0749512,3.365332603,0.525833249,10.51666451,0.001189321,260.9093018,80.88188171,0.000443019,4.504853249,9009.707031,3.333591461,1.27242E-05,4613.029297,29.90574265,57.03414917,725.5936279,1383.801636,108,070801030605
1608,F070801030605_274,1028.345273,55693.28187,13.75624084,3163.935303,2197.421631,24.76123428,268.2467041,4.401997089,0.68781203,13.75624084,0.001555682,388.2333679,120.3523407,0.000659213,52.84650421,105693.0078,39.10641479,0.000149268,5361.356934,26.28893852,44.54717636,80.90578461,137.0966034,108,070801030605
1609,F070801030605_275,2239.662781,67702.55026,16.72253036,3846.181885,2725.772217,30.10055542,326.0893555,5.351209641,0.836126506,16.72253036,0.001891137,414.8632813,128.6076202,0.00070443,55.79803085,111596.0625,41.2905426,0.000157604,6571.954102,29.90633011,51.10081482,93.14922333,159.1636658,108,070801030605
1610,F070801030605_276,4026.856354,84616.09622,20.90017509,4807.040039,3679.26709,37.62031555,407.5534058,6.688055992,1.045008779,20.90017509,0.002363583,518.5283203,160.7437744,0.000880451,67.73597717,135471.9531,50.12462234,0.000191324,8486.306641,29.90498352,52.79399872,95.90177155,169.3041534,108,070801030605
1611,F070801030605_277,1400.950578,81758.32467,20.19430542,4644.69043,5727.508301,36.34975052,393.7889404,6.462177753,1.009715319,20.19430542,0.002283757,569.9000854,176.6690216,0.00096768,19.10717392,38214.34766,14.13930893,5.39691E-05,10372.19922,26.29034996,58.70977783,328.494873,733.5718384,108,070801030605
1612,F070801030605_279,865.9723149,22983.88324,5.677019119,1305.714355,1554.595093,10.21863461,110.7018738,1.816646099,0.283850968,5.677019119,0.000642009,160.1981964,49.6614418,0.000272014,,,,,2860.30957,26.29231644,57.59618378,,,108,070801030605
1613,F070801030605_280,2018.636334,237330.2677,58.62057495,13482.73242,16434.86328,105.5170364,1143.101196,18.75858307,2.931028843,58.62057495,0.006629352,1454.304443,450.8343811,0.002469382,54.68673325,109373.4609,40.46818161,0.000154465,29917.5957,29.90617561,66.36050415,333.1687317,739.2868652,108,070801030605
1614,F070801030606_6,8981.056077,291846.8218,72.08616638,16579.81836,19505.07422,129.7550964,1405.680298,23.06757355,3.604308367,72.08616638,0.008152165,1989.204346,616.6533203,0.003377632,25.48970222,50979.40234,18.86237907,7.19969E-05,36084.89063,26.88677406,58.51730347,878.9887085,1913.061523,108,070801030606
1615,F070801030606_9,2821.348457,89222.10424,22.03785896,5068.70752,5747.473633,39.66814423,429.7382507,7.052114964,1.101892948,22.03785896,0.002492243,586.333313,181.7633209,0.000995583,9.670337677,19340.67578,7.156049728,2.73143E-05,10816.18164,27.88630486,59.50695419,708.3108521,1511.473755,108,070801030606
1616,F070801030606_12,2304.763182,240636.0933,59.43711472,13670.53613,16857.55273,106.9868088,1159.023682,19.01987648,2.97185564,59.43711472,0.006721694,1640.177246,508.4549561,0.002784991,81.46749115,162934.9844,60.28594208,0.000230109,30528.08984,26.88642502,60.04089355,226.7615967,506.3882141,108,070801030606
1617,F070801030606_13,1720.49955,60484.06795,14.9395647,3436.099854,4285.862305,26.89121628,291.3215027,4.780660629,0.746978223,14.9395647,0.001689503,412.2401123,127.7944336,0.000699976,25.77664375,51553.28516,19.07471657,7.28074E-05,7721.961914,26.88771057,60.42486954,180.1389771,404.8270874,108,070801030606
1618,F070801030606_15,4903.858867,245391.3638,60.61166763,13940.68359,17190.67969,109.1009979,1181.92749,19.39573288,3.030583382,60.61166763,0.006854523,1503.69165,466.1444092,0.002553241,16.89410019,33788.19922,12.5016346,4.77182E-05,31131.36328,29.90636253,66.7848053,1115.108887,2490.18335,108,070801030606
1619,F070801030606_17,6294.087092,192422.0296,47.5282402,10931.49512,11310.77148,85.55083466,926.8006592,15.20903683,2.376411915,47.5282402,0.005374929,1341.300903,415.8032837,0.002277504,131.9971771,263994.3438,97.67790985,0.000372832,22242.26563,26.29006386,53.49227905,111.9136887,227.7102966,108,070801030606
1620,F070801030606_29,2405.828254,321365.1567,79.37719727,18256.75586,21995.41992,142.878952,1547.855347,25.40070343,3.968859911,79.37719727,0.008976701,2240.143066,694.4443359,0.003803721,130.0303802,260060.7656,96.22248077,0.000367277,40252.17578,26.28973198,57.9631424,189.7348328,418.3240356,108,070801030606
1621,F070801030606_31,2422.135097,326788.5741,80.71677399,18564.85742,22366.62109,145.2901917,1573.977051,25.82936859,4.035838604,80.71677399,0.009128192,2227.397705,690.4932861,0.00378208,106.2341309,212468.2656,78.61325836,0.000300063,40931.47656,26.88636971,59.2786026,236.1542816,520.6688843,108,070801030606
1622,F070801030606_34,3224.868506,432897.2626,106.925621,24592.89258,29629.08984,192.4661255,2085.049561,34.21619797,5.346281052,106.925621,0.012092129,2794.314941,866.2376099,0.004744695,131.4703369,262940.6875,97.28804779,0.000371344,54221.98438,28.3904705,62.59481812,252.784317,557.3344727,108,070801030606
1623,F070801030606_39,2964.048171,87513.84839,21.61592102,4971.661621,5707.900391,38.90865707,421.5104675,6.917094707,1.080796003,21.61592102,0.002444526,536.2423096,166.2351227,0.00091053,37.90177917,75803.55469,28.0473175,0.000107055,10679.5625,29.90740776,64.24372101,177.2597961,380.7694702,108,070801030606
1624,F070801030606_40,5126.40785,221645.2331,54.74637222,12591.66602,15527.16602,98.54347229,1067.554199,17.51883888,2.737318516,54.74637222,0.006191222,1358.199463,421.0418396,0.002306198,82.20977783,164419.5625,60.8352356,0.000232206,28118.83203,29.90597343,66.78393555,206.9798126,462.2129211,108,070801030606
1625,F070801030606_46,2726.259184,384952.0632,95.0831604,21869.12695,29447.25195,171.1496887,1854.121582,30.42661095,4.75415802,95.0831604,0.010752875,2358.909668,731.2620239,0.004005385,77.48808289,154976.1719,57.34118271,0.000218869,51316.37891,29.90600586,70.17508698,381.3860474,894.930603,108,070801030606
1626,F070801030606_50,2465.942825,70448.67771,17.40082359,4002.189453,5389.034668,31.3214817,339.3160706,5.568263531,0.870041192,17.40082359,0.001967845,431.6730957,133.8186646,0.000732973,21.87866592,43757.33203,16.19021225,6.17973E-05,9391.224609,29.90755844,70.17873383,247.1980896,580.0556641,108,070801030606
1627,F070801030606_56,2413.357229,324046.8564,80.03957367,18409.10156,21918.03516,144.071228,1560.771729,25.61266327,4.001978874,80.03957367,0.009051609,2258.822998,700.2351074,0.003835439,127.1749802,254349.9531,94.10948181,0.000359212,40327.13672,26.28988647,57.59085083,195.613678,428.5130005,108,070801030606
1628,F070801030606_57,14632.50824,447368.2218,110.4999542,25414.99023,23414.93945,198.8999176,2154.749023,35.35998535,5.524997711,110.4999542,0.012496348,2741.384521,849.8292236,0.00465482,53.02357864,106047.1563,39.23744965,0.000149768,48829.92969,29.90599632,57.45851898,647.7227783,1244.472534,108,070801030606
1629,F070801030606_60,9248.147655,425189.2526,105.0217438,24155.00195,24650.70313,189.0391388,2047.92395,33.60695648,5.251087189,105.0217438,0.011876822,2605.455566,807.6912231,0.004424015,50.64689636,101293.7891,37.47870255,0.000143055,48805.70313,29.90623283,60.42618942,644.4993896,1302.224976,108,070801030606
1630,F070801030606_62,3714.151109,544171.8752,134.4104462,30914.40234,34177.89453,241.938797,2621.003662,43.01134109,6.720522404,134.4104462,0.015200365,3334.573486,1033.717773,0.005662044,52.09457397,104189.1484,38.54998398,0.000147144,65092.29688,29.90603828,62.96912003,801.9303589,1688.516846,108,070801030606
1631,F070801030606_63,2578.739785,66996.98645,16.54825592,3806.098877,2697.365479,29.78686142,322.690979,5.295442104,0.827412784,16.54825592,0.001871428,410.5328369,127.2651825,0.000697077,9.559210777,19118.42188,7.073815823,2.70005E-05,6503.464355,29.90683556,51.10167694,538.0545654,919.37146,108,070801030606
1632,F070801030606_67,11580.2747,529510.4968,130.789093,30081.49219,36668.03125,235.4203644,2550.387207,41.85250854,6.53945446,130.789093,0.014790829,3244.729004,1005.865967,0.00550949,40.08203125,80164.0625,29.66070366,0.000113214,66749.52344,29.90606499,66.36026001,1014.186707,2250.436279,108,070801030606
1633,F070801030606_70,1238.410782,56302.62257,13.90674782,3198.552002,3309.527344,25.03214645,271.1815796,4.450159073,0.695337415,13.90674782,0.001572703,345.0013123,106.9504089,0.000585806,8.735773087,17471.54688,6.464472294,2.46746E-05,6508.079102,29.90686989,60.85137177,494.7893372,1006.745605,108,070801030606
1634,F070801030606_72,2664.385974,259404.8551,64.07299805,14736.78906,16292.48242,115.331398,1249.423462,20.50335884,3.203649998,64.07299805,0.007245962,1589.589722,492.7728271,0.002699094,74.25443268,148508.875,54.94828033,0.000209735,31029.27148,29.90584755,62.96871567,268.1938171,564.699585,108,070801030606
1635,F070801030606_78,2444.368427,203801.2238,50.33890152,11577.94727,10010.39355,90.6100235,981.6085815,16.10844803,2.516945124,50.33890152,0.005692784,1248.853516,387.1445923,0.00212053,151.7601318,303520.25,112.3024979,0.000428654,21588.33984,29.90600204,55.76298904,103.096077,192.2338409,108,070801030606
1636,F070801030606_83,6523.981877,443635.0158,109.5778503,25202.90625,32507.36523,197.2401276,2136.768066,35.06491089,5.478892326,109.5778503,0.012392067,2718.480225,842.7288818,0.004615929,120.1522217,240304.4375,88.91264343,0.000339376,57710.27344,29.90630341,68.48023987,283.4569397,649.0671387,108,070801030606
1637,F070801030606_92,1982.629137,139867.123,34.54718018,7945.851563,10248.76563,62.18492508,673.6700439,11.05509758,1.727359056,34.54718018,0.003906912,919.1188965,284.9268494,0.001560647,39.68610001,79372.19531,29.36771393,0.000112095,18194.61719,27.88733864,63.85715103,270.5641785,619.5449219,108,070801030606
1638,F070801030606_94,3234.740941,607660.8203,150.0922241,34521.21094,38654.75,270.1660156,2926.79834,48.0295105,7.504611015,150.0922241,0.016973805,4435.265137,1374.932251,0.007530998,61.95788193,123915.7578,45.84883118,0.000175003,73175.96094,25.10757256,53.22150421,752.9354858,1596.026733,108,070801030606
1639,F070801030606_132,1671.977442,155956.038,38.52114105,8859.862305,10799.78809,69.33805084,751.1622314,12.32676506,1.9260571,38.52114105,0.004356324,955.6567993,296.2536011,0.001622687,70.63748169,141274.9688,52.27173615,0.000199519,19659.65039,29.90634537,66.36088562,169.4962311,376.1047974,108,070801030606
1640,F070801030606_271,3183.463719,472702.7096,116.7575684,26854.24023,32353.52148,210.16362,2276.772461,37.36242294,5.837878227,116.7575684,0.013204016,3295.0625,1021.46936,0.005594955,192.8472443,385694.5,142.706955,0.000544706,59207.76172,26.289814,57.9633255,188.1775208,414.8905029,108,070801030606
1641,F070801030606_337,5619.70667,281595.4412,69.55407715,15997.4375,19273.43555,125.1973419,1356.304443,22.25730515,3.47770381,69.55407715,0.007865813,1919.363281,595.0026245,0.003259043,111.1856995,222371.3906,82.27742004,0.000314049,35270.875,26.88633156,59.27851868,194.4329071,428.682312,108,070801030606
1642,F070801030606_339,1610.264214,161540.5217,39.90050888,9177.117188,11446.65723,71.82091522,778.0599365,12.76816273,1.995025396,39.90050888,0.004512315,1126.048218,349.0749512,0.001912009,44.0738678,88147.73438,32.61466217,0.000124489,20623.77344,26.28981781,59.08121872,281.3800964,632.3466797,108,070801030606
1643,F070801030606_344,5856.120218,289201.2684,71.43271637,16429.52539,18862.52539,128.5788879,1392.937988,22.85846901,3.571635723,71.43271637,0.008078266,1971.171631,611.0632324,0.003347013,140.1665955,280333.1875,103.7232819,0.000395907,35292.05078,26.8867836,57.75515366,158.3976593,340.2519531,108,070801030606
1644,F070801030606_345,2384.900087,306692.9269,75.75315094,17423.22461,21732.0625,136.3556671,1477.186401,24.24100876,3.787657499,75.75315094,0.008566861,1979.684326,613.7021484,0.003361467,104.0877991,208175.5938,77.02497101,0.000294001,39155.28906,28.39035988,63.8017807,226.2022858,508.3453979,108,070801030606
1645,F070801030606_346,3311.618955,117655.6869,29.06095505,6684.019531,7863.313965,52.30971909,566.6885986,9.299505234,1.453047752,29.06095505,0.003286479,801.9257202,248.5969696,0.001361655,59.14159775,118283.1953,43.76478195,0.000167048,14547.33398,26.88697052,58.51774597,152.7259827,332.3981934,108,070801030606
1646,F070801030606_357,1128.409897,55972.18275,13.82512951,3179.779785,3560.523438,24.88523293,269.5900269,4.424041271,0.691256464,13.82512951,0.001563472,342.9797974,106.3237381,0.000582373,5.057910442,10115.82129,3.742853642,1.42863E-05,6740.303223,29.90658379,63.39415359,849.5603027,1800.846069,108,070801030606
1647,F070801030606_359,2554.36697,221859.5022,54.79929733,12603.83887,16256.75977,98.63873291,1068.586304,17.53577423,2.739964962,54.79929733,0.006197207,1359.484131,421.440094,0.002308379,14.62005711,29240.11523,10.81884193,4.12951E-05,28860.59766,29.90659714,68.48090363,1164.989624,2667.623535,108,070801030606
1648,F070801030606_409,947.5701097,47743.93671,11.79275227,2712.333008,3690.65918,21.22695351,229.9586639,3.773680687,0.589637637,11.79275227,0.001333633,292.5483093,90.68997955,0.000496742,,,,,6402.992188,29.90774727,70.60308075,,,108,070801030606
1649,F070801030606_416,2767.729284,463957.5592,114.5975189,26357.42969,30634.20898,206.275528,2234.651611,36.67120743,5.729876041,114.5975189,0.012959738,2843.05127,881.3458862,0.004827448,39.08628082,78172.5625,28.9238472,0.000110401,56991.64063,29.9058857,64.66432953,911.2698364,1970.403198,108,070801030606
1650,F070801030606_417,4672.314457,150511.5274,37.17634583,8550.55957,9574.393555,66.91741943,724.9387207,11.89643097,1.858817339,37.17634583,0.004204242,922.2935181,285.9109802,0.001566037,12.13069439,24261.38867,8.976714134,3.42637E-05,18124.95313,29.90637016,63.39369202,952.5266724,2019.107788,108,070801030606
1651,F070801030606_429,2899.652513,83772.7456,20.69186783,4759.129395,5396.438965,37.24536133,403.4914246,6.621397495,1.034593344,20.69186783,0.002340026,570.9838257,177.0049896,0.00096952,10.08426571,20168.53125,7.462356567,2.84835E-05,10155.56836,26.88697815,57.37447357,637.7515259,1360.906372,108,070801030606
1652,F070801030606_442,3503.411496,117225.4528,28.95468712,6659.578125,7645.775391,52.11843872,564.616394,9.265500069,1.447734356,28.95468712,0.003274461,718.3505859,222.6886749,0.001219746,48.07344437,96146.89063,35.57434845,0.000135786,14305.35352,29.90532875,64.23925018,187.2016907,402.1255188,108,070801030606
1653,F070801030606_443,3795.097515,140899.1424,34.80208969,8004.480469,9416.749023,62.64376068,678.6407471,11.13666916,1.740104437,34.80208969,0.003935739,863.3827515,267.6486511,0.001466008,44.68681335,89373.625,33.06824112,0.00012622,17421.23047,29.90667152,65.08992767,242.0594635,526.8266602,108,070801030606
1654,F070801030606_492,5372.79434,166489.4624,41.1228981,9458.266602,10992.97266,74.02121735,801.8964844,13.15932751,2.056144953,41.1228981,0.004650554,1020.19635,316.2608643,0.001732274,20.11528015,40230.5625,14.88530731,5.68166E-05,20451.23828,29.90653419,64.66572571,635.4095459,1373.921143,108,070801030606
1655,F070801030606_498,2789.087191,302606.5217,74.74381256,17191.07617,21442.50195,134.5388641,1457.504395,23.91802025,3.737190723,74.74381256,0.008452715,1953.305542,605.5247192,0.003316677,76.05587769,152111.75,56.28134918,0.000214824,38633.57813,28.39037895,63.80181885,305.4489136,686.4365845,108,070801030606
1656,F070801030606_499,3249.993568,132112.4245,32.63176727,7505.306641,9042.262695,58.73718262,636.319458,10.44216537,1.63158834,32.63176727,0.003690299,852.7940063,264.3661499,0.001448028,48.54613113,97092.26563,35.92413712,0.000137121,16547.57031,28.38981628,62.59337616,208.9210052,460.6253967,108,070801030606
1657,F070801030607_2,1470.020422,131804.866,32.55580139,7487.834473,6686.310547,58.60044098,634.8381348,10.41785622,1.627790093,32.55580139,0.003681708,918.7689209,284.8183594,0.001560053,10.80652905,21613.05859,7.996831417,3.05236E-05,14174.14453,26.28985977,49.76555634,936.3501587,1772.470093,108,070801030607
1658,F070801030607_14,8425.478439,406370.2868,100.3734589,23085.89648,20287.48438,180.672226,1957.282471,32.11950684,5.018672943,100.3734589,0.01135115,2832.651611,878.1220093,0.00480979,147.617569,295235.1563,109.2369995,0.000416953,43373.38281,26.29007912,49.39334488,211.3377075,397.0576172,108,070801030607
1659,F070801030607_16,2361.642132,311705.4286,76.99124146,17707.98633,14557.50293,138.5842285,1501.329224,24.63719749,3.849562168,76.99124146,0.008706875,2248.799561,697.1278687,0.00381842,132.1704712,264340.9375,97.80615234,0.000373322,32265.48828,25.40134621,46.28345871,181.0518646,329.8922119,108,070801030607
1660,F070801030607_17,1484.223889,99038.72995,24.46256638,5626.390137,4067.14624,44.03261948,477.02005,7.828021049,1.223128319,24.46256638,0.002766451,606.8652344,188.1282196,0.001030446,20.94609451,41892.19141,15.50010967,5.91633E-05,9693.536133,29.9072094,51.52622223,362.9903564,625.3850098,108,070801030607
1661,F070801030607_43,1498.120224,106328.4403,26.26312447,6040.518555,3852.800293,47.27362442,512.1309204,8.4041996,1.313156247,26.26312447,0.002970075,724.7183228,224.662674,0.001230558,93.36898804,186737.9844,69.0930481,0.000263725,9893.318359,26.88705826,44.03632355,87.42584991,143.1883392,108,070801030607
1662,F070801030607_48,4574.386696,223035.6268,55.08979797,12670.65332,14008.2334,99.16163635,1074.251099,17.62873459,2.754489899,55.08979797,0.00623006,1520.201416,471.2624512,0.002581274,26.7380352,53476.07031,19.78614616,7.55229E-05,26678.88672,26.88661766,56.61152649,640.3800659,1348.361938,108,070801030607
1663,F070801030607_50,1605.058356,160992.4878,39.76514435,9145.983398,7518.794434,71.57726288,775.4202881,12.72484589,1.98825717,39.76514435,0.004497007,1057.924316,327.956543,0.001796336,,,,,16664.77734,27.88779068,50.8139801,,,108,070801030607
1664,F070801030607_59,2837.710885,434875.0936,107.4141464,24705.25391,26612.92969,193.345459,2094.575928,34.37252808,5.370707512,107.4141464,0.012147376,2664.815674,826.0928345,0.004524807,95.03455353,190069.1094,70.32556915,0.00026843,51318.18359,29.906147,62.12157059,351.2983093,729.7229614,108,070801030607
1665,F070801030607_62,977.5412901,34258.05815,8.461740494,1946.200317,2399.918945,15.23113251,165.0039368,2.707756996,0.423087031,8.461740494,0.000956931,252.0184784,78.12572479,0.000427923,,,,,4346.119141,24.91113281,55.62981033,,,108,070801030607
1666,F070801030607_104,8488.104225,257719.6454,63.65675354,14641.05371,13903.90723,114.5821533,1241.306641,20.37016106,3.182837725,63.65675354,0.007198889,1663.558105,515.7030029,0.002824691,226.8722534,453744.5,167.8854675,0.000640812,28544.96094,28.39047623,55.35155106,87.20858002,170.0263977,108,070801030607
1667,F070801030607_106,5620.999034,199602.2577,49.30175781,11339.4043,12054.28125,88.74316406,961.3842773,15.77656269,2.465087891,49.30175781,0.005575495,1468.319946,455.1791687,0.00249318,192.392807,384785.5938,142.3706818,0.000543423,23393.68555,24.91195869,51.39445496,79.64704895,164.3153229,108,070801030607
1668,F070801030607_108,1490.489609,137629.6534,33.99452591,7818.740723,5541.10791,61.1901474,662.8932495,10.87824821,1.699726343,33.99452591,0.003844413,843.3588867,261.4412537,0.001432008,12.70324516,25406.49023,9.400401115,3.58809E-05,13359.84863,29.9063015,51.10076904,831.7454224,1421.199829,108,070801030607
1669,F070801030607_246,4650.19333,199327.4698,49.23388672,11323.79395,12358.69141,88.62099457,960.060791,15.75484371,2.461694241,49.23388672,0.005567819,1286.653198,398.8624878,0.002184713,98.8267746,197653.5469,73.13181305,0.000279141,23682.48438,28.39022064,59.37506104,154.8408813,323.8328552,108,070801030607
1670,F070801030607_273,1991.989285,98601.54386,24.35458183,5601.553711,3890.400879,43.83824921,474.9143372,7.793466091,1.217729092,24.35458183,0.002754239,687.3119507,213.0667114,0.001167043,105.6985321,211397.0625,78.21691132,0.000298551,9491.955078,26.29014015,44.54921722,71.6156311,121.3542557,108,070801030607
1671,F070801030607_274,965.8240567,51341.4335,12.6813345,2916.707031,2273.762939,22.82640266,247.286026,4.058027267,0.634066701,12.6813345,0.001434122,357.8763123,110.941658,0.000607667,58.33640671,116672.8125,43.1689415,0.000164774,5190.469727,26.29045868,46.78557968,67.56494141,120.2362061,108,070801030607
1672,F070801030607_285,13979.72952,449629.0644,111.0583801,25543.42773,23533.27148,199.9050903,2165.638428,35.53868103,5.552918911,111.0583801,0.0125595,2755.224854,854.1196899,0.004678321,66.7477951,133495.5938,49.39336777,0.000188532,49076.69922,29.9061451,57.4588089,517.1428833,993.5888672,108,070801030607
1673,F070801030607_288,7710.909718,299904.2596,74.07635498,17037.5625,13040.40039,133.3374329,1444.488892,23.70443344,3.703817844,74.07635498,0.008377234,2044.134888,633.6818237,0.003470903,287.2970276,574594.0625,212.5998077,0.000811484,30077.96289,26.88661957,47.46540451,80.13912201,141.4768982,108,070801030607
1674,F070801030607_289,1072.918625,59019.04462,14.57770443,3352.87207,3469.202148,26.23986816,284.2652283,4.664865494,0.728885233,14.57770443,0.00164858,402.2568054,124.6996078,0.000683025,48.89079666,97781.59375,36.17918777,0.000138094,6822.074219,26.88759041,54.70806503,92.67405701,188.5634918,108,070801030607
1675,F070801030607_306,1215.906524,73602.61099,18.17984581,4181.364746,4089.375,32.72372437,354.5069885,5.817550659,0.90899229,18.17984581,0.002055944,451.0277405,139.8186035,0.000765837,28.43049622,56860.99219,21.03856659,8.03033E-05,8270.740234,29.90563965,59.15335846,198.7476044,393.1228027,108,070801030607
1676,F070801030607_307,835.0294543,44509.56143,10.9938612,2528.588135,1791.999512,19.78894997,214.3802948,3.51803565,0.549693048,10.9938612,0.001243287,272.7297668,84.5462265,0.00046309,,,,,4320.587891,29.90775871,51.10326004,,,108,070801030607
1677,F070801030607_317,3666.414768,98803.39435,24.40443802,5613.020508,4534.833496,43.92798996,475.8865356,7.809420109,1.220221877,24.40443802,0.002759878,649.2624512,201.2713623,0.001102436,65.61345673,131226.9219,48.55395889,0.000185328,10147.85352,27.88782501,50.41876602,115.6037674,209.0015717,108,070801030607
1678,F070801030607_333,10012.31512,257953.0176,63.71439362,14654.31055,11423.99121,114.6859055,1242.430664,20.38860512,3.185719728,63.71439362,0.007205408,1758.217407,545.0474243,0.002985421,222.3011322,444602.2813,164.5028381,0.0006279,26078.30078,26.88630295,47.84592819,89.08242035,158.5279694,108,070801030607
1679,F070801030607_334,2695.248669,67329.30357,16.63033867,3824.977783,2493.885498,29.93461037,324.2915955,5.321708202,0.831516922,16.63033867,0.001880711,458.9129028,142.2630005,0.000779226,62.11949921,124239,45.96842957,0.00017546,6318.863281,26.88666534,44.41677094,83.20880127,137.4609375,108,070801030607
1680,F070801030607_336,2754.55263,60447.33461,14.93049145,3434.012939,2238.976807,26.87488556,291.1445923,4.777757168,0.746524572,14.93049145,0.001688477,412.0154114,127.7247772,0.000699595,59.91366959,119827.3438,44.33611679,0.000169229,5672.989746,26.88603592,44.41573334,77.45407867,127.9541397,108,070801030607
1681,F070801030607_372,3655.438643,461624.0559,114.0211411,26224.86328,24904.49805,205.2380524,2223.412354,36.48676682,5.701056957,114.0211411,0.012894556,2979.754395,923.723877,0.005059568,64.70542908,129410.8672,47.88201904,0.000182764,51129.35938,28.39037132,55.35134506,547.6975098,1067.81958,104,070801030607
1682,F070802060601_24,8506.789866,253576.7697,62.633461,14405.69629,17559.91797,112.7402267,1221.352539,20.04270744,3.131673098,62.633461,0.007083166,1553.849243,481.6932678,0.002638407,117.0836258,234167.2656,86.64188385,0.000330708,31965.61328,29.90636826,66.3609314,166.2671204,368.9395142,108,070802060601
1683,F070802060601_29,2389.233711,314383.6234,77.65275574,17860.13477,23542.76172,139.7749634,1514.22876,24.84888268,3.882637739,77.65275574,0.008781685,1926.478027,597.2081909,0.003271124,55.61806107,111236.125,41.15736389,0.000157096,41402.89844,29.90604401,69.32741547,433.9474792,1005.965759,108,070802060601
1684,F070802060601_30,2570.96273,302203.0725,74.64415741,17168.15625,22630.61523,134.3594818,1455.561035,23.88613129,3.732207775,74.64415741,0.008441445,1851.841064,574.0707397,0.003144392,59.0135231,118027.0469,43.6700058,0.000166687,39798.77344,29.90599442,69.32730103,393.1338196,911.3526001,108,070802060601
1685,F070802060601_36,2409.555044,319034.1852,78.80144501,18124.33203,23634.12695,141.8426056,1536.628174,25.21646309,3.940072298,78.80144501,0.00891159,2059.351074,638.3988037,0.00349674,105.4412308,210882.4531,78.02651215,0.000297824,41758.46094,28.39029694,65.41124725,232.2842712,535.1829834,108,070802060601
1686,F070802060601_37,2441.008416,366662.9268,90.56574249,20830.12109,27457.72266,163.0183411,1766.031982,28.98103714,4.528286934,90.56574249,0.010242004,2246.820068,696.5142212,0.003815059,23.93903923,47878.07813,17.71488953,6.7617E-05,48287.84375,29.90623856,69.3278656,1175.853882,2725.83374,108,070802060601
1687,F070802060601_38,3213.33045,458877.0053,113.3426208,26068.80273,33624.22266,204.0167236,2210.181152,36.26963806,5.667130947,113.3426208,0.012817822,2811.909912,871.6920776,0.004774571,31.13279533,62265.58984,23.03826904,8.79361E-05,59693.02344,29.90597725,68.47948456,1131.543457,2591.037598,108,070802060601
1688,F070802060601_41,3056.265677,562339.0729,138.8977509,31946.48242,42111.01953,250.0159454,2708.506104,44.44728088,6.944887638,138.8977509,0.01570783,3445.907959,1068.231445,0.005851088,120.2476959,240495.3906,88.98329163,0.000339645,74057.5,29.90595627,69.32720184,359.0166321,832.2630005,108,070802060601
1689,F070802060601_43,10167.28409,454155.2758,112.1763535,25800.56055,31084.06836,201.9174347,2187.438965,35.89643478,5.608817577,112.1763535,0.01268593,2782.964111,862.7188721,0.004725421,37.26356888,74527.14063,27.57504082,0.000105253,56884.62891,29.90610504,65.9364624,935.6490479,2062.902832,108,070802060601
1690,F070802060601_45,10551.40001,389147.0827,96.11933136,22107.44531,20994.38477,173.014801,1874.326904,30.75818634,4.805966377,96.11933136,0.010870055,2384.599609,739.2258911,0.004049006,299.5317383,599063.5,221.6534882,0.000846042,43101.82813,29.90620995,58.30670929,99.7387619,194.4559021,108,070802060601
1691,F070802060601_48,3486.987601,637364.5655,157.4290466,36208.67969,45676.46484,283.3722839,3069.866455,50.37729645,7.871452332,157.4290466,0.01780352,3905.631104,1210.745605,0.006631689,229.0417786,458083.5625,169.490921,0.00064694,81885.14063,29.90610123,67.63199615,213.6319733,483.124054,108,070802060601
1692,F070802060601_49,7190.525279,272956.4182,67.42023468,15506.6543,19341.51563,121.3564224,1314.69458,21.57447433,3.371011734,67.42023468,0.007624498,1672.629883,518.5152588,0.002840095,135.2242126,270448.4375,100.065918,0.000381947,34848.17188,29.90587807,67.20761108,154.964386,348.2521667,108,070802060601
1693,F070802060601_50,5356.820721,281728.9016,69.58703613,16005.01855,20643.68945,125.2566681,1356.947266,22.26785088,3.479351759,69.58703613,0.00786954,1726.365234,535.1732178,0.002931336,97.68048859,195360.9844,72.28356171,0.000275903,36648.70703,29.90624046,68.48008728,221.4198914,507.013031,108,070802060601
1694,F070802060601_53,3617.714434,330657.6453,81.67243958,18784.66016,24495.19141,147.0103912,1592.612549,26.13518143,4.083621979,81.67243958,0.009236268,2026.175049,628.1142578,0.003440408,72.9500885,145900.1719,53.98306656,0.000206051,43279.85156,29.90643883,68.90442657,347.9732056,801.7301636,108,070802060601
1695,F070802060601_54,2094.52251,235109.5983,58.07207108,13356.57617,17795.60742,104.5297241,1132.405396,18.58306313,2.903603554,58.07207108,0.006567322,1440.721191,446.6235657,0.002446318,29.37547874,58750.95703,21.737854,8.29725E-05,31152.18359,29.90566826,69.75042725,614.4385986,1433.084595,108,070802060601
1696,F070802060601_55,2416.616414,233230.4061,57.60791016,13249.81934,17465.56641,103.6942368,1123.354248,18.43453217,2.880395412,57.60791016,0.006514831,1429.18457,443.0472107,0.002426729,33.01028061,66020.5625,24.42760849,9.32391E-05,30715.38672,29.90611076,69.32756805,542.4116211,1257.404541,108,070802060601
1697,F070802060601_56,3681.243932,455362.3779,112.4745102,25869.13672,33733.35547,202.4541168,2193.25293,35.99184418,5.623725414,112.4745102,0.012719649,2992.33374,927.6234741,0.005080927,93.35643768,186712.875,69.08376312,0.00026369,59602.49219,27.88754082,64.25289154,374.4604492,862.756897,108,070802060601
1698,F070802060601_58,2739.705733,243940.9733,60.25342178,13858.28711,18267.63281,108.4561615,1174.941772,19.2810955,3.012670994,60.25342178,0.006814009,1574.620361,488.1323242,0.002673676,70.65573883,141311.4688,52.2852478,0.000199571,32125.91992,28.39043045,65.81395721,265.0515747,614.4356689,108,070802060601
1699,F070802060601_59,11169.0834,330377.7543,81.603302,18768.75977,23410.36133,146.8859406,1591.264404,26.11305618,4.080164909,81.603302,0.009228449,2024.463745,627.5837402,0.003437502,137.8913269,275782.6563,102.0395813,0.000389481,42179.12109,29.90638351,67.20875549,183.9360657,413.3603821,108,070802060601
1700,F070802060601_62,2292.751814,263715.9568,65.13784027,14981.70313,19536.14063,117.2481155,1270.187866,20.84410858,3.256891966,65.13784027,0.007366384,1924.865601,596.708313,0.003268386,57.27845383,114556.9063,42.38605499,0.000161786,34517.84375,25.1072464,57.84709549,353.458313,814.3679199,108,070802060601
1701,F070802060601_64,1406.70299,56788.55484,14.02677345,3226.157959,4161.183105,25.24819183,273.5220947,4.488567352,0.701338649,14.02677345,0.001586276,414.5153503,128.4997559,0.000703839,15.77052116,31541.04297,11.67018604,4.45446E-05,7387.34082,25.10633469,57.48914337,276.4444275,633.0097046,108,070802060601
1702,F070802060601_65,2556.297785,317836.7642,78.5056839,18056.30664,24057.28125,141.3102264,1530.86084,25.12181854,3.925284147,78.5056839,0.008878143,2051.618652,636.00177,0.00348361,69.7911377,139582.2656,51.64544296,0.000197128,42113.58594,28.39034081,66.21614838,349.6205139,815.4366455,108,070802060601
1703,F070802060601_68,3469.073152,599740.4274,148.1358795,34071.25391,44911.83594,266.6445923,2888.649658,47.40348053,7.406794071,148.1358795,0.016752563,4087.832764,1267.228149,0.006941064,148.08461,296169.2188,109.5826111,0.000418272,78983.09375,26.88644028,62.32744598,310.9184265,720.7630005,108,070802060601
1704,F070802060601_70,5391.226238,926937.8908,228.9536591,52659.33984,68667.78125,412.1165771,4464.596191,73.26516724,11.44768333,228.9536591,0.025892178,5680.048828,1760.815186,0.009644618,155.49617,310992.3438,115.0671692,0.000439206,121327.125,29.90622711,68.90395355,457.6400146,1054.402588,108,070802060601
1705,F070802060601_75,4255.674525,143404.0968,35.4208107,8146.786621,9699.635742,63.75745773,690.7058105,11.33465958,1.771040559,35.4208107,0.00400571,878.7581787,272.4150391,0.001492115,85.82398224,171647.9688,63.50974655,0.000242414,17846.42188,29.90578842,65.51187897,128.2761688,281.0028687,108,070802060601
1706,F070802060601_77,6856.457852,1038025.047,256.3921814,58970.20313,76897.14063,461.5059204,4999.647461,82.04550171,12.81960869,256.3921814,0.028995179,6360.793945,1971.846069,0.01080051,163.4045715,326809.1563,120.9193802,0.000461544,135867.3438,29.90608788,68.90362549,487.6819763,1123.619263,108,070802060601
1707,F070802060601_78,6295.790436,1176548.05,290.6073608,66839.69531,89053.72656,523.0932617,5666.84375,92.99435425,14.53036785,290.6073608,0.032864545,7209.634277,2234.986572,0.012241825,161.2171936,322434.4063,119.3007202,0.000455366,155893.4219,29.90608406,69.75138855,560.2622681,1306.726563,108,070802060601
1708,F070802060601_88,3969.930276,704046.0775,173.8993835,39996.85938,51588.99219,313.0188904,3391.038086,55.64780426,8.694969177,173.8993835,0.019666137,4314.246094,1337.41626,0.00732551,180.3022461,360604.5,133.4236603,0.000509272,91585.85156,29.90606689,68.47969055,299.7733765,686.428894,108,070802060601
1709,F070802060601_91,3191.365334,504601.7844,124.6366425,28666.42773,36568.39063,224.3459625,2430.414551,39.88372421,6.231832027,124.6366425,0.014095054,3315.924561,1027.936646,0.005630379,151.2404175,302480.8438,111.9179077,0.000427186,65234.82031,27.88734818,63.46190643,256.1380005,582.8809814,108,070802060601
1710,F070802060601_93,5232.9312,707269.8578,174.6956482,40180,53533.73828,314.452179,3406.565186,55.90260696,8.734782219,174.6956482,0.019756185,4334.006836,1343.542114,0.007359063,158.4073334,316814.6563,117.2214279,0.000447429,93713.73438,29.90602112,69.75124359,342.7700806,799.4590454,108,070802060601
1711,F070802060601_97,2604.595131,359908.7783,88.89746857,20446.41797,26372.32031,160.0154419,1733.50061,28.44718933,4.444873333,88.89746857,0.01005334,2205.426025,683.6820679,0.003744772,70.87346649,141746.9219,52.44636536,0.000200186,46818.73828,29.90632439,68.48027802,389.8538513,892.6975098,108,070802060601
1712,F070802060601_102,4216.389398,602905.7237,148.9177094,34251.07422,42236.03906,268.0518799,2903.895264,47.65366745,7.445885658,148.9177094,0.016840979,3694.487549,1145.291138,0.006273171,199.8360443,399672.0938,147.8786774,0.000564447,76487.10938,29.90599823,66.78398895,231.6160431,517.2287598,108,070802060601
1713,F070802060601_114,5649.786407,579389.9866,143.1093292,32915.14453,40122.13281,257.5968018,2790.631836,45.79498672,7.155466557,143.1093292,0.016184114,3550.368408,1100.614258,0.00602846,147.6923676,295384.75,109.2923508,0.000417164,73037.28125,29.90615845,66.36047363,301.1660461,668.2744141,108,070802060601
1714,F070802060601_116,4002.078042,585756.4174,144.681839,33276.82422,41506.32422,260.4273071,2821.295898,46.29818726,7.234091759,144.681839,0.016361948,3589.397461,1112.713257,0.00609473,41.62121201,83242.42969,30.79969597,0.000117561,74783.14844,29.90601921,67.20792389,1080.427002,2428.04834,108,070802060601
1715,F070802060601_117,2381.657965,298669.8341,73.77144623,16967.43359,22125.53516,132.7886047,1438.543213,23.60686302,3.688572407,73.77144623,0.008342751,1830.188599,567.3584595,0.003107626,94.38520813,188770.4219,69.84505463,0.000266596,39092.96875,29.90602112,68.9034729,242.9296417,559.7098999,108,070802060601
1716,F070802060601_118,5039.087641,248673.4869,61.42235184,14127.14063,18221.55273,110.5602341,1197.73584,19.65515327,3.07111764,61.42235184,0.006946202,1523.823608,472.3853149,0.002587424,102.5558167,205111.6406,75.89130402,0.000289674,32348.69336,29.90596962,68.47946167,186.1496582,426.2503357,108,070802060601
1717,F070802060601_126,4670.29081,914510.7251,225.8841553,51953.35547,68483.55469,406.5914917,4404.741211,72.28292847,11.29420757,225.8841553,0.025545051,5903.102539,1829.961792,0.010023358,256.2337952,512467.5625,189.6130066,0.000723745,120436.9063,28.39040375,65.81388855,273.9967957,635.1721802,108,070802060601
1718,F070802060601_133,5335.170205,611478.2351,151.0351257,34738.07813,45298.46094,271.8632202,2945.185059,48.33124161,7.551756382,151.0351257,0.017080436,3747.006592,1161.572021,0.006362347,110.6528397,221305.6719,81.88310242,0.000312544,80036.53906,29.90608978,68.90364075,424.2398987,977.4487915,108,070802060601
1719,F070802060601_135,2220.710296,304663.0249,75.25177002,17307.90625,22324.1875,135.453186,1467.409546,24.08056641,3.762588501,75.25177002,0.00851016,1866.923584,578.7463379,0.003170002,113.0761108,226152.2188,83.67632294,0.000319389,39632.09375,29.90585899,68.4792099,206.8435364,473.6357117,108,070802060601
1720,F070802060601_138,1277.477805,96656.88222,23.87425041,5491.077637,7238.197754,42.97365189,465.5478821,7.639760017,1.193712473,23.87425041,0.002699919,592.3106689,183.6163025,0.001005732,12.60879135,25217.58203,9.330505371,3.56141E-05,12729.27539,29.90517426,69.32540894,588.5080566,1364.264282,108,070802060601
1721,F070802060601_140,4085.795983,175889.6928,43.44475555,9992.293945,12746.69336,78.20056152,847.1727295,13.90232182,2.172237873,43.44475555,0.004913131,1077.764648,334.1070557,0.001830025,,,,,22738.98828,29.90746117,68.05899048,,,108,070802060601
1722,F070802060601_151,2039.803311,171311.8861,42.31403732,9732.228516,12966.71094,76.16526794,825.1237183,13.54049206,2.115701914,42.31403732,0.004785259,1049.781738,325.4323425,0.00178251,28.29412079,56588.24219,20.93764877,7.99181E-05,22698.93945,29.90553474,69.75010681,464.8195496,1084.120728,108,070802060601
1723,F070802060601_153,1708.371134,149291.0692,36.87489319,8481.225586,10819.09375,66.37480927,719.0604248,11.79996586,1.843744636,36.87489319,0.004170151,914.8441162,283.6016846,0.001553388,37.30564499,74611.28906,27.60617638,0.000105372,19300.32031,29.90541267,68.05432129,307.2220459,699.1304932,108,070802060601
1724,F070802060601_162,2858.889044,385737.4442,95.27714539,21913.74414,28264.91992,171.4988556,1857.904297,30.48868561,4.763857365,95.27714539,0.010774813,2363.737305,732.7585449,0.004013582,60.74035645,121480.7109,44.94786453,0.000171564,50178.66406,29.90581894,68.47912598,487.5369263,1116.374878,108,070802060601
1725,F070802060601_167,2442.648131,337143.6101,83.2744751,19153.12891,24975.67969,149.8940582,1623.852295,26.64783287,4.163723946,83.2744751,0.009417441,2065.947266,640.4436646,0.00350794,62.02443314,124048.8672,45.89807892,0.000175191,44128.80859,29.90603256,68.90349579,417.2969666,961.4522095,108,070802060601
1726,F070802060601_168,2416.511637,325379.7013,80.36878967,18484.82227,24104.20703,144.6638184,1567.191406,25.71801186,4.018439293,80.36878967,0.009088839,2217.793213,687.5158691,0.003765772,37.63555527,75271.10938,27.85031128,0.000106303,42589.03125,26.8863945,61.94625092,663.72052,1529.212036,108,070802060601
1727,F070802060601_172,4367.747868,348100.1037,85.98072815,19775.56836,25787.33398,154.7653046,1676.624146,27.51383209,4.299036503,85.98072815,0.009723489,2133.060059,661.2485962,0.003621896,142.263504,284527.0313,105.2749939,0.00040183,45562.90234,29.9064045,68.90434265,187.8467712,432.7989197,108,070802060601
1728,F070802060601_175,5467.361329,258909.3881,63.95061874,14708.64258,18554.63281,115.1111145,1247.037109,20.46419716,3.197530985,63.95061874,0.007232122,1671.246216,518.0863037,0.002837745,125.6123886,251224.7813,92.95317078,0.000354798,33263.27344,28.39033318,64.20411682,158.2371216,357.8497925,108,070802060601
1729,F070802060601_176,2403.208466,301054.3276,74.36042023,17102.89648,25054.00586,133.8487549,1450.028198,23.79533386,3.718020916,74.36042023,0.008409358,2098.557617,650.5528564,0.003563312,88.83926392,177678.5313,65.74105835,0.000250931,42156.90234,26.28978729,64.80165863,260.1554871,641.2568359,108,070802060601
1730,F070802060601_181,8377.647393,250034.1625,61.75843811,14204.44043,18119.92383,111.1651917,1204.289551,19.76270103,3.087921858,61.75843811,0.00698421,1532.146973,474.9655762,0.002601557,87.28131104,174562.625,64.58817291,0.00024653,32324.36328,29.90625191,68.05622101,219.9232483,500.4687805,108,070802060601
1731,F070802060601_184,3471.896088,142940.8622,35.30639267,8120.470215,10473.99414,63.55150604,688.4746704,11.29804611,1.765319586,35.30639267,0.00399277,875.9125977,271.5328979,0.001487283,50.27267456,100545.3516,37.20177841,0.000141998,18594.46484,29.90602684,68.479599,218.2817688,499.827301,108,070802060601
1732,F070802060601_186,6344.018067,283578.6907,70.04393768,16110.10547,20550.89063,126.0790863,1365.856812,22.41406059,3.502196789,70.04393768,0.00792121,1737.703735,538.6881714,0.002950589,89.12646484,178252.9219,65.95358276,0.000251742,36660.99609,29.90617943,68.05606079,244.2642975,555.8605957,108,070802060601
1733,F070802060601_187,1590.531412,157988.0698,39.02305222,8975.301758,12085.43945,70.24149323,760.9495239,12.48737717,1.951152563,39.02305222,0.004413085,968.1160278,300.1159668,0.001643843,35.65498734,71309.97656,26.38469124,0.000100709,21060.74219,29.90611267,70.17534637,340.1708069,798.2182617,108,070802060601
1734,F070802060601_189,1582.535097,152750.1796,37.72929382,8677.737305,11069.77441,67.91272736,735.7212524,12.07337379,1.886464715,37.72929382,0.004266774,936.0045776,290.1614075,0.001589318,45.82777405,91655.54688,33.91255188,0.000129443,19747.51172,29.9065876,68.05699158,255.8857117,582.3068848,108,070802060601
1735,F070802060601_190,4339.519327,147929.4101,36.53856277,8403.869141,10601.2998,65.76940918,712.5019531,11.6923399,1.826928139,36.53856277,0.004132116,906.4853516,281.0104675,0.001539195,56.11504745,112230.0938,41.52513504,0.0001585,19005.16797,29.90589333,67.63153076,202.3802948,457.6786499,108,070802060601
1736,F070802060601_191,2248.662907,240619.7795,59.4330864,13669.61035,18793.93164,106.9795532,1158.94519,19.01858711,2.971654415,59.4330864,0.006721238,1474.443481,457.0774841,0.002503578,41.86541367,83730.82813,30.98040581,0.000118251,32463.54297,29.90654945,71.02415466,441.2340698,1047.873413,108,070802060601
1737,F070802060601_195,1590.956902,157192.0213,38.82642746,8930.078125,11518.24805,69.88757324,757.1153564,12.4244566,1.941321373,38.82642746,0.004390848,1071.409912,332.137085,0.001819234,34.61692047,69233.83594,25.61652184,9.77772E-05,20448.32617,26.88672447,61.56592178,348.6062012,798.2475586,108,070802060601
1738,F070802060601_196,4079.349449,134760.6246,33.28587341,7655.750977,9657.564453,59.91457367,649.0745239,10.65147972,1.664293647,33.28587341,0.003764272,939.3579712,291.2009583,0.001595012,73.23394012,146467.8906,54.19311523,0.000206853,17313.31641,26.29026794,59.45487595,141.2679596,319.4744568,108,070802060601
1739,F070802060601_199,4161.751588,211975.031,52.35783386,12042.30176,15873.84766,94.24410248,1020.977783,16.75450706,2.617891788,52.35783386,0.005921104,1298.914185,402.6633911,0.002205532,14.34706783,28694.13477,10.61682987,4.0524E-05,27916.14844,29.90662193,69.32875061,1134.265259,2629.424072,108,070802060601
1740,F070802060601_200,1576.687333,119991.7555,29.63796425,6816.731934,8985.637695,53.34833527,577.9403076,9.484148979,1.481898189,29.63796425,0.003351733,735.291626,227.9403992,0.001248511,8.411625862,16823.25195,6.224603176,2.3759E-05,15802.36914,29.90576553,69.32675934,1095.127197,2538.695068,108,070802060601
1741,F070802060601_208,1845.795105,211762.4905,52.305336,12030.22754,15857.93359,94.1496048,1019.954041,16.73770714,2.6152668,52.305336,0.005915167,1297.650635,402.271698,0.002203387,31.01656342,62033.125,22.95225716,8.76078E-05,27888.16016,29.90572739,69.32667542,524.1413574,1215.050903,108,070802060601
1742,F070802060601_211,4221.182466,251903.4153,62.22014236,14310.63281,18514.09375,111.996254,1213.292725,19.91044617,3.111007214,62.22014236,0.007036424,1543.597778,478.5153198,0.002621,54.10995483,108219.9063,40.04136658,0.000152836,32824.72656,29.90632057,68.59702301,357.3962097,819.7703857,108,070802060601
1743,F070802060601_220,3749.92007,410735.5292,101.4516754,23333.88477,30096.66992,182.6130219,1978.307617,32.46453476,5.072583675,101.4516754,0.011473086,2516.877197,780.2319336,0.004273611,106.416748,212833.5,78.7483902,0.000300579,53430.55469,29.90634346,68.48034668,296.3093567,678.4971313,108,070802060601
1744,F070802060601_235,2366.999821,310889.9617,76.78981781,17661.6582,22780.46875,138.2216797,1497.401489,24.57274246,3.839490891,76.78981781,0.008684097,1905.081909,590.5753784,0.003234794,101.5515594,203103.125,75.14815521,0.000286837,40442.125,29.90584946,68.47919464,235.0245056,538.1652222,108,070802060601
1745,F070802060601_236,3412.931071,617654.0429,152.5605469,35088.92578,46253.30469,274.6089783,2974.930664,48.81937408,7.628027439,152.5605469,0.017252944,3986.922852,1235.946045,0.006769721,220.7610474,441522.0938,163.3631744,0.00062355,81342.23438,28.39033699,65.81374359,214.7909088,497.922699,108,070802060601
1746,F070802060601_240,2886.895725,294439.6967,72.72660828,16727.11914,21575.07031,130.9078979,1418.168823,23.27251434,3.636330366,72.72660828,0.008224592,1804.281006,559.3270874,0.003063636,61.47177124,122943.5391,45.48910904,0.00017363,38302.1875,29.90579224,68.47904968,367.7170105,842.0078735,108,070802060601
1747,F070802060601_241,2310.596783,301229.3374,74.40364838,17112.83984,22557.69727,133.9265747,1450.871094,23.80916786,3.720182419,74.40364838,0.008414246,1845.858154,572.2160034,0.003134233,50.02165222,100043.3047,37.01602173,0.000141289,39670.53906,29.90625954,69.32791138,462.3089905,1071.712646,108,070802060601
1748,F070802060601_242,3209.92179,482544.5077,119.1884918,27413.35352,34192.79297,214.5392914,2324.175537,38.14031601,5.959424496,119.1884918,0.013478927,2956.941406,916.6518555,0.005020832,192.0859833,384171.9688,142.143631,0.000542556,61606.14844,29.90596008,67.20779419,192.85672,433.4077148,108,070802060601
1749,F070802060601_249,4165.950008,580211.7079,143.3122864,32961.82422,42982.22266,257.9621277,2794.5896,45.85993195,7.165614128,143.3122864,0.016207067,3555.396484,1102.172852,0.006036997,122.6975708,245395.1406,90.79620361,0.000346565,75944.04688,29.90621948,68.90393829,363.0308533,836.4231567,108,070802060601
1750,F070802060601_252,3058.026861,281239.0959,69.46605682,15977.19336,20834.25977,125.0389023,1354.588135,22.22913742,3.473302841,69.46605682,0.007855859,1723.371582,534.2451782,0.002926253,19.94737244,39894.74609,14.76105595,5.63423E-05,36811.45313,29.90610695,68.90367126,1082.388184,2493.82251,108,070802060601
1751,F070802060601_256,2780.72549,314098.2426,77.58226776,17843.92188,23015.55469,139.6480865,1512.854248,24.82632637,3.879113436,77.58226776,0.008773714,1924.720703,596.6633911,0.00326814,81.05570984,162111.4219,59.98122406,0.000228946,40859.47656,29.90617943,68.47994232,297.4917908,681.2044678,108,070802060601
1752,F070802060601_259,3372.931051,614335.4367,151.74086,34900.39844,45510.11719,273.1335449,2958.946777,48.5570755,7.587042809,151.74086,0.017160248,3764.494141,1166.993164,0.006392041,108.0795212,216159.0469,79.97884369,0.000305276,80410.51563,29.90625763,68.90401459,436.3703918,1005.397339,108,070802060601
1753,F070802060601_262,3468.803605,627746.4264,155.05336,35662.27344,45998.12891,279.0960388,3023.540527,49.61707687,7.752667904,155.05336,0.017534856,3846.684326,1192.472168,0.006531599,128.0309448,256061.875,94.74289703,0.00036163,81660.40625,29.90616798,68.47992706,376.4110413,861.9158936,108,070802060601
1754,F070802060601_263,1567.948623,139200.334,34.38248062,7907.970703,10536.16699,61.88846588,670.458374,11.00239372,1.719124079,34.38248062,0.003888286,853.0050659,264.4315796,0.001448387,21.66372681,43327.45313,16.03115845,6.11902E-05,18444.13672,29.90554619,69.7501297,493.2875366,1150.518066,108,070802060601
1755,F070802060601_266,1738.294754,170045.5294,42.00124741,9660.287109,12597.0127,75.60224915,819.024353,13.44039917,2.10006237,42.00124741,0.004749886,1041.980957,323.0140991,0.001769264,27.30249786,54604.99609,20.20384789,7.71172E-05,22257.30078,29.90670395,68.90504456,478.1409607,1101.636719,108,070802060601
1756,F070802060601_291,2735.542387,455778.5393,112.577301,25892.7793,34131.18359,202.6391449,2195.257324,36.0247345,5.628865242,112.577301,0.012731273,2792.9104,865.8022461,0.00474231,27.34733963,54694.67969,20.23703194,7.72439E-05,60023.96094,29.90611267,69.32756805,1279.475098,2966.045654,108,070802060601
1757,F070802060601_310,2667.019853,313076.081,77.32978821,17785.85156,23192.74805,139.1936188,1507.930908,24.74553299,3.86648941,77.32978821,0.008745161,1918.453003,594.720459,0.003257498,110.9268265,221853.6563,82.08585358,0.000313318,40978.60156,29.90623856,68.90396881,216.6737671,499.2163696,108,070802060601
1758,F070802060601_312,2618.087545,325630.0252,80.43061829,18499.04297,24909.35938,144.775116,1568.397095,25.73779869,4.021531105,80.43061829,0.009095832,1995.36731,618.5638428,0.003388097,82.32351685,164647.0313,60.91940308,0.000232527,43408.40234,29.90644073,70.17610931,303.6642151,712.5546265,108,070802060601
1759,F070802060601_313,4524.187385,421860.9427,104.1996536,23965.91992,30232.48438,187.5593719,2031.893188,33.34388733,5.209982872,104.1996536,0.011783852,2585.064697,801.3700562,0.004389392,166.2685699,332537.1563,123.0387421,0.000469634,54198.40625,29.90618324,67.63217926,194.7835236,440.4986877,108,070802060601
1760,F070802060601_320,1687.535943,106221.5516,26.23672295,6034.446289,7184.662109,47.22610092,511.6160889,8.395750999,1.311836123,26.23672295,0.002967089,650.9046631,201.7804413,0.001105224,10.75958633,21519.17383,7.96209383,3.0391E-05,13219.1084,29.90600204,65.51233673,757.8969116,1660.255249,108,070802060601
1761,F070802060601_325,2356.890688,341011.6259,84.22987366,19372.87109,24163.86328,151.6137695,1642.482544,26.95355988,4.211493492,84.22987366,0.009525486,2089.651367,647.7919312,0.003548189,137.2799835,274559.9688,101.5871887,0.000387754,43536.73438,29.90600777,67.207901,190.7019043,428.5652161,108,070802060601
1762,F070802060601_334,6163.592438,208727.6433,51.55572891,11857.81738,14790.30762,92.80030823,1005.336731,16.49783325,2.577786446,51.55572891,0.005830395,1279.049072,396.5052185,0.002171802,108.9347229,217869.4531,80.61169434,0.000307691,26648.125,29.90582848,67.20750427,147.0979767,330.5739441,108,070802060601
1763,F070802060601_343,8607.030488,276270.7215,68.23886871,15694.93945,14014.89746,122.8299637,1330.657959,21.83643723,3.411943436,68.23886871,0.007717077,1692.912964,524.8030396,0.002874535,212.0469971,424094,156.9147797,0.000598937,29709.83594,29.90634346,56.6114006,100.0220566,189.3374023,108,070802060601
1764,F070802060601_347,2238.062748,268147.2362,66.23236847,15233.44434,19648.49414,119.2182617,1291.531128,21.19435883,3.311618328,66.23236847,0.007490163,1643.140259,509.3734741,0.002790022,94.21846008,188436.9219,69.7216568,0.000266125,34881.9375,29.90623856,68.48007965,218.4894257,500.3027649,108,070802060601
1765,F070802060601_355,2406.331671,91744.79406,22.66096497,5212.021973,6870.350586,40.7897377,441.8888245,7.251508713,1.133048296,22.66096497,0.00256271,562.2076416,174.2843628,0.000954618,17.07012177,34140.24219,12.6318903,4.82154E-05,12082.37305,29.90527534,69.32563019,412.6082458,956.4976196,108,070802060601
1766,F070802060601_357,1244.547406,64694.41015,15.97951889,3675.289307,4688.390625,28.763134,311.6006165,5.113446236,0.798975945,15.97951889,0.001807111,396.4176331,122.8894653,0.00067311,9.880931854,19761.86523,7.311889648,2.79092E-05,8363.679688,29.90727806,68.0585556,502.6456299,1143.846558,108,070802060601
1767,F070802060601_361,1956.48591,56907.3259,14.05610943,3232.905273,4169.887207,25.30099678,274.0941467,4.497954845,0.702805459,14.05610943,0.001589594,348.713562,108.1012039,0.000592109,28.42463493,56849.26953,21.03422928,8.02868E-05,7402.79248,29.90628433,68.48020172,153.6973419,351.9402771,108,070802060601
1768,F070802060601_363,2279.429946,264375.4205,65.30072784,15019.16699,20010.75781,117.5413132,1273.364136,20.8962326,3.265036345,65.30072784,0.007384805,1801.991455,558.6173706,0.003059748,52.78041458,105560.8281,39.05750656,0.000149081,35029.92578,26.88632202,62.7082634,384.5398254,896.8807373,108,070802060601
1769,F070802060601_370,2421.755699,201170.7033,49.68916321,11428.50781,14902.77344,89.44049072,968.9386597,15.90053177,2.484458208,49.68916321,0.005619306,1232.740967,382.1496887,0.002093171,67.94023895,135880.4688,50.27577591,0.0001919,26331.28125,29.90584183,68.90305328,227.316391,523.7369385,108,070802060601
1770,F070802060601_410,2359.361583,111848.4241,27.62656021,6354.108887,8555.947266,49.72780991,538.7178955,8.840498924,1.381327987,27.62656021,0.003124265,685.3782959,212.4672699,0.00116376,16.80726051,33614.52344,12.43737316,4.74729E-05,14910.05664,29.90629578,70.17578125,510.8883362,1198.810791,108,070802060601
1771,F070802060601_415,1574.98529,137822.9766,34.04227448,7829.723145,9877.026367,61.27609253,663.8243408,10.89352798,1.702113748,34.04227448,0.003849813,844.5606079,261.8137817,0.001434048,36.27577591,72551.54688,26.84407425,0.000102463,17706.75,29.90569496,67.63108826,291.6741638,659.6148682,108,070802060601
1772,F070802060601_425,3155.101075,422960.0547,104.4711304,24028.35938,30311.25,188.0480347,2037.187012,33.43076324,5.223556519,104.4711304,0.011814553,2882.879639,893.692688,0.004895076,141.0289307,282057.875,104.361412,0.000398343,54339.60938,26.8866024,60.80346298,230.241806,520.6867676,108,070802060601
1773,F070802060601_426,5547.461774,194684.4447,48.08705902,11060.02344,13168.16016,86.55670929,937.6976318,15.38785934,2.404352903,48.08705902,0.005438125,1404.555054,435.4120789,0.002384908,76.91983032,153839.6563,56.92067337,0.000217264,24228.18359,25.40127754,55.64426041,194.3059082,425.6482239,108,070802060601
1774,F070802060601_431,2549.241774,81798.05251,20.20411873,4646.947266,3490.867676,36.36741257,393.9803162,6.465318203,1.010205984,20.20411873,0.002284867,501.2203979,155.3783264,0.000851063,10.68260193,21365.20508,7.905125618,3.01735E-05,8137.814941,29.90730667,52.3741951,587.8397827,1029.435303,108,070802060601
1775,F070802060601_435,1395.268886,114773.0259,28.34893799,6520.255859,8502.414063,51.02808762,552.8043213,9.071660042,1.417446852,28.34893799,0.003205958,800.0310059,248.009613,0.001358438,36.13450241,72269.00781,26.73953247,0.000102064,15022.66992,26.2903347,60.5729332,243.8433075,561.8150024,108,070802060601
1776,F070802060601_436,2452.543502,149808.3178,37.00265503,8510.610352,11218.46289,66.6047821,721.5517578,11.84084988,1.850132704,37.00265503,0.0041846,918.0062866,284.5819397,0.001558758,51.35315704,102706.3203,38.00133514,0.000145049,19729.07422,29.90565872,69.3265152,223.9555664,519.1679077,108,070802060601
1777,F070802060601_439,2261.012403,60807.02827,15.01933575,3454.447266,4455.637695,27.0348053,292.8770447,4.80618763,0.750966787,15.01933575,0.001698524,372.5851135,115.5013885,0.000632643,23.92640114,47852.80469,17.70553589,6.75813E-05,7910.084961,29.9082756,68.4847641,195.105484,446.7577209,108,070802060601
1778,F070802060601_446,1587.533414,146927.5503,36.29110336,8346.954102,11712.5918,65.32398987,707.6765137,11.61315346,1.814555168,36.29110336,0.00410413,900.3429565,279.1063232,0.001528766,21.02952003,42059.03906,15.56184483,5.93989E-05,20059.54688,29.90600204,71.87062836,536.3730469,1289.021118,108,070802060601
1779,F070802060602_7,2370.306567,279809.0348,69.11283112,15895.95117,20277.70508,124.4030991,1347.700195,22.11610603,3.455641508,69.11283112,0.007815912,1714.608276,531.5285645,0.002911373,75.29704285,150594.0938,55.71981049,0.00021268,36173.65625,29.90610886,68.05590057,285.2836609,649.2063599,108,070802060602
1780,F070802060602_30,3529.459807,477929.8634,118.0486755,27151.19531,35405.16016,212.4876099,2301.949219,37.77557755,5.902433872,118.0486755,0.013350027,2928.624023,907.8734741,0.004972749,117.419548,234839.0938,86.89046478,0.000331657,62556.35547,29.90636444,68.90426636,312.4761353,719.9450073,108,070802060602
1781,F070802060602_72,3759.596881,111467.7137,27.53252602,6332.480957,7898.530273,49.55854797,536.8842773,8.810408592,1.376626253,27.53252602,0.00311363,683.0560303,211.7473755,0.001159817,,,,,14231.01172,29.90583038,67.20749664,,,108,070802060602
1782,F070802060602_83,5228.617914,735485.2108,181.6648407,41782.91406,55077.14453,326.9967041,3542.464355,58.13274765,9.083242416,181.6648407,0.020544326,4506.893555,1397.136963,0.007652622,147.2313538,294462.6875,108.9512024,0.000415862,96860.0625,29.90609741,69.32753754,383.5011597,889.0223999,108,070802060602
1783,F070802060602_103,3511.894988,636213.838,157.1448212,36143.30859,47130.875,282.8606873,3064.323975,50.28634262,7.857241154,157.1448212,0.017771376,3898.570801,1208.557007,0.006619701,156.4945679,312989.125,115.8059769,0.000442026,83274.1875,29.90616798,68.90381622,312.1022644,719.0836792,108,070802060602
1784,F070802060602_105,2350.489111,308423.8232,76.18068695,17521.55859,23593.1582,137.1252441,1485.523438,24.37781906,3.809034348,76.18068695,0.008615211,1889.972778,585.8915405,0.003209139,47.68021393,95360.42969,35.28335953,0.000134675,41114.71875,29.90580559,70.17462158,496.59552,1165.272217,108,070802060602
1785,F070802060602_107,3202.85027,640183.1919,158.1252441,36368.80469,45878.45703,284.6254272,3083.442383,50.60007858,7.906262398,158.1252441,0.017882252,3922.886963,1216.094971,0.006660989,264.8138733,529627.75,195.962265,0.00074798,82247.26563,29.90622139,67.63227081,185.5908508,419.7097168,108,070802060602
1786,F070802060602_108,3314.777704,605198.5863,149.4840546,34381.33203,44345.94141,269.0712891,2914.938965,47.83489609,7.474202633,149.4840546,0.016905027,4417.322266,1369.369873,0.007500531,122.2731781,244546.3438,90.48215485,0.000345367,78727.27344,25.10741043,57.49160767,379.9791565,870.0861816,108,070802060602
1787,F070802060602_114,2117.506109,172565.5488,42.62369156,9803.449219,12783.69727,76.72264099,831.1619873,13.63958168,2.131184578,42.62369156,0.004820278,1057.41333,327.7981262,0.001795468,11.14776039,22295.52148,8.249342918,3.14874E-05,22587.14648,29.90697098,68.90566254,1188.391479,2738.053955,108,070802060602
1788,F070802060602_120,12439.03298,434325.4334,107.2783813,24674.02734,22032.83594,193.1010895,2091.928467,34.32908249,5.363919258,107.2783813,0.012132023,2661.433105,825.0442505,0.004519064,428.8521423,857704.25,317.3505859,0.001211314,46706.86328,29.90630722,56.61134338,77.75006104,147.1774902,108,070802060602
1789,F070802060602_121,3297.254732,96909.46484,23.93663788,5505.426758,5306.272949,43.08594894,466.7644348,7.659724236,1.196831942,23.93663788,0.002706975,593.8319702,184.0879059,0.001008316,96.9928894,193985.7813,71.7747345,0.000273961,10811.69922,29.9065094,58.73117447,76.70424652,150.6337738,108,070802060602
1790,F070802060602_124,4334.6957,961684.8682,237.5361633,54633.31641,72016.21094,427.565094,4631.955078,76.01157379,11.87680817,237.5361633,0.026862767,6703.583496,2078.11084,0.01138256,187.0154877,374030.9688,138.3914642,0.000528234,126649.5313,26.28989601,60.94454956,394.7737427,915.1542358,108,070802060602
1791,F070802060602_125,2655.911833,403033.9502,99.54938507,22896.35938,30505.91406,179.1888885,1941.213013,31.85580254,4.977469444,99.54938507,0.011257957,2469.688721,765.6035156,0.004193486,67.38465118,134769.3125,49.8646431,0.000190331,53402.27344,29.90628815,69.7518692,459.1702271,1070.944702,108,070802060602
1792,F070802060602_130,6850.512528,233204.7859,57.60158157,13248.36328,16336.95801,103.6828461,1123.230835,18.43250656,2.880079031,57.60158157,0.006514115,1429.027466,442.9985046,0.002426462,23.02856064,46057.12109,17.04113579,6.50453E-05,29585.32031,29.90611267,66.78424072,777.4342651,1736.111938,108,070802060602
1793,F070802060602_133,5612.781406,182491.7037,45.0754509,10367.35352,13372.08301,81.13581085,878.9713135,14.42414474,2.253772497,45.0754509,0.005097545,1118.251831,346.6580811,0.001898771,11.26576519,22531.5293,8.336666107,3.18207E-05,23739.4375,29.90656853,68.48084259,1243.585083,2847.59375,108,070802060602
1794,F070802060602_134,2191.873344,260020.4241,64.22504425,14771.75977,19681.12305,115.6050797,1252.388306,20.5520134,3.211252213,64.22504425,0.007263157,1593.325439,493.9308777,0.002705437,55.74110031,111482.2031,41.24841309,0.000157443,34452.88281,29.90653229,69.75244141,358.1170349,835.25354,108,070802060602
1795,F070802060602_137,5458.321319,151250.7835,37.35894394,8592.556641,9499.631836,67.24610138,728.4993896,11.95486164,1.867947221,37.35894394,0.004224892,926.8483276,287.3229675,0.001573771,131.6234741,263246.9375,97.40136719,0.000371777,18092.1875,29.90556908,62.96812057,88.21803284,185.7488098,108,070802060602
1796,F070802060602_177,5614.99527,285202.5796,70.44503784,16202.3584,20668.57227,126.8010712,1373.678223,22.5424118,3.522251844,70.44503784,0.007966571,1747.667358,541.7768555,0.002967507,18.43562126,36871.24219,13.64235973,5.20723E-05,36870.92969,29.90596199,68.05556488,1187.650757,2702.679688,108,070802060602
1797,F070802060602_181,13443.78876,533919.5737,131.8781281,30331.96875,36543.42969,237.3806305,2571.623535,42.20100021,6.593906403,131.8781281,0.014913987,3271.741455,1014.239868,0.005555356,197.2470093,394494,145.9627838,0.000557134,66875.39844,29.90610886,65.93647003,207.8061829,458.16745,108,070802060602
1798,F070802060602_183,3030.505029,457271.9591,112.9461746,25977.62109,33506.61328,203.3031158,2202.450439,36.14277649,5.647308826,112.9461746,0.012772989,2951.667725,915.0169678,0.005011877,124.6894608,249378.9219,92.27020264,0.000352191,59484.23438,28.39031601,65.00888824,281.5385742,644.6743774,108,070802060602
1799,F070802060602_185,4852.316193,745149.1456,184.0518341,42331.92188,55200.82422,331.2933044,3589.010742,58.89658737,9.202591896,184.0518341,0.020814268,4566.113281,1415.495117,0.007753176,172.4384918,344877,127.6044846,0.000487061,97532.75,29.90608788,68.90362549,331.7432251,764.3363647,108,070802060602
1800,F070802060602_186,1942.850456,137985.0015,34.08229446,7838.927734,10444.17676,61.34812927,664.6047363,10.90633392,1.704114676,34.08229446,0.003854338,845.5319214,262.1148987,0.001435698,33.14764023,66295.28125,24.52925301,9.36271E-05,18283.10547,29.90645599,69.7522583,319.5746765,745.3592529,108,070802060602
1801,F070802060602_188,2563.07608,307571.4031,75.97013855,17473.13281,22041.97656,136.7462463,1481.417725,24.31044388,3.798506975,75.97013855,0.0085914,2096.40918,649.8868408,0.003559664,91.88865662,183777.3125,67.99760437,0.000259544,39515.10938,26.88642311,60.80306244,256.9668884,581.125,108,070802060602
1802,F070802060602_189,5586.288243,930250.816,229.7719574,52847.55078,69662.25781,413.5895386,4480.553223,73.52702332,11.48859787,229.7719574,0.025984719,5700.383301,1767.118774,0.009679145,164.7611694,329522.3438,121.9232635,0.000465376,122509.8125,29.90605545,69.32743835,433.4492798,1004.810791,108,070802060602
1803,F070802060602_190,3524.451659,143197.8172,35.3698616,8135.068359,10377.5166,63.66575241,689.7122803,11.31835556,1.768493056,35.3698616,0.003999948,877.4714966,272.0161743,0.00148993,59.11415482,118228.3125,43.74447632,0.000166971,18512.58594,29.9065609,68.05693054,185.9678955,423.1982422,108,070802060602
1804,F070802060602_191,3144.975761,307930.9767,76.05895233,17493.55859,22811.60156,136.9061127,1483.149536,24.33886528,3.802947521,76.05895233,0.008601444,1886.923584,584.9462891,0.003203961,65.70233154,131404.6563,48.61972427,0.000185579,40305.16016,29.90626526,68.90403748,359.8037415,828.987854,108,070802060602
1805,F070802060602_197,3201.069765,481217.8144,118.8608017,27337.98438,36423.70313,213.9494476,2317.785645,38.03545761,5.943039894,118.8608017,0.013441869,3354.402344,1039.864746,0.005695713,102.0792084,204158.4219,75.53861237,0.000288328,63761.6875,26.28994179,61.31728745,361.9074097,844.0939941,108,070802060602
1806,F070802060602_198,5013.894723,601725.005,148.6260834,34184,44575.92969,267.526947,2898.20874,47.56034851,7.431303978,148.6260834,0.016807999,4341.083496,1345.73584,0.007371079,37.58275986,75165.52344,27.81124306,0.000106154,78759.92969,25.40171623,58.52555084,1229.143188,2831.945801,108,070802060602
1807,F070802060602_203,3987.964614,346145.025,85.49781799,19664.49805,25921.22852,153.8960724,1667.207397,27.35930252,4.2748909,85.49781799,0.009668877,2234.329834,692.6422729,0.003793851,134.6365662,269273.125,99.63105774,0.000380287,45585.72656,28.39055443,65.8142395,197.3731689,457.5453491,108,070802060602
1808,F070802060602_204,7570.785435,368528.165,91.02645874,20936.08594,27300.65234,163.8476257,1775.015991,29.12846756,4.551322937,91.02645874,0.010294107,2258.248047,700.0568848,0.003834463,166.3398285,332679.6563,123.0914764,0.000469835,48236.73828,29.90626335,68.90402985,170.0855865,391.8771667,108,070802060602
1809,F070802060602_205,6617.440207,1368103.294,337.9215088,77721.94531,103552.6641,608.258728,6589.469238,108.1348801,16.8960762,337.9215088,0.038215261,9536.573242,2956.337646,0.016192924,269.1296387,538259.25,199.1559296,0.00076017,181274.6094,26.28994179,61.31728745,390.2567444,910.2144775,108,070802060602
1810,F070802060602_208,2748.720235,72456.06749,17.89664841,4116.229004,4725.789063,32.21396637,348.9846497,5.72692728,0.894832432,17.89664841,0.002023917,444.0094299,137.6429291,0.00075392,37.75222015,75504.4375,27.9366436,0.000106633,8842.017578,29.90512466,64.23880768,147.341568,316.5025024,108,070802060602
1811,F070802060602_226,4459.732164,571168.8491,141.0787048,32448.10156,42312.32422,253.9416656,2751.034668,45.14518738,7.053935051,141.0787048,0.015954474,3499.993164,1084.997925,0.005942924,128.4331818,256866.3594,95.04055786,0.000362766,74760.42188,29.90614128,68.90374756,341.413208,786.6159668,108,070802060602
1812,F070802060602_228,3273.102153,269113.6064,66.47106171,15288.34375,19936.00391,119.6479111,1296.185669,21.27074051,3.323553085,66.47106171,0.007517157,1649.052734,511.2063599,0.002800061,54.04639053,108092.7813,39.99432755,0.000152657,35224.34766,29.9064045,68.90435791,382.2628174,880.7335815,108,070802060602
1813,F070802060602_229,3182.960147,414312.0368,102.3350754,23537.06641,28690.66797,184.2031403,1995.533936,32.7472229,5.116753578,102.3350754,0.011572989,2538.810547,787.03125,0.004310853,178.1466522,356293.3125,131.8285217,0.000503184,52227.73438,29.90613937,66.36043549,178.543045,396.1793213,108,070802060602
1814,F070802060602_236,3172.673333,629414.4509,155.4653625,35757.03516,49161.25781,279.8376465,3031.574463,49.74891663,7.773268223,155.4653625,0.017581448,3856.915283,1195.643799,0.006548971,80.23720551,160474.4063,59.37553024,0.000226634,84918.29688,29.9060936,71.02307129,602.2183838,1430.190063,108,070802060602
1815,F070802060602_237,4341.406867,563082.1409,139.0812836,31988.69531,42166.66797,250.3463135,2712.084961,44.50601196,6.954064369,139.0812836,0.015728587,3450.458496,1069.64209,0.005858814,107.1314621,214262.9219,79.27728271,0.000302598,74155.35938,29.90598106,69.32726288,403.5039368,935.3922729,108,070802060602
1816,F070802060602_239,4050.865153,130469.3341,32.22592545,7411.962891,6618.560547,58.00666428,628.4055176,10.31229591,1.611296296,32.22592545,0.003644403,799.4925537,247.8426971,0.001357524,15.74845695,31496.91406,11.65385818,4.44823E-05,14030.52344,29.90591621,56.61059952,636.0093384,1203.93811,108,070802060602
1817,F070802060602_242,3036.953614,114909.2217,28.3825779,6527.992676,8234.920898,51.08863831,553.4602661,9.082425117,1.419128895,28.3825779,0.003209762,755.1135864,234.0852051,0.001282169,8.221508026,16443.01563,6.08391571,2.3222E-05,14762.91406,27.8872509,63.06641388,1072.991943,2426.548096,108,070802060602
1818,F070802060602_250,2789.625839,230139.9561,56.84457016,13074.25098,16678.19727,102.3202286,1108.469116,18.19026184,2.842228413,56.84457016,0.006428505,1410.246704,437.1764832,0.002394573,89.161026,178322.0625,65.97915649,0.00025184,29752.44922,29.90611649,68.05592346,198.1572876,450.9371033,108,070802060602
1819,F070802060602_258,2805.473701,402600.4597,99.44231415,22871.73242,30473.10352,178.99617,1939.125122,31.82154083,4.972115517,99.44231415,0.011245849,2467.065918,764.7904053,0.004189032,65.80648041,131612.9531,48.69679642,0.000185874,53344.83594,29.90588379,69.75092316,469.6763306,1095.448608,108,070802060602
1820,F070802060602_261,1551.490287,151346.6276,37.38261795,8598.001953,11455.53027,67.28871155,728.9610596,11.96243763,1.86913085,37.38261795,0.004227569,927.4054565,287.495697,0.001574717,43.26662445,86533.25,32.01730347,0.000122209,20053.53125,29.90654182,69.75245667,268.5423584,626.3341675,108,070802060602
1821,F070802060602_262,3099.260579,448215.4809,110.7092209,25463.12109,33925.73438,199.2765961,2158.829834,35.42695236,5.535460949,110.7092209,0.012520013,2746.578125,851.439209,0.004663639,79.37929535,158758.5938,58.74067688,0.000224211,59388.85547,29.90597725,69.75113678,433.4836121,1011.034607,108,070802060602
1822,F070802060602_272,2808.712591,252299.6108,62.31800461,14333.14063,19299.88672,112.1724091,1215.20105,19.94176102,3.115900278,62.31800461,0.007047491,1546.014648,479.2645264,0.002625104,58.1282196,116256.4375,43.01488113,0.000164186,33633.02734,29.90653419,70.17633057,333.2135315,781.8928223,108,070802060602
1823,F070802060602_282,1725.211252,182512.7113,45.08063889,10368.54688,13667.54688,81.14514923,879.0724487,14.42580414,2.254031897,45.08063889,0.005098132,1118.421753,346.7107544,0.00189906,13.44039154,26880.7832,9.945889473,3.7963E-05,24036.09375,29.90546608,69.32607269,1042.495728,2416.686279,108,070802060602
1824,F070802060602_289,2476.965333,295681.8676,73.03342438,16797.6875,21428.00586,131.4601593,1424.151733,23.37069511,3.651671171,73.03342438,0.008259289,1811.876343,561.6816406,0.003076532,17.711092,35422.18359,13.10620785,5.00258E-05,38225.69531,29.90606499,68.05580139,1281.658813,2916.609863,108,070802060602
1825,F070802060602_292,5416.1923,780739.2091,192.8425903,44353.79688,57208.67969,347.1166687,3760.43042,61.70962906,9.642129898,192.8425903,0.021808408,4784.189941,1483.098877,0.008123466,291.2069092,582413.8125,215.4931183,0.000822528,101562.4766,29.90616226,68.4799118,205.8246613,471.3026428,108,070802060602
1826,F070802060602_293,2407.984103,323734.5885,79.96244049,18391.36133,23982.33594,143.9323883,1559.267578,25.58798027,3.998121977,79.96244049,0.009042886,1983.75293,614.9633789,0.003368376,99.93690491,199873.8125,73.95330811,0.000282277,42373.69531,29.90643311,68.90441895,248.6888275,572.9790649,108,070802060602
1827,F070802060602_302,2345.308952,307441.9251,75.93815613,17465.77539,23022.92969,136.6886749,1480.794067,24.30020905,3.796907902,75.93815613,0.008587783,1984.498169,615.194458,0.003369641,55.89291,111785.8203,41.36075211,0.000157872,40488.70313,28.39065742,65.81447601,422.2789612,978.9160156,108,070802060602
1828,F070802060602_304,4418.46707,582971.7889,143.9940338,33118.62891,44594.95313,259.18927,2807.883545,46.07809067,7.199701786,143.9940338,0.016284166,3572.310059,1107.416138,0.006065717,97.89635468,195792.7031,72.44330597,0.000276513,77713.57813,29.90621758,70.17559052,457.1661682,1072.750244,108,070802060602
1829,F070802060602_309,2725.740238,422398.2038,104.3323593,23996.44336,31291.36133,187.7982483,2034.480957,33.38635635,5.216618061,104.3323593,0.01179886,2588.347412,802.3876953,0.004394966,27.32378769,54647.57422,20.21960258,7.71774E-05,55287.80469,29.90629578,68.90410614,1186.791016,2734.366455,108,070802060602
1830,F070802060602_310,5005.799507,172979.8157,42.72601318,9826.983398,12257.23828,76.9068222,833.1572266,13.67232418,2.136300564,42.72601318,0.004831849,1059.973022,328.5916443,0.001799815,8.714076996,17428.15234,6.448417187,2.46133E-05,22084.22266,29.90637016,67.20871735,1523.937256,3424.750977,108,070802060602
1831,F070802060602_311,2575.203534,54881.97375,13.55584717,3117.844727,3933.093018,24.40052414,264.3390198,4.337871075,0.67779237,13.55584717,0.001533019,336.3074951,104.2553253,0.000571044,2.967079639,5934.15918,2.195638895,8.38066E-06,7050.9375,29.90585518,67.63143921,1420.01709,3211.337402,108,070802060602
1832,F070802060602_354,9262.706401,485584.0208,119.9392548,27586.0293,30498.1543,215.8906555,2338.81543,38.38056183,5.996962547,119.9392548,0.01356383,3190.939941,989.1914063,0.005418157,46.52198029,93043.96094,34.42626572,0.000131404,58084.18359,27.88745308,58.718853,801.3076172,1687.205444,108,070802060602
1833,F070802060602_364,2379.217128,152463.9505,37.65859604,8661.477539,11049.03125,67.78547668,734.3426514,12.05075073,1.882929802,37.65859604,0.004258779,934.2645264,289.6220093,0.001586364,37.35560989,74711.21875,27.64315224,0.000105513,19710.50781,29.90614319,68.05597687,313.3317566,713.0339966,108,070802060602
1834,F070802060602_393,6508.36055,251445.8112,62.1071167,14284.63672,17209.88281,111.7928085,1211.088745,19.87427711,3.10535574,62.1071167,0.007023642,1652.328125,512.2217407,0.002805623,137.2805023,274561,101.5875702,0.000387755,31494.51953,27.88760376,61.48610306,140.6140137,310.0233459,108,070802060602
1835,F070802060602_399,4605.034134,157366.9411,38.86963272,8940.015625,8870.049805,69.96533966,757.9578247,12.43828201,1.943481684,38.86963272,0.004395735,964.3284912,298.9418335,0.001637412,134.9863739,269972.75,99.88991547,0.000381276,17810.06641,29.90553474,59.57703018,89.49868011,178.296936,108,070802060602
1836,F070802060602_402,3940.51941,168112.9739,41.52390289,9550.498047,6768.397461,74.74302673,809.7161255,13.28764915,2.07619524,41.52390289,0.004695904,1030.170288,319.3527832,0.00174921,174.6358337,349271.6563,129.2305145,0.000493267,16318.89551,29.90579224,51.09989929,73.90280914,126.27742,108,070802060602
1837,F070802060602_404,1087.135618,47707.59156,11.78377533,2710.268311,3418.942627,21.21079636,229.7836151,3.77080822,0.589188755,11.78377533,0.001332617,292.3258667,90.62101746,0.000496364,10.21789837,20435.79688,7.561244965,2.88609E-05,6129.210938,29.90772247,67.63564301,358.4420776,810.6087036,108,070802060602
1838,F070802060602_407,2231.375477,198312.5363,48.98319626,11266.13477,14531.36035,88.16975403,955.1723022,15.67462254,2.449159861,48.98319626,0.005539469,1351.714478,419.0314941,0.002295186,40.69882202,81397.64063,30.11712837,0.000114956,25797.49609,26.88612938,61.5645752,374.0773315,856.5722656,108,070802060602
1839,F070802060602_409,2419.594696,249735.5771,61.68468857,14187.47852,18500.47266,111.0324402,1202.85144,19.7390995,3.084234476,61.68468857,0.00697587,1530.340576,474.4055786,0.00259849,15.3668375,30733.67578,11.37145996,4.34044E-05,32687.95117,29.90579987,68.90296173,1247.63916,2874.560547,108,070802060602
1840,F070802060602_410,2343.990021,296399.1257,73.21058655,16838.43555,22673.32031,131.7790527,1427.606445,23.42738724,3.660529375,73.21058655,0.008279325,2020.233765,626.2724609,0.003430319,34.73916245,69478.32031,25.70697975,9.81224E-05,39511.75781,26.8867569,63.09036636,655.0141602,1537.005005,108,070802060602
1841,F070802060602_413,1211.547119,90040.71259,22.24005508,5115.212891,6815.242676,40.03210068,433.6810608,7.116817474,1.11200273,22.24005508,0.002515109,551.7268677,171.0353241,0.000936822,25.50523567,51010.47266,18.87387466,7.20408E-05,11930.45508,29.90734673,69.7543335,271.020813,632.1148071,108,070802060602
1842,F070802060602_415,4251.880257,314144.7544,77.59375763,17846.56445,23524.87695,139.6687622,1513.078247,24.83000183,3.879687786,77.59375763,0.008775013,1925.026245,596.7581177,0.003268659,104.091629,208183.25,77.02780914,0.000294012,41371.44141,29.90585899,69.32698822,231.6898804,537.0974731,108,070802060602
1843,F070802060602_418,1777.989891,94480.51557,23.33668709,5367.437988,6390.518555,42.00603485,455.0653992,7.467740059,1.166834354,23.33668709,0.002639126,681.6329956,211.3062286,0.0011574,38.2970314,76594.07031,28.3398037,0.000108172,11757.95703,25.40122986,55.64415741,189.3957367,414.8919678,108,070802060602
1844,F070802060602_424,2974.760043,91925.27198,22.70554161,5222.274414,6513.766113,40.86997604,442.7580566,7.265773296,1.135277033,22.70554161,0.002567751,563.2875977,174.6191559,0.000956452,39.67858505,79357.17188,29.3621521,0.000112074,11736.04102,29.90665245,67.20935822,177.8573456,399.6996155,108,070802060602
1845,F070802060602_425,2204.299343,166077.0693,41.02103424,9434.837891,12169.2998,73.83786011,799.9101563,13.12673092,2.051051617,41.02103424,0.004639035,1017.703308,315.4880371,0.001728041,32.80656433,65613.13281,24.27685738,9.26637E-05,21604.13672,29.90553284,68.47846222,388.6350708,889.9066162,108,070802060602
1846,F070802060602_434,1640.918647,146335.3666,36.14483643,8313.3125,9780.068359,65.06070709,704.8243408,11.56634808,1.807241797,36.14483643,0.004087589,896.7281494,277.9857178,0.001522628,9.500324249,19000.64844,7.030240059,2.68341E-05,18093.38086,29.90553856,65.08744812,1182.507568,2573.650391,108,070802060602
1847,F070802060602_440,3847.028531,151457.9602,37.41011429,8604.326172,10854.1709,67.33820343,729.4972534,11.97123623,1.870505691,37.41011429,0.004230679,1092.663574,338.725708,0.001855323,9.782441139,19564.88281,7.239006519,2.7631E-05,19458.49609,25.4020462,57.44617462,1188.605957,2688.006348,108,070802060602
1848,F070802060602_443,1972.233219,144814.9776,35.76929855,8226.938477,11194.36133,64.38473511,697.5013428,11.44617558,1.788464904,35.76929855,0.00404512,934.7781372,289.7812195,0.001587236,25.87552834,51751.05859,19.14789009,7.30867E-05,19421.30078,28.39017105,67.02056122,429.6524658,1014.27887,108,070802060602
1849,F070802060602_458,1564.849862,88956.15803,21.97217178,5053.599609,6518.263672,39.54990768,428.4573364,7.031095028,1.098608613,21.97217178,0.002484814,545.0922241,168.9785919,0.000925557,21.68404961,43368.10156,16.04619598,6.12476E-05,11571.86328,29.906744,68.48123932,314.9406738,721.1593018,108,070802060602
1850,F070802060602_459,1201.863572,58223.87371,14.38129711,3307.698242,4360.123535,25.88633537,280.4353027,4.602015018,0.719064832,14.38129711,0.001626369,356.7714844,110.5991592,0.000605791,12.94470215,25889.4043,9.579079628,3.65629E-05,7667.821777,29.90708351,69.32984161,345.3043823,800.4758301,108,070802060602
1851,F070802060602_472,1952.848044,163842.5477,40.46910858,9307.894531,12269.4248,72.8443985,789.147644,12.9501152,2.023455381,40.46910858,0.004576618,1004.000977,311.2402954,0.001704775,42.36850739,84737.01563,31.35269547,0.000119672,21577.32031,29.90581512,69.32688904,296.8770142,688.2125854,108,070802060602
1852,F070802060602_476,4186.698784,142387.8867,35.16980743,8089.055664,8369.711914,63.30565262,685.8112183,11.25433826,1.758490324,35.16980743,0.003977324,872.5212402,270.4815979,0.001481525,108.4520264,216904.0469,80.25450134,0.000306328,16458.76758,29.90612221,60.84986115,100.7925491,205.0821686,108,070802060602
1853,F070802060602_531,15059.50243,457030.1269,112.8864441,25963.88281,32384.86914,203.1956024,2201.285645,36.12366104,5.644322395,112.8864441,0.012766234,2800.582764,868.1806641,0.004755338,159.25354,318507.0938,117.8476181,0.000449819,58348.75,29.90608215,67.20807648,220.3174133,495.1203308,108,070802060602
1854,F070802060602_535,1360.696453,58663.62998,14.4899168,3332.680908,4393.055176,26.08185005,282.5533752,4.636773586,0.724495828,14.4899168,0.001638653,385.5071106,119.5072021,0.000654584,15.38607025,30772.14063,11.38569164,4.34587E-05,7725.736328,27.8868618,64.64661407,292.7078247,678.5478516,108,070802060602
1855,F070802060602_537,3688.639115,108711.0739,26.85163498,6175.875977,4464.353027,48.33294296,523.6068726,8.592523575,1.342581749,26.85163498,0.003036629,666.1447754,206.5048828,0.001131102,123.3270035,246654,91.26198578,0.000348343,10640.22852,29.90668297,51.52531052,67.67194366,116.5899277,108,070802060602
1856,F070802060602_539,1644.291267,127028.7053,31.376091,7216.500977,9308.030273,56.47696304,611.8338013,10.04034901,1.568804502,31.376091,0.003548296,778.4071045,241.3061981,0.001321721,28.38079071,56761.58203,21.00178528,8.01629E-05,16524.53125,29.9059906,68.47951508,343.613678,786.8155518,108,070802060602
1857,F070802060602_542,1815.704761,200904.4555,49.62340164,11413.38281,15691.91309,89.32212067,967.656311,15.87948895,2.481170177,49.62340164,0.005611869,1231.077881,381.6341553,0.002090347,12.48923969,24978.48047,9.242037773,3.52765E-05,27105.29688,29.90660667,71.02429199,1234.942261,2932.826904,108,070802060602
1858,F070802060602_544,1381.168862,105069.7173,25.95222092,5969.010742,10652.66211,46.71399689,506.0682983,8.304710388,1.297610998,25.95222092,0.002934915,732.4011841,227.0443726,0.001243604,39.80519104,79610.38281,29.45584106,0.000112432,16621.67188,26.29006195,73.20891571,202.6426849,564.2911987,108,070802060602
1859,F070802060603_188,1215.662683,54422.3828,13.44232845,3091.735596,2410.209961,24.19619179,262.1253967,4.301545143,0.672116399,13.44232845,0.001520182,333.4923096,103.3826141,0.000566264,61.54906082,123098.125,45.54630661,0.000173848,5501.945313,29.90575981,53.21924973,67.88114929,120.7989349,108,070802060603
1860,F070802060603_324,3910.060899,247631.8005,61.16505432,14067.96289,18544.02148,110.0970993,1192.718506,19.57281685,3.058252811,61.16505432,0.006917105,1726.162964,535.1105347,0.002930993,85.8957901,171791.5781,63.56288528,0.000242617,32611.98438,26.28982544,60.94438934,221.3235474,513.0664673,108,070802060603
1861,F070802060603_525,1107.37478,67557.05272,16.6865921,3837.91626,4787.049316,30.03586578,325.3885498,5.339709282,0.834329605,16.6865921,0.001887073,470.9185791,145.9847565,0.000799611,36.3210907,72642.17969,26.87760735,0.000102591,8624.96582,26.28984261,59.08127594,142.7923279,320.8978271,108,070802060603
1862,F070802060603_592,1213.274694,81364.21737,20.09696198,4622.30127,6027.480957,36.17453003,391.8907471,6.431027889,1.004848123,20.09696198,0.002272749,554.5704346,171.9168396,0.00094165,20.26613426,40532.26953,14.99693966,5.72427E-05,10649.78223,26.88684464,61.94728851,308.2163086,710.1303711,108,070802060603
1863,F070802060603_593,1232.013491,85412.60484,21.09691429,4852.290527,6533.713867,37.97444534,411.3898315,6.751012802,1.054845691,21.09691429,0.002385832,582.1511841,180.4668732,0.000988482,17.36919785,34738.39453,12.85320663,4.90601E-05,11386.00391,26.88743019,63.0919342,377.5159607,885.8493042,108,070802060603
1864,F070802060801_56,3292.441987,90170.24851,22.27205086,5122.571777,6098.979004,40.08969116,434.3049927,7.127056122,1.113602519,22.27205086,0.002518728,582.0519409,180.4360962,0.000988313,35.80441284,71608.82813,26.49526596,0.000101131,11221.55078,28.3899498,62.19127274,193.3391266,423.5303955,108,070802060801
1865,F070802060801_66,2490.978881,74263.83794,18.34316826,4218.928711,4185.911621,33.01770401,357.6917725,5.869813919,0.917158425,18.34316826,0.002074414,455.0870667,141.0769958,0.000772729,82.01121521,164022.4219,60.68830109,0.000231645,8404.839844,29.90514946,59.57625961,69.51799011,138.4919281,108,070802060801
1866,F070802060302_81,3207.272,480346.9155,118.6456909,27288.50977,35197.43359,213.5622406,2313.591064,37.9666214,5.932284355,118.6456909,0.013417542,3274.037598,1014.95166,0.005559255,119.4078598,238815.7188,88.36181641,0.000337273,62485.94531,26.88651085,61.56544113,308.8269348,707.1600342,108,070802060302
1867,F070802060302_82,2726.968306,286198.295,70.690979,16258.9248,21432.0918,127.2437592,1378.474121,22.62111282,3.534548998,70.690979,0.007994384,1880.697876,583.0163574,0.00319339,47.71405029,95428.10156,35.30839539,0.000134771,37691.01563,27.88759613,64.64830017,460.4832458,1067.480225,108,070802060302
1868,F070802060302_85,1629.19381,126403.0442,31.2215519,7180.957031,9262.185547,56.1987915,608.8202515,9.990896225,1.561077595,31.2215519,0.003530819,830.6325073,257.4960632,0.001410399,30.10210228,60204.20313,22.27555656,8.50248E-05,16443.14258,27.88763809,63.85784149,322.3693542,738.1697998,108,070802060302
1869,F070802060302_87,1234.919852,59374.32105,14.66545773,3373.055176,4063.798584,26.39782333,285.9764404,4.692946434,0.73327291,14.66545773,0.001658504,363.8190613,112.7839127,0.000617758,20.90739822,41814.79688,15.47147465,5.9054E-05,7436.853516,29.9072361,65.93895721,218.0176849,480.6816101,108,070802060302
1870,F070802060302_88,1037.926281,51793.2748,12.79293919,2942.375977,2710.82373,23.02729034,249.4623108,4.093740463,0.639646947,12.79293919,0.001446743,317.3827515,98.38865662,0.00053891,51.5783577,103156.7109,38.16798401,0.000145686,5653.199707,29.90564156,57.45783997,77.09015656,148.1136627,108,070802060302
1871,F070802060302_242,9486.455871,1350223.462,333.505188,76706.19531,97850.42188,600.3093262,6503.351074,106.7216568,16.67525864,333.505188,0.037715822,8273.861328,2564.896973,0.014048863,396.0733032,792146.625,293.0942383,0.001118728,174556.625,29.90615082,68.05599976,261.7117004,595.5648193,108,070802060302
1872,F070802060302_250,3084.321335,591306.5758,146.0527191,33592.125,40947.33984,262.8948975,2848.028076,46.73686981,7.302636147,146.0527191,0.01651698,3623.412354,1123.257813,0.006152487,172.5672302,345134.4375,127.6997528,0.000487425,74539.46875,29.90597916,66.36006927,263.0555115,583.7088013,108,070802060302
1873,F070802060302_261,2103.993385,254204.112,62.788414,14441.33496,18626.8125,113.0191422,1224.374023,20.09229279,3.139420748,62.788414,0.007100689,1855.425903,575.1820068,0.003150479,43.29276657,86585.53125,32.0366478,0.000122283,33068.14844,25.10741806,57.49162674,450.7754822,1032.19751,108,070802060302
1874,F070802060302_262,3329.178174,465974.3994,115.0956802,26472.00586,34894.70703,207.172226,2244.365723,36.830616,5.754784107,115.0956802,0.013016075,3007.828613,932.4268799,0.005107237,78.80313873,157606.2813,58.31432343,0.000222583,61366.71094,28.39043617,65.81396484,453.9537659,1052.34375,108,070802060302
1875,F070802060302_263,1738.894904,187866.423,46.40300751,10672.69141,13765.91504,83.52541351,904.8586426,14.84896278,2.320150375,46.40300751,0.005247677,1151.210571,356.8752747,0.001954734,36.52291489,73045.82813,27.02695656,0.000103161,24438.60547,29.90594292,68.47940063,394.890625,904.2307739,108,070802060302
1876,F070802060302_359,2363.163647,310924.6131,76.79837799,17663.62695,19778.66016,138.2370758,1497.568359,24.57548141,3.839918852,76.79837799,0.008685065,1905.279297,590.6365967,0.003235129,81.64546204,163290.9219,60.41764069,0.000230612,37442.28906,29.90608215,63.39310837,292.3587646,619.7244263,108,070802060302
1877,F070802060302_367,5846.246586,292332.3631,72.20609283,16607.40039,19066.74023,129.9709625,1408.018799,23.1059494,3.610304594,72.20609283,0.008165726,1791.3573,555.3207397,0.003041691,186.7863617,373572.7188,138.2219086,0.000527587,35674.14063,29.90596008,64.24060822,120.1502762,258.0932312,108,070802060302
1878,F070802060302_372,5931.665122,275113.4481,67.95301819,15629.19434,17500.625,122.3154297,1325.083862,21.74496651,3.397650957,67.95301819,0.00768475,1685.835205,522.6088867,0.002862517,168.6750793,337350.1563,124.8195572,0.000476431,33129.82031,29.90610123,63.3931427,125.2143097,265.4217224,108,070802060302
1879,F070802060302_375,2800.219706,443145.3989,109.4569168,25175.0918,30687.3418,197.0224457,2134.409912,35.0262146,5.472846031,109.4569168,0.012378392,2715.476074,841.7976074,0.004610828,104.0492249,208098.4375,76.99642944,0.000293892,55862.43359,29.90634727,66.36088562,326.9644165,725.5197754,108,070802060302
1880,F070802060302_451,1304.485406,86605.80889,21.39163399,4920.075684,4881.569336,38.50494003,417.1368713,6.845323086,1.069581747,21.39163399,0.002419162,559.0136108,173.29422,0.000949195,22.67313957,45346.27734,16.77812386,6.40414E-05,9801.644531,28.39145851,56.56071091,293.2434998,584.1919556,108,070802060302
1881,F070802060302_454,2978.085785,250884.8803,61.96856689,14252.77051,17979.55859,111.5434189,1208.387085,19.8299408,3.098428249,61.96856689,0.007007974,1748.836304,542.1392822,0.002969492,76.07204437,152144.0938,56.29331207,0.000214869,32232.32813,26.28986931,59.45396042,253.1876373,572.5783081,108,070802060302
1882,F070802060501_5,3313.488851,283576.3973,70.04337311,16109.97559,20823.96289,126.0780716,1365.845825,22.41387939,3.502168655,70.04337311,0.007921146,1737.699097,538.6867065,0.002950581,52.06064606,104121.2969,38.52487946,0.000147048,36933.9375,29.90602112,68.56292725,418.1706848,958.7034912,108,070802060501
1883,F070802060501_17,2771.431213,342967.4286,84.71295166,19483.97852,25683.26758,152.4833069,1651.902588,27.10814476,4.235647678,84.71295166,0.009580117,2101.637695,651.5076904,0.003568542,23.11729622,46234.58984,17.10680008,6.52959E-05,45167.24609,29.90598297,69.32726288,1138.96106,2640.30957,108,070802060501
1884,F070802060501_20,2443.699111,235043.6301,58.0557785,13352.8291,16844.30273,104.5004044,1132.087646,18.57784843,2.902788877,58.0557785,0.00656548,1440.318359,446.4986877,0.002445634,31.03113556,62062.27344,22.9630394,8.76489E-05,30197.13281,29.90563965,67.63095856,581.4922485,1315.032104,108,070802060501
1885,F070802060501_39,1220.712259,92010.25624,22.72653389,5227.103027,6742.052246,40.90776062,443.1674194,7.272490978,1.136326671,22.72653389,0.002570125,627.1518555,194.4170685,0.001064892,14.62781525,29255.62891,10.82458305,4.1317E-05,11969.15527,26.8860302,61.56432343,482.8918457,1105.738281,108,070802060501
1886,F070802060501_40,1590.307768,150057.5525,37.06421661,8524.769531,11116.2998,66.71559143,722.7521973,11.86054897,1.853210807,37.06421661,0.004191561,968.6286011,300.2748718,0.001644713,32.21866989,64437.33984,23.84181595,9.10032E-05,19641.07031,28.38988686,65.41030121,357.5553894,823.8076172,108,070802060501
1887,F070802060501_41,2220.683753,53083.85675,13.11171246,3015.693848,3034.837646,23.60108185,255.6783905,4.195747852,0.655585647,13.11171246,0.001482793,370.0169678,114.7052612,0.000628282,21.57876587,43157.53125,15.96828651,6.09503E-05,6050.53125,26.29080582,52.74850845,188.8551941,378.9092407,108,070802060501
1888,F070802060501_43,2007.230539,169329.1706,41.82430649,9619.59082,11725.86035,75.28375244,815.5739746,13.38377762,2.091215372,41.82430649,0.004729876,1154.14209,357.7840576,0.001959712,57.20196152,114403.9297,42.32945251,0.00016157,21345.45117,26.88658333,59.66015244,227.2552643,504.2694702,108,070802060501
1889,F070802060501_44,3961.798509,113602.9984,28.05994034,6453.786133,6586.350098,50.50789261,547.1688232,8.97918129,1.402997017,28.05994034,0.003173275,696.1179199,215.7965546,0.001181995,63.48538208,126970.7656,46.9791832,0.000179318,13040.13672,29.90680885,60.42791748,137.3754425,277.5726624,108,070802060501
1890,F070802060501_45,2291.58327,241213.79,59.57980728,13703.35547,15547.03613,107.2436523,1161.806274,19.06553841,2.978990316,59.57980728,0.006737831,1478.085938,458.2066345,0.002509763,117.6441116,235288.2188,87.05664063,0.000332291,29250.39063,29.90649796,63.83668137,157.4073486,335.9926453,108,070802060501
1891,F070802060501_54,3981.939587,636628.1359,157.2471466,36166.84375,42547.9375,283.0448608,3066.319336,50.31908798,7.86235714,157.2471466,0.017782949,3901.126465,1209.349243,0.006624041,38.74905777,77498.11719,28.67430305,0.000109449,78714.78125,29.90603828,65.08854675,1261.298096,2745.133301,108,070802060501
1892,F070802060501_55,4344.307081,587462.231,145.1031647,33373.72656,41627.19531,261.1856995,2829.511719,46.43301392,7.255158424,145.1031647,0.016409596,3599.828369,1115.946777,0.006112442,161.5504913,323101,119.5473633,0.000456307,75000.92188,29.9061985,67.20833588,279.1673889,627.3741455,108,070802060501
1893,F070802060501_66,4868.665191,599272.8375,148.0203857,34044.6875,42033.91406,266.4367065,2886.397461,47.36652374,7.401019096,148.0203857,0.016739503,3672.203857,1138.383179,0.006235334,230.8257904,461651.5938,170.8110809,0.000651979,76078.60156,29.90617561,66.83039856,199.3119354,445.3961792,108,070802060501
1894,F070802060501_75,2326.06901,317871.3762,78.51422882,18058.27344,22524.16406,141.3256073,1531.027466,25.12455368,3.925711393,78.51422882,0.008879108,1947.846436,603.8323975,0.003307407,47.87460327,95749.20313,35.42720795,0.000135224,40582.4375,29.90610313,67.20811462,509.7289429,1145.516113,108,070802060501
1895,F070802060501_87,5558.720729,285648.103,70.55508423,16227.66895,19320.80273,126.9991531,1375.824097,22.57762718,3.527754307,70.55508423,0.007979016,2084.942627,646.3322144,0.003540194,46.88835907,93776.71875,34.69738388,0.000132438,35548.47266,25.10731888,55.00030899,467.6914368,1024.528931,108,070802060501
1896,F070802060501_89,1583.224197,140140.9982,34.6148262,7961.410156,9591.768555,62.3066864,674.9891357,11.07674408,1.730741262,34.6148262,0.003914562,920.9085693,285.4816589,0.001563686,9.520321846,19040.64258,7.045038223,2.68906E-05,17553.17969,27.88764191,61.4861908,1130.073364,2491.566162,108,070802060501
1897,F070802060501_92,1422.759219,93609.4048,23.1215229,5317.950195,7236.111328,41.61874008,450.8696899,7.398887157,1.156076193,23.1215229,0.002614794,573.6347656,177.8267822,0.000974021,14.7199173,29439.83398,10.89273834,4.15771E-05,12554.06152,29.90522575,70.59713745,488.2106018,1152.516602,108,070802060501
1898,F070802060501_93,1757.968704,85098.42795,21.0193119,4834.441895,6167.065918,37.83476257,409.8765869,6.7261796,1.050965548,21.0193119,0.002377057,521.4557495,161.6512756,0.000885422,17.63446236,35268.92578,13.04950237,4.98094E-05,11001.50781,29.9066124,68.05704498,370.4694519,843.0595703,108,070802060501
1899,F070802060501_94,2261.296668,231867.1891,57.27119446,13172.375,15683.14453,103.08815,1116.78833,18.32678223,2.863559723,57.27119446,0.006476752,1420.815796,440.4529114,0.002412519,37.33745956,74674.92188,27.62972069,0.000105461,28855.51953,29.9064312,65.51329041,476.746582,1044.365234,108,070802060501
1900,F070802060501_96,2266.040968,191792.854,47.37283325,10895.75195,14053.625,85.27110291,923.7702637,15.15930653,2.368641615,47.37283325,0.005357354,1175.282715,364.3376465,0.001995608,34.68795776,69375.91406,25.66908836,9.79778E-05,24949.37695,29.90564346,68.47872162,424.4697571,971.9619141,108,070802060501
1901,F070802060501_104,1992.066939,150935.4552,37.28105927,8574.643555,10330.58301,67.10590363,726.9806519,11.92993927,1.864053011,37.28105927,0.004216084,924.9133301,286.7231445,0.001570486,83.97406006,167948.1094,62.14080429,0.000237189,18905.22656,29.90565491,65.93547821,137.9873352,304.2320862,108,070802060501
1902,F070802060501_111,4226.984291,125134.7086,30.9082737,7108.902832,7960.116211,55.63489151,602.7113647,9.890647888,1.545413733,30.9082737,0.003495391,766.7875977,237.7041626,0.001301991,60.3449707,120689.9453,44.65527725,0.000170447,15069.01953,29.90651321,63.39400864,159.1951294,337.4521484,108,070802060501
1903,F070802060501_118,1894.452922,119688.2463,29.56299591,6799.489258,8673.782227,53.21339417,576.4783936,9.460158348,1.478149772,29.56299591,0.003343255,815.8018188,252.8985596,0.001385216,30.90200233,61804.00391,22.86748123,8.72842E-05,15473.27148,26.88623238,61.18370819,297.3431702,676.6495972,108,070802060501
1904,F070802060501_119,4248.457361,181662.9453,44.87074661,10320.27148,12141.12598,80.76734161,874.9795532,14.35863876,2.243537426,44.87074661,0.005074395,1238.227783,383.8506165,0.002102488,68.33391571,136667.8438,50.56709671,0.000193012,22461.39844,26.88616562,58.5159874,204.0906525,444.1900024,108,070802060501
1905,F070802060501_120,1037.781693,58454.33592,14.43822098,3320.790771,3530.14502,25.98879814,281.5453186,4.620230675,0.721911073,14.43822098,0.001632806,398.4408875,123.5166779,0.000676545,23.8155117,47631.02344,17.62347794,6.72681E-05,6850.935547,26.88536263,55.46567154,188.4299316,388.7391357,108,070802060501
1906,F070802060501_123,6971.650375,241180.872,59.57167435,13701.48535,13982.66406,107.2290115,1161.647705,19.06293488,2.978583813,59.57167435,0.006736911,1556.800171,482.6080627,0.002643418,193.961792,387923.5938,143.531723,0.000547854,27684.14844,28.39050293,57.36362457,95.45963287,192.8782501,108,070802060501
1907,F070802060501_125,3299.532559,104840.1038,25.89550591,5955.966309,6669.128418,46.61191177,504.9623718,8.286561966,1.294775248,25.89550591,0.002928501,642.4301758,199.1533508,0.001090834,8.795109749,17590.21875,6.508381367,2.48422E-05,12625.09473,29.90643311,63.39383698,915.1224976,1939.820923,108,070802060501
1908,F070802060501_126,5629.083839,172158.64,42.52318573,9780.333008,12060.42676,76.54173279,829.2021484,13.60741901,2.126159191,42.52318573,0.004808912,1054.949707,327.0344238,0.001791285,59.42131424,118842.625,43.97177124,0.000167838,21840.75977,29.90612793,66.7842865,222.4229889,496.6995544,108,070802060501
1909,F070802060501_127,2380.011365,314144.293,77.59364319,17846.53711,23022.02734,139.6685638,1513.07605,24.82996559,3.879682064,77.59364319,0.008775,1925.012451,596.7538452,0.003268635,57.84148026,115682.9609,42.80269623,0.000163376,40868.5625,29.90602875,68.48479462,416.9489136,954.8128052,108,070802060501
1910,F070802060501_128,6024.275627,219695.2573,54.26472855,12480.8877,13975.33789,97.67651367,1058.162231,17.36471367,2.713236332,54.26472855,0.006136753,1346.236206,417.3332214,0.002285884,15.84957504,31699.15039,11.72868538,4.47679E-05,26456.22656,29.90628815,63.3935318,1064.133545,2255.685547,108,070802060501
1911,F070802060501_129,1834.071198,121105.8657,29.91314888,6880.024414,7703.831543,53.84366608,583.3063965,9.572207451,1.495657444,29.91314888,0.003382853,742.1174316,230.0563965,0.001260102,6.91915226,13838.30469,5.120172501,1.95435E-05,14583.85547,29.90581703,63.39252472,1343.709473,2848.313232,108,070802060501
1912,F070802060501_131,4322.292907,606438.4123,149.7902832,34451.76563,41018.57031,269.6224976,2920.910645,47.93289185,7.489514351,149.7902832,0.016939659,3716.11084,1151.994385,0.006309887,217.5987091,435197.4063,161.0230408,0.000614618,75470.33594,29.90619278,65.51276398,213.9555054,468.6927795,108,070802060501
1913,F070802060501_134,3341.695906,114122.2762,28.1882019,6483.286621,7719.057617,50.7387619,549.6699219,9.020224571,1.409410119,28.1882019,0.00318778,777.8182983,241.1236725,0.001320721,62.72319412,125446.3906,46.41516495,0.000177165,14202.34375,26.88780594,58.90066147,139.6803589,305.9849854,108,070802060501
1914,F070802060501_136,4735.457678,159415.2142,39.37555695,9056.37793,10269.14453,70.87599945,767.8233643,12.60017776,1.968777895,39.37555695,0.004452949,976.8671265,302.8287964,0.001658702,86.42685699,172853.7188,63.9558754,0.000244117,19325.52344,29.90593338,63.81666183,141.6035309,302.1696472,108,070802060501
1915,F070802060501_138,4827.787087,126771.2043,31.31248665,7201.87207,8268.375,56.36247635,610.5935059,10.01999569,1.565624356,31.31248665,0.003541103,776.8413086,240.8208008,0.001319062,32.36521149,64730.42578,23.95025635,9.14171E-05,15470.24707,29.9055233,64.23966217,300.7012634,645.9324341,108,070802060501
1916,F070802060501_146,3526.697491,449493.0808,111.0247879,25535.70117,31488.84961,199.8446198,2164.983398,35.52793121,5.551239491,111.0247879,0.012555701,3133.272461,971.3144531,0.005320238,74.93054199,149861.0938,55.44860077,0.000211645,57024.55078,26.28983879,58.70864105,460.5292358,1028.421875,108,070802060501
1917,F070802060501_169,2232.878816,307877.728,76.04579926,17490.5332,20576.73633,136.8824463,1482.893066,24.33465576,3.802289963,76.04579926,0.008599956,1886.628662,584.8548584,0.00320346,75.48282623,150965.6563,55.85729218,0.000213205,38067.26953,29.90576744,65.08840179,313.1289063,681.5093994,108,070802060501
1918,F070802060501_182,8918.699459,422848.7951,104.4436493,24022.03906,26898.45508,187.9985657,2036.651123,33.42196655,5.222182274,104.4436493,0.011811445,2591.133789,803.2514648,0.004399697,221.8598022,443719.625,164.1762543,0.000626654,50920.49219,29.90600014,63.39296341,146.3186035,310.1574707,108,070802060501
1919,F070802060501_183,3564.660115,184137.7381,45.48202133,10460.86523,12158.25293,81.86763763,886.8994141,14.5542469,2.274101019,45.48202133,0.005143524,1128.360718,349.7918091,0.001915936,14.38686943,28773.73828,10.64628315,4.06364E-05,22619.11719,29.90597534,64.66451263,982.5838013,2124.602295,108,070802060501
1920,F070802060501_184,2593.270756,367075.2882,90.66759491,20853.54688,26601.87305,163.2016754,1768.018066,29.01362991,4.533379555,90.66759491,0.010253523,2249.331299,697.2927246,0.003819323,83.54931641,167098.625,61.82649231,0.000235989,47455.42188,29.90644646,68.05667114,337.2914429,767.5580444,108,070802060501
1921,F070802060501_185,2839.554646,218046.3899,53.85746002,12387.21582,15099.48047,96.94342804,1050.220459,17.23438644,2.692873001,53.85746002,0.006090695,1336.159058,414.2093201,0.002268773,35.77207565,71544.15625,26.47133636,0.00010104,27486.69531,29.90569115,66.35943604,467.9482727,1038.356934,108,070802060501
1922,F070802060501_199,2393.991439,320744.6783,79.22393799,18221.50586,24535.65625,142.6030884,1544.866821,25.35165977,3.961196899,79.22393799,0.008959369,1965.456543,609.2915039,0.003337309,48.91654587,97833.09375,36.19824219,0.000138167,42757.16406,29.90605545,70.17521667,503.3809509,1181.194458,108,070802060501
1923,F070802060501_201,3034.245754,124340.3238,30.71205902,7063.773438,7909.584961,55.28170776,598.8851318,9.827858925,1.535602927,30.71205902,0.003473201,847.4960938,262.7237854,0.001439033,74.07036591,148140.7188,54.81206894,0.000209215,14973.3584,26.88669205,56.99277878,128.8725891,273.1763,108,070802060501
1924,F070802060501_203,2330.116774,183351.8935,45.28791809,10416.2207,12405.93066,81.51824951,883.1143799,14.49213409,2.264395952,45.28791809,0.005121573,1123.529907,348.294281,0.001907733,68.38928223,136778.5625,50.60807037,0.000193169,22822.15234,29.9063797,65.52548981,205.8213348,450.9587402,108,070802060501
1925,F070802060501_204,1046.656231,58668.58919,14.49114132,3332.962402,3354.109131,26.08405495,282.5772705,4.63716507,0.724557042,14.49114132,0.001638791,359.4933777,111.4429474,0.000610413,28.06752777,56135.05469,20.76996994,7.92781E-05,6687.071289,29.90734291,60.00443649,160.4702606,321.9586487,108,070802060501
1926,F070802060501_207,2956.030124,322434.0835,79.64122009,18317.48047,21289.68945,143.3542023,1553.003784,25.48519135,3.982060909,79.64122009,0.009006559,2081.297119,645.2020874,0.003534004,155.6779633,311355.9375,115.2016907,0.00043972,39607.17188,28.39029884,61.38723373,159.0035706,343.8072205,108,070802060501
1927,F070802060501_221,4750.039522,581893.5341,143.7277069,33057.37109,41701.15625,258.7098694,2802.690186,45.99286652,7.186385155,143.7277069,0.016254047,3966.180664,1229.515991,0.006734501,182.0059357,364011.8438,134.6843872,0.000514085,74758.53125,26.88649178,60.80321884,245.4432373,555.0645752,108,070802060501
1928,F070802060501_230,3075.554585,383681.1073,94.7692337,21796.92383,26569.50195,170.5846252,1848,30.32615471,4.738461494,94.7692337,0.010717373,2476.641357,767.7588501,0.004205291,106.5359726,213071.9375,78.83661652,0.000300916,48366.42578,28.39032555,62.99689865,276.4822388,613.5020752,108,070802060501
1929,F070802060501_234,6102.114481,262925.6263,64.94262695,14936.80469,17995.60352,116.8967285,1266.381226,20.78164101,3.247131348,64.94262695,0.007344307,1697.1604,526.119751,0.002881747,136.9896393,273979.2813,101.3723297,0.000386934,32932.40625,28.39050293,62.59488678,147.3459778,324.8658447,108,070802060501
1930,F070802060501_238,1166.973181,70119.61616,17.31954575,3983.495605,5138.016602,31.17518234,337.7311401,5.542254448,0.865977287,17.31954575,0.001958653,429.6569824,133.1936646,0.00072955,16.08694839,32173.89648,11.9043417,4.54384E-05,9121.511719,29.90754509,68.483078,334.6254272,766.2340088,108,070802060501
1931,F070802060501_257,3689.79661,136960.7586,33.82930756,7780.740723,8822.683594,60.8927536,659.6715088,10.82537842,1.691465378,33.82930756,0.003825728,839.2548218,260.1690063,0.001425039,60.01379776,120027.5938,44.41020966,0.000169512,16603.42383,29.90648651,63.81784058,175.2016144,373.8650208,108,070802060501
1932,F070802060501_263,1282.03019,70962.17257,17.52765656,4031.361084,4399.79248,31.5497818,341.7893066,5.608850002,0.876382828,17.52765656,0.001982188,434.8300476,134.7973175,0.000738333,29.01911163,58038.22266,21.47414207,8.19659E-05,8431.15332,29.90683556,62.54689407,187.730957,392.618866,108,070802060501
1933,F070802060501_264,4388.210348,170529.6377,42.12081909,9687.788086,9749.285156,75.81747437,821.355957,13.47866249,2.106040955,42.12081909,0.004763408,1044.956787,323.936615,0.001774317,109.557785,219115.5625,81.07276154,0.000309451,19437.07422,29.9064312,60.00270844,119.4949799,239.7485199,108,070802060501
1934,F070802060501_269,3848.651854,126347.8212,31.20791245,7177.819824,6612.956055,56.17424393,608.5543213,9.986532211,1.560395598,31.20791245,0.003529277,774.2263794,240.0101776,0.001314622,86.61843872,173236.875,64.09764099,0.000244658,13790.77539,29.90631485,57.45912933,111.9825897,215.1526184,108,070802060501
1935,F070802060501_274,1035.554981,59594.71857,14.71989536,3385.575928,4318.817871,26.49581146,287.0379639,4.710366726,0.735994756,14.71989536,0.001664661,365.1708679,113.2029724,0.000620053,18.05634499,36112.69141,13.36169529,5.1001E-05,7704.393555,29.90712929,68.05822754,253.3792267,576.6030273,108,070802060501
1936,F070802060501_278,2721.526822,288387.7872,71.23178101,16383.30957,21596.05273,128.2172089,1389.019775,22.79417038,3.561589003,71.23178101,0.008055543,2010.237671,623.1737061,0.003413346,63.32236099,126644.7266,46.85854721,0.000178857,37979.36328,26.29011726,60.94506836,349.6333313,810.5109253,108,070802060501
1937,F070802060501_292,2646.192952,387182.7935,95.63414764,21995.85352,23070.78125,172.1414642,1864.865845,30.60292816,4.781707287,95.63414764,0.010815186,2848.211182,882.9454956,0.00483621,68.34017181,136680.3438,50.57172775,0.00019303,45066.63281,24.91190338,51.04124069,434.9436951,891.1428223,108,070802060501
1938,F070802060501_298,2989.796024,497999.6992,123.005928,28291.36328,37292.9375,221.410675,2398.615479,39.36189651,6.150296211,123.005928,0.013910638,3051.633301,946.0063477,0.005181617,69.77823639,139556.4688,51.63589478,0.000197092,65584.29688,29.90610313,69.32754517,547.901123,1270.130005,108,070802060501
1939,F070802060501_322,5219.904243,626395.6041,154.7197113,35585.53516,45899.14844,278.4954834,3017.034424,49.51030731,7.735985756,154.7197113,0.017497122,3838.40918,1189.90686,0.006517548,78.69058228,157381.1719,58.23102951,0.000222265,81484.6875,29.90615082,68.47988892,611.1094971,1399.334473,108,070802060501
1940,F070802060501_325,2395.867457,292304.1463,72.1991272,16605.79883,22830.80273,129.9584351,1407.882935,23.10372162,3.609956264,72.1991272,0.008164939,1920.8573,595.4657593,0.00326158,35.31373596,70627.47656,26.132164,9.97454E-05,39436.60156,27.88707542,66.22815704,635.4544067,1509.121216,108,070802060501
1941,F070802060501_329,2528.445748,269393.9643,66.54030609,15304.27051,20173.69141,119.7725525,1297.536011,21.29289818,3.3270154,66.54030609,0.007524988,1650.804443,511.7493896,0.002803035,58.94076538,117881.5313,43.61616516,0.000166481,35477.96094,29.90579224,69.326828,350.8852844,813.413147,108,070802060501
1942,F070802060501_331,1614.900555,107592.526,26.57535362,6112.331543,7883.845703,47.83563614,518.2194214,8.504113197,1.328767657,26.57535362,0.003005385,659.2947388,204.3813629,0.00111947,15.4628334,30925.66602,11.4424963,4.36755E-05,13996.17773,29.90650177,68.48069763,534.1781616,1223.175171,108,070802060501
1943,F070802060501_335,1536.37255,86505.04693,21.3667469,4914.351563,5433.13623,38.46014404,416.6515503,6.837358952,1.068337321,21.3667469,0.002416348,530.069458,164.3215332,0.000900048,5.121405602,10242.81152,3.789840221,1.44657E-05,10347.48828,29.90692329,62.9709816,1296.717407,2730.322998,108,070802060501
1944,F070802060501_344,2306.873994,63062.33462,15.57639694,3582.571289,4214.661133,28.03751373,303.7397461,4.984447002,0.778819859,15.57639694,0.001761522,439.5779114,136.2691498,0.000746395,23.08243752,46164.875,17.08100319,6.51975E-05,7797.232422,26.29040527,57.21935272,209.740097,456.4856262,108,070802060501
1945,F070802060501_345,1960.382441,90124.50958,22.26075363,5119.973145,6168.45459,40.06935501,434.0846863,7.123441219,1.113037705,22.26075363,0.00251745,628.2408447,194.7546692,0.001066741,22.56953049,45139.0625,16.70145226,6.37487E-05,11288.42773,26.28934669,57.96229553,306.5585632,675.8949585,108,070802060501
1946,F070802060501_362,1954.517626,220822.2489,54.54309464,12544.91211,17247.61523,98.17756653,1063.590332,17.45379066,2.727154732,54.54309464,0.006168233,1611.755737,499.6442871,0.002736731,16.02762032,32055.24023,11.8604393,4.52708E-05,29792.52734,25.107687,59.62747574,1057.710571,2511.924561,108,070802060501
1947,F070802060501_400,1361.167416,90121.01966,22.25989151,5119.774902,6603.619629,40.06780624,434.0678711,7.123165131,1.112994552,22.25989151,0.002517353,552.2166748,171.1871643,0.000937654,17.60909081,35218.17969,13.03072739,4.97377E-05,11723.39453,29.9074688,68.48290253,392.900177,899.6730957,108,070802060501
1948,F070802060501_411,4623.418287,585449.2099,144.605957,33259.37109,44784.46484,260.2907104,2819.816162,46.27390671,7.230298042,144.605957,0.016353367,3587.48291,1112.119751,0.00609148,82.14759064,164295.1719,60.7892189,0.00023203,78043.83594,29.90628624,70.17575073,547.1261597,1283.843384,108,070802060501
1949,F070802060501_423,1674.139076,149085.2811,36.82406616,8469.535156,11404.41211,66.28331757,718.0692749,11.78370094,1.841203332,36.82406616,0.004164403,913.5672607,283.2058411,0.00155122,16.06788445,32135.76758,11.89023495,4.53845E-05,19873.94727,29.90593338,70.17491913,712.3101807,1671.451172,108,070802060501
1950,F070802060501_455,2157.298984,174343.342,43.06280518,9904.445313,12494.24121,77.51304626,839.7247314,13.78009796,2.153140306,43.06280518,0.004869937,1068.336426,331.1842957,0.001814015,38.91505814,77830.11719,28.79714394,0.000109917,22398.6875,29.9061451,67.63209534,343.938446,777.8093262,108,070802060501
1951,F070802060501_459,903.6151295,42472.7954,10.49078083,2412.879639,3146.394775,18.88340569,204.5702209,3.357049942,0.524539053,10.49078083,0.001186394,296.0787354,91.78440857,0.000502736,9.206740379,18413.48047,6.812987804,2.60049E-05,5559.274414,26.28855705,60.5688324,354.1588135,815.9818726,108,070802060501
1952,F070802060501_481,4861.395369,557515.1927,137.7062531,31672.4375,41326.21094,247.8712616,2685.271973,44.06600189,6.885312557,137.7062531,0.015573085,3416.342041,1059.06604,0.005800886,108.0369949,216073.9844,79.94737244,0.000305156,72998.64844,29.90600777,68.92738342,396.1660767,913.0838013,108,070802060501
1953,F070802060501_485,2015.998153,67777.84946,16.74112892,3850.459717,4420.662598,30.1340313,326.4520264,5.357161045,0.837056458,16.74112892,0.00189324,461.991394,143.2173309,0.000784453,29.33986092,58679.72266,21.71149635,8.28719E-05,8271.12207,26.88543129,57.75224304,177.3465881,380.9558716,108,070802060501
1954,F070802060501_486,1970.147745,142877.9164,35.29084396,8116.894043,9318.900391,63.52351761,688.1714478,11.29306984,1.764542222,35.29084396,0.003991012,922.2786865,285.9064026,0.001566012,43.84115982,87682.3125,32.44245911,0.000123831,17435.79492,28.39003944,60.98427582,250.1935577,537.4375,108,070802060501
1955,F070802060501_492,444.6874053,11809.60488,2.916972399,670.9036255,741.7277222,5.25055027,56.88096237,0.933431149,0.145848617,2.916972399,0.000329878,86.88487244,26.93431091,0.000147529,,,,,1412.631348,24.90888405,52.44728088,,,108,070802060501
1956,F070802060501_497,1990.849166,156410.666,38.6334343,8885.689453,11335.04883,69.54018402,753.3519897,12.36269855,1.931671739,38.6334343,0.004369023,958.4287109,297.112915,0.001627394,23.27511215,46550.22266,17.22358322,6.57417E-05,20220.73828,29.90677643,68.05741882,515.9024658,1174.014648,108,070802060501
1957,F070802060501_499,1545.613632,111901.5532,27.63968277,6357.126953,8109.483887,49.75143051,538.9738159,8.844698906,1.381984115,27.63968277,0.003125749,685.7067871,212.5691071,0.001164317,18.05492401,36109.84766,13.36064339,5.0997E-05,14466.61133,29.90616608,68.0560379,475.8099365,1082.778076,108,070802060501
1958,F070802060501_510,2800.07108,368229.3225,90.95264435,20919.10742,27871.5293,163.7147522,1773.576538,29.10484695,4.547632217,90.95264435,0.010285758,2256.436523,699.4953003,0.003831387,49.36772919,98735.46094,36.53211975,0.000139442,48790.63672,29.90600204,69.75119781,572.6223145,1335.554443,108,070802060501
1959,F070802060501_511,2609.000195,334169.2594,82.53981018,18984.15625,25562.58008,148.5716553,1609.526245,26.4127388,4.126990318,82.53981018,0.009334358,2047.700439,634.7871094,0.003476957,47.81028366,95620.57031,35.37960815,0.000135042,44546.73438,29.90633583,70.17586517,536.5847168,1259.107666,108,070802060501
1960,F070802060501_515,3202.798739,642114.5351,158.6022949,36478.52734,46533.91406,285.4841309,3092.744629,50.75273514,7.930114746,158.6022949,0.017936202,3934.717041,1219.762329,0.006681077,127.2459793,254491.9531,94.16202545,0.000359412,83012.4375,29.90625763,68.05623627,387.4016724,881.5914307,108,070802060501
1961,F070802060501_516,9659.582303,1307390.407,322.9254456,74272.85156,96851.78906,581.2658081,6297.046387,103.3361435,16.14627266,322.9254456,0.036519371,8011.39209,2483.531494,0.013603195,176.8652191,353730.4375,130.8802643,0.000499564,171124.6406,29.9061451,68.90375519,567.4869995,1307.48999,108,070802060501
1962,F070802060501_526,1604.393132,145409.6031,35.91617203,8260.719727,9952.371094,64.64910889,700.3653564,11.49317551,1.795808554,35.91617203,0.00406173,1013.588623,314.2124634,0.001721055,5.899012089,11798.02441,4.365268707,1.6662E-05,18213.08984,26.29023552,57.96424866,1892.373657,4172.272461,108,070802060501
1963,F070802060501_528,2192.290197,288263.5014,71.20108795,16376.25,21122.51563,128.1619568,1388.421265,22.78434753,3.560054302,71.20108795,0.008052072,1894.275146,587.2252808,0.003216444,36.47550964,72951.01563,26.9918766,0.000103027,37498.76563,27.88750839,63.85754776,606.7103271,1389.261108,108,070802060501
1964,F070802060501_531,4638.158159,436419.8585,107.7957077,24793.01367,31275.8457,194.0322723,2102.016357,34.49462509,5.38978529,107.7957077,0.012190526,2674.303223,829.0339966,0.004540917,38.14726639,76294.53125,28.2289772,0.000107749,56068.85938,29.90590668,67.63155365,878.2824097,1986.216431,108,070802060501
1965,F070802060501_532,3277.910138,159770.2526,39.46325302,9076.547852,11192.56934,71.03385925,769.5334473,12.62824059,1.973162651,39.46325302,0.004462867,1130.733032,350.5272522,0.001919964,23.77280998,47545.61719,17.59187889,6.71475E-05,20269.11719,25.89398575,57.82465363,515.9510498,1152.186035,108,070802060501
1966,F070802060501_535,1736.733402,187290.5445,46.26076508,10639.97559,14025.33887,83.26937866,902.0848999,14.80344486,2.313038349,46.26076508,0.005231591,1147.687866,355.7832336,0.001948753,37.28211212,74564.22656,27.58876228,0.000105305,24665.31445,29.90578079,69.32680511,385.6633911,894.0348511,108,070802060501
1967,F070802060501_537,3375.41802,240815.7394,59.48148727,13680.74219,17645.78125,107.0666809,1159.889038,19.03407669,2.974074364,59.48148727,0.006726712,1475.676392,457.4596863,0.002505671,52.02082443,104041.6484,38.49541092,0.000146935,31326.52344,29.90589714,68.47930908,355.386322,813.7729492,108,070802060501
1968,F070802060501_544,821.2108813,41202.33093,10.1769762,2340.70459,2820.040283,18.31855774,198.4510345,3.256632328,0.508848786,10.1769762,0.001150906,252.4638519,78.26379395,0.000428679,2.251569748,4503.139648,1.666161656,6.35967E-06,5160.745117,29.9078846,65.94039154,1404.848389,3097.385498,108,070802060501
1969,F070802060502_140,1100.789898,49345.08757,12.18823624,2803.294434,3297.893066,21.93882561,237.6706085,3.900235653,0.609411836,12.18823624,0.001378358,343.9734192,106.6317596,0.000584061,,,,,6101.1875,26.28948784,57.21735764,,,108,070802060502
1970,F070802060502_186,1818.037064,113300.1299,27.98513222,6436.580566,8575.763672,50.37323761,545.710083,8.955242157,1.399256587,27.98513222,0.003164815,694.2623291,215.2213287,0.001178845,13.47558975,26951.17969,9.971936226,3.80625E-05,15012.34375,29.90679741,69.75305176,645.4694824,1505.459229,108,070802060502
1971,F070802060502_234,2285.05331,218816.859,54.04776382,12430.98535,16386.20117,97.2859726,1053.931396,17.29528427,2.702388287,54.04776382,0.006112217,1340.853149,415.6644897,0.002276744,20.35793686,40715.875,15.0648737,5.7502E-05,28817.1875,29.90629578,69.32800293,825.1635742,1912.872803,108,070802060502
1972,F070802060502_249,2099.213219,180240.1901,44.51932526,10239.44434,13143.56348,80.13478851,868.1268311,14.24618435,2.225966215,44.51932526,0.005034653,1104.504272,342.3963318,0.001875428,37.13277054,74265.54688,27.4782505,0.000104883,23383.00781,29.90523911,68.2922287,372.6381531,850.9642334,108,070802060502
1973,F070802060502_257,2247.32337,284569.3618,70.28863525,16166.38574,21310.10938,126.5195465,1370.628418,22.49236298,3.514431715,70.28863525,0.007948883,1743.754272,540.5638428,0.002960863,17.74517059,35490.33984,13.13142586,5.01221E-05,37476.49609,29.90652466,69.32852936,1231.121826,2853.954834,108,070802060502
1974,F070802060502_261,2390.076235,128724.2444,31.79488754,7312.824219,9121.318359,57.23079681,620.0003052,10.17436409,1.589744329,31.79488754,0.003595657,897.2783813,278.156311,0.001523562,9.251085281,18502.16992,6.845803261,2.61301E-05,16434.14258,26.29034042,59.08240128,1068.220093,2400.615723,108,070802060502
1975,F070802060502_294,5627.833941,717718.0745,177.2763672,40773.5625,53200.02734,319.0974731,3456.88916,56.72843933,8.863818169,177.2763672,0.020048037,4398.036133,1363.391235,0.007467784,124.6595306,249319.0625,92.2480545,0.000352107,93973.59375,29.90598869,68.92636108,441.9991455,1018.705444,108,070802060502
1976,F070802060502_326,2262.796936,266264.3463,65.76729584,15126.47852,19296.125,118.381134,1282.46228,21.04553413,3.288364887,65.76729584,0.007437569,1631.585449,505.7915039,0.002770402,67.43260193,134865.2031,49.9001236,0.000190467,34422.60156,29.90654945,68.05690002,303.1351013,689.8299561,108,070802060502
1977,F070802060502_328,2577.3129,300046.7632,74.11154938,17045.65625,22227.53516,133.4007874,1445.175171,23.71569633,3.705577374,74.11154938,0.008381213,1838.605835,569.9678345,0.003121919,82.60018921,165200.375,61.12414169,0.000233308,39273.19141,29.90634727,68.90422058,278.8694458,642.5151978,108,070802060502
1978,F070802060502_340,6676.98551,283111.0456,69.92842865,16083.53906,20517,125.87117,1363.60437,22.37709808,3.496421337,69.92842865,0.007908148,1734.827759,537.7966309,0.002945706,73.60488892,147209.7813,54.46761703,0.000207901,36600.53906,29.90635872,68.05646515,295.2862549,671.968811,108,070802060502
1979,F070802060502_383,2565.004993,378381.7281,93.460289,21495.86719,27421.25195,168.2285156,1822.475586,29.90729332,4.673014641,93.460289,0.010569346,2318.663818,718.7857666,0.003937048,93.57098389,187141.9688,69.24253082,0.000264296,48917.11719,29.90580559,68.05521393,310.4431152,706.4605713,108,070802060502
1980,F070802060502_384,2386.814513,218062.686,53.86148453,12388.1416,16505.31055,96.95066833,1050.29895,17.23567581,2.693074226,53.86148453,0.00609115,1486.307739,460.7554016,0.002523723,35.55132675,71102.65625,26.30798149,0.000100416,28893.45313,26.88659096,62.70887375,470.8890991,1098.2771,108,070802060502
1981,F070802060502_395,4103.399791,718944.795,177.579361,40843.25391,52101.78516,319.6428528,3462.797607,56.82539368,8.878968239,177.579361,0.020082302,4900.289551,1519.089722,0.008320601,179.7902832,359580.5625,133.0448151,0.000507826,92945.03906,26.88666344,61.18469238,306.988678,698.5994873,108,070802060502
1982,F070802060502_403,2389.055747,299117.6024,73.88204956,16992.87109,22881.27148,132.9876862,1440.699951,23.64225578,3.694102526,73.88204956,0.008355259,1775.598633,550.4355469,0.003014933,46.60647202,93212.94531,34.4887886,0.000131642,39874.14063,30.87168121,72.44107056,492.7070923,1156.147949,108,070802060502
1983,F070802060502_404,2573.817119,308883.645,76.29425812,17547.67969,22882.17383,137.3296661,1487.738037,24.41416168,3.814713001,76.29425812,0.008628054,1892.781494,586.7622681,0.003213908,52.27860641,104557.2109,38.68616867,0.000147663,40429.85156,29.90594482,68.90328979,453.5905151,1045.07251,108,070802060502
1984,F070802060502_410,4054.796805,274515.4915,67.80532837,15595.22559,20115.125,122.0495911,1322.203857,21.69770432,3.390266418,67.80532837,0.007668048,1682.164795,521.4710693,0.002856285,42.81515503,85630.30469,31.68321419,0.000120933,35710.35156,29.90621376,68.48002625,492.2236023,1127.106323,108,070802060502
1985,F070802060502_422,2002.34264,215942.5297,53.3378067,12267.69531,15649.31152,96.00804901,1040.08728,17.06809807,2.666890383,53.3378067,0.006031928,1471.872925,456.2806091,0.002499213,37.54407501,75088.14844,27.78261566,0.000106045,27917.00781,26.88629532,61.18385696,441.5601196,1004.83728,108,070802060502
1986,F070802060502_424,3535.902673,420262.7243,103.8048935,23875.125,30456.35547,186.8488159,2024.195435,33.21756744,5.190244675,103.8048935,0.011739209,2712.760254,840.9556885,0.004606217,68.0680542,136136.1094,50.37036133,0.000192262,54331.48047,28.39046669,64.60682678,473.9915466,1078.639893,108,070802060502
1987,F070802060502_427,1599.886506,159929.6886,39.50263214,9085.605469,11718.85156,71.10473633,770.3013306,12.64084244,1.975131631,39.50263214,0.00446732,1090.062134,337.9192505,0.001850905,18.42285728,36845.71484,13.63291454,5.20363E-05,20804.45703,26.8869133,61.56635666,666.4462891,1526.046143,108,070802060502
1988,F070802060502_428,2714.435818,448782.3024,110.8492279,25495.32227,33968.63672,199.5286102,2161.560059,35.47175217,5.542461395,110.8492279,0.012535847,2750.031982,852.5098877,0.004669503,77.51729584,155034.5938,57.3628006,0.000218951,59463.96094,29.90618896,69.75164032,444.457428,1036.629272,108,070802060502
1989,F070802060502_431,1738.655299,167957.2572,41.48544312,9541.652344,11495.61523,74.67379761,808.9661255,13.27534199,2.074272156,41.48544312,0.004691554,1029.202026,319.0526428,0.001747566,10.02675438,20053.50977,7.419798374,2.83211E-05,21037.26758,29.90620041,65.9366684,1285.971924,2835.28833,108,070802060502
1990,F070802060502_433,2965.513505,360011.9324,88.92295074,20452.2793,24350.66016,160.0613098,1733.997559,28.45534515,4.446147442,88.92295074,0.010056223,2206.057861,683.8779297,0.003745845,20.83439064,41668.78125,15.417449,5.88477E-05,44802.9375,29.90633011,65.51306152,1326.567017,2905.989014,108,070802060502
1991,F070802060502_434,1000.174817,53876.82206,13.30757523,3060.742188,3687.529541,23.95363617,259.4977112,4.258424282,0.665378749,13.30757523,0.001504943,330.1671143,102.3518066,0.000560618,2.947173595,5894.347168,2.180908442,8.32443E-06,6748.271484,29.90413475,65.93212128,1403.425293,3094.248047,108,070802060502
1992,F070802060502_440,6119.941973,1264426.982,312.3134766,71832.10156,89596.48438,562.1642456,6090.112793,99.94031525,15.61567402,312.3134766,0.035319272,9228.996094,2860.98877,0.015670665,351.9900208,703980.0625,260.4726257,0.000994213,161428.5938,25.10743904,56.42405701,275.776001,619.7526245,108,070802060502
1993,F070802060502_446,1700.563781,180896.3642,44.6814003,10276.72168,13546.50781,80.4265213,871.2872925,14.29804802,2.234070063,44.6814003,0.005052982,1108.471924,343.6262817,0.001882165,30.73138428,61462.76953,22.74122429,8.68023E-05,23823.23047,29.90668106,69.32889557,451.8983459,1047.579102,108,070802060502
1994,F070802060502_447,915.1176901,55057.64447,13.5992384,3127.824951,4034.349609,24.47863007,265.1851501,4.351756096,0.67996192,13.5992384,0.001537926,361.8186035,112.163765,0.000614361,17.02500343,34050.00781,12.59850216,4.80879E-05,7162.174805,27.88623428,63.85462189,248.2695923,568.4941406,108,070802060502
1995,F070802060502_448,2745.97072,440986.3626,108.9236298,25052.43555,33733.64844,196.0625305,2124.010742,34.8555603,5.446181297,108.9236298,0.012318082,2702.280029,837.7067871,0.004588421,70.22177887,140443.5625,51.96411514,0.000198345,58786.08594,29.90597153,70.17501831,482.110321,1131.282349,108,070802060502
1996,F070802060502_459,2133.57319,213917.4275,52.83760452,12152.64941,16363.80762,95.1076889,1030.333252,16.90803337,2.641880274,52.83760452,0.005975361,1380.826172,428.0561218,0.002344617,28.4738903,56947.78125,21.07067871,8.04259E-05,28516.45703,28.39031792,66.61849976,576.7564087,1353.371582,108,070802060502
1997,F070802060502_460,4099.17283,475235.6296,117.3832016,26998.13672,35588.24219,211.2897644,2288.972412,37.56262589,5.869160175,117.3832016,0.013274768,3067.595703,950.9546509,0.00520872,92.53664398,185073.2813,68.47711945,0.000261374,62586.37891,28.39056206,65.81426239,394.2650757,913.9750366,108,070802060502
1998,F070802060502_461,2804.298741,432573.1201,106.8455582,24574.47852,32741.75195,192.3220062,2083.488281,34.19057846,5.342278004,106.8455582,0.012083075,2650.716797,821.722229,0.004500868,88.40351868,176807.0469,65.41860199,0.0002497,57316.23047,29.90606499,69.75134277,375.6497192,876.145752,108,070802060502
1999,F070802060502_463,2398.551851,321436.9781,79.39493561,18260.83594,23820.68555,142.9108887,1548.201294,25.4063797,3.969746828,79.39493561,0.008978707,1969.693237,610.6049194,0.003344503,18.3018589,36603.71875,13.54337597,5.16945E-05,42081.52344,29.90613937,68.91776276,1348.322266,3107.166504,108,070802060502
2000,F070802060502_465,2082.304614,174862.7785,43.19110489,9933.954102,12249.86035,77.74398804,842.2265625,13.82115364,2.159555197,43.19110489,0.004884446,1286.327271,398.7614441,0.00218416,23.4432373,46886.47656,17.34799576,6.62166E-05,22183.81445,24.91202164,55.63179398,572.6283569,1278.753784,108,070802060502
2001,F070802060502_466,2616.114482,286227.5199,70.69819641,16260.58496,20512.37695,127.256752,1378.614868,22.62342262,3.534909725,70.69819641,0.0079952,2105.567871,652.7260132,0.003575215,34.09342194,68186.84375,25.2291317,9.62985E-05,36772.96094,24.91180801,56.33751297,644.5162354,1457.55957,108,070802060502
2002,F070802060502_469,2966.57506,441426.7637,109.0324097,25077.45508,32702.73438,196.2583313,2126.13208,34.89036942,5.451620579,109.0324097,0.012330384,2849.395264,883.312561,0.00483822,77.23617554,154472.3438,57.1547699,0.000218157,57780.1875,28.39023972,65.41307068,438.7640076,1010.942505,108,070802060502
2003,F070802060502_470,2401.99365,179749.6698,44.39816666,10211.57813,13750.11621,79.91670227,865.7642212,14.20741367,2.219908237,44.39816666,0.005020952,1181.186157,366.1676941,0.002005632,31.87467194,63749.34375,23.58725739,9.00316E-05,23961.69531,27.88770866,65.43913269,432.9277344,1015.874573,108,070802060502
2004,F070802060502_471,2965.870758,480605.0227,118.7094421,27303.17188,34055.36328,213.677002,2314.834229,37.9870224,5.935472012,118.7094421,0.013424752,3507.898926,1087.448608,0.005956347,99.16009521,198320.1875,73.37847137,0.000280082,61358.53516,25.10755157,56.42430878,372.0869446,836.192627,108,070802060502
2005,F070802060502_474,1976.941651,88398.94992,21.83454132,5021.944336,6477.438477,39.30217361,425.7735596,6.987053394,1.091727018,21.83454132,0.00246925,541.7255249,167.934906,0.00091984,19.46306229,38926.12109,14.40266609,5.49744E-05,11499.38281,29.90411186,68.47524261,348.6815796,798.4204102,108,070802060502
2006,F070802060502_476,4997.830451,768538.8047,189.8290863,43660.69141,54458.16797,341.6923523,3701.667236,60.74530792,9.491454124,189.8290863,0.021467613,4960.87793,1537.872192,0.008423479,242.3488312,484697.6563,179.3381348,0.000684526,98118.85938,28.39032555,63.80170059,243.4545898,547.1165161,108,070802060502
2007,F070802060502_479,2659.665549,241185.7339,59.57287598,13701.76172,16896.05859,107.2311783,1161.671143,19.06332016,2.978643894,59.57287598,0.006737047,1556.830078,482.6173096,0.002643469,76.73495483,153469.9063,56.78386688,0.000216742,30597.82031,28.39053154,63.39975739,241.2967377,538.8470459,108,070802060502
2008,F070802060502_483,2783.392196,365340.5341,90.23911285,20754.99609,27358.69727,162.4304047,1759.66272,28.87651634,4.511955738,90.23911285,0.010205066,2238.719727,694.0031128,0.003801305,55.47829437,110956.5938,41.053936,0.000156701,48113.69531,29.90620041,69.32778168,505.5543518,1171.963013,108,070802060502
2009,F070802060502_485,671.1736219,18829.59845,4.650910854,1069.709473,1276.034668,8.371639252,90.69276428,1.488291502,0.23254554,4.650910854,0.000525968,138.5010529,42.93532562,0.000235172,,,,,2345.744141,24.91443634,54.63436127,,,108,070802060502
2010,F070802060502_486,1585.090797,139529.8683,34.46387863,7926.691895,10673.46289,62.03498077,672.0456543,11.02844143,1.723193884,34.46387863,0.003897491,855.0209961,265.0565186,0.00145181,21.80938721,43618.77734,16.13894653,6.16017E-05,18600.1543,29.90566635,70.17429352,491.1529846,1152.501099,108,070802060502
2011,F070802060502_488,1507.363299,99002.02328,24.45349884,5624.304688,7413.8125,44.01629639,476.8432312,7.825119495,1.222674966,24.45349884,0.002765426,606.6726074,188.068512,0.001030119,16.01141548,32022.83008,11.8484478,4.5225E-05,13038.11719,29.90561676,69.32642365,474.6870422,1100.407227,108,070802060502
2012,F070802060502_491,1366.415748,109925.0827,27.15149498,6244.84375,8231.791016,48.87269211,529.4541626,8.68847847,1.357574701,27.15149498,0.00307054,749.2286987,232.2608948,0.001272176,16.93892479,33877.85156,12.53480434,4.78448E-05,14476.63477,26.88719368,62.32919693,498.2003479,1154.915039,108,070802060502
2013,F070802060502_504,2347.054394,305469.0554,75.45085907,17353.69727,23257.36719,135.811554,1471.291748,24.14427567,3.772542953,75.45085907,0.008532675,1871.826294,580.2661743,0.003178326,38.04647446,76092.94531,28.15439034,0.000107464,40611.0625,29.90644264,69.98695374,616.3762207,1442.441528,108,070802060502
2014,F070802060502_506,873.4180809,46923.76294,11.59016991,2665.739014,3589.475098,20.86230659,226.008316,3.708854437,0.579508483,11.59016991,0.001310723,287.5243225,89.13253784,0.000488211,9.001194954,18002.38867,6.66088438,2.54243E-05,6255.213867,29.90758514,70.17879486,400.2079773,939.0966187,108,070802060502
2015,F070802060502_511,3831.677052,634899.3043,156.8201294,36068.62891,47544.72656,282.2762451,3057.992432,50.18244171,7.841006279,156.8201294,0.017734658,3890.498779,1206.054565,0.006605994,114.7441864,229488.375,84.91069794,0.000324101,83613.35938,29.90629959,69.32801056,424.7830811,984.7211304,108,070802060502
2016,F070802060502_529,537.6131319,11787.0438,2.911399841,669.6219482,835.2225342,5.240519524,56.77229691,0.931647956,0.145569995,2.911399841,0.000329248,76.08418274,23.58609581,0.00012919,2.858668804,5717.337402,2.115414858,8.07445E-06,1504.844482,28.39053726,63.80218506,316.5440369,711.3708496,108,070802060502
2017,F070802060502_534,10644.67033,436520.4158,107.8205414,24798.72461,30931.56055,194.0769806,2102.500488,34.50257492,5.391026974,107.8205414,0.012193335,2674.898682,829.2185669,0.004541928,117.4183578,234836.7188,86.8895874,0.000331654,55730.28516,29.90613747,67.20819855,285.4050293,641.3919678,108,070802060502
2018,F070802060502_538,3579.646166,474103.7371,117.1036224,26933.83398,35121.71875,210.7865143,2283.520752,37.47315979,5.855181217,117.1036224,0.013243151,2905.219238,900.617981,0.004933008,31.67593002,63351.85938,23.44018745,8.94702E-05,62055.55469,29.90594673,68.90330505,1149.045166,2647.400146,108,070802060502
2019,F070802060502_541,2383.754959,317270.1895,78.36573792,18024.11914,24888.37109,141.0583344,1528.131836,25.0770359,3.9182868,78.36573792,0.008862316,2288.924072,709.5664673,0.003886551,39.39854813,78797.10156,29.1549263,0.000111283,42912.49219,25.40159416,60.47705841,618.2186279,1471.87793,108,070802060502
2020,F070802060502_542,3174.297941,451041.4103,111.4072266,25623.66211,33050.06641,200.5330048,2172.440918,35.65031433,5.570361137,111.4072266,0.01259895,3144.053711,974.6566772,0.005338545,113.0864334,226172.8594,83.68395996,0.000319418,58673.72656,26.28993607,60.19937897,306.1956177,701.1347046,108,070802060502
2021,F070802060502_543,2623.038199,87063.13499,21.5045948,4946.056641,6309.44873,38.70827103,419.3395996,6.881470203,1.075229764,21.5045948,0.002431937,533.5083618,165.3875885,0.000905887,29.08312607,58166.25391,21.52151299,8.21467E-05,11255.50586,29.90585136,68.05532074,229.8191833,522.9885864,108,070802060502
2022,F070802060502_548,2394.07879,319348.4293,78.87905884,18142.18359,23400.26367,141.9822998,1538.141602,25.24129868,3.943953037,78.87905884,0.008920367,2176.688965,674.7735596,0.003695977,90.03427124,180068.5469,66.62535858,0.000254306,41542.44531,26.88632774,61.5650177,272.3014832,623.5230103,108,070802060502
2023,F070802060502_551,2105.336392,237480.922,58.65778732,13491.29102,17401.41992,105.5840149,1143.826904,18.77049255,2.932889462,58.65778732,0.00663356,1455.224976,451.119751,0.002470945,56.20529556,112410.5859,41.59191895,0.000158755,30892.71094,29.90622902,68.48006439,324.3728943,742.7575073,108,070802060502
2024,F070802060502_552,3089.294745,338453.6994,83.59806061,19227.55469,24800.20117,150.4765015,1630.162231,26.75137901,4.17990303,83.59806061,0.009454035,2073.959473,642.9274292,0.003521545,67.69178009,135383.5625,50.09191895,0.000191199,44027.75781,29.90625954,68.48013306,383.8454285,878.9393311,108,070802060502
2025,F070802060502_554,2408.054155,302844.5192,74.80259705,17204.59766,23166.36523,134.6446686,1458.650635,23.93683052,3.740129948,74.80259705,0.008459363,1954.818604,605.9937744,0.003319246,54.29059601,108581.1953,40.1750412,0.000153346,40370.96094,28.39071655,66.61943054,428.2409363,1004.876648,108,070802060502
2026,F070802060502_587,1829.736527,108581.7269,26.81968689,6168.527832,7694.031738,48.2754364,522.9838867,8.582300186,1.340984344,26.81968689,0.003033016,792.5319214,245.6848907,0.001345704,52.66526031,105330.5234,38.97229385,0.000148756,13862.55957,25.10747719,56.42414474,158.2798309,355.7029419,108,070802060502
2027,F070802060502_588,2438.989011,308756.1965,76.26277924,17540.43945,22624.11914,137.2730103,1487.124146,24.40408897,3.813138962,76.26277924,0.008624494,1992.996582,617.8289185,0.003384071,59.71200943,119424.0234,44.18688583,0.000168659,40164.55859,28.39044762,65.00919342,396.9602966,908.9700928,108,070802060502
2028,F070802060502_609,1825.428269,187706.4169,46.36348343,10663.60156,13905.33496,83.45426941,904.0879517,14.83631516,2.318174124,46.36348343,0.005243208,1150.227783,356.5706177,0.001953066,11.43138218,22862.76563,8.459222794,3.22885E-05,24568.9375,29.90600204,68.90342712,1260.588867,2904.396484,108,070802060502
2029,F070802060502_617,3298.713263,575792.5115,142.2207489,32710.77148,42191.20703,255.997345,2773.304688,45.51063919,7.111037254,142.2207489,0.016083626,3528.31543,1093.777832,0.005991015,160.6124878,321224.9688,118.853241,0.000453658,74901.97656,29.90623093,68.48006439,275.2198486,630.2055664,108,070802060502
2030,F070802060502_618,3981.588643,129263.2351,31.92801857,7343.444336,8534.99707,57.47043228,622.5963745,10.21696568,1.596400976,31.92801857,0.003610713,881.0705566,273.1318665,0.001496041,50.61201859,101224.0313,37.4528923,0.000142956,15878.44141,26.88607597,58.1347084,196.0714874,423.9576721,108,070802060502
2031,F070802060502_621,1591.03204,158147.2723,39.06237793,8984.34668,11460.89941,70.31227875,761.7163696,12.4999609,1.95311892,39.06237793,0.004417532,1077.944092,334.1626587,0.001830329,28.45873451,56917.46875,21.0594635,8.03831E-05,20445.24609,26.88614845,61.18351364,426.6180115,970.8341675,108,070802060502
2032,F070801010602_289,2319.942661,139691.5381,34.50381088,7935.876465,8323.699219,62.10686111,672.8243408,11.04121971,1.72519052,34.50381088,0.003902007,855.9989624,265.3596802,0.00145347,46.95757294,93915.14063,34.74860382,0.000132634,16259.57617,29.90611267,61.2737236,228.379715,467.9202576,108,070801010602
2033,F070801010602_291,2511.402562,250770.3213,61.94026947,14246.26172,16557.87305,111.492485,1207.835205,19.82088661,3.097013474,61.94026947,0.007004773,1536.684082,476.3720703,0.002609261,48.84614182,97692.28125,36.14614487,0.000137968,30804.13477,29.90574455,64.66402435,394.1294861,852.2108154,108,070801010602
2034,F070801010602_299,1428.117093,86093.77816,21.26516342,4890.987793,3466.221924,38.27729416,414.6706848,6.804852486,1.063258171,21.26516342,0.00240486,555.7459717,172.28125,0.000943646,44.6492157,89298.42969,33.04042053,0.000126114,8357.209961,28.38955307,48.5091095,148.0304413,252.9389648,108,070801010602
2035,F070801010602_519,3041.818358,394302.9892,97.39283752,22400.35352,25400.05469,175.3071136,1899.160278,31.16570854,4.869641781,97.39283752,0.011014075,2687.552979,833.1414185,0.004563415,117.5564499,235112.8906,86.99177551,0.000332044,47800.40625,26.88661575,57.37369919,257.4996643,549.4818726,108,070801010602
2036,F070801010602_758,881.9613335,44812.72292,11.06874275,2545.810791,2128.96167,19.92373657,215.8404846,3.541997671,0.553437114,11.06874275,0.001251755,274.5968018,85.12500763,0.00046626,24.17883873,48357.67969,17.89234161,6.82943E-05,4674.772461,29.90673256,54.91655731,142.2849426,261.2722473,108,070801010602
2037,F070801010602_759,1451.346928,98200.55156,24.25553703,5578.773438,5930.479004,43.65996552,472.9829712,7.761771679,1.212776899,24.25553703,0.002743038,601.7532349,186.5435028,0.001021766,8.94096756,17881.93359,6.616315842,2.52542E-05,11509.25195,29.90601921,61.6974144,843.1842651,1739.525757,108,070801010602
2038,F070801010602_762,3042.817182,301019.761,74.35188293,17100.93359,20118.13281,133.8333893,1449.861694,23.79260254,3.717594147,74.35188293,0.008408393,2051.726563,636.0352173,0.003483793,91.31115723,182622.3125,67.57025909,0.000257913,37219.06641,26.88677216,58.51730347,253.0837402,550.8202515,108,070801010602
2039,F070801010604_11,1816.471675,54489.03817,13.45879269,3095.522217,3685.556641,24.22582626,262.4464722,4.306813717,0.672939658,13.45879269,0.001522044,333.8788452,103.5024414,0.00056692,17.63614655,35272.29297,13.05074883,4.98142E-05,6781.079102,29.90772247,65.51612854,237.1911621,519.5930786,108,070801010604
2040,F070801010604_16,2009.53369,167182.1418,41.29398727,9497.617188,10230.99805,74.32917786,805.2327271,13.21407604,2.064699411,41.29398727,0.004669902,1024.434814,317.5747986,0.001739471,45.46134949,90922.69531,33.64139938,0.000128408,19728.61523,29.90670967,62.12273407,282.3193359,586.4385986,108,070801010604
2041,F070801010604_17,2635.131144,303481.186,74.95985413,17240.76563,20527.00586,134.9277344,1461.717163,23.98715401,3.747992754,74.95985413,0.008477148,1859.664551,576.4960327,0.003157676,64.45874786,128917.4922,47.69947433,0.000182067,37767.77344,29.90612984,65.51263428,361.4456177,791.7859497,108,070801010604
2042,F070801010604_28,1950.296169,233976.3197,57.7921524,13292.19531,15637.39941,104.0258713,1126.947021,18.49348831,2.889607668,57.7921524,0.006535667,1433.767456,444.467926,0.002434511,63.89754105,127795.0859,47.28417969,0.000180482,28929.59375,29.90585899,65.08815002,281.1129456,611.8239746,108,070801010604
2043,F070801010604_31,4627.163874,161408.788,39.86796951,9169.632813,8318.052734,71.76234436,777.425415,12.75775051,1.993398428,39.86796951,0.004508635,989.0604248,306.6087341,0.001679406,82.53388214,165067.7656,61.07507324,0.000233121,17487.68555,29.90662575,57.03583527,150.1370697,286.3309937,108,070801010604
2044,F070801010604_34,980.8727808,63074.73788,15.57946014,3583.275879,3910.756104,28.04302788,303.799469,4.98542738,0.778972983,15.57946014,0.001761868,429.9092102,133.2718506,0.000729978,18.67128372,37342.56641,13.81674957,5.27379E-05,7494.032227,26.88696671,56.23117065,259.3428955,542.3875122,108,070801010604
2045,F070801010604_38,2515.17017,257360.2928,63.56799316,14620.63867,16992.99609,114.4223862,1239.575928,20.34175873,3.178399563,63.56799316,0.007188851,1577.051636,488.8860168,0.002677805,44.38113785,88762.27344,32.84204102,0.000125357,31613.63477,29.90602684,64.6646347,445.1805725,962.5965576,108,070801010604
2046,F070801010604_43,1417.894734,95940.81546,23.69738197,5450.397949,5794.009766,42.6552887,462.098938,7.583162308,1.184869051,23.69738197,0.002679917,587.8942261,182.2472076,0.000998233,9.144619942,18289.24023,6.767018795,2.58294E-05,11244.4082,29.90662003,61.69865799,805.4356079,1661.648682,108,070801010604
2047,F070801010604_46,2380.588027,317054.2545,78.31240082,18011.85156,18126.1875,140.962326,1527.091797,25.05996895,3.915620089,78.31240082,0.008856284,1942.817871,602.2735596,0.003298869,126.9141922,253828.3906,93.91650391,0.000358475,36138.03906,29.90642929,60.00270081,191.7857971,384.7890015,108,070801010604
2048,F070801010604_49,9798.823943,441340.1619,109.0110168,25072.5332,24520.93945,196.2198334,2125.714844,34.88352585,5.450551033,109.0110168,0.012327965,2704.424561,838.3716431,0.004592063,235.1844025,470368.8125,174.0364532,0.00066429,49593.47266,29.90622711,59.15452194,144.0648346,284.9602661,108,070801010604
2049,F070801010604_52,2228.229468,277361.9494,68.50839996,15756.93164,15856.95605,123.3151169,1335.913818,21.92268753,3.425420046,68.50839996,0.007747558,1699.59082,526.8731689,0.002885874,86.12143707,172242.875,63.72986221,0.000243254,31613.88672,29.90649796,60.00284195,247.2456512,496.060791,108,070801010604
2050,F070801010604_60,9800.438088,470257.0024,116.1534805,26715.30078,21204.98047,209.0762634,2264.99292,37.16911316,5.807673931,116.1534805,0.0131357,2881.610352,893.2991943,0.004892921,98.85343933,197706.875,73.15154266,0.000279216,47920.28125,29.90633011,53.64415741,365.204895,655.0823364,108,070801010604
2051,F070801010604_78,6502.393952,246968.2128,61.00114822,14030.26367,11931.82422,109.802063,1189.522339,19.52036667,3.050057411,61.00114822,0.006898569,1721.545288,533.6790161,0.002923152,111.8069763,223613.9531,82.73715973,0.000315804,25962.08789,26.28970528,48.64738464,169.5763245,313.7899475,108,070801010604
2052,F070801010604_84,2432.223255,334120.6994,82.52780914,18981.39648,18832.8457,148.5500488,1609.292236,26.40889931,4.126390457,82.52780914,0.009333001,2047.439453,634.7062378,0.003476514,34.61333466,69226.66406,25.61386681,9.7767E-05,37814.24219,29.90579796,59.57754898,741.0593872,1476.319214,108,070801010604
2053,F070801010604_93,1583.214474,110067.3973,27.18664742,6252.928711,7533.419922,48.93596649,530.1396484,8.699727058,1.359332323,27.18664742,0.003074515,674.4640503,209.0838623,0.001145227,29.76670456,59533.40625,22.02736092,8.40775E-05,13786.34863,29.90631866,65.93693542,283.8710022,625.8738403,108,070801010604
2054,F070801010604_94,1331.360129,79348.35337,19.59904289,4507.779785,5367.002441,35.27827835,382.1813354,6.271693707,0.979952157,19.59904289,0.002216439,486.2511597,150.737854,0.000825645,22.42046738,44840.93359,16.59114647,6.33277E-05,9874.782227,29.90476227,65.50963593,271.6979065,595.1838379,108,070801010604
2055,F070801010604_110,1274.96455,84962.04827,20.98562622,4826.693848,5883.529785,37.77412796,409.2197266,6.715400219,1.049281359,20.98562622,0.002373247,520.6184082,161.3917084,0.000884,20.37945747,40758.91406,15.08079815,5.75628E-05,10710.22363,29.90670204,66.36167145,320.055603,710.1894531,108,070801010604
2056,F070801010604_112,2326.42978,298091.8211,73.62867737,16934.5957,18722.30078,132.5316162,1435.759155,23.5611763,3.681433916,73.62867737,0.008326606,1826.637817,566.2577515,0.003101597,45.89098358,91781.96875,33.9593277,0.000129621,35656.89844,29.90616226,62.96937943,498.6728821,1049.988403,108,070801010604
2057,F070801010604_122,2181.862187,76742.7883,18.95546913,4359.757813,4202.04834,34.11984253,369.6316528,6.065750122,0.947773457,18.95546913,0.002143658,470.2555237,145.7792053,0.000798485,41.17666626,82353.32813,30.47073364,0.000116305,8561.806641,29.90658188,58.73133087,143.0801697,280.9845886,108,070801010604
2058,F070801010604_132,3657.202117,98931.47349,24.4360733,5620.296875,5815.297363,43.98493195,476.503418,7.819543362,1.221803665,24.4360733,0.002763455,606.2120972,187.9257507,0.001029337,48.37805557,96756.10938,35.79976273,0.000136646,11435.59375,29.90700722,60.85165787,156.992569,319.4320984,108,070801010604
2059,F070801010604_136,1455.628368,111500.0485,27.54051208,6334.317871,6374.526367,49.57292175,537.039978,8.812963486,1.377025604,27.54051208,0.003114534,683.2595215,211.8104553,0.001160162,46.7241745,93448.34375,34.57588959,0.000131975,12708.84375,29.90559578,60.00102234,183.2004242,367.5637512,108,070801010604
2060,F070801010604_144,3742.767191,103125.4155,25.47197723,5858.554688,6393.975586,45.84955978,496.7035522,8.151032448,1.273598909,25.47197723,0.002880605,665.680481,206.3609467,0.001130313,60.23871231,120477.4297,44.57664871,0.000170147,12252.53027,28.38984299,59.37426758,131.4265442,274.8643188,108,070801010604
2061,F070801010604_149,6475.070754,245504.5425,60.63962173,13947.11328,14628.7041,109.1513214,1182.472656,19.40467834,3.031980991,60.63962173,0.006857684,1504.367432,466.3539124,0.002554388,26.78024864,53560.49609,19.81738472,7.56421E-05,28575.81641,29.90671349,61.27495956,703.7817383,1441.957031,108,070801010604
2062,F070801010604_161,2424.928091,245207.2425,60.56618881,13930.22363,16980.33789,109.0191422,1181.040649,19.38117981,3.028309345,60.56618881,0.00684938,1769.040405,548.4025269,0.003003798,18.58543587,37170.87109,13.75322247,5.24955E-05,30910.5625,25.40145683,56.36473465,1012.869812,2247.51416,108,070801010604
2063,F070801010604_162,992.6942726,56030.49015,13.83953094,3183.092041,3654.466797,24.9111557,269.8708496,4.428649902,0.691976547,13.83953094,0.001565101,404.2086792,125.3046875,0.000686339,5.220491886,10440.9834,3.863163948,1.47455E-05,6837.558594,25.40281677,54.56745911,823.9598389,1769.9375,108,070801010604
2064,F070801010604_169,2406.180716,323263.3813,79.84605408,18364.5918,21865.04492,143.7229004,1556.998047,25.55073738,3.992302656,79.84605408,0.009029724,1980.876831,614.0718384,0.003363492,56.54073715,113081.4766,41.84014511,0.000159702,40229.63672,29.90625954,65.51291656,438.92276,961.5080566,108,070801010604
2065,F070801010604_180,2039.617915,94768.73261,23.40787697,5383.811523,5723.225586,42.13417816,456.4536133,7.490520477,1.170393825,23.40787697,0.002647177,580.7001343,180.0170441,0.000986018,,,,,11107.03711,29.90723228,61.69992065,,,108,070801010604
2066,F070801010604_202,4404.221717,148768.7209,36.7458725,8451.550781,9463.533203,66.1425705,716.5444946,11.75867939,1.837293625,36.7458725,0.00415556,835.4794312,258.9986267,0.001418629,52.95349503,105906.9844,39.18558502,0.00014957,17915.08398,32.63164139,69.170578,215.6800995,457.1855774,108,070801010604
2067,F070801010604_205,1205.827731,43617.4824,10.77351856,2477.90918,2388.273193,19.39233398,210.0836182,3.447525978,0.538675904,10.77351856,0.001218368,267.2578125,82.84992218,0.000453799,,,,,4866.182617,29.90840721,58.73490906,,,108,070801010604
2068,F070801010604_206,1017.861983,54802.39596,13.53619194,3113.324219,3221.343262,24.36514473,263.9557495,4.331581593,0.676809609,13.53619194,0.001530797,335.8270569,104.1063843,0.000570228,29.30922318,58618.44531,21.68882561,8.27853E-05,6334.66748,29.90521812,60.84802246,143.5450745,292.0705566,108,070801010604
2069,F070801010604_241,1207.345361,63478.22461,15.67912102,3606.197754,3577.975342,28.22241783,305.7428589,5.017318726,0.783956051,15.67912102,0.001773139,388.960144,120.5776443,0.000660447,6.340577602,12681.15527,4.692027569,1.79093E-05,7184.172852,29.90768051,59.58129883,768.579834,1531.144653,108,070801010604
2070,F070801010604_258,2838.828393,303097.8306,74.86516571,17218.98828,20745.13672,134.7572937,1459.870728,23.95685387,3.743258238,74.86516571,0.008466439,1857.330444,575.7724609,0.003153713,61.34377289,122687.5469,45.39439011,0.000173268,37964.125,29.90589142,65.93598938,379.3197327,836.3175659,108,070801010604
2071,F070801010604_265,1082.078454,72820.41614,17.98664284,4136.927734,4984.099121,32.37595749,350.7395325,5.755725861,0.899332166,17.98664284,0.002034094,507.6230469,157.3631439,0.000861935,8.371399879,16742.80078,6.19483614,2.36454E-05,9121.027344,26.28905106,57.96165085,667.8026123,1472.359741,108,070801010604
2072,F070801010604_267,1078.972695,58211.44664,14.37822723,3306.992188,3374.857422,25.88080978,280.3754272,4.601032734,0.71891135,14.37822723,0.001626022,356.7060547,110.5788803,0.00060568,6.048612595,12097.22559,4.475973129,1.70846E-05,6681.849609,29.90618324,60.42609024,738.8320313,1492.826172,108,070801010604
2073,F070801010604_268,3288.134243,97128.11156,23.99064445,5517.848145,4927.198242,43.18315887,467.8175659,7.677006245,1.19953227,23.99064445,0.002713082,595.187439,184.5081024,0.001010617,12.44368267,24887.36523,9.208325386,3.51478E-05,10445.04688,29.90572357,56.61023331,599.2238159,1134.304688,108,070801010604
2074,F070801010604_273,1676.76396,115164.9059,28.44573212,6542.518555,7047.713867,51.20231628,554.6917725,9.10263443,1.42228663,28.44573212,0.003216904,705.6987305,218.7666016,0.001198263,31.08155251,62163.10547,23.00034904,8.77914E-05,13590.23242,29.90638733,62.12206268,284.4530029,590.8707275,108,070801010604
2075,F070801010604_274,1481.430812,76349.68672,18.85837173,4337.425293,4610.872559,33.94506836,367.7382507,6.034678936,0.942918599,18.85837173,0.002132677,467.84021,145.0304718,0.000794384,33.29908752,66598.17188,24.641325,9.40549E-05,8948.297852,29.90699387,61.69943237,176.0223999,363.1419067,108,070801010604
2076,F070801010604_276,3436.847257,333580.4837,82.39437866,18950.70703,21757.06055,148.3098755,1606.69043,26.3662014,4.119719028,82.39437866,0.009317911,2192.051758,679.5360718,0.003722063,84.99877167,169997.5469,62.89908981,0.000240083,40707.76563,27.88771248,59.90523148,301.2874756,647.1916504,108,070801010604
2077,F070801010605_1,2128.810093,246650.9353,60.9227829,14012.24023,11728.86035,109.6610107,1187.994263,19.49529076,3.04613924,60.9227829,0.006889707,1620.811768,502.4516602,0.002752108,24.25389481,48507.79297,17.9478817,6.85063E-05,25741.10156,27.88773727,51.23100281,780.7183228,1434.213867,108,070801010605
2078,F070801010605_23,1122.87968,61941.19782,15.29947567,3518.879395,3441.463623,27.53905678,298.3397827,4.895832062,0.76497376,15.29947567,0.001730205,379.5657654,117.66539,0.000644496,18.31860161,36637.20313,13.55576515,5.17418E-05,6960.342773,29.90581512,59.15369797,259.5854492,513.4599609,108,070801010605
2079,F070801010605_27,3226.011146,192043.7724,47.43481064,10910.00684,12061.72363,85.38265991,924.9788208,15.17913914,2.37174058,47.43481064,0.005364363,1176.813354,364.8121338,0.001998207,20.99329758,41986.59375,15.5350399,5.92966E-05,22971.73047,29.90582275,62.96865845,702.2838135,1478.704346,108,070801010605
2080,F070801010605_33,8145.23125,306465.7992,75.697052,17410.32227,16533.75,136.2546997,1476.092529,24.22305679,3.784852505,75.697052,0.008560517,2136.277344,662.2459717,0.003627359,158.3598175,316719.6563,117.186264,0.000447295,33944.07031,26.28981209,51.25598526,148.5696564,289.6591187,108,070801010605
2081,F070801030202_177,2495.412993,314223.3733,77.61317444,17851.0293,23277.74023,139.7037201,1513.456909,24.83621597,3.880658627,77.61317444,0.00877721,2028.292603,628.7706909,0.003444003,32.15058517,64301.16797,23.79143333,9.08109E-05,41128.76953,28.3903656,65.41139984,750.3132935,1728.721802,108,070801030202
2082,F070801030202_408,1078.325832,72585.24355,17.92855453,4123.567383,5201.791504,32.27139664,349.6068115,5.737137318,0.896427751,17.92855453,0.002027525,505.9595032,156.8474426,0.00085911,8.980254173,17960.50781,6.645388126,2.53652E-05,9325.359375,26.29030609,59.4549675,620.515686,1403.282837,108,070801030202
2083,F070801030406_354,3804.16443,767654.873,189.6107483,43610.47266,58104.31641,341.2993469,3697.409668,60.67543793,9.480537415,189.6107483,0.021442922,4704.017578,1458.245483,0.007987334,98.4307785,196861.5469,72.83877563,0.000278023,101714.7891,29.90612602,69.75148773,598.7260742,1396.437378,108,070801030406
2084,F070801030406_390,2652.31951,284984.7582,70.39123535,16189.98438,20882.26367,126.7042236,1372.62915,22.52519608,3.519561768,70.39123535,0.007960486,1746.332764,541.3631592,0.002965241,60.04201126,120084.0156,44.43108749,0.000169592,37072.25,29.90595818,68.47944641,364.3841553,834.3764038,108,070801030406
2085,F070801030406_397,20862.95519,899221.2237,222.1076355,51084.75781,60821.95313,399.7937317,4331.099121,71.07444,11.10538197,222.1076355,0.025117967,5510.244629,1708.175781,0.009356293,318.8186646,637637.375,235.9258118,0.000900519,111906.7109,29.90603065,65.51241302,216.5289001,474.3300781,108,070801030406
2086,F070801030406_425,12702.12043,448381.8016,110.7503052,25472.57031,25995.3125,199.3505554,2159.630859,35.44009781,5.537515163,110.7503052,0.01252466,2747.594727,851.7543945,0.004665365,54.02852631,108057.0547,39.98110962,0.000152606,51467.88281,29.90600395,60.42573166,637.1151123,1287.305054,108,070801030406
2087,F070801030406_428,6242.506883,192962.8445,47.66182327,10962.21973,10565.67285,85.79128265,929.4055786,15.25178337,2.383091211,47.66182327,0.005390036,1182.414551,366.5485229,0.002007718,122.8124313,245624.8594,90.8812027,0.00034689,21527.89258,29.90659904,58.73135757,120.6214218,236.8794861,108,070801030406
2088,F070801030406_430,4893.211228,213566.8873,52.75102234,12132.73535,14617.3252,94.95184326,1028.644897,16.88032722,2.637551069,52.75102234,0.005965569,1540.77356,477.639801,0.002616205,50.78798676,101575.9766,37.58311081,0.000143453,26750.06055,25.40143204,56.004673,322.8241272,711.7575073,108,070801030406
2089,F070801030406_431,8297.699332,260327.1968,64.3008194,14789.18848,14673.46094,115.741478,1253.865967,20.57626152,3.215040922,64.3008194,0.007271726,1680.393799,520.9220581,0.002853277,196.6456604,393291.3125,145.5177917,0.000555435,29462.64844,28.39040565,56.55865097,101.6314774,202.4676666,108,070801030406
2090,F070801030406_437,5141.492938,221530.3722,54.71800232,12585.14063,11059.60254,98.49240112,1067.001099,17.5097599,2.735900164,54.71800232,0.006188013,1357.501099,420.8253479,0.002305012,38.03730774,76074.61719,28.1476078,0.000107438,23644.74219,29.90585136,56.1865921,447.1122742,840.0267334,108,070801030406
2091,F070801030406_484,8232.811868,267624.7101,66.103302,15203.75977,13648.20117,118.9859467,1289.014404,21.1530571,3.305165052,66.103302,0.007475568,1727.499146,535.5247192,0.002933261,231.8069916,463614,171.5371704,0.00065475,28851.96094,28.39039803,53.87605667,88.63245392,168.1965485,108,070801030406
2092,F070801030406_524,4404.150984,130268.1988,32.17624664,7400.536621,6350.270508,57.91724396,627.4368286,10.29639912,1.608812332,32.17624664,0.003638785,798.2687378,247.4633026,0.001355445,20.07012749,40140.25781,14.85189438,5.6689E-05,13750.80664,29.90559196,55.56705475,498.2890625,925.8621216,108,070801030406
2093,F070801030406_654,2666.905005,125325.4324,30.95538139,7119.737793,9082.310547,55.71968842,603.6299438,9.905721664,1.54776907,30.95538139,0.003500718,767.9864502,238.0758057,0.001304027,27.04432869,54088.65625,20.01280403,7.6388E-05,16202.04883,29.90534019,68.05416107,355.7591248,809.5841675,108,070801030406
2094,F070801030406_655,2592.342043,312364.4515,77.15402222,17745.42578,22133.94531,138.877243,1504.503418,24.68928719,3.857701063,77.15402222,0.008725284,1914.094116,593.3692017,0.003250096,95.53662109,191073.2344,70.69709778,0.000269848,39879.37109,29.90621376,67.20835876,251.006424,564.0878296,108,070801030406
2095,F070801030406_718,1056.823057,63030.00146,15.56840992,3580.734375,2588.403564,28.02313805,303.5839844,4.981891155,0.778420508,15.56840992,0.001760619,439.3534851,136.199585,0.000746014,56.67054749,113341.0938,41.93620682,0.000160069,6169.137695,26.29034805,45.29483414,85.38526917,147.107666,108,070801030406
2096,F070801030406_838,1264.885013,97263.55284,24.02409744,5525.54248,5560.618652,43.24337387,468.4699097,7.687711239,1.201204896,24.02409744,0.002716865,627.8375244,194.6296387,0.001066057,81.46311951,162926.25,60.28270721,0.000230097,11086.16113,28.39003563,56.96029282,91.66049194,183.9028473,108,070801030406
2097,F070802060407_20,3777.888514,432535.676,106.8363113,24572.35156,28907.77539,192.3053589,2083.308105,34.18761826,5.341815472,106.8363113,0.012082029,2650.487549,821.651123,0.004500479,67.53686523,135073.7344,49.97727966,0.000190761,53480.125,29.90606499,65.08860779,491.6704407,1070.088745,108,070802060407
2098,F070802060407_23,5543.174255,768334.4024,189.778595,43649.07813,50731.61328,341.6014709,3700.682617,60.72914886,9.488929749,189.778595,0.021461902,4708.176758,1459.53479,0.007994397,106.3167267,212633.4531,78.67437744,0.000300297,94380.6875,29.90615845,64.66490936,554.8067627,1199.636963,108,070802060406
2099,F070802060407_93,6222.902256,218949.068,54.08042145,12438.49707,11635.94336,97.34475708,1054.568237,17.30573463,2.704020977,54.08042145,0.00611591,1341.674561,415.9191284,0.002278139,193.2980499,386596.125,143.0405579,0.00054598,24074.44141,29.90604782,57.88250732,86.95783234,168.3050079,108,070802060407
2100,F070802060407_94,1641.009471,128522.3711,31.74502563,7301.355957,8796.547852,57.14104462,619.0280151,10.15840816,1.587251306,31.74502563,0.003590018,829.6008911,257.1762695,0.001408647,8.831834793,17663.66992,6.535557747,2.49459E-05,16097.9043,28.39047241,62.59482956,1117.174072,2463.126221,108,070802060407
2101,F070802060407_96,6692.255247,260785.377,64.41398621,14815.2168,15959.20898,115.9451752,1256.072754,20.61247635,3.22069931,64.41398621,0.007284524,1598.012695,495.3839417,0.002713396,156.5384674,313076.9375,115.8384628,0.00044215,30774.42578,29.90653419,62.12237167,127.8954849,265.6667175,108,070802060407
2102,F070802060407_103,1152.602877,49795.86197,12.29957771,2828.902832,2365.700684,22.13924026,239.8417664,3.935864925,0.614978909,12.29957771,0.001390949,366.2940369,113.5511551,0.00062196,60.96379852,121927.6016,45.11321259,0.000172195,5194.603516,24.9130249,45.74681473,62.70674896,115.1459427,108,070802060407
2103,F070802060407_104,4405.743145,153832.7909,37.99670029,8739.241211,7060.545898,68.39405823,740.9356689,12.15894413,1.899834991,37.99670029,0.004297015,942.6382446,292.217865,0.001600582,162.5705261,325141.0625,120.3021927,0.000459188,15799.78711,29.90659523,54.06851959,72.64407349,131.3341522,108,070802060407
2104,F070802060407_117,9566.634941,348120.9854,85.98588562,19776.75391,17940.09375,154.7745972,1676.724731,27.51548386,4.299294472,85.98588562,0.009724072,2372.793945,735.5661011,0.00402896,301.8357544,603671.5,223.3584595,0.00085255,37716.84766,26.88644028,51.27594757,88.5426712,168.8624115,108,070802060407
2105,F070802060407_120,4493.597265,129014.687,31.86662674,7329.324219,7791.38916,57.35992813,621.399231,10.19732094,1.593331337,31.86662674,0.00360377,790.5773315,245.0789795,0.001342386,88.49541473,176990.8281,65.48661041,0.00024996,15120.71289,29.90596771,61.69730759,111.9209595,230.8977814,108,070802060407
2106,F070802060407_125,4614.88078,538316.3113,132.9641266,30581.75,41957.29297,239.335434,2592.800537,42.54851913,6.648206234,132.9641266,0.015036802,3537.465332,1096.614258,0.006006551,201.301178,402602.3438,148.9628754,0.000568585,72539.04688,27.88742638,66.14818573,205.2977905,486.9605713,108,070802060407
2107,F070802060407_129,2813.71264,200133.5428,49.4329834,11369.58594,7412.970703,88.97937012,963.9431763,15.81855488,2.47164917,49.4329834,0.005590335,1291.851318,400.4739075,0.00219354,255.0229034,510045.8125,188.7169495,0.000720325,18782.55664,28.39032936,46.9008255,60.24676514,99.52766418,108,070802060407
2108,F070802060407_130,1058.507334,53313.07797,13.16833019,3028.716064,2575.724854,23.7029953,256.7824402,4.213865757,0.65841651,13.16833019,0.001489196,326.659729,101.2645187,0.000554662,49.77697754,99553.95313,36.83496475,0.000140597,5604.440918,29.90895653,55.34456635,82.22394562,152.1500244,108,070802060407
2109,F070802060407_156,4344.030133,110748.452,27.35486794,6291.619629,4191.312988,49.2387619,533.4199219,8.753558159,1.367743373,27.35486794,0.003093539,798.998291,247.6894684,0.001356684,15.68379116,31367.58203,11.60600567,4.42996E-05,10482.93262,25.4012394,42.32288361,542.1003418,903.2334595,108,070802060407
2110,F070802060407_163,2686.940717,51673.93257,12.76346111,2935.595947,1997.226563,22.97422981,248.8874969,4.084307671,0.638173044,12.76346111,0.001443409,316.6615601,98.16508484,0.000537685,7.642230511,15284.46094,5.655250549,2.15859E-05,4932.822266,29.90468597,50.25027084,519.0921021,872.2553101,108,070802060407
2111,F070802060407_184,3530.524062,61017.39694,15.07129669,3466.398193,2309.224121,27.12833405,293.8902893,4.822814941,0.753564835,15.07129669,0.0017044,415.8849487,128.9243317,0.000706165,67.48678589,134973.5781,49.94021988,0.00019062,5775.62207,26.88707542,44.79854202,69.41094971,115.6507111,108,070802060407
2112,F070802060407_185,1177.822283,40464.40265,9.994707108,2298.782715,2280.79248,17.99047279,194.8967896,3.198306322,0.499735355,9.994707108,0.001130293,247.9814453,76.87424469,0.000421068,,,,,4579.575195,29.90315819,59.57229614,,,108,070802060407
2113,F070802060407_194,6570.290615,173359.4653,42.81978607,9848.550781,9352.698242,77.07561493,834.9858398,13.70233154,2.140989304,42.81978607,0.004842454,1250.669434,387.7075195,0.002123613,21.97378731,43947.57422,16.26060295,6.2066E-05,19201.25,25.40201187,49.52508926,605.6694946,1180.844849,108,070802060407
2114,F070802060407_208,2395.772632,317747.9445,78.48374176,18051.25977,20386.03711,141.2707367,1530.432983,25.11479759,3.924187183,78.48374176,0.008875661,2051.050049,635.8255005,0.003482645,206.4738312,412947.6563,152.7906342,0.000583195,38437.29688,28.39027405,60.45258713,118.1437607,251.5684052,108,070802060407
2115,F070802060407_283,1299.139,94534.84837,23.35010719,5370.524414,6241.950195,42.03019333,455.3270874,7.472034454,1.167505383,23.35010719,0.002640644,579.2891235,179.5796356,0.000983622,5.611167431,11222.33496,4.152264118,1.5849E-05,11612.47461,29.90608788,64.6647644,1293.396606,2796.660889,108,070802060407
2116,F070802060407_308,4897.230076,174556.6568,43.11549377,9916.563477,6465.599609,77.60788727,840.7521362,13.79695797,2.155774593,43.11549377,0.004875895,1069.661499,331.5950623,0.001816265,211.4564819,422912.9688,156.4777985,0.000597269,16382.16309,29.90564346,49.4041214,63.37361145,104.6932068,108,070802060407
2117,F070802060407_321,4869.173852,125205.2695,30.92570114,7112.911133,5948.249512,55.66626358,603.0511475,9.896224022,1.546285033,30.92570114,0.003497362,903.3040161,280.024231,0.001533793,139.1073608,278214.75,102.9394455,0.000392915,13061.16016,25.40105629,46.64296341,69.09801483,126.8819733,108,070802060407
2118,F070802060407_343,2512.928162,53526.91551,13.22114849,3040.864258,3060.165771,23.79806709,257.8124084,4.230767727,0.661057413,13.22114849,0.001495169,328.0122681,101.6837997,0.000556959,41.58722305,83174.44531,30.77454567,0.000117465,6101.030273,29.90509987,60.00002289,98.8110199,198.2492371,108,070802060407
2119,F070802060407_345,2051.707442,65881.66853,16.27277184,3742.737549,3023.806396,29.29098892,317.3190613,5.207286835,0.813638568,16.27277184,0.001840274,480.8563232,149.0654602,0.000816485,24.31931877,48638.63672,17.99629593,6.86911E-05,6766.543945,25.10801315,45.39310455,207.9726563,375.9964905,108,070802060407
2120,F070802060602_14,3921.863196,911998.84,225.2637177,51810.65625,68295.45313,405.4747009,4392.642578,72.08438873,11.2631855,225.2637177,0.025474885,5886.89209,1824.936523,0.009995833,234.4220886,468844.1875,173.4723511,0.000662137,120106.1094,28.39038849,65.81385803,298.6680908,692.364563,108,070802060602
2121,F070802060602_42,34606.81447,1810133.724,447.1030273,102833.6953,128264.9141,804.7854614,8718.508789,143.0729675,22.35515213,447.1030273,0.050562508,12337.81152,3824.72168,0.020949377,586.7835083,1173567,434.2197876,0.001657398,231098.6094,26.88658333,60.42233276,236.8240662,532.2157593,108,070802060602
2122,F070802060602_43,12675.5687,488605.24,120.6854935,27757.66406,33835.38672,217.2338867,2353.367188,38.61935806,6.034274578,120.6854935,0.013648222,3153.913818,977.7132568,0.005355287,244.3492432,488698.5,180.8184357,0.000690176,61593.05078,28.39039421,62.99705124,153.5112457,340.6347961,108,070802060602
2123,F070802060602_45,6765.693629,298346.6489,73.69161987,16949.07227,18017.60156,132.6449127,1436.986572,23.5813179,3.684581041,73.69161987,0.008333724,1828.211304,566.7454834,0.003104269,213.6660614,427332.125,158.1128845,0.00060351,34966.67188,29.90596771,61.6973114,107.196022,221.1500397,108,070802060602
2124,F070802060602_46,3236.508003,109163.9534,26.96349716,6201.604492,7383.684082,48.53429413,525.788208,8.628318787,1.34817481,26.96349716,0.003049279,668.9256592,207.3669586,0.001135823,54.23032761,108460.6563,40.13044357,0.000153176,13585.28906,29.90642548,65.51327515,154.5361633,338.5282593,108,070802060602
2125,F070802060602_49,2639.241336,297708.1062,73.53390503,16912.79883,21335.12695,132.3610229,1433.911133,23.53084946,3.676695347,73.53390503,0.008315888,1921.689087,595.7236328,0.003262992,135.853241,271706.5,100.531395,0.000383724,38247.92578,28.39034462,64.20414734,168.2340088,380.4575195,108,070802060602
2126,F070802060602_51,3620.55705,107868.3494,26.64348221,6128.000977,6514.332031,47.95826721,519.5479126,8.525914192,1.332174063,26.64348221,0.003013089,661.0097046,204.9130096,0.001122382,80.2039032,160407.8125,59.3508873,0.00022654,12642.33301,29.90537834,61.69609833,103.2503662,213.0100098,108,070802060602
2127,F070802060602_55,11339.05104,537639.1137,132.7968597,30543.27734,38529.67969,239.0343475,2589.538818,42.49499512,6.639842987,132.7968597,0.015017886,3294.539551,1021.307251,0.005594067,251.3555908,502711.1563,186.0031433,0.000709966,69072.95313,29.90606117,67.6319046,164.2083893,371.3536987,108,070802060602
2128,F070802060602_57,6263.63097,190841.8533,47.13793945,10841.72656,13215.59277,84.84828949,919.1898193,15.08414078,2.356896877,47.13793945,0.00533079,1231.865356,381.8782654,0.002091685,85.97342682,171946.8594,63.62033463,0.000242836,24057.32031,28.39052963,62.9973526,170.4129181,378.138855,108,070802060602
2129,F070802060602_62,2553.171515,311826.7503,77.02120972,17714.87891,24104.55859,138.6381836,1501.913574,24.64678764,3.85106039,77.02120972,0.008710264,1910.785645,592.3435669,0.003244479,46.49337006,92986.74219,34.40509415,0.000131323,41819.4375,29.90642548,70.59996796,514.8911743,1215.501343,108,070802060602
2130,F070802060602_66,2818.938721,312083.5823,77.08464813,17729.46875,22616.63281,138.7523651,1503.150635,24.66708755,3.854232311,77.08464813,0.008717438,1912.385986,592.8396606,0.003247196,72.88703156,145774.0625,53.93640518,0.000205873,40346.10156,29.90600967,68.05567169,328.7106018,748.0309448,108,070802060602
2131,F070802060602_69,2084.962713,193634.7233,47.82777786,11000.38867,14500.42188,86.08999634,932.6416626,15.30488873,2.391388893,47.82777786,0.005408803,1186.547485,367.8297119,0.002014735,44.64136505,89282.73438,33.03461075,0.000126092,25500.81055,29.9061985,69.32775879,332.9958496,771.9421997,108,070802060602
2132,F070802060602_78,17296.99257,536286.5457,132.4627838,30466.43945,36705.4375,238.4330139,2583.02417,42.38809204,6.623139381,132.4627838,0.014980106,3286.264404,1018.741943,0.005580016,309.7796021,619559.25,229.236908,0.000874988,67171.875,29.90594482,65.93610382,132.9037323,293.0238342,108,070802060602
2133,F070802060602_80,4269.936091,98542.53183,24.34000587,5598.201172,7220.705078,43.81201172,474.630127,7.78880167,1.217000246,24.34000587,0.002752591,603.8577271,187.1958923,0.001025339,40.63819504,81276.39063,30.07226372,0.000114785,12818.90625,29.90557671,68.47856903,186.1582947,426.2700806,108,070802060602
2134,F070802060602_81,7278.274932,290169.5715,71.67188263,16484.5332,20093.92969,129.0093842,1397.601685,22.93500328,3.583594084,71.67188263,0.008105313,1778.113037,551.2150269,0.003019203,119.6758423,239351.6875,88.56011963,0.00033803,36578.46094,29.90581322,66.35969543,186.1394653,413.0353699,108,070802060602
2135,F070802060602_82,1605.88277,154106.7768,38.06437302,8754.805664,11168.08691,68.51586914,742.255249,12.18059921,1.903218627,38.06437302,0.004304668,944.3526001,292.7492981,0.001603493,50.48025131,100960.5,37.35538483,0.000142584,19922.89258,29.9054718,68.05445099,234.3652954,533.3338623,108,070802060602
2136,F070802060602_84,6427.772607,168808.1895,41.69562149,9589.993164,11689.78516,75.05211639,813.0646362,13.34259892,2.08478117,41.69562149,0.004715323,1034.411621,320.6676025,0.001756412,11.45301247,22906.02539,8.475229263,3.23496E-05,21279.77734,29.90633583,66.3608551,1131.531982,2510.820313,108,070802060602
2137,F070802060602_87,5262.314145,276682.3205,68.3405304,15718.32227,20051.11133,123.0129547,1332.640381,21.86896896,3.41702652,68.3405304,0.007728573,1695.459961,525.5925903,0.00287886,19.53086853,39061.73438,14.45284271,5.51659E-05,35769.43359,29.90590477,68.05543518,1087.559204,2474.906494,108,070802060602
2138,F070802060602_88,17552.86555,770311.3844,190.2669067,43761.38672,53963.5,342.4804382,3710.20459,60.88541031,9.513345718,190.2669067,0.021517126,4720.300293,1463.293091,0.008014983,45.50004578,91000.08594,33.6700325,0.000128517,97724.89063,29.90609741,66.78422546,1299.713257,2902.429443,108,070802060602
2139,F070802060602_90,6907.93715,212586.3549,52.50883102,12077.03125,15063.7334,94.51589966,1023.92218,16.80282593,2.625441551,52.50883102,0.00593818,1302.698853,403.8366394,0.002211958,100.3036194,200607.25,74.22467804,0.000283312,27140.76563,29.90573502,67.20729065,162.7091064,365.6568909,108,070802060602
2140,F070802060602_91,12295.2474,357851.7214,88.38937378,20329.55664,21899.35156,159.1008759,1723.592773,28.2845993,4.41946888,88.38937378,0.009995881,2192.82251,679.7749634,0.003723372,233.409729,466819.4688,172.7232056,0.000659277,42228.90625,29.90630341,62.12189102,117.7002029,244.4888916,108,070802060602
2141,F070802060602_92,847.5088119,43655.16669,10.78282642,2480.050049,2390.337158,19.40908813,210.2651215,3.450504541,0.539141297,10.78282642,0.001219421,267.4928284,82.92277527,0.000454198,5.517064095,11034.12793,4.082627296,1.55832E-05,4870.387207,29.90794754,58.7340126,607.4642334,1192.954102,108,070802060602
2142,F070802060602_97,3055.576305,390033.4552,96.33826447,22157.80078,27009.39648,173.4088745,1878.596191,30.82824516,4.816913128,96.33826447,0.010894814,2517.637451,780.4675903,0.004274901,160.4905853,320981.1875,118.763031,0.000453313,49167.19531,28.3904171,62.99710083,186.5715332,413.9941101,108,070802060602
2143,F070802060602_102,1258.363506,87283.86063,21.55911446,4958.596191,6255.161133,38.80640411,420.4027405,6.898916721,1.077955723,21.55911446,0.002438102,594.9360352,184.4301758,0.00101019,31.26299858,62525.99609,23.13461876,8.83039E-05,11213.75781,26.88603592,60.80218506,214.3366241,484.7176514,108,070802060602
2144,F070802060602_113,12662.17804,563589.4062,139.2065887,32017.51563,34489.82422,250.5718536,2714.528564,44.54610825,6.960329533,139.2065887,0.015742756,3453.542969,1070.598267,0.005864052,316.0003052,632000.625,233.8402252,0.000892558,66507.34375,29.90619087,62.12166214,136.9204865,284.4136047,108,070802060602
2145,F070802060602_131,5638.55527,898503.6932,221.9304047,51043.99219,56432.46875,399.4747314,4327.643066,71.01773071,11.09652042,221.9304047,0.025097925,6124.179688,1898.495728,0.010398744,86.2357254,172471.4375,63.81443787,0.000243577,107476.4609,26.88654518,56.61137772,799.8815308,1684.202881,108,070802060602
2146,F070802060602_139,6906.302237,194940.4479,48.15029144,11074.56738,10203.04688,86.6705246,938.9306641,15.40809345,2.407514572,48.15029144,0.005445276,1194.549072,370.3102112,0.002028322,200.2749329,400549.875,148.2034454,0.000565686,21277.61328,29.90618896,57.45888901,74.72544098,143.5702972,108,070802060602
2147,F070802060602_142,9042.388593,456689.0684,112.8022003,25944.50586,28315.60742,203.0439606,2199.642822,36.09670258,5.640110016,112.8022003,0.012756707,2798.467773,867.5250244,0.004751747,318.8114319,637622.875,235.9204559,0.000900498,54260.11328,29.90634918,62.54587555,109.9714127,229.9932556,108,070802060602
2148,F070802060602_147,11801.09846,581721.4017,143.6851807,33047.58984,31383.7207,258.6333313,2801.861084,45.97925949,7.184258938,143.6851807,0.016249238,3564.680908,1105.051025,0.006052762,533.5767822,1067153.5,394.8468323,0.001507114,64431.3125,29.90594101,58.30618668,83.69724274,163.1805267,108,070802060602
2149,F070802060602_148,16276.12993,723710.5094,178.7565002,41113.99609,39043.99609,321.7616882,3485.751709,57.20207977,8.937825203,178.7565002,0.020215424,4434.726563,1374.765259,0.007530083,500.6342773,1001268.563,370.4693604,0.001414066,80157.99219,29.90619278,58.30667496,110.9781265,216.3687439,108,070802060602
2150,F070802060602_151,14937.86405,611073.3102,150.9351044,34715.07422,31983.14844,271.683197,2943.234619,48.29923248,7.546755314,150.9351044,0.017069126,3744.504883,1160.796509,0.0063581,445.4405518,890881.125,329.6260071,0.001258168,66698.21875,29.90625381,57.45901108,105.3165512,202.3451385,108,070802060602
2151,F070802060602_157,4158.911911,194856.2915,48.12950516,11069.78613,10355.54395,86.63311005,938.5253296,15.40144157,2.406475306,48.12950516,0.005442926,1358.287231,421.0690308,0.002306347,167.1545563,334309.125,123.6943741,0.000472136,21425.33008,26.28971863,50.88317871,89.49304199,173.2118378,108,070802060602
2152,F070802060602_162,3361.324635,89984.97088,22.22628784,5112.046387,5072.039551,40.00731659,433.4125977,7.112411976,1.111314416,22.22628784,0.002513552,613.322937,190.1301117,0.001041411,10.8457756,21691.55273,8.025874138,3.06344E-05,10184.08594,26.8870945,53.56377029,636.9457397,1268.906738,108,070802060602
2153,F070802060602_167,9234.25659,260269.6241,64.28659821,14785.91797,13412.75586,115.7158737,1253.588623,20.57171059,3.214329958,64.28659821,0.007270118,1773.991089,549.9372559,0.003012204,195.7179565,391435.9063,144.8312836,0.000552815,28198.67383,26.88655472,51.27616501,102.0906372,194.7001648,108,070802060602
2154,F070802060602_168,3564.747112,105020.2373,25.93999863,5966.199707,6257.764648,46.69199753,505.8299866,8.30079937,1.296999931,25.93999863,0.002933533,715.796875,221.8970337,0.00121541,58.67412186,117348.25,43.41884995,0.000165728,12223.96484,26.88724327,55.0884552,137.4103546,281.5358887,108,070802060602
2155,F070802060602_170,12112.18712,606984.2477,149.9251099,34482.77344,43010.51953,269.8652039,2923.539551,47.97603607,7.496255398,149.9251099,0.016954906,3719.461426,1153.033081,0.006315577,36.45287704,72905.75781,26.97512817,0.000102963,77493.29688,29.90614319,67.20821381,1278.317261,2872.768555,108,070802060602
2156,F070802060602_175,15567.1974,490521.3398,121.1587677,27866.51563,34363.05078,218.0857849,2362.595947,38.77080536,6.057938576,121.1587677,0.013701744,3005.823975,931.8054199,0.005103834,31.60941124,63218.82422,23.39096451,8.92823E-05,62229.56641,29.9059391,66.78386688,1191.336792,2660.4104,108,070802060602
2157,F070802060602_176,6325.683133,267311.8717,66.02603149,15185.9873,18080.56836,118.8468552,1287.507568,21.12833023,3.301301479,66.02603149,0.007466829,1638.038574,507.7919617,0.002781359,19.98669052,39973.38281,14.79015064,5.64534E-05,33266.55469,29.90592384,65.51216888,1026.76355,2249.237061,108,070802060602
2158,F070802060602_206,7971.229719,363019.2617,89.66575623,20623.12305,25723.31445,161.3983612,1748.4823,28.69304276,4.483287811,89.66575623,0.010140225,2224.488281,689.5913696,0.00377714,109.0237198,218047.4375,80.67755127,0.000307943,46346.4375,29.90629578,67.2085495,255.624054,574.4650879,108,070802060602
2159,F070802060602_209,7293.967046,274741.692,67.86119843,15608.0752,17255.74609,122.1501541,1323.293335,21.7155838,3.393059969,67.86119843,0.007674366,1773.445923,549.7682495,0.003011278,139.5489502,279097.9063,103.2662201,0.000394163,32863.82031,28.39028168,59.77758789,151.1440582,318.2436523,108,070802060602
2160,F070802060602_211,2092.261145,252364.0488,62.33391953,14336.80176,18491.97852,112.2010574,1215.511475,19.94685364,3.116695881,62.33391953,0.007049291,1546.426514,479.3922119,0.002625803,67.90435791,135808.7188,50.24922562,0.000191799,32828.78125,29.90620422,68.48000336,285.3138733,653.3191528,108,070802060602
2161,F070802060602_213,7116.262373,283346.3701,69.98655701,16096.9082,17111.71289,125.9757996,1364.737915,22.39569855,3.499327898,69.98655701,0.007914721,1975.096313,612.2798462,0.003353677,102.0437851,204087.5625,75.51239777,0.000288228,33208.62109,26.29011536,54.23765182,213.1690826,439.7770691,108,070802060602
2162,F070802060602_214,3255.698239,150281.5318,37.11953735,8537.493164,10769.86328,66.81517029,723.8309937,11.87825203,1.85597682,37.11953735,0.004197818,920.8745117,285.4710999,0.001563628,9.805104256,19610.20898,7.255777359,2.7695E-05,19307.35547,29.90668106,67.63330841,1176.647583,2660.963135,108,070802060602
2163,F070802060602_216,11827.80836,486315.3856,120.1199036,27627.57813,30152.49609,216.2158203,2342.338135,38.43836975,6.005995274,120.1199036,0.01358426,3195.75293,990.6834106,0.005426329,336.9042664,673808.5625,249.3091583,0.000951602,57780.07422,27.88739395,58.32344818,110.8165359,231.7607422,108,070802060602
2164,F070802060602_225,2374.71655,324864.968,80.24164581,18455.57813,24589.25195,144.434967,1564.712036,25.6773262,4.0120821,80.24164581,0.009074461,2214.279541,686.4266357,0.003759806,66.57259369,133145.1875,49.26371765,0.000188038,43044.82813,26.88645363,62.70856476,374.6282043,873.7633057,108,070802060602
2165,F070802060602_253,1202.489335,44204.2394,10.91844749,2511.24292,2562.777344,19.65320587,212.909729,3.49390316,0.545922399,10.91844749,0.001234758,270.8963318,83.9778595,0.000459977,40.25114059,80502.28125,29.7858448,0.000113691,5074.020508,29.90363121,60.42093277,84.30994415,170.3500671,108,070802060602
2166,F070802060602_254,4255.51544,140448.8291,34.69086075,7978.897949,8368.823242,62.44355011,676.4718018,11.10107517,1.734543085,34.69086075,0.00392316,860.6213379,266.7926025,0.001461319,110.5019684,221003.9375,81.77145386,0.000312118,16347.7207,29.906744,61.27501678,97.57559204,199.9196472,108,070802060602
2167,F070802060602_265,5635.196835,171231.147,42.29409409,9727.641602,9789.391602,76.12937164,824.7348633,13.53411007,2.114704609,42.29409409,0.004783004,1049.273193,325.2746887,0.001781646,137.369278,274738.5625,101.6532669,0.000388006,19517.0332,29.90592766,60.00169754,95.69433594,191.9961243,108,070802060602
2168,F070802060602_267,6847.154682,965566.8893,238.4950256,54853.85547,69974.4375,429.2910461,4650.652832,76.31840515,11.92475128,238.4950256,0.026971204,5916.786133,1834.203735,0.010046593,225.8243103,451648.625,167.1099854,0.000637852,124828.2969,29.90608597,68.0558548,328.2500305,746.9828491,108,070802060602
2169,F070802060602_278,10427.52442,347904.3295,85.93237305,19764.44531,22131.02344,154.6782684,1675.681274,27.49835968,4.296618462,85.93237305,0.00971802,2131.869141,660.8794556,0.003619874,24.89238548,49784.76953,18.42036438,7.03097E-05,41895.46875,29.90627861,63.39350891,1072.967163,2274.4104,108,070802060602
2170,F070802060602_291,2422.321572,317736.9052,78.48101807,18050.63477,23282.17969,141.2658386,1530.379883,25.11392593,3.924050808,78.48101807,0.008875353,1947.035767,603.5811157,0.003306031,82.8996048,165799.2188,61.34570694,0.000234154,41332.8125,29.90589714,68.47930145,294.2444763,673.7686157,108,070802060602
2171,F070802060602_306,8741.270042,291351.4711,71.96381378,16551.67773,20175.77539,129.5348663,1403.294312,23.02841949,3.598190784,71.96381378,0.008138328,1785.341797,553.4559326,0.003031477,113.7309113,227461.8281,84.16087341,0.000321238,36727.45313,29.90604401,66.36021423,196.6671295,436.395813,108,070802060602
2172,F070802060602_346,1815.623341,86795.21143,21.43841743,4930.835938,6499.699219,38.58914948,418.0491333,6.860293388,1.071920872,21.43841743,0.002424453,531.8441162,164.8716736,0.000903061,14.3076992,28615.39844,10.58769703,4.04128E-05,11430.53516,29.90711403,69.32988739,465.7137451,1079.605469,108,070802060602
2173,F070802060602_347,1440.577653,63051.32338,15.57367706,3581.945801,4670.85498,28.03261948,303.6867065,4.983576775,0.778683841,15.57367706,0.001761214,386.3610535,119.7719269,0.000656034,17.39221764,34784.43359,12.87024117,4.91252E-05,8252.800781,29.90638924,68.90429688,278.3122559,641.2312622,108,070802060602
2174,F070802060602_351,3076.107803,602865.391,148.9077454,34248.78125,43689.53516,268.0339355,2903.700928,47.65047836,7.445387363,148.9077454,0.016839853,3694.237305,1145.213623,0.006272747,157.1706543,314341.3125,116.306282,0.000443936,77938.3125,29.90601921,68.05569458,294.4706116,670.1126709,108,070802060602
2175,F070802060602_353,3663.452969,115761.1486,28.59300423,6576.391113,7829.911133,51.46740723,557.5635986,9.1497612,1.429650187,28.59300423,0.003233559,709.3786011,219.9073639,0.001204512,66.95822906,133916.4531,49.54909134,0.000189127,14406.30273,29.90527916,65.51078033,132.724762,290.7480774,108,070802060602
2176,F070802060602_355,3991.706247,169820.1257,41.9455719,9647.481445,12443.57227,75.50202942,817.9386597,13.42258263,2.097278595,41.9455719,0.00474359,1040.631714,322.5958252,0.001766973,54.2547493,108509.5,40.14851379,0.000153245,22091.05469,29.90578461,68.47904968,240.2948608,550.2334595,108,070802060602
2177,F070802060602_363,2768.69864,150117.6351,37.07905579,8528.182617,10878.99414,66.74230194,723.0415649,11.86529827,1.853952765,37.07905579,0.004193239,919.8786621,285.162384,0.001561937,41.07450104,82149,30.39513016,0.000116017,19407.17578,29.90640831,68.05657959,280.5772705,638.4962158,108,070802060602
2178,F070802060602_372,1026.044868,40715.82778,10.05680943,2313.066162,3016.23999,18.10225677,196.1077881,3.218178988,0.502840459,10.05680943,0.001137316,249.5089722,77.34777832,0.000423662,15.20010376,30400.20703,11.24807644,4.29334E-05,5329.306152,29.90475273,68.90057373,205.641037,473.7971191,108,070802060602
2179,F070802060602_382,2076.662083,64818.51304,16.01017189,3682.3396,4801.770996,28.81830978,312.1983643,5.123254776,0.800508618,16.01017189,0.001810577,425.9650269,132.0491638,0.000723281,35.40319061,70806.38281,26.19836044,9.9998E-05,8484.110352,27.88612556,64.24963379,140.5561066,323.8412781,108,070802060602
2180,F070802060602_394,2231.197681,90282.97788,22.29989624,5128.976074,6251.999023,40.13981247,434.8479614,7.135966778,1.114994764,22.29989624,0.002521877,553.2250977,171.4997864,0.000939366,20.82277489,41645.55078,15.40885353,5.88149E-05,11380.97461,29.90660286,66.3614502,332.8590393,738.5996704,108,070802060602
2181,F070802060602_396,3985.888307,123009.2936,30.38329506,6988.157715,5744.874512,54.68992996,592.4742432,9.722654343,1.519164801,30.38329506,0.003436022,753.7849731,233.6733398,0.001279913,132.3968506,264793.7188,97.97367096,0.000373961,12733.03223,29.90567017,54.4907341,71.32689667,129.9638214,108,070802060602
2182,F070802060602_463,11204.56512,299467.4985,73.96847534,17012.75,12056.86133,133.1432495,1442.385254,23.66991234,3.698423862,73.96847534,0.008365033,1835.089844,568.8778687,0.003115949,328.1470642,656294.125,242.8288269,0.000926867,29069.61133,29.90580368,51.09991455,70.06066895,119.7123566,108,070802060602
2183,F070802060602_465,2484.577616,207698.4978,51.30152893,11799.35156,14884.62598,92.34275055,1000.379822,16.41648865,2.565076351,51.30152893,0.005801647,1447.778687,448.8114014,0.002458301,79.93484497,159869.6875,59.1517868,0.00022578,26683.97656,26.29022217,59.45476532,199.4758301,451.1102295,108,070802060602
2184,F070802060602_490,14485.12144,620510.1422,153.2660065,35251.17969,41470.70703,275.8788147,2988.687012,49.04512024,7.663300514,153.2660065,0.017332725,3802.354248,1178.729858,0.006456327,289.9033813,579806.75,214.5285034,0.000818846,76721.89063,29.90607262,65.08861542,164.3193359,357.6302795,108,070802060602
2185,F070802060602_491,1065.803142,24154.41626,5.966140747,1372.212402,1108.627197,10.73905373,116.3397446,1.909165025,0.298307031,5.966140747,0.000674706,176.3085327,54.65564346,0.000299369,,,,,2480.8396,25.10650826,45.3903656,,,108,070802060602
2186,F070802060602_493,1608.532384,75236.48785,18.58341217,4274.18457,4422.480469,33.45014191,362.3765259,5.94669199,0.929170609,18.58341217,0.002101582,494.4184875,153.2697296,0.000839513,49.11445999,98228.92188,36.34469986,0.000138726,8696.665039,27.88668442,56.74091721,117.6013184,239.2828979,108,070802060602
2187,F070802060602_495,2125.377787,77675.78587,19.18591881,4412.76123,4128.04248,34.53465271,374.1254272,6.139493942,0.959295928,19.18591881,0.00216972,475.9972839,147.5591583,0.000808235,68.8015213,137603.0469,50.91312408,0.000194333,8540.803711,29.9050312,57.88053894,86.67237091,167.7525024,108,070802060602
2188,F070802060602_524,2339.104802,200679.2576,49.56777573,11400.58887,13250.46289,89.22200012,966.5716553,15.86168861,2.478388786,49.56777573,0.005605578,1464.752075,454.0731506,0.002487122,142.0361023,284072.1875,105.1067123,0.000401188,24651.05078,25.10738373,54.28872299,108.4668045,234.5335541,108,070802060602
2189,F070802060602_526,5135.637127,167273.8691,41.31664658,9502.829102,12256.99902,74.3699646,805.6746216,13.22132683,2.065832376,41.31664658,0.004672465,1024.999023,317.7496948,0.001740429,51.06942368,102138.8438,37.79137421,0.000144248,21759.82813,29.90665054,68.48103333,251.4549713,575.788208,108,070802060602
2190,F070802060602_528,1750.523175,130744.0713,32.2937851,7427.570801,9790.817383,58.1288147,629.7288208,10.33401108,1.614689231,32.2937851,0.003652077,801.1646118,248.3610229,0.001360363,34.72913361,69458.27344,25.69955826,9.80941E-05,17218.38867,29.90634727,69.32806396,289.0155029,669.9877319,108,070802060602
2191,F070802060602_529,2355.975657,71364.12838,17.62693977,4054.196045,5114.277344,31.72849083,343.7253113,5.640620708,0.881347001,17.62693977,0.001993416,437.3313599,135.5727234,0.000742581,28.93112564,57862.25,21.40903282,8.17174E-05,9168.473633,29.90421677,67.62771606,189.3684845,428.252594,108,070802060602
2192,F070802060602_530,2778.261697,170884.0489,42.20835876,9707.922852,12246.33301,75.97504425,823.0629883,13.50667477,2.110417843,42.20835876,0.004773308,1103.047241,341.9446411,0.001872954,69.91356659,139827.125,51.73603821,0.000197474,21954.25586,28.39033508,64.20412445,187.6433411,424.3513184,108,070802060602
2193,F070802060602_532,5064.923097,179303.407,44.28794098,10186.22656,12127.80859,79.71829224,863.6148682,14.17214108,2.214396954,44.28794098,0.005008486,1098.738892,340.6090698,0.001865638,126.5652695,253130.5313,93.65830231,0.00035749,22314.03516,29.90591621,65.51216125,108.7594604,238.2494049,108,070802060602
2194,F070802060602_536,11319.16177,440334.7926,108.7626953,25015.41992,31201.83984,195.7728577,2120.872559,34.80406189,5.43813467,108.7626953,0.012299882,2842.327393,881.121521,0.004826219,188.6604156,377320.8438,139.6087036,0.00053288,56217.25781,28.39043045,63.80193329,179.1823883,402.6773071,108,070802060602
2195,F070802060602_541,9081.308139,288073.8992,71.1542511,16365.47754,19948.80664,128.077652,1387.507935,22.76935959,3.557712555,71.1542511,0.008046775,1765.244385,547.225769,0.002997352,167.4395905,334879.1875,123.9052963,0.000472941,36314.28516,29.90626335,66.36070251,132.0805359,293.0809631,108,070802060602
2196,F070802060602_549,2884.912195,183218.4991,45.25497055,10408.64355,12392.62109,81.45894623,882.4719238,14.48159027,2.26274848,45.25497055,0.005117847,1337.30542,414.5646667,0.00227072,86.22425079,172448.5,63.80594635,0.000243545,22801.26563,25.10740662,55.00050354,163.1296844,357.353302,108,070802060602
2197,F070802060602_550,5217.484331,200124.0708,49.43064499,11369.04883,12408.07715,88.97515869,963.897583,15.81780624,2.471532345,49.43064499,0.005590071,1364.054321,422.856842,0.002316139,153.6566315,307313.25,113.7059097,0.000434011,23777.125,26.88628387,56.2297287,99.98643494,209.1107178,108,070802060602
2198,F070802060602_552,2651.104093,52531.38721,12.97525311,2984.308105,3468.542969,23.3554554,253.0174408,4.152081013,0.648762643,12.97525311,0.001467361,358.0452881,110.9940414,0.000607954,,,,,6452.851074,26.88710213,58.1369133,,,108,070802060602
2199,F070802060603_15,1779.198237,152886.0535,37.76285553,8685.457031,11202.72754,67.9731369,736.3756714,12.08411407,1.888142824,37.76285553,0.00427057,1103.004272,341.9313354,0.001872881,32.9257431,65851.48438,24.36504936,9.30004E-05,19888.18359,25.40117264,58.16426086,356.4719543,816.258728,108,070802060603
2200,F070802060603_16,1739.223074,105910.0827,26.15979004,6016.751953,5850.126465,47.0876236,510.1159058,8.371132851,1.307989478,26.15979004,0.002958389,649.0008545,201.1902618,0.001101991,34.42050552,68841.00781,25.47117424,9.72224E-05,11866.87891,29.90578079,58.98336792,236.2180786,465.8944702,108,070802060603
2201,F070802060603_20,2531.857142,121226.6029,29.94297028,6886.883301,6930.600098,53.8973465,583.8879395,9.58175087,1.497148514,29.94297028,0.003386226,742.8276367,230.2765656,0.001261308,47.01882553,94037.65625,34.79393005,0.000132807,13817.4834,29.90700912,60.00386429,197.9334717,397.1233826,108,070802060603
2202,F070802060603_25,1802.672346,199776.0571,49.3446846,11349.27734,12604.40039,88.82043457,962.2213745,15.79029942,2.467234135,49.3446846,0.005580349,1224.188354,379.4983826,0.002078649,77.25428772,154508.5625,57.16817474,0.000218208,23953.67773,29.90599632,63.1193161,198.5243988,419.0037231,108,070802060603
2203,F070802060603_48,3257.370887,622200.1758,153.6834412,35347.19141,40581.64844,276.630188,2996.827148,49.17869949,7.684172153,153.6834412,0.017379932,3812.710693,1181.940308,0.006473912,36.2023468,72404.69531,26.78973579,0.000102255,75928.84375,29.90607071,64.24084473,1319.43042,2834.251221,108,070802060603
2204,F070802060603_53,2589.439121,398169.2514,98.34780884,22619.99609,25007.87891,177.026062,1917.782227,31.47129822,4.917390347,98.34780884,0.011122072,2929.010254,907.9931641,0.004973405,157.282074,314564.1563,116.3887329,0.000444251,47627.875,24.91207695,52.45400238,194.3486786,409.2138062,108,070802060603
2205,F070802060603_66,2194.907446,285282.9716,70.46489716,16206.92676,21133.83008,126.8368149,1374.065552,22.54876709,3.523244858,70.46489716,0.007968817,1944.472656,602.786499,0.003301678,36.22304153,72446.08594,26.8050499,0.000102314,37340.75781,26.8866787,61.94690323,604.6221313,1393.049316,108,070802060603
2206,F070802060603_90,1897.616124,140432.0439,34.68671417,7977.944336,8820.139648,62.43608475,676.3909302,11.09974861,1.734335661,34.68671417,0.003922692,860.5463257,266.7693481,0.001461192,29.24233055,58484.66406,21.63932419,8.25964E-05,16798.08398,29.90577507,62.96856689,368.6780701,776.2758179,108,070802060603
2207,F070802060603_120,2885.746787,428314.549,105.7936935,24332.54883,30733.20508,190.4286499,2062.977051,33.85398102,5.289684772,105.7936935,0.011964121,2624.608154,813.62854,0.004456536,84.09337616,168186.75,62.22909927,0.000237526,55065.75391,29.90621376,67.67922974,391.0155945,884.8875122,108,070802060603
2208,F070802060603_124,2349.455194,213224.5233,52.66645813,12113.28516,13420.29688,94.79962158,1026.995972,16.85326576,2.633322954,52.66645813,0.005956006,1306.583008,405.040741,0.002218554,58.99813843,117996.2813,43.65862274,0.000166643,25533.58203,29.90633774,63.03953934,277.4545898,584.8462524,108,070802060603
2209,F070802060603_125,2158.302191,189757.1244,46.87001038,10780.10254,13293.27148,84.3660202,913.96521,14.99840355,2.343500614,46.87001038,0.00530049,1162.8125,360.4718628,0.001974434,55.37201309,110744.0313,40.97528839,0.000156401,24073.375,29.90553093,66.78295135,263.0878906,587.5095825,108,070802060603
2210,F070802060603_128,8691.861222,336944.6706,83.22533417,19141.82617,22247.79688,149.805603,1622.894043,26.63210678,4.161266804,83.22533417,0.009411884,2064.740234,640.069458,0.00350589,145.0929108,290185.8125,107.3687515,0.000409822,41389.625,29.90585709,64.66426849,178.2811584,385.4904175,108,070802060603
2211,F070802060603_129,4393.588127,161238.8827,39.82600403,9159.980469,10776.11914,71.68680573,776.6070557,12.74432087,1.991300225,39.82600403,0.004503889,988.0457764,306.2941895,0.001677683,102.8651123,205730.2344,76.12018585,0.000290548,19936.09961,29.90582466,65.08807373,120.335762,261.9029236,108,070802060603
2212,F070802060603_136,3719.663977,337694.0954,83.41043854,19184.40039,41331.53906,150.1387939,1626.50354,26.69133949,4.170521736,83.41043854,0.009432817,2069.321289,641.489624,0.003513669,167.3643188,334728.625,123.8495941,0.000472729,60515.9375,29.9060173,94.33657837,154.9007874,488.6244202,108,070802060603
2213,F070802060603_143,6141.856381,186929.4911,46.17158508,10619.46484,11740.51172,83.1088562,900.3458862,14.77490711,2.308579206,46.17158508,0.005221506,1145.442139,355.0870667,0.001944939,20.9694519,41938.90234,15.51739407,5.92292E-05,22359.97656,29.90665054,62.97040558,684.3587646,1440.962036,108,070802060603
2214,F070802060603_144,2359.087878,63659.05677,15.72378731,3616.471191,3793.207031,28.30281639,306.6138611,5.031611919,0.786189377,15.72378731,0.00177819,390.0934753,120.928978,0.000662372,6.797057629,13594.11523,5.029822826,1.91986E-05,7409.678223,29.90574455,61.27297592,719.0056763,1473.148926,108,070802060603
2215,F070802060603_147,1008.1568,58356.46384,14.41404629,3315.230713,3994.132568,25.94528389,281.0739136,4.612494946,0.720702291,14.41404629,0.001630072,357.5915833,110.8533936,0.000607184,26.97469521,53949.39063,19.9612751,7.61913E-05,7309.363281,29.90644264,65.93721008,166.0831146,366.1771851,108,070802060603
2216,F070802060603_155,3182.284791,112563.1945,27.80310822,6394.714844,8157.432129,50.04559326,542.1605835,8.896994591,1.390155435,27.80310822,0.00314423,689.7523193,213.8232117,0.001171187,33.64500809,67290.01563,24.89730644,9.5032E-05,14552.14648,29.90655136,68.05690765,256.8436279,584.4867554,108,070802060603
2217,F070802060603_162,11417.81163,415211.6033,102.5572662,23588.17188,21063.21094,184.6030731,1999.866699,32.81832504,5.127863407,102.5572662,0.011598116,2544.323975,788.7404175,0.004320215,416.6022949,833204.5625,308.2857056,0.001176713,44651.38281,29.90612793,56.61100006,76.51399994,144.8376617,108,070802060603
2218,F070802060603_175,1981.611374,204142.7536,50.42325974,11597.34961,11342.20801,90.76187134,983.25354,16.13544273,2.521162987,50.42325974,0.005702324,1250.930664,387.7885132,0.002124057,139.1280518,278256.0938,102.9547577,0.000392974,22939.55859,29.90637779,59.15481567,112.6451035,222.812027,108,070802060603
2219,F070802060603_181,1887.946667,75273.63987,18.59258842,4276.29541,4545.887207,33.46665955,362.555481,5.949628353,0.929629445,18.59258842,0.00210262,513.0498657,159.0454559,0.000871149,36.84678268,73693.57031,27.26661873,0.000104076,8822.182617,26.88725281,55.46956635,156.8326263,323.5524902,108,070802060603
2220,F070802060603_186,7025.20011,273662.546,67.59465027,15546.76953,14764.02344,121.670372,1318.095703,21.63028717,3.379732609,67.59465027,0.007644223,1676.922485,519.8459473,0.002847383,240.212677,480425.3438,177.7573853,0.000678492,30310.79297,29.90649414,58.30725861,87.46060944,170.5177765,108,070802060603
2221,F070802060603_187,2610.454284,221937.6437,54.8185997,12608.27832,13939.27344,98.67347717,1068.962646,17.54195213,2.74093008,54.8185997,0.00619939,1359.970947,421.5910034,0.002309205,116.566864,233133.7344,86.25947571,0.000329249,26547.55078,29.90642166,62.9699173,146.1668854,307.7638855,108,070802060603
2222,F070802060603_197,2990.128991,240562.4451,59.41892242,13666.35254,15690.16113,106.9540634,1158.668945,19.01405525,2.970946074,59.41892242,0.006719636,1580.827148,490.056427,0.002684215,18.81150246,37623.00391,13.9205122,5.3134E-05,29356.51367,27.88730431,59.9043541,981.7420654,2108.867432,108,070802060603
2223,F070802060603_202,1567.411555,153319.5497,37.86993027,8710.083984,10740.66895,68.1658783,738.463623,12.11837769,1.893496513,37.86993027,0.004282679,939.4925537,291.2427063,0.001595241,56.18906403,112378.1328,41.57990646,0.000158709,19450.75391,29.90661621,66.7853775,209.4781952,467.7921448,108,070802060603
2224,F070802060603_209,2458.847652,51292.41926,12.6692276,2913.922363,3510.643066,22.8046093,247.049942,4.054152966,0.633461356,12.6692276,0.001432752,349.5899963,108.3729019,0.000593597,4.464344025,8928.688477,3.303614616,1.26098E-05,6424.56543,26.88792419,59.2820282,882.0406494,1944.707886,108,070802060603
2225,F070802060603_212,5922.620801,625785.8541,154.5691071,35550.89453,34768.77344,278.2243958,3014.097656,49.46211243,7.728455544,154.5691071,0.017480092,3834.685303,1188.752441,0.006511224,80.56851196,161137.0313,59.62069702,0.00022757,70319.67188,29.90605354,59.1541748,596.2844238,1179.450684,108,070802060603
2226,F070802060603_214,4945.900763,147126.158,36.34016037,8358.237305,8529.763672,65.41229248,708.6331177,11.62885094,1.817008018,36.34016037,0.004109678,901.550354,279.4806213,0.001530816,22.73281288,45465.625,16.82228088,6.42099E-05,16888,29.90632057,60.42637253,496.8551636,1003.906677,108,070802060603
2227,F070802060603_217,4890.964188,151296.2688,37.37017822,8595.140625,8771.527344,67.26631927,728.7185059,11.95845699,1.868508935,37.37017822,0.004226162,927.121521,287.4076843,0.001574235,90.21143341,180422.875,66.7564621,0.000254807,17366.66797,29.90574455,60.42520523,128.7536926,260.1496277,108,070802060603
2228,F070802060603_230,1497.970827,147010.5015,36.3115921,8351.666016,8641.432617,65.36086273,708.0760498,11.61970901,1.815579653,36.3115921,0.004106448,900.8682861,279.269165,0.001529658,102.5369949,205073.9844,75.87737274,0.000289621,16993.09766,29.90543556,60.84845734,110.0679398,223.9547424,108,070802060603
2229,F070802060603_234,3020.945842,70895.85438,17.51127625,4027.593506,3311.032227,31.520298,341.4698792,5.603608608,0.8755638,17.51127625,0.001980336,434.4313354,134.6737213,0.000737656,9.070331573,18140.66211,6.712045193,2.56196E-05,7338.625977,29.90630531,54.49189377,600.0545654,1093.351685,108,070802060603
2230,F070802060603_235,4314.024792,129387.9156,31.95881462,7350.527344,7813.929688,57.52586746,623.1968994,10.22682095,1.597940683,31.95881462,0.003614196,792.8516235,245.7839966,0.001346247,12.35218143,24704.36328,9.14061451,3.48893E-05,15164.45703,29.90645218,61.69831085,804.1611938,1659.019409,108,070802060603
2231,F070802060603_236,2962.377293,118872.8019,29.3615818,6753.163574,8136.093262,52.85084534,572.5508423,9.395706177,1.46807909,29.3615818,0.003320477,728.4289551,225.812973,0.001236859,9.08142662,18162.85352,6.720255852,2.56509E-05,14889.25684,29.90600395,65.93623352,1004.89679,2215.578857,108,070802060603
2232,F070802060603_237,2854.331659,210604.8389,52.01939392,11964.46094,13397.07617,93.63491058,1014.378174,16.6462059,2.600969791,52.01939392,0.00588283,1290.537476,400.0666199,0.002191309,12.71331596,25426.63086,9.40785408,3.59094E-05,25361.53711,29.9061718,63.39328384,1271.752441,2695.783447,108,070802060603
2233,F070802060603_239,3205.638681,173892.8438,42.95153427,9878.852539,11761.84668,77.3127594,837.5549316,13.74449062,2.147576809,42.95153427,0.004857353,1065.582031,330.3304443,0.001809339,23.42945671,46858.91406,17.33779716,6.61776E-05,21640.69922,29.90596962,65.5122757,569.7870483,1248.18042,108,070802060603
2234,F070802060603_242,2536.282934,199274.4741,49.22079468,11320.7832,13799.54297,88.59742737,959.805481,15.75065422,2.461039782,49.22079468,0.005566339,1286.286621,398.7488403,0.002184091,66.7252121,133450.4219,49.37665558,0.000188469,25120.32617,28.39076233,62.99786758,229.2740021,508.749054,108,070802060603
2235,F070802060603_243,2840.865706,106504.0884,26.30650902,6050.49707,7203.773926,47.35171509,512.9769287,8.418083191,1.315325499,26.30650902,0.002974981,652.6555176,202.3232117,0.001108197,46.70642471,93412.85156,34.56275558,0.000131925,13254.27148,29.90510559,65.51038361,175.0582886,383.4842224,108,070802060603
2236,F070802060603_248,1706.492901,110470.8272,27.28629494,6275.847656,6226.731934,49.11532974,532.0827637,8.731614113,1.364314795,27.28629494,0.003085784,713.0957642,221.0596924,0.001210823,,,,,12502.58008,28.38983345,56.55748367,,,108,070802060603
2237,F070802060603_258,1601.04733,81569.51543,20.14767075,4633.964355,5320.193359,36.26580811,392.8795776,6.447254658,1.007383585,20.14767075,0.002278483,555.9654541,172.3492889,0.000944019,43.44564438,86891.28906,32.14977646,0.000122714,9954.158203,26.88705254,57.75572586,144.1367493,309.6182861,108,070802060603
2238,F070802060603_265,2076.309757,98736.16684,24.38783264,5609.20166,7314.399902,43.89809799,475.5627441,7.804106236,1.219391584,24.38783264,0.002758,605.03302,187.5602417,0.001027335,22.7162838,45432.56641,16.81005096,6.41632E-05,12923.60156,29.90613365,68.90373993,333.681427,768.802063,108,070802060603
2239,F070802060603_269,1636.536089,80825.86118,19.96398735,4591.717285,5922.51709,35.93517685,389.29776,6.388475895,0.998199344,19.96398735,0.002257711,495.2625427,153.5313873,0.000840947,17.44260406,34885.20703,12.90752697,4.92675E-05,10514.23438,29.90735245,68.4826355,355.739502,814.581604,108,070802060603
2240,F070802060603_272,1119.659836,68950.50366,17.03077507,3917.078369,4774.747559,30.65539551,332.1001282,5.449848175,0.851538777,17.03077507,0.001925996,422.5104675,130.978241,0.000717415,63.29904175,126598.0859,46.84128952,0.000178791,8691.826172,29.9063282,66.36083984,83.6244812,185.5590668,108,070802060603
2241,F070802060603_282,1996.298703,231654.57,57.21867752,13160.2959,15668.76367,102.9936218,1115.76416,18.30997658,2.860933781,57.21867752,0.006470812,1419.511963,440.0487061,0.002410305,22.90927887,45818.55859,16.9528656,6.47084E-05,28829.05859,29.90645218,65.51333618,776.2874146,1700.54187,108,070802060603
2242,F070802060603_284,4392.875991,353128.1525,87.22265625,20061.21094,26159.81641,157.0007782,1700.841797,27.91124916,4.361132622,87.22265625,0.009863937,2163.874268,670.8010254,0.003674218,111.9352112,223870.4219,82.83205414,0.000316166,46221.02734,29.90635109,68.90422821,242.191391,558.0089722,108,070802060603
2243,F070802060603_288,1675.44498,156225.1318,38.58760834,8875.150391,9937.852539,69.45769501,752.458374,12.34803486,1.929380417,38.58760834,0.00436384,957.3152466,296.7677307,0.001625504,42.05016327,84100.32813,31.11712074,0.000118773,18813.00391,29.90604973,63.39302444,285.2175903,604.5869141,108,070802060603
2244,F070802060603_289,2365.201214,72484.77923,17.90373993,4117.860352,4902.760254,32.22673035,349.1229248,5.729196548,0.89518702,17.90373993,0.002024719,444.1515503,137.6869812,0.000754161,37.47089767,74941.79688,27.72846413,0.000105838,9020.621094,29.90740585,65.51542664,148.5066223,325.3198853,108,070802060603
2245,F070802060603_291,2365.304944,304930.8208,75.31790924,17323.11914,21116.13086,135.5722351,1468.699219,24.10173035,3.765895367,75.31790924,0.00851764,1868.565918,579.2554321,0.00317279,21.84318733,43686.375,16.1639595,6.16971E-05,38439.25,29.90583801,66.35975647,1071.712646,2378.08374,108,070802060603
2246,F070802060603_302,1740.407553,140122.4642,34.61024857,7960.356934,8687.864258,62.29844666,674.8998413,11.07527924,1.730512381,34.61024857,0.003914044,858.6500854,266.1815186,0.001457972,33.25780869,66515.61719,24.61077881,9.39383E-05,16648.2207,29.90574646,62.5446167,323.4500122,676.4605103,108,070802060603
2247,F070802060603_308,2363.517921,306725.0489,75.76108551,17425.04883,22475.28516,136.3699493,1477.341187,24.24354744,3.788054228,75.76108551,0.008567758,1879.547852,582.6598511,0.003191438,59.28102875,118562.0547,43.86796188,0.000167442,39900.33594,29.90604019,68.47963715,397.2158203,909.5552979,108,070802060603
2248,F070802060603_334,2412.721261,322247.1812,79.59505463,18306.86328,24391.10547,143.2711029,1552.103516,25.47041702,3.979752779,79.59505463,0.009001338,1974.643188,612.1394043,0.003352908,19.52784348,39055.6875,14.45060444,5.51573E-05,42697.96875,29.90636253,69.75203705,1266.85791,2954.753174,108,070802060603
2249,F070802060603_343,3721.333759,138249.8461,34.14771271,7853.974121,7792.507813,61.46588135,665.8803711,10.92726803,1.707385659,34.14771271,0.003861736,847.168396,262.6221924,0.001438476,13.85313225,27706.26563,10.25131798,3.91288E-05,15646.48242,29.90598106,59.57791519,766.1428833,1526.289795,108,070802060603
2250,F070802060603_345,4833.644587,181093.471,44.73008728,10287.91992,12686.34668,80.51416016,872.2366943,14.3136282,2.236504316,44.73008728,0.005058488,1109.697144,344.0061035,0.001884245,21.21676064,42433.51953,15.70040321,5.99278E-05,22974.26563,29.90621376,66.7844696,655.2647095,1463.291382,108,070802060603
2251,F070802060603_350,6136.499445,284827.5103,70.3523941,16181.05078,17201.1582,126.6343079,1371.871704,22.51276588,3.51761961,70.3523941,0.007956093,1745.34314,541.0563965,0.00296356,29.5611515,59122.30469,21.87525177,8.34969E-05,33382.21094,29.90640259,61.69820786,739.6966553,1526.026367,108,070802060603
2252,F070802060603_351,5324.460572,204454.007,50.50014114,11615.03223,13335.06738,90.9002533,984.7527466,16.16004562,2.52500701,50.50014114,0.005711019,1252.85437,388.3848572,0.002127324,93.38886261,186777.7344,69.10775757,0.000263781,24950.09961,29.90598679,64.24066162,168.0713196,361.0318298,108,070802060603
2253,F070802060603_353,1412.288878,118152.385,29.18363953,6712.237305,8562.479492,52.53055191,569.0809937,9.338764191,1.459182024,29.18363953,0.003300353,724.0363159,224.4512634,0.0012294,24.00855064,48017.10156,17.7663269,6.78133E-05,15274.7168,29.90509987,68.05360413,377.8067017,859.7565918,108,070802060603
2254,F070802060603_354,11207.9788,404982.4575,100.0306702,23007.05469,22174.85742,180.0552063,1950.598022,32.00981522,5.001533508,100.0306702,0.011312385,2481.658691,769.314209,0.00421381,169.5072021,339014.4063,125.4353333,0.000478781,45181.91406,29.90592766,58.7301178,183.4176483,360.2008667,108,070802060603
2255,F070802060603_355,4814.619704,162545.2546,40.14867783,9234.196289,9292.8125,72.2676239,782.899231,12.8475771,2.007433891,40.14867783,0.004540381,996.0601196,308.7786255,0.001691292,100.8949814,201789.9531,74.66228485,0.000284983,18527.00781,29.90555573,60.00093842,123.6795273,248.1441345,108,070802060603
2256,F070802060603_360,8562.895594,420599.2545,103.8880157,23894.24414,28110.01953,186.9984283,2025.816284,33.24416351,5.194400787,103.8880157,0.011748609,2577.350098,798.9785156,0.004376293,181.220993,362441.9688,134.1035309,0.000511867,52004.26563,29.9059906,65.08843994,178.177597,387.7919312,108,070802060603
2257,F070802060603_374,1431.003404,121841.6816,30.09489441,6921.825684,8550.320313,54.1708107,586.8504639,9.630366325,1.504744768,30.09489441,0.003403407,800.6812744,248.2111969,0.001359542,23.82115173,47642.30469,17.62765312,6.7284E-05,15472.14648,27.88683891,62.33460236,392.6685791,877.7201538,108,070802060603
2258,F070802060603_377,4763.623809,181901.1465,44.9295845,10333.80469,12321.30859,80.87325287,876.1268921,14.37746716,2.246479273,44.9295845,0.005081049,1114.672485,345.5484619,0.001892693,,,,,22655.11328,29.90551567,65.56276703,,,108,070802060603
2259,F070802060603_378,2609.355697,294188.8189,72.6646347,16712.86523,22743.73828,130.7963409,1416.960327,23.25268364,3.63323164,72.6646347,0.008217583,1898.973877,588.6818848,0.003224422,47.54137802,95082.75781,35.18061829,0.000134283,39456.60156,28.39031601,67.02533722,475.0588684,1121.543701,108,070802060603
2260,F070802060603_381,1867.918376,153178.3689,37.8350563,8702.0625,10977.46582,68.10310364,737.7835693,12.10721779,1.891752839,37.8350563,0.004278735,938.6248169,290.9736938,0.001593768,51.00210571,102004.2109,37.74155807,0.000144058,19679.52734,29.90669823,67.63335419,230.5697784,521.4285889,108,070802060603
2261,F070802060603_385,7564.12396,459349.549,113.4593353,26095.64648,33658.84766,204.2268066,2212.457031,36.30698776,5.672966957,113.4593353,0.012831022,2814.780273,872.5819092,0.004779445,115.7100525,231420.1094,85.6254425,0.000326829,59754.49219,29.90624237,68.48009491,304.7651062,697.8590698,108,070802060603
2262,F070802060603_386,1452.272769,119076.6253,29.41192627,6764.743164,8816.862305,52.94146729,573.5325928,9.411816597,1.470596313,29.41192627,0.00332617,830.0317993,257.309845,0.001409378,17.02897263,34057.94531,12.60143948,4.80992E-05,15581.60547,26.29026222,60.55580902,536.8230591,1236.494141,108,070802060603
2263,F070802060603_409,2431.733489,303599.6051,74.98910522,17247.49414,23224.12305,134.9803925,1462.287598,23.99651337,3.749455214,74.98910522,0.008480456,1860.389893,576.7208862,0.003158908,53.27347183,106546.9375,39.42237091,0.000150474,40471.61719,29.90613747,70.17539978,437.505249,1026.615479,108,070802060603
2264,F070802060603_410,3176.189008,630869.5251,155.8247681,35839.69531,47242.95313,280.4845886,3038.583008,49.86392593,7.791238308,155.8247681,0.017622093,4640.828125,1438.656738,0.00788004,91.69918823,183398.375,67.85739899,0.000259009,83082.64844,24.91191483,57.75015259,528.1619263,1224.371216,108,070802060603
2265,F070802060603_411,2427.813205,322760.0711,79.72174072,18336,23130.4668,143.4991302,1554.573975,25.51095772,3.986087084,79.72174072,0.009015665,1977.806519,613.1199951,0.003358279,88.37068176,176741.3594,65.39430237,0.000249607,41466.46875,29.90605545,67.63189697,280.3913879,634.0991211,108,070802060603
2266,F070802060603_412,4677.658873,543523.6926,134.250351,30877.58008,40702.01953,241.6506348,2617.881836,42.96011353,6.712517738,134.250351,0.01518226,3704.657471,1148.443848,0.00629044,91.61785889,183235.7188,67.79721832,0.000258779,71579.60156,26.88645172,62.32747269,455.4402161,1055.789673,108,070802060603
2267,F070802060603_417,2391.048154,286321.5807,70.72142792,16265.92871,21210.77148,127.2985687,1379.067871,22.63085747,3.536071301,70.72142792,0.007997828,1848.189209,572.9386597,0.003138191,50.97813416,101956.2656,37.72381973,0.00014399,37476.69922,28.39034843,65.41136169,431.1845703,993.4492188,108,070802060603
2268,F070802060603_419,5464.82561,179164.6713,44.25367355,10178.34473,11397.09082,79.65661621,862.9466553,14.16117573,2.212683678,44.25367355,0.005004611,1156.492554,358.5126953,0.001963703,119.3790131,238758.0313,88.34046936,0.000337192,21575.43555,28.39047241,60.18039322,115.2172394,244.230484,108,070802060603
2269,F070802060603_421,2468.593584,73994.6622,18.2766819,4203.636719,4826.140625,32.89802551,356.3952942,5.848538399,0.913834095,18.2766819,0.002066895,477.6149292,148.0606232,0.000810981,42.90684128,85813.67969,31.75106239,0.000121192,9029.777344,28.39132118,60.98702621,132.3935699,284.3929138,108,070802060603
2270,F070802060603_424,2811.349503,76968.52012,19.01122475,4372.581543,4772.196777,34.2202034,370.7188721,6.083591938,0.950561225,19.01122475,0.002149964,536.5126343,166.318924,0.000910989,45.22948074,90458.96094,33.4698143,0.000127753,9144.77832,26.29034233,54.98339081,130.6425323,273.2246399,108,070802060603
2271,F070802060603_427,9516.989029,391842.9752,96.78521729,22260.59961,26819.18359,174.2133942,1887.311768,30.97126961,4.839261055,96.78521729,0.010945359,2731.414307,846.7384644,0.004637891,136.9706573,273941.3125,101.358284,0.00038688,49079.78125,26.28981781,57.96332932,219.6228943,484.2207336,108,070802060603
2272,F070802060603_430,3693.358583,96945.05852,23.94542885,5507.44873,6869.463867,43.10177231,466.9358521,7.662537098,1.197271466,23.94542885,0.002707969,594.0705566,184.1618652,0.001008721,25.72407532,51448.15234,19.03581619,7.26589E-05,12376.91211,29.90547943,67.20670319,289.320343,650.1907959,108,070802060603
2273,F070802060603_431,4486.967729,176310.2292,43.54862595,10016.18359,12209.29395,78.38752747,849.1981812,13.93556023,2.177431345,43.54862595,0.004924878,1080.402588,334.9248047,0.001834504,89.65975189,179319.5,66.3482132,0.000253248,22225.47656,29.90576744,66.35960388,150.9638824,334.9822998,108,070802060603
2274,F070802060603_432,6009.496392,276577.7098,68.31469727,15712.38086,19598.12109,122.9664536,1332.136597,21.86070251,3.415734768,68.31469727,0.007725652,1694.790894,525.3851929,0.002877724,100.4827728,200965.5469,74.35725403,0.000283818,35310.5,29.90640259,67.20878601,211.3093262,474.8763428,108,070802060603
2275,F070802060603_433,5930.940594,182615.6218,45.10606003,10374.39355,11763.65918,81.19091034,879.5681763,14.43393898,2.255302906,45.10606003,0.005101007,1119.013916,346.8943176,0.001900065,116.5568314,233113.6719,86.25205231,0.00032922,22138.05273,29.90649605,63.81785965,120.2799606,256.6669617,108,070802060603
2276,F070802060603_435,3033.571997,580203.8079,143.3103333,32961.375,42514.44922,257.9585876,2794.551514,45.85930634,7.165516853,143.3103333,0.016206846,3745.18457,1161.007202,0.006359254,143.8964691,287792.9375,106.4833908,0.000406443,75475.82813,28.39032745,65.00892639,309.5447388,708.803772,108,070802060502
2277,F070802060603_439,3019.821783,78395.98174,19.36380768,4453.675781,5365.712402,34.85485458,377.5942383,6.196418285,0.968190372,19.36380768,0.002189837,480.3916931,148.9214172,0.000815696,44.7720871,89544.17188,33.13134384,0.000126461,9819.388672,29.90621376,65.93671417,134.4248505,296.3776245,108,070802060603
2278,F070802060603_450,2341.96143,309342.7809,76.40766907,17573.76367,19026.74609,137.5337982,1489.949585,24.45045471,3.820383549,76.40766907,0.00864088,1895.580933,587.6300659,0.003218661,94.98255157,189965.0938,70.28708649,0.000268283,36600.50781,29.90616798,62.28494644,250.0283356,520.7287598,108,070802060603
2279,F070802060603_452,4265.13403,114661.2305,28.32132339,6513.904297,7400.612305,50.97838211,552.2658081,9.062823296,1.41606617,28.32132339,0.003202835,702.5913086,217.803299,0.001192987,70.17892456,140357.8438,51.93240356,0.000198224,13914.5166,29.90727997,63.88570023,125.4304428,267.9351501,108,070802060603
2280,F070802060603_456,5592.830703,245829.7413,60.71994781,13965.58789,17824.56641,109.2959061,1184.03894,19.43038368,3.035997391,60.71994781,0.006866768,1506.376587,466.9767456,0.002557799,16.11496353,32229.92578,11.92507267,4.55175E-05,31790.1543,29.90638924,68.07652283,1171.111328,2665.824707,108,070802060603
2281,F070802060603_463,7565.236149,206260.7535,50.94640732,11717.67383,11293.7998,91.70353699,993.4549561,16.30285072,2.547320366,50.94640732,0.005761487,1263.898071,391.8084106,0.002146075,,,,,23011.47266,29.90664101,58.7314415,,,108,070802060603
2282,F070802060603_467,1903.67821,125809.5909,31.07496834,7147.242676,8922.520508,55.93494415,605.961853,9.943989754,1.553748369,31.07496834,0.003514242,857.5198975,265.8311768,0.001456053,21.35388374,42707.76953,15.80187416,6.03151E-05,16069.76367,26.88639832,60.45101166,452.3034668,1016.953003,108,070802060603
2283,F070802060603_472,4138.415735,142049.4372,35.08621216,8069.828613,9836.770508,63.15518188,684.1811523,11.2275877,1.754310608,35.08621216,0.00396787,968.187561,300.1381531,0.001643965,9.677463531,19354.92578,7.161323071,2.73345E-05,17906.59961,26.88704681,59.66119003,1126.862793,2500.459717,108,070802060603
2284,F070802060603_473,2641.446516,273677.9952,67.59846497,15547.64648,15866.71191,121.6772385,1318.170044,21.63150787,3.379923344,67.59846497,0.007644654,1677.035645,519.8810425,0.002847575,193.4268494,386853.7188,143.1358643,0.000546343,31414.35938,29.90616226,60.42605209,108.6215973,219.4723206,108,070802060603
2285,F070802060603_475,2363.626706,287333.4897,70.97137451,16323.41602,19924.42383,127.7484741,1383.941772,22.71084023,3.548568726,70.97137451,0.008026093,1760.696167,545.8157959,0.002989629,23.18234825,46364.69531,17.15493774,6.54797E-05,36247.83984,29.90645599,66.41039276,951.5287476,2112.968262,108,070802060603
2286,F070802060603_477,983.0418026,46811.10488,11.56234264,2659.338867,2676.220215,20.81221771,225.465683,3.699949741,0.578117132,11.56234264,0.001307576,286.8668823,88.92873383,0.000487095,55.61483383,111229.6719,41.15497589,0.000157087,5335.559082,29.90415764,59.99814606,64.61767578,129.6455383,108,070802060603
2287,F070802060603_478,5302.629626,195135.8365,48.19855118,11085.66699,10370.40039,86.75739288,939.8717651,15.4235363,2.409927607,48.19855118,0.005450734,1195.728516,370.6758423,0.002030325,191.3739624,382747.9063,141.6167297,0.000540545,21456.06641,29.90663528,57.88363647,78.27935791,151.5079956,108,070802060603
2288,F070802060603_481,3569.040041,280342.8107,69.24467468,15926.27539,20767.86523,124.6404114,1350.271118,22.15829659,3.462233782,69.24467468,0.007830823,1954.16272,605.7904663,0.003318132,85.27201843,170544.0313,63.10129547,0.000240855,36694.14063,26.29007339,60.57233047,252.3922119,581.5116577,108,070802060603
2289,F070802060603_482,8792.495881,323744.0336,79.96477509,18391.89844,18769.33203,143.9365997,1559.31311,25.58872795,3.998238802,79.96477509,0.00904315,1983.83667,614.9893799,0.003368518,259.3464661,518692.9063,191.9163818,0.000732537,37161.23047,29.9060421,60.42580795,95.83287048,193.6324005,108,070802060603
2290,F070802060603_488,10970.86818,397434.2075,98.16625214,22578.23828,26561.82227,176.6992493,1914.241943,31.41320038,4.908312798,98.16625214,0.011101539,2435.375,754.9662476,0.004135222,31.95881271,63917.625,23.64952087,9.02692E-05,49140.0625,29.90628815,65.08908844,954.7017212,2077.845947,108,070802060603
2291,F070802060603_490,3931.043706,95883.63946,23.68325806,5447.149414,5250.104492,42.62986374,461.8235474,7.578642368,1.184162855,23.68325806,0.00267832,587.5419312,182.1380005,0.000997635,11.28557014,22571.13867,8.351322174,3.18766E-05,10697.25391,29.90671539,58.73158646,652.249939,1280.905396,108,070802060603
2292,F070802060603_492,2449.768413,75631.71069,18.68103218,4296.637207,3654.01001,33.62585831,364.2801208,5.977930069,0.934051633,18.68103218,0.002112622,463.4421692,143.6670685,0.000786916,44.98525238,89970.50781,33.28908539,0.000127063,7950.647461,29.90690422,55.34077835,129.0704498,238.8364716,108,070802060603
2293,F070802060603_493,2740.519189,67472.50962,16.66571045,3833.113281,4237.756348,29.99827957,324.9813538,5.333027363,0.833285511,16.66571045,0.001884711,413.4449158,128.167923,0.000702022,38.76557922,77531.15625,28.68652916,0.000109495,8070.869629,29.90696335,62.97105789,133.6206665,281.3470154,108,070802060603
2294,F070802060603_496,6304.528527,262041.8434,64.72433472,14886.59668,18779.12109,116.5037994,1262.124512,20.71178627,3.236216784,64.72433472,0.007319621,1605.731323,497.7767029,0.002726502,132.043457,264086.9063,97.7121582,0.000372963,33665.71875,29.90617371,67.63217163,152.351532,344.5397034,108,070802060603
2295,F070802060603_507,1864.09427,163390.1805,40.3573761,9282.196289,12367.11426,72.64328003,786.968811,12.91436005,2.017868757,40.3573761,0.004563982,1138.939209,353.071167,0.001933898,30.90987968,61819.76172,22.87331009,8.73064E-05,21649.31055,26.28987312,61.31713104,405.8090515,946.487854,108,070802060603
2296,F070802060603_509,6663.484043,284057.0263,70.16208649,16137.28027,20585.55469,126.2917557,1368.160645,22.45186806,3.508104324,70.16208649,0.007934572,1740.650513,539.6016846,0.002955592,20.7182579,41436.51563,15.33151054,5.85197E-05,36722.83594,29.9059124,68.05545044,1052.556396,2395.252197,108,070802060603
2297,F070802060603_511,7792.55363,241078.3789,59.54636002,13695.66309,17082.66211,107.1834488,1161.154053,19.05483437,2.977318048,59.54636002,0.006734048,1477.285645,457.9585571,0.002508404,12.57047462,25140.94922,9.30215168,3.55059E-05,30778.32422,29.90590096,67.20766449,1472.311279,3308.731689,108,070802060603
2298,F070802060603_513,3168.316384,138406.9855,34.18652725,7862.901367,10364.6709,61.53574753,666.6372681,10.93968868,1.709326386,34.18652725,0.003866126,848.1389771,262.9230957,0.001440124,25.27435112,50548.70313,18.7030201,7.13886E-05,18227.57227,29.90570831,69.32662964,420.4081116,974.5791016,108,070802060603
2299,F070802060603_514,5883.233124,273168.6812,67.47266388,15518.71289,18916.63867,121.450798,1315.716919,21.59125328,3.373633146,67.47266388,0.007630427,1795.104614,556.4824219,0.003048054,90.54253387,181085.0625,67.00147247,0.000255742,34435.35156,27.88715744,61.88039398,231.6174927,513.9491577,108,070802060603
2300,F070802060603_515,6856.483122,285444.9973,70.50491333,16216.12988,20456.29297,126.908844,1374.845825,22.56157303,3.525245667,70.50491333,0.007973342,1749.147705,542.2357788,0.00297002,105.6161346,211232.2656,78.15593719,0.000298318,36672.42188,29.90604973,67.63187408,207.4842987,469.2211914,108,070802060603
2301,F070802060603_518,1618.677027,58187.37251,14.37228107,3305.624756,3326.608154,25.87010574,280.259491,4.599130154,0.718614042,14.37228107,0.001625349,356.5715942,110.5371933,0.000605452,33.52774429,67055.49219,24.81053162,9.47007E-05,6632.23291,29.90509033,60.00001144,133.2347412,267.3152161,108,070802060603
2302,F070802060603_547,3920.026528,114867.1554,28.37218666,6525.603027,7214.479492,51.06993484,553.2576294,9.079099655,1.418609381,28.37218666,0.003208587,800.7069702,248.219162,0.001359586,78.74346924,157486.9375,58.2701683,0.000222415,13740.08203,26.28968239,55.35463715,111.9887466,235.7995911,108,070802060603
2303,F070802060603_551,11769.45083,636881.5655,157.3097534,36181.24219,38975.06641,283.1575623,3067.540283,50.33912277,7.865487576,157.3097534,0.017790029,4340.959473,1345.697388,0.007370868,392.407074,784814.125,290.3812256,0.001108373,75156.3125,26.88661194,55.84934235,124.5991135,258.819458,108,070802060603
2304,F070802060603_552,4236.675109,90807.67647,22.42949677,5158.78418,5410.891113,40.37309265,437.3751831,7.177438736,1.121474862,22.42949677,0.002536533,618.9295654,191.8681641,0.001050931,65.18461609,130369.2266,48.23661423,0.000184117,10569.67578,26.88712883,55.0882225,106.9474792,219.1214294,108,070802060603
2305,F070802060603_560,2942.574314,306611.0164,75.73291779,17418.57031,22220.04102,136.3192444,1476.79187,24.23453331,3.786645889,75.73291779,0.008564573,1878.831421,582.4377441,0.003190221,18.56445122,37128.90234,13.73769379,5.24362E-05,39638.60938,29.90632057,68.05638885,1267.939941,2885.390381,108,070802060603
2306,F070802060603_561,2232.491859,250388.2564,61.84589767,14224.55664,18145.58984,111.3226166,1205.994995,19.79068756,3.092294931,61.84589767,0.006994101,1534.339478,475.6452332,0.00260528,54.36693573,108733.8672,40.23153305,0.000153562,32370.14648,29.90581131,68.05522919,353.5673523,804.5963745,108,070802060603
2307,F070802060603_574,1089.866017,41674.31282,10.29355526,2367.517822,2248.318115,18.52840042,200.7243347,3.293937683,0.514677763,10.29355526,0.00116409,255.3349762,79.15383911,0.000433554,,,,,4615.835938,29.91033554,58.31474304,,,108,070802060603
2308,F070802060603_580,3092.213759,381597.0923,94.25447845,21678.5293,23967.03125,169.6580658,1837.96228,30.16143227,4.712723732,94.25447845,0.01065916,2338.349121,724.8882446,0.003970474,192.6226501,385245.3125,142.5407562,0.000544072,45645.5625,29.90602875,62.96910477,152.0865326,320.2281494,108,070802060603
2309,F070802060603_584,5334.383557,166649.5978,41.16244888,9467.363281,8990.703125,74.09240723,802.6677246,13.17198372,2.058122396,41.16244888,0.004655027,1021.203491,316.5730896,0.001733985,143.4844208,286968.8438,106.1784744,0.000405279,18458.06641,29.90577316,58.30585861,89.16461945,173.8399963,108,070802060603
2310,F070802060603_586,1127.884083,50807.73874,12.54951191,2886.387695,3313.824463,22.58912086,244.7154846,4.015843868,0.627475619,12.54951191,0.001419214,311.3528442,96.51937866,0.000528671,28.87589455,57751.78906,21.36816216,8.15614E-05,6200.211914,29.90474892,64.23799896,135.0788879,290.1612244,108,070802060603
2311,F070802060603_587,3672.047096,89332.68818,22.0651741,5074.990234,5898.462891,39.71731186,430.2709045,7.060855865,1.103258729,22.0651741,0.002495332,547.4275513,169.7025452,0.000929522,52.01641083,104032.8281,38.49214554,0.000146923,10973.45313,29.90521049,64.66286469,131.8448334,285.0829163,108,070802060603
2312,F070802060603_600,3047.093065,211845.105,52.32574081,12034.91992,11770.15234,94.1863327,1020.351929,16.7442379,2.616286993,52.32574081,0.005917475,1298.143555,402.4244995,0.002204224,23.52355385,47047.10547,17.40743065,6.64434E-05,23805.07227,29.90603256,59.15413284,691.3668213,1367.52356,108,070802060603
2313,F070802060603_605,2301.198229,176060.1119,43.48684692,10001.97461,8647.793945,78.27632141,847.9935303,13.91579056,2.174342394,43.48684692,0.004917891,1078.830933,334.4375916,0.001831835,141.9480896,283896.1875,105.0415878,0.000400939,18649.76953,29.90684891,55.76457214,95.21918488,177.546524,108,070802060603
2314,F070802060603_608,6268.464773,272926.1706,67.4127655,15504.93652,17801.01563,121.3429794,1314.54895,21.57208443,3.370638371,67.4127655,0.007623653,1672.442017,518.4570313,0.002839776,122.2007599,244401.5313,90.42856598,0.000345162,33305.95313,29.90592384,64.24052429,171.4606018,368.3122864,108,070802060603
2315,F070802060603_609,6257.453879,198031.2982,48.91373062,11250.1582,13395.74219,88.04471588,953.817749,15.65239334,2.445686579,48.91373062,0.005531613,1213.486206,376.1807251,0.002060477,11.9100666,23820.13281,8.813448906,3.36406E-05,24645.90039,29.90625954,65.51611328,1276.476196,2796.396729,108,070802060603
2316,F070802060603_623,7082.792152,276303.6765,68.24700928,15696.8125,17131.36523,122.8446198,1330.81665,21.83904266,3.412350416,68.24700928,0.007717997,1693.127686,524.8695679,0.002874899,143.6497803,287299.5625,106.3008347,0.000405746,32828.17969,29.9061203,62.54540634,147.6640625,308.8233337,108,070802060603
2317,F070802060603_624,2853.873617,96448.43334,23.82276344,5479.235352,7222.584961,42.88097382,464.5438843,7.62328434,1.191138148,23.82276344,0.002694096,590.9955444,183.2086182,0.001003499,26.58593941,53171.87891,19.67359543,7.50933E-05,12701.82031,29.90708351,69.32981873,278.5070801,645.6278076,108,070802060603
2318,F070802060603_625,7005.76981,316839.6498,78.25939178,17999.66016,21685.67578,140.8669128,1526.058105,25.04300499,3.912969589,78.25939178,0.00885029,1941.543579,601.87854,0.003296705,117.9399872,235879.9844,87.27558899,0.000333127,39685.33594,29.90580177,65.93579102,206.2393494,454.7128906,108,070802060603
2319,F070802060603_626,2824.364685,88447.79769,21.8466053,5024.719238,4130.756348,39.32389069,426.0087891,6.990913868,1.092330217,21.8466053,0.002470614,541.9672852,168.0098572,0.00092025,11.21648598,22432.97266,8.300199509,3.16815E-05,9155.475586,29.9072876,54.49368286,605.373291,1103.042847,108,070802060603
2320,F070802060603_628,7064.487998,155353.6126,38.37234116,8825.638672,7130.348633,69.07021332,748.2606812,12.27914906,1.91861701,38.37234116,0.004339496,951.956665,295.1065674,0.001616405,179.8304443,359660.875,133.0745239,0.00050794,15955.9873,29.90661621,54.06856155,66.32102203,119.9026413,108,070802060603
2321,F070802060603_630,1589.121451,158064.4726,39.04192352,8979.642578,11709.45508,70.27545929,761.3175049,12.49341583,1.952096224,39.04192352,0.004415219,1077.372437,333.9854431,0.001829358,10.85353184,21707.06445,8.03161335,3.06563E-05,20689.09766,26.88632965,61.94610596,1118.037231,2575.957764,108,070802060603
2322,F070802060603_633,6201.592573,277564.9438,68.55854034,15768.46387,18550.57031,123.4053726,1336.891479,21.93873215,3.427927017,68.55854034,0.007753228,1891.879272,586.4825439,0.003212376,151.5553894,303110.75,112.1509857,0.000428076,34319.03516,26.88650131,58.51671982,140.6003113,306.0074463,108,070802060603
2323,F070802060603_635,6218.101901,242276.3105,59.84224701,13763.7168,11705.14355,107.7160416,1166.923828,19.14951897,2.992112398,59.84224701,0.00676751,1484.612549,460.2298889,0.002520845,191.9216003,383843.1875,142.0219879,0.000542092,25468.85938,29.90617752,55.33942795,96.91257477,179.3303986,108,070802060603
2324,F070802060603_637,1155.922298,71559.03441,17.67508125,4065.268799,2996.279541,31.81514549,344.664093,5.656025887,0.883754075,17.67508125,0.00199886,438.4765625,135.9277344,0.000744525,67.42507172,134850.1406,49.89455414,0.000190445,7061.54834,29.9075737,51.95075607,81.47720337,141.5294342,108,070802060603
2325,F070802060603_638,10548.50169,458106.6443,113.1523438,26025.03906,24714.73438,203.6742249,2206.470703,36.20875168,5.657617092,113.1523438,0.012796304,2807.165527,870.2213135,0.004766515,55.8587532,111717.5,41.33547592,0.000157776,50739.77344,29.90623093,58.30674744,629.6054077,1227.511475,108,070802060603
2326,F070802060603_642,7451.952951,268800.1613,66.39363861,15270.53711,16882.57617,119.5085526,1294.675903,21.24596405,3.319681883,66.39363861,0.007508401,1647.135376,510.611969,0.002796805,155.5959473,311191.875,115.1409988,0.000439488,32153.11328,29.90634346,62.96976089,132.6246643,279.2499084,108,070802060603
2327,F070802060603_644,3096.558095,466485.8508,115.2220078,26501.0625,33430.51172,207.3996124,2246.829102,36.87104416,5.761100292,115.2220078,0.01303036,2858.510254,886.1381836,0.004853697,31.05241585,62104.83203,22.97878838,8.77091E-05,59931.57422,29.90624237,67.63230896,1153.283691,2608.125977,108,070802060603
2328,F070802060704_3,3352.42025,667690.4876,164.9195557,37931.49609,50000.30469,296.8551941,3215.931396,52.77425766,8.245977402,164.9195557,0.018650616,4387.602539,1360.156738,0.007450067,40.99236298,81984.72656,30.33434868,0.000115785,87931.79688,27.88759232,64.64828491,1250.447021,2898.753418,108,070802060704
2329,F070802060704_7,3906.620691,759670.9029,187.6387177,43156.90625,56888.30469,337.7496948,3658.955078,60.04438782,9.381936073,187.6387177,0.021219905,4903.625,1520.123779,0.008326264,93.93846893,187876.9375,69.51446533,0.000265334,100045.2109,28.3903904,65.81385803,620.8334351,1439.199951,108,070802060704
2330,F070802060704_100,2064.734281,252668.4858,62.40911484,14354.09668,17903.92578,112.3364105,1216.977783,19.97091675,3.120455742,62.40911484,0.007057795,1548.276245,479.9656372,0.002628944,61.27404785,122548.1016,45.34279633,0.000173072,32258.02344,29.9065094,67.20903015,316.5683899,711.4255371,108,070802060704
2331,F070802060704_192,3732.669929,438672.9832,108.3522263,24921.01172,30397.55078,195.0340118,2112.868408,34.67271423,5.417611122,108.3522263,0.012253463,2688.0896,833.3078003,0.004564326,100.383667,200767.3438,74.28391266,0.000283539,55318.5625,29.90612984,66.38430786,335.4833069,744.69104,108,070802060704
2332,F070802060704_207,2578.427994,349969.3426,86.44242859,19881.75781,26207.61328,155.5963745,1685.627319,27.66157722,4.32212162,86.44242859,0.009775702,2144.538574,664.8069458,0.003641387,20.47150993,40943.01953,15.1489172,5.78228E-05,46089.37109,29.90606117,69.32745361,1312.421021,3042.420166,108,070802060704
2333,F070802060704_211,2295.897577,313583.7386,77.45518494,17814.69336,22725.35156,139.4193268,1510.376099,24.78565979,3.872759342,77.45518494,0.008759342,1921.550659,595.6807251,0.003262758,72.49616241,144992.3281,53.64715958,0.000204769,40540.04688,29.90644646,68.05667114,332.0715027,755.6792603,108,070802060704
2334,F070802060704_221,2821.103175,91896.98683,22.69855499,5220.66748,6585.759277,40.85739899,442.6218262,7.263537407,1.13492775,22.69855499,0.002566961,563.1539307,174.577713,0.000956225,5.335184574,10670.36914,3.948036671,1.50695E-05,11806.42676,29.90454674,67.62848663,1322.345215,2990.455078,108,070802060704
2335,F070802060704_222,1744.118758,191914.3282,47.40283966,10902.65332,13444.39355,85.32511139,924.3553467,15.16890907,2.370141983,47.40283966,0.005360748,1308.118652,405.5167847,0.002221161,7.048374653,14096.74902,5.215797424,1.99085E-05,24347.04688,26.8858242,60.0395546,2090.313721,4667.943359,108,070802060704
2336,F070802060704_225,3509.335989,140764.8087,34.76890945,7996.849121,9634.463867,62.58403778,677.9937134,11.12605095,1.73844552,34.76890945,0.003931987,862.5952148,267.4045105,0.001464671,8.196347237,16392.69531,6.065297127,2.3151E-05,17631.3125,29.90543747,65.9349823,1318.459595,2906.916504,108,070802060704
2337,F070802060704_229,6004.062442,282874.1461,69.86991119,16070.0791,19360.95313,125.7658386,1362.463257,22.35837173,3.493495464,69.86991119,0.00790153,1733.37854,537.3473511,0.002943245,121.2318802,242463.75,89.71159363,0.000342425,35431.03125,29.90631485,65.93692017,179.1304626,394.9437256,108,070802060704
2338,F070802060704_251,2685.348839,327996.7655,81.01519775,18633.49609,23505.75,145.8273621,1579.796387,25.92486382,4.050759792,81.01519775,0.009161941,2009.886719,623.0648804,0.00341275,19.21464348,38429.28516,14.21883583,5.42727E-05,42139.24609,29.90618896,67.63219452,1310.479736,2963.621338,108,070802060704
2339,F070802060704_252,2409.335314,319501.2496,78.91680908,18150.86523,23154.19141,142.0502625,1538.877808,25.25337982,3.945840359,78.91680908,0.008924636,1957.829468,606.927124,0.003324358,21.57902718,43158.05469,15.96848011,6.0951E-05,41305.05469,29.90616989,68.0560379,1136.668335,2586.661621,108,070802060704
2340,F070802060704_253,2556.362016,338793.099,83.6818924,19246.83594,24006.66602,150.6274109,1631.796875,26.77820587,4.184094429,83.6818924,0.009463515,2076.037842,643.5717163,0.003525074,19.91820717,39836.41406,14.73947334,5.62599E-05,43253.5,29.90628052,67.20851898,1305.802124,2934.534912,108,070802060704
2341,F070802060704_310,2611.417068,357535.1455,88.31118011,20311.57227,24471.02734,158.9601288,1722.067993,28.2595768,4.415558815,88.31118011,0.009987038,2190.918701,679.1848145,0.003720139,27.03608513,54072.16797,20.00670242,7.63647E-05,44782.60156,29.90581131,65.9358139,1015.238403,2238.379883,108,070802060704
2342,F070802060704_317,2117.351825,206236.4882,50.94041443,11716.29492,14945.91895,91.69274902,993.3380737,16.30093193,2.547020674,50.94041443,0.005760809,1263.751343,391.7629089,0.002145826,28.27819824,56556.39453,20.92586708,7.98731E-05,26662.21484,29.90659523,68.05701447,559.8953247,1274.127075,108,070802060704
2343,F070802060704_343,1725.054952,183292.4303,45.27323151,10412.84277,13350.68652,81.49181366,882.8280029,14.48743439,2.263661623,45.27323151,0.005119912,1123.166016,348.1814575,0.001907115,29.89566612,59791.33203,22.1227932,8.44418E-05,23763.5293,29.90636826,68.25041962,470.6838989,1074.164917,108,070802060704
2344,F070802060704_351,2528.757236,348280.0871,86.02518463,19785.79297,24959.3457,154.8453369,1677.491089,27.52805901,4.301259041,86.02518463,0.009728516,2373.887939,735.9052734,0.004030818,126.2267456,252453.4844,93.40779114,0.000356534,44745.14063,26.88633156,60.80285263,211.8216553,479.0300598,108,070802060704
2345,F070802060704_353,9526.723322,424085.4923,104.749115,24092.29688,27660.05078,188.5484009,2042.607788,33.51971817,5.237455845,104.749115,0.01184599,2598.684814,805.5922852,0.004412519,39.05187225,78103.74219,28.898386,0.000110304,51752.34766,29.90631485,64.24136353,833.6900635,1790.838745,108,070802060704
2346,F070802060704_355,6517.38449,265931.0489,65.68496704,15107.54199,17812.08594,118.2329407,1280.856812,21.01918983,3.284248352,65.68496704,0.007428258,1629.568848,505.1663513,0.002766978,18.44247246,36884.94531,13.64742947,5.20917E-05,32919.62891,29.90607262,65.16591644,1106.988159,2412.148682,108,070802060704
2347,F070802060704_361,1588.925509,157812.2427,38.9796257,8965.313477,10970.87598,70.16333008,760.1027222,12.47348022,1.948981285,38.9796257,0.004408173,967.0309448,299.7796021,0.001642001,50.45262146,100905.2422,37.33493805,0.000142506,19936.18945,29.90634918,66.50282288,240.1320038,533.9821167,108,070802060704
2348,F070802060704_363,3212.443072,440950.3531,108.9147339,25050.38867,33023.83203,196.046524,2123.837402,34.85271454,5.445736885,108.9147339,0.012317076,2702.029541,837.6291504,0.004587996,79.54937744,159098.75,58.866539,0.000224691,58074.21875,29.90629959,69.33165741,425.5454712,986.5404053,108,070802060704
2349,F070802060704_373,6339.981,313484.8056,77.43074799,17809.07227,20698.78711,139.375351,1509.899536,24.77783966,3.871537447,77.43074799,0.008756579,2136.685059,662.3723755,0.003628052,221.0343323,442068.6563,163.5653992,0.000624322,38507.85938,26.88679886,58.13626862,108.8804398,235.4279022,108,070802060704
2350,F070802060704_384,7417.810279,291255.0444,71.93999481,16546.19922,17823.85352,129.4919891,1402.829956,23.02079773,3.596999645,71.93999481,0.008135634,1784.749146,553.2722168,0.003030471,24.94143867,49882.87891,18.45666504,7.04483E-05,34370.05469,29.90607262,62.121418,896.4891357,1862.202881,108,070802060704
2351,F070802060704_394,2685.016157,385923.0671,95.32299805,21924.28906,27041.25,171.5813904,1858.798462,30.50335884,4.766149998,95.32299805,0.010779998,2690.133545,833.9414063,0.004567797,208.6323547,417264.6875,154.3879395,0.000589292,48965.53906,26.28996277,58.71580124,142.007782,317.1590881,108,070802060704
2352,F070802060704_396,2384.244491,287981.9265,71.13153839,16360.25391,20638.10547,128.0367737,1387.064941,22.76209259,3.556576967,71.13153839,0.008044207,2007.411499,622.2975464,0.003408547,146.1722717,292344.5313,108.1674805,0.000412871,36998.35938,26.29008293,59.45445251,151.2492828,342.0469666,108,070802060704
2353,F070802060704_414,1123.022658,54343.2249,13.42277622,3087.238525,2800.528809,24.16099739,261.7441406,4.295288563,0.671138823,13.42277622,0.001517971,370.4107971,114.8273468,0.000628951,59.02465439,118049.3047,43.67824554,0.000166718,5887.767578,26.88591766,51.27495956,70.6813736,134.7986298,108,070802060704
2354,F070802060704_417,11331.98223,442536.5025,109.3065186,25140.5,27794.46094,196.7517395,2131.477051,34.97808456,5.465325832,109.3065186,0.012361383,2711.772705,840.6495361,0.00460454,165.2581329,330516.25,122.2910156,0.00046678,52934.96094,29.9060421,62.96912003,205.5792847,432.8605957,108,070802060704
2355,F070802060704_422,7013.60699,253133.0212,62.52385712,14380.4873,15490.91113,112.5429459,1219.21521,20.00763512,3.126192808,62.52385712,0.007070771,1663.431885,515.6638794,0.002824476,177.772522,355545.0625,131.5516663,0.000502127,29871.39844,27.88732719,57.92803955,109.3143692,227.0697021,108,070802060704
2356,F070802060704_426,4893.973765,515807.1281,127.4043579,29303.00195,31981.04102,229.3278503,2484.38501,40.76939392,6.3702178,127.4043579,0.014408053,3160.733887,979.8275146,0.005366867,326.4824524,652964.875,241.5970154,0.000922166,61284.04297,29.90628624,62.54574585,121.2887573,253.6622467,108,070802060704
2357,F070802060704_427,2608.273507,91537.19068,22.6096859,5200.227539,5085.822266,40.69743347,440.8888855,7.235099316,1.130484343,22.6096859,0.002556911,560.9117432,173.8826447,0.000952418,11.21002388,22420.04883,8.295417786,3.16633E-05,10286.0498,29.9065361,59.15512466,626.8795166,1239.967651,108,070802060704
2358,F070802060704_430,7499.286979,268969.7057,66.43551636,15280.16895,15810.32422,119.583931,1295.492554,21.25936508,3.321775913,66.43551636,0.007513137,1648.199341,510.941803,0.002798612,171.2597809,342519.5625,126.7322388,0.000483732,31090.49219,29.90588951,60.84938049,120.5704956,245.3242493,108,070802060704
2359,F070802060704_431,1317.211944,43245.71141,10.68169117,2456.789063,2820.607422,19.22704315,208.292984,3.418141127,0.534084558,10.68169117,0.001207984,265.0092773,82.15287781,0.000449981,16.92338943,33846.77734,12.5233078,4.78009E-05,5277.396484,29.90508842,64.23873138,196.1773224,421.4059448,108,070802060704
2360,F070802060704_434,6635.5732,232142.8597,57.3392868,13188.03613,14954.08398,103.2107162,1118.116089,18.34857178,2.86696434,57.3392868,0.006484452,1422.504761,440.9764709,0.002415387,20.91638374,41832.76953,15.47812366,5.90793E-05,28142.12109,29.90643883,63.81773758,852.0435791,1818.18689,108,070802060704
2361,F070802060704_438,4747.626978,273519.5332,67.55932617,15538.64453,16738.49609,121.6067886,1317.40686,21.61898422,3.377966404,67.55932617,0.007640228,1864.318481,577.9387207,0.003165578,149.0515137,298103.0313,110.2981186,0.000421003,32277.14063,26.88631821,55.84872437,140.8786011,292.6354675,108,070802060704
2362,F070802060704_445,3452.533095,106786.7188,26.37631989,6066.553711,6792.956055,47.47737503,514.3382568,8.440422058,1.318815947,26.37631989,0.002982876,654.3468628,202.8475342,0.001111069,80.16959381,160339.1875,59.32550049,0.000226443,12859.50977,29.90696335,63.39495087,102.2587891,216.7619324,108,070802060704
2363,F070802060704_453,2394.256217,197426.3583,48.76430893,11215.79102,14625.39258,87.77575684,950.9040527,15.60457897,2.438215494,48.76430893,0.005514715,1209.7677,375.0279846,0.002054163,41.46966934,82939.33594,30.68755531,0.000117133,25841.18359,29.90654373,68.90467834,365.4833679,842.0737305,108,070802060704
2364,F070802060704_454,10710.49899,334573.1779,82.63957214,19007.10156,21282.99805,148.751236,1611.47168,26.444664,4.131978512,82.63957214,0.00934564,2050.182129,635.5564575,0.003481171,115.7489853,231497.9688,85.6542511,0.000326939,40290.10156,29.90623665,63.39342499,221.9049377,470.3806458,108,070802060704
2365,F070802060704_455,4115.871828,101200.549,24.99653625,5749.203125,6275.229004,44.99376678,487.4324646,7.99889183,1.249826789,24.99653625,0.002826837,620.1176147,192.2364655,0.001052948,55.2310791,110462.1563,40.87099838,0.000156003,12024.43164,29.90693283,62.55021286,140.6670532,294.2044983,108,070802060704
2366,F070802060704_457,7415.474486,278036.5106,68.67501831,15795.25391,18805.96875,123.615036,1339.162842,21.97600555,3.433750868,68.67501831,0.0077664,1703.760864,528.1658936,0.002892955,33.44212341,66884.24219,24.7471714,9.44589E-05,34601.22266,29.90585709,65.51203156,638.2650146,1398.188965,108,070802060704
2367,F070802060704_458,7288.208742,226681.7835,55.99040222,12877.79297,15515.1543,100.7827225,1091.812866,17.91692924,2.799520016,55.99040222,0.006331908,1389.056641,430.6075439,0.002358592,107.7774429,215554.8906,79.75531006,0.000304423,28392.94727,29.90610123,65.93695068,161.4662781,356.0007019,108,070802060704
2368,F070802060704_465,3135.075477,110343.4491,27.25483131,6268.611328,7996.566406,49.05869675,531.4692383,8.721546173,1.36274159,27.25483131,0.003082226,676.1504517,209.6066437,0.001148091,26.4270134,52854.02734,19.55599022,7.46444E-05,14265.17773,29.90654945,68.05690002,320.546875,729.453125,108,070802060704
2369,F070802060704_466,1901.867726,113101.9029,27.93617058,6425.319336,8196.47168,50.28510666,544.7553101,8.939574242,1.396808505,27.93617058,0.003159278,693.043335,214.8434296,0.001176775,48.96792984,97935.85938,36.23626709,0.000138312,14621.79102,29.90698624,68.05789185,177.3173676,403.5126038,108,070802060704
2370,F070802060704_467,3077.244073,109456.885,27.03585052,6218.245605,6610.266113,48.66453171,527.1990967,8.651472092,1.351792574,27.03585052,0.003057462,706.5441895,219.0287018,0.001199699,1.921049476,3842.098877,1.421576619,5.4261E-06,12828.51172,28.39009476,58.57000351,4374.189453,9024.143555,108,070802060704
2371,F070802060704_474,1610.035995,162374.5743,40.10652161,9224.5,12028.74805,72.19174194,782.0771484,12.83408737,2.005326033,40.10652161,0.004535613,995.0153809,308.4547729,0.001689518,39.12258148,78245.16406,28.9507103,0.000110504,21253.24805,29.90551949,68.90231323,318.6277466,734.1183472,108,070802060704
2372,F070802060704_475,3932.20923,134226.1398,33.15385818,7625.387207,9186.93457,59.67694473,646.5002441,10.60923481,1.657692909,33.15385818,0.003749342,822.5045776,254.9764252,0.001396598,82.31788635,164635.7813,60.91523743,0.000232511,16812.32227,29.90624428,65.93677521,125.1802902,275.9953613,108,070802060704
2373,F070802060704_477,1504.979437,123968.8947,30.62031746,7042.672852,9183.646484,55.11656952,597.0961914,9.798501968,1.531015873,30.62031746,0.003462826,759.6552124,235.4931183,0.00128988,24.92342567,49846.85156,18.44333458,7.03974E-05,16226.31934,29.90606689,68.90357971,381.8546448,879.7931519,108,070802060704
2374,F070802060704_492,3041.276232,105074.0095,25.9532795,5969.254395,6514.793457,46.71590424,506.0889587,8.305049896,1.297663927,25.9532795,0.002935035,643.8491211,199.5932312,0.001093244,9.926616669,19853.23438,7.345696449,2.80382E-05,12484.04785,29.90709877,62.54745102,812.6192627,1699.505005,108,070802060704
2375,F070802060704_494,3718.864996,136181.5812,33.63685226,7736.476074,9430.426758,60.54633331,655.9186401,10.76379299,1.681842566,33.63685226,0.003803964,928.2133179,287.7461243,0.001576089,56.18994522,112379.8906,41.58055878,0.000158711,17166.90234,26.88646507,59.65988922,186.0599365,412.8588562,108,070802060704
2376,F070802060704_500,14549.74675,706276.0902,174.4501953,40123.54688,44359.19531,314.0103455,3401.778809,55.82406235,8.722509384,174.4501953,0.019728428,4813.936523,1492.320313,0.008173975,325.0993958,650198.8125,240.5735474,0.000918259,84482.74219,26.88668633,56.61166763,166.7828674,351.1722107,108,070802060704
2377,F070802060704_504,4688.210937,186310.291,46.01864243,10584.28809,12301.70117,82.83355713,897.3635254,14.7259655,2.300932169,46.01864243,0.00520421,1141.686157,353.922699,0.001938562,74.20600891,148412.0156,54.91244507,0.000209598,22885.98828,29.90564919,64.6638031,192.7484436,416.7723389,108,070802060704
2378,F070802060704_506,6610.549614,302643.545,74.75295258,17193.17969,21445.13086,134.5553131,1457.682617,23.92094421,3.737647533,74.75295258,0.008453749,1854.5354,574.9059448,0.003148966,100.5117111,201023.4219,74.37866974,0.0002839,38638.3125,29.90607452,67.20806122,231.1573944,519.4810791,108,070802060704
2379,F070802060704_508,6769.785964,245261.2737,60.57953644,13933.29297,16786.58984,109.0431671,1181.300903,19.38545227,3.028976917,60.57953644,0.006850889,1502.898315,465.898468,0.002551893,98.96268463,197925.375,73.23238373,0.000279525,30719.88281,29.90628624,65.93685913,190.2613678,419.4849548,108,070802060704
2380,F070802060704_511,5291.546233,177651.1948,43.87984467,10092.36426,12016.05762,78.98371887,855.6569824,14.04155064,2.193992138,43.87984467,0.004962335,1088.594116,337.4641724,0.001848413,76.33688354,152673.7656,56.48929214,0.000215617,22108.42188,29.90647697,65.51338959,178.6597748,391.3736877,108,070802060704
2381,F070802060704_512,2369.985588,355218.136,87.73887634,20179.94141,25742.58594,157.9299774,1710.908081,28.07644081,4.386943817,87.73887634,0.009922316,2176.710693,674.7803345,0.003696014,103.246048,206492.0938,76.40207672,0.000291623,45922.52734,29.90594101,68.0555191,264.1281738,601.0638428,108,070802060704
2382,F070802060704_513,4073.480502,113413.6422,28.01317024,6443.029297,7945.094727,50.42370605,546.2568359,8.964214325,1.400658488,28.01317024,0.003167986,694.9532471,215.4355011,0.001180018,52.06706619,104134.1328,38.52962875,0.000147066,14388.12402,29.90699959,66.78622437,167.2227173,373.4301147,108,070802060704
2383,F070802060704_515,1569.065848,153859.9099,38.0033989,8740.782227,11397.97852,68.4061203,741.0662842,12.16108799,1.900169969,38.0033989,0.004297773,942.7965088,292.2669067,0.001600851,31.66443634,63328.875,23.43168259,8.94377E-05,20138.76172,29.90684891,68.90538025,373.0326233,859.4671631,108,070802060704
2384,F070802060704_522,4434.781499,151843.8099,37.50542068,8626.24707,10515.01953,67.509758,731.3557129,12.00173473,1.875271082,37.50542068,0.004241457,930.460083,288.442627,0.001579904,64.32846069,128656.9219,47.60306168,0.000181699,19141.26563,29.90628433,66.36074066,181.2120209,402.1015625,108,070802060704
2385,F070802060704_523,3121.640234,120113.8712,29.66812706,6823.669434,8801.34668,53.40262985,578.5285034,9.493801117,1.483406305,29.66812706,0.003355144,736.0429688,228.1733246,0.001249787,41.49201202,82984.02344,30.70408821,0.000117196,15625.01563,29.90563965,68.47871399,222.2397614,508.8904114,108,070802060704
2386,F070802060704_524,7318.824971,246542.2002,60.89592361,14006.0625,16278.69922,109.6126633,1187.470459,19.48669624,3.044796228,60.89592361,0.006886669,1620.116333,502.2360535,0.002750927,133.2182922,266436.5938,98.58153534,0.000376282,30284.76172,27.88740921,60.29985428,142.0759277,307.2052002,108,070802060704
2387,F070802060704_525,1641.154099,144241.7928,35.62772369,8194.375977,9640.148438,64.1299057,694.7406006,11.40087128,1.781386137,35.62772369,0.00402911,883.8789673,274.0024719,0.00150081,55.77153397,111543.0703,41.27093506,0.000157529,17834.52344,29.90621185,65.08891296,198.550766,432.132782,108,070802060704
2388,F070802060704_532,14060.8344,526796.2184,130.1186676,29927.29297,35207.71875,234.2136078,2537.313965,41.63797379,6.505933285,130.1186676,0.014715011,3590.632568,1113.096069,0.006096827,311.3915405,622783.0625,230.4297333,0.00087954,65135.01172,26.88653183,58.51697159,129.8760071,282.667572,108,070802060704
2389,F070802060704_537,7301.87591,262798.2036,64.9111557,14929.56543,14601.11523,116.8400803,1265.767578,20.77157021,3.245557785,64.9111557,0.007340748,1726.916138,535.3439941,0.002932271,29.69041824,59380.83594,21.97090912,8.3862E-05,29530.67969,27.88779831,55.1620636,679.5151367,1344.080933,108,070802060704
2390,F070802060704_538,3658.572006,264357.0926,65.29620361,15018.12695,17242.11523,117.533165,1273.276001,20.89478493,3.264810085,65.29620361,0.007384293,1619.93042,502.1784363,0.002750612,176.2011871,352402.375,130.3888855,0.000497689,32260.24219,29.90595818,64.24059296,115.1795044,247.4155884,108,070802060704
2391,F070802060704_545,8944.816807,360157.8577,88.958992,20460.56836,24650.53711,160.1261902,1734.700317,28.46687698,4.447949409,88.958992,0.010060298,2324.784912,720.6833496,0.003947442,218.6720581,437344.125,161.8173218,0.00061765,45111.10547,28.39051056,62.59490585,126.4423828,278.7779846,108,070802060704
2392,F070802060704_549,12572.12381,553525.4533,136.7207794,31445.7793,36993.91406,246.0973969,2666.055176,43.7506485,6.836039066,136.7207794,0.015461639,3772.822998,1169.575073,0.006406183,258.4065247,516813.0625,191.2208252,0.000729882,68439.69531,26.8864994,58.51671982,164.447464,357.9092102,108,070802060704
2393,F070802060704_554,2387.120023,239536.2668,59.16545868,13608.05566,18367.61719,106.4978256,1153.72644,18.93294716,2.958272934,59.16545868,0.006690972,1467.841431,455.0308533,0.002492368,32.25446701,64508.93359,23.86830521,9.11043E-05,31975.67188,29.90578651,70.2714386,570.1307983,1339.670776,108,070802060704
2394,F070802060704_555,3332.468284,565879.2853,139.7721863,32147.60352,40553.50391,251.5899353,2725.557617,44.72710037,6.988609314,139.7721863,0.01580672,3467.598877,1074.955688,0.005887919,35.91399002,71827.98438,26.57635307,0.000101441,72701.10938,29.90598106,67.63172913,1209.631836,2735.556152,108,070802060704
2395,F070802060704_559,1262.401152,93045.37012,22.98220634,5285.907227,7042.66748,41.36797333,448.1530151,7.354306221,1.149110317,22.98220634,0.002599039,570.1549072,176.7480164,0.000968112,6.025306225,12050.6123,4.458726406,1.70188E-05,12328.57422,29.9064579,69.75226593,1185.519531,2765.043945,108,070802060704
2396,F070802060704_560,5443.593117,187048.3811,46.20095062,10626.21875,12049.20703,83.16171265,900.9185181,14.78430462,2.310047626,46.20095062,0.005224827,1146.177612,355.3150635,0.001946188,101.0044174,202008.8281,74.74327087,0.000285292,22675.42578,29.90646935,63.81779861,142.1695709,303.3775024,108,070802060704
2397,F070802060704_566,6208.797775,196130.7664,48.44429779,11142.18848,13108.05957,87.19973755,944.6638184,15.50217533,2.422214985,48.44429779,0.005478525,1201.862061,372.57724,0.002040739,98.39169312,196783.3906,72.8098526,0.000277912,24250.24805,29.90571404,65.08783722,153.0313263,333.0627136,108,070802060704
2398,F070802060704_569,2750.707464,461360.8675,113.956131,26209.91016,28651.81641,205.1210327,2222.144531,36.46596146,5.697806358,113.956131,0.012887204,2827.125977,876.4090576,0.004800408,183.1872101,366374.4063,135.5585327,0.000517421,54861.72656,29.90602303,62.59831238,193.3475494,404.7087708,108,070802060704
2399,F070802060704_576,1535.529023,152522.8605,37.67314529,8664.823242,10070.78516,67.81166077,734.6263428,12.05540657,1.883657217,37.67314529,0.004260425,984.5308228,305.2045593,0.001671715,89.35646057,178712.9219,66.1237793,0.000252392,18735.60938,28.39021492,61.38705444,131.039444,283.3414917,108,070802060704
2400,F070802060801_29,10386.57735,375760.8271,92.81292725,21346.97266,24205.61133,167.0632629,1809.852051,29.70013618,4.640646458,92.81292725,0.010496137,2302.576172,713.798584,0.003909731,33.94005585,67880.11719,25.11564064,9.58653E-05,45552.58594,29.90615654,63.81714249,849.9473877,1813.713867,108,070802060801
2401,F070802060801_35,6411.779416,459336.7003,113.4561615,26094.91797,47492.09766,204.2210846,2212.395264,36.30597305,5.67280817,113.4561615,0.012830663,2814.733398,872.5673828,0.004779365,265.613739,531227.5,196.5541687,0.000750239,73587.01563,29.90590668,84.33390808,132.7619629,374.385437,108,070802060801
2402,F070802060801_40,7132.62604,242058.8883,59.7885437,13751.36523,17152.13867,107.6193771,1165.876587,19.13233376,2.98942709,59.7885437,0.006761436,1562.474121,484.3669739,0.002653052,104.376236,208752.4688,77.23841095,0.000294816,30903.50391,28.39038658,63.80183792,178.0379028,400.1053772,108,070802060801
2403,F070802060801_50,14472.82932,657237.9994,162.3377838,37337.69141,35987.03906,292.2080078,3165.58667,51.9480896,8.116889,162.3377838,0.018358644,4027.407959,1248.49646,0.006838464,521.0286865,1042057.313,385.5612183,0.001471671,73324.73438,29.90612602,58.7304306,96.83985138,190.1766357,108,070802060801
2404,F070802060801_52,1496.318969,139563.3911,34.47215652,7928.596191,10338.8916,62.04988098,672.2070313,11.03108978,1.723607779,34.47215652,0.003898427,855.2032471,265.1130066,0.001452119,22.4291935,44858.38672,16.59760284,6.33523E-05,18267.48828,29.90647697,68.90453339,477.6952515,1100.609985,108,070802060801
2405,F070802060801_58,3579.609597,209263.1836,51.68800735,11888.24121,12806.2207,93.038414,1007.916138,16.54016304,2.584400415,51.68800735,0.005845353,1350.768921,418.7383728,0.002293581,135.0845184,270169.0625,99.9625473,0.000381553,24694.46094,28.39061737,58.97348404,118.9269562,247.0371246,108,070802060801
2406,F070802060801_75,8418.807951,270259.0261,66.75398254,15353.41602,15015.64063,120.1571655,1301.702637,21.36127472,3.337699175,66.75398254,0.007549152,1744.499634,540.7948608,0.002962128,244.7808685,489561.75,181.1378479,0.000691395,30369.05664,28.39046288,56.15633392,84.76094818,167.6571503,108,070802060801
2407,F070802060801_80,6710.679663,199905.0721,49.37655258,11356.60742,11589.66406,88.87779236,962.8427734,15.80049706,2.468827724,49.37655258,0.005583953,1224.96582,379.7394104,0.002079969,117.1622925,234324.5781,86.70009613,0.000330931,22946.27148,29.90631676,60.4263649,130.9872589,264.6625977,108,070802060801
2408,F070802060801_84,8823.663991,367308.0616,90.72509003,20866.77148,20999.22852,163.3051605,1769.139282,29.0320282,4.536254406,90.72509003,0.010260025,2250.796387,697.7468872,0.00382181,266.0498962,532099.75,196.8769226,0.000751471,41866,29.90593338,60.00170135,105.9889145,212.6506195,108,070802060801
2409,F070802060801_88,8405.335576,341583.503,84.37112427,19405.35938,17053.0918,151.8680267,1645.236938,26.99876022,4.218556404,84.37112427,0.00954146,2244.649902,695.8414917,0.003811374,39.05371857,78107.4375,28.89975166,0.000110309,36458.45313,27.8876152,52.39476776,671.4714966,1261.54895,108,070802060801
2410,F070802060801_89,1781.71149,85297.31024,21.06843567,4845.740234,5151.232422,37.92318344,410.8345032,6.74189949,1.053421736,21.06843567,0.002382612,522.6743774,162.0290527,0.000887491,41.67475128,83349.50781,30.83931541,0.000117712,9996.972656,29.9066143,61.69864273,157.1286621,324.1632385,108,070802060801
2411,F070802060801_94,2634.169552,277064.68,68.43497467,15740.04395,20748.11523,123.1829529,1334.482056,21.89919281,3.421748638,68.43497467,0.007739254,1888.465942,585.4244385,0.00320658,42.28987122,84579.74219,31.29450417,0.00011945,36488.16016,26.8865509,62.32770157,502.9651184,1165.960693,108,070802060801
2412,F070802060801_97,6642.549679,299323.2022,73.93283081,17004.55078,20245.76367,133.0791016,1441.690186,23.65850639,3.696641445,73.93283081,0.008361002,1834.169678,568.5925903,0.003114386,128.9041901,257808.3906,95.38909912,0.000364096,37250.3125,29.90638924,65.51318359,178.2651367,390.5091248,108,070802060801
2413,F070802060801_98,14115.18311,611918.9495,151.1439819,34763.11719,37447.43359,272.0591736,2947.307617,48.36607361,7.557199001,151.1439819,0.017092748,3749.722656,1162.414063,0.00636696,46.9950943,93990.19531,34.776371,0.00013274,72210.54688,29.90596771,62.12119293,999.6188965,2076.425537,108,070802060801
2414,F070802060801_99,3012.270726,450478.6853,111.2682343,25591.69336,30106.96094,200.2828217,2169.730469,35.60583496,5.563411713,111.2682343,0.012583232,2760.431885,855.7338867,0.004687162,151.4775848,302955.1875,112.0934143,0.000427856,55698.65625,29.90613556,65.08876038,228.306839,496.894989,108,070802060801
2415,F070802060801_106,1562.736491,142423.1456,35.17851639,8091.058594,9174.556641,63.32133102,685.9810791,11.2571249,1.758925796,35.17851639,0.003978309,919.34198,284.9960022,0.001561026,42.34485245,84689.70313,31.33519173,0.000119605,17265.61523,28.39007759,60.58195496,258.2099609,550.9976196,108,070802060801
2416,F070802060801_107,1127.784861,42552.61306,10.51049519,2417.413818,2604.080322,18.91889191,204.9546509,3.363358498,0.525524735,10.51049519,0.001188623,260.7437744,80.83056641,0.000442738,3.526608944,7053.217773,2.609690666,9.96108E-06,5021.494141,29.90717316,62.123703,926.3219604,1924.172119,108,070802060801
2417,F070802060801_109,2593.49101,51267.62927,12.66310406,2912.513916,2394.339355,22.79358673,246.9305267,4.052193165,0.633155227,12.66310406,0.00143206,314.1468201,97.38551331,0.000533415,6.98708868,13974.17773,5.170445442,1.97354E-05,5306.853516,29.9070549,54.49325562,563.300415,1026.382324,108,070802060801
2418,F070802060801_114,8500.028224,386817.5016,95.54392242,21975.10156,23983.4375,171.9790649,1863.106445,30.57405472,4.77719593,95.54392242,0.010804983,2370.326904,734.8013306,0.004024771,243.5241547,487048.3125,180.2078705,0.000687846,45958.53906,29.90618134,62.54553223,121.9430771,255.0307007,108,070802060801
2419,F070802060801_126,3217.503084,105236.1448,25.99332809,5978.465332,5592.724121,46.78799057,506.8699036,8.317865372,1.299666405,25.99332809,0.002939564,733.553833,227.4016876,0.001245561,3.481886625,6963.773438,2.576596022,9.83476E-06,11571.18945,26.29032898,50.88436127,2320.295898,4490.882324,108,070802060801
2420,F070802060801_128,10096.45351,371747.0512,91.82151794,21118.94922,21552.34961,165.2787323,1790.519653,29.38288498,4.591075897,91.82151794,0.010384019,2399.595947,743.8747559,0.00407447,264.4136353,528827.3125,195.6660919,0.000746849,42671.29688,28.39046288,57.36354828,107.9336166,218.0822296,108,070802060801
2421,F070802060801_136,1726.72582,54399.33807,13.43663692,3090.426514,2672.009277,24.18594742,262.0144348,4.299723625,0.671831846,13.43663692,0.001519538,333.360199,103.3416595,0.000566039,5.055085182,10110.1709,3.740762949,1.42783E-05,5762.435547,29.90494347,55.76101303,826.1487427,1540.44397,108,070802060801
2422,F070802060801_140,9345.483098,352286.6386,87.01480103,20013.4043,20424.11328,156.6266479,1696.788574,27.8447361,4.350739956,87.01480103,0.009840432,2158.718262,669.2026367,0.003665464,213.9900513,427980.0938,158.3526306,0.000604425,40437.51563,29.90634346,60.42641449,126.3850479,255.3637085,108,070802060801
2423,F070802060801_143,1749.193631,123268.2336,30.44725418,7002.868652,6253.257324,54.80505753,593.7214355,9.743121147,1.522362709,30.44725418,0.003443255,755.3483887,234.1580048,0.001282568,67.76733398,135534.6719,50.14782715,0.000191412,13256.12598,29.90659523,56.61188507,139.6445007,264.3409729,108,070802060801
2424,F070802060801_154,2458.217639,305469.7393,75.45102692,17353.73633,21399.41992,135.8118439,1471.295044,24.14432907,3.772551298,75.45102692,0.008532694,1871.870605,580.2799072,0.003178402,127.6541367,255308.2813,94.46405792,0.000360565,38753.15625,29.90580177,66.78355408,183.7072906,410.2423401,108,070802060801
2425,F070802060801_165,5702.499234,235242.4235,58.10487747,13364.12207,13638.37695,104.5887756,1133.045166,18.59356117,2.905243874,58.10487747,0.006571032,1441.534546,446.8757019,0.002447699,189.2901611,378580.3125,140.0747223,0.000534659,27002.5,29.90568161,60.42507935,95.40709686,192.77211,108,070802060801
2426,F070802060801_167,11284.21457,481349.9899,118.8934479,27345.49219,32557.78125,214.0082092,2318.422119,38.04590225,5.944672585,118.8934479,0.013445561,2949.614746,914.3805542,0.005008391,225.3564301,450712.875,166.7637634,0.00063653,59903.27344,29.90603065,65.51241302,163.977417,359.2103577,108,070802060801
2427,F070802060801_174,1254.46047,91165.05751,22.51776886,5179.086914,5505.594727,40.53198242,439.0964966,7.205686092,1.125888467,22.51776886,0.002546516,558.6472168,173.1806335,0.000948573,19.61431694,39228.63281,14.51459408,5.54016E-05,10684.68164,29.90569305,61.69674683,356.8192749,736.133667,108,070802060801
2428,F070802060801_177,7243.846909,261296.718,64.54029083,14844.2666,14096.89063,116.1725235,1258.535645,20.65289307,3.227014542,64.54029083,0.007298808,1601.148682,496.3560791,0.002718721,30.93266487,61865.33203,22.89017105,8.73708E-05,28941.15625,29.90648651,58.30724716,648.4995728,1264.348633,108,070802060801
2429,F070802060801_179,12000.81768,549383.6341,135.6977539,31210.48438,28311.97852,244.2559509,2646.106201,43.42328262,6.784887791,135.6977539,0.015345946,3366.515625,1043.619873,0.005716281,469.4188538,938837.6875,347.3699646,0.001325896,59522.46094,29.90598869,57.03461838,89.84796143,171.3517761,108,070802060801
2430,F070802060801_181,5036.758995,152299.905,37.61807632,8652.157227,9074.985352,67.71253967,733.5524902,12.03778458,1.88090384,37.61807632,0.004254197,933.2397461,289.3043213,0.001584624,95.88587189,191771.7344,70.95554352,0.000270834,17727.14258,29.9067688,61.27507019,121.9377213,249.8345032,108,070802060801
2431,F070802060801_187,1752.978228,178997.1111,44.2122879,10168.82617,12107.09375,79.58211517,862.1395874,14.14793205,2.210614443,44.2122879,0.004999931,1096.860474,340.0267334,0.001862449,84.9234848,169846.9688,62.84337997,0.000239871,22275.91992,29.90596008,65.51226044,161.8122101,354.4672546,108,070802060801
2432,F070802060801_189,4079.242326,718479.4444,177.4644165,40816.81641,50910.99609,319.4359436,3460.556152,56.78861237,8.873220444,177.4644165,0.020069303,4402.668457,1364.827271,0.007475649,179.3895111,358779.0313,132.7482452,0.000506694,91727.8125,29.90621376,67.20836639,307.4753723,690.9907837,108,070802060801
2433,F070802060801_190,1218.103786,74114.0077,18.30615997,4210.416992,4953.280762,32.95108795,356.9701233,5.857971191,0.915307999,18.30615997,0.002070228,454.1604614,140.7897491,0.000771156,20.78310013,41566.19922,15.37949371,5.87029E-05,9163.697266,29.90570641,65.08781433,273.7682495,595.8386841,108,070802060801
2434,F070802060801_193,10579.09939,465142.9583,114.8903122,26424.77148,25094.34375,206.8025665,2240.361084,36.76490021,5.744515419,114.8903122,0.01299285,2850.299805,883.5929565,0.004839757,426.043457,852086.9375,315.2721558,0.00120338,51519.11719,29.90604591,58.30639267,83.81575012,163.4115601,108,070802060801
2435,F070802060801_195,1178.253401,94383.11067,23.31262779,5361.904297,4255.953125,41.96273041,454.5962524,7.460041046,1.165631413,23.31262779,0.002636406,578.3355713,179.2840271,0.000982003,83.88623047,167772.4531,62.07580948,0.000236941,9617.857422,29.90731812,53.64592361,86.37670898,154.9372864,108,070802060801
2436,F070802060801_201,1145.289576,70008.73343,17.29215622,3977.196045,3551.463379,31.1258812,337.197052,5.533490181,0.864607811,17.29215622,0.001955556,428.9970703,132.98909,0.000728429,55.61237335,111224.7422,41.15315628,0.00015708,7528.65918,29.90618324,56.61110306,96.64376831,182.9424438,108,070802060801
2437,F070802060801_220,3363.687754,61205.01638,15.11763859,3477.056885,2907.726563,27.21175003,294.7939453,4.837644577,0.755881906,15.11763859,0.001709641,375.0570068,116.2676697,0.00063684,62.41867065,124837.3438,46.18981552,0.000176305,6384.783203,29.90562057,54.91452026,75.277565,138.229248,108,070802060801
2438,F070802060801_225,2632.71395,302122.7981,74.62432861,17163.5957,21651.50195,134.3237915,1455.174438,23.87978554,3.731216431,74.62432861,0.008439203,1851.332764,573.913147,0.003143529,85.55541992,171110.8281,63.31101227,0.000241655,38815.09766,29.90625954,67.63235474,271.0997009,613.0860596,108,070802060801
2439,F070802060801_226,2416.788261,61055.25091,15.08064651,3468.548584,2900.611572,27.14516449,294.0726013,4.825807095,0.754032314,15.08064651,0.001705458,374.1434326,115.9844666,0.000635289,63.25413132,126508.2578,46.80805588,0.000178664,6369.160156,29.90528488,54.9139061,74.10153198,136.0697479,108,070802060801
2440,F070802060801_229,6076.9915,254543.5655,62.87226105,14460.62012,12502.77734,113.1700668,1226.009033,20.11912346,3.1436131,62.87226105,0.007110171,1559.792725,483.5357361,0.002648499,34.09939957,68198.79688,25.23355484,9.63154E-05,26963.39844,29.90600014,55.76298904,573.0710449,1068.553345,108,070802060801
2441,F070802060801_235,16388.20099,770775.793,190.3816223,43787.77344,45927.66406,342.6869202,3712.44165,60.92211914,9.519081116,190.3816223,0.021530099,5253.600586,1628.616211,0.008920517,74.95021057,149900.4219,55.46315765,0.000211701,89715.4375,26.88648987,55.08691025,789.492981,1617.568115,108,070802060801
2442,F070802060801_245,23543.42532,1204301.971,297.4625854,68416.39844,83396.60938,535.4326782,5800.520508,95.18802643,14.87312889,297.4625854,0.033639796,7379.714844,2287.71167,0.012530619,422.1278992,844255.8125,312.3746338,0.001192321,151813,29.90604019,66.36019897,219.02034,485.996582,108,070802060801
2443,F070802060801_269,2230.874018,60197.98516,14.86890221,3419.847412,3877.809814,26.76402473,289.9436035,4.758048534,0.743445098,14.86890221,0.001681512,388.5730286,120.4576416,0.00065979,37.96125412,75922.50781,28.09132767,0.000107223,7297.657227,28.39045715,60.58276749,121.7403259,259.7832947,108,070802060801
2444,F070802060801_282,805.2687109,41486.87754,10.24725914,2356.869629,2171.394531,18.44506645,199.8215485,3.279122829,0.512362957,10.24725914,0.001158854,272.6079712,84.50846863,0.000462883,,,,,4528.26416,27.88915253,53.58355331,,,108,070802060801
2445,F070802060801_287,7106.469376,263598.6371,65.10886383,14975.03906,12310.78516,117.1959534,1269.622803,20.83483696,3.255443096,65.10886383,0.007363107,1615.291504,500.7403564,0.002742735,33.91029358,67820.58594,25.09361649,9.57813E-05,27285.82422,29.90579605,54.49096298,596.7668457,1087.361206,108,070802060801
2446,F070802060801_305,5431.672221,129271.3871,31.93003273,7343.907715,6037.330078,57.47406006,622.6356201,10.21761036,1.596501589,31.93003273,0.003610941,792.1643066,245.5709381,0.00134508,18.69859123,37397.18359,13.83695793,5.28151E-05,13381.23828,29.90544319,54.4903183,530.7458496,967.0650635,108,070802060801
2447,F070802060801_319,1128.541092,60128.12935,14.85164833,3415.87915,3728.061035,26.73296738,289.6071472,4.752527237,0.74258244,14.85164833,0.001679561,368.4418945,114.2169876,0.000625607,13.49608898,26992.17773,9.987106323,3.81204E-05,7143.94043,29.90692711,62.54709244,342.0289307,715.3163452,108,070802060801
2448,F070802060801_331,2695.364946,88765.82826,21.92515945,5042.786621,5432.175781,39.46528625,427.5406189,7.016050816,1.096257925,21.92515945,0.002479498,516.1557617,160.0082855,0.000876423,,,,,10474.96289,31.51578522,65.46512604,,,108,070802060801
2449,F070802060801_335,3331.57504,416363.8943,102.8418808,23653.63281,28497.48438,185.115387,2005.416626,32.90940094,5.142094135,102.8418808,0.011630302,2837.927002,879.7573853,0.004818748,152.6363678,305272.75,112.9509125,0.000431129,52151.11719,26.88654137,59.27897644,209.4151611,461.7148743,108,070802060801
2450,F070802060801_336,2416.569619,145644.8894,35.97428894,8274.086914,6919.294922,64.75372314,701.4986572,11.51177216,1.798714399,35.97428894,0.004068302,1015.229431,314.7211304,0.001723841,68.26186371,136523.7188,50.51377869,0.000192809,15193.38184,26.29021645,48.2756958,163.7986145,300.7769775,108,070802060801
2451,F070802060802_23,1488.699078,108210.9676,26.72810936,6147.465332,7406.358887,48.1105957,521.1981201,8.552994728,1.336405516,26.72810936,0.00302266,663.0886841,205.5574951,0.001125912,8.653259277,17306.51758,6.403411865,2.44416E-05,13553.82422,29.90630531,65.93689728,960.0296631,2116.656738,108,070802060802
2452,F070802060802_40,2375.983866,319928.8442,79.02242279,18175.1582,22412.33789,142.2403564,1540.937256,25.28717613,3.951121092,79.02242279,0.00893658,1960.431519,607.7337646,0.003328776,47.99366379,95987.32813,35.51531219,0.00013556,40587.49609,29.90644836,66.78499603,511.7555542,1142.816772,108,070802060802
2453,F070802060802_51,2389.500098,277529.6648,68.54982758,15766.45996,18771.68555,123.3896866,1336.72168,21.93594551,3.427491426,68.54982758,0.007752243,1700.657227,527.2037354,0.002887684,38.04392242,76087.85156,28.15250206,0.000107457,34538.14453,29.90582085,65.51194763,560.0375977,1226.823242,108,070802060802
2454,F070802060802_57,5923.138794,522248.0735,128.9952698,29668.91211,37006.16406,232.1914825,2515.407715,41.27848816,6.449763298,128.9952698,0.014587968,3200.219727,992.0681152,0.005433914,33.17694092,66353.875,24.55093575,9.37099E-05,66675.07813,29.90612411,67.20816803,1208.463623,2715.785645,108,070802060802
2455,F070802060802_84,1401.006798,80193.00961,19.8076725,4555.764648,5036.695801,35.65380859,386.2496033,6.3384552,0.990383625,19.8076725,0.002240033,491.3998718,152.3339539,0.000834388,18.91985893,37839.71875,14.00069523,5.34401E-05,9592.460938,29.90642929,62.96994781,325.3955994,685.1417847,108,070802060802
2456,F070802060802_88,2528.493273,370829.7939,91.59495544,21066.83984,24783.76563,164.8709259,1786.101685,29.31038666,4.579747677,91.59495544,0.010358397,2584.907715,801.3214111,0.004389125,59.88832092,119776.6406,44.31735611,0.000169157,45850.60547,26.29012489,57.21874619,475.3631897,1034.597046,108,070802060802
2457,F070802060802_95,3344.97601,413064.6444,102.0269699,23466.20313,26941.24219,183.6485443,1989.525879,32.64863205,5.1013484,102.0269699,0.011538145,2531.154785,784.657959,0.004297854,88.18545532,176370.9063,65.2572403,0.000249084,50407.44531,29.90628242,64.24129486,359.5953979,772.4421997,108,070802060603
2458,F070802060802_100,2224.281712,201973.0113,49.88733292,11474.08691,12522.71875,89.79719543,972.8029785,15.96394634,2.494366646,49.88733292,0.005641717,1237.642578,383.6691895,0.002101494,56.70534515,113410.6875,41.96195602,0.000160167,23996.80469,29.9061985,62.54556274,273.4402161,571.8704834,108,070802060802
2459,F070802060802_102,1962.097455,199047.5573,49.16474533,11307.8916,13142.71973,88.49654388,958.7125244,15.73271847,2.458237171,49.16474533,0.00556,1219.723389,378.1142578,0.002071068,41.19718933,82394.375,30.48591995,0.000116363,24450.61133,29.9060173,64.66461182,370.9217834,802.0296631,108,070802060802
2460,F070802060802_109,1238.215045,58699.58382,14.49879742,3334.723389,3639.488037,26.09783554,282.7265625,4.639615059,0.724939883,14.49879742,0.001639657,359.6784058,111.5003052,0.000610727,10.995821,21991.64258,8.136907578,3.10582E-05,6974.211426,29.90775108,62.54880905,409.8268738,857.1083374,108,070802060802
2461,F070802060802_129,4450.075428,422188.5988,104.2805862,23984.53516,29576.06055,187.7050476,2033.471436,33.36978912,5.214029312,104.2805862,0.011793004,2587.060303,801.9887085,0.00439278,77.19120789,154382.4219,57.12149429,0.00021803,53560.59375,29.90632439,66.78472137,419.8863525,937.6609497,108,070802060802
2462,F070802060802_133,1633.242214,166714.4849,41.17847824,9471.049805,11142.07324,74.1212616,802.9803467,13.17711258,2.05892396,41.17847824,0.00465684,1136.334351,352.2636414,0.001929475,13.30122185,26602.44336,9.842904091,3.75699E-05,20613.12305,26.88625336,58.51618195,962.2210693,2094.211426,108,070802060802
2463,F070802060802_137,2725.626711,171733.539,42.41818237,9756.181641,11200.94727,76.3527298,827.154541,13.57381821,2.120909214,42.41818237,0.004797037,1052.351196,326.2288818,0.001786873,37.8540802,75708.16406,28.01202011,0.000106921,20957.12891,29.90594101,64.24057007,348.285553,748.1477051,108,070802060802
2464,F070802060802_139,1759.012291,157412.372,38.88085556,8942.59668,10900.63477,69.9855423,758.1766968,12.44187355,1.944042802,38.88085556,0.004397003,964.5910645,299.0232239,0.001637858,30.64361954,61287.23828,22.67627907,8.65544E-05,19843.23047,29.90602684,66.36016846,394.3591003,875.0655518,108,070802060802
2465,F070802060802_145,1724.583312,115848.0045,28.61445618,6581.324707,7276.088379,51.50601959,557.9818726,9.156625748,1.430722833,28.61445618,0.003235985,709.8964233,220.0678864,0.001205391,21.56723785,43134.47656,15.9597559,6.09177E-05,13857.41309,29.90588379,62.96881104,412.3700256,868.2722168,108,070802060802
2466,F070802060802_149,4294.740096,234833.3008,58.00382614,13340.87988,15316.49023,104.4068909,1131.074585,18.56122398,2.900191307,58.00382614,0.006559604,1600.618408,496.1917114,0.00271782,74.85214996,149704.3125,55.39059067,0.000211424,28657.37109,26.88654327,57.75463486,240.8510132,517.3689575,108,070802060802
2467,F070802060802_150,1580.530758,155600.9927,38.43344498,8839.692383,9772.857422,69.18019867,749.4521484,12.29870224,1.921672225,38.43344498,0.004346406,1022.482727,316.969635,0.001736157,54.39882278,108797.6406,40.25512695,0.000153652,18612.55078,27.88813591,58.72029495,219.5917206,462.3647156,108,070802060802
2468,F070802060802_151,1167.449981,58054.81559,14.33953953,3298.093994,3365.776855,25.81117058,279.6210327,4.588652611,0.716977,14.33953953,0.001621647,395.710907,122.6703796,0.00067191,19.63043022,39260.85938,14.52651882,5.54471E-05,6663.871094,26.8858223,54.32339096,227.0395355,458.7383423,108,070802060802
2469,F070802060802_152,1546.086167,151534.3602,37.4289856,8608.666992,10981.66406,67.37217712,729.8652344,11.97727585,1.871449232,37.4289856,0.004232813,928.5733032,287.8577271,0.0015767,19.1973877,38394.77344,14.20606709,5.4224E-05,19590.33203,29.90597916,68.05560303,605.9852295,1379.011597,108,070802060802
2470,F070802060802_159,3656.488413,510747.7381,126.1546936,29015.58008,36191.25781,227.0784454,2460.016602,40.36950302,6.307734489,126.1546936,0.014266729,3129.728271,970.2157593,0.005314221,32.93978882,65879.57813,24.37544441,9.304E-05,65206.83594,29.90631676,67.20859528,1190.361084,2675.103516,108,070802060802
2471,F070802060802_179,1841.435502,112976.6845,27.90524101,6418.205566,7732.541016,50.22943497,544.1522217,8.92967701,1.395262003,27.90524101,0.00315578,692.3198242,214.6191406,0.001175546,13.6591177,27318.23633,10.10774708,3.85808E-05,14150.74609,29.90509415,65.93421936,634.9788208,1399.990112,108,070802060802
2472,F070802060802_180,1909.931639,164447.7243,40.61858749,9342.275391,11387.82813,73.11345673,792.062439,12.99794769,2.030929327,40.61858749,0.004593522,1007.676636,312.3797607,0.001711016,26.45088387,52901.76953,19.57365417,7.47118E-05,20730.10352,29.90678787,66.36186218,477.288269,1059.081909,108,070802060802
2473,F070802060802_187,2393.060912,316836.1293,78.25852203,17999.46094,20154.69922,140.8653412,1526.041138,25.04272652,3.912926197,78.25852203,0.008850191,1941.49646,601.8638916,0.003296625,62.03971863,124079.4375,45.90939331,0.000175234,38154.16016,29.9061985,63.39333725,392.0648804,831.0752563,108,070802060802
2474,F070802060802_188,2094.963745,175692.3475,43.39601135,9981.083008,12166.50684,78.11282349,846.222229,13.88672352,2.16980052,43.39601135,0.004907619,1076.59082,333.7431641,0.001828031,24.27085114,48541.70313,17.96043015,6.85542E-05,22147.58984,29.90647888,66.36117554,555.7262573,1233.132446,108,070802060802
2475,F070802060802_195,1454.411405,106516.7407,26.30963516,6051.216309,7204.629883,47.35734177,513.0379028,8.419083595,1.315481782,26.30963516,0.002975335,652.7133789,202.3411407,0.001108295,23.16984558,46339.69141,17.1456852,6.54443E-05,13255.8457,29.90601158,65.51235962,352.9293823,773.130127,108,070802060802
2476,F070802060802_204,1575.531766,136825.8732,33.79598999,7773.077637,9695.394531,60.83278275,659.0217896,10.81471634,1.689799547,33.79598999,0.00382196,838.4470825,259.9186096,0.001423668,16.41591454,32831.83203,12.1477766,4.63675E-05,17468.47266,29.90581322,67.20747375,639.8765869,1437.997559,108,070802060802
2477,F070802060802_224,1321.907459,109102.1017,26.9482193,6198.090332,7379.500977,48.50679398,525.4902954,8.623430252,1.347410917,26.9482193,0.003047552,668.5302734,207.2443848,0.001135152,19.91953659,39839.07422,14.74045753,5.62637E-05,13577.5918,29.90715599,65.51488495,420.4815369,921.1105957,108,070802060802
2478,F070802060802_262,2439.903821,298221.916,73.66081238,16941.98633,21852.2168,132.5894623,1436.385864,23.57146072,3.683040619,73.66081238,0.00833024,2032.660522,630.1247559,0.00345142,56.63502121,113270.0469,41.90991592,0.000159968,38794.20313,26.88671684,61.56591034,404.2476807,925.6569214,108,070802060802
2479,F070802060802_270,1615.739832,97805.04675,24.15784645,5556.304688,5591.575684,43.48412323,471.0780029,7.730510712,1.207892299,24.15784645,0.002731991,681.7579346,211.3449554,0.001157612,13.26187515,26523.75,9.81378746,3.74588E-05,11147.88086,26.29021645,52.7473259,566.1733398,1135.940674,108,070802060802
2480,F070802060802_276,2359.232536,140939.9201,34.81216049,8006.796875,4652.993164,62.66188812,678.8371582,11.13989162,1.740607977,34.81216049,0.003936878,1036.770386,321.3988342,0.001760417,15.16739845,30334.79688,11.22387505,4.28411E-05,12659.79004,24.91234016,39.38965607,713.3718872,1127.93396,108,070802060802
2481,F070802060803_3,5502.313549,536685.6676,132.5613556,30489.11133,28089.75195,238.6104431,2584.946533,42.41963196,6.62806797,132.5613556,0.014991254,3288.707275,1019.499268,0.005584164,331.5303955,663060.75,245.332489,0.000936424,58578.86328,29.90596771,57.45846558,124.2766953,238.7733612,108,070802060803
2482,F070802060803_73,1185.864522,71168.16057,17.57853508,4043.062988,4871.012695,31.64136314,342.7814331,5.62513113,0.878926754,17.57853508,0.001987942,436.1263733,135.199173,0.000740535,16.83871078,33677.42188,12.46064568,4.75618E-05,8914.076172,29.90449524,65.93292236,324.4665833,715.3783569,108,070802060803
2483,F070802060803_82,2321.385071,341153.6118,84.26493835,19380.93555,23129.4375,151.6768951,1643.16626,26.96478081,4.213246822,84.26493835,0.009529452,2090.516602,648.0601196,0.003549658,81.76276398,163525.5313,60.50444412,0.000230943,42510.375,29.90607643,65.59634399,320.3225098,702.5992432,108,070802060803
2484,F070802060803_127,1632.003818,118918.9199,29.37297249,6755.783691,6607.156738,52.87134933,572.7729492,9.39935112,1.468648672,29.37297249,0.003321765,728.744812,225.9108887,0.001237395,24.82213402,49644.26953,18.36837959,7.01113E-05,13362.94043,29.9046402,59.15137863,367.79422,727.4969482,108,070802060803
2485,F070802060803_164,6585.888351,274652.4118,67.83914948,15603.00391,16586.67188,122.110466,1322.863403,21.70852852,3.391957521,67.83914948,0.007671873,1804.837891,559.4997559,0.003064581,131.5964661,263192.9375,97.3813858,0.000371701,32189.67578,27.88741875,57.53295898,160.2257385,330.5526428,108,070802060803
2486,F070802060803_166,2809.70376,60145.6863,14.85598469,3416.876465,3341.705566,26.74077225,289.6917114,4.75391531,0.742799222,14.85598469,0.001680051,368.5457153,114.2491684,0.000625784,7.526361942,15052.72363,5.569507599,2.12586E-05,6758.582031,29.90723228,59.1565094,613.4970703,1213.497192,108,070802060803
2487,F070802060803_170,831.2981312,40673.02725,10.04623795,2310.634766,2161.548584,18.08322906,195.9016418,3.214796066,0.502311885,10.04623795,0.001136121,249.24263,77.26521301,0.000423209,5.157256126,10314.5127,3.816369534,1.45669E-05,4472.183594,29.90524101,57.88094711,605.4536133,1171.842407,108,070802060803
2488,F070802060803_172,5986.941456,189173.8642,46.72594452,10746.9668,11119.83984,84.10669708,911.1559448,14.95230198,2.336297274,46.72594452,0.005284198,1159.195679,359.350647,0.001968293,131.3435516,262687.0938,97.19422913,0.000370986,21866.80664,29.90662956,60.85089111,110.5720673,224.9804993,108,070802060803
2489,F070802060803_176,2753.831626,90813.13868,22.43084526,5159.094238,3875.601563,40.37552261,437.4014893,7.177870274,1.121542215,22.43084526,0.002536686,618.9865723,191.8858337,0.001051028,,,,,9034.695313,26.88626862,47.08370209,,,108,070802060803
2490,F070802060803_186,2483.717259,180223.4571,44.51519394,10238.49414,10013.24902,80.12734985,868.0462646,14.2448616,2.225759745,44.51519394,0.005034186,1184.308594,367.1356506,0.002010934,100.6385956,201277.1875,74.47255707,0.000284259,20251.74219,27.88749695,55.16146851,137.4800873,271.9356384,108,070802060803
2491,F070802060803_188,1593.873953,97130.2482,23.99117088,5517.969238,13295.90918,43.18410873,467.8278198,7.677174568,1.199558496,23.99117088,0.002713141,638.2608643,197.8608704,0.001083755,30.98991013,61979.82031,22.93253326,8.75325E-05,18813.87891,27.88812828,95.08640289,240.6175232,820.4012451,108,070802060803
2492,F070802060803_190,4216.699513,107563.33,26.56814194,6110.672852,5889.625,47.82265472,518.0787964,8.501805305,1.328407049,26.56814194,0.003004569,706.8535156,219.124588,0.001200224,78.08692932,156173.8594,57.78432846,0.00022056,12000.29785,27.88675117,54.76472473,105.7496567,207.6739197,108,070802060803
2493,F070802060803_194,6571.240774,268990.0383,66.4405365,15281.32324,17760.88477,119.5929642,1295.590454,21.26097107,3.32202673,66.4405365,0.007513705,1736.312256,538.2567749,0.002948226,147.1541901,294308.375,108.894104,0.000415644,33042.20703,28.39039612,61.38744354,140.331955,303.4342957,108,070802060803
2494,F070802060803_195,2468.591456,75749.901,18.71022606,4303.352051,4147.683105,33.67840576,364.8493958,5.987272263,0.935511291,18.71022606,0.002115924,464.1915894,143.8993988,0.000788189,53.71470642,107429.4141,39.74888229,0.00015172,8451.035156,29.90528107,58.72877502,108.2634735,212.6106415,108,070802060803
2495,F070802060803_197,1191.601484,55830.06639,13.79002666,3171.706055,2832.195313,24.82204819,268.9055176,4.412808418,0.689501345,13.79002666,0.001559503,342.1138306,106.0552902,0.000580903,53.2203331,106440.6641,39.3830452,0.000150323,6003.901367,29.90615654,56.61104965,80.53481293,152.4488831,108,070802060803
2496,F070802060803_205,6627.080703,224174.9676,55.37121582,12735.37988,11552.65039,99.66819,1079.73877,17.71878815,2.768560886,55.37121582,0.006261885,1473.144653,456.6748352,0.002501372,194.8430939,389686.1875,144.1838837,0.000550344,24288.03125,27.88719368,53.18451691,88.3273468,168.4517822,108,070802060803
2497,F070802060803_207,1611.821191,77566.68938,19.15897179,4406.563477,4809.284668,34.48614883,373.5999451,6.130870819,0.957948565,19.15897179,0.002166672,509.6990662,158.0067139,0.00086546,26.85684204,53713.68359,19.87406349,7.58585E-05,9215.847656,27.88845634,58.32567215,221.7243347,463.7123108,108,070802060803
2498,F070802060803_208,2002.930787,199286.4632,49.22375488,11321.46387,12035.20898,88.60276031,959.8632202,15.75160122,2.46118784,49.22375488,0.005566673,1286.361816,398.7721558,0.002184218,106.3902359,212780.4688,78.72877502,0.000300504,23356.67188,28.39080811,58.57147217,143.8033752,296.6726074,108,070802060803
2499,F070802060803_214,9508.589566,298340.1401,73.6900177,16948.70313,14653.99707,132.6420288,1436.955322,23.58080482,3.684500933,73.6900177,0.008333542,1960.5177,607.760498,0.003328923,311.8308105,623661.625,230.7548065,0.000880781,31602.69922,27.88714218,51.99860764,73.44897461,136.9535828,108,070802060803
2500,F070802060803_218,2623.981709,75746.57504,18.70940399,4303.163086,4391.469727,33.67692566,364.833374,5.987009048,0.935470223,18.70940399,0.002115831,488.9236145,151.5663147,0.000830183,48.16355133,96327.10156,35.64102936,0.00013604,8694.632813,28.39128876,57.36520386,120.7362213,243.9501038,108,070802060803
2501,F070802060803_230,3858.954019,115845.1075,28.61374092,6581.160645,6622.9375,51.50473404,557.9679565,9.156396866,1.43068707,28.61374092,0.003235904,709.8911743,220.0662689,0.001205382,14.02729797,28054.5957,10.38020039,3.96208E-05,13204.09766,29.90535927,60.00055313,634.0109253,1272.046509,108,070802060803
2502,F070802060803_231,5445.002181,171507.2463,42.36228943,9743.326172,9252.771484,76.25212097,826.0646362,13.555933,2.118114471,42.36228943,0.004790716,1050.939087,325.7911072,0.001784475,20.11866951,40237.33984,14.88781548,5.68262E-05,18996.09766,29.90666771,58.30760193,654.449707,1275.949341,108,070802060803
2503,F070802060803_243,3110.414499,376066.3523,92.88838959,21364.33008,19380.23438,167.1990967,1811.323608,29.72428513,4.64441967,92.88838959,0.01050467,2304.439697,714.3762817,0.003912896,275.3391418,550678.3125,203.7509613,0.000777709,40744.5625,29.90627098,57.03515625,104.8551102,199.9723663,108,070802060803
2504,F070802060803_251,2213.811125,64921.21683,16.03553963,3688.174072,4077.51709,28.86397171,312.6930237,5.131372452,0.801777005,16.03553963,0.001813446,397.8098145,123.3210449,0.000675474,5.251085281,10502.1709,3.885803223,1.48319E-05,7765.691406,29.90709305,62.97134018,949.1407471,1998.477783,108,070802060803
2505,F070802060803_268,4680.864624,155716.5914,38.46199799,8846.259766,8911.951172,69.2315979,750.0089722,12.30783939,1.923099875,38.46199799,0.004349635,954.1854248,295.7974854,0.001620189,58.84169769,117683.3906,43.54285812,0.000166201,17758.21094,29.90647316,60.03503036,203.1621246,407.8329163,108,070802060803
2506,F070802060803_278,2584.334414,82207.9966,20.30537605,4670.236328,3706.949463,36.54967499,395.954834,6.497720242,1.015268803,20.30537605,0.002296318,560.3098145,173.6960449,0.000951396,6.862672806,13725.3457,5.078377724,1.9384E-05,8377.185547,26.8874073,48.22899246,919.6315308,1649.579102,108,070802060803
2507,F070802060803_290,907.565485,34547.58808,8.533254623,1962.64856,5007.3125,15.35985851,166.398468,2.730641365,0.426662743,8.533254623,0.000965019,211.7011719,65.62736511,0.000359465,4.46894598,8937.891602,3.307019949,1.26228E-05,6969.960938,29.90594864,106.205101,593.4794922,2107.625977,108,070802060302
2508,F070802060803_297,2190.102271,274947.6671,67.91207123,15619.77637,13283.60156,122.2417297,1324.2854,21.73186302,3.395603657,67.91207123,0.007680119,1874.038086,580.9517822,0.003182082,220.9858246,441971.6563,163.5295105,0.000624185,28903.37891,26.88652802,49.75177002,95.51656342,176.7471771,108,070802060803
2509,F070802060803_299,5241.950184,114796.0393,28.35462189,6521.562988,5176.419922,51.03831863,552.9151001,9.073478699,1.417731047,28.35462189,0.0032066,703.4665527,218.0746307,0.001194473,,,,,11697.98242,29.90518951,53.6421051,,,108,070802060803
2510,F070802060803_305,1113.927623,63526.43334,15.69102859,3608.936523,4041.068604,28.24385071,305.9750671,5.021129131,0.784551442,15.69102859,0.001774485,389.2979126,120.6823502,0.000661021,3.968384504,7936.769043,2.9366045,1.12089E-05,7650.004883,29.90442657,63.38959122,1228.94873,2605.051025,108,070802060803
2511,F070802060803_322,2404.029271,301008.2886,74.3490448,17100.28125,22541.14648,133.8282776,1449.806396,23.79169464,3.717452288,74.3490448,0.008408071,1942.997681,602.3292847,0.003299174,54.19107056,108382.1406,40.10139084,0.000153065,39641.42969,28.39025307,65.81355286,426.4261475,988.5300293,108,070802060603
2512,F070802060803_336,2038.493242,196129.7139,48.44403839,11142.12891,14233.65918,87.19927216,944.6587524,15.50209236,2.422201872,48.44403839,0.005478496,1201.838135,372.5698242,0.002040699,12.19656372,24393.12695,9.025457382,3.44498E-05,25375.78906,29.90614891,68.1101532,1234.522339,2811.579346,108,070802060803
2513,F070802060803_354,1788.508781,107268.8013,26.49539375,6093.94043,6823.624023,47.69170761,516.6601563,8.478526115,1.324769735,26.49539375,0.002996342,657.2991333,203.7627258,0.001116082,51.72113037,103442.2578,38.27363586,0.000146089,12917.56445,29.90704155,63.39513016,159.2203217,337.5055542,108,070802060803
2514,F070802060803_359,3141.111652,360389.3707,89.01617432,20473.7207,24376.1875,160.2291107,1735.81543,28.48517609,4.450808525,89.01617432,0.010066765,2208.366699,684.593689,0.003749766,119.7347488,239469.5,88.60371399,0.000338197,44849.90625,29.90638161,65.51317596,231.0706787,506.1853943,108,070802060803
2515,F070802060803_360,2549.007216,290829.5188,71.83489227,16522.02539,19202.9043,129.3028107,1400.780396,22.98716545,3.591744661,71.83489227,0.008123748,1782.148193,552.4659424,0.003026055,81.54418945,163088.375,60.34270096,0.000230326,35724.92969,29.90596199,64.66448975,273.8032227,592.0339966,108,070802060803
2516,F070802060803_363,3583.721385,656767.8217,162.2216492,37310.98047,47066.98828,291.9989624,3163.322266,51.91092682,8.111082077,162.2216492,0.018345511,4024.538086,1247.606812,0.006833591,43.71293259,87425.86719,32.34756851,0.000123469,84377.96875,29.90604019,67.63185883,1153.440063,2608.479492,108,070802060803
2517,F070802060803_389,864.800343,44773.45379,11.05904293,2543.579834,2631.830566,19.9062767,215.6513367,3.5388937,0.55295217,11.05904293,0.001250658,274.3673096,85.05386353,0.000465871,3.133504868,6267.009766,2.318793535,8.85074E-06,5175.410156,29.90551758,60.84861755,1096.94104,2231.940918,108,070802060803
2518,F070802060803_390,2382.221675,245805.9095,60.71405792,13964.2334,16823.86523,109.2853012,1183.924072,19.42849922,3.035702944,60.71405792,0.006866102,1506.230103,466.9313354,0.002557551,18.0684185,36136.83594,13.37062931,5.10351E-05,30788.09766,29.90639687,65.93709564,1044.396118,2302.66626,108,070802060803
2519,F070802060803_402,2371.049563,315318.8213,77.88375092,17913.26367,23612.79492,140.1907501,1518.733154,24.92280006,3.89418745,77.88375092,0.008807808,1932.208618,598.9846802,0.003280855,55.64596176,111291.9219,41.17801285,0.000157175,41526.05859,29.90604591,69.32741547,435.0201111,1008.452209,108,070802060803
2520,F070802060803_403,3517.629678,265624.9892,65.609375,15090.15625,19677.56445,118.0968781,1279.382813,20.99500084,3.280468702,65.609375,0.00741971,1714.578613,531.5193481,0.002911323,56.96254349,113925.0859,42.15228271,0.000160893,34767.71875,28.39060593,65.41195679,357.9914246,824.8122559,108,070802060803
2521,F070802060803_404,1348.573543,85768.82826,21.18490028,4872.526855,5939.398438,38.13282013,413.1055603,6.779168129,1.05924499,21.18490028,0.002395783,563.5910645,174.7132263,0.000956967,12.12499619,24249.99219,8.972496986,3.42476E-05,10811.92578,27.88871193,61.88384247,543.0513916,1205.007446,108,070802060803
2522,F070802060803_405,1916.073323,225401.2204,55.67410278,12805.04395,16879.27539,100.2133865,1085.64502,17.81571198,2.783705235,55.67410278,0.006296138,1481.171997,459.1633301,0.002515003,33.09410095,66188.20313,24.48963547,9.34759E-05,29684.32031,27.88777542,64.64871979,522.8760376,1212.117676,108,070802060803
2523,F070802060803_406,1788.266435,125877.9804,31.09186172,7151.128418,9122.351563,55.9653511,606.2913208,9.949396133,1.554593086,31.09186172,0.003516153,771.3383179,239.1148834,0.001309718,18.52420807,37048.41797,13.70791435,5.23225E-05,16273.48047,29.90666389,68.05715942,521.678833,1187.159424,108,070802060803
2524,F070802060803_407,1628.587127,165203.8079,40.80533981,9385.228516,12238.33789,73.44961548,795.7041016,13.05770874,2.040266991,40.80533981,0.004614642,1012.318115,313.8186035,0.001718897,40.12026978,80240.53906,29.68899918,0.000113322,21623.56641,29.90653992,68.90467072,316.118042,728.3359985,108,070802060803
2525,F070802060803_426,2402.242272,316806.174,78.25112152,17997.75781,22958.87891,140.8520203,1525.896851,25.0403595,3.912556171,78.25112152,0.008849354,2044.979248,633.9435425,0.003472337,56.53139496,113062.7969,41.83323288,0.000159676,40956.63672,28.39015961,64.60612488,430.2263184,979.0454712,108,070802060803
2526,F070802060803_430,2934.913293,311949.4252,77.05150604,17721.8457,22925.25586,138.6927185,1502.504395,24.6564827,3.852575302,77.05150604,0.008713691,2013.630005,624.2252808,0.003419106,66.74325562,133486.5156,49.39001083,0.00018852,40647.10156,28.39014435,65.11607361,358.8143616,822.9822388,108,070802060803
2527,F070802060803_444,2203.301384,276046.4205,68.18346405,15682.19629,20449.58398,122.7302322,1329.577515,21.81870842,3.40917325,68.18346405,0.007710811,1691.571655,524.387207,0.002872257,16.58649826,33172.99609,12.27400875,4.68494E-05,36131.78125,29.905756,68.90286255,1277.675171,2943.763672,108,070802060803
2528,F070802060803_451,4527.791986,176608.3176,43.62225342,10033.11816,8959.138672,78.52005768,850.6339111,13.95912075,2.181112766,43.62225342,0.004933205,1082.215454,335.4867859,0.001837582,115.5101929,231020.3906,85.47753906,0.000326264,18992.25781,29.90615082,56.61104584,117.377243,222.190033,108,070802060803
2529,F070802060803_454,2845.725439,80585.6605,19.90465736,4578.071289,4801.799316,35.8283844,388.1408081,6.369490147,0.99523288,19.90465736,0.002251001,493.8031921,153.0789948,0.000838469,44.78993988,89579.88281,33.14455414,0.000126511,9379.871094,29.90659332,61.27471161,138.1243896,282.9988708,108,070802060803
2530,F070802060803_455,1599.161616,83548.24126,20.63641548,4746.375488,4776.504883,37.14554596,402.4100952,6.603652954,1.031820774,20.63641548,0.002333755,511.946228,158.7033234,0.000869275,44.69934845,89398.69531,33.07751846,0.000126255,9522.880859,29.90722084,60.00429535,143.4924927,287.895874,108,070802060803
2531,F070802060803_466,8515.021465,340859.7938,84.19236755,19364.24414,22231.83594,151.5462646,1641.751221,26.94155693,4.209618568,84.19236755,0.009521245,2088.719238,647.5029907,0.003546607,149.670105,299340.2188,110.7558746,0.00042275,41596.07813,29.90603065,64.24075317,174.8371735,375.5654297,108,070802060803
2532,F070802060803_477,14199.89513,534429.4715,132.0040741,30360.9375,37869.32813,237.6073303,2574.079346,42.24130249,6.600203514,132.0040741,0.014928231,3511.926025,1088.697021,0.005963185,46.26004028,92520.07813,34.2324295,0.000130664,68230.26563,27.8874073,62.67148972,886.9057007,1993.147095,108,070802060803
2533,F070802060803_491,6391.668996,494173.5257,122.0608597,28073.99805,27456.36914,219.709549,2380.186768,39.05947495,6.103043079,122.0608597,0.013803761,3028.182129,938.7364502,0.005141797,178.6140137,357228.0313,132.1743774,0.000504504,55530.36719,29.90615463,59.15437317,212.4012146,420.1295776,108,070802060803
2534,F070802060803_522,995.1781394,52123.94985,12.87461567,2961.161621,3232.425781,23.17430878,251.0550079,4.119876862,0.64373076,12.87461567,0.00145598,319.4108887,99.01737213,0.000542354,37.12052917,74241.05469,27.4691925,0.000104849,6193.587402,29.90547562,62.55051422,107.7993698,225.4739532,108,070802060803
2535,F070802060803_540,1070.515601,45345.16424,11.20025539,2576.058838,2154.257568,20.16045952,218.4049835,3.58408165,0.560012758,11.20025539,0.001266628,247.7890472,76.81460571,0.000420741,,,,,4730.316406,33.53605652,61.58095169,,,108,070802060803
2536,F070802060803_556,1274.567905,44702.14135,11.04142857,2539.528564,2375.673828,19.87457085,215.3078613,3.533257246,0.552071452,11.04142857,0.001248666,251.0282745,77.81876373,0.000426241,33.53571701,67071.42969,24.81643105,9.47233E-05,4915.202148,32.63388443,63.16217041,102.3325424,198.0624084,108,070802060803
2537,F070802060803_569,3406.266266,90784.31487,22.42372513,5157.456543,5775.005371,40.36270523,437.2626343,7.175591946,1.121186256,22.42372513,0.00253588,556.3178101,172.4585266,0.000944617,60.20049286,120400.9844,44.54836655,0.000170039,10932.46191,29.90548897,63.39183044,115.7720718,245.4065704,108,070802060803
2538,F070802060803_570,9697.330842,304061.2905,75.10314178,17273.72266,17138.53711,135.1856537,1464.51123,24.03300476,3.755156994,75.10314178,0.008493352,1863.230957,577.6016235,0.003163732,256.4582214,512916.4688,189.7790833,0.000724379,34412.25781,29.90594482,59.57784271,91.02016449,181.3279724,108,070802060803
2539,F070802060803_572,9644.582056,442049.186,109.1861496,25112.81445,23492.49023,196.5350647,2129.129883,34.93956757,5.459307671,109.1861496,0.012347771,2708.780762,839.7220459,0.004599459,350.9440002,701888,259.6985474,0.000991258,48605.30469,29.90610313,57.88261032,96.69986725,187.1604767,108,070802060803
2540,F070802060803_577,1011.35937,41999.31311,10.3738308,2385.981201,1995.30249,18.67289543,202.2897034,3.319625854,0.51869154,10.3738308,0.001173168,257.3806152,79.78799438,0.000437028,47.54979706,95099.59375,35.1868515,0.000134307,4381.283691,29.90401268,54.91156387,67.80888367,124.514801,108,070802060803
2541,F070802060803_579,3317.030898,466397.8816,115.2002792,26496.06445,22533.17383,207.3605042,2246.405518,36.86408997,5.760014057,115.2002792,0.013027904,2857.992432,885.9776611,0.004852818,442.7134705,885426.9375,327.6079712,0.001250466,49029.23828,29.90601921,55.33913422,80.87734985,149.6582642,108,070802060803
2542,F070802060803_580,4384.757255,176355.8136,43.55988693,10018.77441,9230.339844,78.40779877,849.4177856,13.93916416,2.177994251,43.55988693,0.004926151,1138.368042,352.894104,0.001932928,137.8890533,275778.125,102.0379028,0.000389474,19249.11328,28.3903141,54.54642868,98.18679047,188.646698,108,070802060803
2543,F070802060804_3,1399.786176,99112.08249,24.48068428,5630.557617,5347.071289,44.06523132,477.3733521,7.833818913,1.22403419,24.48068428,0.0027685,607.3302002,188.2723694,0.001031235,9.954208374,19908.41797,7.36611414,2.81161E-05,10977.62891,29.90644646,58.30717087,764.3864136,1490.287598,108,070802060804
2544,F070802060804_5,1252.207368,57498.49753,14.20212936,3266.489746,3379.82373,25.56383324,276.9415283,4.544681549,0.710106492,14.20212936,0.001606107,352.3366089,109.22435,0.000598261,41.75259018,83505.17969,30.89691734,0.000117932,6646.313477,29.90624046,60.8501091,105.7221909,215.1125183,108,070802060804
2545,F070802060804_22,1585.053226,157209.8474,38.83083344,8931.091797,10633.43457,69.89550018,757.2012329,12.42586708,1.941541672,38.83083344,0.004391347,963.3289795,298.6319885,0.001635715,50.37825394,100756.5078,37.27990723,0.000142296,19564.52734,29.90668106,65.51383972,239.568512,524.8008423,108,070802060804
2546,F070802060804_23,4136.916204,136753.4372,33.77809906,7768.962891,8699.210938,60.80057907,658.6729126,10.80899143,1.688905001,33.77809906,0.003819937,838.0042725,259.781311,0.001422916,87.51623535,175032.4688,64.7620163,0.000247194,16468.17383,29.90578079,63.39244843,119.9617233,254.2875366,108,070802060804
2547,F070802060804_31,8915.731048,329938.993,81.49493408,18743.83398,22050.89844,146.6908875,1589.151245,26.07837868,4.074746609,81.49493408,0.009216194,2021.794312,626.7562256,0.003432969,171.6540833,343308.1563,127.024025,0.000484845,40794.73438,29.90609932,65.08867645,147.5613251,321.1576233,108,070802060804
2548,F070802060804_33,1054.788341,49907.94387,12.32726192,2835.270264,3255.13623,22.18907166,240.3816071,3.944723845,0.616363108,12.32726192,0.00139408,305.8367004,94.80937958,0.000519305,,,,,6090.40625,29.90495491,64.23843384,,,108,070802060804
2549,F070802060804_88,1626.167012,147861.4247,36.52177048,8400.006836,6429.292969,65.73918915,712.1744995,11.6869669,1.826088548,36.52177048,0.004130217,1030.691772,319.5144348,0.001750095,9.079205513,18158.41211,6.718612194,2.56447E-05,14829.2998,26.28991318,46.4119873,1250.259277,2207.196777,108,070802060804
2550,F070802060804_178,1951.770913,138081.4305,34.10611343,7844.40625,9673.176758,61.39100266,665.0692139,10.91395664,1.705305696,34.10611343,0.003857032,846.1131592,262.2950745,0.001436684,8.114575386,16229.15039,6.004786015,2.292E-05,17517.58203,29.90679932,66.78578186,1306.359009,2917.27002,108,070802060804
2551,F070802060804_187,1620.100157,151509.135,37.4227562,8607.234375,8539.871094,67.36096191,729.7437744,11.97528172,1.871137857,37.4227562,0.004232108,928.4379272,287.8157654,0.00157647,23.52865601,47057.3125,17.41120529,6.64578E-05,17147.10547,29.90536118,59.5766716,494.3502808,984.831604,108,070802060804
2552,F070802060804_238,1183.549472,63898.43525,15.78291321,3630.070068,3395.851563,28.40924454,307.7668152,5.050532341,0.789145648,15.78291321,0.001784876,391.5338745,121.3755035,0.000664817,31.37426949,62748.53906,23.216959,8.86181E-05,7025.921875,29.90776443,57.88582993,156.354248,302.6202393,108,070802060804
2553,F070802060804_248,1292.067094,90298.26487,22.30367088,5129.844238,6180.347168,40.14660645,434.9215698,7.137174606,1.115183592,22.30367088,0.002522303,553.3317871,171.5328522,0.000939547,4.724784851,9449.569336,3.496340752,1.33454E-05,11310.19141,29.90589905,65.93600464,1467.203735,3234.865234,108,070802060804
2554,F070802060804_256,3245.56457,661654.386,163.4286346,37588.58594,45818.85156,294.1715393,3186.858398,52.29716492,8.171431541,163.4286346,0.018482009,4054.47876,1256.888428,0.00688443,45.40612793,90812.25781,33.60053635,0.000128252,83407.4375,29.90606499,66.36025238,1118.690063,2482.324707,108,070802060804
2555,F070802060804_258,875.4748507,44791.1658,11.06341839,2544.586182,1803.336914,19.91415405,215.7366638,3.540293932,0.553170919,11.06341839,0.001251153,274.492981,85.09282684,0.000466084,2.656666756,5313.333496,1.965933442,7.50388E-06,4347.922852,29.90365028,51.09623337,1294.339966,2211.632813,108,070802060804
2556,F070802060804_259,1481.101156,113411.8246,28.01272011,6442.925781,7397.038574,50.42289734,546.2480469,8.96407032,1.400635958,28.01272011,0.003167935,694.9810181,215.4441223,0.001180065,7.718265057,15436.53027,5.71151638,2.18006E-05,13839.96484,29.90532112,64.23923492,1128.058716,2423.168213,108,070802060804
2557,F070802060804_265,900.0126238,44979.29666,11.10988617,2555.273926,2209.311768,19.9977951,216.6427765,3.555163622,0.555494308,11.10988617,0.001256408,275.5821838,85.43047333,0.000467933,,,,,4764.585938,29.91056824,55.77150345,,,108,070802060804
2558,F070802060804_273,2382.070234,313451.9966,77.42264557,17807.20898,21706.21094,139.3607635,1509.741577,24.77524567,3.871132374,77.42264557,0.008755662,2136.471436,662.3061523,0.003627689,40.49525833,80990.51563,29.9664917,0.000114381,39513.42188,26.88667297,59.66035843,594.2373657,1318.586792,108,070802060804
2559,F070802060804_277,4527.072752,377731.2302,93.29961395,21458.91211,24940.85352,167.9393005,1819.342529,29.85587692,4.664980888,93.29961395,0.010551175,2314.664307,717.5459595,0.003930257,61.68119431,123362.3828,45.64408493,0.000174222,46399.76563,29.90597534,64.66452026,470.1356506,1016.555969,108,070802060804
2560,F070802060804_282,1523.068877,143585.6577,35.46565628,8157.101074,7515.17334,63.83818054,691.5803223,11.34901047,1.773282766,35.46565628,0.004010782,879.8551636,272.7550964,0.001493978,18.8517704,37703.54297,13.95030975,5.32477E-05,15672.27441,29.90631866,57.45914459,584.7254639,1123.435547,108,070802060804
2561,F070802060804_283,2148.550144,219445.1307,54.20294571,12466.67773,16609.95117,97.56529999,1056.957397,17.34494209,2.710147381,54.20294571,0.006129766,1344.687012,416.8529663,0.002283253,33.27412796,66548.25781,24.62285423,9.39844E-05,29076.62891,29.90665436,69.75272369,506.3051453,1180.879761,108,070802060804
2562,F070802060804_314,1224.021135,47004.10462,11.61001396,2670.303223,3141.437256,20.89802551,226.3952789,3.715204477,0.580500722,11.61001396,0.001312967,327.6540527,101.5727539,0.000556351,6.178205967,12356.41211,4.571872234,1.74506E-05,5811.740234,26.28956223,57.21751022,584.0721436,1271.194824,108,070802060804
2563,F070802060804_318,2331.721107,300336.1857,74.1830368,17062.09766,21765.30273,133.5294647,1446.569214,23.73857117,3.709151745,74.1830368,0.008389298,2192.150391,679.5666504,0.003722231,37.57365417,75147.30469,27.80450439,0.000106129,38827.39844,25.10732079,57.13552475,613.6450806,1396.442749,108,070802060804
2564,F070802060804_320,2363.172375,306323.8829,75.66200256,17402.25977,21212.59961,136.1916046,1475.409058,24.21184158,3.783100128,75.66200256,0.008556553,1877.077026,581.8938599,0.003187242,41.59741211,83194.82031,30.78208542,0.000117494,38614.85938,29.90624428,66.36065674,565.3372803,1254.458862,108,070802060804
2565,F070802060804_331,2941.65159,520356.7863,128.5281219,29561.46875,36034.14453,231.3506165,2506.29834,41.1289978,6.426405907,128.5281219,0.014535138,3188.61377,988.4702759,0.005414207,66.63623047,133272.4531,49.31081009,0.000188217,65595.60938,29.90628052,66.36073303,599.4926758,1330.248047,108,070802060804
2566,F070802060804_333,2345.937796,309937.4947,76.5545578,17607.54883,21213.26953,137.7982025,1492.813843,24.49745941,3.827727795,76.5545578,0.008657491,1899.22168,588.758728,0.003224843,52.04667664,104093.3516,38.51454163,0.000147008,38820.82031,29.90622139,65.9367218,457.1662598,1007.952271,108,070802060804
2567,F070802060804_334,1260.583935,84669.75468,20.91342926,4810.088867,5863.289551,37.64417267,407.8118591,6.692297459,1.045671463,20.91342926,0.002365082,518.8250122,160.8357544,0.000880955,31.92807388,63856.14844,23.62677383,9.01824E-05,10673.37891,29.90683746,66.36197662,203.5863647,451.7493286,108,070802060804
2568,F070802060804_383,1446.20525,78411.18681,19.36756325,4454.539551,5493.027832,34.86161423,377.6674805,6.197620392,0.968378186,19.36756325,0.002190262,546.5726929,169.4375305,0.00092807,16.5550499,33110.10156,12.25073719,4.67605E-05,9947.567383,26.29015923,58.70935059,363.6140137,811.9974365,108,070802060804
2569,F070802060804_384,1556.22478,87645.39081,21.6484108,4979.134277,6492.791992,38.9671402,422.1440125,6.927491665,1.082420588,21.6484108,0.002448201,639.7109375,198.3103943,0.001086217,10.49382973,20987.6582,7.765433788,2.96403E-05,11471.92578,25.10778236,57.84833145,641.1920166,1477.306519,108,070802060804
2570,F070802060804_417,1701.629142,180263.1132,44.52499008,10240.74805,12337.875,80.14498138,868.2373047,14.24799728,2.226249456,44.52499008,0.005035294,1104.634521,342.4367065,0.001875649,24.78534508,49570.69141,18.34115601,7.00074E-05,22578.62305,29.90552139,65.93517303,558.3480225,1231.036011,108,070802060804
2571,F070802060804_433,7653.597975,1295663.54,320.0289001,73606.64844,55294.59375,576.052002,6240.563477,102.4092484,16.00144577,320.0289001,0.036191802,9531.199219,2954.671875,0.016183801,104.1206818,208241.3594,77.04930115,0.000294094,128901.2422,24.91195297,43.62624741,955.3188477,1672.970947,108,070802060804
2572,F070802060804_447,860.9165756,47227.68597,11.66523838,2683.004883,2852.150635,20.99742889,227.4721527,3.732876301,0.583261907,11.66523838,0.001319212,289.3850708,89.70937347,0.000491371,,,,,5535.155273,29.90774345,61.7009697,,,108,070802060804
2573,F070802060804_449,2477.663756,308368.2554,76.16696167,17518.40039,10677.08496,137.1005249,1485.255737,24.37342834,3.808348179,76.16696167,0.008613658,2268.416992,703.2092896,0.00385173,29.30347633,58606.95313,21.68457222,8.27691E-05,28195.48438,24.91207123,40.0954361,807.8739014,1300.255493,108,070802060804
2574,F070802060804_460,2701.997663,278846.8111,68.87516022,15841.28711,16166.37988,123.9752884,1343.065674,22.04005051,3.443758011,68.87516022,0.007789034,1708.697998,529.6963501,0.002901337,16.15102196,32302.04492,11.95175648,4.56193E-05,32007.66797,29.9063549,60.42644501,1325.435913,2678.072266,108,070802060804
2575,F070802060804_508,1121.196063,68417.05173,16.89901161,3886.772705,4627.625488,30.41822052,329.5307312,5.407683849,0.844950557,16.89901161,0.001911095,419.2357788,129.963089,0.000711855,3.647091627,7294.183594,2.698847771,1.03014E-05,8514.398438,29.9067421,65.51397705,1440.160034,3154.827148,108,070802060804
2576,F070802060804_509,1111.383849,52874.61829,13.06003094,3003.807129,3661.510498,23.50805664,254.6706085,4.179209709,0.653001547,13.06003094,0.001476948,324.0240784,100.447464,0.000550187,3.332406998,6664.813965,2.465981245,9.41255E-06,6665.317383,29.90426064,66.35625458,1218.098145,2702.906738,108,070802060804
2577,F070802060804_511,3336.073784,522290.2201,129.0056915,29671.30859,35747.47266,232.2102509,2515.611084,41.2818222,6.450284481,129.0056915,0.014589146,3200.491699,992.1524048,0.005434375,87.60816956,175216.3438,64.83004761,0.000247454,65418.78125,29.90599823,65.93621826,457.6783447,1009.081177,108,070802060804
2578,F070802060805_95,1199.248159,81232.83535,20.06451035,4614.837402,5167.414551,36.11611938,391.2579651,6.42064333,1.003225565,20.06451035,0.002269079,497.7528076,154.3033752,0.000845175,6.668552399,13337.10449,4.934728622,1.88356E-05,9782.251953,29.90756035,63.39622879,935.1755371,1982.328247,108,070802060805
2579,F070802060805_97,3341.505933,92673.38847,22.89032745,5264.775391,5298.195801,41.20259094,446.3613892,7.324904919,1.144516349,22.89032745,0.002588648,567.8950195,176.0474548,0.000964275,10.67490196,21349.80469,7.899427414,3.01518E-05,10562.9707,29.90543365,60.0007019,666.4755859,1337.181763,108,070802060805
2580,F070802060805_104,1512.89045,130075.2261,32.128582,7389.57373,8274.394531,57.8314476,626.5073242,10.28114605,1.6064291,32.128582,0.003633395,949.3981934,294.313446,0.001612061,81.88601685,163772.0313,60.59565353,0.000231291,15663.96875,25.10783577,53.22206116,121.9489059,258.4998779,108,070802060805
2581,F070802060805_293,1083.354218,54086.51119,13.35936832,3072.654785,2569.541504,24.04686356,260.5076904,4.274997711,0.667968392,13.35936832,0.0015108,331.4443054,102.7477341,0.000562786,,,,,5642.196289,29.90484238,54.91309738,,,108,070802060805
2582,F070802060805_381,1158.688737,70695.69356,17.46183586,4016.222168,4326.34375,31.43130493,340.5057983,5.587787628,0.873091817,17.46183586,0.001974744,481.8494568,149.3733368,0.000818171,14.24890137,28497.80273,10.54418659,4.02467E-05,8342.566406,26.88714218,55.85043716,380.8944397,791.2005615,108,070802060805
2583,F070802060301_87,4791.224803,1267970.979,313.1888428,72033.4375,88826.61719,563.7399292,6107.182617,100.2204285,15.65944195,313.1888428,0.035418265,8838.592773,2739.963867,0.015007767,380.0325012,760065,281.2240601,0.00107342,160860.0625,26.28992271,58.70882797,256.1425171,571.9996338,108,070802060301
2584,F070802060301_88,6477.837788,1139697.103,281.505188,64746.19141,78005.08594,506.7093506,5489.351074,90.08165741,14.07525921,281.505188,0.031835187,7489.354492,2321.699951,0.012716785,439.3088379,878617.6875,325.0885315,0.001240849,142751.2813,27.8874073,61.485672,199.1647949,439.1150818,108,070802060301
2585,F070802060301_90,3382.184882,599200.9172,148.0026245,34040.60547,39564.0625,266.4047241,2886.05127,47.36083984,7.400131226,148.0026245,0.016737493,3671.755615,1138.244263,0.006234573,311.9793701,623958.75,230.8647308,0.000881201,73604.67188,29.90623856,64.66509247,147.4482727,318.8216248,108,070802060301
2586,F070802060301_91,4627.059005,186520.1659,46.07048035,10596.21094,11564.61133,82.92686462,898.3743896,14.74255371,2.303524017,46.07048035,0.005210072,1142.965942,354.3194275,0.001940735,119.8317566,239663.5156,88.67549896,0.000338471,22160.82227,29.90581322,62.54475784,119.4942322,249.9091949,108,070802060301
2587,F070802060301_92,1062.230238,53836.1927,13.29753971,3058.434082,2774.398926,23.93557167,259.3020325,4.255212784,0.664876997,13.29753971,0.001503808,329.8746033,102.2611237,0.000560121,65.14092255,130281.8438,48.20428085,0.000183994,5832.833008,29.90808296,57.03861618,63.44735336,121.002388,108,070802060301
2588,F070802060301_99,4891.220389,130479.3357,32.22839737,7412.53125,7564.649414,58.01111603,628.4537354,10.31308746,1.611419916,32.22839737,0.003644683,799.5696411,247.8665924,0.001357654,,,,,14977.18066,29.90532684,60.42436218,,,108,070802060302
2589,F070802060301_108,3107.555276,516314.4563,127.5296707,29331.82422,38248.69531,229.5534058,2486.828613,40.80949402,6.37648344,127.5296707,0.014422224,3163.869385,980.7994995,0.005372191,71.95180511,143903.6094,53.24433517,0.000203231,67580.51563,29.90603447,68.90349579,550.8909912,1269.252686,108,070802060301
2590,F070802060301_117,3414.124502,611201.589,150.9667969,34722.36328,43801.50781,271.7402344,2943.852539,48.30937576,7.548339844,150.9667969,0.017072709,3745.284912,1161.03833,0.006359424,184.0111084,368022.2188,136.1682129,0.000519748,78523.875,29.9063015,67.63245392,254.9960938,576.6681519,108,070802060301
2591,F070802060301_119,6650.20825,279194.0474,68.96092987,15861.01367,18434.63672,124.1296768,1344.738159,22.06749725,3.448046446,68.96092987,0.007798734,1802.178955,558.6754761,0.003060066,132.3778687,264755.75,97.95962524,0.000373908,34295.64844,28.39038849,61.38742447,161.9137878,350.099823,108,070802060301
2592,F070802060301_123,2428.314658,330061.3192,81.52514648,18750.7832,22324.84375,146.7452698,1589.740356,26.08804703,4.076257229,81.52514648,0.009219611,2022.547974,626.9898682,0.003434249,57.71855927,115437.1172,42.71173477,0.000163029,41075.625,29.90603828,65.51242065,439.0077515,961.6941528,108,070802060301
2593,F070802060301_132,2304.063643,65637.60591,16.21248817,3728.872314,4016.805176,29.18247795,316.1435242,5.187996387,0.810624421,16.21248817,0.001833457,402.1921692,124.6795731,0.000682915,6.996519089,13993.03809,5.177423954,1.9762E-05,7745.677734,29.90764427,62.12467194,720.2177124,1496.048584,108,070802060301
2594,F070802060301_134,2510.139887,336349.3728,83.07829285,19108.00781,23291.83203,149.5409241,1620.026733,26.5850544,4.153914452,83.07829285,0.009395255,2061.093262,638.9389038,0.003499698,218.6539764,437307.9375,161.8039398,0.000617599,42399.83984,29.90584564,66.35977173,118.0935898,262.0445557,108,070802060301
2595,F070802060301_136,1248.862751,42901.58184,10.59669113,2437.239014,2556.345215,19.07404327,206.6354828,3.390941143,0.529834569,10.59669113,0.001198371,262.8825989,81.49360657,0.00044637,37.93005371,75860.10938,28.06823921,0.000107135,4993.583984,29.90711975,61.27577591,86.83262634,177.9087067,108,070802060301
2596,F070802060301_139,1098.615804,56635.18712,13.9888916,3217.445068,4149.944336,25.18000412,272.7833862,4.476445198,0.699444592,13.9888916,0.001581992,347.0390015,107.5820923,0.000589266,18.13150215,36263.00391,13.41731167,5.12133E-05,7367.389648,29.90688324,68.48155975,239.7980347,549.0958252,108,070802060301
2597,F070802060301_151,2705.070172,290629.1732,71.78540802,16510.64453,20593.79883,129.2137299,1399.81543,22.97133064,3.589270353,71.78540802,0.008118152,1780.911499,552.0825806,0.003023955,100.4510345,200902.0625,74.33376312,0.000283729,37104.44531,29.90611458,67.20814514,222.1150055,499.1600647,108,070802060301
2598,F070802060301_159,4113.549754,577257.7177,142.5826569,32794.01172,39974.47266,256.6487732,2780.361816,45.62644958,7.129132748,142.5826569,0.016124554,3934.581543,1219.720337,0.006680847,153.2496338,306499.2813,113.4047318,0.000432861,72768.48438,26.88650131,59.65997314,289.1767578,641.6705933,108,070802060301
2599,F070802060301_161,8102.352991,234417.9638,57.90123749,13317.28418,14345.6084,104.222229,1129.074097,18.52839661,2.89506197,57.90123749,0.006548003,1513.150879,469.0767822,0.002569302,171.1826172,342365.25,126.6751404,0.000483514,27662.89258,28.39041519,58.97305679,105.1294174,218.3766479,108,070802060301
2600,F070802060301_167,1596.09327,158752.8337,39.21194839,9018.748047,11376.95605,70.58150482,764.6329956,12.54782391,1.960597396,39.21194839,0.004434446,1043.192017,323.3895264,0.001771321,45.30065155,90601.30469,33.52248383,0.000127954,20395.70313,27.88818932,63.06853485,269.0357971,608.4186401,108,070802060301
2601,F070802060301_168,3214.339267,648171.431,160.0983429,36822.61719,46450.93359,288.177002,3121.917725,51.2314682,8.004917145,160.0983429,0.018105388,4417.922363,1369.555908,0.00750155,196.7315521,393463.0938,145.5813446,0.000555678,83273.54688,26.88653755,60.80332184,252.9349976,572.007019,108,070802060301
2602,F070802060301_175,2548.689341,414650.1876,102.4185944,23556.27734,26376.88672,184.3534698,1997.162598,32.77394867,5.120929718,102.4185944,0.011582433,2540.876709,787.6717529,0.004314362,103.8506012,207701.2031,76.84944153,0.000293331,49933.16406,29.90620995,63.39336777,306.5250244,649.7531128,108,070802060301
2603,F070802060301_183,1555.987819,151144.7987,37.33276367,8586.535156,10953.43359,67.19897461,727.9888916,11.94648457,1.866638184,37.33276367,0.004221931,1030.207275,319.3642578,0.001749273,63.63275146,127265.5078,47.08823776,0.000179734,19539.96875,26.88633728,61.18395615,182.3498993,414.9649658,108,070802060301
2604,F070802060301_188,9124.757903,366278.7679,90.47085571,20808.29688,23299.86328,162.8475342,1764.181641,28.95067406,4.523542881,90.47085571,0.010231273,2244.483398,695.789856,0.003811091,205.3932037,410786.4063,151.9909668,0.000580143,44108.16016,29.90600777,63.39293289,136.9048309,290.2025146,108,070802060301
2605,F070802060301_192,12262.33432,415357.9615,102.5934143,23596.48438,25084.0918,184.6681519,2000.571533,32.8298912,5.12967062,102.5934143,0.011602203,2681.106201,831.1429443,0.004552469,278.7998657,557599.6875,206.3119049,0.000787484,48680.57813,28.39040375,58.57064438,114.3728714,235.9562225,108,070802060301
2606,F070802060301_199,3366.7294,535383.2081,132.2396545,30415.12109,39661.31641,238.0313721,2578.67334,42.31668854,6.611982822,132.2396545,0.014954872,3280.724609,1017.024658,0.00557061,87.4860611,174972.125,64.73968506,0.000247109,70076.4375,29.90598106,68.90338135,469.806427,1082.43396,108,070802060301
2607,F070802060301_202,7964.722547,331218.021,81.81085205,18816.49609,20802.86328,147.2595367,1595.311646,26.17947197,4.090542793,81.81085205,0.009251921,2029.615967,629.1809692,0.00344625,36.63746643,73274.9375,27.11172485,0.000103484,39619.35938,29.90633392,62.96973419,694.0354004,1461.336792,108,070802060301
2608,F070802060301_223,1457.930959,104908.635,25.91243362,5959.859863,6673.48877,46.64237976,505.29245,8.291978836,1.295621634,25.91243362,0.002930416,642.843811,199.2815857,0.001091537,43.96207428,87924.14844,32.53193665,0.000124173,12633.34863,29.90672684,63.39445877,183.2002716,388.3368225,108,070802060301
2609,F070802060301_225,3852.670896,147876.8771,36.52558899,8400.885742,10597.53223,65.74606323,712.2489624,11.68818855,1.826279402,36.52558899,0.004130648,954.5471802,295.9096375,0.001620803,67.63591766,135271.8438,50.05057907,0.000191041,18998.41797,28.39003754,64.20344543,167.8479156,379.5843811,108,070802060301
2610,F070802060301_255,5331.609938,405671.014,100.200737,23046.16992,27112.32031,180.3613281,1953.914429,32.06423569,5.010036945,100.200737,0.011331618,2485.845215,770.6119995,0.004220919,68.78111267,137562.2344,50.8980217,0.000194276,50158.49219,29.90632057,65.08916473,452.7910767,985.4703979,108,070802060301
2611,F070802060301_257,1721.670333,79516.6767,19.64061928,4517.342285,6082.696777,35.35311508,382.9920654,6.28499794,0.982030988,19.64061928,0.002221141,522.5418701,161.9879761,0.000887266,11.08238506,22164.76953,8.200964928,3.13027E-05,10600.03906,27.88689804,65.43719482,550.8305664,1292.535645,108,070802060301
2612,F070802060301_331,2776.440546,392480.9095,96.94278717,22296.8418,27494.91406,174.4970093,1890.384399,31.02169228,4.847139359,96.94278717,0.010963179,2579.127197,799.5294189,0.00437931,163.245575,326491.1563,120.8017273,0.000461095,49791.75781,27.88745689,62.27632904,184.5738678,412.1775208,108,070802060301
2613,F070802060301_341,6816.931246,256749.8771,63.41722107,14585.96094,18606.61133,114.151001,1236.635864,20.29351044,3.170861006,63.41722107,0.007171801,1573.309814,487.7260437,0.002671451,46.11094666,92221.89063,34.12210083,0.000130243,33192.57031,29.90605354,68.05577087,427.4637451,972.758667,108,070802060301
2614,F070802060301_346,7761.910139,272431.6645,67.2906189,15476.84277,18646.23242,121.1231155,1312.167114,21.53299713,3.36453104,67.2906189,0.00760984,1669.384399,517.5091553,0.002834584,101.13237,202264.7344,74.83795166,0.000285653,34123.07422,29.90641403,65.93714142,206.8047333,455.9595032,108,070802060301
2615,F070802060301_355,7862.643966,244145.7215,60.30399323,13869.91797,17889.7832,108.5471878,1175.927856,19.29727745,3.015199661,60.30399323,0.006819728,1496.060303,463.7786865,0.002540283,90.16069031,180321.375,66.71891022,0.000254663,31759.70117,29.9063282,68.48029327,207.8858643,476.0224915,108,070802060301
2616,F070802060301_359,1292.360863,53857.68762,13.30284882,3059.655273,2818.873535,23.94512749,259.4055481,4.256911755,0.665142417,13.30284882,0.001504408,330.0553589,102.3171616,0.000560428,47.12802124,94256.03906,34.87473679,0.000133115,5878.528809,29.90363693,57.45398712,87.73271179,168.5612335,108,070802060301
2617,F070802060301_361,3166.145015,322939.7945,79.76612854,18346.20898,22623.26953,143.5790253,1555.439453,25.52516174,3.988306522,79.76612854,0.009020685,1978.915039,613.4636841,0.003360161,20.87697983,41753.96094,15.44896507,5.8968E-05,40969.47656,29.90594101,66.78386688,1187.536499,2651.923584,108,070802060301
2618,F070802060301_397,3019.86588,363559.5403,89.79920959,20653.81836,26054.3418,161.6385803,1751.084595,28.73574638,4.48996067,89.79920959,0.010155317,2653.617676,822.62146,0.004505794,65.71011353,131420.2188,48.62548447,0.000185601,46708.16016,25.10731697,56.77965164,424.7529602,960.5695801,108,070802060301
2619,F070802060301_399,1877.254294,180052.1284,44.4728775,10228.76172,11888.49121,80.05117798,867.2211304,14.23132038,2.22364378,44.4728775,0.005029401,1103.312378,342.026825,0.001873404,80.4648056,160929.6094,59.54395676,0.000227277,22117.25391,29.90631485,64.66526031,171.7850494,371.4441528,108,070802060301
2620,F070802060302_9,4316.762741,449904.0577,111.1263046,25559.05078,15215.41504,200.0273438,2166.962891,35.56041718,5.556315422,111.1263046,0.012567181,3066.53833,950.6268921,0.005206925,519.5326538,1039065.375,384.4541626,0.001467445,40774.46484,26.88652229,42.89218521,66.48139954,106.0580673,108,070802060302
2621,F070802060302_14,2527.219731,86821.48874,21.44490814,4932.329102,2376.953613,38.60083389,418.1757202,6.862370491,1.072245359,21.44490814,0.002425187,560.4122314,173.7277985,0.00095157,117.5684814,235136.9688,87.00067902,0.000332078,7309.282715,28.39113426,42.07318878,56.69299698,84.01409149,108,070802060302
2622,F070802060302_15,9563.451438,299249.3842,73.91459656,17000.35742,11807.11719,133.0462799,1441.334595,23.65267181,3.695729733,73.91459656,0.00835894,1833.717773,568.4525146,0.003113619,34.84014511,69680.28906,25.78170776,9.84077E-05,28807.47461,29.90638161,50.67700958,659.3961182,1117.360962,108,070802060302
2623,F070802060302_21,2738.400554,137860.4071,34.0515213,7831.850098,9657.692383,61.29273987,664.0046387,10.89648724,1.702576041,34.0515213,0.003850858,844.7681885,261.8781433,0.001434401,35.9822998,71964.60156,26.62690163,0.000101634,17489.54297,29.90646744,66.78504181,294.1329956,656.8373413,108,070802060302
2624,F070802060302_22,7158.947056,288617.2942,71.28847504,16396.34961,19986.43945,128.3192596,1390.125244,22.81231117,3.5644238,71.28847504,0.008061954,1768.587158,548.2620239,0.003003028,131.4624023,262924.7813,97.28218079,0.000371322,36382.78906,29.90604591,66.36022186,168.54422,373.9923401,108,070802060302
2625,F070802060302_29,5603.863498,154842.8955,38.24619675,8796.625,10348.65625,68.84315491,745.8008423,12.23878288,1.912309885,38.24619675,0.004325231,948.8413086,294.1408081,0.001611115,71.41957855,142839.1563,52.85048676,0.000201728,19145.28125,29.90616989,65.08882904,166.4435883,362.2536316,108,070802060302
2626,F070802060302_33,6891.733274,1399021.109,345.5582275,79478.39063,98007.22656,622.0048218,6738.385254,110.5786362,17.27791214,345.5582275,0.039078891,8572.87793,2657.592041,0.014556587,456.7059937,913412,337.9624329,0.001289988,177485.625,29.90616608,66.78437805,235.1693115,525.1637573,108,070802060302
2627,F070802060302_34,3802.555842,406034.0686,100.2904129,23066.79492,27790.47266,180.5227356,1955.663086,32.09293365,5.014520645,100.2904129,0.011341759,2488.075195,771.3032837,0.004224706,149.1104736,298220.9375,110.3417511,0.00042117,50857.26563,29.90625763,65.93679047,209.0486603,460.9068298,108,070802060302
2628,F070802060302_35,3291.221035,634131.4126,156.6304626,36025.00781,47997.83984,281.934845,3054.293945,50.12174988,7.831522942,156.6304626,0.017713208,4093.26416,1268.911865,0.006950287,166.8737946,333747.5938,123.4866104,0.000471343,84022.84375,28.39047241,66.21645355,291.7320862,680.4206543,108,070802060302
2629,F070802060302_44,9982.086914,472238.346,116.642868,26827.85938,27758.66992,209.9571686,2274.535889,37.32571793,5.832143307,116.642868,0.013191044,2893.789795,897.0748291,0.004913602,159.9071503,319814.3125,118.3312912,0.000451665,54586.53125,29.90593338,60.84947205,226.7182159,461.3025818,108,070802060302
2630,F070802060302_50,2314.939544,79792.18593,19.70866966,4532.994141,2698.51123,35.47560501,384.3190613,6.306774139,0.985433459,19.70866966,0.002228837,488.9518738,151.5750732,0.000830231,100.6060104,201212.0313,74.44844818,0.000284167,7231.505371,29.90593338,47.7090683,60.8876915,97.13439941,108,070802060302
2631,F070802060302_51,997.0032523,44218.05866,10.92186069,2512.028076,2812.815674,19.65934944,212.9762878,3.494995356,0.546093047,10.92186069,0.001235144,270.9497375,83.99441528,0.000460068,3.613345623,7226.691406,2.673875809,1.02061E-05,5324.84375,29.90708542,63.39521027,939.4707642,1991.432739,108,070802060302
2632,F070802060302_58,2909.351415,311138.0875,76.85110474,17675.75391,18289.02734,138.3319855,1498.596558,24.59235382,3.842555285,76.85110474,0.008691028,1906.572144,591.0373535,0.003237324,69.13799286,138275.9844,51.16211319,0.000195284,35964.78125,29.90632248,60.85026932,345.4852295,702.9572754,108,070802060302
2633,F070802060302_69,11832.18132,549002.5887,135.6036377,31188.83594,37575.76953,244.0865479,2644.270996,43.39316559,6.780181885,135.6036377,0.015335302,3364.150391,1042.886597,0.005712265,256.8929443,513785.9063,190.1007843,0.000725607,68764.60938,29.90625763,65.93680573,164.064743,361.7271118,108,070802060302
2634,F070802060302_71,3207.251662,475117.1731,117.3539429,26991.40625,34049.07422,211.2370911,2288.401855,37.5532608,5.867697239,117.3539429,0.013271459,2911.390869,902.531189,0.004943488,150.5228882,301045.7813,111.38694,0.000425159,61040.48047,29.90634155,67.63254547,242.321106,548.0039063,108,070802060302
2635,F070802060302_73,10431.44554,395224.238,97.62038422,22452.6875,26732.36719,175.7166901,1903.597534,31.23852348,4.881019115,97.62038422,0.011039807,2421.859619,750.7764893,0.004112273,187.4343872,374868.7813,138.7014465,0.000529418,49185.05469,29.90595436,65.51224518,161.8778229,354.6109619,108,070802060302
2636,F070802060302_75,4278.787026,711298.3539,175.6906891,40408.85938,51547.65234,316.2432251,3425.968506,56.22101974,8.784534454,175.6906891,0.019868713,4358.686035,1351.192627,0.007400968,176.3456726,352691.3438,130.4958038,0.000498097,91956.51563,29.9060688,68.05581665,309.6564026,704.6702881,108,070802060302
2637,F070802060302_77,1532.751223,148460.3209,36.66970062,8434.03125,10758.88867,66.00546265,715.0591431,11.73430443,1.833485007,36.66970062,0.004146946,909.7141724,282.0113831,0.001544678,35.16884232,70337.67969,26.0249424,9.93361E-05,19192.91992,29.90670586,68.05725098,324.0749207,737.4817505,108,070802060302
2638,F070802060302_97,7944.803588,313638.4269,77.46868896,17817.79883,18183.45508,139.443634,1510.639404,24.78997993,3.873434544,77.46868896,0.00876087,1921.911499,595.7925415,0.00326337,178.1918793,356383.7813,131.8619843,0.000503312,36001.25391,29.90604591,60.42582321,135.1246033,273.0222473,108,070802060302
2639,F070802060302_105,1604.236355,158603.8523,39.17515182,9010.285156,6257.838379,70.51527405,763.9154663,12.53604889,1.958757639,39.17515182,0.004430285,971.8474731,301.2727051,0.001650179,23.88632965,47772.66016,17.67588425,6.74681E-05,15268.12305,29.90740585,50.67874527,509.7501831,863.7827148,108,070802060302
2640,F070802060302_129,12856.31387,505068.0003,124.7517929,28692.91211,22774.6875,224.5532227,2432.659912,39.92057419,6.237589836,124.7517929,0.014108077,3260.168945,1010.652344,0.005535706,474.384552,948769.125,351.0445557,0.001339922,51467.60156,28.39048767,50.92512894,81.73580933,146.6127319,108,070802060302
2641,F070802060302_133,3084.841665,98085.1693,24.22703743,5572.21875,4185.947754,43.60866547,472.4272156,7.752652168,1.211351871,24.22703743,0.002739816,601.0413818,186.3228302,0.001020557,90.96806335,181936.125,67.3163681,0.000256944,9758.166016,29.90625954,52.37235641,82.77658081,144.9597778,108,070802060302
2642,F070802060302_153,3903.317815,543687.0976,134.2907104,30886.86328,31975.62891,241.7232819,2618.668945,42.97302628,6.714535713,134.2907104,0.015186825,3331.588623,1032.79248,0.005656976,218.0908051,436181.5938,161.3871918,0.000616008,62862.49219,29.90616608,60.86652756,191.383606,389.5135193,108,070802060302
2643,F070802060302_160,9630.058838,356448.8938,88.0428772,20249.86133,19804.36328,158.4771729,1716.83606,28.17372131,4.402143955,88.0428772,0.009956695,2342.347656,726.1277466,0.003977263,35.55262756,71105.25781,26.3089447,0.00010042,40054.22656,27.88746452,55.16140366,769.6949463,1522.456543,108,070802060302
2644,F070802060302_163,4126.963055,120681.257,29.80827141,6855.902344,5733.321777,53.65488815,581.2612915,9.538646698,1.490413547,29.80827141,0.003370993,739.4985962,229.2445679,0.001255655,108.12883,216257.6563,80.01533508,0.000305415,12589.22461,29.90649796,54.91613007,85.68235779,157.335144,108,070802060302
2645,F070802060302_164,7688.131025,386262.1668,95.40675354,21943.55273,24260.0293,171.7321625,1860.431641,30.5301609,4.770337582,95.40675354,0.01078947,2366.915283,733.7437134,0.004018978,165.4277344,330855.4688,122.4165268,0.000467259,46203.58203,29.90629005,62.96964645,179.2531891,377.4292908,108,070802060302
2646,F070802060302_165,1683.658121,163069.5109,40.27816772,9263.978516,9716.706055,72.5007019,785.4242554,12.88901329,2.013908386,40.27816772,0.004555024,1136.697144,352.3761292,0.001930091,40.6228981,81245.79688,30.06094551,0.000114741,18980.68359,26.29002953,53.86483765,308.1732178,631.4067383,108,070802060302
2647,F070802060302_166,6151.542357,197856.1157,48.87046051,11240.20605,8762.474609,87.96682739,952.973999,15.63854694,2.44352293,48.87046051,0.00552672,1300.161987,403.0502014,0.002207651,166.3515472,332703.0938,123.1001434,0.000469868,20002.67969,27.88785553,49.62825775,91.30944824,162.4911194,108,070802060302
2648,F070802060302_173,1319.678414,63218.27957,15.61491489,3591.43042,3003.372803,28.10684586,304.4908447,4.996772766,0.780745745,15.61491489,0.001765878,387.4003906,120.0941238,0.000657799,63.66914368,127338.2891,47.11516571,0.000179837,6594.803223,29.90513039,54.91362,76.22663116,139.9719849,108,070802060302
2649,F070802060302_180,5887.482372,182641.2669,45.11239243,10375.85059,8382.785156,81.20230865,879.6916504,14.43596554,2.255619526,45.11239243,0.005101723,1119.199829,346.9519348,0.00190038,183.1764221,366352.8438,135.5505524,0.000517391,18758.63672,29.90572929,54.06695938,76.54598236,138.3884888,108,070802060302
2650,F070802060302_183,10930.10106,553179.7541,136.6354065,31426.14258,35189.07813,245.9437256,2664.390381,43.72333145,6.83177042,136.6354065,0.015451984,3770.475098,1168.84729,0.006402197,248.8141022,497628.2188,184.1224365,0.000702787,66615.21875,26.88644028,56.99223328,170.6806793,361.7984924,108,070802060302
2651,F070802060302_187,2054.931676,91502.02054,22.60099983,5198.22998,4936.509766,40.68180084,440.7194824,7.232319832,1.130049944,22.60099983,0.002555928,560.7250366,173.8247681,0.000952101,67.36454773,134729.0938,49.84976578,0.000190274,10134.74023,29.90500259,58.30435181,104.2779236,203.3056793,108,070802060302
2652,F070802060302_189,1408.927522,101158.3984,24.98612404,5746.808594,5620.378906,44.97502136,487.2294312,7.995559692,1.249306202,24.98612404,0.00282566,619.8806763,192.1630096,0.001052546,10.24921894,20498.4375,7.584422112,2.89494E-05,11367.1875,29.90590477,59.15388107,757.7120972,1498.754639,108,070802060302
2653,F070802060302_190,3605.650286,145581.6667,35.95867157,8270.494141,8088.544434,64.72560883,701.1940918,11.5067749,1.797933578,35.95867157,0.004066536,892.0736694,276.5428467,0.001514725,100.1722031,200344.4063,74.12743378,0.000282941,16359.03906,29.90673637,59.15553284,111.5712967,220.6880493,108,070802060302
2654,F070802060302_191,2379.597266,314283.8195,77.62810516,17854.46484,23788.35938,139.7305908,1513.748047,24.84099388,3.881405354,77.62810516,0.008778898,2142.159424,664.069397,0.003637347,80.23517609,160470.3438,59.37403107,0.000226628,41642.82422,26.88644409,62.70854187,300.7116699,701.3642578,108,070802060302
2655,F070802060302_192,1574.975811,155969.783,38.52453613,8860.643555,11805.46094,69.34416199,751.2284546,12.3278513,1.926226854,38.52453613,0.004356707,1063.094116,329.5591736,0.001805114,45.32100677,90642.01563,33.53754425,0.000128011,20666.10547,26.88635063,62.70833206,264.2007141,616.2080688,108,070802060302
2656,F070802060302_196,1554.552937,151215.4305,37.3502121,8590.548828,11567.36035,67.23038483,728.3291626,11.95206833,1.867510557,37.3502121,0.004223905,926.5919189,287.2434998,0.001573336,8.63820076,17276.40234,6.392268658,2.4399E-05,20157.91016,29.90685272,70.17707825,1343.896729,3153.48291,108,070802060302
2657,F070802060302_197,6880.946862,312767.4439,77.2535553,17768.31836,21406.96289,139.0563965,1506.444336,24.721138,3.862677813,77.2535553,0.008736541,2131.800293,660.8580933,0.003619757,114.5761642,229152.3281,84.78636169,0.000323626,39175.28125,26.88673782,59.27941513,209.5657654,462.0469666,108,070802060302
2658,F070802060302_200,9522.782406,287341.6495,70.97338867,16323.87891,13651.02148,127.7520981,1383.981079,22.71148491,3.548669338,70.97338867,0.008026321,1760.747437,545.8317261,0.002989717,255.1211243,510242.25,188.7896271,0.000720602,29974.90039,29.9064312,54.916008,86.4659729,158.7740784,108,070802060302
2659,F070802060302_201,4440.819817,138630.8084,34.24180984,7875.616211,6027.928223,61.63525772,667.715271,10.95737934,1.712090492,34.24180984,0.003872378,849.4810181,263.3391113,0.001442403,156.8135223,313627.0625,116.0420074,0.000442927,13903.54492,29.90674782,52.79711151,67.8686676,119.8147583,108,070802060302
2660,F070802060302_213,1137.44553,29037.95991,7.172376156,1649.646484,1870.555664,12.91027737,139.8613281,2.295160294,0.358618796,7.172376156,0.000811118,209.5016937,64.94552612,0.00035573,,,,,3520.202148,25.4004631,54.20238113,,,108,070802060302
2661,F070802060302_231,11688.84693,574608.6993,141.9283447,32643.51953,31462.67578,255.4710236,2767.602783,45.41706848,7.096417427,141.9283447,0.016050559,3521.083252,1091.535767,0.005978734,62.0751915,124150.3828,45.93564224,0.000175334,64106.19531,29.90604591,58.7302742,710.6359863,1395.56543,108,070802060302
2662,F070802060302_241,3597.750295,337072.7013,83.25695801,19149.09961,24156.17383,149.8625183,1623.510742,26.64222717,4.162847996,83.25695801,0.00941546,2065.509277,640.3078613,0.003507196,86.73271179,173465.4219,64.1822052,0.000244981,43305.27344,29.90608215,67.63195801,298.3552856,674.723999,108,070802060302
2663,F070802060302_338,6540.699782,289528.5856,71.51355743,16448.11914,21448.35156,128.7243958,1394.514404,22.88433838,3.575677872,71.51355743,0.008087409,1774.14978,549.9864502,0.003012473,20.98572159,41971.44531,15.5294342,5.92752E-05,37896.46875,29.90640831,68.90436554,1059.157715,2440.299316,108,070802060302
2664,F070802060302_342,1895.283487,119836.4278,29.59959793,6807.907715,6947.617188,53.2792778,577.1921387,9.471871376,1.479979873,29.59959793,0.003347394,816.7810669,253.2021332,0.001386879,81.66803741,163336.0781,60.43434906,0.000230675,13755.52539,26.88724518,54.32626343,112.6496429,227.6110382,108,070802060302
2665,F070802060302_346,3195.541675,463849.8422,114.5709076,26351.30859,32868.10547,206.2276306,2234.132813,36.66268921,5.728545189,114.5709076,0.012956728,3385.605957,1049.537842,0.005748696,145.4571991,290914.375,107.6383286,0.000410851,59219.41406,25.10753632,56.42427826,244.8134308,550.1703491,108,070802060302
2666,F070802060302_347,953.2404516,60402.41453,14.9193964,3431.461182,4231.439453,26.85491371,290.9282227,4.774206638,0.745969832,14.9193964,0.001687222,370.1252747,114.7388382,0.000628466,28.26825714,56536.51172,20.91851044,7.98451E-05,7662.900391,29.90670967,66.7855835,164.0394592,366.3215027,108,070802060302
2667,F070802060302_349,1889.034141,172673.535,42.65036392,9809.583984,12096.49512,76.77065277,831.6820679,13.64811611,2.132518291,42.65036392,0.004823294,1058.082764,328.0056458,0.001796605,48.6354866,97270.97656,35.99026108,0.000137373,21906.07813,29.90675354,66.78567505,272.5621643,608.6668091,108,070802060302
2668,F070802060302_352,6359.999799,286421.3498,70.74607086,16271.59668,20756.9043,127.342926,1379.54834,22.63874245,3.537303448,70.74607086,0.008000614,1755.108398,544.0836182,0.002980142,80.73402405,161468.0469,59.74317932,0.000228037,37028.5,29.90642548,68.056633,272.3590698,619.7946167,108,070802060302
2669,F070802060302_353,5823.425478,296880.1601,73.32939911,16865.76172,20558.62891,131.9929199,1429.92334,23.46540833,3.666470051,73.32939911,0.008292761,1819.230469,563.9614258,0.00308902,112.9574051,225914.8125,83.58847809,0.000319054,37424.39063,29.90587807,66.35984039,201.7713623,447.7218933,108,070802060302
2670,F070802060302_380,2527.92561,55079.71222,13.60468864,3129.078369,3104.5896,24.48843956,265.2914429,4.353500366,0.680234432,13.60468864,0.001538543,375.4336243,116.3844223,0.000637479,50.34805679,100696.1094,37.25756073,0.000142211,6233.667969,26.88571548,53.56101608,83.98505402,167.3128357,108,070802060302
2671,F070802060302_384,2321.373559,251509.2316,62.12277985,14288.23926,16606.66016,111.8210068,1211.394165,19.87928963,3.106138945,62.12277985,0.007025413,1541.207764,477.7744141,0.002616942,81.28372955,162567.4531,60.14995956,0.00022959,30894.89844,29.90582848,64.66419983,237.5436249,513.6312256,108,070802060302
2672,F070802060302_385,1185.45419,51701.20313,12.77019691,2937.145264,3163.94458,22.98635483,249.0188446,4.086462975,0.63850987,12.77019691,0.001444171,316.8150024,98.21265411,0.000537946,43.06081009,86121.625,31.86499977,0.000121627,6101.089844,29.90597534,62.12121964,92.1746521,191.4668121,108,070802060302
2673,F070802060302_400,4622.320921,130610.8909,32.26089096,7420.004883,6099.88916,58.06960297,629.0874023,10.32348537,1.6130445,32.26089096,0.003648357,800.3529053,248.1094055,0.001358984,18.76511574,37530.23047,13.88618565,5.3003E-05,13519.89453,29.90618134,54.49166489,534.3443604,973.6218872,108,070802060302
2674,F070802060302_407,4698.698359,127511.3898,31.49531364,7243.922363,8624.674805,56.69156647,614.1586304,10.07850075,1.574765682,31.49531364,0.003561779,781.3665161,242.2236176,0.001326746,87.38829041,174776.5781,64.66733551,0.000246832,15868.59766,29.90592957,65.51218414,112.0182571,245.3881531,108,070802060302
2675,F070802060302_412,2280.174307,79807.1038,19.71235466,4533.841797,3791.473145,35.48223877,384.3909302,6.307953358,0.985617757,19.71235466,0.002229254,515.1389771,159.6930847,0.000874696,69.72428894,139448.5781,51.59597397,0.00019694,8325.314453,28.39097214,52.13321686,87.87200928,161.355896,108,070802060302
2676,F070802060302_413,2553.194139,281043.4494,69.41773224,15966.07813,12899.20313,124.9519196,1353.645752,22.21367455,3.470886707,69.41773224,0.007850394,1959.061401,607.309021,0.00332645,301.7212219,603442.4375,223.2736969,0.000852226,28865.28125,26.28987503,47.52980804,71.50899506,129.2820435,108,070802060302
2677,F070802060302_416,3804.831191,120277.2803,29.70848846,6832.952148,5326.732422,53.47528076,579.3155518,9.506716728,1.485424399,29.70848846,0.003359708,737.0214844,228.4766541,0.001251449,92.85671234,185713.4219,68.71396637,0.000262278,12159.68457,29.90656662,53.22068787,99.44051361,176.9608917,108,070802060302
2678,F070802060302_423,1873.142801,164760.3849,40.69581604,9360.038086,8888.779297,73.25247192,793.5684204,13.02266121,2.034790754,40.69581604,0.004602256,1009.629517,312.9851379,0.001714332,43.94526672,87890.53125,32.51949692,0.000124126,18248.81641,29.90569496,58.30569458,287.8284912,561.1654053,108,070802060302
2679,F070802060302_425,2613.952985,82281.6562,20.32356834,4674.420898,5167.877441,36.58242416,396.3095703,6.503541946,1.01617837,20.32356834,0.002298375,504.2188416,156.3078461,0.000856154,44.91625595,89832.51563,33.23802948,0.000126868,9842.298828,29.90522194,62.9673996,140.6347198,296.1156006,108,070802060302
2680,F070802060302_443,881.1414602,47787.6865,11.80355835,2714.818359,2924.450195,21.24640465,230.1693878,3.77713871,0.590177894,11.80355835,0.001334855,325.7146301,100.9715347,0.000553057,38.0981102,76196.21875,28.19260216,0.00010761,5639.268555,26.88696671,55.8500824,96.29541779,200.026535,108,070802060302
2681,F070802060302_447,1646.07639,104679.2623,25.85577774,5946.829102,6153.158203,46.54040146,504.1876526,8.273848534,1.292788863,25.85577774,0.002924008,641.4613037,198.8529968,0.001089189,49.4971199,98994.24219,36.62786865,0.000139807,12099.9873,29.90565491,60.84890747,162.3580475,330.3492126,108,070802060302
2682,F070802060302_455,2014.427663,162450.2649,40.12521362,9228.798828,10333.85059,72.22538757,782.4416504,12.84006882,2.006260633,40.12521362,0.004537727,995.4763794,308.5976868,0.001690301,60.82987213,121659.7422,45.01410675,0.000171817,19562.64844,29.90559959,63.3920784,205.0201416,434.5892944,108,070802060302
2683,F070802060302_460,3254.634868,126227.1666,31.17811012,7170.965332,7826.329102,56.12059784,607.9731445,9.976995468,1.558905482,31.17811012,0.003525906,860.3444824,266.7067871,0.001460849,59.43223572,118864.4766,43.97985458,0.000167869,14997.29492,26.88707542,56.23139572,163.0511322,341.0037537,108,070802060302
2684,F070802060302_465,1092.132092,42623.55562,10.528018,2421.444092,5509.559082,18.95043182,205.2963562,3.368965864,0.526400924,10.528018,0.001190605,261.1805725,80.96598053,0.00044348,5.667607784,11335.21582,4.194029808,1.60084E-05,7931.00293,29.90693283,97.95475769,577.3549805,1891.022095,108,070802060302
2685,F070802060406_40,10676.53014,576739.592,142.4546814,32764.57617,32972.5625,256.4184265,2777.866211,45.58549881,7.12273407,142.4546814,0.016110081,3534.129883,1095.580322,0.006000887,393.0031433,786006.3125,290.8223267,0.001110056,65737.14063,29.90613747,60.00211716,112.6618347,226.0388336,108,070802060406
2686,F070802060406_41,2937.988159,284102.1048,70.17321777,16139.83984,20131.29102,126.3117905,1368.377686,22.45542908,3.508660793,70.17321777,0.00793583,1936.427368,600.2924805,0.003288018,49.77565384,99551.30469,36.83398438,0.000140594,36271.13281,26.8866272,60.42243576,438.177948,984.7192383,108,070802060406
2687,F070802060406_45,2547.529047,281863.7743,69.6203537,16012.68164,19064.83789,125.3166351,1357.596924,22.27851295,3.48101759,69.6203537,0.007873308,1727.189575,535.428772,0.002932736,15.81637669,31632.75391,11.70411873,4.46741E-05,35077.51953,29.90627861,65.51295471,1368.123657,2997.023438,108,070802060406
2688,F070802060406_85,3017.297076,585019.9583,144.4999237,33234.98438,42867.35156,260.0998535,2817.748535,46.23997498,7.22499609,144.4999237,0.016341375,3584.835938,1111.299194,0.006086985,40.40432358,80808.64844,29.89919853,0.000114124,76102.33594,29.90642357,68.4805069,1111.567749,2545.296875,108,070802060406
2689,F070802060406_93,6508.405358,295212.6006,72.91751099,16771.02734,19967.73047,131.2515259,1421.891479,23.33360291,3.645875454,72.91751099,0.008246181,1809.014648,560.7945557,0.003071673,145.3749695,290749.9375,107.5774765,0.000410619,36738.75781,29.90583038,65.51197052,155.8972015,341.5097656,108,070802060406
2690,F070802060406_96,3698.680929,693714.9552,171.3475952,39409.94531,49714.79297,308.4256592,3341.278076,54.83123016,8.567379951,171.3475952,0.019377558,4250.933594,1317.789429,0.007218007,88.75895691,177517.9063,65.68162537,0.000250704,89124.73438,29.90610313,67.63199615,600.0147705,1356.92041,108,070802060406
2691,F070802060406_103,4368.685209,609261.3941,150.4875641,34612.14063,43171.87109,270.8776245,2934.507568,48.15602112,7.5243783,150.4875641,0.017018514,4152.697754,1287.336304,0.007051204,70.89382935,141787.6563,52.46143341,0.000200243,77784.01563,26.88663483,60.42245102,659.7635498,1482.689453,108,070802060406
2692,F070802060406_105,2012.340854,163275.2744,40.32899094,9275.667969,11963.99805,72.59218597,786.4153442,12.90527725,2.016449451,40.32899094,0.004560772,1112.870972,344.9899902,0.001889634,5.061970711,10123.94141,3.745858431,1.42978E-05,21239.66602,26.88677406,61.56603622,2476.246338,5670.17334,108,070802060406
2693,F070802060406_114,1389.62484,73964.39462,18.26920509,4201.916992,4645.494141,32.88456726,356.2495117,5.84614563,0.913460255,18.26920509,0.002066049,453.2509766,140.5077972,0.000769612,42.2976799,84595.35938,31.30028343,0.000119472,8847.411133,29.90522194,62.96740341,134.2453308,282.662323,108,070802060406
2694,F070802060406_120,2339.636369,308020.7799,76.08113098,17498.66016,20338.00586,136.9460297,1483.582031,24.34596252,3.804056644,76.08113098,0.008603952,1887.488525,585.12146,0.003204921,73.57147217,147142.9375,54.44289017,0.000207806,37836.66406,29.90603065,64.6646347,321.413147,694.9790039,108,070802060406
2695,F070802060406_123,1760.686424,113977.5186,28.15244675,6475.062988,6699.719727,50.67440414,548.9727173,9.00878334,1.407622337,28.15244675,0.003183737,698.4451904,216.5180054,0.001185947,26.34063339,52681.26563,19.49206924,7.44004E-05,13174.7832,29.90542603,60.84844208,332.1896057,675.9047852,108,070802060406
2696,F070802060406_126,4698.128108,159778.1266,39.46519852,9076.996094,9005.958008,71.03735352,769.5713501,12.62886333,1.973259926,39.46519852,0.004463086,979.0905151,303.5180664,0.001662478,63.28517914,126570.3516,46.8310318,0.000178752,18082.95313,29.90595055,59.57784653,193.8243866,386.1318665,108,070802060406
2697,F070802060406_128,8472.63654,341893.6661,84.44773865,19422.98047,14866.17969,152.0059357,1646.730957,27.02327728,4.222386837,84.44773865,0.009550124,2095.042969,649.4633179,0.003557344,357.7621155,715524.1875,264.7439575,0.001010516,34289.16016,29.90620041,52.79614639,73.36515045,129.5182037,108,070802060406
2698,F070802060406_132,1368.284078,84036.94282,20.75712395,4774.138672,3518.748047,37.36282349,404.763916,6.642279625,1.037856221,20.75712395,0.002347406,514.9606323,159.6378021,0.000874394,10.3536787,20707.35742,7.661722183,2.92445E-05,8292.886719,29.90606689,51.94813919,623.1156006,1082.378906,108,070802060406
2699,F070802060406_134,9063.084211,357319.2587,88.25785828,20299.30664,13522.86816,158.864151,1721.028198,28.24251556,4.412892818,88.25785828,0.009981007,2189.552246,678.7611694,0.003717819,53.55073929,107101.4844,39.62754822,0.000151257,33822.17578,29.9064045,49.82927322,512.2523804,853.5015869,108,070802060406
2700,F070802060406_136,1796.187055,86274.4265,21.30978394,4901.250488,2848.265625,38.35761261,415.5407715,6.819130898,1.065489173,21.30978394,0.002409906,566.9241333,175.7464752,0.000962627,13.83704185,27674.08398,10.23941135,3.90834E-05,7749.516113,27.88818741,44.09486008,478.6652527,756.8322144,108,070802060406
2701,F070802060406_143,8921.211866,417506.3306,103.1240616,23718.5332,28911.86523,185.6233063,2010.919189,32.99969864,5.15620327,103.1240616,0.011662214,2558.367188,793.093811,0.00434406,193.6707306,387341.4375,143.3163452,0.000547032,52630.39844,29.90633965,66.36087036,165.497757,367.2323608,108,070802060406
2702,F070802060406_146,4015.91729,633427.9397,156.4566956,35985.03906,43354.14844,281.6220398,3050.905518,50.06614304,7.822834969,156.4566956,0.017693557,4623.341797,1433.235962,0.007850349,106.4787216,212957.4375,78.79425049,0.000300754,79339.1875,25.10754776,55.35668182,456.6962585,1006.915955,108,070802060406
2703,F070802060406_154,12662.60808,546660.4413,135.0251312,31055.7793,33013.64453,243.0452423,2632.98999,43.20804214,6.751256466,135.0251312,0.015269879,3726.001709,1155.060547,0.006326682,54.37746048,108754.9219,40.23931885,0.000153592,64069.42188,26.88671112,55.46845245,771.7769775,1592.209351,108,070802060407
2704,F070802060406_155,3074.897363,391296.2044,96.65016174,22229.53711,27726.99609,173.9702911,1884.678101,30.92805099,4.832508087,96.65016174,0.010930086,2397.755615,743.3042603,0.004071345,65.37297821,130745.9609,48.37600327,0.000184649,49956.53125,29.90637589,67.20872498,459.5157776,1032.671753,108,070802060406
2705,F070802060406_163,7333.652778,359771.9541,88.86367035,20438.64453,15064.16895,159.9546051,1732.841553,28.43637466,4.443183422,88.86367035,0.010049518,2204.596191,683.4248047,0.003743363,375.196991,750394,277.6457825,0.001059762,35502.8125,29.90620804,51.94838333,73.6140976,127.8708878,108,070802060406
2706,F070802060406_164,6708.924615,754561.7321,186.3767548,42866.65234,27949.05664,335.4781494,3634.34668,59.64056015,9.31883812,186.3767548,0.021077191,4623.788574,1433.374512,0.007851108,961.9249878,1923850,711.8244629,0.002717004,70815.71094,29.90610695,49.40489197,60.22081757,99.48479462,108,070802060406
2707,F070802060406_166,4126.880183,136748.5857,33.77690125,7768.6875,9139.352539,60.79842377,658.6495972,10.80860806,1.688845038,33.77690125,0.003819802,898.6384888,278.5779419,0.001525872,66.06484985,132129.7031,48.88798904,0.000186603,16908.03906,27.88694382,60.69410706,158.9078979,345.8526306,108,070802060406
2708,F070802060406_170,6193.112213,277596.3963,68.56630707,15770.25098,17211.51563,123.4193497,1337.042969,21.94121742,3.428315401,68.56630707,0.007754107,1892.075073,586.5432739,0.003212709,178.0916901,356183.375,131.7878571,0.000503029,32981.76563,26.88676453,56.23074722,119.6639175,250.2640686,108,070802060406
2709,F070802060406_174,1629.589316,156274.9752,38.59991837,8877.981445,11702.72461,69.47985077,752.6984253,12.35197353,1.929995894,38.59991837,0.004365233,957.6143799,296.8604431,0.001626011,9.581194878,19162.38867,7.090084076,2.70625E-05,20580.70703,29.90624619,69.32788849,1252.168701,2902.745117,108,070802060406
2710,F070802060406_191,1282.912242,64294.67692,15.88078499,3652.580566,2433.253906,28.58541298,309.675293,5.081851006,0.794039249,15.88078499,0.001795945,393.946991,122.1235657,0.000668915,90.74488831,181489.7813,67.1512146,0.000256313,6085.834473,29.90889168,49.83341599,54.39336395,90.62880707,108,070802060406
2711,F070802060406_209,4653.514369,92617.11836,22.8764286,5261.578613,4474.629395,41.17757034,446.0903625,7.320456982,1.143821478,22.8764286,0.002587076,567.5379028,175.9367523,0.000963669,13.33817005,26676.33984,9.870245934,3.76743E-05,9736.208008,29.90608025,55.33924866,533.074707,986.4199829,108,070802060406
2712,F070802060406_270,2717.675511,113628.5137,28.06624222,6455.23584,8326.119141,50.51923752,547.291748,8.981197357,1.403312087,28.06624222,0.003173988,696.2681885,215.8431396,0.00118225,36.63354874,73267.09375,27.10882568,0.000103473,14781.35547,29.90707016,68.48193359,238.1230316,545.2598877,108,070802060406
2713,F070802060406_287,1105.53352,48100.49375,11.88082218,2732.589111,2130.230713,21.38547897,231.6760254,3.801863194,0.594041109,11.88082218,0.001343592,294.7355957,91.36803436,0.000500456,45.09724426,90194.48438,33.37195969,0.000127379,4862.819824,29.9074955,53.222332,81.88278961,145.715744,108,070802060406
2714,F070802060406_292,2831.607631,87891.97067,21.70931625,4993.142578,4246.342285,39.07677078,423.331665,6.94698143,1.085465789,21.70931625,0.002455089,538.59552,166.9646149,0.000914525,89.36074829,178721.5,66.12695313,0.000252404,9239.484375,29.9053936,55.33797836,75.50843048,139.7234192,108,070802060406
2715,F070802060406_305,2434.670762,253406.4839,62.59140015,14396.02246,18568.36523,112.6645203,1220.532349,20.02924728,3.129570007,62.59140015,0.007078409,1766.424927,547.5917358,0.002999357,45.61450195,91229.00781,33.75473022,0.00012884,32964.38672,26.28969955,60.19883728,426.4890442,976.5856934,108,070802060406
2716,F070802060406_306,1849.560407,58492.17564,14.44756699,3322.94043,4238.915527,26.00562096,281.7275696,4.623221397,0.722378373,14.44756699,0.001633863,398.6734314,123.5887604,0.00067694,21.92084694,43841.69141,16.22142601,6.19165E-05,7561.855957,26.88707542,61.18562698,204.8488464,466.1646729,108,070802060406
2717,F070802060501_163,2237.379878,280077.3059,69.17909241,15911.19141,19620.57422,124.5223694,1348.99231,22.13731003,3.458954573,69.17909241,0.007823406,1716.26416,532.0418701,0.002914185,66.78256989,133565.1406,49.41910172,0.000188631,35531.76563,29.90590096,66.78377533,321.964386,718.9885254,108,070802060501
2718,F070802060501_179,2456.023833,299800.9863,74.05084229,17031.69336,21513.51563,133.2915192,1443.991455,23.69626999,3.702542067,74.05084229,0.008374348,1935.185791,599.9075928,0.00328591,98.32360077,196647.2031,72.75946808,0.00027772,38545.21094,28.39052773,64.25191498,234.0821533,529.762146,108,070802060501
2719,F070802060502_2,2594.147328,391360.8352,96.66613007,22233.20898,29080.48242,173.9990387,1884.989502,30.93316078,4.833306313,96.66613007,0.010931892,2856.521973,885.5217896,0.004850321,67.2620697,134524.1406,49.77393341,0.000189985,51313.69141,25.10746765,57.94740677,446.6837769,1030.935059,108,070802060502
2720,F070802060502_12,3769.721911,134027.9482,33.10490417,7614.12793,9281.290039,59.58882904,645.5456543,10.59356976,1.655245185,33.10490417,0.003743806,880.7598877,273.035553,0.001495514,52.12413406,104248.2656,38.57185745,0.000147227,16895.41797,27.88694763,61.87992096,197.401123,438.0244751,108,070802060502
2721,F070802060502_13,2028.317541,211212.6427,52.16952133,11998.99023,14796.32031,93.90513611,1017.305664,16.69424629,2.608476162,52.16952133,0.005899808,1387.95752,430.2668457,0.002356726,65.2978363,130595.6719,48.32040024,0.000184437,26795.31055,27.88732147,62.27602768,248.3214111,554.5341187,108,070802060502
2722,F070802060502_14,12887.16932,375070.2708,92.64235687,21307.74219,23557.09766,166.7562408,1806.526001,29.64555359,4.632117748,92.64235687,0.010476847,2421.053711,750.5266724,0.004110904,245.7380371,491476.0625,181.8461456,0.000694099,44864.83984,28.39038658,59.77780914,117.1745605,246.7186737,108,070802060502
2723,F070802060502_17,3271.462864,244738.3536,60.4503746,13903.58594,16159.5918,108.8106766,1178.782349,19.34412003,3.022518635,60.4503746,0.006836283,1499.698975,464.9066772,0.002546461,20.34215736,40684.31641,15.05319691,5.74574E-05,30063.17773,29.90618706,64.6649704,923.630127,1997.12915,108,070802060502
2724,F070802060502_30,3291.56784,268033.2254,66.20420837,15226.96777,20071.77148,119.167572,1290.982056,21.1853466,3.310210466,66.20420837,0.007486979,1642.455688,509.1612549,0.002788859,16.47768784,32955.375,12.19348907,4.6542E-05,35298.73828,29.90598297,69.32722473,1248.778564,2894.884033,108,070802060502
2725,F070802060502_33,1903.164212,139440.0811,34.44169998,7921.59082,10442.03418,61.99505997,671.6131592,11.02134418,1.722084999,34.44169998,0.003894983,854.4370117,264.8754883,0.001450818,28.136343,56272.68359,20.82089424,7.94725E-05,18363.625,29.906847,69.32926941,380.4635315,881.9805908,108,070802060502
2726,F070802060502_34,2499.223059,305846.6772,75.54412842,17375.15039,19948.18359,135.9794312,1473.110474,24.17412186,3.777206421,75.54412842,0.008543222,1874.143433,580.984436,0.003182261,137.4741364,274948.2813,101.7308578,0.000388302,37323.33594,29.90639496,64.241539,170.7952728,366.8831482,108,070802060502
2727,F070802060502_40,1269.719124,81804.49402,20.20570946,4647.312988,5269.647461,36.3702774,394.011322,6.465826988,1.010285497,20.20570946,0.002285047,557.564209,172.8449097,0.000946734,31.90269852,63805.39844,23.60799599,9.01107E-05,9916.960938,26.88718414,57.37490845,196.8533478,420.0678711,108,070802060502
2728,F070802060502_46,6737.032207,200467.9244,49.51557922,11388.58301,12752.24219,89.12804413,965.553772,15.84498501,2.475779057,49.51557922,0.005599676,1228.436401,380.8152771,0.002085862,91.81876373,183637.5313,67.9458847,0.000259347,24140.82422,29.90579414,63.39247894,167.6125488,355.2948608,108,070802060502
2729,F070802060502_47,7701.701475,339555.8247,83.87028503,19290.16602,23513.87305,150.966507,1635.470581,26.83849144,4.193514347,83.87028503,0.009484821,2080.705811,645.0187988,0.003533,116.9041595,233808.3281,86.50907898,0.000330201,42804.03906,29.90636253,66.36091614,222.9842987,494.79245,108,070802060502
2730,F070802060502_52,4348.718946,148064.0529,36.57181931,8411.518555,8345.69043,65.82927704,713.1504517,11.70298195,1.828590989,36.57181931,0.004135876,955.7426758,296.2802429,0.001622833,86.78198242,173563.9688,64.21866608,0.00024512,16757.20898,28.39041328,56.55864334,130.9824524,260.9398499,108,070802060502
2731,F070802060502_63,6481.320878,172923.4361,42.71208954,9823.780273,11417.7959,76.88175964,832.8857422,13.66786861,2.135604382,42.71208954,0.004830275,1059.654785,328.492981,0.001799274,91.85971069,183719.4219,67.97618866,0.000259462,21241.57617,29.9056015,64.66371155,144.5179596,312.4855347,108,070802060502
2732,F070802060502_64,2024.110287,157497.3784,38.90185165,8947.425781,11033.3457,70.02333069,758.5861206,12.44859219,1.945092559,38.90185165,0.004399378,965.1008911,299.1812744,0.001638723,57.42616272,114852.3203,42.49536133,0.000162203,19980.77148,29.90637016,66.78483582,210.5506439,470.1871033,108,070802060502
2733,F070802060502_69,1783.776223,149172.3668,36.84557343,8474.481445,10089.79297,66.32202911,718.4887085,11.79058361,1.842278719,36.84557343,0.004166835,914.1189575,283.3768921,0.001552157,11.5164175,23032.83594,8.522149086,3.25287E-05,18564.27344,29.90533638,65.51089478,994.4066162,2178.355957,108,070802060502
2734,F070802060502_75,2213.113638,226294.1283,55.89464951,12855.76953,16217.27148,100.6103668,1089.945679,17.88628769,2.794732571,55.89464951,0.006321079,1386.692871,429.8747864,0.002354579,36.30289078,72605.78125,26.86413956,0.000102539,29073.04102,29.90584755,67.63141632,478.5476074,1082.224854,108,070802060502
2735,F070802060502_76,3502.172503,369988.1207,91.38706207,21019.02344,19662.83984,164.4967041,1782.047729,29.24386024,4.569353104,91.38706207,0.010334887,2267.202393,702.8327637,0.003849668,125.2475052,250495.0156,92.68315125,0.000353768,40681.86328,29.90615273,57.88270569,226.7836456,438.934845,108,070802060502
2736,F070802060502_77,4509.730773,895555.4503,221.2021942,50876.50391,62016.25,398.1639404,4313.442871,70.78469849,11.06011009,221.2021942,0.025015572,5487.769531,1701.208496,0.009318131,206.8485718,413697.125,153.0679474,0.000584254,112892.75,29.9060955,66.36032867,332.3785706,737.5335693,108,070802060502
2737,F070802060502_94,2530.117054,90270.68975,22.29685974,5128.277832,6251.148438,40.13434601,434.7887573,7.134994984,1.114843011,22.29685974,0.002521533,553.1741333,171.4839783,0.000939279,30.97414017,61948.28125,22.92086411,8.7488E-05,11379.42578,29.9052887,66.35853577,223.7384186,496.4658203,108,070802060502
2738,F070802060502_100,3408.633038,618154.0918,152.6840668,35117.33594,45793.00391,274.8313293,2977.339355,48.85890198,7.634203434,152.6840668,0.017266914,4213.341309,1306.135864,0.007154176,82.64744568,165294.8906,61.15911102,0.000233442,80910.34375,26.88643456,61.94634628,574.1962891,1322.948364,108,070802060502
2739,F070802060502_102,3358.463705,623878.762,154.098053,35442.55078,40188.77344,277.3764954,3004.912109,49.31137848,7.704902649,154.098053,0.01742682,3823.000732,1185.130249,0.006491384,259.5997925,519199.5625,192.1038513,0.000733252,75631.32813,29.90603828,63.81689072,184.4968262,393.7002258,108,070802060502
2740,F070802060502_112,2678.927088,132877.2062,32.82067108,7548.754395,7917.657715,59.07720947,640.0031128,10.50261497,1.64103353,32.82067108,0.003711662,814.2663574,252.4225769,0.001382609,74.43528748,148870.5781,55.08211136,0.000210246,15466.41211,29.90522766,61.27190399,137.0454865,280.7882996,108,070802060502
2741,F070802060502_121,2338.917823,307599.6363,75.97711182,17474.73633,21796.3125,136.7588043,1481.553711,24.31267548,3.798855543,75.97711182,0.008592188,1884.913696,584.3232422,0.003200548,82.87140656,165742.8125,61.32484055,0.000234074,39271.04688,29.90594101,67.20774078,284.9536438,640.3775024,108,070802060502
2742,F070802060502_123,3774.08735,135468.9545,33.46083069,7695.991211,8835.660156,60.229496,652.4862061,10.70746613,1.673041582,33.46083069,0.003784057,996.5471191,308.9295959,0.001692118,73.96318817,147926.375,54.73275757,0.000208913,16531.65234,24.91179657,53.51268387,140.6103363,302.0431213,108,070802060502
2743,F070802060502_130,4300.605629,148455.0152,36.66838837,8433.729492,9204.498047,66.00309753,715.0335693,11.73388386,1.833419442,36.66838837,0.004146798,1011.848267,313.6729736,0.0017181,85.40317535,170806.3438,63.198349,0.000241225,17638.22656,26.88701439,56.23125839,133.4485779,279.0931396,108,070802060502
2744,F070802060502_131,3805.316457,140832.6348,34.78565979,8000.70166,8505.09375,62.61418915,678.3203735,11.13141155,1.739282966,34.78565979,0.003933881,959.9231567,297.5761719,0.001629932,82.91683197,165833.6719,61.35845566,0.000234203,16505.79492,26.88623047,55.46746063,130.392807,269.0060425,108,070802060502
2745,F070802060502_157,2461.379318,308931.4621,76.30606842,17550.39648,19900.62305,137.3509216,1487.968384,24.41794205,3.815303326,76.30606842,0.00862939,1893.064453,586.8499756,0.003214388,68.21781158,136435.625,50.4811821,0.000192685,37451.01953,29.90610504,63.81702423,347.6621399,741.8807983,108,070802060502
2746,F070802060502_166,6107.109969,257762.8516,63.66742325,14643.50781,17434.6875,114.6013641,1241.514771,20.37357521,3.183371067,63.66742325,0.007200096,1579.517456,489.6504211,0.002681991,120.2611771,240522.3594,88.99327087,0.000339684,32078.19531,29.90604591,65.51244354,164.5462341,360.4564209,108,070802060502
2747,F070802060502_167,2306.968378,299064.8815,73.86902618,16989.87695,20709.91992,132.9642487,1440.446045,23.63808823,3.693451405,73.86902618,0.008353787,1832.619507,568.1120605,0.003111754,118.8281021,237656.2031,87.93279266,0.000335636,37699.79688,29.90585518,66.35978699,193.2143402,428.7342224,108,070802060502
2748,F070802060502_170,3216.35981,571140.3235,141.0716553,32446.48047,39090.95703,253.9289856,2750.897217,45.14292908,7.053582668,141.0716553,0.015953677,3753.151855,1163.477051,0.006372782,113.7084656,227416.9219,84.14426422,0.000321175,71537.4375,27.88751221,61.48590469,385.6053772,850.1760254,108,070802060502
2749,F070802060502_171,2140.04753,251505.9879,62.12197876,14288.05469,17619.0332,111.8195648,1211.37854,19.87903404,3.10609889,62.12197876,0.007025323,1541.186401,477.7677917,0.002616906,86.46626282,172932.5313,63.98503494,0.000244228,31907.08789,29.90585518,66.78367615,223.3030701,498.664856,108,070802060502
2750,F070802060502_178,4478.177116,384128.8855,94.87983704,21822.36328,25672.58398,170.7837067,1850.15686,30.36154747,4.743991852,94.87983704,0.010729882,2677.615234,830.06073,0.004546541,123.3990021,246798,91.31526184,0.000348546,47494.94531,26.29008102,57.21863937,238.9782715,520.1205444,108,070802060502
2751,F070802060502_180,5054.215336,218092.5788,53.86886597,12389.83887,12819.71387,96.96395874,1050.442871,17.23803711,2.693443298,53.86886597,0.006091985,1336.424194,414.2915039,0.002269224,141.1219788,282243.9375,104.4302673,0.000398606,25209.55273,29.90608978,60.84979248,118.6422195,241.4008179,108,070802060502
2752,F070802060502_181,5623.727039,187769.1006,46.37896729,10667.16211,11037.2666,83.48213959,904.3898926,14.84126949,2.318948269,46.37896729,0.005244959,1150.621826,356.6927795,0.001953735,117.4145966,234829.1875,86.88680267,0.000331643,21704.42969,29.90574074,60.84908676,122.7707977,249.8012238,108,070802060502
2753,F070802060502_290,2638.154511,312748.5226,77.24888611,17767.24414,21153.83594,139.0479889,1506.353271,24.71964264,3.862444401,77.24888611,0.008736013,1916.446411,594.0983887,0.00325409,23.52659798,47053.19531,17.40968323,6.6452E-05,38921.07813,29.90623093,65.5128479,1020.538025,2235.599365,108,070802060502
2754,F070802060502_292,4191.087331,118138.8517,29.18029594,6711.468262,8085.862305,52.52453232,569.0157471,9.337695122,1.459014773,29.18029594,0.003299975,723.9086914,224.4116974,0.001229184,24.97874069,49957.48047,18.48426819,7.05537E-05,14797.33008,29.90694427,65.93831635,363.0908203,800.536438,108,070802060502
2755,F070802060502_293,947.0922376,25720.49423,6.352962017,1461.181274,1781.116455,11.43533134,123.8827591,2.032947779,0.317648113,6.352962017,0.000718451,157.606308,48.85795593,0.000267613,8.076067924,16152.13574,5.976290226,2.28112E-05,3242.297852,29.90672112,66.36171722,244.4963684,542.5268555,108,070802060502
2756,F070802060502_308,2683.712045,280748.5295,69.34488678,15949.32422,21250.04688,124.8207932,1352.225342,22.19036293,3.467244387,69.34488678,0.007842155,1720.373047,533.3156738,0.002921162,43.60954666,87219.09375,32.27106476,0.000123177,37199.37109,29.90597343,69.75112915,494.2298584,1152.715942,108,070802060502
2757,F070802060502_311,1877.605188,182624.9621,45.10836411,10374.92383,13823.00684,81.1950531,879.6130981,14.43467617,2.255418301,45.10836411,0.005101267,1119.085327,346.9164429,0.001900186,27.09092522,54181.85156,20.04728508,7.65196E-05,24197.92969,29.90611649,69.75146484,517.522644,1207.042725,108,070802060502
2758,F070802060502_313,2570.354398,187421.5781,46.29312897,10647.41992,13884.23535,83.32762909,902.7160034,14.81380081,2.314656496,46.29312897,0.005235252,1148.483643,356.0299377,0.001950104,23.27820969,46556.42188,17.22587585,6.57504E-05,24531.65625,29.90596771,68.90335083,618.1061401,1424.116577,108,070802060502
2759,F070802060502_314,6000.920529,172214.5095,42.53698349,9783.505859,11093.64453,76.5665741,829.4711914,13.61183453,2.126849174,42.53698349,0.004810472,1055.282104,327.1374512,0.001791849,16.87481689,33749.63281,12.48736477,4.76637E-05,20877.15039,29.9064064,63.81767273,783.4724121,1671.861938,108,070802060502
2760,F070802060502_323,1719.031706,188200.4767,46.48551941,10691.66992,13941.93652,83.67393494,906.4676514,14.87536621,2.32427597,46.48551941,0.005257009,1214.830322,376.5974121,0.002062759,64.77292633,129545.8516,47.93196487,0.000182954,24633.60547,28.3901844,65.41098022,223.0592804,513.9285278,108,070802060502
2761,F070802060502_325,2382.585664,314889.2431,77.7776413,17888.85742,24594.8457,139.9997559,1516.664063,24.88884544,3.88888216,77.7776413,0.008795809,2069.22876,641.4609375,0.003513512,40.66215897,81324.32031,30.08999825,0.000114852,42483.70313,27.88768005,66.22960663,594.5117188,1411.887817,108,070802060502
2762,F070802060502_344,5877.886463,272594.334,67.33080292,15486.08496,19315.86328,121.1954422,1312.950684,21.54585648,3.366540194,67.33080292,0.007614384,1670.416016,517.8289795,0.002836335,103.8665695,207733.125,76.86125946,0.000293376,34801.94922,29.90579033,67.20742035,201.4810181,452.7892151,108,070802060502
2763,F070802060502_348,6255.825068,270220.1741,66.74438477,15351.20898,17406.9375,120.1398926,1301.515503,21.35820389,3.337219238,66.74438477,0.007548067,1841.828979,570.96698,0.003127391,21.63492012,43269.84375,16.00984001,6.11089E-05,32758.14648,26.88633347,57.37310028,958.8608398,2046.125732,108,070802060502
2764,F070802060502_349,5433.142431,287531.6979,71.02033234,16334.67676,19679.73438,127.8366013,1384.896484,22.72650719,3.551016569,71.02033234,0.00803163,1959.797119,607.5371094,0.003327699,23.73843193,47476.86328,17.56644058,6.70504E-05,36014.41016,26.88671494,59.27935791,929.8796997,2050.182617,108,070802060502
2765,F070802060502_350,2373.478232,311759.2109,77.00452423,17711.04102,21588.98633,138.608139,1501.588257,24.64144707,3.850226164,77.00452423,0.008708377,2048.688477,635.0934448,0.003478635,21.76894569,43537.89063,16.10902023,6.14874E-05,39300.02734,27.88729858,61.88069916,1099.44873,2439.628662,108,070802060502
2766,F070802060502_351,3181.486984,220320.0647,54.41905594,12516.38281,15611.73633,97.95429993,1061.171631,17.41409874,2.720952749,54.41905594,0.006154206,1350.072876,418.522583,0.002292399,16.16700363,32334.00586,11.96358299,4.56645E-05,28128.11914,29.90611076,67.20812988,1046.206909,2351.14502,108,070802060502
2767,F070802060502_355,2382.928869,276500.6435,68.29566193,15708.00195,20483.23438,122.9321899,1331.765381,21.85461235,3.414783001,68.29566193,0.0077235,1694.357178,525.2507324,0.002876987,18.37638283,36752.76563,13.59852314,5.1905E-05,36191.23438,29.90572166,68.90277863,1155.12561,2661.40918,108,070802060502
2768,F070802060502_356,10002.36081,501051.6865,123.7597656,28464.74609,33486.91797,222.7675781,2413.31543,39.60312653,6.187988281,123.7597656,0.013995889,3070.320557,951.7993774,0.005213347,262.5878296,525175.625,194.3149872,0.000741692,61951.66406,29.90624619,65.08899689,146.4876556,318.8208313,108,070802060502
2769,F070802060502_363,3467.396489,381688.428,94.27703857,21683.71875,25816.82422,169.6986694,1838.402222,30.16865158,4.713851929,94.27703857,0.010661712,2338.884766,725.0542603,0.003971383,33.46197891,66923.96094,24.76186371,9.4515E-05,47500.54297,29.90633965,65.51308441,875.6900635,1918.294312,108,070802060502
2770,F070802060502_364,1761.983085,190345.4814,47.01533508,10813.52734,11837.1377,84.62760162,916.7990112,15.04490757,2.350766659,47.01533508,0.005316925,1166.404785,361.5854797,0.001980534,11.97987938,23959.75977,8.865110397,3.38377E-05,22650.66406,29.90586662,62.64262772,1219.78479,2555.034668,108,070802060502
2771,F070802060502_367,1567.067525,137780.007,34.03166199,7827.282227,9763.001953,61.25699234,663.6174316,10.89013195,1.701583147,34.03166199,0.003848612,844.3005981,261.7331848,0.001433607,7.506015301,15012.03125,5.554451466,2.12011E-05,17590.28516,29.90557861,67.20693207,1409.190918,3166.880615,108,070802060502
2772,F070802060502_373,2368.089826,314808.3946,77.75767517,17884.26563,23321.08008,139.9638214,1516.274658,24.88245583,3.887883663,77.75767517,0.008793551,2194.43457,680.2747192,0.003726109,61.04689026,122093.7813,45.17469788,0.00017243,41205.34375,26.28977013,60.57162476,395.8912048,912.1332397,108,070802060502
2773,F070802060502_376,2360.853948,308296.6262,76.1492691,17514.33203,22838.68359,137.0686798,1484.910767,24.36776543,3.807463408,76.1492691,0.008611658,1990.050903,616.9157715,0.00337907,63.02451324,126049.0234,46.63814163,0.000178016,40353.01563,28.39015198,65.4108963,375.5366516,865.2363281,108,070802060502
2774,F070802060502_390,3695.270391,410699.05,101.4426651,23331.8125,30424.68359,182.5968018,1978.131958,32.46165466,5.072133064,101.4426651,0.011472067,2516.687744,780.1732178,0.004273289,101.9702606,203940.5156,75.45799255,0.00028802,53756.49609,29.9059391,68.90328217,309.2026672,712.4029541,108,070802060502
2775,F070802060502_392,2479.651093,324730.0117,80.20831299,18447.91211,24317.55664,144.3749695,1564.062134,25.66666031,4.010415554,80.20831299,0.009070692,1989.85022,616.8535767,0.003378729,58.33284378,116665.6875,43.16630554,0.000164764,42765.46875,29.90646935,69.32839203,427.3683472,990.7141113,108,070802060502
2776,F070802060502_393,3912.22718,575028.6246,142.032074,32667.37695,39820.11719,255.6577301,2769.625488,45.45026398,7.101603508,142.032074,0.016062289,3523.656738,1092.333618,0.005983104,93.36850739,186737.0156,69.09269714,0.000263724,72487.49219,29.90604401,66.36021423,472.8050537,1049.133911,108,070802060502
2777,F070802060502_394,2967.033228,376944.1598,93.10520935,21414.19727,27924.11523,167.5893707,1815.551636,29.79366684,4.655260563,93.10520935,0.01052919,2309.816895,716.0432129,0.003922026,92.26065063,184521.3125,68.27288055,0.000260595,49338.3125,29.90629196,68.90409851,313.6559753,722.6633911,108,070802060502
2778,F070802060502_416,2018.774831,160944.9483,39.75340271,9143.282227,12441.22363,71.55612183,775.1913452,12.72108841,1.987670183,39.75340271,0.004495679,1038.885864,322.0546265,0.001764009,22.09026337,44180.52734,16.34679413,6.2395E-05,21584.50586,28.3904705,67.02125549,559.3318481,1320.412109,108,070802060502
2779,F070802060502_417,2010.037055,157562.0992,38.91783905,8951.102539,11925.98242,70.05210876,758.8978882,12.45370865,1.945891976,38.91783905,0.004401186,965.5200806,299.3112183,0.001639435,26.53966522,53079.32813,19.6393528,7.49626E-05,20877.08594,29.90567017,69.75042725,455.7738037,1063.023071,108,070802060502
2780,F070802060502_418,969.5626043,50301.66352,12.42451096,2857.637451,3928.87915,22.36412048,242.2779694,3.97584343,0.621225536,12.42451096,0.001405078,308.169281,95.53247833,0.000523266,,,,,6786.516602,29.91273308,71.03884125,,,108,070802060502
2781,F070802060502_509,2316.336178,306059.4033,75.59667206,17387.23438,22919.39648,136.0740051,1474.135132,24.19093513,3.779833555,75.59667206,0.008549165,1875.462891,581.3934937,0.003184501,44.31703186,88634.0625,32.79460526,0.000125176,40306.63281,29.90613937,69.32762909,530.185791,1229.062866,108,070802060502
2782,F070802060502_513,2364.625921,152358.1705,37.63246918,8655.467773,10550.63867,67.73844147,733.8331299,12.04238987,1.881623507,37.63246918,0.004255825,933.6404419,289.4285278,0.001585304,55.8132019,111626.3984,41.30176926,0.000157647,19206.10547,29.90537262,66.35871887,209.5665131,465.0189514,108,070802060502
2783,F070802060502_516,1814.713099,179919.9926,44.44023895,10221.25488,13473.39258,79.99243164,866.5846558,14.22087669,2.222012043,44.44023895,0.00502571,1102.487915,341.7712402,0.001872004,52.75964355,105519.2891,39.04213715,0.000149022,23694.64844,29.90671349,69.32897186,261.8005981,606.899353,108,070802060502
2784,F070802060502_523,2354.706041,306975.9086,75.82305145,17439.30273,21999.30078,136.4814911,1478.549561,24.26337624,3.791152477,75.82305145,0.008574766,1881.098755,583.140625,0.003194071,17.78321457,35566.42969,13.15957832,5.02295E-05,39438.60156,29.90582657,67.63137054,1325.217407,2996.950195,108,070802060502
2785,F070802060502_524,2026.218418,162777.2105,40.20597076,9247.373047,12058.5752,72.37075043,784.0164185,12.86591053,2.010298491,40.20597076,0.00454686,997.482666,309.219635,0.001693707,41.51758575,83035.17188,30.72301292,0.000117268,21305.94922,29.90551758,68.90231323,300.9917297,693.4850464,108,070802060502
2786,F070802060502_526,1935.635572,139623.1464,34.48691559,7931.990723,9893.606445,62.07644653,672.494873,11.03581333,1.724345803,34.48691559,0.003900097,855.5429077,265.2182922,0.001452696,40.82000351,81640.00781,30.20680237,0.000115298,17825.59766,29.90740395,67.21104431,262.5895386,590.1186523,108,070802060502
2787,F070802060502_540,2764.956265,336866.0418,83.20590973,19137.35938,25226.36914,149.7706299,1622.515259,26.62589073,4.160295486,83.20590973,0.009409687,2064.233887,639.9124756,0.003505031,48.03713226,96074.26563,35.54747772,0.000135683,44363.72656,29.90621376,69.32780457,538.3605347,1248.013306,108,070802060502
2788,F070802060502_565,4541.315529,128673.7965,31.78242683,7309.958008,8185.245605,57.20836639,619.7573242,10.17037678,1.589121342,31.78242683,0.003594248,788.5027466,244.4358521,0.001338863,77.71708679,155434.1719,57.51064301,0.000219516,15495.20313,29.90542412,63.39169693,127.1061783,269.4319153,108,070802060502
2789,F070802060502_566,2542.485618,309720.5727,76.50098419,17595.22656,22445.38672,137.701767,1491.769165,24.48031425,3.825049162,76.50098419,0.008651433,1897.885254,588.3444214,0.003222574,40.59340668,81186.8125,30.03912163,0.000114658,40040.61328,29.90633774,68.05641937,585.7437134,1332.948853,108,070802060502
2790,F070802060502_574,2465.534586,316855.0593,78.26319885,18000.53516,21686.73438,140.873764,1526.132324,25.04422379,3.913159847,78.26319885,0.00885072,1941.611084,601.8994141,0.00329682,89.17639923,178352.7969,65.99053192,0.000251883,39687.26953,29.90621758,65.93671417,272.7745056,601.4085693,108,070802060502
2791,F070802060502_577,2407.736674,324311.4907,80.10493469,18424.13477,23502.79102,144.1888885,1562.046265,25.63357925,4.005246639,80.10493469,0.009059,1987.328979,616.0719604,0.003374448,53.20346069,106406.9219,39.37055969,0.000150276,41926.92578,29.90581703,68.05524445,467.9673157,1064.930908,108,070802060502
2792,F070802060502_595,1983.61835,173386.2994,42.82641602,9850.076172,12146.42773,77.0875473,835.1151123,13.70445347,2.141320705,42.82641602,0.004843204,1062.490967,329.3721924,0.00180409,25.64989471,51299.78906,18.9809227,7.24494E-05,21996.50391,29.90560913,66.78312683,518.946106,1158.874268,108,070802060502
2793,F070802060502_597,880.1855945,47633.97227,11.76559162,2706.086182,3260.244873,21.17806435,229.4290314,3.764989376,0.588279605,11.76559162,0.001330561,291.8737793,90.48087311,0.000495596,18.08576775,36171.53516,13.38346767,5.10841E-05,5966.331055,29.90782547,65.94024658,202.1961975,445.798584,108,070802060502
2794,F070802060502_605,2399.150249,305279.0293,75.40392303,17342.90234,23352.5957,135.727066,1470.376465,24.12925529,3.770196199,75.40392303,0.008527366,1870.669189,579.9074707,0.003176362,56.90830994,113816.6172,42.11214828,0.00016074,40695.5,29.90632629,70.17584991,411.8265991,966.3601074,108,070802060502
2795,F070802060502_608,6778.885934,239317.6763,59.11146545,13595.63672,17343.30469,106.4006348,1152.673584,18.91566849,2.95557332,59.11146545,0.006684866,1466.501343,454.6154175,0.002490092,12.45003986,24900.08008,9.213029861,3.51657E-05,30938.94141,29.90579796,68.05519867,1475.696533,3358.172363,108,070802060502
2796,F070802060502_613,6781.303553,256262.5829,63.29685974,14558.27734,16920.51563,113.9343491,1234.288818,20.25499535,3.164843082,63.29685974,0.007158189,1684.011353,522.0435181,0.00285942,142.5700531,285140.125,105.5018387,0.000402696,31478.79297,27.8870945,60.29917526,137.9907379,298.3719788,108,070802060502
2797,F070802060503_1,1045.671902,63695.40675,15.7327652,3618.535889,3795.372559,28.31897736,306.7889099,5.034484863,0.78663826,15.7327652,0.001779205,411.1491394,127.4562302,0.000698124,24.67224312,49344.48438,18.25745964,6.96879E-05,7413.908203,28.39041901,58.16827011,198.194931,406.0755615,108,070802060503
2798,F070802060503_12,1355.973264,109473.1681,27.03987312,6219.170898,7580.898438,48.671772,527.2775269,8.652759552,1.35199368,27.03987312,0.003057917,763.0942383,236.5592194,0.00129572,16.42508125,32850.16016,12.15456009,4.63934E-05,13800.06934,26.29012299,58.33663559,511.6738892,1135.38208,108,070802060503
2799,F070802060503_16,1179.048763,47875.95463,11.82536125,2719.833008,2659.99707,21.28565025,230.5945435,3.784115553,0.591268063,11.82536125,0.00133732,309.0314941,95.79976654,0.00052473,15.36924839,30738.49609,11.37324333,4.34112E-05,5379.830078,28.39081001,56.1570282,239.1431274,473.0251465,108,070802060503
2800,F070802060503_17,1085.588819,52239.93162,12.90326309,2967.750488,2734.200928,23.22587395,251.6136322,4.129044056,0.645163178,12.90326309,0.001459219,364.1465759,112.885437,0.000618314,25.55468369,51109.36719,18.91046524,7.21804E-05,5701.951172,26.28993225,50.51095581,156.9369354,301.5235901,108,070802060503
2801,F070802060503_18,2333.45341,306717.7893,75.7592926,17424.63672,16300.36914,136.3667297,1477.306152,24.24297333,3.787964582,75.7592926,0.008567555,1879.486694,582.6408691,0.003191333,105.3051376,210610.2813,77.92580414,0.000297439,33725.00781,29.90630722,57.88301086,223.605484,432.7835693,108,070802060503
2802,F070802060503_49,4235.286128,1063988.37,262.8051147,60445.17578,76250.28125,473.0491943,5124.699707,84.09763336,13.14025593,262.8051147,0.029720411,6519.900391,2021.169067,0.01107067,66.27819061,132556.375,49.04586029,0.000187206,136695.4531,29.90604591,67.63187408,1232.421509,2787.094727,108,070802060503
2803,F070802060503_50,3934.311687,524160.9188,129.4677429,29777.58008,34609.3125,233.0419312,2524.621094,41.42967606,6.473387241,129.4677429,0.014641399,3211.943848,995.7025757,0.005453821,36.04843903,72096.875,26.67584419,0.000101821,64386.89063,29.90609932,64.66477966,1116.275024,2413.677734,108,070802060503
2804,F070802060503_51,1894.638462,131936.2043,32.58824158,7495.29541,8923.964844,58.65883636,635.4707031,10.42823696,1.629412055,32.58824158,0.003685377,808.4608154,250.6228485,0.001372751,7.809103012,15618.20605,5.778736115,2.20572E-05,16419.25977,29.90667152,65.51381683,1297.047485,2841.32373,108,070802060503
2805,F070802060503_58,1592.421975,158554.9812,39.16308212,9007.508789,11107.43359,70.49354553,763.6801147,12.53218651,1.958154082,39.16308212,0.00442892,971.5687256,301.1863098,0.001649706,21.91635704,43832.71484,16.21810341,6.19038E-05,20114.94141,29.90676689,66.7857132,555.3983765,1240.2771,108,070802060503
2806,F070802060503_69,2256.945906,229935.2085,56.7939949,13062.61914,15737.61816,102.229187,1107.48291,18.17407799,2.839699745,56.7939949,0.006422786,1409.016235,436.7950439,0.002392483,33.78258896,67565.17969,24.99911499,9.54206E-05,28800.23828,29.90560341,65.93535614,522.5232544,1152.050293,108,070802060503
2807,F070802060503_72,1570.561776,157828.9759,38.98375702,8966.263672,11564.92285,70.17076111,760.1832886,12.47480202,1.949187875,38.98375702,0.004408641,967.1452637,299.815033,0.001642195,42.73420334,85468.40625,31.62331009,0.000120705,20531.1875,29.90598488,68.47951508,283.5333557,649.2421875,108,070802060503
2808,F070802060503_88,938.9283449,47070.43057,11.62639618,2674.071045,2577.339844,20.92751312,226.7147217,3.720446825,0.581319809,11.62639618,0.001314819,288.4463196,89.41835785,0.000489776,23.19855118,46397.10156,17.16692734,6.55254E-05,5251.411133,29.90516853,58.72855759,155.7687683,305.9028015,108,070802060503
2809,F070802060503_93,1963.550459,195255.1069,48.22801208,11092.44238,13835.65332,86.8104248,940.446228,15.43296432,2.411400557,48.22801208,0.005454066,1196.471558,370.906189,0.002031587,28.39370346,56787.40625,21.01134109,8.01994E-05,24928.0957,29.9063282,67.20862579,527.9264526,1186.411499,108,070802060503
2810,F070802060503_101,2361.046626,316312.834,78.12927246,17969.73242,22923.12695,140.6326904,1523.520752,25.00136757,3.906463623,78.12927246,0.008835575,2155.977295,668.3529663,0.003660809,18.25805092,36516.10156,13.51095772,5.15707E-05,40892.85938,26.88659096,61.18452454,1330.011719,3026.644043,108,070802060503
2811,F070802060503_112,3237.688736,232809.4274,57.50392914,13225.90332,14809.56152,103.5070724,1121.32666,18.40125656,2.875196457,57.50392914,0.006503072,1502.783325,465.8628235,0.002551698,73.06290436,146125.8125,54.06654739,0.00020637,28035.46484,28.39012337,60.17965698,244.6226654,518.5362549,108,070802060503
2812,F070802060503_116,1567.712044,144081.3125,35.58808517,8185.259766,8701.286133,64.0585556,693.9676514,11.38818741,1.779404283,35.58808517,0.004024627,882.8875122,273.6951294,0.001499127,23.72062302,47441.24609,17.5532608,6.7E-05,16886.54688,29.90648651,61.69838333,466.3099365,962.0176392,108,070802060503
2813,F070802060503_117,1923.003993,199968.5442,49.39223099,11360.21289,13203.53125,88.90601349,963.1484985,15.80551434,2.469611645,49.39223099,0.005585726,1362.977661,422.5230713,0.002314311,32.1594696,64318.94141,23.79800797,9.0836E-05,24563.74414,26.88661003,58.13586426,477.3598328,1032.176514,108,070802060503
2814,F070802060503_139,3333.775515,287657.7383,71.05146027,16341.83594,19688.36133,127.8926315,1385.503418,22.73646736,3.552572966,71.05146027,0.00803515,1762.688721,546.4335327,0.002993013,79.98100281,159962,59.1859436,0.00022591,36030.19531,29.90635681,65.93701172,276.1100769,608.7626953,108,070802060503
2815,F070802060503_163,2351.850428,306335.661,75.66490936,17402.92969,20473.41211,136.1968384,1475.465698,24.21277046,3.783245564,75.66490936,0.008556882,1877.175171,581.9243164,0.003187409,62.88557816,125771.1563,46.53532791,0.000177623,37876.34375,29.90583038,65.08808899,373.9724426,813.9266357,108,070802060503
2816,F070802060503_168,3475.04261,288827.4747,71.34038544,16408.28906,18373.00391,128.4126892,1391.137573,22.82892418,3.567019224,71.34038544,0.008067825,1769.848511,548.6530151,0.00300517,57.18347549,114366.9531,42.31577301,0.000161518,34781.29297,29.90649605,63.39397049,387.7582397,821.9462891,108,070802060503
2817,F070802060503_172,1694.167315,107326.5617,26.50966072,6097.222168,6827.29834,47.71738815,516.9383545,8.483091354,1.325483084,26.50966072,0.002997956,657.6906738,203.8841095,0.001116747,13.8073864,27614.77344,10.21746635,3.89996E-05,12924.52051,29.90533257,63.3915062,596.7449951,1264.943726,108,070802060503
2818,F070802060503_173,3129.220785,453342.2891,111.9755478,25754.37695,29203.2207,201.5559845,2183.523193,35.83217621,5.598777294,111.9755478,0.012663221,2777.975586,861.1724243,0.004716951,57.77388763,115547.7734,42.75267792,0.000163185,54957.59766,29.90617943,63.81718063,602.4038086,1285.477295,108,070802060503
2819,F070802060503_176,1522.105312,146568.5998,36.20244598,8326.5625,9677.638672,65.16440582,705.9476929,11.5847826,1.810122252,36.20244598,0.004094104,1069.800903,331.6382751,0.001816502,21.40945435,42818.90625,15.8429966,6.0472E-05,18004.20117,25.10736275,54.28866959,525.5673828,1136.413818,108,070802060503
2820,F070802060503_205,1589.81478,158316.1258,39.10408401,8993.939453,11218.18066,70.38735199,762.5296631,12.51330662,1.955204248,39.10408401,0.004422248,970.1403809,300.7435303,0.00164728,24.34052658,48681.05078,18.01198959,6.8751E-05,20212.12109,29.9056797,67.20716858,499.330719,1122.148193,108,070802060503
2821,F070802060503_211,1592.484518,94420.49288,23.32186127,5364.02832,6006.3125,41.97935104,454.7763062,7.462995529,1.166093111,23.32186127,0.00263745,689.1696777,213.6425934,0.001170197,14.56438446,29128.76758,10.77764416,4.11378E-05,11370.34082,25.10748482,53.22132111,497.6995239,1054.993164,108,070802060503
2822,F070802060503_212,2049.68856,235951.6751,58.28006363,13404.41504,14799.08203,104.9041138,1136.461182,18.64962006,2.914003134,58.28006363,0.006590844,1722.197754,533.8812866,0.00292426,29.74847412,59496.94922,22.01387024,8.4026E-05,28203.49609,25.10748291,52.82727814,608.9077148,1281.169312,108,070802060503
2823,F070802060503_226,1259.722785,47843.50307,11.81734562,2717.989502,2581.144043,21.27122116,230.4382324,3.781550646,0.590867281,11.81734562,0.001336414,293.1787109,90.88539886,0.000497812,18.02361107,36047.21875,13.33747196,5.09086E-05,5299.133789,29.9056778,58.30566788,203.785965,397.3117065,108,070802060503
2824,F070802060503_248,2170.606257,274758.995,67.86547089,15609.05859,20575.45508,122.1578445,1323.376709,21.71695137,3.393273592,67.86547089,0.00767485,1872.742676,580.5502319,0.003179882,36.47767258,72955.35156,26.99347687,0.000103033,36184.51563,26.88666344,62.3279686,578.2529907,1340.491089,108,070802060503
2825,F070802060503_258,1297.45563,102803.605,25.39249039,5840.272949,7367.376953,45.70648193,495.1535645,8.125597,1.269624472,25.39249039,0.002871616,629.9727783,195.2915649,0.001069682,15.36016464,30720.32813,11.36652184,4.33855E-05,13207.65039,29.90540314,67.63041687,513.8135376,1161.978149,108,070802060503
2826,F070802060503_260,2049.551553,223882.3392,55.29893875,12718.75586,14782.51172,99.53808594,1078.329346,17.69565964,2.764946938,55.29893875,0.006253711,1371.885498,425.2845154,0.002329436,48.46121597,96922.4375,35.86130142,0.000136881,27501.26758,29.90646362,64.66557312,354.6651917,766.8786621,108,070802060503
2827,F070802060503_270,1615.063622,163020.1056,40.26596451,9261.171875,10895.1709,72.47873688,785.1862793,12.88510895,2.013298273,40.26596451,0.004553644,998.9713135,309.6811218,0.001696235,32.57316589,65146.33594,24.10414314,9.20045E-05,20156.34375,29.90550995,65.0874176,384.2149353,836.2190552,108,070802060503
2828,F070802060503_271,2380.210466,309365.5021,76.41327667,17575.05273,21672.33008,137.5438995,1490.058838,24.45224762,3.820663929,76.41327667,0.008641514,1895.74707,587.6815796,0.003218943,38.69784927,77395.69531,28.63640785,0.000109304,39247.38281,29.90574074,66.78341675,613.7310791,1370.541382,108,070802060503
2829,F070802060503_277,2517.488535,286611.9316,70.79314423,16282.42285,19155.20898,127.4276581,1380.466309,22.65380669,3.539657116,70.79314423,0.008005938,1756.313965,544.4573364,0.002982188,18.2685585,36537.11719,13.51873302,5.16004E-05,35437.63281,29.9057827,65.08798981,1204.434082,2621.372314,108,070802060503
2830,F070802060503_284,1820.312882,202861.6905,50.10683823,11524.57324,15028.04297,90.19230652,977.083374,16.03418732,2.505342007,50.10683823,0.00566654,1243.108154,385.3635254,0.002110775,25.95832062,51916.64063,19.20915794,7.33205E-05,26552.61719,29.90571976,68.90277863,599.9520264,1382.289551,108,070802060503
